ISO-10303-21;
HEADER;
FILE_DESCRIPTION (( 'STEP AP214' ),
    '1' );
FILE_NAME ('EA DOGM163W-A.STEP',
    '2022-10-28T20:07:19',
    ( '' ),
    ( '' ),
    'SwSTEP 2.0',
    'SolidWorks 2017',
    '' );
FILE_SCHEMA (( 'AUTOMOTIVE_DESIGN' ));
ENDSEC;

DATA;
#1 = CARTESIAN_POINT ( 'NONE',  ( -13.46999999999999700, 0.2000000000000000100, -13.81999999999999900 ) ) ;
#2 = ORIENTED_EDGE ( 'NONE', *, *, #6239, .T. ) ;
#3 = FACE_OUTER_BOUND ( 'NONE', #972, .T. ) ;
#4 = VECTOR ( 'NONE', #3621, 1000.000000000000000 ) ;
#5 = CARTESIAN_POINT ( 'NONE',  ( 16.76000000000000500, 1.300000000000000000, -14.12000000000000300 ) ) ;
#6 = EDGE_CURVE ( 'NONE', #343, #5806, #7429, .T. ) ;
#7 = DIRECTION ( 'NONE',  ( 0.0000000000000000000, 0.0000000000000000000, 1.000000000000000000 ) ) ;
#8 = LINE ( 'NONE', #1961, #653 ) ;
#9 = CARTESIAN_POINT ( 'NONE',  ( 19.55000000000000400, 1.000000000000000000, -13.52000000000000300 ) ) ;
#10 = EDGE_CURVE ( 'NONE', #3085, #6222, #9434, .T. ) ;
#11 = FILL_AREA_STYLE ('',( #6295 ) ) ;
#12 = VECTOR ( 'NONE', #4283, 1000.000000000000000 ) ;
#13 = EDGE_LOOP ( 'NONE', ( #1856, #6876, #7342, #8133 ) ) ;
#14 = CARTESIAN_POINT ( 'NONE',  ( 1.020000000000003600, 0.2000000000000000100, -13.81999999999999900 ) ) ;
#15 = LINE ( 'NONE', #1103, #8654 ) ;
#16 = EDGE_CURVE ( 'NONE', #7333, #7247, #5103, .T. ) ;
#17 = FACE_OUTER_BOUND ( 'NONE', #3586, .T. ) ;
#18 = VECTOR ( 'NONE', #5265, 1000.000000000000000 ) ;
#19 = PLANE ( 'NONE',  #2069 ) ;
#20 =( GEOMETRIC_REPRESENTATION_CONTEXT ( 3 ) GLOBAL_UNCERTAINTY_ASSIGNED_CONTEXT ( ( #2244 ) ) GLOBAL_UNIT_ASSIGNED_CONTEXT ( ( #3602, #7430, #9119 ) ) REPRESENTATION_CONTEXT ( 'NONE', 'WORKASPACE' ) );
#21 = VECTOR ( 'NONE', #3234, 1000.000000000000000 ) ;
#22 = EDGE_CURVE ( 'NONE', #3935, #9876, #7308, .T. ) ;
#23 = CARTESIAN_POINT ( 'NONE',  ( -11.17999999999999800, -8.000000000000000000, -13.82000000000000200 ) ) ;
#24 = CARTESIAN_POINT ( 'NONE',  ( -24.62999999999999900, 0.2000000000000000900, 13.82000000000000200 ) ) ;
#25 = VECTOR ( 'NONE', #3802, 1000.000000000000000 ) ;
#26 = VECTOR ( 'NONE', #7422, 1000.000000000000000 ) ;
#27 = ORIENTED_EDGE ( 'NONE', *, *, #9707, .T. ) ;
#28 = EDGE_CURVE ( 'NONE', #4414, #2356, #9057, .T. ) ;
#29 = CARTESIAN_POINT ( 'NONE',  ( 27.00000000000001100, 0.2000000000000000100, -7.320000000000002100 ) ) ;
#30 = VECTOR ( 'NONE', #6390, 1000.000000000000000 ) ;
#31 = CARTESIAN_POINT ( 'NONE',  ( 16.76000000000000500, 0.2000000000000000100, 0.0000000000000000000 ) ) ;
#32 = VERTEX_POINT ( 'NONE', #2515 ) ;
#33 = ORIENTED_EDGE ( 'NONE', *, *, #4493, .T. ) ;
#34 = ADVANCED_FACE ( 'NONE', ( #411 ), #5728, .T. ) ;
#35 = LINE ( 'NONE', #3706, #8674 ) ;
#36 = ORIENTED_EDGE ( 'NONE', *, *, #6528, .F. ) ;
#37 = EDGE_LOOP ( 'NONE', ( #1303, #6380, #9745, #4910 ) ) ;
#38 = LINE ( 'NONE', #7471, #6104 ) ;
#39 = VECTOR ( 'NONE', #9332, 1000.000000000000000 ) ;
#40 = DIRECTION ( 'NONE',  ( -0.0000000000000000000, -1.000000000000000000, -0.0000000000000000000 ) ) ;
#41 = VERTEX_POINT ( 'NONE', #4116 ) ;
#42 = CARTESIAN_POINT ( 'NONE',  ( 24.08999999999999300, 1.800000000000000000, 7.934999999999997800 ) ) ;
#43 =( NAMED_UNIT ( * ) SI_UNIT ( $, .STERADIAN. ) SOLID_ANGLE_UNIT ( ) );
#44 = CARTESIAN_POINT ( 'NONE',  ( 16.76000000000000500, -8.000000000000000000, -14.12000000000000300 ) ) ;
#45 = LINE ( 'NONE', #5511, #8056 ) ;
#46 = EDGE_LOOP ( 'NONE', ( #10206, #1317, #4853, #4810, #986, #4442, #856, #2 ) ) ;
#47 = ORIENTED_EDGE ( 'NONE', *, *, #6768, .F. ) ;
#48 = ORIENTED_EDGE ( 'NONE', *, *, #8541, .F. ) ;
#49 = ORIENTED_EDGE ( 'NONE', *, *, #762, .F. ) ;
#50 = ORIENTED_EDGE ( 'NONE', *, *, #8111, .T. ) ;
#51 = VECTOR ( 'NONE', #7027, 1000.000000000000000 ) ;
#52 = VECTOR ( 'NONE', #4499, 1000.000000000000000 ) ;
#53 = VERTEX_POINT ( 'NONE', #988 ) ;
#54 = DIRECTION ( 'NONE',  ( -1.000000000000000000, 0.0000000000000000000, -0.0000000000000000000 ) ) ;
#55 = MANIFOLD_SOLID_BREP ( 'LPattern1[38]', #1974 ) ;
#56 = VECTOR ( 'NONE', #6108, 1000.000000000000000 ) ;
#57 = DIRECTION ( 'NONE',  ( 0.0000000000000000000, 0.0000000000000000000, 1.000000000000000000 ) ) ;
#58 = EDGE_CURVE ( 'NONE', #3508, #9887, #3754, .T. ) ;
#59 = DIRECTION ( 'NONE',  ( 0.0000000000000000000, -1.000000000000000000, 0.0000000000000000000 ) ) ;
#60 = STYLED_ITEM ( 'NONE', ( #5561 ), #4307 ) ;
#61 = VECTOR ( 'NONE', #9127, 1000.000000000000000 ) ;
#62 = EDGE_LOOP ( 'NONE', ( #3940, #2591, #6619, #7941 ) ) ;
#63 = CARTESIAN_POINT ( 'NONE',  ( -1.519999999999997100, 0.2000000000000000100, 0.0000000000000000000 ) ) ;
#64 = ORIENTED_EDGE ( 'NONE', *, *, #372, .T. ) ;
#65 = ORIENTED_EDGE ( 'NONE', *, *, #1982, .T. ) ;
#66 = ORIENTED_EDGE ( 'NONE', *, *, #10169, .F. ) ;
#67 = LINE ( 'NONE', #5565, #443 ) ;
#68 = DIRECTION ( 'NONE',  ( 0.0000000000000000000, -1.000000000000000000, 4.336808689942017700E-015 ) ) ;
#69 = VECTOR ( 'NONE', #9647, 1000.000000000000000 ) ;
#70 = DIRECTION ( 'NONE',  ( -1.000000000000000000, 0.0000000000000000000, 5.400758019853073800E-017 ) ) ;
#71 = CARTESIAN_POINT ( 'NONE',  ( 22.09000000000000700, 1.300000000000000000, -14.12000000000000300 ) ) ;
#72 = VERTEX_POINT ( 'NONE', #8910 ) ;
#73 = EDGE_CURVE ( 'NONE', #8946, #3200, #160, .T. ) ;
#74 = ORIENTED_EDGE ( 'NONE', *, *, #977, .F. ) ;
#75 = CARTESIAN_POINT ( 'NONE',  ( -23.87999999999999900, 1.000000000000000000, 13.52000000000000300 ) ) ;
#76 = VERTEX_POINT ( 'NONE', #7246 ) ;
#77 = AXIS2_PLACEMENT_3D ( 'NONE', #6826, #2134, #5301 ) ;
#78 = DIRECTION ( 'NONE',  ( -1.000000000000000000, -0.0000000000000000000, -0.0000000000000000000 ) ) ;
#79 = ORIENTED_EDGE ( 'NONE', *, *, #9890, .F. ) ;
#80 = FACE_OUTER_BOUND ( 'NONE', #9344, .T. ) ;
#81 = DIRECTION ( 'NONE',  ( 0.0000000000000000000, 0.0000000000000000000, 1.000000000000000000 ) ) ;
#82 = ORIENTED_EDGE ( 'NONE', *, *, #5589, .F. ) ;
#83 = CARTESIAN_POINT ( 'NONE',  ( 18.55000000000000400, 0.2000000000000000100, -14.12000000000000100 ) ) ;
#84 = EDGE_LOOP ( 'NONE', ( #599, #1962, #834, #1494 ) ) ;
#85 = ORIENTED_EDGE ( 'NONE', *, *, #7101, .T. ) ;
#86 = CARTESIAN_POINT ( 'NONE',  ( 24.08999999999999300, 1.700000000000000000, -4.074999999999997500 ) ) ;
#87 = ORIENTED_EDGE ( 'NONE', *, *, #9135, .F. ) ;
#88 = EDGE_CURVE ( 'NONE', #8113, #1985, #4979, .T. ) ;
#89 = LINE ( 'NONE', #3681, #6375 ) ;
#90 = DIRECTION ( 'NONE',  ( -1.000000000000000000, -0.0000000000000000000, -0.0000000000000000000 ) ) ;
#91 = ORIENTED_EDGE ( 'NONE', *, *, #9372, .F. ) ;
#92 = CARTESIAN_POINT ( 'NONE',  ( -3.309999999999996900, 0.2000000000000000100, -14.12000000000000100 ) ) ;
#93 = VERTEX_POINT ( 'NONE', #8177 ) ;
#94 = ORIENTED_EDGE ( 'NONE', *, *, #3107, .F. ) ;
#95 = CARTESIAN_POINT ( 'NONE',  ( 23.88000000000000600, -8.000000000000000000, 13.82000000000000200 ) ) ;
#96 = VERTEX_POINT ( 'NONE', #6484 ) ;
#97 = FILL_AREA_STYLE_COLOUR ( '', #6743 ) ;
#98 = CARTESIAN_POINT ( 'NONE',  ( 16.26000000000000500, -8.000000000000000000, -14.12000000000000300 ) ) ;
#99 = ADVANCED_FACE ( 'NONE', ( #7683 ), #4915, .F. ) ;
#100 = VECTOR ( 'NONE', #620, 1000.000000000000000 ) ;
#101 = EDGE_CURVE ( 'NONE', #261, #5379, #8046, .T. ) ;
#102 = CARTESIAN_POINT ( 'NONE',  ( -23.62999999999999900, 1.300000000000000000, 13.52000000000000300 ) ) ;
#103 = DIRECTION ( 'NONE',  ( 0.0000000000000000000, 0.0000000000000000000, 1.000000000000000000 ) ) ;
#104 = EDGE_CURVE ( 'NONE', #5299, #7289, #5593, .T. ) ;
#105 = DIRECTION ( 'NONE',  ( 0.0000000000000000000, -0.0000000000000000000, 1.000000000000000000 ) ) ;
#106 = EDGE_LOOP ( 'NONE', ( #981, #1258, #1932, #2977, #5656, #4407 ) ) ;
#107 = EDGE_LOOP ( 'NONE', ( #424, #2060, #9989, #9511 ) ) ;
#108 = PLANE ( 'NONE',  #2552 ) ;
#109 = PLANE ( 'NONE',  #5068 ) ;
#110 = CARTESIAN_POINT ( 'NONE',  ( -11.17999999999999800, 1.000000000000000000, -13.52000000000000300 ) ) ;
#111 = ORIENTED_EDGE ( 'NONE', *, *, #1325, .T. ) ;
#112 = DIRECTION ( 'NONE',  ( 0.0000000000000000000, 0.0000000000000000000, -1.000000000000000000 ) ) ;
#113 = VECTOR ( 'NONE', #1136, 1000.000000000000000 ) ;
#114 = ORIENTED_EDGE ( 'NONE', *, *, #1978, .F. ) ;
#115 = DIRECTION ( 'NONE',  ( 0.0000000000000000000, 1.000000000000000000, -1.577021341797097600E-015 ) ) ;
#116 = DIRECTION ( 'NONE',  ( -0.0000000000000000000, -1.000000000000000000, -0.0000000000000000000 ) ) ;
#117 = CARTESIAN_POINT ( 'NONE',  ( 9.390000000000002300, 0.2000000000000000100, -13.81999999999999900 ) ) ;
#118 = CARTESIAN_POINT ( 'NONE',  ( -24.62999999999999900, 0.2000000000000000900, 13.82000000000000200 ) ) ;
#119 = ADVANCED_FACE ( 'NONE', ( #4117 ), #4292, .T. ) ;
#120 = ORIENTED_EDGE ( 'NONE', *, *, #2165, .T. ) ;
#121 = ORIENTED_EDGE ( 'NONE', *, *, #7688, .T. ) ;
#122 = CARTESIAN_POINT ( 'NONE',  ( -27.49999999999999600, 0.2000000000000000100, 13.82000000000000200 ) ) ;
#123 = LINE ( 'NONE', #6859, #3833 ) ;
#124 = MECHANICAL_DESIGN_GEOMETRIC_PRESENTATION_REPRESENTATION (  '', ( #2602 ), #10014 ) ;
#125 = EDGE_LOOP ( 'NONE', ( #926, #7872, #5424, #5986, #861, #9785, #7842, #2179 ) ) ;
#126 = DIRECTION ( 'NONE',  ( -1.000000000000000000, -0.0000000000000000000, -0.0000000000000000000 ) ) ;
#127 = DIRECTION ( 'NONE',  ( 0.0000000000000000000, 0.0000000000000000000, 1.000000000000000000 ) ) ;
#128 = VECTOR ( 'NONE', #6974, 1000.000000000000000 ) ;
#129 = ORIENTED_EDGE ( 'NONE', *, *, #3910, .T. ) ;
#130 = EDGE_CURVE ( 'NONE', #7737, #9887, #3869, .T. ) ;
#131 = PLANE ( 'NONE',  #2397 ) ;
#132 = CARTESIAN_POINT ( 'NONE',  ( 4.310000000000004900, 1.300000000000000000, -13.52000000000000300 ) ) ;
#133 = DIRECTION ( 'NONE',  ( 0.0000000000000000000, 1.000000000000000000, 0.0000000000000000000 ) ) ;
#134 = CARTESIAN_POINT ( 'NONE',  ( 21.34000000000000300, -8.000000000000000000, 13.82000000000000200 ) ) ;
#135 = LINE ( 'NONE', #4034, #1398 ) ;
#136 = ORIENTED_EDGE ( 'NONE', *, *, #3818, .F. ) ;
#137 = DIRECTION ( 'NONE',  ( 0.0000000000000000000, 0.0000000000000000000, -1.000000000000000000 ) ) ;
#138 = FACE_OUTER_BOUND ( 'NONE', #7953, .T. ) ;
#139 = DIRECTION ( 'NONE',  ( 0.0000000000000000000, -0.0000000000000000000, 1.000000000000000000 ) ) ;
#140 = CARTESIAN_POINT ( 'NONE',  ( 8.390000000000002300, 0.2000000000000000100, -13.81999999999999900 ) ) ;
#141 = LINE ( 'NONE', #946, #8311 ) ;
#142 = ADVANCED_FACE ( 'NONE', ( #10181 ), #7371, .F. ) ;
#143 = ORIENTED_EDGE ( 'NONE', *, *, #1837, .F. ) ;
#144 = AXIS2_PLACEMENT_3D ( 'NONE', #6121, #6891, #9284 ) ;
#145 = VECTOR ( 'NONE', #2531, 1000.000000000000000 ) ;
#146 = CARTESIAN_POINT ( 'NONE',  ( 24.63000000000000600, 1.000000000000000000, 13.52000000000000300 ) ) ;
#147 = CARTESIAN_POINT ( 'NONE',  ( 11.93000000000000300, 0.2000000000000000100, -14.12000000000000100 ) ) ;
#148 = SURFACE_SIDE_STYLE ('',( #5760 ) ) ;
#149 = DIRECTION ( 'NONE',  ( 0.0000000000000000000, 1.000000000000000000, 0.0000000000000000000 ) ) ;
#150 = CARTESIAN_POINT ( 'NONE',  ( 11.93000000000000300, 1.300000000000000000, -14.12000000000000300 ) ) ;
#151 = VECTOR ( 'NONE', #3596, 1000.000000000000000 ) ;
#152 = PLANE ( 'NONE',  #4343 ) ;
#153 = VECTOR ( 'NONE', #4491, 1000.000000000000000 ) ;
#154 = FACE_OUTER_BOUND ( 'NONE', #1714, .T. ) ;
#155 = ORIENTED_EDGE ( 'NONE', *, *, #6417, .T. ) ;
#156 = FACE_OUTER_BOUND ( 'NONE', #9915, .T. ) ;
#157 = DIRECTION ( 'NONE',  ( -0.0000000000000000000, 0.0000000000000000000, 1.000000000000000000 ) ) ;
#158 = LINE ( 'NONE', #1606, #5822 ) ;
#159 = CARTESIAN_POINT ( 'NONE',  ( -6.849999999999998800, 1.300000000000000000, -13.52000000000000300 ) ) ;
#160 = LINE ( 'NONE', #8810, #9819 ) ;
#161 = EDGE_CURVE ( 'NONE', #3132, #5487, #659, .T. ) ;
#162 = SURFACE_SIDE_STYLE ('',( #6881 ) ) ;
#163 = VECTOR ( 'NONE', #4009, 1000.000000000000000 ) ;
#164 = CARTESIAN_POINT ( 'NONE',  ( -17.00999999999999800, 0.0000000000000000000, 0.0000000000000000000 ) ) ;
#165 = VECTOR ( 'NONE', #884, 1000.000000000000000 ) ;
#166 = VECTOR ( 'NONE', #6990, 1000.000000000000000 ) ;
#167 = ORIENTED_EDGE ( 'NONE', *, *, #175, .F. ) ;
#168 = EDGE_CURVE ( 'NONE', #5399, #5528, #7671, .T. ) ;
#169 = ADVANCED_FACE ( 'NONE', ( #8928 ), #9788, .F. ) ;
#170 = LINE ( 'NONE', #3932, #5970 ) ;
#171 =( GEOMETRIC_REPRESENTATION_CONTEXT ( 3 ) GLOBAL_UNCERTAINTY_ASSIGNED_CONTEXT ( ( #2045 ) ) GLOBAL_UNIT_ASSIGNED_CONTEXT ( ( #3702, #8494, #7613 ) ) REPRESENTATION_CONTEXT ( 'NONE', 'WORKASPACE' ) );
#172 = DIRECTION ( 'NONE',  ( -0.0000000000000000000, 1.000000000000000000, 0.0000000000000000000 ) ) ;
#173 = ORIENTED_EDGE ( 'NONE', *, *, #6472, .T. ) ;
#174 = ORIENTED_EDGE ( 'NONE', *, *, #2394, .F. ) ;
#175 = EDGE_CURVE ( 'NONE', #9872, #4535, #3989, .T. ) ;
#176 = DIRECTION ( 'NONE',  ( -1.000000000000000000, -0.0000000000000000000, -0.0000000000000000000 ) ) ;
#177 = DIRECTION ( 'NONE',  ( 0.0000000000000000000, -1.000000000000000000, 0.0000000000000000000 ) ) ;
#178 = ORIENTED_EDGE ( 'NONE', *, *, #573, .F. ) ;
#179 = VERTEX_POINT ( 'NONE', #9904 ) ;
#180 = VERTEX_POINT ( 'NONE', #2741 ) ;
#181 = FACE_OUTER_BOUND ( 'NONE', #2498, .T. ) ;
#182 = FACE_OUTER_BOUND ( 'NONE', #6838, .T. ) ;
#183 = ORIENTED_EDGE ( 'NONE', *, *, #4369, .F. ) ;
#184 = DIRECTION ( 'NONE',  ( 0.0000000000000000000, 1.000000000000000000, 0.0000000000000000000 ) ) ;
#185 = DIRECTION ( 'NONE',  ( -0.0000000000000000000, 1.000000000000000000, -0.0000000000000000000 ) ) ;
#186 = DIRECTION ( 'NONE',  ( 0.0000000000000000000, 0.0000000000000000000, -1.000000000000000000 ) ) ;
#187 = VECTOR ( 'NONE', #81, 1000.000000000000000 ) ;
#188 = ORIENTED_EDGE ( 'NONE', *, *, #7800, .F. ) ;
#189 = PLANE ( 'NONE',  #7636 ) ;
#190 = ORIENTED_EDGE ( 'NONE', *, *, #6289, .T. ) ;
#191 = VERTEX_POINT ( 'NONE', #3540 ) ;
#192 = ORIENTED_EDGE ( 'NONE', *, *, #277, .T. ) ;
#193 = CARTESIAN_POINT ( 'NONE',  ( 24.63000000000000600, 1.300000000000000000, 14.12000000000000300 ) ) ;
#194 = VECTOR ( 'NONE', #7280, 1000.000000000000000 ) ;
#195 =( LENGTH_UNIT ( ) NAMED_UNIT ( * ) SI_UNIT ( .MILLI., .METRE. ) );
#196 = UNCERTAINTY_MEASURE_WITH_UNIT (LENGTH_MEASURE( 1.000000000000000100E-005 ), #8675, 'distance_accuracy_value', 'NONE');
#197 = VECTOR ( 'NONE', #7610, 1000.000000000000000 ) ;
#198 = ORIENTED_EDGE ( 'NONE', *, *, #5393, .T. ) ;
#199 = DIRECTION ( 'NONE',  ( 0.0000000000000000000, 0.0000000000000000000, -1.000000000000000000 ) ) ;
#200 = EDGE_CURVE ( 'NONE', #627, #5622, #10055, .T. ) ;
#201 = ORIENTED_EDGE ( 'NONE', *, *, #842, .T. ) ;
#202 = VECTOR ( 'NONE', #749, 1000.000000000000000 ) ;
#203 = CARTESIAN_POINT ( 'NONE',  ( 24.63000000000000600, 1.000000000000000000, -13.82000000000000200 ) ) ;
#204 = EDGE_CURVE ( 'NONE', #8693, #9700, #6558, .T. ) ;
#205 = AXIS2_PLACEMENT_3D ( 'NONE', #1624, #5510, #7844 ) ;
#206 = ADVANCED_FACE ( 'NONE', ( #4494 ), #1206, .F. ) ;
#207 = FACE_OUTER_BOUND ( 'NONE', #4133, .T. ) ;
#208 = DIRECTION ( 'NONE',  ( 0.0000000000000000000, 0.0000000000000000000, -1.000000000000000000 ) ) ;
#209 = ORIENTED_EDGE ( 'NONE', *, *, #1325, .F. ) ;
#210 = ORIENTED_EDGE ( 'NONE', *, *, #4070, .F. ) ;
#211 = ORIENTED_EDGE ( 'NONE', *, *, #9943, .T. ) ;
#212 = PLANE ( 'NONE',  #8992 ) ;
#213 = VECTOR ( 'NONE', #7154, 1000.000000000000000 ) ;
#214 = AXIS2_PLACEMENT_3D ( 'NONE', #3606, #8300, #1924 ) ;
#215 = EDGE_LOOP ( 'NONE', ( #1077, #356, #3420, #8062 ) ) ;
#216 = SURFACE_STYLE_FILL_AREA ( #472 ) ;
#217 = ORIENTED_EDGE ( 'NONE', *, *, #8798, .T. ) ;
#218 = VERTEX_POINT ( 'NONE', #2706 ) ;
#219 = ORIENTED_EDGE ( 'NONE', *, *, #7335, .F. ) ;
#220 = VECTOR ( 'NONE', #3718, 1000.000000000000000 ) ;
#221 =( NAMED_UNIT ( * ) SI_UNIT ( $, .STERADIAN. ) SOLID_ANGLE_UNIT ( ) );
#222 = CARTESIAN_POINT ( 'NONE',  ( -0.7699999999999963500, 0.2000000000000000100, -14.12000000000000100 ) ) ;
#224 = VERTEX_POINT ( 'NONE', #7508 ) ;
#223 = CARTESIAN_POINT ( 'NONE',  ( 24.38000000000000600, 1.300000000000000000, 13.52000000000000300 ) ) ;
#225 = ADVANCED_FACE ( 'NONE', ( #897 ), #4394, .F. ) ;
#226 = EDGE_CURVE ( 'NONE', #8109, #4692, #4478, .T. ) ;
#227 = ORIENTED_EDGE ( 'NONE', *, *, #6500, .F. ) ;
#228 = DIRECTION ( 'NONE',  ( -1.000000000000000000, 0.0000000000000000000, 5.400758019853073800E-017 ) ) ;
#229 = EDGE_CURVE ( 'NONE', #2256, #3101, #4231, .T. ) ;
#230 = ORIENTED_EDGE ( 'NONE', *, *, #5489, .F. ) ;
#231 = EDGE_CURVE ( 'NONE', #6002, #4759, #35, .T. ) ;
#232 = ORIENTED_EDGE ( 'NONE', *, *, #1855, .T. ) ;
#233 = DIRECTION ( 'NONE',  ( -1.000000000000000000, -0.0000000000000000000, -0.0000000000000000000 ) ) ;
#234 = CARTESIAN_POINT ( 'NONE',  ( 18.80000000000000400, 0.2000000000000000100, -14.12000000000000100 ) ) ;
#235 = DIRECTION ( 'NONE',  ( 1.000000000000000000, -0.0000000000000000000, 0.0000000000000000000 ) ) ;
#236 = VERTEX_POINT ( 'NONE', #606 ) ;
#237 = DIRECTION ( 'NONE',  ( 0.0000000000000000000, 0.0000000000000000000, -1.000000000000000000 ) ) ;
#238 = EDGE_CURVE ( 'NONE', #4878, #8060, #1407, .T. ) ;
#239 = CARTESIAN_POINT ( 'NONE',  ( -27.49999999999999600, 1.000000000000000000, -13.81999999999999900 ) ) ;
#240 = VERTEX_POINT ( 'NONE', #1270 ) ;
#241 = DIRECTION ( 'NONE',  ( 1.000000000000000000, -0.0000000000000000000, 0.0000000000000000000 ) ) ;
#242 = EDGE_CURVE ( 'NONE', #8716, #6370, #3024, .T. ) ;
#243 = VERTEX_POINT ( 'NONE', #4566 ) ;
#244 = CARTESIAN_POINT ( 'NONE',  ( 6.600000000000001400, 0.0000000000000000000, 0.0000000000000000000 ) ) ;
#245 = ORIENTED_EDGE ( 'NONE', *, *, #3882, .T. ) ;
#246 = AXIS2_PLACEMENT_3D ( 'NONE', #2876, #5829, #6652 ) ;
#247 = DIRECTION ( 'NONE',  ( 0.0000000000000000000, -0.0000000000000000000, 1.000000000000000000 ) ) ;
#248 = AXIS2_PLACEMENT_3D ( 'NONE', #6594, #7677, #10097 ) ;
#249 = CARTESIAN_POINT ( 'NONE',  ( -23.87999999999999900, 0.2000000000000000100, 0.0000000000000000000 ) ) ;
#250 = CARTESIAN_POINT ( 'NONE',  ( 8.390000000000002300, 1.300000000000000000, -14.12000000000000300 ) ) ;
#251 = ADVANCED_FACE ( 'NONE', ( #2403 ), #7681, .F. ) ;
#252 = FACE_OUTER_BOUND ( 'NONE', #2517, .T. ) ;
#253 = ORIENTED_EDGE ( 'NONE', *, *, #1490, .F. ) ;
#254 = DIRECTION ( 'NONE',  ( 0.0000000000000000000, 1.000000000000000000, 0.0000000000000000000 ) ) ;
#255 = DIRECTION ( 'NONE',  ( -1.000000000000000000, 0.0000000000000000000, 0.0000000000000000000 ) ) ;
#256 = PLANE ( 'NONE',  #3113 ) ;
#257 = CARTESIAN_POINT ( 'NONE',  ( 5.850000000000001400, 1.300000000000000000, -13.52000000000000300 ) ) ;
#258 = DIRECTION ( 'NONE',  ( 0.0000000000000000000, 1.000000000000000000, -1.577021341797097600E-015 ) ) ;
#259 = EDGE_CURVE ( 'NONE', #3337, #2809, #9553, .T. ) ;
#260 = LINE ( 'NONE', #1454, #1139 ) ;
#261 = VERTEX_POINT ( 'NONE', #6755 ) ;
#262 = VECTOR ( 'NONE', #10033, 1000.000000000000000 ) ;
#263 = DIRECTION ( 'NONE',  ( -0.0000000000000000000, -0.0000000000000000000, -1.000000000000000000 ) ) ;
#264 = EDGE_LOOP ( 'NONE', ( #1475, #1426, #346, #10197 ) ) ;
#265 = CARTESIAN_POINT ( 'NONE',  ( -24.62999999999999900, 1.000000000000000000, -13.52000000000000300 ) ) ;
#266 = DIRECTION ( 'NONE',  ( 0.0000000000000000000, -1.000000000000000000, -1.577021341797097600E-015 ) ) ;
#267 = VECTOR ( 'NONE', #9917, 1000.000000000000000 ) ;
#268 = EDGE_CURVE ( 'NONE', #5640, #5855, #4732, .T. ) ;
#269 = VECTOR ( 'NONE', #6636, 1000.000000000000000 ) ;
#270 = ADVANCED_FACE ( 'NONE', ( #536 ), #6818, .F. ) ;
#271 = STYLED_ITEM ( 'NONE', ( #7691 ), #6017 ) ;
#272 = LINE ( 'NONE', #2901, #9675 ) ;
#273 = CARTESIAN_POINT ( 'NONE',  ( 22.09000000000000700, 1.000000000000000000, -13.82000000000000200 ) ) ;
#274 = LINE ( 'NONE', #7991, #7668 ) ;
#275 = FACE_OUTER_BOUND ( 'NONE', #801, .T. ) ;
#276 = VECTOR ( 'NONE', #3637, 1000.000000000000000 ) ;
#277 = EDGE_CURVE ( 'NONE', #3321, #9945, #6930, .T. ) ;
#278 = LINE ( 'NONE', #2551, #8435 ) ;
#279 = FACE_OUTER_BOUND ( 'NONE', #4930, .T. ) ;
#280 = VECTOR ( 'NONE', #2887, 1000.000000000000000 ) ;
#281 = CARTESIAN_POINT ( 'NONE',  ( 1.020000000000003600, 1.300000000000000000, -14.12000000000000300 ) ) ;
#282 = ORIENTED_EDGE ( 'NONE', *, *, #9024, .T. ) ;
#283 = CARTESIAN_POINT ( 'NONE',  ( 24.63000000000000600, 0.2000000000000000900, 14.12000000000000100 ) ) ;
#284 = DIRECTION ( 'NONE',  ( 0.0000000000000000000, 1.000000000000000000, -1.577021341797097600E-015 ) ) ;
#285 = CARTESIAN_POINT ( 'NONE',  ( 24.63000000000000600, 0.2000000000000000100, -14.12000000000000100 ) ) ;
#286 = CARTESIAN_POINT ( 'NONE',  ( 14.22000000000000400, 0.0000000000000000000, 0.0000000000000000000 ) ) ;
#287 = VECTOR ( 'NONE', #854, 1000.000000000000000 ) ;
#288 = ORIENTED_EDGE ( 'NONE', *, *, #3198, .T. ) ;
#289 = CARTESIAN_POINT ( 'NONE',  ( -23.62999999999999900, 0.2000000000000000900, 14.12000000000000100 ) ) ;
#290 = EDGE_LOOP ( 'NONE', ( #5544, #3632, #7235, #5967 ) ) ;
#291 = VECTOR ( 'NONE', #7825, 1000.000000000000000 ) ;
#292 = EDGE_LOOP ( 'NONE', ( #9462, #1965, #5723, #1173 ) ) ;
#293 = ORIENTED_EDGE ( 'NONE', *, *, #231, .T. ) ;
#294 = VECTOR ( 'NONE', #9676, 1000.000000000000000 ) ;
#295 = LINE ( 'NONE', #3916, #5843 ) ;
#296 = ORIENTED_EDGE ( 'NONE', *, *, #1382, .F. ) ;
#297 = EDGE_CURVE ( 'NONE', #9461, #1466, #6429, .T. ) ;
#298 = CARTESIAN_POINT ( 'NONE',  ( -23.62999999999999900, 1.000000000000000000, -13.82000000000000200 ) ) ;
#299 = DIRECTION ( 'NONE',  ( 0.0000000000000000000, -1.000000000000000000, 0.0000000000000000000 ) ) ;
#300 = ADVANCED_FACE ( 'NONE', ( #4844 ), #2128, .F. ) ;
#301 = ORIENTED_EDGE ( 'NONE', *, *, #10116, .F. ) ;
#302 = ORIENTED_EDGE ( 'NONE', *, *, #8372, .F. ) ;
#303 = PLANE ( 'NONE',  #3930 ) ;
#304 = DIRECTION ( 'NONE',  ( 0.0000000000000000000, -0.0000000000000000000, 1.000000000000000000 ) ) ;
#305 = DIRECTION ( 'NONE',  ( -0.0000000000000000000, 1.000000000000000000, 0.0000000000000000000 ) ) ;
#306 = ORIENTED_EDGE ( 'NONE', *, *, #1315, .F. ) ;
#307 = EDGE_CURVE ( 'NONE', #1688, #9317, #7416, .T. ) ;
#308 = VERTEX_POINT ( 'NONE', #2947 ) ;
#309 = LINE ( 'NONE', #8170, #9074 ) ;
#310 =( GEOMETRIC_REPRESENTATION_CONTEXT ( 3 ) GLOBAL_UNCERTAINTY_ASSIGNED_CONTEXT ( ( #2828 ) ) GLOBAL_UNIT_ASSIGNED_CONTEXT ( ( #6791, #9231, #3648 ) ) REPRESENTATION_CONTEXT ( 'NONE', 'WORKASPACE' ) );
#311 = VECTOR ( 'NONE', #9292, 1000.000000000000000 ) ;
#312 = ORIENTED_EDGE ( 'NONE', *, *, #4191, .F. ) ;
#313 = CARTESIAN_POINT ( 'NONE',  ( -13.71999999999999700, 1.000000000000000000, -13.82000000000000200 ) ) ;
#314 = VECTOR ( 'NONE', #8652, 1000.000000000000000 ) ;
#315 = VECTOR ( 'NONE', #115, 1000.000000000000000 ) ;
#316 = ORIENTED_EDGE ( 'NONE', *, *, #7563, .F. ) ;
#317 = EDGE_LOOP ( 'NONE', ( #6302, #6110, #8486, #2938 ) ) ;
#318 = DIRECTION ( 'NONE',  ( -1.000000000000000000, -0.0000000000000000000, -0.0000000000000000000 ) ) ;
#319 = VECTOR ( 'NONE', #1863, 1000.000000000000000 ) ;
#320 = CARTESIAN_POINT ( 'NONE',  ( -27.00000000000000400, 0.2000000000000000100, 11.18000000000000300 ) ) ;
#321 = VECTOR ( 'NONE', #983, 1000.000000000000000 ) ;
#322 = AXIS2_PLACEMENT_3D ( 'NONE', #3737, #4495, #530 ) ;
#323 = PLANE ( 'NONE',  #246 ) ;
#324 = ORIENTED_EDGE ( 'NONE', *, *, #6834, .T. ) ;
#325 = DIRECTION ( 'NONE',  ( 0.0000000000000000000, 1.000000000000000000, 0.0000000000000000000 ) ) ;
#326 = DIRECTION ( 'NONE',  ( 0.0000000000000000000, -0.0000000000000000000, 1.000000000000000000 ) ) ;
#327 = CARTESIAN_POINT ( 'NONE',  ( -13.71999999999999700, 1.300000000000000000, -14.12000000000000300 ) ) ;
#328 = EDGE_LOOP ( 'NONE', ( #4373, #9862, #4631, #9367 ) ) ;
#329 = PLANE ( 'NONE',  #2682 ) ;
#330 = ADVANCED_FACE ( 'NONE', ( #6681 ), #5969, .F. ) ;
#331 = ORIENTED_EDGE ( 'NONE', *, *, #4734, .F. ) ;
#332 = LINE ( 'NONE', #1811, #7113 ) ;
#333 = ORIENTED_EDGE ( 'NONE', *, *, #3082, .F. ) ;
#334 = LINE ( 'NONE', #7763, #1464 ) ;
#335 = ORIENTED_EDGE ( 'NONE', *, *, #6967, .F. ) ;
#336 = EDGE_CURVE ( 'NONE', #8351, #8343, #8194, .T. ) ;
#337 = VERTEX_POINT ( 'NONE', #464 ) ;
#338 = DIRECTION ( 'NONE',  ( -1.000000000000000000, -0.0000000000000000000, -0.0000000000000000000 ) ) ;
#339 = ORIENTED_EDGE ( 'NONE', *, *, #7231, .F. ) ;
#340 = ORIENTED_EDGE ( 'NONE', *, *, #4322, .F. ) ;
#341 = CARTESIAN_POINT ( 'NONE',  ( 17.01000000000000500, 0.2000000000000000100, -14.12000000000000100 ) ) ;
#342 = CARTESIAN_POINT ( 'NONE',  ( 23.88000000000000600, -8.000000000000000000, 14.12000000000000300 ) ) ;
#343 = VERTEX_POINT ( 'NONE', #8370 ) ;
#344 = ORIENTED_EDGE ( 'NONE', *, *, #9798, .T. ) ;
#345 = DIRECTION ( 'NONE',  ( 0.0000000000000000000, -0.0000000000000000000, 1.000000000000000000 ) ) ;
#346 = ORIENTED_EDGE ( 'NONE', *, *, #8383, .T. ) ;
#347 = ORIENTED_EDGE ( 'NONE', *, *, #6239, .F. ) ;
#348 = ORIENTED_EDGE ( 'NONE', *, *, #2721, .F. ) ;
#349 = DIRECTION ( 'NONE',  ( -1.000000000000000000, -0.0000000000000000000, -0.0000000000000000000 ) ) ;
#350 = VECTOR ( 'NONE', #4309, 1000.000000000000000 ) ;
#351 = AXIS2_PLACEMENT_3D ( 'NONE', #6920, #4074, #832 ) ;
#352 = PLANE ( 'NONE',  #9552 ) ;
#353 = DIRECTION ( 'NONE',  ( -1.000000000000000000, 0.0000000000000000000, -0.0000000000000000000 ) ) ;
#354 = DIRECTION ( 'NONE',  ( -0.0000000000000000000, -0.0000000000000000000, -1.000000000000000000 ) ) ;
#355 = ADVANCED_FACE ( 'NONE', ( #2416 ), #6786, .F. ) ;
#356 = ORIENTED_EDGE ( 'NONE', *, *, #9161, .T. ) ;
#357 = ORIENTED_EDGE ( 'NONE', *, *, #3472, .F. ) ;
#358 = CARTESIAN_POINT ( 'NONE',  ( 27.00000000000001100, 0.0000000000000000000, 11.18000000000000300 ) ) ;
#359 = CARTESIAN_POINT ( 'NONE',  ( 21.34000000000000300, -8.000000000000000000, 13.82000000000000200 ) ) ;
#360 = DIRECTION ( 'NONE',  ( 0.0000000000000000000, -0.0000000000000000000, 1.000000000000000000 ) ) ;
#361 = EDGE_CURVE ( 'NONE', #9834, #6756, #2657, .T. ) ;
#362 = ORIENTED_EDGE ( 'NONE', *, *, #766, .T. ) ;
#363 = EDGE_CURVE ( 'NONE', #4868, #3744, #4600, .T. ) ;
#364 = EDGE_LOOP ( 'NONE', ( #8052, #4141, #167, #2439 ) ) ;
#365 =( NAMED_UNIT ( * ) SI_UNIT ( $, .STERADIAN. ) SOLID_ANGLE_UNIT ( ) );
#366 = EDGE_CURVE ( 'NONE', #179, #9441, #4003, .T. ) ;
#367 = CARTESIAN_POINT ( 'NONE',  ( 24.63000000000000600, 1.300000000000000000, -13.52000000000000300 ) ) ;
#368 = STYLED_ITEM ( 'NONE', ( #422 ), #8482 ) ;
#369 = CARTESIAN_POINT ( 'NONE',  ( -11.67999999999999800, -8.000000000000000000, -14.12000000000000300 ) ) ;
#370 = ORIENTED_EDGE ( 'NONE', *, *, #8152, .F. ) ;
#371 = CARTESIAN_POINT ( 'NONE',  ( -25.50000000000000700, 1.800000000000000000, -5.319999999999996700 ) ) ;
#372 = EDGE_CURVE ( 'NONE', #4379, #9535, #5580, .T. ) ;
#373 = DIRECTION ( 'NONE',  ( -0.0000000000000000000, -1.000000000000000000, -0.0000000000000000000 ) ) ;
#374 = VECTOR ( 'NONE', #7178, 1000.000000000000000 ) ;
#375 = CARTESIAN_POINT ( 'NONE',  ( -23.87999999999999900, 1.000000000000000000, -13.82000000000000200 ) ) ;
#376 = VERTEX_POINT ( 'NONE', #1504 ) ;
#377 = ADVANCED_FACE ( 'NONE', ( #8549 ), #735, .F. ) ;
#378 = UNCERTAINTY_MEASURE_WITH_UNIT (LENGTH_MEASURE( 1.000000000000000100E-005 ), #7560, 'distance_accuracy_value', 'NONE');
#379 = CARTESIAN_POINT ( 'NONE',  ( -1.019999999999996700, 1.300000000000000000, -14.12000000000000300 ) ) ;
#380 = CARTESIAN_POINT ( 'NONE',  ( 24.38000000000000600, 1.300000000000000000, -14.12000000000000300 ) ) ;
#381 = VECTOR ( 'NONE', #1214, 1000.000000000000000 ) ;
#382 = AXIS2_PLACEMENT_3D ( 'NONE', #1757, #5192, #9976 ) ;
#383 = VERTEX_POINT ( 'NONE', #3128 ) ;
#384 = DIRECTION ( 'NONE',  ( 1.000000000000000000, 0.0000000000000000000, 0.0000000000000000000 ) ) ;
#385 = DIRECTION ( 'NONE',  ( -0.0000000000000000000, 1.000000000000000000, 0.0000000000000000000 ) ) ;
#386 = DIRECTION ( 'NONE',  ( -0.0000000000000000000, -1.000000000000000000, -0.0000000000000000000 ) ) ;
#387 = LINE ( 'NONE', #4370, #267 ) ;
#388 = PLANE ( 'NONE',  #775 ) ;
#389 = LINE ( 'NONE', #4091, #5815 ) ;
#390 = DIRECTION ( 'NONE',  ( 0.0000000000000000000, 1.000000000000000000, 0.0000000000000000000 ) ) ;
#391 = CARTESIAN_POINT ( 'NONE',  ( -23.62999999999999900, 0.2000000000000000100, -14.12000000000000100 ) ) ;
#392 = LINE ( 'NONE', #2021, #7042 ) ;
#393 = EDGE_CURVE ( 'NONE', #2690, #7204, #7174, .T. ) ;
#394 = VECTOR ( 'NONE', #1535, 1000.000000000000000 ) ;
#395 = AXIS2_PLACEMENT_3D ( 'NONE', #9450, #6937, #3793 ) ;
#396 = LINE ( 'NONE', #1567, #8430 ) ;
#397 = CARTESIAN_POINT ( 'NONE',  ( 6.850000000000002300, 1.000000000000000000, -13.82000000000000200 ) ) ;
#398 = LINE ( 'NONE', #9918, #4720 ) ;
#399 = DIRECTION ( 'NONE',  ( 0.0000000000000000000, -1.000000000000000000, 0.0000000000000000000 ) ) ;
#400 = VECTOR ( 'NONE', #4665, 1000.000000000000000 ) ;
#401 = PLANE ( 'NONE',  #1226 ) ;
#402 = ADVANCED_FACE ( 'NONE', ( #8448 ), #7781, .F. ) ;
#403 = VECTOR ( 'NONE', #4473, 1000.000000000000000 ) ;
#404 = DIRECTION ( 'NONE',  ( -1.000000000000000000, -0.0000000000000000000, -0.0000000000000000000 ) ) ;
#405 = DIRECTION ( 'NONE',  ( -0.0000000000000000000, 0.0000000000000000000, 1.000000000000000000 ) ) ;
#406 = VECTOR ( 'NONE', #7365, 1000.000000000000000 ) ;
#407 = VERTEX_POINT ( 'NONE', #636 ) ;
#408 = CARTESIAN_POINT ( 'NONE',  ( -25.50000000000000700, 1.700000000000000000, 9.180000000000003300 ) ) ;
#409 = EDGE_CURVE ( 'NONE', #7714, #9016, #6089, .T. ) ;
#410 = LINE ( 'NONE', #4528, #1044 ) ;
#411 = FACE_OUTER_BOUND ( 'NONE', #7762, .T. ) ;
#412 = SURFACE_STYLE_USAGE ( .BOTH. , #2866 ) ;
#413 = LINE ( 'NONE', #2540, #6446 ) ;
#414 = CARTESIAN_POINT ( 'NONE',  ( 0.0000000000000000000, 1.800000000000000000, 0.0000000000000000000 ) ) ;
#415 = ORIENTED_EDGE ( 'NONE', *, *, #8150, .F. ) ;
#416 = VECTOR ( 'NONE', #4136, 1000.000000000000000 ) ;
#417 = VECTOR ( 'NONE', #8461, 1000.000000000000000 ) ;
#418 = CARTESIAN_POINT ( 'NONE',  ( 24.38000000000000600, 1.000000000000000000, 13.82000000000000200 ) ) ;
#419 = CARTESIAN_POINT ( 'NONE',  ( 17.01000000000000500, 0.2000000000000000100, -14.12000000000000100 ) ) ;
#420 = CARTESIAN_POINT ( 'NONE',  ( 27.50000000000001100, 1.000000000000000000, 13.82000000000000200 ) ) ;
#421 = EDGE_CURVE ( 'NONE', #1985, #7333, #1900, .T. ) ;
#422 = PRESENTATION_STYLE_ASSIGNMENT (( #6196 ) ) ;
#423 = ORIENTED_EDGE ( 'NONE', *, *, #7290, .F. ) ;
#424 = ORIENTED_EDGE ( 'NONE', *, *, #8999, .F. ) ;
#425 = DIRECTION ( 'NONE',  ( 0.0000000000000000000, 1.000000000000000000, 0.0000000000000000000 ) ) ;
#426 = ORIENTED_EDGE ( 'NONE', *, *, #7348, .T. ) ;
#427 = VERTEX_POINT ( 'NONE', #8629 ) ;
#428 = ORIENTED_EDGE ( 'NONE', *, *, #7832, .F. ) ;
#429 = CARTESIAN_POINT ( 'NONE',  ( 19.30000000000000400, -8.000000000000000000, -13.82000000000000200 ) ) ;
#430 = CARTESIAN_POINT ( 'NONE',  ( 19.55000000000000400, 0.2000000000000000100, -13.81999999999999900 ) ) ;
#431 = VECTOR ( 'NONE', #8134, 1000.000000000000000 ) ;
#432 = FACE_OUTER_BOUND ( 'NONE', #7321, .T. ) ;
#433 = ORIENTED_EDGE ( 'NONE', *, *, #6633, .F. ) ;
#434 = CARTESIAN_POINT ( 'NONE',  ( -18.79999999999999700, 1.300000000000000000, -13.52000000000000300 ) ) ;
#435 = ADVANCED_FACE ( 'NONE', ( #9804 ), #9472, .T. ) ;
#436 = VECTOR ( 'NONE', #266, 1000.000000000000000 ) ;
#437 = FACE_OUTER_BOUND ( 'NONE', #4612, .T. ) ;
#438 = ORIENTED_EDGE ( 'NONE', *, *, #6563, .T. ) ;
#439 = EDGE_CURVE ( 'NONE', #53, #3808, #2914, .T. ) ;
#440 = VERTEX_POINT ( 'NONE', #7057 ) ;
#441 = ORIENTED_EDGE ( 'NONE', *, *, #8361, .T. ) ;
#442 = ORIENTED_EDGE ( 'NONE', *, *, #2851, .T. ) ;
#443 = VECTOR ( 'NONE', #851, 1000.000000000000000 ) ;
#444 = CARTESIAN_POINT ( 'NONE',  ( -21.33999999999999600, 0.2000000000000000900, 14.12000000000000300 ) ) ;
#445 = EDGE_CURVE ( 'NONE', #9887, #3132, #3502, .T. ) ;
#446 = DIRECTION ( 'NONE',  ( 0.0000000000000000000, 0.0000000000000000000, 1.000000000000000000 ) ) ;
#447 = CARTESIAN_POINT ( 'NONE',  ( -18.54999999999999700, 0.2000000000000000100, -13.81999999999999900 ) ) ;
#448 = CARTESIAN_POINT ( 'NONE',  ( 21.84000000000000700, -8.000000000000000000, 13.82000000000000200 ) ) ;
#449 = CARTESIAN_POINT ( 'NONE',  ( 19.55000000000000400, 1.300000000000000000, -14.12000000000000300 ) ) ;
#450 = VECTOR ( 'NONE', #4722, 1000.000000000000000 ) ;
#451 = DIRECTION ( 'NONE',  ( -0.0000000000000000000, -1.000000000000000000, -0.0000000000000000000 ) ) ;
#452 = ORIENTED_EDGE ( 'NONE', *, *, #9916, .T. ) ;
#453 = VERTEX_POINT ( 'NONE', #5351 ) ;
#454 = AXIS2_PLACEMENT_3D ( 'NONE', #1704, #1764, #5742 ) ;
#455 = DIRECTION ( 'NONE',  ( 0.0000000000000000000, 0.0000000000000000000, -1.000000000000000000 ) ) ;
#456 = LINE ( 'NONE', #3795, #8598 ) ;
#457 = DIRECTION ( 'NONE',  ( 1.000000000000000000, 0.0000000000000000000, 0.0000000000000000000 ) ) ;
#458 = LINE ( 'NONE', #803, #8485 ) ;
#459 = ORIENTED_EDGE ( 'NONE', *, *, #7550, .F. ) ;
#460 = FILL_AREA_STYLE ('',( #9011 ) ) ;
#461 = DIRECTION ( 'NONE',  ( -0.0000000000000000000, 1.000000000000000000, 0.0000000000000000000 ) ) ;
#462 = ORIENTED_EDGE ( 'NONE', *, *, #372, .F. ) ;
#463 = DIRECTION ( 'NONE',  ( 0.0000000000000000000, 0.0000000000000000000, -1.000000000000000000 ) ) ;
#464 = CARTESIAN_POINT ( 'NONE',  ( 9.390000000000002300, 1.000000000000000000, -13.82000000000000200 ) ) ;
#465 = ORIENTED_EDGE ( 'NONE', *, *, #5030, .F. ) ;
#466 = ADVANCED_FACE ( 'NONE', ( #3256 ), #7726, .F. ) ;
#467 = VECTOR ( 'NONE', #5000, 1000.000000000000000 ) ;
#468 = EDGE_CURVE ( 'NONE', #5153, #3337, #8563, .T. ) ;
#469 = AXIS2_PLACEMENT_3D ( 'NONE', #2266, #4584, #6174 ) ;
#470 = ORIENTED_EDGE ( 'NONE', *, *, #3303, .T. ) ;
#471 = FACE_OUTER_BOUND ( 'NONE', #5501, .T. ) ;
#472 = FILL_AREA_STYLE ('',( #2665 ) ) ;
#474 = VERTEX_POINT ( 'NONE', #7757 ) ;
#473 = CARTESIAN_POINT ( 'NONE',  ( -21.08999999999999600, 1.000000000000000000, -13.52000000000000300 ) ) ;
#475 = VERTEX_POINT ( 'NONE', #9362 ) ;
#476 = ORIENTED_EDGE ( 'NONE', *, *, #9991, .F. ) ;
#477 = FILL_AREA_STYLE_COLOUR ( '', #7380 ) ;
#478 = VECTOR ( 'NONE', #9551, 1000.000000000000000 ) ;
#479 = EDGE_CURVE ( 'NONE', #7100, #3889, #9293, .T. ) ;
#480 = DIRECTION ( 'NONE',  ( -1.000000000000000000, 0.0000000000000000000, -0.0000000000000000000 ) ) ;
#481 = VERTEX_POINT ( 'NONE', #3867 ) ;
#482 =( NAMED_UNIT ( * ) PLANE_ANGLE_UNIT ( ) SI_UNIT ( $, .RADIAN. ) );
#483 = STYLED_ITEM ( 'NONE', ( #8860 ), #4936 ) ;
#484 = ORIENTED_EDGE ( 'NONE', *, *, #2921, .F. ) ;
#485 = ADVANCED_FACE ( 'NONE', ( #8326 ), #3100, .T. ) ;
#486 = EDGE_LOOP ( 'NONE', ( #5568, #5514, #2434, #5495 ) ) ;
#487 = DIRECTION ( 'NONE',  ( 0.0000000000000000000, -1.000000000000000000, 4.336808689942017700E-015 ) ) ;
#488 = EDGE_CURVE ( 'NONE', #6499, #1841, #3272, .T. ) ;
#489 = CARTESIAN_POINT ( 'NONE',  ( 24.63000000000000600, 0.2000000000000000900, 14.12000000000000100 ) ) ;
#490 = ORIENTED_EDGE ( 'NONE', *, *, #5049, .T. ) ;
#491 = AXIS2_PLACEMENT_3D ( 'NONE', #9328, #1477, #6962 ) ;
#492 = ORIENTED_EDGE ( 'NONE', *, *, #3616, .F. ) ;
#493 = DIRECTION ( 'NONE',  ( 1.000000000000000000, 0.0000000000000000000, 0.0000000000000000000 ) ) ;
#494 = CARTESIAN_POINT ( 'NONE',  ( -8.639999999999998800, 1.300000000000000000, -14.12000000000000300 ) ) ;
#495 = CARTESIAN_POINT ( 'NONE',  ( -1.769999999999997400, 1.000000000000000000, -13.82000000000000200 ) ) ;
#496 = ORIENTED_EDGE ( 'NONE', *, *, #2565, .F. ) ;
#497 = LINE ( 'NONE', #5677, #7018 ) ;
#498 = ORIENTED_EDGE ( 'NONE', *, *, #5181, .F. ) ;
#499 = DIRECTION ( 'NONE',  ( 0.0000000000000000000, 0.0000000000000000000, -1.000000000000000000 ) ) ;
#500 = DIRECTION ( 'NONE',  ( -1.000000000000000000, -0.0000000000000000000, -0.0000000000000000000 ) ) ;
#501 = DIRECTION ( 'NONE',  ( 0.0000000000000000000, -1.000000000000000000, 0.0000000000000000000 ) ) ;
#502 =( NAMED_UNIT ( * ) SI_UNIT ( $, .STERADIAN. ) SOLID_ANGLE_UNIT ( ) );
#503 = EDGE_CURVE ( 'NONE', #2869, #3273, #5595, .T. ) ;
#504 = LINE ( 'NONE', #1690, #7519 ) ;
#505 = VERTEX_POINT ( 'NONE', #894 ) ;
#506 = EDGE_CURVE ( 'NONE', #9955, #2298, #2534, .T. ) ;
#507 = MECHANICAL_DESIGN_GEOMETRIC_PRESENTATION_REPRESENTATION (  '', ( #7555 ), #20 ) ;
#508 = CARTESIAN_POINT ( 'NONE',  ( 16.76000000000000500, 1.300000000000000000, -13.52000000000000300 ) ) ;
#509 = AXIS2_PLACEMENT_3D ( 'NONE', #5781, #299, #9026 ) ;
#510 = CARTESIAN_POINT ( 'NONE',  ( 24.08999999999999300, 1.700000000000000000, 7.934999999999997800 ) ) ;
#511 = ADVANCED_FACE ( 'NONE', ( #10184 ), #9507, .T. ) ;
#512 = MANIFOLD_SOLID_BREP ( 'Cut-Extrude3', #6025 ) ;
#513 = DIRECTION ( 'NONE',  ( -1.000000000000000000, -0.0000000000000000000, -0.0000000000000000000 ) ) ;
#514 = VECTOR ( 'NONE', #5740, 1000.000000000000000 ) ;
#515 = PLANE ( 'NONE',  #6168 ) ;
#516 = VECTOR ( 'NONE', #6131, 1000.000000000000000 ) ;
#517 = EDGE_LOOP ( 'NONE', ( #4296, #939, #7410, #6220, #6913, #4746, #4392, #6391 ) ) ;
#518 = VERTEX_POINT ( 'NONE', #9534 ) ;
#519 = LINE ( 'NONE', #1373, #8308 ) ;
#520 = CARTESIAN_POINT ( 'NONE',  ( 9.390000000000002300, 0.2000000000000000100, -13.81999999999999900 ) ) ;
#521 = VERTEX_POINT ( 'NONE', #4827 ) ;
#522 = FACE_OUTER_BOUND ( 'NONE', #4781, .T. ) ;
#523 = DIRECTION ( 'NONE',  ( 0.0000000000000000000, 0.0000000000000000000, 1.000000000000000000 ) ) ;
#524 = DIRECTION ( 'NONE',  ( 1.000000000000000000, 0.0000000000000000000, 0.0000000000000000000 ) ) ;
#525 = DIRECTION ( 'NONE',  ( 0.0000000000000000000, 1.000000000000000000, 0.0000000000000000000 ) ) ;
#526 =( GEOMETRIC_REPRESENTATION_CONTEXT ( 3 ) GLOBAL_UNCERTAINTY_ASSIGNED_CONTEXT ( ( #7510 ) ) GLOBAL_UNIT_ASSIGNED_CONTEXT ( ( #1355, #2956, #4431 ) ) REPRESENTATION_CONTEXT ( 'NONE', 'WORKASPACE' ) );
#527 = PLANE ( 'NONE',  #4476 ) ;
#528 = CARTESIAN_POINT ( 'NONE',  ( -24.09000000000000700, 1.800000000000000000, -4.074999999999995700 ) ) ;
#529 = VECTOR ( 'NONE', #4288, 1000.000000000000000 ) ;
#530 = DIRECTION ( 'NONE',  ( -1.000000000000000000, 0.0000000000000000000, 1.261617073437678000E-016 ) ) ;
#531 = FACE_OUTER_BOUND ( 'NONE', #1942, .T. ) ;
#532 = CARTESIAN_POINT ( 'NONE',  ( 24.38000000000000600, 1.300000000000000000, -13.52000000000000300 ) ) ;
#533 = ADVANCED_FACE ( 'NONE', ( #4611 ), #1746, .F. ) ;
#534 = EDGE_CURVE ( 'NONE', #4788, #1489, #7063, .T. ) ;
#535 = VECTOR ( 'NONE', #1502, 1000.000000000000000 ) ;
#536 = FACE_OUTER_BOUND ( 'NONE', #786, .T. ) ;
#537 =( LENGTH_UNIT ( ) NAMED_UNIT ( * ) SI_UNIT ( .MILLI., .METRE. ) );
#538 = LINE ( 'NONE', #408, #151 ) ;
#539 = VECTOR ( 'NONE', #7877, 1000.000000000000000 ) ;
#540 = FACE_BOUND ( 'NONE', #5664, .T. ) ;
#541 = ORIENTED_EDGE ( 'NONE', *, *, #4264, .T. ) ;
#542 = DIRECTION ( 'NONE',  ( 0.0000000000000000000, -0.0000000000000000000, 1.000000000000000000 ) ) ;
#543 = CARTESIAN_POINT ( 'NONE',  ( 6.100000000000001400, -8.000000000000000000, -14.12000000000000300 ) ) ;
#544 = VERTEX_POINT ( 'NONE', #6369 ) ;
#545 = EDGE_LOOP ( 'NONE', ( #1266, #4545, #1802, #4001 ) ) ;
#546 = DIRECTION ( 'NONE',  ( 1.000000000000000000, 0.0000000000000000000, -0.0000000000000000000 ) ) ;
#547 = DIRECTION ( 'NONE',  ( -1.000000000000000000, -0.0000000000000000000, -0.0000000000000000000 ) ) ;
#548 = CARTESIAN_POINT ( 'NONE',  ( -27.49999999999999600, 1.000000000000000000, 13.82000000000000200 ) ) ;
#549 = ORIENTED_EDGE ( 'NONE', *, *, #5937, .F. ) ;
#550 = EDGE_CURVE ( 'NONE', #2953, #9111, #9060, .T. ) ;
#551 = EDGE_LOOP ( 'NONE', ( #8243, #120, #3316, #4815 ) ) ;
#552 = LINE ( 'NONE', #3000, #3274 ) ;
#553 = FACE_OUTER_BOUND ( 'NONE', #2852, .T. ) ;
#554 = ORIENTED_EDGE ( 'NONE', *, *, #4861, .F. ) ;
#555 = AXIS2_PLACEMENT_3D ( 'NONE', #4375, #2084, #2047 ) ;
#556 = CARTESIAN_POINT ( 'NONE',  ( 9.140000000000002300, 1.300000000000000000, -14.12000000000000300 ) ) ;
#557 = VECTOR ( 'NONE', #7126, 1000.000000000000000 ) ;
#558 = CARTESIAN_POINT ( 'NONE',  ( -13.71999999999999700, -8.000000000000000000, -14.12000000000000300 ) ) ;
#559 = CARTESIAN_POINT ( 'NONE',  ( 27.50000000000001100, 0.2500000000000003300, 3.429999999999999300 ) ) ;
#560 = EDGE_LOOP ( 'NONE', ( #8462, #9726, #9718, #4616 ) ) ;
#561 = ORIENTED_EDGE ( 'NONE', *, *, #2677, .T. ) ;
#562 = CARTESIAN_POINT ( 'NONE',  ( -5.849999999999997900, 0.2000000000000000100, -13.81999999999999900 ) ) ;
#563 = VERTEX_POINT ( 'NONE', #9608 ) ;
#564 = VERTEX_POINT ( 'NONE', #4801 ) ;
#565 = FILL_AREA_STYLE ('',( #667 ) ) ;
#566 = EDGE_LOOP ( 'NONE', ( #3075, #5596, #3651, #312, #3324, #7013, #8626, #4828 ) ) ;
#567 = FACE_OUTER_BOUND ( 'NONE', #9812, .T. ) ;
#568 = PLANE ( 'NONE',  #9650 ) ;
#569 = LINE ( 'NONE', #3276, #5223 ) ;
#570 = CARTESIAN_POINT ( 'NONE',  ( 24.63000000000000600, 0.2000000000000000100, -13.81999999999999900 ) ) ;
#571 = EDGE_CURVE ( 'NONE', #9905, #5599, #5104, .T. ) ;
#572 = CARTESIAN_POINT ( 'NONE',  ( 14.47000000000000400, 1.300000000000000000, -14.12000000000000300 ) ) ;
#573 = EDGE_CURVE ( 'NONE', #595, #1931, #5232, .T. ) ;
#574 = VECTOR ( 'NONE', #5383, 1000.000000000000000 ) ;
#575 = CARTESIAN_POINT ( 'NONE',  ( 8.390000000000002300, 0.2000000000000000100, -14.12000000000000100 ) ) ;
#576 = FACE_OUTER_BOUND ( 'NONE', #3811, .T. ) ;
#577 = ORIENTED_EDGE ( 'NONE', *, *, #1768, .F. ) ;
#578 = DIRECTION ( 'NONE',  ( 0.0000000000000000000, 0.0000000000000000000, -1.000000000000000000 ) ) ;
#579 = EDGE_CURVE ( 'NONE', #10080, #5370, #413, .T. ) ;
#580 = ORIENTED_EDGE ( 'NONE', *, *, #5057, .T. ) ;
#581 = VECTOR ( 'NONE', #10277, 1000.000000000000000 ) ;
#582 = CARTESIAN_POINT ( 'NONE',  ( 9.390000000000002300, 1.300000000000000000, -14.12000000000000300 ) ) ;
#583 = EDGE_CURVE ( 'NONE', #1585, #7240, #7431, .T. ) ;
#584 = LINE ( 'NONE', #3402, #6724 ) ;
#585 = ADVANCED_FACE ( 'NONE', ( #4118 ), #6428, .F. ) ;
#586 = ORIENTED_EDGE ( 'NONE', *, *, #6058, .T. ) ;
#587 = DIRECTION ( 'NONE',  ( 1.000000000000000000, 0.0000000000000000000, -1.261617073437678000E-016 ) ) ;
#588 = EDGE_CURVE ( 'NONE', #9495, #8002, #2294, .T. ) ;
#589 = ORIENTED_EDGE ( 'NONE', *, *, #8509, .T. ) ;
#590 = DIRECTION ( 'NONE',  ( 0.0000000000000000000, -0.0000000000000000000, 1.000000000000000000 ) ) ;
#591 = CARTESIAN_POINT ( 'NONE',  ( 3.310000000000004100, 1.300000000000000000, -14.12000000000000300 ) ) ;
#592 = LINE ( 'NONE', #8627, #213 ) ;
#593 = DIRECTION ( 'NONE',  ( 0.0000000000000000000, -1.000000000000000000, 0.0000000000000000000 ) ) ;
#594 = VECTOR ( 'NONE', #578, 1000.000000000000000 ) ;
#595 = VERTEX_POINT ( 'NONE', #3360 ) ;
#596 = ADVANCED_FACE ( 'NONE', ( #4980 ), #5620, .F. ) ;
#597 = ORIENTED_EDGE ( 'NONE', *, *, #204, .T. ) ;
#598 = DIRECTION ( 'NONE',  ( 0.0000000000000000000, -0.0000000000000000000, 1.000000000000000000 ) ) ;
#599 = ORIENTED_EDGE ( 'NONE', *, *, #3815, .T. ) ;
#600 = ORIENTED_EDGE ( 'NONE', *, *, #3792, .F. ) ;
#601 = VECTOR ( 'NONE', #4300, 1000.000000000000000 ) ;
#602 = PLANE ( 'NONE',  #2857 ) ;
#603 = CARTESIAN_POINT ( 'NONE',  ( 22.09000000000000700, 1.000000000000000000, 13.82000000000000200 ) ) ;
#604 = VERTEX_POINT ( 'NONE', #102 ) ;
#605 = CARTESIAN_POINT ( 'NONE',  ( 21.84000000000000700, -8.000000000000000000, 14.12000000000000300 ) ) ;
#606 = CARTESIAN_POINT ( 'NONE',  ( -9.139999999999998800, 0.2000000000000000100, -14.12000000000000100 ) ) ;
#607 = ORIENTED_EDGE ( 'NONE', *, *, #7348, .F. ) ;
#608 = EDGE_CURVE ( 'NONE', #9118, #1034, #3871, .T. ) ;
#609 = MECHANICAL_DESIGN_GEOMETRIC_PRESENTATION_REPRESENTATION (  '', ( #60 ), #936 ) ;
#610 = FACE_OUTER_BOUND ( 'NONE', #1559, .T. ) ;
#611 = DIRECTION ( 'NONE',  ( 0.0000000000000000000, 0.0000000000000000000, -1.000000000000000000 ) ) ;
#612 = DIRECTION ( 'NONE',  ( -1.000000000000000000, -0.0000000000000000000, -0.0000000000000000000 ) ) ;
#613 = DIRECTION ( 'NONE',  ( 0.0000000000000000000, 1.000000000000000000, 0.0000000000000000000 ) ) ;
#614 = ORIENTED_EDGE ( 'NONE', *, *, #1105, .F. ) ;
#615 = EDGE_CURVE ( 'NONE', #5676, #7737, #9949, .T. ) ;
#616 = PLANE ( 'NONE',  #1282 ) ;
#617 = DIRECTION ( 'NONE',  ( 0.0000000000000000000, -0.0000000000000000000, 1.000000000000000000 ) ) ;
#618 = STYLED_ITEM ( 'NONE', ( #1565 ), #5687 ) ;
#619 = ORIENTED_EDGE ( 'NONE', *, *, #2821, .F. ) ;
#620 = DIRECTION ( 'NONE',  ( -0.0000000000000000000, -1.000000000000000000, -0.0000000000000000000 ) ) ;
#621 = DIRECTION ( 'NONE',  ( 0.0000000000000000000, 0.0000000000000000000, -1.000000000000000000 ) ) ;
#622 = LINE ( 'NONE', #3551, #8278 ) ;
#623 = VERTEX_POINT ( 'NONE', #4181 ) ;
#624 = CARTESIAN_POINT ( 'NONE',  ( 22.09000000000000700, 1.300000000000000000, 14.12000000000000300 ) ) ;
#625 = EDGE_CURVE ( 'NONE', #5318, #4692, #7808, .T. ) ;
#626 = CARTESIAN_POINT ( 'NONE',  ( -23.87999999999999900, -8.000000000000000000, 13.82000000000000200 ) ) ;
#627 = VERTEX_POINT ( 'NONE', #9714 ) ;
#628 = CARTESIAN_POINT ( 'NONE',  ( -25.50000000000000700, 1.700000000000000000, -5.319999999999996700 ) ) ;
#629 = VECTOR ( 'NONE', #5321, 1000.000000000000000 ) ;
#630 = CARTESIAN_POINT ( 'NONE',  ( 1.520000000000004000, 0.2000000000000005100, -13.82000000000000200 ) ) ;
#631 = ADVANCED_FACE ( 'NONE', ( #1536 ), #1084, .F. ) ;
#632 = ORIENTED_EDGE ( 'NONE', *, *, #268, .T. ) ;
#633 = CARTESIAN_POINT ( 'NONE',  ( -3.000000000000017300, 1.000000000000000000, -9.650000000000000400 ) ) ;
#634 = DIRECTION ( 'NONE',  ( -1.000000000000000000, 0.0000000000000000000, -0.0000000000000000000 ) ) ;
#635 = AXIS2_PLACEMENT_3D ( 'NONE', #10255, #3186, #10153 ) ;
#636 = CARTESIAN_POINT ( 'NONE',  ( 1.020000000000003600, 0.2000000000000000100, -14.12000000000000100 ) ) ;
#637 = CARTESIAN_POINT ( 'NONE',  ( -16.00999999999999800, 0.2000000000000000100, -14.12000000000000100 ) ) ;
#638 = CARTESIAN_POINT ( 'NONE',  ( 5.850000000000001400, 0.2000000000000000100, -14.12000000000000100 ) ) ;
#639 = EDGE_CURVE ( 'NONE', #7325, #6886, #5838, .T. ) ;
#640 = LINE ( 'NONE', #31, #8779 ) ;
#641 =( NAMED_UNIT ( * ) PLANE_ANGLE_UNIT ( ) SI_UNIT ( $, .RADIAN. ) );
#642 = CARTESIAN_POINT ( 'NONE',  ( 11.68000000000000300, 0.2000000000000000100, 0.0000000000000000000 ) ) ;
#643 = ORIENTED_EDGE ( 'NONE', *, *, #9768, .F. ) ;
#644 = ADVANCED_FACE ( 'NONE', ( #7551 ), #5039, .T. ) ;
#645 = EDGE_CURVE ( 'NONE', #376, #4855, #5712, .T. ) ;
#646 = DIRECTION ( 'NONE',  ( 0.0000000000000000000, 0.0000000000000000000, 1.000000000000000000 ) ) ;
#647 = UNCERTAINTY_MEASURE_WITH_UNIT (LENGTH_MEASURE( 1.000000000000000100E-005 ), #2619, 'distance_accuracy_value', 'NONE');
#648 = FACE_OUTER_BOUND ( 'NONE', #545, .T. ) ;
#649 = VECTOR ( 'NONE', #3990, 1000.000000000000000 ) ;
#650 = AXIS2_PLACEMENT_3D ( 'NONE', #3347, #6548, #4947 ) ;
#651 =( GEOMETRIC_REPRESENTATION_CONTEXT ( 3 ) GLOBAL_UNCERTAINTY_ASSIGNED_CONTEXT ( ( #7378 ) ) GLOBAL_UNIT_ASSIGNED_CONTEXT ( ( #2493, #7284, #4892 ) ) REPRESENTATION_CONTEXT ( 'NONE', 'WORKASPACE' ) );
#652 = DIRECTION ( 'NONE',  ( -1.000000000000000000, -0.0000000000000000000, -0.0000000000000000000 ) ) ;
#653 = VECTOR ( 'NONE', #2871, 1000.000000000000000 ) ;
#654 = PLANE ( 'NONE',  #9239 ) ;
#655 = VECTOR ( 'NONE', #835, 1000.000000000000000 ) ;
#656 = EDGE_LOOP ( 'NONE', ( #8077, #4030, #9354, #5242 ) ) ;
#657 = SURFACE_STYLE_FILL_AREA ( #8927 ) ;
#658 = CARTESIAN_POINT ( 'NONE',  ( -18.54999999999999700, 0.2000000000000000100, -13.81999999999999900 ) ) ;
#659 = LINE ( 'NONE', #6621, #6808 ) ;
#660 = DIRECTION ( 'NONE',  ( 0.0000000000000000000, 0.0000000000000000000, -1.000000000000000000 ) ) ;
#661 = VECTOR ( 'NONE', #2482, 1000.000000000000000 ) ;
#662 = PLANE ( 'NONE',  #1001 ) ;
#663 = EDGE_CURVE ( 'NONE', #6237, #1597, #3633, .T. ) ;
#664 = DIRECTION ( 'NONE',  ( -0.0000000000000000000, -1.000000000000000000, -0.0000000000000000000 ) ) ;
#665 = VECTOR ( 'NONE', #404, 1000.000000000000000 ) ;
#666 = ORIENTED_EDGE ( 'NONE', *, *, #1608, .F. ) ;
#667 = FILL_AREA_STYLE_COLOUR ( '', #1279 ) ;
#668 = FACE_OUTER_BOUND ( 'NONE', #2044, .T. ) ;
#669 = VECTOR ( 'NONE', #9622, 1000.000000000000000 ) ;
#670 = CARTESIAN_POINT ( 'NONE',  ( -23.87999999999999900, -8.000000000000000000, 13.82000000000000200 ) ) ;
#671 = PLANE ( 'NONE',  #2124 ) ;
#672 = ORIENTED_EDGE ( 'NONE', *, *, #7630, .F. ) ;
#673 = LINE ( 'NONE', #5860, #294 ) ;
#674 = VECTOR ( 'NONE', #7507, 1000.000000000000000 ) ;
#675 = EDGE_CURVE ( 'NONE', #5513, #6244, #5469, .T. ) ;
#676 = LINE ( 'NONE', #10050, #8455 ) ;
#677 = ORIENTED_EDGE ( 'NONE', *, *, #3913, .F. ) ;
#678 = ORIENTED_EDGE ( 'NONE', *, *, #822, .T. ) ;
#679 = ORIENTED_EDGE ( 'NONE', *, *, #7493, .T. ) ;
#680 = ORIENTED_EDGE ( 'NONE', *, *, #3357, .T. ) ;
#681 = EDGE_LOOP ( 'NONE', ( #1560, #9512, #8385, #6983 ) ) ;
#682 = LINE ( 'NONE', #3260, #4135 ) ;
#683 = LINE ( 'NONE', #3710, #7091 ) ;
#684 = CARTESIAN_POINT ( 'NONE',  ( 16.01000000000000500, 1.000000000000000000, -13.52000000000000300 ) ) ;
#685 = ORIENTED_EDGE ( 'NONE', *, *, #439, .F. ) ;
#686 = VERTEX_POINT ( 'NONE', #7332 ) ;
#687 = CARTESIAN_POINT ( 'NONE',  ( -4.059999999999997800, 1.300000000000000000, -14.12000000000000300 ) ) ;
#688 = DIRECTION ( 'NONE',  ( 1.000000000000000000, 0.0000000000000000000, 0.0000000000000000000 ) ) ;
#689 = VECTOR ( 'NONE', #9028, 1000.000000000000000 ) ;
#690 = FACE_OUTER_BOUND ( 'NONE', #6870, .T. ) ;
#691 = ORIENTED_EDGE ( 'NONE', *, *, #7768, .T. ) ;
#692 = ORIENTED_EDGE ( 'NONE', *, *, #9171, .F. ) ;
#693 = ADVANCED_FACE ( 'NONE', ( #10070 ), #978, .F. ) ;
#694 = ORIENTED_EDGE ( 'NONE', *, *, #550, .F. ) ;
#695 = FACE_OUTER_BOUND ( 'NONE', #8630, .T. ) ;
#696 = VECTOR ( 'NONE', #3231, 1000.000000000000000 ) ;
#697 = PLANE ( 'NONE',  #8100 ) ;
#698 = ORIENTED_EDGE ( 'NONE', *, *, #8041, .F. ) ;
#699 = DIRECTION ( 'NONE',  ( 0.0000000000000000000, 0.0000000000000000000, 1.000000000000000000 ) ) ;
#700 = CARTESIAN_POINT ( 'NONE',  ( 4.060000000000004900, 0.0000000000000000000, 0.0000000000000000000 ) ) ;
#701 = ORIENTED_EDGE ( 'NONE', *, *, #1379, .F. ) ;
#702 = VECTOR ( 'NONE', #5207, 1000.000000000000000 ) ;
#703 =( NAMED_UNIT ( * ) SI_UNIT ( $, .STERADIAN. ) SOLID_ANGLE_UNIT ( ) );
#704 = EDGE_CURVE ( 'NONE', #2079, #5299, #3758, .T. ) ;
#705 = CARTESIAN_POINT ( 'NONE',  ( 2.999999999999982200, 0.9499999999999999600, -9.650000000000000400 ) ) ;
#706 = LINE ( 'NONE', #8507, #5151 ) ;
#707 = CARTESIAN_POINT ( 'NONE',  ( 23.63000000000000600, 1.300000000000000000, 14.12000000000000300 ) ) ;
#708 = CARTESIAN_POINT ( 'NONE',  ( -22.09000000000000000, 1.000000000000000000, 13.82000000000000200 ) ) ;
#709 = ORIENTED_EDGE ( 'NONE', *, *, #1358, .F. ) ;
#710 = EDGE_CURVE ( 'NONE', #5135, #3528, #1789, .T. ) ;
#711 = ORIENTED_EDGE ( 'NONE', *, *, #6024, .F. ) ;
#712 = ORIENTED_EDGE ( 'NONE', *, *, #5682, .F. ) ;
#713 = AXIS2_PLACEMENT_3D ( 'NONE', #3806, #10005, #2974 ) ;
#714 =( LENGTH_UNIT ( ) NAMED_UNIT ( * ) SI_UNIT ( .MILLI., .METRE. ) );
#715 = VECTOR ( 'NONE', #3485, 1000.000000000000000 ) ;
#716 = EDGE_CURVE ( 'NONE', #9084, #1841, #1654, .T. ) ;
#717 = ORIENTED_EDGE ( 'NONE', *, *, #4206, .T. ) ;
#718 = VECTOR ( 'NONE', #3545, 1000.000000000000000 ) ;
#719 = VERTEX_POINT ( 'NONE', #1910 ) ;
#720 = DIRECTION ( 'NONE',  ( -1.000000000000000000, -0.0000000000000000000, -0.0000000000000000000 ) ) ;
#721 = ORIENTED_EDGE ( 'NONE', *, *, #7572, .T. ) ;
#722 = DIRECTION ( 'NONE',  ( -0.0000000000000000000, 1.000000000000000000, -0.0000000000000000000 ) ) ;
#723 = ORIENTED_EDGE ( 'NONE', *, *, #8696, .F. ) ;
#724 = CARTESIAN_POINT ( 'NONE',  ( 24.63000000000000600, 1.000000000000000000, -13.52000000000000300 ) ) ;
#725 = VERTEX_POINT ( 'NONE', #6568 ) ;
#726 = AXIS2_PLACEMENT_3D ( 'NONE', #7621, #6863, #8504 ) ;
#727 = AXIS2_PLACEMENT_3D ( 'NONE', #9160, #4363, #4503 ) ;
#728 = PLANE ( 'NONE',  #9934 ) ;
#729 = VERTEX_POINT ( 'NONE', #8974 ) ;
#730 = CARTESIAN_POINT ( 'NONE',  ( 24.63000000000000600, 0.0000000000000000000, 0.0000000000000000000 ) ) ;
#731 = CARTESIAN_POINT ( 'NONE',  ( -24.09000000000000700, 1.700000000000000000, -4.074999999999995700 ) ) ;
#732 = VERTEX_POINT ( 'NONE', #3436 ) ;
#733 = DIRECTION ( 'NONE',  ( 0.0000000000000000000, 1.000000000000000000, -1.577021341797097600E-015 ) ) ;
#734 = ADVANCED_FACE ( 'NONE', ( #6561 ), #2687, .F. ) ;
#735 = PLANE ( 'NONE',  #4581 ) ;
#736 = EDGE_CURVE ( 'NONE', #1683, #5692, #4234, .T. ) ;
#737 = ORIENTED_EDGE ( 'NONE', *, *, #6061, .F. ) ;
#738 = EDGE_CURVE ( 'NONE', #805, #2485, #4480, .T. ) ;
#739 = AXIS2_PLACEMENT_3D ( 'NONE', #8646, #3242, #6231 ) ;
#740 = DIRECTION ( 'NONE',  ( 0.0000000000000000000, -0.0000000000000000000, -1.000000000000000000 ) ) ;
#741 = ORIENTED_EDGE ( 'NONE', *, *, #8950, .T. ) ;
#742 = ORIENTED_EDGE ( 'NONE', *, *, #6904, .T. ) ;
#743 = ADVANCED_FACE ( 'NONE', ( #2152 ), #2890, .F. ) ;
#744 = ORIENTED_EDGE ( 'NONE', *, *, #1138, .T. ) ;
#745 = CARTESIAN_POINT ( 'NONE',  ( -13.71999999999999700, 1.000000000000000000, -13.82000000000000200 ) ) ;
#746 = VECTOR ( 'NONE', #6631, 1000.000000000000000 ) ;
#747 = ORIENTED_EDGE ( 'NONE', *, *, #5526, .F. ) ;
#748 = CARTESIAN_POINT ( 'NONE',  ( 16.76000000000000500, 1.300000000000000000, -13.52000000000000300 ) ) ;
#749 = DIRECTION ( 'NONE',  ( 0.0000000000000000000, 0.0000000000000000000, 1.000000000000000000 ) ) ;
#750 = DIRECTION ( 'NONE',  ( -1.000000000000000000, -0.0000000000000000000, -0.0000000000000000000 ) ) ;
#751 = CARTESIAN_POINT ( 'NONE',  ( -13.71999999999999700, -8.000000000000000000, -14.12000000000000300 ) ) ;
#752 = LINE ( 'NONE', #4291, #3117 ) ;
#753 = ORIENTED_EDGE ( 'NONE', *, *, #3945, .T. ) ;
#754 = DIRECTION ( 'NONE',  ( -1.000000000000000000, -0.0000000000000000000, -0.0000000000000000000 ) ) ;
#755 = EDGE_CURVE ( 'NONE', #180, #8716, #4351, .T. ) ;
#756 = CARTESIAN_POINT ( 'NONE',  ( 23.63000000000000600, 1.000000000000000000, 13.82000000000000200 ) ) ;
#757 = CARTESIAN_POINT ( 'NONE',  ( -14.46999999999999900, 1.000000000000000000, -13.52000000000000300 ) ) ;
#758 = LINE ( 'NONE', #9415, #6064 ) ;
#759 = CARTESIAN_POINT ( 'NONE',  ( 16.01000000000000500, 1.300000000000000000, -13.52000000000000300 ) ) ;
#760 = VECTOR ( 'NONE', #9265, 1000.000000000000000 ) ;
#761 = ORIENTED_EDGE ( 'NONE', *, *, #3319, .F. ) ;
#762 = EDGE_CURVE ( 'NONE', #7699, #7316, #4735, .T. ) ;
#763 = LINE ( 'NONE', #3181, #8027 ) ;
#764 = DIRECTION ( 'NONE',  ( 1.000000000000000000, 0.0000000000000000000, 0.0000000000000000000 ) ) ;
#765 = ORIENTED_EDGE ( 'NONE', *, *, #7026, .F. ) ;
#766 = EDGE_CURVE ( 'NONE', #4166, #4088, #7421, .T. ) ;
#767 = VECTOR ( 'NONE', #8410, 1000.000000000000000 ) ;
#768 =( NAMED_UNIT ( * ) SI_UNIT ( $, .STERADIAN. ) SOLID_ANGLE_UNIT ( ) );
#769 = VECTOR ( 'NONE', #6502, 1000.000000000000000 ) ;
#770 = EDGE_CURVE ( 'NONE', #8286, #800, #10176, .T. ) ;
#771 = DIRECTION ( 'NONE',  ( -1.000000000000000000, 0.0000000000000000000, -0.0000000000000000000 ) ) ;
#772 = LINE ( 'NONE', #397, #9936 ) ;
#773 = ADVANCED_FACE ( 'NONE', ( #2527 ), #5144, .F. ) ;
#774 = LINE ( 'NONE', #559, #7544 ) ;
#775 = AXIS2_PLACEMENT_3D ( 'NONE', #8374, #4295, #4325 ) ;
#776 = SURFACE_STYLE_FILL_AREA ( #3864 ) ;
#777 = AXIS2_PLACEMENT_3D ( 'NONE', #4705, #7892, #6348 ) ;
#778 = DIRECTION ( 'NONE',  ( -1.000000000000000000, -0.0000000000000000000, -0.0000000000000000000 ) ) ;
#779 = VECTOR ( 'NONE', #354, 1000.000000000000000 ) ;
#780 = DIRECTION ( 'NONE',  ( 0.0000000000000000000, 0.0000000000000000000, -1.000000000000000000 ) ) ;
#781 = FACE_OUTER_BOUND ( 'NONE', #4609, .T. ) ;
#782 = LINE ( 'NONE', #9215, #25 ) ;
#783 = VECTOR ( 'NONE', #7228, 1000.000000000000000 ) ;
#784 = ORIENTED_EDGE ( 'NONE', *, *, #9399, .F. ) ;
#785 = PLANE ( 'NONE',  #6925 ) ;
#786 = EDGE_LOOP ( 'NONE', ( #7932, #723, #7980, #597 ) ) ;
#787 = VERTEX_POINT ( 'NONE', #6666 ) ;
#788 = CARTESIAN_POINT ( 'NONE',  ( -25.50000000000000700, 1.700000000000000000, 9.180000000000003300 ) ) ;
#789 = EDGE_CURVE ( 'NONE', #4658, #9909, #8179, .T. ) ;
#790 = AXIS2_PLACEMENT_3D ( 'NONE', #3288, #3356, #5680 ) ;
#791 = EDGE_LOOP ( 'NONE', ( #5632, #600, #428, #2850, #5898, #9360 ) ) ;
#792 = CARTESIAN_POINT ( 'NONE',  ( -16.25999999999999800, 1.000000000000000000, -13.82000000000000200 ) ) ;
#793 = EDGE_LOOP ( 'NONE', ( #3415, #6106, #8107, #8076 ) ) ;
#794 = ORIENTED_EDGE ( 'NONE', *, *, #5880, .F. ) ;
#795 = FACE_OUTER_BOUND ( 'NONE', #2320, .T. ) ;
#796 = FACE_OUTER_BOUND ( 'NONE', #8614, .T. ) ;
#797 = ORIENTED_EDGE ( 'NONE', *, *, #5704, .F. ) ;
#798 = DIRECTION ( 'NONE',  ( 1.000000000000000000, 0.0000000000000000000, 0.0000000000000000000 ) ) ;
#799 = LINE ( 'NONE', #1116, #1558 ) ;
#800 = VERTEX_POINT ( 'NONE', #9174 ) ;
#801 = EDGE_LOOP ( 'NONE', ( #6792, #10143, #7992, #5380, #3881, #9407, #3284, #5194 ) ) ;
#802 = DIRECTION ( 'NONE',  ( 1.000000000000000000, 0.0000000000000000000, 0.0000000000000000000 ) ) ;
#803 = CARTESIAN_POINT ( 'NONE',  ( -1.019999999999996700, 1.300000000000000000, -14.12000000000000300 ) ) ;
#804 = EDGE_LOOP ( 'NONE', ( #8939, #9148, #3526, #8820 ) ) ;
#805 = VERTEX_POINT ( 'NONE', #4376 ) ;
#806 = EDGE_CURVE ( 'NONE', #521, #2209, #3861, .T. ) ;
#807 = VERTEX_POINT ( 'NONE', #5853 ) ;
#808 = FACE_OUTER_BOUND ( 'NONE', #10140, .T. ) ;
#809 = VECTOR ( 'NONE', #5198, 1000.000000000000000 ) ;
#810 = DIRECTION ( 'NONE',  ( -1.000000000000000000, -0.0000000000000000000, -0.0000000000000000000 ) ) ;
#811 = AXIS2_PLACEMENT_3D ( 'NONE', #5189, #493, #5932 ) ;
#812 = DIRECTION ( 'NONE',  ( 0.0000000000000000000, 0.0000000000000000000, 1.000000000000000000 ) ) ;
#813 = LINE ( 'NONE', #10029, #56 ) ;
#814 = LINE ( 'NONE', #7401, #4517 ) ;
#815 = VERTEX_POINT ( 'NONE', #7466 ) ;
#816 = CARTESIAN_POINT ( 'NONE',  ( -24.09000000000000700, 1.700000000000000000, 7.935000000000006700 ) ) ;
#817 = VERTEX_POINT ( 'NONE', #8251 ) ;
#818 = DIRECTION ( 'NONE',  ( 0.0000000000000000000, 0.0000000000000000000, -1.000000000000000000 ) ) ;
#819 = DIRECTION ( 'NONE',  ( 0.0000000000000000000, 0.0000000000000000000, -1.000000000000000000 ) ) ;
#820 = FACE_OUTER_BOUND ( 'NONE', #215, .T. ) ;
#821 = DIRECTION ( 'NONE',  ( 0.0000000000000000000, 0.0000000000000000000, -1.000000000000000000 ) ) ;
#822 = EDGE_CURVE ( 'NONE', #5975, #6128, #3027, .T. ) ;
#823 = LINE ( 'NONE', #9677, #69 ) ;
#824 = VERTEX_POINT ( 'NONE', #9142 ) ;
#825 = DIRECTION ( 'NONE',  ( 0.0000000000000000000, 1.000000000000000000, 0.0000000000000000000 ) ) ;
#826 = ORIENTED_EDGE ( 'NONE', *, *, #7760, .T. ) ;
#827 = ORIENTED_EDGE ( 'NONE', *, *, #9433, .F. ) ;
#828 = CARTESIAN_POINT ( 'NONE',  ( -22.09000000000000000, 1.300000000000000000, 14.12000000000000300 ) ) ;
#829 = UNCERTAINTY_MEASURE_WITH_UNIT (LENGTH_MEASURE( 1.000000000000000100E-005 ), #7675, 'distance_accuracy_value', 'NONE');
#830 = DIRECTION ( 'NONE',  ( 0.0000000000000000000, -0.0000000000000000000, -1.000000000000000000 ) ) ;
#831 = ADVANCED_FACE ( 'NONE', ( #4109 ), #1230, .T. ) ;
#832 = DIRECTION ( 'NONE',  ( 0.0000000000000000000, 0.0000000000000000000, -1.000000000000000000 ) ) ;
#833 = ORIENTED_EDGE ( 'NONE', *, *, #7649, .T. ) ;
#834 = ORIENTED_EDGE ( 'NONE', *, *, #7106, .F. ) ;
#835 = DIRECTION ( 'NONE',  ( 0.0000000000000000000, 0.0000000000000000000, 1.000000000000000000 ) ) ;
#836 = EDGE_CURVE ( 'NONE', #2841, #5783, #8039, .T. ) ;
#837 = ORIENTED_EDGE ( 'NONE', *, *, #7110, .F. ) ;
#838 = PLANE ( 'NONE',  #7250 ) ;
#839 = LINE ( 'NONE', #8377, #9877 ) ;
#840 = CARTESIAN_POINT ( 'NONE',  ( -23.87999999999999900, -8.000000000000000000, -14.12000000000000300 ) ) ;
#841 = CARTESIAN_POINT ( 'NONE',  ( 18.80000000000000400, -8.000000000000000000, -14.12000000000000300 ) ) ;
#842 = EDGE_CURVE ( 'NONE', #4574, #787, #2787, .T. ) ;
#843 = EDGE_LOOP ( 'NONE', ( #9980, #1553, #10124, #5720, #6857, #7200 ) ) ;
#844 = AXIS2_PLACEMENT_3D ( 'NONE', #4359, #1934, #5941 ) ;
#845 = VERTEX_POINT ( 'NONE', #4311 ) ;
#846 = CARTESIAN_POINT ( 'NONE',  ( 18.55000000000000400, 1.000000000000000000, -13.82000000000000200 ) ) ;
#847 = PRESENTATION_LAYER_ASSIGNMENT (  '', '', ( #6137 ) ) ;
#848 = FACE_OUTER_BOUND ( 'NONE', #1846, .T. ) ;
#849 = DIRECTION ( 'NONE',  ( 0.0000000000000000000, -1.000000000000000000, 4.336808689942017700E-015 ) ) ;
#850 = CARTESIAN_POINT ( 'NONE',  ( 23.63000000000000600, 0.2000000000000000100, -13.81999999999999900 ) ) ;
#851 = DIRECTION ( 'NONE',  ( -1.000000000000000000, -0.0000000000000000000, -0.0000000000000000000 ) ) ;
#852 = CARTESIAN_POINT ( 'NONE',  ( -18.79999999999999700, 1.300000000000000000, -13.52000000000000300 ) ) ;
#853 = PLANE ( 'NONE',  #739 ) ;
#854 = DIRECTION ( 'NONE',  ( -0.0000000000000000000, -1.000000000000000000, -0.0000000000000000000 ) ) ;
#855 = EDGE_LOOP ( 'NONE', ( #7334, #679, #2970, #8408 ) ) ;
#856 = ORIENTED_EDGE ( 'NONE', *, *, #5193, .T. ) ;
#857 = CARTESIAN_POINT ( 'NONE',  ( 24.08999999999999300, 2.000000000000000000, -4.074999999999997500 ) ) ;
#858 = ORIENTED_EDGE ( 'NONE', *, *, #4303, .F. ) ;
#859 = DIRECTION ( 'NONE',  ( 0.0000000000000000000, -1.000000000000000000, -1.577021341797097600E-015 ) ) ;
#860 = DIRECTION ( 'NONE',  ( -1.000000000000000000, 0.0000000000000000000, -0.0000000000000000000 ) ) ;
#861 = ORIENTED_EDGE ( 'NONE', *, *, #6904, .F. ) ;
#862 = DIRECTION ( 'NONE',  ( -1.000000000000000000, 0.0000000000000000000, 0.0000000000000000000 ) ) ;
#863 = VERTEX_POINT ( 'NONE', #1292 ) ;
#864 = EDGE_CURVE ( 'NONE', #3571, #376, #538, .T. ) ;
#865 = CARTESIAN_POINT ( 'NONE',  ( -6.599999999999997900, -8.000000000000000000, -14.12000000000000300 ) ) ;
#866 = AXIS2_PLACEMENT_3D ( 'NONE', #10120, #6193, #617 ) ;
#867 = DIRECTION ( 'NONE',  ( 0.0000000000000000000, -1.000000000000000000, 4.336808689942017700E-015 ) ) ;
#868 = VECTOR ( 'NONE', #7169, 1000.000000000000000 ) ;
#869 = DIRECTION ( 'NONE',  ( -1.000000000000000000, -0.0000000000000000000, -0.0000000000000000000 ) ) ;
#870 = CARTESIAN_POINT ( 'NONE',  ( 11.93000000000000300, 0.2000000000000000100, -14.12000000000000100 ) ) ;
#871 = ORIENTED_EDGE ( 'NONE', *, *, #6840, .T. ) ;
#872 = PLANE ( 'NONE',  #6290 ) ;
#873 = CARTESIAN_POINT ( 'NONE',  ( -27.49999999999999600, 1.000000000000000000, -13.81999999999999900 ) ) ;
#874 = LINE ( 'NONE', #391, #1785 ) ;
#875 = ADVANCED_FACE ( 'NONE', ( #5826 ), #6805, .F. ) ;
#876 = VECTOR ( 'NONE', #6283, 1000.000000000000000 ) ;
#877 = PLANE ( 'NONE',  #6386 ) ;
#878 = VERTEX_POINT ( 'NONE', #9923 ) ;
#879 = CARTESIAN_POINT ( 'NONE',  ( 9.140000000000002300, -8.000000000000000000, -14.12000000000000300 ) ) ;
#880 = CARTESIAN_POINT ( 'NONE',  ( 4.060000000000004900, -8.000000000000000000, -13.82000000000000200 ) ) ;
#881 = DIRECTION ( 'NONE',  ( 1.000000000000000000, 0.0000000000000000000, 0.0000000000000000000 ) ) ;
#882 = LINE ( 'NONE', #5237, #1643 ) ;
#883 = VECTOR ( 'NONE', #5331, 1000.000000000000000 ) ;
#884 = DIRECTION ( 'NONE',  ( -0.0000000000000000000, -0.0000000000000000000, -1.000000000000000000 ) ) ;
#885 = EDGE_CURVE ( 'NONE', #5370, #824, #1778, .T. ) ;
#886 = VECTOR ( 'NONE', #9123, 1000.000000000000000 ) ;
#887 = EDGE_CURVE ( 'NONE', #9444, #4414, #9046, .T. ) ;
#888 = DIRECTION ( 'NONE',  ( -1.000000000000000000, -0.0000000000000000000, -0.0000000000000000000 ) ) ;
#889 = LINE ( 'NONE', #2979, #4594 ) ;
#890 = DIRECTION ( 'NONE',  ( -0.0000000000000000000, -0.0000000000000000000, -1.000000000000000000 ) ) ;
#891 = VERTEX_POINT ( 'NONE', #2120 ) ;
#892 = CARTESIAN_POINT ( 'NONE',  ( 19.55000000000000400, 0.0000000000000000000, 0.0000000000000000000 ) ) ;
#893 = VECTOR ( 'NONE', #859, 1000.000000000000000 ) ;
#894 = CARTESIAN_POINT ( 'NONE',  ( 24.38000000000000600, 0.2000000000000000900, 14.12000000000000300 ) ) ;
#895 = EDGE_CURVE ( 'NONE', #10198, #9698, #9807, .T. ) ;
#896 = LINE ( 'NONE', #3486, #4599 ) ;
#897 = FACE_OUTER_BOUND ( 'NONE', #9225, .T. ) ;
#898 = CARTESIAN_POINT ( 'NONE',  ( 3.310000000000004100, 0.2000000000000000100, -14.12000000000000100 ) ) ;
#899 = ADVANCED_FACE ( 'NONE', ( #2405 ), #515, .F. ) ;
#900 = ORIENTED_EDGE ( 'NONE', *, *, #5807, .T. ) ;
#901 = VECTOR ( 'NONE', #6065, 1000.000000000000000 ) ;
#902 = CARTESIAN_POINT ( 'NONE',  ( -3.559999999999997400, 1.000000000000000000, -13.82000000000000200 ) ) ;
#903 = EDGE_CURVE ( 'NONE', #8525, #9968, #8676, .T. ) ;
#904 = CARTESIAN_POINT ( 'NONE',  ( -14.21999999999999900, 0.2000000000000000100, -13.81999999999999900 ) ) ;
#905 = DIRECTION ( 'NONE',  ( 0.0000000000000000000, 0.0000000000000000000, -1.000000000000000000 ) ) ;
#906 = SURFACE_STYLE_FILL_AREA ( #6081 ) ;
#907 = LINE ( 'NONE', #6663, #8319 ) ;
#908 = ORIENTED_EDGE ( 'NONE', *, *, #8620, .F. ) ;
#909 = VECTOR ( 'NONE', #6752, 1000.000000000000000 ) ;
#910 = LINE ( 'NONE', #6112, #6938 ) ;
#911 = FILL_AREA_STYLE_COLOUR ( '', #4455 ) ;
#912 = DIRECTION ( 'NONE',  ( 0.0000000000000000000, 0.0000000000000000000, -1.000000000000000000 ) ) ;
#913 = ORIENTED_EDGE ( 'NONE', *, *, #1973, .T. ) ;
#914 = VECTOR ( 'NONE', #8936, 1000.000000000000000 ) ;
#915 = ORIENTED_EDGE ( 'NONE', *, *, #716, .T. ) ;
#916 = VECTOR ( 'NONE', #487, 1000.000000000000000 ) ;
#917 = LINE ( 'NONE', #1794, #4112 ) ;
#918 = DIRECTION ( 'NONE',  ( 0.0000000000000000000, -0.0000000000000000000, 1.000000000000000000 ) ) ;
#919 = ORIENTED_EDGE ( 'NONE', *, *, #4330, .T. ) ;
#920 =( LENGTH_UNIT ( ) NAMED_UNIT ( * ) SI_UNIT ( .MILLI., .METRE. ) );
#921 = CARTESIAN_POINT ( 'NONE',  ( -27.00000000000000400, -0.0000000000000000000, -7.320000000000002100 ) ) ;
#922 = FILL_AREA_STYLE_COLOUR ( '', #7153 ) ;
#923 = SURFACE_STYLE_FILL_AREA ( #6288 ) ;
#924 = ORIENTED_EDGE ( 'NONE', *, *, #645, .T. ) ;
#925 = DIRECTION ( 'NONE',  ( -0.0000000000000000000, -0.0000000000000000000, 1.000000000000000000 ) ) ;
#926 = ORIENTED_EDGE ( 'NONE', *, *, #8922, .T. ) ;
#927 = ORIENTED_EDGE ( 'NONE', *, *, #3659, .T. ) ;
#928 = ORIENTED_EDGE ( 'NONE', *, *, #2950, .T. ) ;
#929 = ORIENTED_EDGE ( 'NONE', *, *, #9436, .F. ) ;
#930 = LINE ( 'NONE', #8021, #8341 ) ;
#931 = PLANE ( 'NONE',  #790 ) ;
#932 = LINE ( 'NONE', #2775, #1936 ) ;
#933 = ORIENTED_EDGE ( 'NONE', *, *, #4169, .T. ) ;
#934 = LINE ( 'NONE', #6323, #2679 ) ;
#935 = EDGE_CURVE ( 'NONE', #7879, #3443, #8316, .T. ) ;
#936 =( GEOMETRIC_REPRESENTATION_CONTEXT ( 3 ) GLOBAL_UNCERTAINTY_ASSIGNED_CONTEXT ( ( #196 ) ) GLOBAL_UNIT_ASSIGNED_CONTEXT ( ( #8675, #6265, #43 ) ) REPRESENTATION_CONTEXT ( 'NONE', 'WORKASPACE' ) );
#937 = ADVANCED_FACE ( 'NONE', ( #781 ), #9482, .F. ) ;
#938 = LINE ( 'NONE', #7278, #1197 ) ;
#939 = ORIENTED_EDGE ( 'NONE', *, *, #9366, .F. ) ;
#940 = CARTESIAN_POINT ( 'NONE',  ( -11.17999999999999800, -8.000000000000000000, -13.82000000000000200 ) ) ;
#941 = DIRECTION ( 'NONE',  ( 0.0000000000000000000, 1.000000000000000000, 0.0000000000000000000 ) ) ;
#942 = VERTEX_POINT ( 'NONE', #6381 ) ;
#943 = ORIENTED_EDGE ( 'NONE', *, *, #9425, .F. ) ;
#944 = ORIENTED_EDGE ( 'NONE', *, *, #8830, .F. ) ;
#945 = FACE_OUTER_BOUND ( 'NONE', #9363, .T. ) ;
#946 = CARTESIAN_POINT ( 'NONE',  ( -24.09000000000000700, 2.000000000000000000, -4.074999999999995700 ) ) ;
#947 = CARTESIAN_POINT ( 'NONE',  ( 9.390000000000002300, 1.000000000000000000, -13.52000000000000300 ) ) ;
#948 = ORIENTED_EDGE ( 'NONE', *, *, #468, .T. ) ;
#949 = MECHANICAL_DESIGN_GEOMETRIC_PRESENTATION_REPRESENTATION (  '', ( #2011 ), #5895 ) ;
#950 = CARTESIAN_POINT ( 'NONE',  ( 22.09000000000000700, 1.000000000000000000, 13.52000000000000300 ) ) ;
#951 = ORIENTED_EDGE ( 'NONE', *, *, #10266, .T. ) ;
#952 = AXIS2_PLACEMENT_3D ( 'NONE', #3204, #3980, #5630 ) ;
#953 = DIRECTION ( 'NONE',  ( 1.000000000000000000, 0.0000000000000000000, 0.0000000000000000000 ) ) ;
#954 = LINE ( 'NONE', #2072, #6250 ) ;
#955 = DIRECTION ( 'NONE',  ( 0.0000000000000000000, -0.0000000000000000000, 1.000000000000000000 ) ) ;
#956 = ORIENTED_EDGE ( 'NONE', *, *, #4770, .T. ) ;
#957 = CARTESIAN_POINT ( 'NONE',  ( -14.21999999999999900, -8.000000000000000000, -13.82000000000000200 ) ) ;
#958 = VERTEX_POINT ( 'NONE', #950 ) ;
#959 = CARTESIAN_POINT ( 'NONE',  ( 23.88000000000000600, 0.0000000000000000000, 0.0000000000000000000 ) ) ;
#960 = EDGE_LOOP ( 'NONE', ( #8128, #8573, #5732, #10221 ) ) ;
#961 = CARTESIAN_POINT ( 'NONE',  ( 9.140000000000002300, 0.2000000000000005100, -13.82000000000000200 ) ) ;
#962 = ADVANCED_FACE ( 'NONE', ( #6812 ), #6440, .F. ) ;
#963 = SURFACE_STYLE_USAGE ( .BOTH. , #2526 ) ;
#964 = ORIENTED_EDGE ( 'NONE', *, *, #1809, .F. ) ;
#965 = EDGE_CURVE ( 'NONE', #9084, #2053, #278, .T. ) ;
#966 = LINE ( 'NONE', #5094, #467 ) ;
#967 = UNCERTAINTY_MEASURE_WITH_UNIT (LENGTH_MEASURE( 1.000000000000000100E-005 ), #5695, 'distance_accuracy_value', 'NONE');
#968 = EDGE_LOOP ( 'NONE', ( #3215, #2164, #5536, #4389 ) ) ;
#969 = VECTOR ( 'NONE', #1134, 1000.000000000000000 ) ;
#970 = DIRECTION ( 'NONE',  ( 0.0000000000000000000, 0.0000000000000000000, 1.000000000000000000 ) ) ;
#971 = ORIENTED_EDGE ( 'NONE', *, *, #8041, .T. ) ;
#972 = EDGE_LOOP ( 'NONE', ( #6173, #7336, #6341, #4201 ) ) ;
#973 = ORIENTED_EDGE ( 'NONE', *, *, #9986, .T. ) ;
#974 = SURFACE_STYLE_USAGE ( .BOTH. , #3292 ) ;
#975 = FACE_OUTER_BOUND ( 'NONE', #5869, .T. ) ;
#976 = DIRECTION ( 'NONE',  ( 1.000000000000000000, 0.0000000000000000000, 0.0000000000000000000 ) ) ;
#977 = EDGE_CURVE ( 'NONE', #191, #3640, #1410, .T. ) ;
#978 = PLANE ( 'NONE',  #3857 ) ;
#979 = ORIENTED_EDGE ( 'NONE', *, *, #7264, .F. ) ;
#980 = EDGE_CURVE ( 'NONE', #6266, #2078, #6202, .T. ) ;
#981 = ORIENTED_EDGE ( 'NONE', *, *, #2912, .T. ) ;
#982 = CARTESIAN_POINT ( 'NONE',  ( -17.00999999999999800, 0.2000000000000000100, -13.81999999999999900 ) ) ;
#983 = DIRECTION ( 'NONE',  ( -0.0000000000000000000, 1.000000000000000000, -0.0000000000000000000 ) ) ;
#984 = AXIS2_PLACEMENT_3D ( 'NONE', #7251, #1792, #1022 ) ;
#985 = PLANE ( 'NONE',  #6912 ) ;
#986 = ORIENTED_EDGE ( 'NONE', *, *, #9027, .T. ) ;
#987 = PLANE ( 'NONE',  #2258 ) ;
#988 = CARTESIAN_POINT ( 'NONE',  ( 13.72000000000000200, -8.000000000000000000, -14.12000000000000300 ) ) ;
#989 = FACE_OUTER_BOUND ( 'NONE', #3168, .T. ) ;
#990 = ADVANCED_FACE ( 'NONE', ( #3259 ), #7111, .F. ) ;
#991 = ORIENTED_EDGE ( 'NONE', *, *, #1747, .F. ) ;
#992 = ORIENTED_EDGE ( 'NONE', *, *, #9098, .T. ) ;
#993 = PLANE ( 'NONE',  #1879 ) ;
#994 = CARTESIAN_POINT ( 'NONE',  ( 16.26000000000000500, -8.000000000000000000, -13.82000000000000200 ) ) ;
#995 = PLANE ( 'NONE',  #2055 ) ;
#996 = CARTESIAN_POINT ( 'NONE',  ( -13.71999999999999700, 1.300000000000000000, -14.12000000000000300 ) ) ;
#997 = ORIENTED_EDGE ( 'NONE', *, *, #2891, .T. ) ;
#998 = CARTESIAN_POINT ( 'NONE',  ( 23.88000000000000600, 0.2000000000000000900, 13.82000000000000200 ) ) ;
#999 = VECTOR ( 'NONE', #3731, 1000.000000000000000 ) ;
#1000 = EDGE_CURVE ( 'NONE', #10043, #4658, #6317, .T. ) ;
#1001 = AXIS2_PLACEMENT_3D ( 'NONE', #731, #1472, #1369 ) ;
#1002 = EDGE_LOOP ( 'NONE', ( #7578, #6059, #9699, #5551, #8835, #5398, #3058, #8245 ) ) ;
#1003 = CARTESIAN_POINT ( 'NONE',  ( 25.49999999999998900, 1.700000000000000000, -5.319999999999996700 ) ) ;
#1004 = CARTESIAN_POINT ( 'NONE',  ( 24.63000000000000600, 0.2000000000000000900, 13.82000000000000200 ) ) ;
#1005 = CARTESIAN_POINT ( 'NONE',  ( -6.599999999999997900, -8.000000000000000000, -13.82000000000000200 ) ) ;
#1006 = VECTOR ( 'NONE', #3412, 1000.000000000000000 ) ;
#1007 = CARTESIAN_POINT ( 'NONE',  ( -3.559999999999997400, 1.300000000000000000, -14.12000000000000300 ) ) ;
#1008 = ORIENTED_EDGE ( 'NONE', *, *, #8729, .F. ) ;
#1009 = EDGE_CURVE ( 'NONE', #7420, #9909, #6932, .T. ) ;
#1010 = ADVANCED_FACE ( 'NONE', ( #9295 ), #9516, .T. ) ;
#1011 = AXIS2_PLACEMENT_3D ( 'NONE', #6394, #9666, #8894 ) ;
#1012 = DIRECTION ( 'NONE',  ( -1.000000000000000000, 0.0000000000000000000, -0.0000000000000000000 ) ) ;
#1013 = CARTESIAN_POINT ( 'NONE',  ( 6.850000000000002300, 1.300000000000000000, -14.12000000000000300 ) ) ;
#1014 = VECTOR ( 'NONE', #9596, 1000.000000000000000 ) ;
#1015 = ORIENTED_EDGE ( 'NONE', *, *, #6703, .F. ) ;
#1016 = CARTESIAN_POINT ( 'NONE',  ( -6.099999999999997900, -8.000000000000000000, -14.12000000000000300 ) ) ;
#1017 = FACE_OUTER_BOUND ( 'NONE', #2929, .T. ) ;
#1018 = EDGE_CURVE ( 'NONE', #8445, #7698, #7177, .T. ) ;
#1019 = CLOSED_SHELL ( 'NONE', ( #8454, #3521, #142, #4164, #6296, #3653 ) ) ;
#1020 = AXIS2_PLACEMENT_3D ( 'NONE', #7990, #3974, #6335 ) ;
#1021 = LINE ( 'NONE', #1383, #6418 ) ;
#1022 = DIRECTION ( 'NONE',  ( 0.0000000000000000000, 0.0000000000000000000, -1.000000000000000000 ) ) ;
#1023 = LINE ( 'NONE', #2008, #9165 ) ;
#1024 = DIRECTION ( 'NONE',  ( -1.000000000000000000, -0.0000000000000000000, -0.0000000000000000000 ) ) ;
#1025 = CARTESIAN_POINT ( 'NONE',  ( 27.50000000000001100, 0.2000000000000000100, -13.81999999999999900 ) ) ;
#1026 = CARTESIAN_POINT ( 'NONE',  ( 24.08999999999999300, 1.700000000000000000, 7.934999999999997800 ) ) ;
#1027 = PLANE ( 'NONE',  #4551 ) ;
#1028 = VECTOR ( 'NONE', #9786, 1000.000000000000000 ) ;
#1029 = LINE ( 'NONE', #2275, #2652 ) ;
#1030 = VECTOR ( 'NONE', #3593, 1000.000000000000000 ) ;
#1031 = FACE_OUTER_BOUND ( 'NONE', #3440, .T. ) ;
#1032 = DIRECTION ( 'NONE',  ( 1.000000000000000000, 0.0000000000000000000, 0.0000000000000000000 ) ) ;
#1033 = SURFACE_STYLE_FILL_AREA ( #4563 ) ;
#1034 = VERTEX_POINT ( 'NONE', #1755 ) ;
#1035 = EDGE_CURVE ( 'NONE', #6861, #5783, #1904, .T. ) ;
#1036 = ADVANCED_FACE ( 'NONE', ( #5095 ), #872, .F. ) ;
#1037 = VECTOR ( 'NONE', #4236, 1000.000000000000000 ) ;
#1038 = CARTESIAN_POINT ( 'NONE',  ( -1.019999999999996700, 1.000000000000000000, -13.52000000000000300 ) ) ;
#1039 = PLANE ( 'NONE',  #2241 ) ;
#1040 = LINE ( 'NONE', #2568, #6448 ) ;
#1041 = LINE ( 'NONE', #2020, #7310 ) ;
#1042 = ORIENTED_EDGE ( 'NONE', *, *, #2912, .F. ) ;
#1043 = EDGE_CURVE ( 'NONE', #7849, #4077, #7051, .T. ) ;
#1044 = VECTOR ( 'NONE', #4483, 1000.000000000000000 ) ;
#1045 = MECHANICAL_DESIGN_GEOMETRIC_PRESENTATION_REPRESENTATION (  '', ( #6137 ), #651 ) ;
#1046 = CARTESIAN_POINT ( 'NONE',  ( 6.600000000000001400, 1.300000000000000000, -14.12000000000000300 ) ) ;
#1047 = ORIENTED_EDGE ( 'NONE', *, *, #2751, .F. ) ;
#1048 = ORIENTED_EDGE ( 'NONE', *, *, #175, .T. ) ;
#1049 = CARTESIAN_POINT ( 'NONE',  ( -24.09000000000000700, 1.800000000000000000, 7.935000000000006700 ) ) ;
#1050 = ORIENTED_EDGE ( 'NONE', *, *, #8500, .T. ) ;
#1051 = ORIENTED_EDGE ( 'NONE', *, *, #3552, .F. ) ;
#1052 = LINE ( 'NONE', #2121, #9963 ) ;
#1053 = VECTOR ( 'NONE', #5553, 1000.000000000000000 ) ;
#1054 = ORIENTED_EDGE ( 'NONE', *, *, #7155, .F. ) ;
#1055 = CARTESIAN_POINT ( 'NONE',  ( -16.75999999999999800, -8.000000000000000000, -14.12000000000000300 ) ) ;
#1056 = CARTESIAN_POINT ( 'NONE',  ( 6.600000000000001400, 1.000000000000000000, -13.52000000000000300 ) ) ;
#1057 = FACE_OUTER_BOUND ( 'NONE', #9992, .T. ) ;
#1058 = ORIENTED_EDGE ( 'NONE', *, *, #5837, .F. ) ;
#1059 = VERTEX_POINT ( 'NONE', #2587 ) ;
#1060 = CARTESIAN_POINT ( 'NONE',  ( -16.00999999999999800, 0.2000000000000000100, -14.12000000000000100 ) ) ;
#1061 = ORIENTED_EDGE ( 'NONE', *, *, #9947, .F. ) ;
#1062 = ORIENTED_EDGE ( 'NONE', *, *, #2601, .T. ) ;
#1063 = VERTEX_POINT ( 'NONE', #1646 ) ;
#1064 = DIRECTION ( 'NONE',  ( 0.0000000000000000000, -1.000000000000000000, 0.0000000000000000000 ) ) ;
#1065 = FILL_AREA_STYLE_COLOUR ( '', #8106 ) ;
#1066 = FACE_OUTER_BOUND ( 'NONE', #2546, .T. ) ;
#1067 = CARTESIAN_POINT ( 'NONE',  ( 14.22000000000000400, -8.000000000000000000, -13.82000000000000200 ) ) ;
#1068 = ADVANCED_FACE ( 'NONE', ( #9796 ), #1093, .F. ) ;
#1069 = CARTESIAN_POINT ( 'NONE',  ( 24.38000000000000600, 0.0000000000000000000, 0.0000000000000000000 ) ) ;
#1070 = PLANE ( 'NONE',  #8331 ) ;
#1071 = LINE ( 'NONE', #9356, #2949 ) ;
#1072 = LINE ( 'NONE', #8075, #4026 ) ;
#1073 = ORIENTED_EDGE ( 'NONE', *, *, #8345, .F. ) ;
#1074 = DIRECTION ( 'NONE',  ( 1.000000000000000000, -0.0000000000000000000, 0.0000000000000000000 ) ) ;
#1075 = ORIENTED_EDGE ( 'NONE', *, *, #4667, .F. ) ;
#1076 = EDGE_CURVE ( 'NONE', #7292, #2076, #6801, .T. ) ;
#1077 = ORIENTED_EDGE ( 'NONE', *, *, #6056, .T. ) ;
#1078 = VECTOR ( 'NONE', #1285, 1000.000000000000000 ) ;
#1079 = SURFACE_SIDE_STYLE ('',( #2902 ) ) ;
#1080 =( GEOMETRIC_REPRESENTATION_CONTEXT ( 3 ) GLOBAL_UNCERTAINTY_ASSIGNED_CONTEXT ( ( #1603 ) ) GLOBAL_UNIT_ASSIGNED_CONTEXT ( ( #8793, #6501, #4071 ) ) REPRESENTATION_CONTEXT ( 'NONE', 'WORKASPACE' ) );
#1081 = CARTESIAN_POINT ( 'NONE',  ( -16.25999999999999800, 1.300000000000000000, -14.12000000000000300 ) ) ;
#1082 = CARTESIAN_POINT ( 'NONE',  ( -1.769999999999997400, 0.2000000000000000100, -13.81999999999999900 ) ) ;
#1083 = FACE_OUTER_BOUND ( 'NONE', #7258, .T. ) ;
#1084 = PLANE ( 'NONE',  #3023 ) ;
#1085 = ORIENTED_EDGE ( 'NONE', *, *, #9409, .F. ) ;
#1086 = ORIENTED_EDGE ( 'NONE', *, *, #6868, .F. ) ;
#1087 = ORIENTED_EDGE ( 'NONE', *, *, #6634, .T. ) ;
#1088 = CARTESIAN_POINT ( 'NONE',  ( 3.310000000000004100, 1.000000000000000000, -13.52000000000000300 ) ) ;
#1089 = LINE ( 'NONE', #203, #1345 ) ;
#1090 = PLANE ( 'NONE',  #6641 ) ;
#1091 = VECTOR ( 'NONE', #116, 1000.000000000000000 ) ;
#1092 = ORIENTED_EDGE ( 'NONE', *, *, #2959, .T. ) ;
#1093 = PLANE ( 'NONE',  #3343 ) ;
#1094 = EDGE_LOOP ( 'NONE', ( #3325, #5288, #3828, #9479 ) ) ;
#1095 = AXIS2_PLACEMENT_3D ( 'NONE', #5784, #2685, #9004 ) ;
#1096 = CARTESIAN_POINT ( 'NONE',  ( 9.390000000000002300, 0.2000000000000000100, -13.81999999999999900 ) ) ;
#1097 = VERTEX_POINT ( 'NONE', #2702 ) ;
#1098 = ORIENTED_EDGE ( 'NONE', *, *, #3970, .T. ) ;
#1099 = ADVANCED_FACE ( 'NONE', ( #3984 ), #2451, .F. ) ;
#1100 = EDGE_LOOP ( 'NONE', ( #5286, #1058, #991, #5003 ) ) ;
#1101 = DIRECTION ( 'NONE',  ( 0.0000000000000000000, -0.0000000000000000000, -1.000000000000000000 ) ) ;
#1102 = DIRECTION ( 'NONE',  ( 0.0000000000000000000, 1.000000000000000000, -1.577021341797097600E-015 ) ) ;
#1104 = ORIENTED_EDGE ( 'NONE', *, *, #2571, .T. ) ;
#1103 = CARTESIAN_POINT ( 'NONE',  ( 21.84000000000000700, 1.000000000000000000, 13.52000000000000300 ) ) ;
#1105 = EDGE_CURVE ( 'NONE', #1931, #8137, #9285, .T. ) ;
#1106 = DIRECTION ( 'NONE',  ( 0.0000000000000000000, -0.0000000000000000000, -1.000000000000000000 ) ) ;
#1107 = EDGE_CURVE ( 'NONE', #5022, #8011, #4837, .T. ) ;
#1108 = DIRECTION ( 'NONE',  ( -1.000000000000000000, -0.0000000000000000000, -0.0000000000000000000 ) ) ;
#1109 = EDGE_CURVE ( 'NONE', #2869, #5610, #3495, .T. ) ;
#1110 = DIRECTION ( 'NONE',  ( 1.000000000000000000, 0.0000000000000000000, 0.0000000000000000000 ) ) ;
#1111 = MECHANICAL_DESIGN_GEOMETRIC_PRESENTATION_REPRESENTATION (  '', ( #368 ), #10113 ) ;
#1112 = DIRECTION ( 'NONE',  ( -1.000000000000000000, 0.0000000000000000000, -0.0000000000000000000 ) ) ;
#1113 = ORIENTED_EDGE ( 'NONE', *, *, #5504, .F. ) ;
#1114 = CARTESIAN_POINT ( 'NONE',  ( 27.50000000000001100, 0.2500000000000003300, 0.4299999999999991600 ) ) ;
#1115 = EDGE_CURVE ( 'NONE', #2848, #3899, #4968, .T. ) ;
#1116 = CARTESIAN_POINT ( 'NONE',  ( 24.38000000000000600, -8.000000000000000000, -13.82000000000000200 ) ) ;
#1117 = VERTEX_POINT ( 'NONE', #7396 ) ;
#1118 = CARTESIAN_POINT ( 'NONE',  ( -8.639999999999998800, 0.0000000000000000000, 0.0000000000000000000 ) ) ;
#1119 = ADVANCED_FACE ( 'NONE', ( #4469 ), #985, .F. ) ;
#1120 = EDGE_CURVE ( 'NONE', #8195, #518, #1400, .T. ) ;
#1121 = VERTEX_POINT ( 'NONE', #8068 ) ;
#1122 = LINE ( 'NONE', #1251, #2750 ) ;
#1123 = DIRECTION ( 'NONE',  ( 1.000000000000000000, 0.0000000000000000000, 0.0000000000000000000 ) ) ;
#1124 = VERTEX_POINT ( 'NONE', #6480 ) ;
#1125 = AXIS2_PLACEMENT_3D ( 'NONE', #3643, #5118, #1930 ) ;
#1126 = DIRECTION ( 'NONE',  ( 0.0000000000000000000, 1.000000000000000000, 0.0000000000000000000 ) ) ;
#1127 = AXIS2_PLACEMENT_3D ( 'NONE', #852, #2462, #5601 ) ;
#1128 = DIRECTION ( 'NONE',  ( -1.000000000000000000, -0.0000000000000000000, -0.0000000000000000000 ) ) ;
#1129 = DIRECTION ( 'NONE',  ( -0.0000000000000000000, 1.000000000000000000, 0.0000000000000000000 ) ) ;
#1130 = VECTOR ( 'NONE', #5906, 1000.000000000000000 ) ;
#1131 = CARTESIAN_POINT ( 'NONE',  ( -14.46999999999999900, 1.000000000000000000, -13.82000000000000200 ) ) ;
#1132 = ORIENTED_EDGE ( 'NONE', *, *, #2717, .F. ) ;
#1133 = CARTESIAN_POINT ( 'NONE',  ( -3.559999999999997400, 1.300000000000000000, -13.52000000000000300 ) ) ;
#1134 = DIRECTION ( 'NONE',  ( -0.0000000000000000000, -0.0000000000000000000, -1.000000000000000000 ) ) ;
#1135 = CARTESIAN_POINT ( 'NONE',  ( -23.62999999999999900, 0.2000000000000000900, 14.12000000000000100 ) ) ;
#1136 = DIRECTION ( 'NONE',  ( -1.000000000000000000, -0.0000000000000000000, -0.0000000000000000000 ) ) ;
#1137 = VECTOR ( 'NONE', #3315, 1000.000000000000000 ) ;
#1138 = EDGE_CURVE ( 'NONE', #4771, #7850, #2649, .T. ) ;
#1139 = VECTOR ( 'NONE', #2777, 1000.000000000000000 ) ;
#1140 = CARTESIAN_POINT ( 'NONE',  ( 9.140000000000002300, 0.2000000000000000100, 0.0000000000000000000 ) ) ;
#1141 = ORIENTED_EDGE ( 'NONE', *, *, #8225, .F. ) ;
#1142 = DIRECTION ( 'NONE',  ( 0.0000000000000000000, -0.0000000000000000000, 1.000000000000000000 ) ) ;
#1143 = CARTESIAN_POINT ( 'NONE',  ( -6.849999999999998800, 0.2000000000000000100, -13.81999999999999900 ) ) ;
#1144 = ADVANCED_FACE ( 'NONE', ( #9423 ), #9727, .T. ) ;
#1145 = PLANE ( 'NONE',  #3045 ) ;
#1146 = LINE ( 'NONE', #9803, #7400 ) ;
#1147 = DIRECTION ( 'NONE',  ( 0.0000000000000000000, 0.0000000000000000000, 1.000000000000000000 ) ) ;
#1148 = EDGE_CURVE ( 'NONE', #7248, #383, #8427, .T. ) ;
#1149 = LINE ( 'NONE', #4299, #9410 ) ;
#1150 = AXIS2_PLACEMENT_3D ( 'NONE', #3018, #5507, #1621 ) ;
#1151 = PRESENTATION_STYLE_ASSIGNMENT (( #8265 ) ) ;
#1152 = CARTESIAN_POINT ( 'NONE',  ( -21.33999999999999600, 0.2000000000000000100, 0.0000000000000000000 ) ) ;
#1153 = UNCERTAINTY_MEASURE_WITH_UNIT (LENGTH_MEASURE( 1.000000000000000100E-005 ), #195, 'distance_accuracy_value', 'NONE');
#1154 = VECTOR ( 'NONE', #5626, 1000.000000000000000 ) ;
#1155 = DIRECTION ( 'NONE',  ( -0.0000000000000000000, 1.000000000000000000, -0.0000000000000000000 ) ) ;
#1156 = ORIENTED_EDGE ( 'NONE', *, *, #58, .T. ) ;
#1157 = VECTOR ( 'NONE', #9424, 1000.000000000000000 ) ;
#1158 = CARTESIAN_POINT ( 'NONE',  ( 10.93000000000000100, 1.300000000000000000, -14.12000000000000300 ) ) ;
#1159 = CARTESIAN_POINT ( 'NONE',  ( -3.559999999999997400, -8.000000000000000000, -14.12000000000000300 ) ) ;
#1160 = VECTOR ( 'NONE', #9506, 1000.000000000000000 ) ;
#1161 = DIRECTION ( 'NONE',  ( -1.000000000000000000, 0.0000000000000000000, 1.800252673284358000E-016 ) ) ;
#1162 = VECTOR ( 'NONE', #6276, 1000.000000000000000 ) ;
#1163 = EDGE_CURVE ( 'NONE', #8337, #2898, #7905, .T. ) ;
#1164 = VECTOR ( 'NONE', #451, 1000.000000000000000 ) ;
#1165 = FACE_OUTER_BOUND ( 'NONE', #2459, .T. ) ;
#1166 = VECTOR ( 'NONE', #2642, 1000.000000000000000 ) ;
#1167 = DIRECTION ( 'NONE',  ( 0.0000000000000000000, -1.000000000000000000, 4.336808689942017700E-015 ) ) ;
#1168 = VERTEX_POINT ( 'NONE', #6583 ) ;
#1169 = DIRECTION ( 'NONE',  ( 0.0000000000000000000, -0.0000000000000000000, -1.000000000000000000 ) ) ;
#1170 = CARTESIAN_POINT ( 'NONE',  ( 3.310000000000004100, 1.000000000000000000, -13.82000000000000200 ) ) ;
#1171 = ADVANCED_FACE ( 'NONE', ( #2143 ), #4940, .F. ) ;
#1172 = LINE ( 'NONE', #3065, #9443 ) ;
#1173 = ORIENTED_EDGE ( 'NONE', *, *, #7383, .T. ) ;
#1174 = DIRECTION ( 'NONE',  ( 0.0000000000000000000, 0.0000000000000000000, -1.000000000000000000 ) ) ;
#1175 = COLOUR_RGB ( '',0.2509803921568627400, 0.2509803921568627400, 0.2509803921568627400 ) ;
#1176 = CLOSED_SHELL ( 'NONE', ( #7606, #7021, #402, #2203, #2264, #5341, #1259, #5115, #9532, #4108, #1893, #2747 ) ) ;
#1177 = EDGE_CURVE ( 'NONE', #2714, #5016, #3734, .T. ) ;
#1178 = VECTOR ( 'NONE', #2233, 1000.000000000000000 ) ;
#1179 = CARTESIAN_POINT ( 'NONE',  ( -4.309999999999997800, 1.000000000000000000, -13.52000000000000300 ) ) ;
#1180 = LINE ( 'NONE', #5658, #6449 ) ;
#1181 = EDGE_LOOP ( 'NONE', ( #3438, #7930, #9891, #7824, #6233, #5775, #3298, #7381 ) ) ;
#1182 = DIRECTION ( 'NONE',  ( -0.0000000000000000000, -1.000000000000000000, -0.0000000000000000000 ) ) ;
#1183 = EDGE_CURVE ( 'NONE', #7535, #3151, #9169, .T. ) ;
#1184 = DIRECTION ( 'NONE',  ( 1.000000000000000000, 0.0000000000000000000, -1.800252673284357700E-016 ) ) ;
#1185 = ORIENTED_EDGE ( 'NONE', *, *, #9686, .T. ) ;
#1186 = VERTEX_POINT ( 'NONE', #8298 ) ;
#1187 = CARTESIAN_POINT ( 'NONE',  ( -22.09000000000000000, 0.2000000000000000100, -13.81999999999999900 ) ) ;
#1188 = CARTESIAN_POINT ( 'NONE',  ( 21.84000000000000700, 1.000000000000000000, -13.82000000000000200 ) ) ;
#1189 = DIRECTION ( 'NONE',  ( -1.000000000000000000, -0.0000000000000000000, -0.0000000000000000000 ) ) ;
#1190 = ORIENTED_EDGE ( 'NONE', *, *, #615, .F. ) ;
#1191 = ORIENTED_EDGE ( 'NONE', *, *, #2971, .F. ) ;
#1192 = VECTOR ( 'NONE', #1537, 1000.000000000000000 ) ;
#1193 = EDGE_LOOP ( 'NONE', ( #6403, #8985, #6707, #9189 ) ) ;
#1194 = PRESENTATION_LAYER_ASSIGNMENT (  '', '', ( #7705 ) ) ;
#1195 = CARTESIAN_POINT ( 'NONE',  ( 23.63000000000000600, 1.000000000000000000, -13.52000000000000300 ) ) ;
#1196 = VECTOR ( 'NONE', #7498, 1000.000000000000000 ) ;
#1197 = VECTOR ( 'NONE', #9734, 1000.000000000000000 ) ;
#1198 = EDGE_LOOP ( 'NONE', ( #6198, #6172, #4716, #3199 ) ) ;
#1199 = ORIENTED_EDGE ( 'NONE', *, *, #1490, .T. ) ;
#1200 = ORIENTED_EDGE ( 'NONE', *, *, #3607, .T. ) ;
#1201 = CARTESIAN_POINT ( 'NONE',  ( -21.08999999999999600, 1.000000000000000000, 13.82000000000000200 ) ) ;
#1202 =( NAMED_UNIT ( * ) SI_UNIT ( $, .STERADIAN. ) SOLID_ANGLE_UNIT ( ) );
#1203 = ORIENTED_EDGE ( 'NONE', *, *, #7423, .T. ) ;
#1204 = CARTESIAN_POINT ( 'NONE',  ( -24.09000000000000700, 1.800000000000000000, -4.074999999999995700 ) ) ;
#1205 = SURFACE_STYLE_FILL_AREA ( #6388 ) ;
#1206 = PLANE ( 'NONE',  #6935 ) ;
#1207 = ADVANCED_FACE ( 'NONE', ( #7299 ), #2617, .F. ) ;
#1208 = LINE ( 'NONE', #8740, #2830 ) ;
#1209 = EDGE_CURVE ( 'NONE', #1841, #7075, #4723, .T. ) ;
#1210 = CARTESIAN_POINT ( 'NONE',  ( 22.09000000000000700, 0.2000000000000000900, 14.12000000000000100 ) ) ;
#1211 = ORIENTED_EDGE ( 'NONE', *, *, #3104, .T. ) ;
#1212 = CARTESIAN_POINT ( 'NONE',  ( -21.08999999999999600, 0.2000000000000000900, 13.82000000000000200 ) ) ;
#1213 = DIRECTION ( 'NONE',  ( -0.0000000000000000000, -1.000000000000000000, -0.0000000000000000000 ) ) ;
#1214 = DIRECTION ( 'NONE',  ( -1.000000000000000000, -0.0000000000000000000, -0.0000000000000000000 ) ) ;
#1215 = DIRECTION ( 'NONE',  ( -0.0000000000000000000, -1.000000000000000000, -0.0000000000000000000 ) ) ;
#1216 = ORIENTED_EDGE ( 'NONE', *, *, #6395, .T. ) ;
#1217 = LINE ( 'NONE', #2291, #6979 ) ;
#1218 = DIRECTION ( 'NONE',  ( 1.000000000000000000, 0.0000000000000000000, 0.0000000000000000000 ) ) ;
#1219 = VECTOR ( 'NONE', #5358, 1000.000000000000000 ) ;
#1220 = ORIENTED_EDGE ( 'NONE', *, *, #4806, .T. ) ;
#1221 = EDGE_CURVE ( 'NONE', #544, #9945, #9544, .T. ) ;
#1222 = VERTEX_POINT ( 'NONE', #2803 ) ;
#1223 = ORIENTED_EDGE ( 'NONE', *, *, #7128, .F. ) ;
#1224 = CARTESIAN_POINT ( 'NONE',  ( -21.84000000000000000, 0.2000000000000000100, -13.81999999999999900 ) ) ;
#1225 = CARTESIAN_POINT ( 'NONE',  ( -27.00000000000000400, 0.2000000000000000100, -7.320000000000002100 ) ) ;
#1226 = AXIS2_PLACEMENT_3D ( 'NONE', #9001, #9805, #2680 ) ;
#1227 = VECTOR ( 'NONE', #9018, 1000.000000000000000 ) ;
#1228 = CARTESIAN_POINT ( 'NONE',  ( 23.63000000000000600, 0.2000000000000000900, 13.82000000000000200 ) ) ;
#1229 = CARTESIAN_POINT ( 'NONE',  ( -24.62999999999999900, 0.2000000000000000900, 13.82000000000000200 ) ) ;
#1230 = PLANE ( 'NONE',  #2621 ) ;
#1231 = CLOSED_SHELL ( 'NONE', ( #511, #2827, #5859, #1730, #4663, #9002, #5251, #5481, #5757, #2502, #7502, #8387 ) ) ;
#1232 = VECTOR ( 'NONE', #9095, 1000.000000000000000 ) ;
#1233 = CLOSED_SHELL ( 'NONE', ( #4933, #1926, #3473, #3987, #1378, #9721, #7697, #5825, #6258, #1522, #4962, #1571, #9429, #9984, #9077, #8707 ) ) ;
#1234 = ADVANCED_FACE ( 'NONE', ( #1525 ), #2098, .F. ) ;
#1235 = ORIENTED_EDGE ( 'NONE', *, *, #5556, .F. ) ;
#1236 = DIRECTION ( 'NONE',  ( 1.000000000000000000, 0.0000000000000000000, 0.0000000000000000000 ) ) ;
#1237 = ORIENTED_EDGE ( 'NONE', *, *, #550, .T. ) ;
#1238 = ORIENTED_EDGE ( 'NONE', *, *, #6246, .T. ) ;
#1239 = CARTESIAN_POINT ( 'NONE',  ( 14.22000000000000400, 1.300000000000000000, -14.12000000000000300 ) ) ;
#1240 = AXIS2_PLACEMENT_3D ( 'NONE', #2757, #4340, #6745 ) ;
#1241 = CARTESIAN_POINT ( 'NONE',  ( -6.099999999999997900, 1.000000000000000000, -13.52000000000000300 ) ) ;
#1242 = SURFACE_SIDE_STYLE ('',( #1647 ) ) ;
#1243 = DIRECTION ( 'NONE',  ( 1.000000000000000000, 0.0000000000000000000, 0.0000000000000000000 ) ) ;
#1244 = VERTEX_POINT ( 'NONE', #1159 ) ;
#1245 = ORIENTED_EDGE ( 'NONE', *, *, #10175, .F. ) ;
#1246 = DIRECTION ( 'NONE',  ( 0.0000000000000000000, -0.0000000000000000000, 1.000000000000000000 ) ) ;
#1247 = DIRECTION ( 'NONE',  ( -0.0000000000000000000, -1.000000000000000000, -0.0000000000000000000 ) ) ;
#1248 = DIRECTION ( 'NONE',  ( 0.0000000000000000000, 0.0000000000000000000, -1.000000000000000000 ) ) ;
#1249 = DIRECTION ( 'NONE',  ( 0.0000000000000000000, 0.0000000000000000000, -1.000000000000000000 ) ) ;
#1250 = ORIENTED_EDGE ( 'NONE', *, *, #5458, .T. ) ;
#1251 = CARTESIAN_POINT ( 'NONE',  ( -4.059999999999997800, -8.000000000000000000, -13.82000000000000200 ) ) ;
#1252 = EDGE_CURVE ( 'NONE', #5512, #3101, #272, .T. ) ;
#1253 = LINE ( 'NONE', #6552, #4813 ) ;
#1254 = ORIENTED_EDGE ( 'NONE', *, *, #1887, .F. ) ;
#1255 = EDGE_CURVE ( 'NONE', #2238, #9955, #4224, .T. ) ;
#1256 = AXIS2_PLACEMENT_3D ( 'NONE', #8656, #5522, #6328 ) ;
#1257 = PLANE ( 'NONE',  #6476 ) ;
#1259 = ADVANCED_FACE ( 'NONE', ( #3019 ), #5154, .F. ) ;
#1258 = ORIENTED_EDGE ( 'NONE', *, *, #4998, .T. ) ;
#1260 = PLANE ( 'NONE',  #6039 ) ;
#1261 = EDGE_CURVE ( 'NONE', #4916, #9499, #2906, .T. ) ;
#1262 = FACE_OUTER_BOUND ( 'NONE', #6760, .T. ) ;
#1263 = ORIENTED_EDGE ( 'NONE', *, *, #5067, .T. ) ;
#1264 = CARTESIAN_POINT ( 'NONE',  ( 1.520000000000004000, 1.300000000000000000, -14.12000000000000300 ) ) ;
#1265 = VECTOR ( 'NONE', #3235, 1000.000000000000000 ) ;
#1266 = ORIENTED_EDGE ( 'NONE', *, *, #503, .F. ) ;
#1267 = CARTESIAN_POINT ( 'NONE',  ( 16.01000000000000500, 1.000000000000000000, -13.52000000000000300 ) ) ;
#1268 = DIRECTION ( 'NONE',  ( -1.000000000000000000, 0.0000000000000000000, -0.0000000000000000000 ) ) ;
#1269 = STYLED_ITEM ( 'NONE', ( #3221 ), #10079 ) ;
#1270 = CARTESIAN_POINT ( 'NONE',  ( -1.019999999999996700, 0.2000000000000000900, -14.12000000000000300 ) ) ;
#1271 = LINE ( 'NONE', #2423, #1512 ) ;
#1272 = CARTESIAN_POINT ( 'NONE',  ( -17.00999999999999800, 1.000000000000000000, -13.82000000000000200 ) ) ;
#1273 = LINE ( 'NONE', #9625, #3016 ) ;
#1274 = DIRECTION ( 'NONE',  ( -0.0000000000000000000, 1.000000000000000000, 0.0000000000000000000 ) ) ;
#1275 = VERTEX_POINT ( 'NONE', #3499 ) ;
#1276 = PLANE ( 'NONE',  #1408 ) ;
#1277 = ADVANCED_FACE ( 'NONE', ( #6080 ), #9871, .F. ) ;
#1278 = EDGE_CURVE ( 'NONE', #3108, #5273, #3138, .T. ) ;
#1279 = COLOUR_RGB ( '',0.7921568627450980000, 0.8196078431372548800, 0.9333333333333333500 ) ;
#1280 = EDGE_CURVE ( 'NONE', #9036, #10112, #8, .T. ) ;
#1281 = VECTOR ( 'NONE', #4526, 1000.000000000000000 ) ;
#1282 = AXIS2_PLACEMENT_3D ( 'NONE', #8512, #7742, #4607 ) ;
#1283 = ORIENTED_EDGE ( 'NONE', *, *, #2984, .F. ) ;
#1284 = LINE ( 'NONE', #508, #767 ) ;
#1285 = DIRECTION ( 'NONE',  ( -1.000000000000000000, -0.0000000000000000000, -0.0000000000000000000 ) ) ;
#1286 = DIRECTION ( 'NONE',  ( -1.000000000000000000, -0.0000000000000000000, -0.0000000000000000000 ) ) ;
#1287 = VECTOR ( 'NONE', #8878, 1000.000000000000000 ) ;
#1288 = MANIFOLD_SOLID_BREP ( 'LPattern1[27]', #9313 ) ;
#1289 = CARTESIAN_POINT ( 'NONE',  ( 1.520000000000004000, -8.000000000000000000, -14.12000000000000300 ) ) ;
#1290 = VECTOR ( 'NONE', #3459, 1000.000000000000000 ) ;
#1291 = LINE ( 'NONE', #9996, #9430 ) ;
#1292 = CARTESIAN_POINT ( 'NONE',  ( -19.54999999999999700, 1.000000000000000000, -13.52000000000000300 ) ) ;
#1293 = AXIS2_PLACEMENT_3D ( 'NONE', #5794, #1129, #6586 ) ;
#1294 = LINE ( 'NONE', #2200, #5958 ) ;
#1295 = LINE ( 'NONE', #2940, #8670 ) ;
#1296 = AXIS2_PLACEMENT_3D ( 'NONE', #4610, #3825, #7634 ) ;
#1297 = DIRECTION ( 'NONE',  ( -1.000000000000000000, -0.0000000000000000000, -0.0000000000000000000 ) ) ;
#1298 = VECTOR ( 'NONE', #2981, 1000.000000000000000 ) ;
#1299 = DIRECTION ( 'NONE',  ( -0.0000000000000000000, 1.000000000000000000, -0.0000000000000000000 ) ) ;
#1300 = CARTESIAN_POINT ( 'NONE',  ( -27.49999999999999600, 1.800000000000000000, 10.68000000000000700 ) ) ;
#1301 = LINE ( 'NONE', #3323, #6693 ) ;
#1302 = FACE_OUTER_BOUND ( 'NONE', #6366, .T. ) ;
#1303 = ORIENTED_EDGE ( 'NONE', *, *, #7672, .T. ) ;
#1304 = CARTESIAN_POINT ( 'NONE',  ( -24.09000000000000700, 1.700000000000000000, -4.074999999999995700 ) ) ;
#1305 = EDGE_CURVE ( 'NONE', #4505, #3565, #8169, .T. ) ;
#1306 = ADVANCED_FACE ( 'NONE', ( #8919 ), #4349, .F. ) ;
#1307 = ORIENTED_EDGE ( 'NONE', *, *, #2348, .F. ) ;
#1308 = ORIENTED_EDGE ( 'NONE', *, *, #409, .F. ) ;
#1309 = CARTESIAN_POINT ( 'NONE',  ( 6.850000000000002300, 0.2000000000000000100, -13.81999999999999900 ) ) ;
#1310 = ORIENTED_EDGE ( 'NONE', *, *, #5589, .T. ) ;
#1311 = VECTOR ( 'NONE', #5961, 1000.000000000000000 ) ;
#1312 = SURFACE_STYLE_FILL_AREA ( #460 ) ;
#1313 = ORIENTED_EDGE ( 'NONE', *, *, #2352, .T. ) ;
#1314 = DIRECTION ( 'NONE',  ( 0.0000000000000000000, 1.000000000000000000, 0.0000000000000000000 ) ) ;
#1315 = EDGE_CURVE ( 'NONE', #1572, #9114, #6421, .T. ) ;
#1316 = LINE ( 'NONE', #2643, #7084 ) ;
#1317 = ORIENTED_EDGE ( 'NONE', *, *, #6126, .F. ) ;
#1318 = EDGE_LOOP ( 'NONE', ( #7503, #3769, #4644, #3919 ) ) ;
#1319 = EDGE_CURVE ( 'NONE', #9134, #3464, #392, .T. ) ;
#1320 = EDGE_LOOP ( 'NONE', ( #3555, #6966, #5099, #9612, #747, #3812, #8253, #1990 ) ) ;
#1321 = ORIENTED_EDGE ( 'NONE', *, *, #4677, .T. ) ;
#1322 = EDGE_LOOP ( 'NONE', ( #9490, #3428, #9067, #6709 ) ) ;
#1323 = FACE_OUTER_BOUND ( 'NONE', #3664, .T. ) ;
#1324 = CARTESIAN_POINT ( 'NONE',  ( 18.55000000000000400, 1.300000000000000000, -13.52000000000000300 ) ) ;
#1325 = EDGE_CURVE ( 'NONE', #1331, #3321, #6794, .T. ) ;
#1326 = CARTESIAN_POINT ( 'NONE',  ( -0.7699999999999963500, 1.300000000000000000, -14.12000000000000300 ) ) ;
#1327 = CARTESIAN_POINT ( 'NONE',  ( 18.80000000000000400, -8.000000000000000000, -13.82000000000000200 ) ) ;
#1328 = DIRECTION ( 'NONE',  ( -1.000000000000000000, -0.0000000000000000000, -0.0000000000000000000 ) ) ;
#1329 = LINE ( 'NONE', #6914, #10217 ) ;
#1330 = CARTESIAN_POINT ( 'NONE',  ( 22.09000000000000700, 1.300000000000000000, -13.52000000000000300 ) ) ;
#1331 = VERTEX_POINT ( 'NONE', #5349 ) ;
#1332 = EDGE_LOOP ( 'NONE', ( #4688, #1516, #5117, #8399 ) ) ;
#1333 = ADVANCED_FACE ( 'NONE', ( #1017 ), #4487, .F. ) ;
#1334 = MECHANICAL_DESIGN_GEOMETRIC_PRESENTATION_REPRESENTATION (  '', ( #8391 ), #2795 ) ;
#1335 = CARTESIAN_POINT ( 'NONE',  ( -22.09000000000000000, 0.0000000000000000000, 0.0000000000000000000 ) ) ;
#1336 = VECTOR ( 'NONE', #5036, 1000.000000000000000 ) ;
#1337 = DIRECTION ( 'NONE',  ( -1.000000000000000000, -0.0000000000000000000, -0.0000000000000000000 ) ) ;
#1338 = LINE ( 'NONE', #24, #8227 ) ;
#1339 = FILL_AREA_STYLE_COLOUR ( '', #2913 ) ;
#1340 = ORIENTED_EDGE ( 'NONE', *, *, #1645, .T. ) ;
#1341 = DIRECTION ( 'NONE',  ( 0.0000000000000000000, -0.0000000000000000000, 1.000000000000000000 ) ) ;
#1342 = DIRECTION ( 'NONE',  ( 0.0000000000000000000, -0.0000000000000000000, 1.000000000000000000 ) ) ;
#1343 = DIRECTION ( 'NONE',  ( -1.000000000000000000, 0.0000000000000000000, 1.261617073437678000E-016 ) ) ;
#1344 = ORIENTED_EDGE ( 'NONE', *, *, #2728, .T. ) ;
#1345 = VECTOR ( 'NONE', #4100, 1000.000000000000000 ) ;
#1346 = EDGE_CURVE ( 'NONE', #1431, #1430, #6541, .T. ) ;
#1347 = AXIS2_PLACEMENT_3D ( 'NONE', #8055, #8872, #4829 ) ;
#1348 = CARTESIAN_POINT ( 'NONE',  ( 21.09000000000000300, 1.300000000000000000, -14.12000000000000300 ) ) ;
#1349 = CARTESIAN_POINT ( 'NONE',  ( -21.33999999999999600, 1.300000000000000000, 13.52000000000000300 ) ) ;
#1350 = CARTESIAN_POINT ( 'NONE',  ( -9.139999999999998800, -8.000000000000000000, -13.82000000000000200 ) ) ;
#1352 = EDGE_LOOP ( 'NONE', ( #4624, #5259, #5411, #6321, #692, #7071 ) ) ;
#1351 = CARTESIAN_POINT ( 'NONE',  ( -4.309999999999997800, 1.300000000000000000, -14.12000000000000300 ) ) ;
#1353 = VERTEX_POINT ( 'NONE', #7645 ) ;
#1354 = ORIENTED_EDGE ( 'NONE', *, *, #10116, .T. ) ;
#1355 =( LENGTH_UNIT ( ) NAMED_UNIT ( * ) SI_UNIT ( .MILLI., .METRE. ) );
#1356 = VERTEX_POINT ( 'NONE', #2158 ) ;
#1357 = VECTOR ( 'NONE', #6055, 1000.000000000000000 ) ;
#1358 = EDGE_CURVE ( 'NONE', #4562, #6577, #6194, .T. ) ;
#1359 = VERTEX_POINT ( 'NONE', #9222 ) ;
#1360 = ORIENTED_EDGE ( 'NONE', *, *, #6082, .T. ) ;
#1361 = CARTESIAN_POINT ( 'NONE',  ( 28.30000000000000800, 0.9500000000000002900, 0.4299999999999991600 ) ) ;
#1362 = MECHANICAL_DESIGN_GEOMETRIC_PRESENTATION_REPRESENTATION (  '', ( #618 ), #5240 ) ;
#1363 = ADVANCED_FACE ( 'NONE', ( #4344 ), #5389, .T. ) ;
#1364 = CARTESIAN_POINT ( 'NONE',  ( -16.00999999999999800, 1.300000000000000000, -13.52000000000000300 ) ) ;
#1365 = DIRECTION ( 'NONE',  ( 0.0000000000000000000, -1.000000000000000000, 0.0000000000000000000 ) ) ;
#1366 = ORIENTED_EDGE ( 'NONE', *, *, #5537, .T. ) ;
#1367 = CARTESIAN_POINT ( 'NONE',  ( -22.09000000000000000, 0.2000000000000000100, -14.12000000000000100 ) ) ;
#1368 = EDGE_CURVE ( 'NONE', #3406, #3012, #4461, .T. ) ;
#1369 = DIRECTION ( 'NONE',  ( 0.0000000000000000000, 0.0000000000000000000, 1.000000000000000000 ) ) ;
#1370 = ORIENTED_EDGE ( 'NONE', *, *, #2077, .F. ) ;
#1371 = EDGE_LOOP ( 'NONE', ( #8705, #7626, #4255, #1706 ) ) ;
#1372 = ADVANCED_FACE ( 'NONE', ( #2014 ), #2944, .F. ) ;
#1373 = CARTESIAN_POINT ( 'NONE',  ( 1.520000000000004000, 1.000000000000000000, -13.52000000000000300 ) ) ;
#1374 = DIRECTION ( 'NONE',  ( -1.000000000000000000, -0.0000000000000000000, -0.0000000000000000000 ) ) ;
#1375 = VERTEX_POINT ( 'NONE', #7615 ) ;
#1376 = CARTESIAN_POINT ( 'NONE',  ( 21.09000000000000300, 0.2000000000000000100, -13.81999999999999900 ) ) ;
#1377 = CARTESIAN_POINT ( 'NONE',  ( 19.55000000000000400, 1.300000000000000000, -14.12000000000000300 ) ) ;
#1378 = ADVANCED_FACE ( 'NONE', ( #2386, #138 ), #4531, .T. ) ;
#1379 = EDGE_CURVE ( 'NONE', #8360, #8690, #519, .T. ) ;
#1380 = VECTOR ( 'NONE', #7398, 1000.000000000000000 ) ;
#1381 = ORIENTED_EDGE ( 'NONE', *, *, #4070, .T. ) ;
#1382 = EDGE_CURVE ( 'NONE', #4935, #1741, #1517, .T. ) ;
#1383 = CARTESIAN_POINT ( 'NONE',  ( -23.62999999999999900, 0.2000000000000000900, 14.12000000000000100 ) ) ;
#1384 = STYLED_ITEM ( 'NONE', ( #7548 ), #8920 ) ;
#1385 = DIRECTION ( 'NONE',  ( 0.0000000000000000000, 0.0000000000000000000, -1.000000000000000000 ) ) ;
#1386 = CARTESIAN_POINT ( 'NONE',  ( 21.84000000000000700, -8.000000000000000000, 13.82000000000000200 ) ) ;
#1387 = CARTESIAN_POINT ( 'NONE',  ( -23.87999999999999900, -8.000000000000000000, 13.82000000000000200 ) ) ;
#1388 = FACE_OUTER_BOUND ( 'NONE', #4595, .T. ) ;
#1389 = LINE ( 'NONE', #9882, #760 ) ;
#1390 = ORIENTED_EDGE ( 'NONE', *, *, #10249, .F. ) ;
#1391 = VECTOR ( 'NONE', #9594, 1000.000000000000000 ) ;
#1392 = CARTESIAN_POINT ( 'NONE',  ( 18.55000000000000400, 1.000000000000000000, -13.52000000000000300 ) ) ;
#1393 = PLANE ( 'NONE',  #4804 ) ;
#1394 = CARTESIAN_POINT ( 'NONE',  ( 17.01000000000000500, 0.2000000000000000100, -13.81999999999999900 ) ) ;
#1395 = FACE_OUTER_BOUND ( 'NONE', #9584, .T. ) ;
#1396 = DIRECTION ( 'NONE',  ( -1.000000000000000000, -0.0000000000000000000, -0.0000000000000000000 ) ) ;
#1397 = SURFACE_STYLE_USAGE ( .BOTH. , #6115 ) ;
#1398 = VECTOR ( 'NONE', #3423, 1000.000000000000000 ) ;
#1399 = CARTESIAN_POINT ( 'NONE',  ( 3.310000000000004100, 0.2000000000000000100, -14.12000000000000100 ) ) ;
#1400 = LINE ( 'NONE', #1055, #6921 ) ;
#1401 = SURFACE_STYLE_USAGE ( .BOTH. , #5425 ) ;
#1402 = LINE ( 'NONE', #5105, #12 ) ;
#1403 = LINE ( 'NONE', #7777, #2782 ) ;
#1404 = CARTESIAN_POINT ( 'NONE',  ( -22.09000000000000000, 1.300000000000000000, -14.12000000000000300 ) ) ;
#1405 = EDGE_CURVE ( 'NONE', #7983, #3294, #5451, .T. ) ;
#1406 = LINE ( 'NONE', #10263, #8323 ) ;
#1407 = LINE ( 'NONE', #10008, #18 ) ;
#1408 = AXIS2_PLACEMENT_3D ( 'NONE', #2107, #7588, #9158 ) ;
#1409 = VERTEX_POINT ( 'NONE', #6918 ) ;
#1410 = LINE ( 'NONE', #8744, #2659 ) ;
#1411 = CARTESIAN_POINT ( 'NONE',  ( -21.08999999999999600, 1.300000000000000000, 14.12000000000000300 ) ) ;
#1412 = MANIFOLD_SOLID_BREP ( 'LPattern1[34]', #8574 ) ;
#1413 = VECTOR ( 'NONE', #4995, 1000.000000000000000 ) ;
#1414 = FACE_OUTER_BOUND ( 'NONE', #3093, .T. ) ;
#1415 = VERTEX_POINT ( 'NONE', #3773 ) ;
#1416 = LINE ( 'NONE', #3424, #5352 ) ;
#1417 = CARTESIAN_POINT ( 'NONE',  ( 21.34000000000000300, 1.300000000000000000, -14.12000000000000300 ) ) ;
#1418 = DIRECTION ( 'NONE',  ( 0.0000000000000000000, 1.000000000000000000, -1.577021341797097600E-015 ) ) ;
#1419 = EDGE_LOOP ( 'NONE', ( #2347, #8353, #6113, #924 ) ) ;
#1420 = VERTEX_POINT ( 'NONE', #603 ) ;
#1421 = DIRECTION ( 'NONE',  ( 0.0000000000000000000, -1.000000000000000000, 0.0000000000000000000 ) ) ;
#1422 = DIRECTION ( 'NONE',  ( 0.0000000000000000000, -1.000000000000000000, 4.336808689942017700E-015 ) ) ;
#1423 = ORIENTED_EDGE ( 'NONE', *, *, #4182, .F. ) ;
#1424 = AXIS2_PLACEMENT_3D ( 'NONE', #8167, #305, #5814 ) ;
#1425 = LINE ( 'NONE', #8558, #5714 ) ;
#1426 = ORIENTED_EDGE ( 'NONE', *, *, #2861, .T. ) ;
#1427 = DIRECTION ( 'NONE',  ( 0.0000000000000000000, -0.0000000000000000000, 1.000000000000000000 ) ) ;
#1428 = FACE_OUTER_BOUND ( 'NONE', #9010, .T. ) ;
#1429 = CARTESIAN_POINT ( 'NONE',  ( -16.75999999999999800, 1.300000000000000000, -14.12000000000000300 ) ) ;
#1430 = VERTEX_POINT ( 'NONE', #7725 ) ;
#1431 = VERTEX_POINT ( 'NONE', #2240 ) ;
#1432 = DIRECTION ( 'NONE',  ( 0.0000000000000000000, 1.000000000000000000, 0.0000000000000000000 ) ) ;
#1433 = ORIENTED_EDGE ( 'NONE', *, *, #762, .T. ) ;
#1434 = VERTEX_POINT ( 'NONE', #9359 ) ;
#1435 = DIRECTION ( 'NONE',  ( 0.0000000000000000000, -0.0000000000000000000, 1.000000000000000000 ) ) ;
#1436 = CARTESIAN_POINT ( 'NONE',  ( -9.139999999999998800, 0.0000000000000000000, 0.0000000000000000000 ) ) ;
#1437 = VERTEX_POINT ( 'NONE', #10100 ) ;
#1438 = FACE_OUTER_BOUND ( 'NONE', #8637, .T. ) ;
#1439 = LINE ( 'NONE', #3011, #311 ) ;
#1440 = ORIENTED_EDGE ( 'NONE', *, *, #3049, .T. ) ;
#1441 = EDGE_CURVE ( 'NONE', #3264, #9968, #6070, .T. ) ;
#1442 = CARTESIAN_POINT ( 'NONE',  ( 3.310000000000004100, 0.2000000000000000100, -13.81999999999999900 ) ) ;
#1443 = EDGE_CURVE ( 'NONE', #8756, #7514, #2274, .T. ) ;
#1444 = LINE ( 'NONE', #7564, #9457 ) ;
#1445 = PLANE ( 'NONE',  #6008 ) ;
#1446 = LINE ( 'NONE', #2520, #187 ) ;
#1447 = ORIENTED_EDGE ( 'NONE', *, *, #7649, .F. ) ;
#1448 = FILL_AREA_STYLE ('',( #5357 ) ) ;
#1449 = DIRECTION ( 'NONE',  ( 1.000000000000000000, 0.0000000000000000000, 0.0000000000000000000 ) ) ;
#1450 = ORIENTED_EDGE ( 'NONE', *, *, #1261, .T. ) ;
#1451 = EDGE_CURVE ( 'NONE', #4077, #5147, #10165, .T. ) ;
#1452 = EDGE_LOOP ( 'NONE', ( #5494, #3453, #8840, #9103 ) ) ;
#1453 = LINE ( 'NONE', #8145, #8720 ) ;
#1454 = CARTESIAN_POINT ( 'NONE',  ( 27.49999999999999600, 1.800000000000000000, -6.820000000000001200 ) ) ;
#1455 = EDGE_CURVE ( 'NONE', #9143, #863, #6669, .T. ) ;
#1456 = LINE ( 'NONE', #841, #696 ) ;
#1457 = ORIENTED_EDGE ( 'NONE', *, *, #4894, .T. ) ;
#1458 = DIRECTION ( 'NONE',  ( 0.0000000000000000000, -1.000000000000000000, 0.0000000000000000000 ) ) ;
#1459 = VERTEX_POINT ( 'NONE', #4819 ) ;
#1460 = DIRECTION ( 'NONE',  ( 1.000000000000000000, 0.0000000000000000000, 0.0000000000000000000 ) ) ;
#1461 = FACE_OUTER_BOUND ( 'NONE', #1772, .T. ) ;
#1462 = DIRECTION ( 'NONE',  ( 0.0000000000000000000, 0.0000000000000000000, -1.000000000000000000 ) ) ;
#1463 = CARTESIAN_POINT ( 'NONE',  ( -22.09000000000000000, 1.000000000000000000, -13.82000000000000200 ) ) ;
#1464 = VECTOR ( 'NONE', #7791, 1000.000000000000000 ) ;
#1465 = VERTEX_POINT ( 'NONE', #5337 ) ;
#1466 = VERTEX_POINT ( 'NONE', #9493 ) ;
#1467 = PLANE ( 'NONE',  #4217 ) ;
#1468 = ORIENTED_EDGE ( 'NONE', *, *, #5206, .T. ) ;
#1469 = ORIENTED_EDGE ( 'NONE', *, *, #1315, .T. ) ;
#1470 = CARTESIAN_POINT ( 'NONE',  ( 21.84000000000000700, 1.300000000000000000, -13.52000000000000300 ) ) ;
#1471 = LINE ( 'NONE', #3478, #5649 ) ;
#1472 = DIRECTION ( 'NONE',  ( -1.000000000000000000, 0.0000000000000000000, 0.0000000000000000000 ) ) ;
#1473 = DIRECTION ( 'NONE',  ( -1.000000000000000000, 0.0000000000000000000, -0.0000000000000000000 ) ) ;
#1474 = DIRECTION ( 'NONE',  ( 0.0000000000000000000, 1.000000000000000000, 0.0000000000000000000 ) ) ;
#1475 = ORIENTED_EDGE ( 'NONE', *, *, #9947, .T. ) ;
#1476 = PRESENTATION_STYLE_ASSIGNMENT (( #5674 ) ) ;
#1477 = DIRECTION ( 'NONE',  ( 0.0000000000000000000, 1.000000000000000000, 0.0000000000000000000 ) ) ;
#1478 = VERTEX_POINT ( 'NONE', #342 ) ;
#1479 = ORIENTED_EDGE ( 'NONE', *, *, #6024, .T. ) ;
#1480 = CARTESIAN_POINT ( 'NONE',  ( 22.09000000000000700, 0.2000000000000000900, 14.12000000000000100 ) ) ;
#1481 = EDGE_CURVE ( 'NONE', #2442, #732, #7898, .T. ) ;
#1482 = ORIENTED_EDGE ( 'NONE', *, *, #7946, .T. ) ;
#1483 = AXIS2_PLACEMENT_3D ( 'NONE', #7008, #4713, #821 ) ;
#1484 = DIRECTION ( 'NONE',  ( 0.0000000000000000000, 0.0000000000000000000, -1.000000000000000000 ) ) ;
#1485 = CARTESIAN_POINT ( 'NONE',  ( 21.84000000000000700, 1.300000000000000000, -14.12000000000000300 ) ) ;
#1486 = ADVANCED_FACE ( 'NONE', ( #8158 ), #3236, .T. ) ;
#1487 = ORIENTED_EDGE ( 'NONE', *, *, #1043, .F. ) ;
#1488 = DIRECTION ( 'NONE',  ( 0.0000000000000000000, 0.0000000000000000000, 1.000000000000000000 ) ) ;
#1489 = VERTEX_POINT ( 'NONE', #4263 ) ;
#1490 = EDGE_CURVE ( 'NONE', #5764, #2287, #8791, .T. ) ;
#1491 = PLANE ( 'NONE',  #9948 ) ;
#1492 = DIRECTION ( 'NONE',  ( 0.0000000000000000000, 0.0000000000000000000, -1.000000000000000000 ) ) ;
#1493 = CARTESIAN_POINT ( 'NONE',  ( -1.769999999999997400, 1.300000000000000000, -14.12000000000000300 ) ) ;
#1494 = ORIENTED_EDGE ( 'NONE', *, *, #5332, .T. ) ;
#1495 = DIRECTION ( 'NONE',  ( 0.0000000000000000000, -0.0000000000000000000, 1.000000000000000000 ) ) ;
#1496 =( NAMED_UNIT ( * ) PLANE_ANGLE_UNIT ( ) SI_UNIT ( $, .RADIAN. ) );
#1497 = PLANE ( 'NONE',  #7577 ) ;
#1498 = EDGE_CURVE ( 'NONE', #4796, #2178, #3724, .T. ) ;
#1499 = DIRECTION ( 'NONE',  ( 1.000000000000000000, 0.0000000000000000000, -1.800252673284357700E-016 ) ) ;
#1500 = ORIENTED_EDGE ( 'NONE', *, *, #4410, .F. ) ;
#1501 = LINE ( 'NONE', #1655, #7511 ) ;
#1502 = DIRECTION ( 'NONE',  ( 0.0000000000000000000, -1.000000000000000000, 4.336808689942017700E-015 ) ) ;
#1503 = EDGE_LOOP ( 'NONE', ( #9334, #858, #4419, #742 ) ) ;
#1504 = CARTESIAN_POINT ( 'NONE',  ( -25.50000000000000700, 1.700000000000000000, 9.180000000000003300 ) ) ;
#1505 = CARTESIAN_POINT ( 'NONE',  ( -25.50000000000000700, 1.700000000000000000, 9.180000000000003300 ) ) ;
#1506 = EDGE_CURVE ( 'NONE', #8445, #6393, #3130, .T. ) ;
#1507 = FACE_OUTER_BOUND ( 'NONE', #9970, .T. ) ;
#1508 = CARTESIAN_POINT ( 'NONE',  ( -11.92999999999999800, 1.300000000000000000, -13.52000000000000300 ) ) ;
#1509 = CARTESIAN_POINT ( 'NONE',  ( 16.26000000000000500, 0.2000000000000000100, -13.81999999999999900 ) ) ;
#1510 = VERTEX_POINT ( 'NONE', #4841 ) ;
#1511 = EDGE_CURVE ( 'NONE', #3464, #7723, #1638, .T. ) ;
#1512 = VECTOR ( 'NONE', #9523, 1000.000000000000000 ) ;
#1513 = ADVANCED_FACE ( 'NONE', ( #9414 ), #4786, .F. ) ;
#1514 = VECTOR ( 'NONE', #1968, 1000.000000000000000 ) ;
#1515 = DIRECTION ( 'NONE',  ( 0.0000000000000000000, 0.0000000000000000000, 1.000000000000000000 ) ) ;
#1516 = ORIENTED_EDGE ( 'NONE', *, *, #9642, .T. ) ;
#1517 = LINE ( 'NONE', #5320, #262 ) ;
#1518 = PLANE ( 'NONE',  #3809 ) ;
#1519 = FACE_OUTER_BOUND ( 'NONE', #6738, .T. ) ;
#1520 = VERTEX_POINT ( 'NONE', #5505 ) ;
#1521 = VECTOR ( 'NONE', #7947, 1000.000000000000000 ) ;
#1522 = ADVANCED_FACE ( 'NONE', ( #7291 ), #5563, .F. ) ;
#1523 = VECTOR ( 'NONE', #890, 1000.000000000000000 ) ;
#1524 = DIRECTION ( 'NONE',  ( 0.0000000000000000000, -0.0000000000000000000, 1.000000000000000000 ) ) ;
#1525 = FACE_OUTER_BOUND ( 'NONE', #3924, .T. ) ;
#1526 = CARTESIAN_POINT ( 'NONE',  ( -16.25999999999999800, -8.000000000000000000, -13.82000000000000200 ) ) ;
#1527 = SURFACE_SIDE_STYLE ('',( #8991 ) ) ;
#1528 = EDGE_CURVE ( 'NONE', #2078, #4434, #763, .T. ) ;
#1529 = CARTESIAN_POINT ( 'NONE',  ( 0.0000000000000000000, 0.2000000000000000100, 0.0000000000000000000 ) ) ;
#1530 = LINE ( 'NONE', #9569, #3030 ) ;
#1531 = LINE ( 'NONE', #5964, #9680 ) ;
#1532 = CARTESIAN_POINT ( 'NONE',  ( -3.000000000000017300, 1.000000000000000000, -10.35000000000000000 ) ) ;
#1533 = FACE_OUTER_BOUND ( 'NONE', #5365, .T. ) ;
#1534 = EDGE_LOOP ( 'NONE', ( #7441, #4769, #3416, #1366 ) ) ;
#1535 = DIRECTION ( 'NONE',  ( -1.000000000000000000, -0.0000000000000000000, -0.0000000000000000000 ) ) ;
#1536 = FACE_OUTER_BOUND ( 'NONE', #3232, .T. ) ;
#1537 = DIRECTION ( 'NONE',  ( 0.0000000000000000000, -1.000000000000000000, 0.0000000000000000000 ) ) ;
#1538 = DIRECTION ( 'NONE',  ( -0.0000000000000000000, -0.0000000000000000000, -1.000000000000000000 ) ) ;
#1539 = DIRECTION ( 'NONE',  ( 1.000000000000000000, 0.0000000000000000000, 0.0000000000000000000 ) ) ;
#1540 = LINE ( 'NONE', #3386, #2038 ) ;
#1541 = LINE ( 'NONE', #2157, #5360 ) ;
#1542 = ORIENTED_EDGE ( 'NONE', *, *, #7987, .T. ) ;
#1543 = EDGE_CURVE ( 'NONE', #6715, #6577, #8909, .T. ) ;
#1544 = LINE ( 'NONE', #8483, #8201 ) ;
#1545 = DIRECTION ( 'NONE',  ( 0.0000000000000000000, 1.000000000000000000, 0.0000000000000000000 ) ) ;
#1546 = EDGE_LOOP ( 'NONE', ( #3764, #9324, #3258, #9938 ) ) ;
#1547 = ORIENTED_EDGE ( 'NONE', *, *, #7318, .T. ) ;
#1548 = VERTEX_POINT ( 'NONE', #9488 ) ;
#1549 = ORIENTED_EDGE ( 'NONE', *, *, #579, .F. ) ;
#1550 = LINE ( 'NONE', #9899, #2931 ) ;
#1551 = LINE ( 'NONE', #2510, #4630 ) ;
#1552 = DIRECTION ( 'NONE',  ( 1.000000000000000000, 0.0000000000000000000, 0.0000000000000000000 ) ) ;
#1553 = ORIENTED_EDGE ( 'NONE', *, *, #8103, .F. ) ;
#1554 = CARTESIAN_POINT ( 'NONE',  ( -24.37999999999999900, 0.2000000000000000100, -13.81999999999999900 ) ) ;
#1555 = CARTESIAN_POINT ( 'NONE',  ( -9.389999999999998800, 1.000000000000000000, -13.52000000000000300 ) ) ;
#1556 = DIRECTION ( 'NONE',  ( 0.0000000000000000000, 0.0000000000000000000, 1.000000000000000000 ) ) ;
#1557 = EDGE_CURVE ( 'NONE', #7073, #7585, #2896, .T. ) ;
#1558 = VECTOR ( 'NONE', #4204, 1000.000000000000000 ) ;
#1559 = EDGE_LOOP ( 'NONE', ( #10247, #2253, #4171, #7363 ) ) ;
#1560 = ORIENTED_EDGE ( 'NONE', *, *, #1405, .T. ) ;
#1561 = AXIS2_PLACEMENT_3D ( 'NONE', #1118, #3491, #208 ) ;
#1562 = EDGE_LOOP ( 'NONE', ( #9869, #4027, #9526, #4873 ) ) ;
#1563 = VERTEX_POINT ( 'NONE', #8751 ) ;
#1564 = DIRECTION ( 'NONE',  ( 0.0000000000000000000, -0.0000000000000000000, 1.000000000000000000 ) ) ;
#1565 = PRESENTATION_STYLE_ASSIGNMENT (( #6929 ) ) ;
#1566 = PLANE ( 'NONE',  #8699 ) ;
#1567 = CARTESIAN_POINT ( 'NONE',  ( 9.390000000000002300, 0.2000000000000000100, -13.81999999999999900 ) ) ;
#1568 = FACE_OUTER_BOUND ( 'NONE', #8503, .T. ) ;
#1569 = CARTESIAN_POINT ( 'NONE',  ( -10.92999999999999600, 1.000000000000000000, -13.82000000000000200 ) ) ;
#1570 = PLANE ( 'NONE',  #6509 ) ;
#1571 = ADVANCED_FACE ( 'NONE', ( #5566 ), #7144, .T. ) ;
#1572 = VERTEX_POINT ( 'NONE', #4816 ) ;
#1573 = CARTESIAN_POINT ( 'NONE',  ( -5.849999999999997900, 0.2000000000000000100, -13.81999999999999900 ) ) ;
#1574 = CARTESIAN_POINT ( 'NONE',  ( -19.29999999999999700, -8.000000000000000000, -14.12000000000000300 ) ) ;
#1575 = ORIENTED_EDGE ( 'NONE', *, *, #583, .T. ) ;
#1576 = LINE ( 'NONE', #9304, #202 ) ;
#1577 = EDGE_CURVE ( 'NONE', #878, #9182, #5330, .T. ) ;
#1578 = LINE ( 'NONE', #2058, #8845 ) ;
#1579 = PLANE ( 'NONE',  #5927 ) ;
#1580 = VERTEX_POINT ( 'NONE', #9549 ) ;
#1581 = ADVANCED_FACE ( 'NONE', ( #9537 ), #5639, .F. ) ;
#1582 = EDGE_CURVE ( 'NONE', #427, #5897, #4267, .T. ) ;
#1583 = EDGE_LOOP ( 'NONE', ( #79, #10125, #6994, #4557 ) ) ;
#1584 = AXIS2_PLACEMENT_3D ( 'NONE', #5271, #9982, #4398 ) ;
#1585 = VERTEX_POINT ( 'NONE', #6411 ) ;
#1586 = AXIS2_PLACEMENT_3D ( 'NONE', #1069, #2629, #8119 ) ;
#1587 = VECTOR ( 'NONE', #3358, 1000.000000000000000 ) ;
#1588 = VECTOR ( 'NONE', #9794, 1000.000000000000000 ) ;
#1589 = CARTESIAN_POINT ( 'NONE',  ( 11.18000000000000300, 1.300000000000000000, -14.12000000000000300 ) ) ;
#1590 = ORIENTED_EDGE ( 'NONE', *, *, #5354, .T. ) ;
#1591 = DIRECTION ( 'NONE',  ( 0.0000000000000000000, 0.0000000000000000000, -1.000000000000000000 ) ) ;
#1592 = EDGE_LOOP ( 'NONE', ( #8969, #3613, #9124, #2837 ) ) ;
#1593 = DIRECTION ( 'NONE',  ( -0.0000000000000000000, -1.000000000000000000, -0.0000000000000000000 ) ) ;
#1594 = VERTEX_POINT ( 'NONE', #8669 ) ;
#1595 = DIRECTION ( 'NONE',  ( -1.000000000000000000, -0.0000000000000000000, -0.0000000000000000000 ) ) ;
#1596 = DIRECTION ( 'NONE',  ( 0.0000000000000000000, 0.0000000000000000000, -1.000000000000000000 ) ) ;
#1597 = VERTEX_POINT ( 'NONE', #8003 ) ;
#1598 = LINE ( 'NONE', #3222, #5291 ) ;
#1599 = DIRECTION ( 'NONE',  ( -0.0000000000000000000, -1.000000000000000000, -0.0000000000000000000 ) ) ;
#1600 = ORIENTED_EDGE ( 'NONE', *, *, #7865, .F. ) ;
#1601 = CARTESIAN_POINT ( 'NONE',  ( -19.29999999999999700, 0.2000000000000000100, 0.0000000000000000000 ) ) ;
#1602 = CARTESIAN_POINT ( 'NONE',  ( -21.33999999999999600, 1.000000000000000000, -13.52000000000000300 ) ) ;
#1603 = UNCERTAINTY_MEASURE_WITH_UNIT (LENGTH_MEASURE( 1.000000000000000100E-005 ), #8793, 'distance_accuracy_value', 'NONE');
#1604 = EDGE_LOOP ( 'NONE', ( #7687, #4755, #7004, #4656 ) ) ;
#1605 =( NAMED_UNIT ( * ) SI_UNIT ( $, .STERADIAN. ) SOLID_ANGLE_UNIT ( ) );
#1606 = CARTESIAN_POINT ( 'NONE',  ( 28.30000000000000800, 0.9500000000000002900, 3.429999999999999300 ) ) ;
#1607 = SURFACE_SIDE_STYLE ('',( #2797 ) ) ;
#1608 = EDGE_CURVE ( 'NONE', #9489, #343, #1446, .T. ) ;
#1609 = CARTESIAN_POINT ( 'NONE',  ( 6.850000000000002300, 1.300000000000000000, -13.52000000000000300 ) ) ;
#1610 = ORIENTED_EDGE ( 'NONE', *, *, #4573, .F. ) ;
#1611 = VERTEX_POINT ( 'NONE', #4087 ) ;
#1612 = CARTESIAN_POINT ( 'NONE',  ( 1.520000000000004000, 1.300000000000000000, -14.12000000000000300 ) ) ;
#1613 = PLANE ( 'NONE',  #7889 ) ;
#1614 = ORIENTED_EDGE ( 'NONE', *, *, #5167, .F. ) ;
#1615 = DIRECTION ( 'NONE',  ( 0.0000000000000000000, -0.0000000000000000000, 1.000000000000000000 ) ) ;
#1616 = SHAPE_DEFINITION_REPRESENTATION ( #6185, #10079 ) ;
#1617 = ADVANCED_FACE ( 'NONE', ( #576 ), #877, .F. ) ;
#1618 = ORIENTED_EDGE ( 'NONE', *, *, #8509, .F. ) ;
#1619 = EDGE_CURVE ( 'NONE', #6984, #407, #8348, .T. ) ;
#1620 = DIRECTION ( 'NONE',  ( 0.0000000000000000000, 0.0000000000000000000, 1.000000000000000000 ) ) ;
#1621 = DIRECTION ( 'NONE',  ( 0.0000000000000000000, 0.0000000000000000000, -1.000000000000000000 ) ) ;
#1622 = DIRECTION ( 'NONE',  ( 0.0000000000000000000, 0.0000000000000000000, 1.000000000000000000 ) ) ;
#1623 = AXIS2_PLACEMENT_3D ( 'NONE', #7709, #8516, #3853 ) ;
#1624 = CARTESIAN_POINT ( 'NONE',  ( 1.770000000000004200, 0.2000000000000000100, -13.81999999999999900 ) ) ;
#1625 = LINE ( 'NONE', #6443, #1265 ) ;
#1626 = ORIENTED_EDGE ( 'NONE', *, *, #5982, .T. ) ;
#1627 = ADVANCED_FACE ( 'NONE', ( #4882 ), #2708, .F. ) ;
#1628 = CARTESIAN_POINT ( 'NONE',  ( 21.84000000000000700, 1.000000000000000000, 13.82000000000000200 ) ) ;
#1629 = EDGE_CURVE ( 'NONE', #2952, #5187, #2698, .T. ) ;
#1630 = DIRECTION ( 'NONE',  ( 0.0000000000000000000, 1.000000000000000000, 0.0000000000000000000 ) ) ;
#1631 = DIRECTION ( 'NONE',  ( -1.000000000000000000, 0.0000000000000000000, -0.0000000000000000000 ) ) ;
#1632 = EDGE_CURVE ( 'NONE', #2361, #2452, #1072, .T. ) ;
#1633 = FACE_OUTER_BOUND ( 'NONE', #9592, .T. ) ;
#1634 = DIRECTION ( 'NONE',  ( -1.000000000000000000, -0.0000000000000000000, -0.0000000000000000000 ) ) ;
#1635 = CARTESIAN_POINT ( 'NONE',  ( 16.76000000000000500, -8.000000000000000000, -14.12000000000000300 ) ) ;
#1636 = ORIENTED_EDGE ( 'NONE', *, *, #2505, .F. ) ;
#1637 = EDGE_CURVE ( 'NONE', #9747, #4008, #5269, .T. ) ;
#1638 = LINE ( 'NONE', #1589, #5694 ) ;
#1639 = CARTESIAN_POINT ( 'NONE',  ( 21.84000000000000700, 0.2000000000000000100, 0.0000000000000000000 ) ) ;
#1640 = CARTESIAN_POINT ( 'NONE',  ( 8.390000000000002300, 1.300000000000000000, -13.52000000000000300 ) ) ;
#1641 = ORIENTED_EDGE ( 'NONE', *, *, #2003, .T. ) ;
#1642 = EDGE_CURVE ( 'NONE', #6222, #6002, #1940, .T. ) ;
#1643 = VECTOR ( 'NONE', #8384, 1000.000000000000000 ) ;
#1644 = VECTOR ( 'NONE', #8815, 1000.000000000000000 ) ;
#1645 = EDGE_CURVE ( 'NONE', #1466, #8714, #3782, .T. ) ;
#1646 = CARTESIAN_POINT ( 'NONE',  ( -21.84000000000000000, 0.2000000000000000900, 13.82000000000000200 ) ) ;
#1647 = SURFACE_STYLE_FILL_AREA ( #9149 ) ;
#1648 = VECTOR ( 'NONE', #5581, 1000.000000000000000 ) ;
#1649 = VECTOR ( 'NONE', #3326, 1000.000000000000000 ) ;
#1650 = AXIS2_PLACEMENT_3D ( 'NONE', #8274, #5306, #5362 ) ;
#1651 = VECTOR ( 'NONE', #9258, 1000.000000000000000 ) ;
#1652 = CARTESIAN_POINT ( 'NONE',  ( 22.09000000000000700, 0.2000000000000000900, 13.82000000000000200 ) ) ;
#1653 = CARTESIAN_POINT ( 'NONE',  ( 14.22000000000000400, -8.000000000000000000, -14.12000000000000300 ) ) ;
#1654 = LINE ( 'NONE', #2572, #9558 ) ;
#1655 = CARTESIAN_POINT ( 'NONE',  ( -27.00000000000000400, -0.0000000000000000000, -7.320000000000002100 ) ) ;
#1656 = FACE_OUTER_BOUND ( 'NONE', #8259, .T. ) ;
#1657 = LINE ( 'NONE', #2609, #4484 ) ;
#1658 = ORIENTED_EDGE ( 'NONE', *, *, #3804, .T. ) ;
#1659 = LINE ( 'NONE', #6316, #287 ) ;
#1660 = DIRECTION ( 'NONE',  ( -1.000000000000000000, -0.0000000000000000000, -0.0000000000000000000 ) ) ;
#1661 = CARTESIAN_POINT ( 'NONE',  ( 6.600000000000001400, -8.000000000000000000, -14.12000000000000300 ) ) ;
#1662 = VECTOR ( 'NONE', #5670, 1000.000000000000000 ) ;
#1663 = EDGE_LOOP ( 'NONE', ( #5902, #2415, #7966, #5765 ) ) ;
#1664 = DIRECTION ( 'NONE',  ( 0.0000000000000000000, -1.000000000000000000, 4.336808689942017700E-015 ) ) ;
#1665 = EDGE_CURVE ( 'NONE', #6878, #7743, #8584, .T. ) ;
#1666 = DIRECTION ( 'NONE',  ( 0.0000000000000000000, 0.0000000000000000000, -1.000000000000000000 ) ) ;
#1667 = ADVANCED_FACE ( 'NONE', ( #437 ), #1830, .T. ) ;
#1668 = VECTOR ( 'NONE', #8131, 1000.000000000000000 ) ;
#1669 = EDGE_LOOP ( 'NONE', ( #6705, #10001, #7927, #9643 ) ) ;
#1670 = CARTESIAN_POINT ( 'NONE',  ( -25.50000000000000700, 1.700000000000000000, 9.180000000000003300 ) ) ;
#1671 = VECTOR ( 'NONE', #4149, 1000.000000000000000 ) ;
#1672 = FACE_OUTER_BOUND ( 'NONE', #4247, .T. ) ;
#1673 = ORIENTED_EDGE ( 'NONE', *, *, #5997, .T. ) ;
#1674 = CARTESIAN_POINT ( 'NONE',  ( -13.46999999999999700, 0.2000000000000000100, -13.81999999999999900 ) ) ;
#1675 = DIRECTION ( 'NONE',  ( 0.0000000000000000000, -1.000000000000000000, 0.0000000000000000000 ) ) ;
#1676 = LINE ( 'NONE', #4924, #7693 ) ;
#1677 = DIRECTION ( 'NONE',  ( 0.0000000000000000000, 1.000000000000000000, 0.0000000000000000000 ) ) ;
#1678 = CLOSED_SHELL ( 'NONE', ( #8256, #8495, #7977, #4520, #6503, #4262, #4459, #2456, #3224, #9815, #1829, #10128 ) ) ;
#1679 = ORIENTED_EDGE ( 'NONE', *, *, #9024, .F. ) ;
#1680 = CARTESIAN_POINT ( 'NONE',  ( -23.62999999999999900, 0.2000000000000000900, 13.82000000000000200 ) ) ;
#1681 = CARTESIAN_POINT ( 'NONE',  ( -19.54999999999999700, 0.0000000000000000000, 0.0000000000000000000 ) ) ;
#1682 = ORIENTED_EDGE ( 'NONE', *, *, #6188, .F. ) ;
#1683 = VERTEX_POINT ( 'NONE', #146 ) ;
#1684 = EDGE_CURVE ( 'NONE', #5806, #337, #2191, .T. ) ;
#1685 = VERTEX_POINT ( 'NONE', #8882 ) ;
#1686 = VECTOR ( 'NONE', #9403, 1000.000000000000000 ) ;
#1687 = VECTOR ( 'NONE', #9155, 1000.000000000000000 ) ;
#1688 = VERTEX_POINT ( 'NONE', #8955 ) ;
#1689 = DIRECTION ( 'NONE',  ( 0.0000000000000000000, 1.000000000000000000, 0.0000000000000000000 ) ) ;
#1690 = CARTESIAN_POINT ( 'NONE',  ( -24.37999999999999900, -8.000000000000000000, 13.82000000000000200 ) ) ;
#1691 = FACE_OUTER_BOUND ( 'NONE', #6221, .T. ) ;
#1692 = LINE ( 'NONE', #4195, #5376 ) ;
#1693 = ORIENTED_EDGE ( 'NONE', *, *, #7238, .F. ) ;
#1694 = DIRECTION ( 'NONE',  ( 0.0000000000000000000, 1.000000000000000000, 0.0000000000000000000 ) ) ;
#1695 = ORIENTED_EDGE ( 'NONE', *, *, #4937, .T. ) ;
#1696 = ORIENTED_EDGE ( 'NONE', *, *, #6892, .F. ) ;
#1697 = DIRECTION ( 'NONE',  ( 0.0000000000000000000, -0.0000000000000000000, 1.000000000000000000 ) ) ;
#1698 = VECTOR ( 'NONE', #1024, 1000.000000000000000 ) ;
#1699 = CARTESIAN_POINT ( 'NONE',  ( -23.87999999999999900, -8.000000000000000000, 14.12000000000000300 ) ) ;
#1700 = DIRECTION ( 'NONE',  ( 0.0000000000000000000, 0.0000000000000000000, -1.000000000000000000 ) ) ;
#1701 = ADVANCED_FACE ( 'NONE', ( #6124 ), #6487, .F. ) ;
#1702 = DIRECTION ( 'NONE',  ( 0.0000000000000000000, 0.0000000000000000000, -1.000000000000000000 ) ) ;
#1703 = EDGE_CURVE ( 'NONE', #719, #7736, #7341, .T. ) ;
#1704 = CARTESIAN_POINT ( 'NONE',  ( -23.87999999999999900, 1.300000000000000000, 14.12000000000000300 ) ) ;
#1705 = VECTOR ( 'NONE', #7300, 1000.000000000000000 ) ;
#1706 = ORIENTED_EDGE ( 'NONE', *, *, #2381, .F. ) ;
#1707 = CARTESIAN_POINT ( 'NONE',  ( 1.520000000000004000, -8.000000000000000000, -13.82000000000000200 ) ) ;
#1708 = EDGE_LOOP ( 'NONE', ( #4752, #3141, #4668, #900 ) ) ;
#1709 = VECTOR ( 'NONE', #6939, 1000.000000000000000 ) ;
#1710 = CARTESIAN_POINT ( 'NONE',  ( -27.49999999999999600, 1.800000000000000000, 10.68000000000000700 ) ) ;
#1711 = PLANE ( 'NONE',  #7081 ) ;
#1712 = EDGE_CURVE ( 'NONE', #7575, #3300, #938, .T. ) ;
#1713 = VECTOR ( 'NONE', #5667, 1000.000000000000000 ) ;
#1714 = EDGE_LOOP ( 'NONE', ( #9820, #4368, #8538, #10057 ) ) ;
#1715 = VERTEX_POINT ( 'NONE', #8116 ) ;
#1716 = CARTESIAN_POINT ( 'NONE',  ( -18.54999999999999700, 1.300000000000000000, -13.52000000000000300 ) ) ;
#1717 = EDGE_CURVE ( 'NONE', #8690, #6878, #3057, .T. ) ;
#1718 = ORIENTED_EDGE ( 'NONE', *, *, #1577, .T. ) ;
#1719 = DIRECTION ( 'NONE',  ( 0.0000000000000000000, 0.0000000000000000000, -1.000000000000000000 ) ) ;
#1720 = FACE_OUTER_BOUND ( 'NONE', #9741, .T. ) ;
#1721 = CARTESIAN_POINT ( 'NONE',  ( -4.059999999999997800, 0.2000000000000000100, 0.0000000000000000000 ) ) ;
#1722 = VERTEX_POINT ( 'NONE', #4252 ) ;
#1723 = LINE ( 'NONE', #193, #6992 ) ;
#1724 = AXIS2_PLACEMENT_3D ( 'NONE', #7080, #819, #9454 ) ;
#1725 = ORIENTED_EDGE ( 'NONE', *, *, #5278, .F. ) ;
#1726 = EDGE_LOOP ( 'NONE', ( #8336, #6700, #9238, #5010 ) ) ;
#1727 = DIRECTION ( 'NONE',  ( 0.0000000000000000000, 1.000000000000000000, 0.0000000000000000000 ) ) ;
#1728 = DIRECTION ( 'NONE',  ( 0.0000000000000000000, 0.0000000000000000000, 1.000000000000000000 ) ) ;
#1729 = ORIENTED_EDGE ( 'NONE', *, *, #2180, .F. ) ;
#1730 = ADVANCED_FACE ( 'NONE', ( #9210 ), #189, .F. ) ;
#1731 = LINE ( 'NONE', #5437, #350 ) ;
#1732 = CARTESIAN_POINT ( 'NONE',  ( 6.600000000000001400, 1.300000000000000000, -13.52000000000000300 ) ) ;
#1733 = DIRECTION ( 'NONE',  ( 1.000000000000000000, 0.0000000000000000000, 0.0000000000000000000 ) ) ;
#1734 = CARTESIAN_POINT ( 'NONE',  ( 3.310000000000004100, 1.300000000000000000, -13.52000000000000300 ) ) ;
#1736 = ORIENTED_EDGE ( 'NONE', *, *, #6810, .F. ) ;
#1735 = CARTESIAN_POINT ( 'NONE',  ( 9.390000000000002300, 0.2000000000000000100, -14.12000000000000100 ) ) ;
#1737 = DIRECTION ( 'NONE',  ( 0.0000000000000000000, 0.0000000000000000000, -1.000000000000000000 ) ) ;
#1738 = UNCERTAINTY_MEASURE_WITH_UNIT (LENGTH_MEASURE( 1.000000000000000100E-005 ), #9521, 'distance_accuracy_value', 'NONE');
#1739 = CLOSED_SHELL ( 'NONE', ( #8426, #1701, #533, #3898, #8508, #10010, #1953, #8307, #4294, #6778, #466, #6520 ) ) ;
#1740 = EDGE_CURVE ( 'NONE', #6869, #595, #1692, .T. ) ;
#1741 = VERTEX_POINT ( 'NONE', #9653 ) ;
#1742 = CARTESIAN_POINT ( 'NONE',  ( 19.30000000000000400, 0.2000000000000005100, -13.82000000000000200 ) ) ;
#1743 = CARTESIAN_POINT ( 'NONE',  ( -8.389999999999998800, 1.300000000000000000, -13.52000000000000300 ) ) ;
#1744 =( NAMED_UNIT ( * ) SI_UNIT ( $, .STERADIAN. ) SOLID_ANGLE_UNIT ( ) );
#1745 = ORIENTED_EDGE ( 'NONE', *, *, #8007, .T. ) ;
#1746 = PLANE ( 'NONE',  #1020 ) ;
#1747 = EDGE_CURVE ( 'NONE', #8060, #7445, #5015, .T. ) ;
#1748 = DIRECTION ( 'NONE',  ( 0.0000000000000000000, -1.000000000000000000, 4.336808689942017700E-015 ) ) ;
#1749 = ADVANCED_FACE ( 'NONE', ( #2951 ), #2843, .F. ) ;
#1750 = AXIS2_PLACEMENT_3D ( 'NONE', #4408, #8411, #9106 ) ;
#1751 = ORIENTED_EDGE ( 'NONE', *, *, #307, .F. ) ;
#1752 = FACE_OUTER_BOUND ( 'NONE', #4993, .T. ) ;
#1753 = DIRECTION ( 'NONE',  ( -1.000000000000000000, -0.0000000000000000000, -0.0000000000000000000 ) ) ;
#1754 = ORIENTED_EDGE ( 'NONE', *, *, #6511, .T. ) ;
#1755 = CARTESIAN_POINT ( 'NONE',  ( 17.01000000000000500, 1.000000000000000000, -13.82000000000000200 ) ) ;
#1756 = SURFACE_STYLE_USAGE ( .BOTH. , #7245 ) ;
#1757 = CARTESIAN_POINT ( 'NONE',  ( 4.310000000000004900, 0.0000000000000000000, 0.0000000000000000000 ) ) ;
#1758 = LINE ( 'NONE', #5048, #5684 ) ;
#1759 = CARTESIAN_POINT ( 'NONE',  ( 9.390000000000002300, 1.000000000000000000, -13.52000000000000300 ) ) ;
#1760 = ORIENTED_EDGE ( 'NONE', *, *, #5201, .T. ) ;
#1761 =( LENGTH_UNIT ( ) NAMED_UNIT ( * ) SI_UNIT ( .MILLI., .METRE. ) );
#1762 = PLANE ( 'NONE',  #5493 ) ;
#1763 = CARTESIAN_POINT ( 'NONE',  ( 10.93000000000000100, 1.000000000000000000, -13.52000000000000300 ) ) ;
#1764 = DIRECTION ( 'NONE',  ( 0.0000000000000000000, 0.0000000000000000000, -1.000000000000000000 ) ) ;
#1765 = VECTOR ( 'NONE', #5770, 1000.000000000000000 ) ;
#1766 = CARTESIAN_POINT ( 'NONE',  ( -23.87999999999999900, 1.000000000000000000, -13.52000000000000300 ) ) ;
#1767 = ORIENTED_EDGE ( 'NONE', *, *, #8421, .T. ) ;
#1768 = EDGE_CURVE ( 'NONE', #5727, #4992, #814, .T. ) ;
#1769 = CARTESIAN_POINT ( 'NONE',  ( -3.000000000000017300, 0.9499999999999999600, -10.35000000000000000 ) ) ;
#1770 = VECTOR ( 'NONE', #5073, 1000.000000000000000 ) ;
#1771 = ADVANCED_FACE ( 'NONE', ( #8965 ), #9153, .F. ) ;
#1772 = EDGE_LOOP ( 'NONE', ( #5653, #10083, #253, #3352, #10017, #8768, #5988, #8822 ) ) ;
#1773 = DIRECTION ( 'NONE',  ( 0.0000000000000000000, -1.000000000000000000, 0.0000000000000000000 ) ) ;
#1774 = LINE ( 'NONE', #8829, #9670 ) ;
#1775 = EDGE_CURVE ( 'NONE', #3966, #6706, #9082, .T. ) ;
#1776 = VECTOR ( 'NONE', #2116, 1000.000000000000000 ) ;
#1777 = CARTESIAN_POINT ( 'NONE',  ( -24.09000000000000700, 1.800000000000000000, -4.074999999999995700 ) ) ;
#1778 = LINE ( 'NONE', #7500, #403 ) ;
#1779 = CARTESIAN_POINT ( 'NONE',  ( -0.7699999999999963500, 1.000000000000000000, -13.82000000000000200 ) ) ;
#1780 = EDGE_CURVE ( 'NONE', #9114, #7923, #4766, .T. ) ;
#1781 = CARTESIAN_POINT ( 'NONE',  ( -25.50000000000000700, 1.700000000000000000, 9.180000000000003300 ) ) ;
#1782 = DIRECTION ( 'NONE',  ( 0.0000000000000000000, 0.0000000000000000000, -1.000000000000000000 ) ) ;
#1783 = LINE ( 'NONE', #9801, #8554 ) ;
#1784 = FACE_OUTER_BOUND ( 'NONE', #1320, .T. ) ;
#1785 = VECTOR ( 'NONE', #2000, 1000.000000000000000 ) ;
#1786 = CARTESIAN_POINT ( 'NONE',  ( 22.09000000000000700, 0.2000000000000000100, -13.81999999999999900 ) ) ;
#1787 = FILL_AREA_STYLE ('',( #911 ) ) ;
#1788 = VECTOR ( 'NONE', #2804, 1000.000000000000000 ) ;
#1789 = LINE ( 'NONE', #4144, #5952 ) ;
#1790 = FACE_OUTER_BOUND ( 'NONE', #10270, .T. ) ;
#1791 = LINE ( 'NONE', #8396, #166 ) ;
#1792 = DIRECTION ( 'NONE',  ( 1.000000000000000000, -0.0000000000000000000, 0.0000000000000000000 ) ) ;
#1793 = ORIENTED_EDGE ( 'NONE', *, *, #4404, .T. ) ;
#1794 = CARTESIAN_POINT ( 'NONE',  ( 24.08999999999999300, 1.700000000000000000, 7.934999999999997800 ) ) ;
#1795 = CARTESIAN_POINT ( 'NONE',  ( -3.559999999999997400, 1.000000000000000000, -13.52000000000000300 ) ) ;
#1796 = ADVANCED_FACE ( 'NONE', ( #6601 ), #323, .F. ) ;
#1797 = DIRECTION ( 'NONE',  ( -1.000000000000000000, -0.0000000000000000000, -0.0000000000000000000 ) ) ;
#1798 = VECTOR ( 'NONE', #2231, 1000.000000000000000 ) ;
#1799 = ORIENTED_EDGE ( 'NONE', *, *, #7165, .F. ) ;
#1800 = CARTESIAN_POINT ( 'NONE',  ( -27.49999999999999600, 1.800000000000000000, 10.68000000000000700 ) ) ;
#1801 = ORIENTED_EDGE ( 'NONE', *, *, #4429, .T. ) ;
#1802 = ORIENTED_EDGE ( 'NONE', *, *, #10175, .T. ) ;
#1803 = VERTEX_POINT ( 'NONE', #7513 ) ;
#1804 = VERTEX_POINT ( 'NONE', #1131 ) ;
#1805 = VECTOR ( 'NONE', #867, 1000.000000000000000 ) ;
#1806 = DIRECTION ( 'NONE',  ( 0.0000000000000000000, -1.000000000000000000, 0.0000000000000000000 ) ) ;
#1807 = VECTOR ( 'NONE', #8264, 1000.000000000000000 ) ;
#1808 = ORIENTED_EDGE ( 'NONE', *, *, #6703, .T. ) ;
#1809 = EDGE_CURVE ( 'NONE', #1034, #2599, #3293, .T. ) ;
#1810 = DIRECTION ( 'NONE',  ( -1.000000000000000000, -0.0000000000000000000, -0.0000000000000000000 ) ) ;
#1811 = CARTESIAN_POINT ( 'NONE',  ( -3.309999999999996900, 1.300000000000000000, -14.12000000000000300 ) ) ;
#1812 = EDGE_CURVE ( 'NONE', #9589, #308, #8217, .T. ) ;
#1813 = VERTEX_POINT ( 'NONE', #9835 ) ;
#1814 = ORIENTED_EDGE ( 'NONE', *, *, #3123, .T. ) ;
#1815 = CARTESIAN_POINT ( 'NONE',  ( 27.49999999999999600, 1.000000000000000000, 10.68000000000000000 ) ) ;
#1816 = ORIENTED_EDGE ( 'NONE', *, *, #1629, .F. ) ;
#1817 = ORIENTED_EDGE ( 'NONE', *, *, #4011, .T. ) ;
#1818 = ORIENTED_EDGE ( 'NONE', *, *, #2394, .T. ) ;
#1819 = LINE ( 'NONE', #8230, #9975 ) ;
#1820 = DIRECTION ( 'NONE',  ( -1.000000000000000000, -0.0000000000000000000, -0.0000000000000000000 ) ) ;
#1821 = LINE ( 'NONE', #626, #2067 ) ;
#1822 = ORIENTED_EDGE ( 'NONE', *, *, #2571, .F. ) ;
#1823 = DIRECTION ( 'NONE',  ( 0.0000000000000000000, -0.0000000000000000000, 1.000000000000000000 ) ) ;
#1824 = ORIENTED_EDGE ( 'NONE', *, *, #1148, .T. ) ;
#1825 = AXIS2_PLACEMENT_3D ( 'NONE', #3055, #6909, #10049 ) ;
#1826 = DIRECTION ( 'NONE',  ( -1.000000000000000000, -0.0000000000000000000, -0.0000000000000000000 ) ) ;
#1827 = LINE ( 'NONE', #10150, #1709 ) ;
#1828 = DIRECTION ( 'NONE',  ( 1.000000000000000000, 0.0000000000000000000, 0.0000000000000000000 ) ) ;
#1829 = ADVANCED_FACE ( 'NONE', ( #8713 ), #3507, .F. ) ;
#1830 = PLANE ( 'NONE',  #9649 ) ;
#1831 = ORIENTED_EDGE ( 'NONE', *, *, #1982, .F. ) ;
#1832 = ORIENTED_EDGE ( 'NONE', *, *, #1441, .T. ) ;
#1833 = ORIENTED_EDGE ( 'NONE', *, *, #9672, .F. ) ;
#1834 =( NAMED_UNIT ( * ) PLANE_ANGLE_UNIT ( ) SI_UNIT ( $, .RADIAN. ) );
#1835 = DIRECTION ( 'NONE',  ( -0.0000000000000000000, -0.0000000000000000000, -1.000000000000000000 ) ) ;
#1836 = EDGE_LOOP ( 'NONE', ( #9100, #2321, #3946, #4859, #10069, #2195, #6976, #296 ) ) ;
#1837 = EDGE_CURVE ( 'NONE', #8338, #2752, #6351, .T. ) ;
#1838 = LINE ( 'NONE', #7417, #9227 ) ;
#1839 = CARTESIAN_POINT ( 'NONE',  ( 3.310000000000004100, 1.000000000000000000, -13.52000000000000300 ) ) ;
#1840 = EDGE_CURVE ( 'NONE', #6715, #9134, #7712, .T. ) ;
#1841 = VERTEX_POINT ( 'NONE', #3609 ) ;
#1842 = LINE ( 'NONE', #8959, #10236 ) ;
#1843 = DIRECTION ( 'NONE',  ( -1.000000000000000000, -0.0000000000000000000, -0.0000000000000000000 ) ) ;
#1844 = ORIENTED_EDGE ( 'NONE', *, *, #7531, .F. ) ;
#1845 = EDGE_CURVE ( 'NONE', #5611, #5897, #8468, .T. ) ;
#1846 = EDGE_LOOP ( 'NONE', ( #6880, #7617, #7974, #5183 ) ) ;
#1847 = CARTESIAN_POINT ( 'NONE',  ( -9.139999999999998800, -8.000000000000000000, -14.12000000000000300 ) ) ;
#1848 = DIRECTION ( 'NONE',  ( -0.0000000000000000000, 1.000000000000000000, 0.0000000000000000000 ) ) ;
#1849 = VECTOR ( 'NONE', #8760, 1000.000000000000000 ) ;
#1850 = EDGE_CURVE ( 'NONE', #3042, #9790, #9588, .T. ) ;
#1851 = DIRECTION ( 'NONE',  ( -0.0000000000000000000, -0.0000000000000000000, -1.000000000000000000 ) ) ;
#1852 = CARTESIAN_POINT ( 'NONE',  ( 1.020000000000003600, -8.000000000000000000, -13.82000000000000200 ) ) ;
#1853 = ORIENTED_EDGE ( 'NONE', *, *, #8639, .F. ) ;
#1854 = ADVANCED_FACE ( 'NONE', ( #5863 ), #388, .F. ) ;
#1855 = EDGE_CURVE ( 'NONE', #2125, #5399, #3533, .T. ) ;
#1856 = ORIENTED_EDGE ( 'NONE', *, *, #130, .T. ) ;
#1857 = ORIENTED_EDGE ( 'NONE', *, *, #789, .T. ) ;
#1858 = PLANE ( 'NONE',  #5989 ) ;
#1859 = STYLED_ITEM ( 'NONE', ( #1151 ), #1288 ) ;
#1860 = CARTESIAN_POINT ( 'NONE',  ( 24.08999999999999300, 1.800000000000000000, -4.074999999999997500 ) ) ;
#1861 = VERTEX_POINT ( 'NONE', #8429 ) ;
#1862 = ORIENTED_EDGE ( 'NONE', *, *, #4352, .F. ) ;
#1863 = DIRECTION ( 'NONE',  ( 0.0000000000000000000, 1.000000000000000000, 0.0000000000000000000 ) ) ;
#1864 = DIRECTION ( 'NONE',  ( 0.0000000000000000000, 0.0000000000000000000, -1.000000000000000000 ) ) ;
#1865 = DIRECTION ( 'NONE',  ( -1.000000000000000000, 0.0000000000000000000, -0.0000000000000000000 ) ) ;
#1866 = CARTESIAN_POINT ( 'NONE',  ( 24.08999999999999300, 2.000000000000000000, -4.074999999999997500 ) ) ;
#1867 = ORIENTED_EDGE ( 'NONE', *, *, #10041, .T. ) ;
#1868 = DIRECTION ( 'NONE',  ( -1.000000000000000000, 0.0000000000000000000, -0.0000000000000000000 ) ) ;
#1869 = EDGE_CURVE ( 'NONE', #4434, #9114, #2556, .T. ) ;
#1870 = ORIENTED_EDGE ( 'NONE', *, *, #7362, .F. ) ;
#1871 = DIRECTION ( 'NONE',  ( 0.0000000000000000000, 0.0000000000000000000, -1.000000000000000000 ) ) ;
#1872 = CARTESIAN_POINT ( 'NONE',  ( -21.08999999999999600, 0.2000000000000000900, 13.82000000000000200 ) ) ;
#1873 = CARTESIAN_POINT ( 'NONE',  ( 25.49999999999998900, 1.800000000000000000, 9.180000000000003300 ) ) ;
#1874 = ADVANCED_FACE ( 'NONE', ( #690 ), #7543, .F. ) ;
#1875 = DIRECTION ( 'NONE',  ( -0.0000000000000000000, 1.000000000000000000, -0.0000000000000000000 ) ) ;
#1876 = LINE ( 'NONE', #249, #10030 ) ;
#1877 = VERTEX_POINT ( 'NONE', #6684 ) ;
#1878 = EDGE_CURVE ( 'NONE', #2237, #8888, #7685, .T. ) ;
#1879 = AXIS2_PLACEMENT_3D ( 'NONE', #8915, #4220, #9763 ) ;
#1880 = CARTESIAN_POINT ( 'NONE',  ( -21.08999999999999600, 0.2000000000000000900, 14.12000000000000100 ) ) ;
#1881 = DIRECTION ( 'NONE',  ( 0.0000000000000000000, -0.0000000000000000000, 1.000000000000000000 ) ) ;
#1882 = SURFACE_STYLE_FILL_AREA ( #1787 ) ;
#1883 = CLOSED_SHELL ( 'NONE', ( #10161, #5782, #6832, #355, #4891, #10264, #10218, #962, #9498, #8081, #1627, #2874 ) ) ;
#1884 = CARTESIAN_POINT ( 'NONE',  ( -23.87999999999999900, -8.000000000000000000, -14.12000000000000300 ) ) ;
#1885 = VECTOR ( 'NONE', #3099, 1000.000000000000000 ) ;
#1886 = DIRECTION ( 'NONE',  ( 1.000000000000000000, 0.0000000000000000000, 0.0000000000000000000 ) ) ;
#1887 = EDGE_CURVE ( 'NONE', #2809, #6970, #3380, .T. ) ;
#1888 = ORIENTED_EDGE ( 'NONE', *, *, #9848, .F. ) ;
#1889 = LINE ( 'NONE', #2225, #9791 ) ;
#1890 = DIRECTION ( 'NONE',  ( -0.0000000000000000000, 1.000000000000000000, -0.0000000000000000000 ) ) ;
#1891 = LINE ( 'NONE', #8004, #3493 ) ;
#1892 = CARTESIAN_POINT ( 'NONE',  ( -17.00999999999999800, 1.300000000000000000, -14.12000000000000300 ) ) ;
#1893 = ADVANCED_FACE ( 'NONE', ( #7929 ), #10105, .F. ) ;
#1894 = VECTOR ( 'NONE', #8139, 1000.000000000000000 ) ;
#1895 = DIRECTION ( 'NONE',  ( 0.0000000000000000000, -0.0000000000000000000, 1.000000000000000000 ) ) ;
#1896 = FACE_OUTER_BOUND ( 'NONE', #968, .T. ) ;
#1897 = LINE ( 'NONE', #8013, #1649 ) ;
#1898 = DIRECTION ( 'NONE',  ( 1.000000000000000000, 0.0000000000000000000, -1.800252673284357700E-016 ) ) ;
#1899 = FACE_OUTER_BOUND ( 'NONE', #84, .T. ) ;
#1900 = LINE ( 'NONE', #3944, #7914 ) ;
#1901 = EDGE_CURVE ( 'NONE', #2053, #2998, #3512, .T. ) ;
#1902 = DIRECTION ( 'NONE',  ( -1.000000000000000000, -0.0000000000000000000, -0.0000000000000000000 ) ) ;
#1903 = ORIENTED_EDGE ( 'NONE', *, *, #2907, .F. ) ;
#1904 = LINE ( 'NONE', #4780, #2283 ) ;
#1905 = CARTESIAN_POINT ( 'NONE',  ( 19.30000000000000400, -8.000000000000000000, -14.12000000000000300 ) ) ;
#1906 = DIRECTION ( 'NONE',  ( 0.0000000000000000000, 0.0000000000000000000, -1.000000000000000000 ) ) ;
#1907 = LINE ( 'NONE', #4038, #10060 ) ;
#1908 = LINE ( 'NONE', #6802, #7798 ) ;
#1909 = EDGE_LOOP ( 'NONE', ( #5225, #4333, #9601, #9321 ) ) ;
#1910 = CARTESIAN_POINT ( 'NONE',  ( 11.68000000000000300, -8.000000000000000000, -13.82000000000000200 ) ) ;
#1911 = EDGE_CURVE ( 'NONE', #8085, #518, #8552, .T. ) ;
#1912 = LINE ( 'NONE', #4223, #7925 ) ;
#1913 = AXIS2_PLACEMENT_3D ( 'NONE', #8833, #59, #6365 ) ;
#1914 = DIRECTION ( 'NONE',  ( -0.0000000000000000000, 1.000000000000000000, 0.0000000000000000000 ) ) ;
#1915 = EDGE_LOOP ( 'NONE', ( #3849, #2958, #1423, #4758 ) ) ;
#1916 = CARTESIAN_POINT ( 'NONE',  ( -3.309999999999996900, 0.2000000000000000100, -13.81999999999999900 ) ) ;
#1917 = VECTOR ( 'NONE', #8093, 1000.000000000000000 ) ;
#1918 = EDGE_LOOP ( 'NONE', ( #6815, #10073, #3727, #2030 ) ) ;
#1919 = EDGE_LOOP ( 'NONE', ( #9003, #8781, #47, #5877, #5277, #9737 ) ) ;
#1920 = LINE ( 'NONE', #2865, #4501 ) ;
#1921 = FACE_OUTER_BOUND ( 'NONE', #4053, .T. ) ;
#1922 = ORIENTED_EDGE ( 'NONE', *, *, #1382, .T. ) ;
#1923 = DIRECTION ( 'NONE',  ( 0.0000000000000000000, 0.0000000000000000000, 1.000000000000000000 ) ) ;
#1924 = DIRECTION ( 'NONE',  ( 0.0000000000000000000, 0.0000000000000000000, -1.000000000000000000 ) ) ;
#1925 = VECTOR ( 'NONE', #547, 1000.000000000000000 ) ;
#1926 = ADVANCED_FACE ( 'NONE', ( #6314 ), #6789, .F. ) ;
#1927 = ORIENTED_EDGE ( 'NONE', *, *, #9574, .T. ) ;
#1928 = VERTEX_POINT ( 'NONE', #9262 ) ;
#1929 = AXIS2_PLACEMENT_3D ( 'NONE', #658, #2968, #1427 ) ;
#1930 = DIRECTION ( 'NONE',  ( -1.000000000000000000, 0.0000000000000000000, -0.0000000000000000000 ) ) ;
#1931 = VERTEX_POINT ( 'NONE', #2132 ) ;
#1932 = ORIENTED_EDGE ( 'NONE', *, *, #8681, .T. ) ;
#1933 = ORIENTED_EDGE ( 'NONE', *, *, #8210, .T. ) ;
#1934 = DIRECTION ( 'NONE',  ( 1.000000000000000000, 0.0000000000000000000, 0.0000000000000000000 ) ) ;
#1935 = VECTOR ( 'NONE', #4736, 1000.000000000000000 ) ;
#1936 = VECTOR ( 'NONE', #1247, 1000.000000000000000 ) ;
#1937 = ORIENTED_EDGE ( 'NONE', *, *, #6255, .T. ) ;
#1938 = CARTESIAN_POINT ( 'NONE',  ( 27.00000000000001100, 0.2000000000000000100, 11.18000000000000300 ) ) ;
#1939 = LINE ( 'NONE', #3830, #4763 ) ;
#1940 = LINE ( 'NONE', #3345, #2316 ) ;
#1941 = EDGE_LOOP ( 'NONE', ( #3543, #7208, #7836, #3673 ) ) ;
#1942 = EDGE_LOOP ( 'NONE', ( #712, #10239, #7224, #316, #1767, #8472, #5896, #85 ) ) ;
#1943 = ORIENTED_EDGE ( 'NONE', *, *, #7627, .F. ) ;
#1944 = EDGE_CURVE ( 'NONE', #5839, #9383, #8577, .T. ) ;
#1945 = ORIENTED_EDGE ( 'NONE', *, *, #4636, .F. ) ;
#1946 = CARTESIAN_POINT ( 'NONE',  ( -13.46999999999999700, 0.2000000000000000100, -14.12000000000000100 ) ) ;
#1947 = AXIS2_PLACEMENT_3D ( 'NONE', #5771, #8306, #1865 ) ;
#1948 = DIRECTION ( 'NONE',  ( -1.000000000000000000, -0.0000000000000000000, -0.0000000000000000000 ) ) ;
#1949 = CARTESIAN_POINT ( 'NONE',  ( -23.87999999999999900, -8.000000000000000000, 13.82000000000000200 ) ) ;
#1950 = FACE_OUTER_BOUND ( 'NONE', #9875, .T. ) ;
#1951 = CARTESIAN_POINT ( 'NONE',  ( -24.09000000000000700, 2.000000000000000000, -4.074999999999995700 ) ) ;
#1952 = ORIENTED_EDGE ( 'NONE', *, *, #8534, .T. ) ;
#1953 = ADVANCED_FACE ( 'NONE', ( #181 ), #1445, .F. ) ;
#1954 = DIRECTION ( 'NONE',  ( 0.0000000000000000000, -0.0000000000000000000, 1.000000000000000000 ) ) ;
#1955 = FACE_OUTER_BOUND ( 'NONE', #1419, .T. ) ;
#1956 = DIRECTION ( 'NONE',  ( 0.0000000000000000000, -0.0000000000000000000, 1.000000000000000000 ) ) ;
#1957 = CARTESIAN_POINT ( 'NONE',  ( 25.49999999999998900, 1.700000000000000000, 9.180000000000003300 ) ) ;
#1958 = LINE ( 'NONE', #3816, #1219 ) ;
#1959 = EDGE_LOOP ( 'NONE', ( #5830, #1223, #9902, #2219, #9460, #6425, #9491, #4655 ) ) ;
#1960 = DIRECTION ( 'NONE',  ( 0.0000000000000000000, 0.0000000000000000000, -1.000000000000000000 ) ) ;
#1961 = CARTESIAN_POINT ( 'NONE',  ( 24.38000000000000600, -8.000000000000000000, 14.12000000000000300 ) ) ;
#1962 = ORIENTED_EDGE ( 'NONE', *, *, #9027, .F. ) ;
#1963 = CARTESIAN_POINT ( 'NONE',  ( -18.79999999999999700, -8.000000000000000000, -13.82000000000000200 ) ) ;
#1964 = ORIENTED_EDGE ( 'NONE', *, *, #6130, .F. ) ;
#1965 = ORIENTED_EDGE ( 'NONE', *, *, #3365, .F. ) ;
#1966 = LINE ( 'NONE', #6656, #7979 ) ;
#1967 = EDGE_LOOP ( 'NONE', ( #6804, #3225, #1937, #992, #2967, #8811 ) ) ;
#1968 = DIRECTION ( 'NONE',  ( -1.000000000000000000, -0.0000000000000000000, -0.0000000000000000000 ) ) ;
#1969 = ORIENTED_EDGE ( 'NONE', *, *, #9468, .F. ) ;
#1970 = EDGE_LOOP ( 'NONE', ( #8958, #2364, #3361, #6508 ) ) ;
#1971 = ORIENTED_EDGE ( 'NONE', *, *, #2905, .F. ) ;
#1972 = CARTESIAN_POINT ( 'NONE',  ( -16.25999999999999800, 1.300000000000000000, -13.52000000000000300 ) ) ;
#1973 = EDGE_CURVE ( 'NONE', #3273, #1594, #8709, .T. ) ;
#1974 = CLOSED_SHELL ( 'NONE', ( #9767, #6982, #9926, #6699, #9131, #4814, #1749, #7797, #7297, #9885, #596, #8019 ) ) ;
#1975 = EDGE_LOOP ( 'NONE', ( #6961, #7847, #9253, #9162 ) ) ;
#1976 = LINE ( 'NONE', #4553, #3573 ) ;
#1977 = DIRECTION ( 'NONE',  ( 0.0000000000000000000, 0.0000000000000000000, -1.000000000000000000 ) ) ;
#1978 = EDGE_CURVE ( 'NONE', #2998, #686, #4380, .T. ) ;
#1979 = AXIS2_PLACEMENT_3D ( 'NONE', #4965, #5785, #4277 ) ;
#1980 = ADVANCED_FACE ( 'NONE', ( #8463 ), #5224, .F. ) ;
#1981 = ORIENTED_EDGE ( 'NONE', *, *, #8901, .T. ) ;
#1982 = EDGE_CURVE ( 'NONE', #7736, #7561, #6708, .T. ) ;
#1983 = CARTESIAN_POINT ( 'NONE',  ( 8.640000000000002300, 0.0000000000000000000, 0.0000000000000000000 ) ) ;
#1984 = DIRECTION ( 'NONE',  ( 0.0000000000000000000, 0.0000000000000000000, 1.000000000000000000 ) ) ;
#1985 = VERTEX_POINT ( 'NONE', #575 ) ;
#1986 = CARTESIAN_POINT ( 'NONE',  ( -18.79999999999999700, 1.000000000000000000, -13.82000000000000200 ) ) ;
#1987 = SURFACE_STYLE_FILL_AREA ( #5916 ) ;
#1988 = DIRECTION ( 'NONE',  ( -0.0000000000000000000, 0.0000000000000000000, 1.000000000000000000 ) ) ;
#1989 = DIRECTION ( 'NONE',  ( -1.000000000000000000, -0.0000000000000000000, -0.0000000000000000000 ) ) ;
#1990 = ORIENTED_EDGE ( 'NONE', *, *, #1076, .F. ) ;
#1991 = AXIS2_PLACEMENT_3D ( 'NONE', #3998, #825, #2391 ) ;
#1992 = DIRECTION ( 'NONE',  ( 0.0000000000000000000, -0.0000000000000000000, -1.000000000000000000 ) ) ;
#1993 =( GEOMETRIC_REPRESENTATION_CONTEXT ( 3 ) GLOBAL_UNCERTAINTY_ASSIGNED_CONTEXT ( ( #9376 ) ) GLOBAL_UNIT_ASSIGNED_CONTEXT ( ( #4199, #5055, #9844 ) ) REPRESENTATION_CONTEXT ( 'NONE', 'WORKASPACE' ) );
#1994 = DIRECTION ( 'NONE',  ( 0.0000000000000000000, -0.0000000000000000000, 1.000000000000000000 ) ) ;
#1995 = CARTESIAN_POINT ( 'NONE',  ( 28.30000000000000800, 0.2500000000000003300, 3.429999999999999300 ) ) ;
#1996 = VERTEX_POINT ( 'NONE', #1348 ) ;
#1997 = VECTOR ( 'NONE', #3244, 1000.000000000000000 ) ;
#1998 = ORIENTED_EDGE ( 'NONE', *, *, #7011, .F. ) ;
#1999 = CARTESIAN_POINT ( 'NONE',  ( -16.00999999999999800, 1.000000000000000000, -13.52000000000000300 ) ) ;
#2000 = DIRECTION ( 'NONE',  ( -1.000000000000000000, -0.0000000000000000000, -0.0000000000000000000 ) ) ;
#2001 = ADVANCED_FACE ( 'NONE', ( #8065 ), #7651, .F. ) ;
#2002 = DIRECTION ( 'NONE',  ( -1.000000000000000000, -0.0000000000000000000, -0.0000000000000000000 ) ) ;
#2003 = EDGE_CURVE ( 'NONE', #5204, #8360, #5977, .T. ) ;
#2004 = AXIS2_PLACEMENT_3D ( 'NONE', #748, #8642, #3310 ) ;
#2005 = COLOUR_RGB ( '',0.7921568627450980000, 0.8196078431372548800, 0.9333333333333333500 ) ;
#2006 = VERTEX_POINT ( 'NONE', #7584 ) ;
#2007 = CARTESIAN_POINT ( 'NONE',  ( -27.49999999999999600, 1.000000000000000000, 13.82000000000000200 ) ) ;
#2008 = CARTESIAN_POINT ( 'NONE',  ( -6.099999999999997900, -8.000000000000000000, -14.12000000000000300 ) ) ;
#2009 = CARTESIAN_POINT ( 'NONE',  ( -5.849999999999997900, 1.300000000000000000, -13.52000000000000300 ) ) ;
#2010 = DIRECTION ( 'NONE',  ( 0.0000000000000000000, 0.0000000000000000000, 1.000000000000000000 ) ) ;
#2011 = STYLED_ITEM ( 'NONE', ( #2035 ), #55 ) ;
#2012 = VECTOR ( 'NONE', #5800, 1000.000000000000000 ) ;
#2013 = ORIENTED_EDGE ( 'NONE', *, *, #7550, .T. ) ;
#2014 = FACE_OUTER_BOUND ( 'NONE', #1094, .T. ) ;
#2015 = CARTESIAN_POINT ( 'NONE',  ( -0.7699999999999963500, 0.2000000000000000100, -13.81999999999999900 ) ) ;
#2016 = CARTESIAN_POINT ( 'NONE',  ( -13.46999999999999700, 1.300000000000000000, -14.12000000000000300 ) ) ;
#2017 = LINE ( 'NONE', #4803, #2779 ) ;
#2018 = PLANE ( 'NONE',  #4697 ) ;
#2019 = ORIENTED_EDGE ( 'NONE', *, *, #4143, .F. ) ;
#2020 = CARTESIAN_POINT ( 'NONE',  ( -11.17999999999999800, 1.300000000000000000, -14.12000000000000300 ) ) ;
#2021 = CARTESIAN_POINT ( 'NONE',  ( 11.18000000000000300, -8.000000000000000000, -14.12000000000000300 ) ) ;
#2022 = COLOUR_RGB ( '',0.7921568627450980000, 0.8196078431372548800, 0.9333333333333333500 ) ;
#2023 = DIRECTION ( 'NONE',  ( 0.0000000000000000000, -0.0000000000000000000, -1.000000000000000000 ) ) ;
#2024 = EDGE_CURVE ( 'NONE', #1877, #6183, #7447, .T. ) ;
#2025 = ADVANCED_FACE ( 'NONE', ( #5856 ), #3872, .F. ) ;
#2026 = VECTOR ( 'NONE', #5591, 1000.000000000000000 ) ;
#2027 = FACE_OUTER_BOUND ( 'NONE', #4013, .T. ) ;
#2028 = VECTOR ( 'NONE', #7601, 1000.000000000000000 ) ;
#2029 = DIRECTION ( 'NONE',  ( -0.0000000000000000000, -1.000000000000000000, -0.0000000000000000000 ) ) ;
#2030 = ORIENTED_EDGE ( 'NONE', *, *, #5987, .T. ) ;
#2031 = CARTESIAN_POINT ( 'NONE',  ( 9.390000000000002300, 0.2000000000000000100, -14.12000000000000100 ) ) ;
#2032 = DIRECTION ( 'NONE',  ( -0.0000000000000000000, -1.000000000000000000, -0.0000000000000000000 ) ) ;
#2033 = CARTESIAN_POINT ( 'NONE',  ( -21.08999999999999600, 0.2000000000000000100, -14.12000000000000100 ) ) ;
#2034 = VECTOR ( 'NONE', #5317, 1000.000000000000000 ) ;
#2035 = PRESENTATION_STYLE_ASSIGNMENT (( #2656 ) ) ;
#2036 = SURFACE_STYLE_USAGE ( .BOTH. , #7518 ) ;
#2037 = EDGE_CURVE ( 'NONE', #10101, #6098, #6345, .T. ) ;
#2038 = VECTOR ( 'NONE', #4067, 1000.000000000000000 ) ;
#2039 = VECTOR ( 'NONE', #9183, 1000.000000000000000 ) ;
#2040 = CARTESIAN_POINT ( 'NONE',  ( -17.00999999999999800, 0.2000000000000000100, -14.12000000000000100 ) ) ;
#2041 = EDGE_CURVE ( 'NONE', #5756, #9884, #4257, .T. ) ;
#2042 = VECTOR ( 'NONE', #7602, 1000.000000000000000 ) ;
#2043 = PLANE ( 'NONE',  #2826 ) ;
#2044 = EDGE_LOOP ( 'NONE', ( #3655, #1092, #1263, #6958 ) ) ;
#2045 = UNCERTAINTY_MEASURE_WITH_UNIT (LENGTH_MEASURE( 1.000000000000000100E-005 ), #3702, 'distance_accuracy_value', 'NONE');
#2046 = ORIENTED_EDGE ( 'NONE', *, *, #5659, .F. ) ;
#2047 = DIRECTION ( 'NONE',  ( 0.0000000000000000000, -0.0000000000000000000, 1.000000000000000000 ) ) ;
#2048 = ORIENTED_EDGE ( 'NONE', *, *, #8314, .T. ) ;
#2049 = ORIENTED_EDGE ( 'NONE', *, *, #571, .T. ) ;
#2050 = ORIENTED_EDGE ( 'NONE', *, *, #7011, .T. ) ;
#2051 = LINE ( 'NONE', #9008, #6959 ) ;
#2052 = LINE ( 'NONE', #8846, #5486 ) ;
#2053 = VERTEX_POINT ( 'NONE', #8700 ) ;
#2054 = ADVANCED_FACE ( 'NONE', ( #567 ), #7787, .F. ) ;
#2055 = AXIS2_PLACEMENT_3D ( 'NONE', #1652, #7175, #5645 ) ;
#2056 = CARTESIAN_POINT ( 'NONE',  ( -4.059999999999997800, 0.2000000000000000100, -14.12000000000000100 ) ) ;
#2057 = LINE ( 'NONE', #5096, #9586 ) ;
#2058 = CARTESIAN_POINT ( 'NONE',  ( 27.49999999999999600, 1.000000000000000000, 10.68000000000000000 ) ) ;
#2059 = DIRECTION ( 'NONE',  ( -0.0000000000000000000, -1.000000000000000000, -0.0000000000000000000 ) ) ;
#2060 = ORIENTED_EDGE ( 'NONE', *, *, #8020, .F. ) ;
#2061 = ORIENTED_EDGE ( 'NONE', *, *, #2146, .T. ) ;
#2062 = VERTEX_POINT ( 'NONE', #10167 ) ;
#2063 = ORIENTED_EDGE ( 'NONE', *, *, #2646, .F. ) ;
#2064 = DIRECTION ( 'NONE',  ( -1.000000000000000000, -0.0000000000000000000, -0.0000000000000000000 ) ) ;
#2065 = ORIENTED_EDGE ( 'NONE', *, *, #7318, .F. ) ;
#2066 = FACE_OUTER_BOUND ( 'NONE', #3777, .T. ) ;
#2067 = VECTOR ( 'NONE', #5517, 1000.000000000000000 ) ;
#2068 = EDGE_CURVE ( 'NONE', #8011, #4377, #4760, .T. ) ;
#2069 = AXIS2_PLACEMENT_3D ( 'NONE', #6300, #9400, #7060 ) ;
#2070 = DIRECTION ( 'NONE',  ( -0.0000000000000000000, -1.000000000000000000, -0.0000000000000000000 ) ) ;
#2071 = VERTEX_POINT ( 'NONE', #2353 ) ;
#2072 = CARTESIAN_POINT ( 'NONE',  ( 24.63000000000000600, 0.2000000000000000100, -13.81999999999999900 ) ) ;
#2073 = VERTEX_POINT ( 'NONE', #6964 ) ;
#2074 = COLOUR_RGB ( '',0.7921568627450980000, 0.8196078431372548800, 0.9333333333333333500 ) ;
#2075 = LINE ( 'NONE', #642, #6617 ) ;
#2076 = VERTEX_POINT ( 'NONE', #2276 ) ;
#2077 = EDGE_CURVE ( 'NONE', #5979, #4895, #8212, .T. ) ;
#2078 = VERTEX_POINT ( 'NONE', #4671 ) ;
#2079 = VERTEX_POINT ( 'NONE', #3102 ) ;
#2080 = DIRECTION ( 'NONE',  ( 1.000000000000000000, 0.0000000000000000000, 0.0000000000000000000 ) ) ;
#2081 = DIRECTION ( 'NONE',  ( 0.0000000000000000000, -1.000000000000000000, -1.577021341797097600E-015 ) ) ;
#2082 = ADVANCED_FACE ( 'NONE', ( #2184 ), #9368, .F. ) ;
#2083 = VECTOR ( 'NONE', #888, 1000.000000000000000 ) ;
#2084 = DIRECTION ( 'NONE',  ( -0.0000000000000000000, 1.000000000000000000, 0.0000000000000000000 ) ) ;
#2085 = CARTESIAN_POINT ( 'NONE',  ( -24.62999999999999900, 0.0000000000000000000, 0.0000000000000000000 ) ) ;
#2086 = ORIENTED_EDGE ( 'NONE', *, *, #10137, .F. ) ;
#2087 = VECTOR ( 'NONE', #2595, 1000.000000000000000 ) ;
#2088 = VERTEX_POINT ( 'NONE', #7761 ) ;
#2089 = ORIENTED_EDGE ( 'NONE', *, *, #1608, .T. ) ;
#2090 = CARTESIAN_POINT ( 'NONE',  ( -24.62999999999999900, 1.000000000000000000, -13.82000000000000200 ) ) ;
#2091 = ORIENTED_EDGE ( 'NONE', *, *, #4079, .T. ) ;
#2092 = EDGE_LOOP ( 'NONE', ( #8565, #5731, #114, #2483 ) ) ;
#2093 = EDGE_CURVE ( 'NONE', #9557, #6382, #10085, .T. ) ;
#2094 = DIRECTION ( 'NONE',  ( 0.0000000000000000000, 1.000000000000000000, 0.0000000000000000000 ) ) ;
#2095 = COLOUR_RGB ( '',0.5019607843137254800, 0.5019607843137254800, 0.5019607843137254800 ) ;
#2096 = DIRECTION ( 'NONE',  ( 0.0000000000000000000, 1.000000000000000000, -1.577021341797097600E-015 ) ) ;
#2097 = CARTESIAN_POINT ( 'NONE',  ( 1.520000000000004000, 1.000000000000000000, -13.82000000000000200 ) ) ;
#2098 = PLANE ( 'NONE',  #8521 ) ;
#2099 = CARTESIAN_POINT ( 'NONE',  ( 3.310000000000004100, 1.300000000000000000, -14.12000000000000300 ) ) ;
#2100 = CARTESIAN_POINT ( 'NONE',  ( 22.09000000000000700, 0.2000000000000000900, 14.12000000000000100 ) ) ;
#2101 = ORIENTED_EDGE ( 'NONE', *, *, #3296, .T. ) ;
#2102 = ORIENTED_EDGE ( 'NONE', *, *, #2612, .T. ) ;
#2103 = ORIENTED_EDGE ( 'NONE', *, *, #8950, .F. ) ;
#2104 = CARTESIAN_POINT ( 'NONE',  ( -23.87999999999999900, 1.300000000000000000, -14.12000000000000300 ) ) ;
#2105 = CARTESIAN_POINT ( 'NONE',  ( -24.62999999999999900, 0.2000000000000000100, -13.81999999999999900 ) ) ;
#2106 = PLANE ( 'NONE',  #7501 ) ;
#2107 = CARTESIAN_POINT ( 'NONE',  ( -23.87999999999999900, 1.300000000000000000, -14.12000000000000300 ) ) ;
#2108 = ADVANCED_FACE ( 'NONE', ( #808 ), #671, .F. ) ;
#2109 = ORIENTED_EDGE ( 'NONE', *, *, #10148, .F. ) ;
#2110 = EDGE_CURVE ( 'NONE', #6577, #9023, #3052, .T. ) ;
#2111 = EDGE_LOOP ( 'NONE', ( #1104, #4991, #3004, #6839 ) ) ;
#2112 = EDGE_CURVE ( 'NONE', #2543, #9589, #9325, .T. ) ;
#2113 = AXIS2_PLACEMENT_3D ( 'NONE', #1485, #6252, #1449 ) ;
#2114 = DIRECTION ( 'NONE',  ( 0.0000000000000000000, 0.0000000000000000000, -1.000000000000000000 ) ) ;
#2115 = CARTESIAN_POINT ( 'NONE',  ( 3.560000000000004100, 1.300000000000000000, -14.12000000000000300 ) ) ;
#2116 = DIRECTION ( 'NONE',  ( -1.000000000000000000, -0.0000000000000000000, -0.0000000000000000000 ) ) ;
#2117 = ORIENTED_EDGE ( 'NONE', *, *, #259, .T. ) ;
#2118 = CARTESIAN_POINT ( 'NONE',  ( 14.47000000000000400, 0.2000000000000000100, -13.81999999999999900 ) ) ;
#2119 = CARTESIAN_POINT ( 'NONE',  ( 21.09000000000000300, 1.000000000000000000, -13.52000000000000300 ) ) ;
#2120 = CARTESIAN_POINT ( 'NONE',  ( -22.09000000000000000, 0.2000000000000000900, 13.82000000000000200 ) ) ;
#2121 = CARTESIAN_POINT ( 'NONE',  ( -16.00999999999999800, 0.2000000000000000100, -14.12000000000000100 ) ) ;
#2122 = DIRECTION ( 'NONE',  ( 0.0000000000000000000, -0.0000000000000000000, 1.000000000000000000 ) ) ;
#2123 = LINE ( 'NONE', #1096, #1380 ) ;
#2124 = AXIS2_PLACEMENT_3D ( 'NONE', #3304, #8769, #3335 ) ;
#2125 = VERTEX_POINT ( 'NONE', #4078 ) ;
#2126 = CARTESIAN_POINT ( 'NONE',  ( 22.09000000000000700, 1.000000000000000000, 13.82000000000000200 ) ) ;
#2127 = CARTESIAN_POINT ( 'NONE',  ( -11.17999999999999800, 1.300000000000000000, -13.52000000000000300 ) ) ;
#2128 = PLANE ( 'NONE',  #9547 ) ;
#2129 = ADVANCED_FACE ( 'NONE', ( #7943 ), #838, .F. ) ;
#2130 = CARTESIAN_POINT ( 'NONE',  ( 24.38000000000000600, 0.2000000000000005100, -13.82000000000000200 ) ) ;
#2131 = VECTOR ( 'NONE', #7221, 1000.000000000000000 ) ;
#2132 = CARTESIAN_POINT ( 'NONE',  ( -1.519999999999997100, 0.2000000000000000100, -13.81999999999999900 ) ) ;
#2133 = LINE ( 'NONE', #873, #10274 ) ;
#2134 = DIRECTION ( 'NONE',  ( 0.0000000000000000000, 0.0000000000000000000, -1.000000000000000000 ) ) ;
#2135 = CARTESIAN_POINT ( 'NONE',  ( 24.08999999999999300, 1.800000000000000000, -4.074999999999997500 ) ) ;
#2136 = ORIENTED_EDGE ( 'NONE', *, *, #5400, .F. ) ;
#2137 = DIRECTION ( 'NONE',  ( 0.0000000000000000000, -1.000000000000000000, 4.336808689942017700E-015 ) ) ;
#2138 = EDGE_CURVE ( 'NONE', #9411, #7442, #8826, .T. ) ;
#2139 = DIRECTION ( 'NONE',  ( 0.0000000000000000000, 0.0000000000000000000, 1.000000000000000000 ) ) ;
#2140 = AXIS2_PLACEMENT_3D ( 'NONE', #4177, #1848, #9634 ) ;
#2141 = LINE ( 'NONE', #5991, #6074 ) ;
#2142 = FACE_OUTER_BOUND ( 'NONE', #6653, .T. ) ;
#2143 = FACE_OUTER_BOUND ( 'NONE', #8255, .T. ) ;
#2144 = PLANE ( 'NONE',  #6118 ) ;
#2145 = FACE_OUTER_BOUND ( 'NONE', #4269, .T. ) ;
#2146 = EDGE_CURVE ( 'NONE', #7343, #7007, #7701, .T. ) ;
#2147 = FACE_OUTER_BOUND ( 'NONE', #1975, .T. ) ;
#2148 = ADVANCED_FACE ( 'NONE', ( #3286 ), #5585, .T. ) ;
#2149 = LINE ( 'NONE', #8555, #2034 ) ;
#2150 = DIRECTION ( 'NONE',  ( -0.0000000000000000000, 1.000000000000000000, -0.0000000000000000000 ) ) ;
#2151 = VECTOR ( 'NONE', #6723, 1000.000000000000000 ) ;
#2152 = FACE_OUTER_BOUND ( 'NONE', #4173, .T. ) ;
#2153 = CARTESIAN_POINT ( 'NONE',  ( 13.47000000000000200, 1.300000000000000000, -13.52000000000000300 ) ) ;
#2154 = LINE ( 'NONE', #4657, #6565 ) ;
#2155 = LINE ( 'NONE', #9919, #2286 ) ;
#2156 = EDGE_LOOP ( 'NONE', ( #10119, #4064, #8862, #2926, #9959, #2930, #5432, #8449 ) ) ;
#2157 = CARTESIAN_POINT ( 'NONE',  ( 22.09000000000000700, 1.000000000000000000, 13.52000000000000300 ) ) ;
#2158 = CARTESIAN_POINT ( 'NONE',  ( 21.34000000000000300, -8.000000000000000000, 14.12000000000000300 ) ) ;
#2159 = DIRECTION ( 'NONE',  ( 0.0000000000000000000, 0.0000000000000000000, -1.000000000000000000 ) ) ;
#2160 = EDGE_CURVE ( 'NONE', #407, #6237, #930, .T. ) ;
#2161 = FACE_OUTER_BOUND ( 'NONE', #551, .T. ) ;
#2162 = ORIENTED_EDGE ( 'NONE', *, *, #6028, .F. ) ;
#2163 = CARTESIAN_POINT ( 'NONE',  ( -27.00000000000000400, 0.0000000000000000000, 11.18000000000000300 ) ) ;
#2164 = ORIENTED_EDGE ( 'NONE', *, *, #2314, .T. ) ;
#2165 = EDGE_CURVE ( 'NONE', #7247, #3966, #6461, .T. ) ;
#2166 = VECTOR ( 'NONE', #9874, 1000.000000000000000 ) ;
#2167 = DIRECTION ( 'NONE',  ( 1.000000000000000000, 0.0000000000000000000, 0.0000000000000000000 ) ) ;
#2168 = ORIENTED_EDGE ( 'NONE', *, *, #3552, .T. ) ;
#2169 = VERTEX_POINT ( 'NONE', #132 ) ;
#2170 = DIRECTION ( 'NONE',  ( -1.000000000000000000, -0.0000000000000000000, -0.0000000000000000000 ) ) ;
#2171 = CARTESIAN_POINT ( 'NONE',  ( -5.849999999999997900, 1.000000000000000000, -13.82000000000000200 ) ) ;
#2172 = LINE ( 'NONE', #1880, #2674 ) ;
#2173 = LINE ( 'NONE', #1201, #8945 ) ;
#2174 = ORIENTED_EDGE ( 'NONE', *, *, #3741, .F. ) ;
#2175 = EDGE_CURVE ( 'NONE', #474, #7983, #2813, .T. ) ;
#2176 = VECTOR ( 'NONE', #3854, 1000.000000000000000 ) ;
#2177 = CARTESIAN_POINT ( 'NONE',  ( 1.770000000000004200, 1.300000000000000000, -14.12000000000000300 ) ) ;
#2178 = VERTEX_POINT ( 'NONE', #6339 ) ;
#2179 = ORIENTED_EDGE ( 'NONE', *, *, #238, .F. ) ;
#2180 = EDGE_CURVE ( 'NONE', #2614, #9884, #6595, .T. ) ;
#2181 = ORIENTED_EDGE ( 'NONE', *, *, #5222, .F. ) ;
#2182 = ORIENTED_EDGE ( 'NONE', *, *, #3228, .T. ) ;
#2183 = ORIENTED_EDGE ( 'NONE', *, *, #9977, .F. ) ;
#2184 = FACE_OUTER_BOUND ( 'NONE', #3103, .T. ) ;
#2185 = LINE ( 'NONE', #1212, #9720 ) ;
#2186 = PLANE ( 'NONE',  #3251 ) ;
#2187 = ORIENTED_EDGE ( 'NONE', *, *, #1619, .T. ) ;
#2188 = EDGE_CURVE ( 'NONE', #1489, #1186, #4511, .T. ) ;
#2189 = CARTESIAN_POINT ( 'NONE',  ( 24.08999999999999300, 1.800000000000000000, -4.074999999999997500 ) ) ;
#2190 = LINE ( 'NONE', #3668, #7839 ) ;
#2191 = LINE ( 'NONE', #1759, #5617 ) ;
#2192 = ORIENTED_EDGE ( 'NONE', *, *, #5201, .F. ) ;
#2193 = AXIS2_PLACEMENT_3D ( 'NONE', #1884, #1126, #4912 ) ;
#2194 = EDGE_LOOP ( 'NONE', ( #3026, #3918, #7775, #927, #3581, #6254 ) ) ;
#2195 = ORIENTED_EDGE ( 'NONE', *, *, #9336, .F. ) ;
#2196 = AXIS2_PLACEMENT_3D ( 'NONE', #4820, #4950, #228 ) ;
#2197 = DIRECTION ( 'NONE',  ( 1.000000000000000000, 0.0000000000000000000, 0.0000000000000000000 ) ) ;
#2198 = VECTOR ( 'NONE', #8339, 1000.000000000000000 ) ;
#2199 = CARTESIAN_POINT ( 'NONE',  ( -16.00999999999999800, 1.300000000000000000, -13.52000000000000300 ) ) ;
#2200 = CARTESIAN_POINT ( 'NONE',  ( 1.520000000000004000, -8.000000000000000000, -14.12000000000000300 ) ) ;
#2201 = VECTOR ( 'NONE', #7340, 1000.000000000000000 ) ;
#2202 = CARTESIAN_POINT ( 'NONE',  ( 21.84000000000000700, -8.000000000000000000, -14.12000000000000300 ) ) ;
#2203 = ADVANCED_FACE ( 'NONE', ( #1438 ), #6374, .F. ) ;
#2204 = VERTEX_POINT ( 'NONE', #2479 ) ;
#2205 = DIRECTION ( 'NONE',  ( -0.0000000000000000000, -1.000000000000000000, -0.0000000000000000000 ) ) ;
#2206 = DIRECTION ( 'NONE',  ( 0.0000000000000000000, 0.0000000000000000000, -1.000000000000000000 ) ) ;
#2207 = CARTESIAN_POINT ( 'NONE',  ( -0.7699999999999963500, 0.2000000000000000100, -13.81999999999999900 ) ) ;
#2208 = CARTESIAN_POINT ( 'NONE',  ( -4.309999999999997800, 0.2000000000000000100, -14.12000000000000100 ) ) ;
#2209 = VERTEX_POINT ( 'NONE', #7960 ) ;
#2210 = ORIENTED_EDGE ( 'NONE', *, *, #3619, .F. ) ;
#2211 = DIRECTION ( 'NONE',  ( 0.0000000000000000000, 0.0000000000000000000, -1.000000000000000000 ) ) ;
#2212 = EDGE_CURVE ( 'NONE', #1861, #7520, #6117, .T. ) ;
#2213 = PRESENTATION_LAYER_ASSIGNMENT (  '', '', ( #60 ) ) ;
#2214 = ORIENTED_EDGE ( 'NONE', *, *, #231, .F. ) ;
#2215 = LINE ( 'NONE', #7587, #2334 ) ;
#2216 = DIRECTION ( 'NONE',  ( 0.0000000000000000000, -1.000000000000000000, 0.0000000000000000000 ) ) ;
#2217 = ORIENTED_EDGE ( 'NONE', *, *, #9178, .F. ) ;
#2218 = ADVANCED_FACE ( 'NONE', ( #2431 ), #2507, .T. ) ;
#2219 = ORIENTED_EDGE ( 'NONE', *, *, #7480, .F. ) ;
#2220 = ORIENTED_EDGE ( 'NONE', *, *, #1018, .T. ) ;
#2221 = ORIENTED_EDGE ( 'NONE', *, *, #9378, .T. ) ;
#2222 = LINE ( 'NONE', #6689, #4051 ) ;
#2223 = EDGE_CURVE ( 'NONE', #8286, #805, #682, .T. ) ;
#2224 = EDGE_LOOP ( 'NONE', ( #2336, #761, #694, #423 ) ) ;
#2225 = CARTESIAN_POINT ( 'NONE',  ( -23.87999999999999900, -8.000000000000000000, -14.12000000000000300 ) ) ;
#2226 = ORIENTED_EDGE ( 'NONE', *, *, #7468, .F. ) ;
#2227 = DIRECTION ( 'NONE',  ( 0.0000000000000000000, 0.0000000000000000000, -1.000000000000000000 ) ) ;
#2228 = VERTEX_POINT ( 'NONE', #5790 ) ;
#2229 = ORIENTED_EDGE ( 'NONE', *, *, #1498, .F. ) ;
#2230 = DIRECTION ( 'NONE',  ( 0.0000000000000000000, 0.0000000000000000000, 1.000000000000000000 ) ) ;
#2231 = DIRECTION ( 'NONE',  ( 0.0000000000000000000, -1.000000000000000000, 0.0000000000000000000 ) ) ;
#2232 = FACE_OUTER_BOUND ( 'NONE', #793, .T. ) ;
#2233 = DIRECTION ( 'NONE',  ( -1.000000000000000000, -0.0000000000000000000, -0.0000000000000000000 ) ) ;
#2234 = EDGE_CURVE ( 'NONE', #6299, #2428, #2549, .T. ) ;
#2235 = DIRECTION ( 'NONE',  ( -1.000000000000000000, -0.0000000000000000000, -0.0000000000000000000 ) ) ;
#2236 = FILL_AREA_STYLE ('',( #6109 ) ) ;
#2237 = VERTEX_POINT ( 'NONE', #4969 ) ;
#2238 = VERTEX_POINT ( 'NONE', #8902 ) ;
#2239 = CARTESIAN_POINT ( 'NONE',  ( -18.79999999999999700, -8.000000000000000000, -13.82000000000000200 ) ) ;
#2240 = CARTESIAN_POINT ( 'NONE',  ( -10.92999999999999600, 1.300000000000000000, -13.52000000000000300 ) ) ;
#2241 = AXIS2_PLACEMENT_3D ( 'NONE', #6531, #8165, #304 ) ;
#2242 = CARTESIAN_POINT ( 'NONE',  ( -13.71999999999999700, 0.2000000000000000100, 0.0000000000000000000 ) ) ;
#2243 = ORIENTED_EDGE ( 'NONE', *, *, #4075, .T. ) ;
#2244 = UNCERTAINTY_MEASURE_WITH_UNIT (LENGTH_MEASURE( 1.000000000000000100E-005 ), #3602, 'distance_accuracy_value', 'NONE');
#2245 = CARTESIAN_POINT ( 'NONE',  ( -3.000000000000017300, 0.9499999999999999600, -9.650000000000000400 ) ) ;
#2246 = FACE_OUTER_BOUND ( 'NONE', #5295, .T. ) ;
#2247 = CARTESIAN_POINT ( 'NONE',  ( -24.09000000000000700, 1.800000000000000000, 7.935000000000006700 ) ) ;
#2248 = EDGE_CURVE ( 'NONE', #7696, #8715, #2051, .T. ) ;
#2249 = DIRECTION ( 'NONE',  ( 0.0000000000000000000, 1.000000000000000000, 0.0000000000000000000 ) ) ;
#2250 = CARTESIAN_POINT ( 'NONE',  ( 24.63000000000000600, 0.2000000000000000900, 13.82000000000000200 ) ) ;
#2251 = EDGE_CURVE ( 'NONE', #6875, #5263, #309, .T. ) ;
#2252 = ORIENTED_EDGE ( 'NONE', *, *, #393, .F. ) ;
#2253 = ORIENTED_EDGE ( 'NONE', *, *, #4493, .F. ) ;
#2254 = FILL_AREA_STYLE ('',( #6688 ) ) ;
#2255 = FACE_OUTER_BOUND ( 'NONE', #2820, .T. ) ;
#2256 = VERTEX_POINT ( 'NONE', #5816 ) ;
#2257 = DIRECTION ( 'NONE',  ( -1.000000000000000000, -0.0000000000000000000, -0.0000000000000000000 ) ) ;
#2258 = AXIS2_PLACEMENT_3D ( 'NONE', #8069, #5669, #9683 ) ;
#2259 = DIRECTION ( 'NONE',  ( -0.0000000000000000000, 1.000000000000000000, -0.0000000000000000000 ) ) ;
#2260 = PLANE ( 'NONE',  #1825 ) ;
#2261 = CARTESIAN_POINT ( 'NONE',  ( -21.08999999999999600, 0.2000000000000000100, -14.12000000000000100 ) ) ;
#2262 = FACE_OUTER_BOUND ( 'NONE', #3455, .T. ) ;
#2263 = VERTEX_POINT ( 'NONE', #1088 ) ;
#2264 = ADVANCED_FACE ( 'NONE', ( #2691 ), #4238, .F. ) ;
#2265 = DIRECTION ( 'NONE',  ( 0.0000000000000000000, 1.000000000000000000, 0.0000000000000000000 ) ) ;
#2266 = CARTESIAN_POINT ( 'NONE',  ( -22.09000000000000000, 0.0000000000000000000, 0.0000000000000000000 ) ) ;
#2267 = LINE ( 'NONE', #4761, #5936 ) ;
#2268 = EDGE_CURVE ( 'NONE', #5008, #1437, #9192, .T. ) ;
#2269 = DIRECTION ( 'NONE',  ( -1.000000000000000000, -0.0000000000000000000, -0.0000000000000000000 ) ) ;
#2270 = AXIS2_PLACEMENT_3D ( 'NONE', #7432, #1675, #4107 ) ;
#2271 = CARTESIAN_POINT ( 'NONE',  ( -24.62999999999999900, 0.2000000000000000900, 14.12000000000000100 ) ) ;
#2272 = LINE ( 'NONE', #5739, #9154 ) ;
#2273 = DIRECTION ( 'NONE',  ( -1.000000000000000000, -0.0000000000000000000, -0.0000000000000000000 ) ) ;
#2274 = LINE ( 'NONE', #1573, #3852 ) ;
#2275 = CARTESIAN_POINT ( 'NONE',  ( 24.38000000000000600, -8.000000000000000000, 14.12000000000000300 ) ) ;
#2276 = CARTESIAN_POINT ( 'NONE',  ( 19.55000000000000400, 0.2000000000000000100, -13.81999999999999900 ) ) ;
#2277 = LINE ( 'NONE', #2342, #8548 ) ;
#2278 = DIRECTION ( 'NONE',  ( 0.0000000000000000000, 0.0000000000000000000, 1.000000000000000000 ) ) ;
#2279 = CARTESIAN_POINT ( 'NONE',  ( -6.849999999999998800, 1.000000000000000000, -13.82000000000000200 ) ) ;
#2280 = EDGE_CURVE ( 'NONE', #9317, #7377, #8694, .T. ) ;
#2281 = FACE_OUTER_BOUND ( 'NONE', #2472, .T. ) ;
#2282 = AXIS2_PLACEMENT_3D ( 'NONE', #5950, #2080, #4467 ) ;
#2283 = VECTOR ( 'NONE', #7140, 1000.000000000000000 ) ;
#2284 = CARTESIAN_POINT ( 'NONE',  ( -23.62999999999999900, 0.2000000000000000100, -13.81999999999999900 ) ) ;
#2285 = VECTOR ( 'NONE', #5058, 1000.000000000000000 ) ;
#2286 = VECTOR ( 'NONE', #6744, 1000.000000000000000 ) ;
#2287 = VERTEX_POINT ( 'NONE', #6643 ) ;
#2288 = VECTOR ( 'NONE', #3634, 1000.000000000000000 ) ;
#2289 = CARTESIAN_POINT ( 'NONE',  ( -24.09000000000000700, 2.000000000000000000, -4.074999999999995700 ) ) ;
#2290 = PRESENTATION_STYLE_ASSIGNMENT (( #963 ) ) ;
#2291 = CARTESIAN_POINT ( 'NONE',  ( 21.09000000000000300, 1.000000000000000000, -13.52000000000000300 ) ) ;
#2292 = DIRECTION ( 'NONE',  ( -1.000000000000000000, 0.0000000000000000000, -0.0000000000000000000 ) ) ;
#2293 = DIRECTION ( 'NONE',  ( -1.000000000000000000, 0.0000000000000000000, -0.0000000000000000000 ) ) ;
#2294 = LINE ( 'NONE', #1674, #5963 ) ;
#2295 = AXIS2_PLACEMENT_3D ( 'NONE', #8417, #6037, #10025 ) ;
#2296 = VECTOR ( 'NONE', #8086, 1000.000000000000000 ) ;
#2297 = LINE ( 'NONE', #3098, #8329 ) ;
#2298 = VERTEX_POINT ( 'NONE', #9756 ) ;
#2299 = CARTESIAN_POINT ( 'NONE',  ( -21.08999999999999600, 0.2000000000000000100, -13.81999999999999900 ) ) ;
#2300 = CARTESIAN_POINT ( 'NONE',  ( -25.50000000000000700, 1.800000000000000000, 9.180000000000003300 ) ) ;
#2301 = CARTESIAN_POINT ( 'NONE',  ( -16.25999999999999800, 0.2000000000000000900, -14.12000000000000300 ) ) ;
#2302 = ORIENTED_EDGE ( 'NONE', *, *, #5922, .T. ) ;
#2303 = ORIENTED_EDGE ( 'NONE', *, *, #5937, .T. ) ;
#2304 = DIRECTION ( 'NONE',  ( -0.0000000000000000000, -1.000000000000000000, -0.0000000000000000000 ) ) ;
#2305 = ORIENTED_EDGE ( 'NONE', *, *, #2851, .F. ) ;
#2306 = ORIENTED_EDGE ( 'NONE', *, *, #8604, .T. ) ;
#2307 = DIRECTION ( 'NONE',  ( 0.0000000000000000000, 1.000000000000000000, -1.577021341797097600E-015 ) ) ;
#2308 = ORIENTED_EDGE ( 'NONE', *, *, #9267, .F. ) ;
#2309 = VECTOR ( 'NONE', #2377, 1000.000000000000000 ) ;
#2310 = VECTOR ( 'NONE', #9646, 1000.000000000000000 ) ;
#2311 = ORIENTED_EDGE ( 'NONE', *, *, #2781, .F. ) ;
#2312 = DIRECTION ( 'NONE',  ( -0.0000000000000000000, 1.000000000000000000, -0.0000000000000000000 ) ) ;
#2313 = CARTESIAN_POINT ( 'NONE',  ( -9.389999999999998800, 1.000000000000000000, -13.52000000000000300 ) ) ;
#2314 = EDGE_CURVE ( 'NONE', #7598, #8369, #6333, .T. ) ;
#2315 = VECTOR ( 'NONE', #373, 1000.000000000000000 ) ;
#2316 = VECTOR ( 'NONE', #8182, 1000.000000000000000 ) ;
#2317 = ORIENTED_EDGE ( 'NONE', *, *, #8317, .T. ) ;
#2318 = CARTESIAN_POINT ( 'NONE',  ( -1.769999999999997400, 0.0000000000000000000, 0.0000000000000000000 ) ) ;
#2319 = DIRECTION ( 'NONE',  ( 0.0000000000000000000, 0.0000000000000000000, -1.000000000000000000 ) ) ;
#2320 = EDGE_LOOP ( 'NONE', ( #6473, #6451, #1903, #6271 ) ) ;
#2321 = ORIENTED_EDGE ( 'NONE', *, *, #8310, .T. ) ;
#2322 = ADVANCED_FACE ( 'NONE', ( #8960 ), #212, .F. ) ;
#2323 = EDGE_CURVE ( 'NONE', #1685, #6412, #6828, .T. ) ;
#2324 = AXIS2_PLACEMENT_3D ( 'NONE', #9494, #688, #780 ) ;
#2325 = DIRECTION ( 'NONE',  ( 0.0000000000000000000, -0.0000000000000000000, 1.000000000000000000 ) ) ;
#2326 = EDGE_CURVE ( 'NONE', #1331, #7325, #10076, .T. ) ;
#2327 = LINE ( 'NONE', #9316, #6241 ) ;
#2328 = ORIENTED_EDGE ( 'NONE', *, *, #755, .T. ) ;
#2329 = EDGE_LOOP ( 'NONE', ( #2873, #7968, #6053, #10135 ) ) ;
#2330 =( LENGTH_UNIT ( ) NAMED_UNIT ( * ) SI_UNIT ( .MILLI., .METRE. ) );
#2331 = SURFACE_STYLE_FILL_AREA ( #7006 ) ;
#2332 = CARTESIAN_POINT ( 'NONE',  ( 6.600000000000001400, 1.000000000000000000, -13.82000000000000200 ) ) ;
#2333 = CARTESIAN_POINT ( 'NONE',  ( -13.71999999999999700, -8.000000000000000000, -13.82000000000000200 ) ) ;
#2334 = VECTOR ( 'NONE', #6127, 1000.000000000000000 ) ;
#2335 = AXIS2_PLACEMENT_3D ( 'NONE', #5532, #3914, #740 ) ;
#2336 = ORIENTED_EDGE ( 'NONE', *, *, #7405, .F. ) ;
#2337 = ORIENTED_EDGE ( 'NONE', *, *, #579, .T. ) ;
#2338 = CARTESIAN_POINT ( 'NONE',  ( -23.62999999999999900, 1.300000000000000000, 14.12000000000000300 ) ) ;
#2339 = ORIENTED_EDGE ( 'NONE', *, *, #7554, .F. ) ;
#2340 = DIRECTION ( 'NONE',  ( -0.0000000000000000000, 1.000000000000000000, -0.0000000000000000000 ) ) ;
#2341 = VECTOR ( 'NONE', #8832, 1000.000000000000000 ) ;
#2342 = CARTESIAN_POINT ( 'NONE',  ( -8.389999999999998800, 1.300000000000000000, -14.12000000000000300 ) ) ;
#2343 = CARTESIAN_POINT ( 'NONE',  ( -10.92999999999999600, 0.2000000000000000100, -13.81999999999999900 ) ) ;
#2344 =( LENGTH_UNIT ( ) NAMED_UNIT ( * ) SI_UNIT ( .MILLI., .METRE. ) );
#2345 = ORIENTED_EDGE ( 'NONE', *, *, #2234, .F. ) ;
#2346 = VECTOR ( 'NONE', #4196, 1000.000000000000000 ) ;
#2347 = ORIENTED_EDGE ( 'NONE', *, *, #6305, .T. ) ;
#2348 = EDGE_CURVE ( 'NONE', #2006, #9591, #2172, .T. ) ;
#2349 = ORIENTED_EDGE ( 'NONE', *, *, #6159, .F. ) ;
#2350 = VERTEX_POINT ( 'NONE', #2650 ) ;
#2351 = ORIENTED_EDGE ( 'NONE', *, *, #9986, .F. ) ;
#2352 = EDGE_CURVE ( 'NONE', #6256, #1059, #673, .T. ) ;
#2353 = CARTESIAN_POINT ( 'NONE',  ( -22.09000000000000000, 0.2000000000000000100, -13.81999999999999900 ) ) ;
#2354 = VECTOR ( 'NONE', #8079, 1000.000000000000000 ) ;
#2355 = CARTESIAN_POINT ( 'NONE',  ( 24.63000000000000600, 1.300000000000000000, -14.12000000000000300 ) ) ;
#2356 = VERTEX_POINT ( 'NONE', #273 ) ;
#2357 = ORIENTED_EDGE ( 'NONE', *, *, #4959, .T. ) ;
#2358 = ADVANCED_FACE ( 'NONE', ( #2800 ), #8258, .F. ) ;
#2359 = CARTESIAN_POINT ( 'NONE',  ( -3.559999999999997400, 0.2000000000000005100, -13.82000000000000200 ) ) ;
#2360 = CARTESIAN_POINT ( 'NONE',  ( 21.84000000000000700, -8.000000000000000000, -14.12000000000000300 ) ) ;
#2361 = VERTEX_POINT ( 'NONE', #2694 ) ;
#2362 = PLANE ( 'NONE',  #205 ) ;
#2363 = CARTESIAN_POINT ( 'NONE',  ( -23.87999999999999900, 0.0000000000000000000, 0.0000000000000000000 ) ) ;
#2364 = ORIENTED_EDGE ( 'NONE', *, *, #4797, .F. ) ;
#2365 = ORIENTED_EDGE ( 'NONE', *, *, #8620, .T. ) ;
#2366 = PLANE ( 'NONE',  #3375 ) ;
#2367 = EDGE_CURVE ( 'NONE', #4997, #9495, #8944, .T. ) ;
#2368 = CARTESIAN_POINT ( 'NONE',  ( 16.76000000000000500, -8.000000000000000000, -13.82000000000000200 ) ) ;
#2369 = ORIENTED_EDGE ( 'NONE', *, *, #6633, .T. ) ;
#2370 = CARTESIAN_POINT ( 'NONE',  ( -21.33999999999999600, 1.300000000000000000, 14.12000000000000300 ) ) ;
#2371 = UNCERTAINTY_MEASURE_WITH_UNIT (LENGTH_MEASURE( 1.000000000000000100E-005 ), #4568, 'distance_accuracy_value', 'NONE');
#2372 = EDGE_CURVE ( 'NONE', #4997, #1804, #5485, .T. ) ;
#2373 = DIRECTION ( 'NONE',  ( 0.0000000000000000000, 1.000000000000000000, 0.0000000000000000000 ) ) ;
#2374 = ORIENTED_EDGE ( 'NONE', *, *, #5167, .T. ) ;
#2375 = EDGE_CURVE ( 'NONE', #4403, #5528, #4862, .T. ) ;
#2376 = CARTESIAN_POINT ( 'NONE',  ( 9.140000000000002300, -8.000000000000000000, -13.82000000000000200 ) ) ;
#2377 = DIRECTION ( 'NONE',  ( -1.000000000000000000, -0.0000000000000000000, -0.0000000000000000000 ) ) ;
#2378 = EDGE_CURVE ( 'NONE', #9016, #4140, #1920, .T. ) ;
#2379 = FACE_OUTER_BOUND ( 'NONE', #7655, .T. ) ;
#2380 = ORIENTED_EDGE ( 'NONE', *, *, #6987, .T. ) ;
#2381 = EDGE_CURVE ( 'NONE', #5764, #1356, #3407, .T. ) ;
#2382 = FACE_OUTER_BOUND ( 'NONE', #6897, .T. ) ;
#2383 = ORIENTED_EDGE ( 'NONE', *, *, #4834, .F. ) ;
#2384 = AXIS2_PLACEMENT_3D ( 'NONE', #6620, #8988, #3447 ) ;
#2385 = CARTESIAN_POINT ( 'NONE',  ( -8.639999999999998800, -8.000000000000000000, -13.82000000000000200 ) ) ;
#2386 = FACE_BOUND ( 'NONE', #5973, .T. ) ;
#2387 = CARTESIAN_POINT ( 'NONE',  ( -24.62999999999999900, 0.0000000000000000000, 0.0000000000000000000 ) ) ;
#2388 =( LENGTH_UNIT ( ) NAMED_UNIT ( * ) SI_UNIT ( .MILLI., .METRE. ) );
#2389 = VERTEX_POINT ( 'NONE', #2056 ) ;
#2390 = VECTOR ( 'NONE', #7005, 1000.000000000000000 ) ;
#2391 = DIRECTION ( 'NONE',  ( 0.0000000000000000000, -0.0000000000000000000, 1.000000000000000000 ) ) ;
#2392 = CARTESIAN_POINT ( 'NONE',  ( 14.22000000000000400, -8.000000000000000000, -14.12000000000000300 ) ) ;
#2393 =( NAMED_UNIT ( * ) PLANE_ANGLE_UNIT ( ) SI_UNIT ( $, .RADIAN. ) );
#2394 = EDGE_CURVE ( 'NONE', #3048, #1803, #3649, .T. ) ;
#2395 = VECTOR ( 'NONE', #2404, 1000.000000000000000 ) ;
#2396 = DIRECTION ( 'NONE',  ( -0.0000000000000000000, -1.000000000000000000, -0.0000000000000000000 ) ) ;
#2397 = AXIS2_PLACEMENT_3D ( 'NONE', #3363, #4048, #9641 ) ;
#2398 = ADVANCED_FACE ( 'NONE', ( #6946 ), #8363, .F. ) ;
#2399 = ORIENTED_EDGE ( 'NONE', *, *, #5709, .T. ) ;
#2400 = VECTOR ( 'NONE', #9529, 1000.000000000000000 ) ;
#2401 = CARTESIAN_POINT ( 'NONE',  ( -21.84000000000000000, -8.000000000000000000, -14.12000000000000300 ) ) ;
#2402 = LINE ( 'NONE', #9395, #7173 ) ;
#2403 = FACE_OUTER_BOUND ( 'NONE', #3931, .T. ) ;
#2404 = DIRECTION ( 'NONE',  ( 0.0000000000000000000, -1.000000000000000000, 0.0000000000000000000 ) ) ;
#2405 = FACE_OUTER_BOUND ( 'NONE', #4397, .T. ) ;
#2406 = DIRECTION ( 'NONE',  ( -1.000000000000000000, 0.0000000000000000000, -0.0000000000000000000 ) ) ;
#2407 = DIRECTION ( 'NONE',  ( 0.0000000000000000000, 0.0000000000000000000, -1.000000000000000000 ) ) ;
#2408 = VECTOR ( 'NONE', #6144, 1000.000000000000000 ) ;
#2409 = LINE ( 'NONE', #9637, #9049 ) ;
#2410 = ORIENTED_EDGE ( 'NONE', *, *, #5057, .F. ) ;
#2411 = EDGE_CURVE ( 'NONE', #2780, #5513, #8197, .T. ) ;
#2412 = VECTOR ( 'NONE', #4165, 1000.000000000000000 ) ;
#2413 = DIRECTION ( 'NONE',  ( 0.0000000000000000000, 0.0000000000000000000, -1.000000000000000000 ) ) ;
#2414 = ORIENTED_EDGE ( 'NONE', *, *, #9436, .T. ) ;
#2415 = ORIENTED_EDGE ( 'NONE', *, *, #7854, .F. ) ;
#2416 = FACE_OUTER_BOUND ( 'NONE', #1503, .T. ) ;
#2417 = ORIENTED_EDGE ( 'NONE', *, *, #6395, .F. ) ;
#2418 = EDGE_LOOP ( 'NONE', ( #4268, #6352, #2735, #1220 ) ) ;
#2419 = VECTOR ( 'NONE', #9079, 1000.000000000000000 ) ;
#2420 = CARTESIAN_POINT ( 'NONE',  ( -1.769999999999997400, 0.2000000000000000100, -14.12000000000000100 ) ) ;
#2421 = ORIENTED_EDGE ( 'NONE', *, *, #2700, .T. ) ;
#2422 = CARTESIAN_POINT ( 'NONE',  ( -1.769999999999997400, 1.000000000000000000, -13.82000000000000200 ) ) ;
#2423 = CARTESIAN_POINT ( 'NONE',  ( -16.25999999999999800, 1.300000000000000000, -14.12000000000000300 ) ) ;
#2424 = CARTESIAN_POINT ( 'NONE',  ( 6.100000000000001400, 1.300000000000000000, -14.12000000000000300 ) ) ;
#2425 = EDGE_CURVE ( 'NONE', #1466, #3568, #1052, .T. ) ;
#2426 = VERTEX_POINT ( 'NONE', #1195 ) ;
#2427 = ORIENTED_EDGE ( 'NONE', *, *, #5382, .F. ) ;
#2428 = VERTEX_POINT ( 'NONE', #9032 ) ;
#2429 = ORIENTED_EDGE ( 'NONE', *, *, #409, .T. ) ;
#2430 = ORIENTED_EDGE ( 'NONE', *, *, #5744, .T. ) ;
#2431 = FACE_OUTER_BOUND ( 'NONE', #1726, .T. ) ;
#2432 = CARTESIAN_POINT ( 'NONE',  ( 19.55000000000000400, 0.2000000000000000100, -13.81999999999999900 ) ) ;
#2433 = LINE ( 'NONE', #10171, #39 ) ;
#2434 = ORIENTED_EDGE ( 'NONE', *, *, #9480, .T. ) ;
#2435 = DIRECTION ( 'NONE',  ( -0.0000000000000000000, -0.0000000000000000000, -1.000000000000000000 ) ) ;
#2436 = LINE ( 'NONE', #5290, #574 ) ;
#2437 = FILL_AREA_STYLE_COLOUR ( '', #5579 ) ;
#2438 = VECTOR ( 'NONE', #1167, 1000.000000000000000 ) ;
#2439 = ORIENTED_EDGE ( 'NONE', *, *, #9617, .T. ) ;
#2440 = CARTESIAN_POINT ( 'NONE',  ( -10.92999999999999600, 0.2000000000000000100, -13.81999999999999900 ) ) ;
#2441 = ORIENTED_EDGE ( 'NONE', *, *, #297, .F. ) ;
#2442 = VERTEX_POINT ( 'NONE', #6670 ) ;
#2443 = VECTOR ( 'NONE', #4946, 1000.000000000000000 ) ;
#2444 = PLANE ( 'NONE',  #3320 ) ;
#2445 = EDGE_CURVE ( 'NONE', #1611, #4878, #1550, .T. ) ;
#2446 = LINE ( 'NONE', #5046, #321 ) ;
#2447 = CARTESIAN_POINT ( 'NONE',  ( 16.76000000000000500, 1.000000000000000000, -13.82000000000000200 ) ) ;
#2448 = DIRECTION ( 'NONE',  ( 0.0000000000000000000, -0.0000000000000000000, 1.000000000000000000 ) ) ;
#2449 = ORIENTED_EDGE ( 'NONE', *, *, #7231, .T. ) ;
#2450 = EDGE_CURVE ( 'NONE', #2073, #8351, #5725, .T. ) ;
#2451 = PLANE ( 'NONE',  #7394 ) ;
#2452 = VERTEX_POINT ( 'NONE', #10002 ) ;
#2453 = AXIS2_PLACEMENT_3D ( 'NONE', #3971, #4696, #7129 ) ;
#2454 = DIRECTION ( 'NONE',  ( -1.000000000000000000, -0.0000000000000000000, -0.0000000000000000000 ) ) ;
#2455 = LINE ( 'NONE', #2605, #6363 ) ;
#2456 = ADVANCED_FACE ( 'NONE', ( #3162 ), #4345, .F. ) ;
#2457 = ORIENTED_EDGE ( 'NONE', *, *, #675, .F. ) ;
#2458 = VECTOR ( 'NONE', #3874, 1000.000000000000000 ) ;
#2459 = EDGE_LOOP ( 'NONE', ( #7897, #9842, #3239, #64 ) ) ;
#2460 = ORIENTED_EDGE ( 'NONE', *, *, #8361, .F. ) ;
#2461 = CARTESIAN_POINT ( 'NONE',  ( 6.100000000000001400, -8.000000000000000000, -13.82000000000000200 ) ) ;
#2462 = DIRECTION ( 'NONE',  ( 0.0000000000000000000, -1.000000000000000000, 0.0000000000000000000 ) ) ;
#2463 = CARTESIAN_POINT ( 'NONE',  ( -22.09000000000000000, 1.300000000000000000, 13.52000000000000300 ) ) ;
#2464 = DIRECTION ( 'NONE',  ( -1.000000000000000000, -0.0000000000000000000, -0.0000000000000000000 ) ) ;
#2465 = CARTESIAN_POINT ( 'NONE',  ( -18.54999999999999700, 0.2000000000000000100, -14.12000000000000100 ) ) ;
#2466 = AXIS2_PLACEMENT_3D ( 'NONE', #5315, #2197, #10156 ) ;
#2467 = VERTEX_POINT ( 'NONE', #9117 ) ;
#2468 = CARTESIAN_POINT ( 'NONE',  ( 24.63000000000000600, 0.2000000000000000100, -14.12000000000000100 ) ) ;
#2469 = ORIENTED_EDGE ( 'NONE', *, *, #7193, .T. ) ;
#2470 = ORIENTED_EDGE ( 'NONE', *, *, #5717, .T. ) ;
#2471 = DIRECTION ( 'NONE',  ( 1.000000000000000000, -0.0000000000000000000, 0.0000000000000000000 ) ) ;
#2472 = EDGE_LOOP ( 'NONE', ( #121, #2182, #5235, #8064 ) ) ;
#2473 = CARTESIAN_POINT ( 'NONE',  ( 19.55000000000000400, 1.000000000000000000, -13.52000000000000300 ) ) ;
#2474 = FACE_OUTER_BOUND ( 'NONE', #1546, .T. ) ;
#2475 = FILL_AREA_STYLE_COLOUR ( '', #1175 ) ;
#2476 = EDGE_CURVE ( 'NONE', #9504, #4796, #8451, .T. ) ;
#2477 = DIRECTION ( 'NONE',  ( 1.000000000000000000, 0.0000000000000000000, 0.0000000000000000000 ) ) ;
#2478 = ADVANCED_FACE ( 'NONE', ( #4245 ), #6041, .F. ) ;
#2479 = CARTESIAN_POINT ( 'NONE',  ( 24.63000000000000600, 1.000000000000000000, 13.82000000000000200 ) ) ;
#2480 = VERTEX_POINT ( 'NONE', #9966 ) ;
#2481 = ORIENTED_EDGE ( 'NONE', *, *, #7760, .F. ) ;
#2482 = DIRECTION ( 'NONE',  ( -1.000000000000000000, -0.0000000000000000000, -0.0000000000000000000 ) ) ;
#2483 = ORIENTED_EDGE ( 'NONE', *, *, #8015, .T. ) ;
#2484 = LINE ( 'NONE', #8309, #5547 ) ;
#2485 = VERTEX_POINT ( 'NONE', #2090 ) ;
#2486 = AXIS2_PLACEMENT_3D ( 'NONE', #9006, #3396, #5786 ) ;
#2487 = DIRECTION ( 'NONE',  ( 0.0000000000000000000, 0.0000000000000000000, -1.000000000000000000 ) ) ;
#2488 = DIRECTION ( 'NONE',  ( 0.0000000000000000000, -0.0000000000000000000, -1.000000000000000000 ) ) ;
#2489 = CARTESIAN_POINT ( 'NONE',  ( 1.020000000000003600, -8.000000000000000000, -14.12000000000000300 ) ) ;
#2490 = AXIS2_PLACEMENT_3D ( 'NONE', #9170, #6772, #8288 ) ;
#2491 = CARTESIAN_POINT ( 'NONE',  ( 24.63000000000000600, 1.000000000000000000, 13.82000000000000200 ) ) ;
#2492 = CARTESIAN_POINT ( 'NONE',  ( 19.30000000000000400, 1.000000000000000000, -13.52000000000000300 ) ) ;
#2493 =( LENGTH_UNIT ( ) NAMED_UNIT ( * ) SI_UNIT ( .MILLI., .METRE. ) );
#2494 = EDGE_LOOP ( 'NONE', ( #7788, #711, #8987, #1888, #335, #3894 ) ) ;
#2495 = UNCERTAINTY_MEASURE_WITH_UNIT (LENGTH_MEASURE( 1.000000000000000100E-005 ), #6422, 'distance_accuracy_value', 'NONE');
#2496 = CARTESIAN_POINT ( 'NONE',  ( 6.850000000000002300, 0.2000000000000000100, -14.12000000000000100 ) ) ;
#2497 = LINE ( 'NONE', #4926, #7270 ) ;
#2498 = EDGE_LOOP ( 'NONE', ( #7766, #333, #9483, #7191 ) ) ;
#2499 =( NAMED_UNIT ( * ) SI_UNIT ( $, .STERADIAN. ) SOLID_ANGLE_UNIT ( ) );
#2500 = EDGE_CURVE ( 'NONE', #3437, #308, #9825, .T. ) ;
#2501 = DIRECTION ( 'NONE',  ( 0.0000000000000000000, 1.000000000000000000, 0.0000000000000000000 ) ) ;
#2502 = ADVANCED_FACE ( 'NONE', ( #5359 ), #6710, .F. ) ;
#2503 = LINE ( 'NONE', #4880, #4942 ) ;
#2504 = ORIENTED_EDGE ( 'NONE', *, *, #73, .F. ) ;
#2505 = EDGE_CURVE ( 'NONE', #1611, #8641, #38, .T. ) ;
#2506 = AXIS2_PLACEMENT_3D ( 'NONE', #1470, #7851, #6201 ) ;
#2507 = PLANE ( 'NONE',  #7048 ) ;
#2508 = EDGE_CURVE ( 'NONE', #9489, #7333, #7076, .T. ) ;
#2509 = VECTOR ( 'NONE', #1142, 1000.000000000000000 ) ;
#2510 = CARTESIAN_POINT ( 'NONE',  ( 21.09000000000000300, 1.000000000000000000, 13.52000000000000300 ) ) ;
#2511 = CARTESIAN_POINT ( 'NONE',  ( 21.34000000000000300, 0.0000000000000000000, 0.0000000000000000000 ) ) ;
#2512 = VECTOR ( 'NONE', #4260, 1000.000000000000000 ) ;
#2513 = VECTOR ( 'NONE', #7438, 1000.000000000000000 ) ;
#2514 = CARTESIAN_POINT ( 'NONE',  ( 13.47000000000000200, 1.000000000000000000, -13.52000000000000300 ) ) ;
#2515 = CARTESIAN_POINT ( 'NONE',  ( -1.019999999999996700, -8.000000000000000000, -14.12000000000000300 ) ) ;
#2516 = VECTOR ( 'NONE', #7827, 1000.000000000000000 ) ;
#2517 = EDGE_LOOP ( 'NONE', ( #3156, #3342, #6150, #6279 ) ) ;
#2518 = LINE ( 'NONE', #5778, #9933 ) ;
#2519 = AXIS2_PLACEMENT_3D ( 'NONE', #3217, #3967, #1564 ) ;
#2520 = CARTESIAN_POINT ( 'NONE',  ( 9.390000000000002300, 1.300000000000000000, -14.12000000000000300 ) ) ;
#2521 = VECTOR ( 'NONE', #1286, 1000.000000000000000 ) ;
#2522 = PRESENTATION_LAYER_ASSIGNMENT (  '', '', ( #8650 ) ) ;
#2523 = VECTOR ( 'NONE', #6993, 1000.000000000000000 ) ;
#2524 = DIRECTION ( 'NONE',  ( 0.0000000000000000000, 0.0000000000000000000, -1.000000000000000000 ) ) ;
#2525 = ADVANCED_FACE ( 'NONE', ( #795 ), #1467, .F. ) ;
#2526 = SURFACE_SIDE_STYLE ('',( #6322 ) ) ;
#2527 = FACE_OUTER_BOUND ( 'NONE', #7038, .T. ) ;
#2528 = DIRECTION ( 'NONE',  ( 0.0000000000000000000, -0.0000000000000000000, -1.000000000000000000 ) ) ;
#2529 = LINE ( 'NONE', #265, #8556 ) ;
#2530 = ORIENTED_EDGE ( 'NONE', *, *, #3563, .F. ) ;
#2531 = DIRECTION ( 'NONE',  ( -0.0000000000000000000, -0.0000000000000000000, -1.000000000000000000 ) ) ;
#2532 = EDGE_CURVE ( 'NONE', #7137, #7607, #552, .T. ) ;
#2533 = AXIS2_PLACEMENT_3D ( 'NONE', #8244, #6557, #2784 ) ;
#2534 = LINE ( 'NONE', #6400, #9309 ) ;
#2535 = ORIENTED_EDGE ( 'NONE', *, *, #3882, .F. ) ;
#2536 = CARTESIAN_POINT ( 'NONE',  ( 14.22000000000000400, 1.000000000000000000, -13.82000000000000200 ) ) ;
#2537 = LINE ( 'NONE', #6269, #5470 ) ;
#2538 = VECTOR ( 'NONE', #6718, 1000.000000000000000 ) ;
#2539 = VERTEX_POINT ( 'NONE', #6852 ) ;
#2540 = CARTESIAN_POINT ( 'NONE',  ( 23.88000000000000600, 0.2000000000000000900, 0.0000000000000000000 ) ) ;
#2541 = COLOUR_RGB ( '',0.7921568627450980000, 0.8196078431372548800, 0.9333333333333333500 ) ;
#2542 = EDGE_LOOP ( 'NONE', ( #3050, #7030, #1801, #8453, #4945, #2221 ) ) ;
#2543 = VERTEX_POINT ( 'NONE', #6171 ) ;
#2544 = PLANE ( 'NONE',  #8413 ) ;
#2545 = CARTESIAN_POINT ( 'NONE',  ( -16.00999999999999800, 1.000000000000000000, -13.82000000000000200 ) ) ;
#2546 = EDGE_LOOP ( 'NONE', ( #8235, #4555, #4310, #8479, #2723, #4405, #111, #192 ) ) ;
#2547 = ORIENTED_EDGE ( 'NONE', *, *, #3689, .F. ) ;
#2548 = ORIENTED_EDGE ( 'NONE', *, *, #1637, .T. ) ;
#2549 = LINE ( 'NONE', #8101, #431 ) ;
#2550 = ORIENTED_EDGE ( 'NONE', *, *, #7554, .T. ) ;
#2551 = CARTESIAN_POINT ( 'NONE',  ( 28.30000000000000800, 0.9500000000000002900, 3.429999999999999300 ) ) ;
#2552 = AXIS2_PLACEMENT_3D ( 'NONE', #7885, #4081, #70 ) ;
#2553 =( NAMED_UNIT ( * ) SI_UNIT ( $, .STERADIAN. ) SOLID_ANGLE_UNIT ( ) );
#2554 = LINE ( 'NONE', #6564, #7828 ) ;
#2555 = ADVANCED_FACE ( 'NONE', ( #5108 ), #5416, .F. ) ;
#2556 = LINE ( 'NONE', #6018, #1298 ) ;
#2557 = ORIENTED_EDGE ( 'NONE', *, *, #4593, .T. ) ;
#2558 = DIRECTION ( 'NONE',  ( -0.0000000000000000000, -0.0000000000000000000, -1.000000000000000000 ) ) ;
#2559 = ORIENTED_EDGE ( 'NONE', *, *, #9978, .F. ) ;
#2560 = ORIENTED_EDGE ( 'NONE', *, *, #7106, .T. ) ;
#2561 = ORIENTED_EDGE ( 'NONE', *, *, #3218, .F. ) ;
#2562 = CARTESIAN_POINT ( 'NONE',  ( -21.33999999999999600, 1.300000000000000000, -13.52000000000000300 ) ) ;
#2563 = LINE ( 'NONE', #8782, #6722 ) ;
#2564 = CARTESIAN_POINT ( 'NONE',  ( -23.62999999999999900, 0.2000000000000000100, -14.12000000000000100 ) ) ;
#2565 = EDGE_CURVE ( 'NONE', #5605, #2809, #3040, .T. ) ;
#2566 = VECTOR ( 'NONE', #10190, 1000.000000000000000 ) ;
#2567 = ORIENTED_EDGE ( 'NONE', *, *, #3870, .T. ) ;
#2568 = CARTESIAN_POINT ( 'NONE',  ( 24.63000000000000600, 0.2000000000000000100, -14.12000000000000100 ) ) ;
#2569 = VECTOR ( 'NONE', #4371, 1000.000000000000000 ) ;
#2570 = CARTESIAN_POINT ( 'NONE',  ( -21.33999999999999600, 1.000000000000000000, 13.52000000000000300 ) ) ;
#2571 = EDGE_CURVE ( 'NONE', #3300, #10248, #7933, .T. ) ;
#2572 = CARTESIAN_POINT ( 'NONE',  ( 28.30000000000000800, 0.9500000000000002900, 0.4299999999999991600 ) ) ;
#2573 = ORIENTED_EDGE ( 'NONE', *, *, #28, .F. ) ;
#2574 = ORIENTED_EDGE ( 'NONE', *, *, #3147, .F. ) ;
#2575 = DIRECTION ( 'NONE',  ( -0.0000000000000000000, 1.000000000000000000, -0.0000000000000000000 ) ) ;
#2576 = ADVANCED_FACE ( 'NONE', ( #7189 ), #1497, .F. ) ;
#2577 = EDGE_CURVE ( 'NONE', #5050, #8942, #4750, .T. ) ;
#2578 = ORIENTED_EDGE ( 'NONE', *, *, #6556, .T. ) ;
#2579 = CARTESIAN_POINT ( 'NONE',  ( 16.26000000000000500, -8.000000000000000000, -13.82000000000000200 ) ) ;
#2580 = LINE ( 'NONE', #7881, #4536 ) ;
#2581 = DIRECTION ( 'NONE',  ( -1.000000000000000000, -0.0000000000000000000, -0.0000000000000000000 ) ) ;
#2582 = DIRECTION ( 'NONE',  ( 0.0000000000000000000, 0.0000000000000000000, -1.000000000000000000 ) ) ;
#2583 = CLOSED_SHELL ( 'NONE', ( #5062, #4086, #8750, #1119, #3434, #9233, #7811, #990, #7523, #2607, #9687, #6068 ) ) ;
#2584 = VECTOR ( 'NONE', #1102, 1000.000000000000000 ) ;
#2585 = AXIS2_PLACEMENT_3D ( 'NONE', #816, #4060, #4028 ) ;
#2586 = VERTEX_POINT ( 'NONE', #9275 ) ;
#2587 = CARTESIAN_POINT ( 'NONE',  ( -21.08999999999999600, 1.300000000000000000, 14.12000000000000300 ) ) ;
#2588 = EDGE_LOOP ( 'NONE', ( #951, #1479, #3169, #10026 ) ) ;
#2589 = PLANE ( 'NONE',  #5017 ) ;
#2590 = CARTESIAN_POINT ( 'NONE',  ( 14.47000000000000400, 1.300000000000000000, -14.12000000000000300 ) ) ;
#2591 = ORIENTED_EDGE ( 'NONE', *, *, #6376, .T. ) ;
#2592 = FACE_OUTER_BOUND ( 'NONE', #1181, .T. ) ;
#2593 = DIRECTION ( 'NONE',  ( 0.0000000000000000000, 0.0000000000000000000, -1.000000000000000000 ) ) ;
#2594 = CARTESIAN_POINT ( 'NONE',  ( 22.09000000000000700, 0.2000000000000000900, 13.82000000000000200 ) ) ;
#2595 = DIRECTION ( 'NONE',  ( -1.000000000000000000, -0.0000000000000000000, -0.0000000000000000000 ) ) ;
#2596 = CARTESIAN_POINT ( 'NONE',  ( 1.770000000000004200, 0.2000000000000000100, -14.12000000000000100 ) ) ;
#2598 = ORIENTED_EDGE ( 'NONE', *, *, #2175, .F. ) ;
#2597 = DIRECTION ( 'NONE',  ( -0.0000000000000000000, -0.0000000000000000000, -1.000000000000000000 ) ) ;
#2599 = VERTEX_POINT ( 'NONE', #4559 ) ;
#2600 = PLANE ( 'NONE',  #2663 ) ;
#2601 = EDGE_CURVE ( 'NONE', #5388, #5250, #3515, .T. ) ;
#2602 = STYLED_ITEM ( 'NONE', ( #4851 ), #3121 ) ;
#2603 = CARTESIAN_POINT ( 'NONE',  ( -27.49999999999999600, 1.000000000000000000, -13.81999999999999900 ) ) ;
#2604 = ORIENTED_EDGE ( 'NONE', *, *, #9164, .F. ) ;
#2605 = CARTESIAN_POINT ( 'NONE',  ( -1.019999999999996700, -8.000000000000000000, -13.82000000000000200 ) ) ;
#2606 = CARTESIAN_POINT ( 'NONE',  ( 13.47000000000000200, 1.300000000000000000, -14.12000000000000300 ) ) ;
#2607 = ADVANCED_FACE ( 'NONE', ( #4006 ), #3697, .F. ) ;
#2608 = ORIENTED_EDGE ( 'NONE', *, *, #9378, .F. ) ;
#2609 = CARTESIAN_POINT ( 'NONE',  ( -19.54999999999999700, 1.000000000000000000, -13.52000000000000300 ) ) ;
#2610 = CARTESIAN_POINT ( 'NONE',  ( -22.09000000000000000, 1.300000000000000000, 14.12000000000000300 ) ) ;
#2611 = CARTESIAN_POINT ( 'NONE',  ( -24.62999999999999900, 1.300000000000000000, 14.12000000000000300 ) ) ;
#2612 = EDGE_CURVE ( 'NONE', #7988, #5692, #3995, .T. ) ;
#2613 = PRESENTATION_LAYER_ASSIGNMENT (  '', '', ( #4774 ) ) ;
#2614 = VERTEX_POINT ( 'NONE', #7716 ) ;
#2615 = DIRECTION ( 'NONE',  ( 0.0000000000000000000, -0.0000000000000000000, 1.000000000000000000 ) ) ;
#2616 = VERTEX_POINT ( 'NONE', #10094 ) ;
#2617 = PLANE ( 'NONE',  #5340 ) ;
#2618 = CARTESIAN_POINT ( 'NONE',  ( -3.559999999999997400, 0.2000000000000000100, 0.0000000000000000000 ) ) ;
#2619 =( LENGTH_UNIT ( ) NAMED_UNIT ( * ) SI_UNIT ( .MILLI., .METRE. ) );
#2620 = EDGE_CURVE ( 'NONE', #1520, #1186, #2660, .T. ) ;
#2621 = AXIS2_PLACEMENT_3D ( 'NONE', #4411, #6000, #1147 ) ;
#2622 = FACE_OUTER_BOUND ( 'NONE', #8966, .T. ) ;
#2623 = DIRECTION ( 'NONE',  ( 0.0000000000000000000, 1.000000000000000000, 0.0000000000000000000 ) ) ;
#2624 = ORIENTED_EDGE ( 'NONE', *, *, #10102, .T. ) ;
#2625 = PLANE ( 'NONE',  #4314 ) ;
#2626 = PLANE ( 'NONE',  #650 ) ;
#2627 = DIRECTION ( 'NONE',  ( -1.000000000000000000, 0.0000000000000000000, -0.0000000000000000000 ) ) ;
#2628 = ADVANCED_FACE ( 'NONE', ( #8050 ), #4618, .T. ) ;
#2629 = DIRECTION ( 'NONE',  ( 1.000000000000000000, -0.0000000000000000000, 0.0000000000000000000 ) ) ;
#2630 = DIRECTION ( 'NONE',  ( 1.000000000000000000, 0.0000000000000000000, 0.0000000000000000000 ) ) ;
#2631 = LINE ( 'NONE', #223, #514 ) ;
#2632 = PRESENTATION_STYLE_ASSIGNMENT (( #7767 ) ) ;
#2633 = CARTESIAN_POINT ( 'NONE',  ( -21.33999999999999600, -8.000000000000000000, -14.12000000000000300 ) ) ;
#2634 = ORIENTED_EDGE ( 'NONE', *, *, #363, .F. ) ;
#2635 = VERTEX_POINT ( 'NONE', #1392 ) ;
#2636 = VECTOR ( 'NONE', #6046, 1000.000000000000000 ) ;
#2637 = CARTESIAN_POINT ( 'NONE',  ( -22.09000000000000000, 1.300000000000000000, 13.52000000000000300 ) ) ;
#2638 = EDGE_CURVE ( 'NONE', #2467, #3042, #6813, .T. ) ;
#2639 = PLANE ( 'NONE',  #3202 ) ;
#2640 = PLANE ( 'NONE',  #509 ) ;
#2641 = ORIENTED_EDGE ( 'NONE', *, *, #5717, .F. ) ;
#2642 = DIRECTION ( 'NONE',  ( -0.0000000000000000000, -0.0000000000000000000, -1.000000000000000000 ) ) ;
#2643 = CARTESIAN_POINT ( 'NONE',  ( 23.63000000000000600, 0.2000000000000000900, 13.82000000000000200 ) ) ;
#2644 = LINE ( 'NONE', #2678, #2509 ) ;
#2645 = DIRECTION ( 'NONE',  ( -0.0000000000000000000, 0.0000000000000000000, 1.000000000000000000 ) ) ;
#2646 = EDGE_CURVE ( 'NONE', #3803, #3571, #782, .T. ) ;
#2647 = AXIS2_PLACEMENT_3D ( 'NONE', #6969, #1539, #3039 ) ;
#2648 = MECHANICAL_DESIGN_GEOMETRIC_PRESENTATION_REPRESENTATION (  '', ( #7705 ), #171 ) ;
#2649 = LINE ( 'NONE', #5762, #5335 ) ;
#2650 = CARTESIAN_POINT ( 'NONE',  ( 22.09000000000000700, 1.300000000000000000, 13.52000000000000300 ) ) ;
#2651 = DIRECTION ( 'NONE',  ( 1.000000000000000000, 0.0000000000000000000, 0.0000000000000000000 ) ) ;
#2652 = VECTOR ( 'NONE', #3070, 1000.000000000000000 ) ;
#2653 = VECTOR ( 'NONE', #6203, 1000.000000000000000 ) ;
#2654 = CARTESIAN_POINT ( 'NONE',  ( -27.49999999999999600, 1.000000000000000000, 13.82000000000000200 ) ) ;
#2655 = DIRECTION ( 'NONE',  ( 0.0000000000000000000, 0.0000000000000000000, -1.000000000000000000 ) ) ;
#2656 = SURFACE_STYLE_USAGE ( .BOTH. , #7999 ) ;
#2657 = LINE ( 'NONE', #2242, #1162 ) ;
#2658 = ADVANCED_FACE ( 'NONE', ( #1656 ), #2366, .F. ) ;
#2659 = VECTOR ( 'NONE', #7996, 1000.000000000000000 ) ;
#2660 = LINE ( 'NONE', #1367, #7067 ) ;
#2661 = FACE_OUTER_BOUND ( 'NONE', #3129, .T. ) ;
#2662 = CARTESIAN_POINT ( 'NONE',  ( 0.7700000000000033500, 1.000000000000000000, -13.82000000000000200 ) ) ;
#2663 = AXIS2_PLACEMENT_3D ( 'NONE', #6657, #3479, #8963 ) ;
#2664 = DIRECTION ( 'NONE',  ( 1.000000000000000000, 0.0000000000000000000, -1.800252673284357700E-016 ) ) ;
#2665 = FILL_AREA_STYLE_COLOUR ( '', #2965 ) ;
#2666 = CARTESIAN_POINT ( 'NONE',  ( -24.62999999999999900, 1.000000000000000000, 13.82000000000000200 ) ) ;
#2667 = DIRECTION ( 'NONE',  ( -1.000000000000000000, 0.0000000000000000000, -0.0000000000000000000 ) ) ;
#2668 = VECTOR ( 'NONE', #3351, 1000.000000000000000 ) ;
#2669 = ORIENTED_EDGE ( 'NONE', *, *, #4432, .T. ) ;
#2670 = ORIENTED_EDGE ( 'NONE', *, *, #4432, .F. ) ;
#2671 = EDGE_LOOP ( 'NONE', ( #3885, #2548, #3197, #2214 ) ) ;
#2672 = VERTEX_POINT ( 'NONE', #7090 ) ;
#2673 = ORIENTED_EDGE ( 'NONE', *, *, #7362, .T. ) ;
#2674 = VECTOR ( 'NONE', #9818, 1000.000000000000000 ) ;
#2675 = CARTESIAN_POINT ( 'NONE',  ( -18.54999999999999700, 1.000000000000000000, -13.52000000000000300 ) ) ;
#2676 = ORIENTED_EDGE ( 'NONE', *, *, #104, .F. ) ;
#2677 = EDGE_CURVE ( 'NONE', #6266, #4883, #8934, .T. ) ;
#2678 = CARTESIAN_POINT ( 'NONE',  ( 13.72000000000000200, 0.2000000000000000100, 0.0000000000000000000 ) ) ;
#2679 = VECTOR ( 'NONE', #1660, 1000.000000000000000 ) ;
#2680 = DIRECTION ( 'NONE',  ( 0.0000000000000000000, -0.0000000000000000000, 1.000000000000000000 ) ) ;
#2681 = DIRECTION ( 'NONE',  ( 0.0000000000000000000, 0.0000000000000000000, -1.000000000000000000 ) ) ;
#2682 = AXIS2_PLACEMENT_3D ( 'NONE', #286, #6627, #9766 ) ;
#2683 = VERTEX_POINT ( 'NONE', #10259 ) ;
#2684 = VERTEX_POINT ( 'NONE', #9463 ) ;
#2685 = DIRECTION ( 'NONE',  ( -1.000000000000000000, 0.0000000000000000000, -0.0000000000000000000 ) ) ;
#2686 = CARTESIAN_POINT ( 'NONE',  ( -25.50000000000000700, 1.800000000000000000, 9.180000000000003300 ) ) ;
#2687 = PLANE ( 'NONE',  #1424 ) ;
#2688 = ORIENTED_EDGE ( 'NONE', *, *, #8901, .F. ) ;
#2689 = ORIENTED_EDGE ( 'NONE', *, *, #8887, .T. ) ;
#2690 = VERTEX_POINT ( 'NONE', #10188 ) ;
#2691 = FACE_OUTER_BOUND ( 'NONE', #5417, .T. ) ;
#2692 = VECTOR ( 'NONE', #3073, 1000.000000000000000 ) ;
#2693 = ADVANCED_FACE ( 'NONE', ( #6318 ), #7903, .F. ) ;
#2694 = CARTESIAN_POINT ( 'NONE',  ( 6.600000000000001400, -8.000000000000000000, -13.82000000000000200 ) ) ;
#2695 = UNCERTAINTY_MEASURE_WITH_UNIT (LENGTH_MEASURE( 1.000000000000000100E-005 ), #9039, 'distance_accuracy_value', 'NONE');
#2696 = FACE_OUTER_BOUND ( 'NONE', #1941, .T. ) ;
#2697 = DIRECTION ( 'NONE',  ( -0.0000000000000000000, 1.000000000000000000, 0.0000000000000000000 ) ) ;
#2698 = LINE ( 'NONE', #5733, #5131 ) ;
#2699 = ORIENTED_EDGE ( 'NONE', *, *, #7001, .T. ) ;
#2700 = EDGE_CURVE ( 'NONE', #2076, #3788, #8328, .T. ) ;
#2701 = VERTEX_POINT ( 'NONE', #7848 ) ;
#2702 = CARTESIAN_POINT ( 'NONE',  ( 1.520000000000004000, -8.000000000000000000, -14.12000000000000300 ) ) ;
#2703 = EDGE_LOOP ( 'NONE', ( #919, #5298, #1245, #6001, #5679, #3660, #4498, #1042 ) ) ;
#2704 = CARTESIAN_POINT ( 'NONE',  ( -13.71999999999999700, 0.2000000000000000900, -14.12000000000000300 ) ) ;
#2705 = VECTOR ( 'NONE', #9381, 1000.000000000000000 ) ;
#2706 = CARTESIAN_POINT ( 'NONE',  ( -24.09000000000000700, 1.700000000000000000, -4.074999999999995700 ) ) ;
#2707 = SURFACE_STYLE_FILL_AREA ( #6712 ) ;
#2708 = PLANE ( 'NONE',  #6580 ) ;
#2709 = ORIENTED_EDGE ( 'NONE', *, *, #9978, .T. ) ;
#2710 = CARTESIAN_POINT ( 'NONE',  ( -14.21999999999999900, -8.000000000000000000, -14.12000000000000300 ) ) ;
#2711 = DIRECTION ( 'NONE',  ( -0.0000000000000000000, 0.0000000000000000000, 1.000000000000000000 ) ) ;
#2712 = ORIENTED_EDGE ( 'NONE', *, *, #6973, .T. ) ;
#2713 = CARTESIAN_POINT ( 'NONE',  ( 27.49999999999999600, 1.000000000000000000, 10.68000000000000000 ) ) ;
#2714 = VERTEX_POINT ( 'NONE', #3152 ) ;
#2715 = EDGE_CURVE ( 'NONE', #3589, #9905, #2537, .T. ) ;
#2716 = CARTESIAN_POINT ( 'NONE',  ( 11.68000000000000300, 0.0000000000000000000, 0.0000000000000000000 ) ) ;
#2717 = EDGE_CURVE ( 'NONE', #1465, #3880, #8677, .T. ) ;
#2718 = ORIENTED_EDGE ( 'NONE', *, *, #6506, .F. ) ;
#2719 = LINE ( 'NONE', #3952, #10096 ) ;
#2720 = ORIENTED_EDGE ( 'NONE', *, *, #8386, .F. ) ;
#2721 = EDGE_CURVE ( 'NONE', #4175, #7248, #8812, .T. ) ;
#2722 = ORIENTED_EDGE ( 'NONE', *, *, #3147, .T. ) ;
#2723 = ORIENTED_EDGE ( 'NONE', *, *, #2024, .T. ) ;
#2724 = EDGE_LOOP ( 'NONE', ( #7436, #7046, #1310, #10131, #6384, #3615, #4799, #3083 ) ) ;
#2725 = AXIS2_PLACEMENT_3D ( 'NONE', #2755, #5925, #9957 ) ;
#2726 = DIRECTION ( 'NONE',  ( 0.0000000000000000000, -0.0000000000000000000, 1.000000000000000000 ) ) ;
#2727 = ADVANCED_FACE ( 'NONE', ( #4738 ), #10229, .F. ) ;
#2728 = EDGE_CURVE ( 'NONE', #1063, #2006, #4482, .T. ) ;
#2729 = CARTESIAN_POINT ( 'NONE',  ( 21.09000000000000300, 1.300000000000000000, 14.12000000000000300 ) ) ;
#2730 = DIRECTION ( 'NONE',  ( 0.0000000000000000000, 0.0000000000000000000, -1.000000000000000000 ) ) ;
#2731 = ORIENTED_EDGE ( 'NONE', *, *, #5807, .F. ) ;
#2732 = ORIENTED_EDGE ( 'NONE', *, *, #7987, .F. ) ;
#2733 = EDGE_CURVE ( 'NONE', #4068, #2635, #9690, .T. ) ;
#2734 = DIRECTION ( 'NONE',  ( -0.0000000000000000000, -0.0000000000000000000, 1.000000000000000000 ) ) ;
#2735 = ORIENTED_EDGE ( 'NONE', *, *, #4322, .T. ) ;
#2736 = EDGE_LOOP ( 'NONE', ( #6015, #6746, #3047, #3939, #8773, #8120, #6142, #10067 ) ) ;
#2737 = VECTOR ( 'NONE', #10152, 1000.000000000000000 ) ;
#2738 = AXIS2_PLACEMENT_3D ( 'NONE', #9257, #3807, #4588 ) ;
#2739 = CARTESIAN_POINT ( 'NONE',  ( -18.79999999999999700, -8.000000000000000000, -14.12000000000000300 ) ) ;
#2740 = CARTESIAN_POINT ( 'NONE',  ( -6.849999999999998800, 1.000000000000000000, -13.82000000000000200 ) ) ;
#2741 = CARTESIAN_POINT ( 'NONE',  ( -11.17999999999999800, 0.2000000000000000900, -14.12000000000000300 ) ) ;
#2742 = ORIENTED_EDGE ( 'NONE', *, *, #6796, .T. ) ;
#2743 = ORIENTED_EDGE ( 'NONE', *, *, #7813, .F. ) ;
#2744 = DIRECTION ( 'NONE',  ( 0.0000000000000000000, 0.0000000000000000000, -1.000000000000000000 ) ) ;
#2745 = PLANE ( 'NONE',  #2760 ) ;
#2746 = DIRECTION ( 'NONE',  ( 0.0000000000000000000, 0.0000000000000000000, -1.000000000000000000 ) ) ;
#2747 = ADVANCED_FACE ( 'NONE', ( #5827 ), #3190, .T. ) ;
#2748 = ORIENTED_EDGE ( 'NONE', *, *, #2411, .F. ) ;
#2749 = CARTESIAN_POINT ( 'NONE',  ( 19.55000000000000400, 1.300000000000000000, -13.52000000000000300 ) ) ;
#2750 = VECTOR ( 'NONE', #9912, 1000.000000000000000 ) ;
#2751 = EDGE_CURVE ( 'NONE', #9317, #2672, #7552, .T. ) ;
#2752 = VERTEX_POINT ( 'NONE', #8588 ) ;
#2753 = DIRECTION ( 'NONE',  ( 1.800252673284357700E-016, -0.0000000000000000000, 1.000000000000000000 ) ) ;
#2754 = DIRECTION ( 'NONE',  ( -1.000000000000000000, 0.0000000000000000000, -0.0000000000000000000 ) ) ;
#2755 = CARTESIAN_POINT ( 'NONE',  ( -21.33999999999999600, 1.000000000000000000, 13.82000000000000200 ) ) ;
#2756 = VECTOR ( 'NONE', #6890, 1000.000000000000000 ) ;
#2757 = CARTESIAN_POINT ( 'NONE',  ( -21.08999999999999600, 0.2000000000000000900, 13.82000000000000200 ) ) ;
#2758 = ORIENTED_EDGE ( 'NONE', *, *, #8246, .T. ) ;
#2759 = EDGE_CURVE ( 'NONE', #5599, #1928, #6092, .T. ) ;
#2760 = AXIS2_PLACEMENT_3D ( 'NONE', #6654, #7515, #9128 ) ;
#2761 = DIRECTION ( 'NONE',  ( -1.000000000000000000, -0.0000000000000000000, -0.0000000000000000000 ) ) ;
#2762 = DIRECTION ( 'NONE',  ( -0.0000000000000000000, 1.000000000000000000, 0.0000000000000000000 ) ) ;
#2763 = DIRECTION ( 'NONE',  ( 0.0000000000000000000, -0.0000000000000000000, -1.000000000000000000 ) ) ;
#2764 = FACE_OUTER_BOUND ( 'NONE', #1915, .T. ) ;
#2765 = ORIENTED_EDGE ( 'NONE', *, *, #1557, .T. ) ;
#2766 = DIRECTION ( 'NONE',  ( 0.0000000000000000000, 0.0000000000000000000, 1.000000000000000000 ) ) ;
#2767 = FILL_AREA_STYLE_COLOUR ( '', #6551 ) ;
#2768 = DIRECTION ( 'NONE',  ( 0.0000000000000000000, 0.0000000000000000000, -1.000000000000000000 ) ) ;
#2769 = CARTESIAN_POINT ( 'NONE',  ( -14.21999999999999900, -8.000000000000000000, -14.12000000000000300 ) ) ;
#2770 = EDGE_CURVE ( 'NONE', #6412, #5676, #2154, .T. ) ;
#2771 = ADVANCED_FACE ( 'NONE', ( #6215 ), #728, .F. ) ;
#2772 = LINE ( 'NONE', #2885, #6916 ) ;
#2773 = CARTESIAN_POINT ( 'NONE',  ( 17.01000000000000500, 1.000000000000000000, -13.82000000000000200 ) ) ;
#2774 = VECTOR ( 'NONE', #1418, 1000.000000000000000 ) ;
#2775 = CARTESIAN_POINT ( 'NONE',  ( 1.520000000000004000, -8.000000000000000000, -13.82000000000000200 ) ) ;
#2776 =( NAMED_UNIT ( * ) PLANE_ANGLE_UNIT ( ) SI_UNIT ( $, .RADIAN. ) );
#2777 = DIRECTION ( 'NONE',  ( -1.000000000000000000, 0.0000000000000000000, 1.261617073437678000E-016 ) ) ;
#2778 = VECTOR ( 'NONE', #247, 1000.000000000000000 ) ;
#2779 = VECTOR ( 'NONE', #6278, 1000.000000000000000 ) ;
#2780 = VERTEX_POINT ( 'NONE', #2338 ) ;
#2781 = EDGE_CURVE ( 'NONE', #6393, #3151, #8437, .T. ) ;
#2782 = VECTOR ( 'NONE', #3938, 1000.000000000000000 ) ;
#2783 = LINE ( 'NONE', #4336, #9420 ) ;
#2784 = DIRECTION ( 'NONE',  ( 0.0000000000000000000, 0.0000000000000000000, -1.000000000000000000 ) ) ;
#2785 = VECTOR ( 'NONE', #4533, 1000.000000000000000 ) ;
#2786 = EDGE_CURVE ( 'NONE', #5564, #1597, #8568, .T. ) ;
#2787 = LINE ( 'NONE', #9813, #5584 ) ;
#2788 = DIRECTION ( 'NONE',  ( -0.0000000000000000000, -0.0000000000000000000, -1.000000000000000000 ) ) ;
#2789 = FACE_OUTER_BOUND ( 'NONE', #3770, .T. ) ;
#2790 = VERTEX_POINT ( 'NONE', #7182 ) ;
#2791 = CARTESIAN_POINT ( 'NONE',  ( -5.849999999999997900, 1.000000000000000000, -13.52000000000000300 ) ) ;
#2792 = FACE_OUTER_BOUND ( 'NONE', #7799, .T. ) ;
#2793 = ADVANCED_FACE ( 'NONE', ( #5965 ), #7288, .F. ) ;
#2794 = LINE ( 'NONE', #9694, #6690 ) ;
#2795 =( GEOMETRIC_REPRESENTATION_CONTEXT ( 3 ) GLOBAL_UNCERTAINTY_ASSIGNED_CONTEXT ( ( #967 ) ) GLOBAL_UNIT_ASSIGNED_CONTEXT ( ( #5695, #7926, #2553 ) ) REPRESENTATION_CONTEXT ( 'NONE', 'WORKASPACE' ) );
#2796 = CARTESIAN_POINT ( 'NONE',  ( -6.849999999999998800, 0.2000000000000000100, -13.81999999999999900 ) ) ;
#2797 = SURFACE_STYLE_FILL_AREA ( #6298 ) ;
#2798 = CARTESIAN_POINT ( 'NONE',  ( -8.389999999999998800, 0.2000000000000000100, -13.81999999999999900 ) ) ;
#2799 = ORIENTED_EDGE ( 'NONE', *, *, #9814, .T. ) ;
#2800 = FACE_OUTER_BOUND ( 'NONE', #6953, .T. ) ;
#2801 = LINE ( 'NONE', #1241, #2538 ) ;
#2802 = CARTESIAN_POINT ( 'NONE',  ( -19.54999999999999700, 0.2000000000000000100, -13.81999999999999900 ) ) ;
#2803 = CARTESIAN_POINT ( 'NONE',  ( 9.140000000000002300, 0.2000000000000000900, -14.12000000000000300 ) ) ;
#2804 = DIRECTION ( 'NONE',  ( 6.195440985631461200E-016, 0.0000000000000000000, -1.000000000000000000 ) ) ;
#2805 = ORIENTED_EDGE ( 'NONE', *, *, #6525, .T. ) ;
#2806 = ORIENTED_EDGE ( 'NONE', *, *, #5275, .T. ) ;
#2807 = EDGE_CURVE ( 'NONE', #2389, #8109, #4119, .T. ) ;
#2808 = AXIS2_PLACEMENT_3D ( 'NONE', #4332, #2753, #1898 ) ;
#2809 = VERTEX_POINT ( 'NONE', #5652 ) ;
#2810 = ORIENTED_EDGE ( 'NONE', *, *, #2881, .F. ) ;
#2811 = ORIENTED_EDGE ( 'NONE', *, *, #5681, .T. ) ;
#2812 = DIRECTION ( 'NONE',  ( -1.000000000000000000, -0.0000000000000000000, -0.0000000000000000000 ) ) ;
#2813 = LINE ( 'NONE', #4012, #3529 ) ;
#2814 = FACE_OUTER_BOUND ( 'NONE', #6067, .T. ) ;
#2815 = ORIENTED_EDGE ( 'NONE', *, *, #9422, .T. ) ;
#2816 = APPLICATION_PROTOCOL_DEFINITION ( 'draft international standard', 'automotive_design', 1998, #3654 ) ;
#2817 = COLOUR_RGB ( '',0.6666666666666666300, 0.6666666666666666300, 0.6666666666666666300 ) ;
#2818 = VECTOR ( 'NONE', #6725, 1000.000000000000000 ) ;
#2819 = EDGE_LOOP ( 'NONE', ( #3975, #1857, #6277, #1086 ) ) ;
#2820 = EDGE_LOOP ( 'NONE', ( #8073, #8017, #3089, #5344, #5755, #433, #4807, #3314 ) ) ;
#2821 = EDGE_CURVE ( 'NONE', #2298, #9118, #1301, .T. ) ;
#2822 = VERTEX_POINT ( 'NONE', #7323 ) ;
#2823 = LINE ( 'NONE', #4090, #4523 ) ;
#2824 = PLANE ( 'NONE',  #9200 ) ;
#2825 = DIRECTION ( 'NONE',  ( 0.0000000000000000000, 1.000000000000000000, 0.0000000000000000000 ) ) ;
#2826 = AXIS2_PLACEMENT_3D ( 'NONE', #5239, #5174, #2886 ) ;
#2827 = ADVANCED_FACE ( 'NONE', ( #7309 ), #7982, .F. ) ;
#2828 = UNCERTAINTY_MEASURE_WITH_UNIT (LENGTH_MEASURE( 1.000000000000000100E-005 ), #6791, 'distance_accuracy_value', 'NONE');
#2829 = PLANE ( 'NONE',  #2490 ) ;
#2830 = VECTOR ( 'NONE', #6407, 1000.000000000000000 ) ;
#2831 = DIRECTION ( 'NONE',  ( 0.0000000000000000000, -0.0000000000000000000, 1.000000000000000000 ) ) ;
#2832 = ORIENTED_EDGE ( 'NONE', *, *, #6134, .F. ) ;
#2833 = VECTOR ( 'NONE', #8160, 1000.000000000000000 ) ;
#2834 = DIRECTION ( 'NONE',  ( -1.000000000000000000, -0.0000000000000000000, -0.0000000000000000000 ) ) ;
#2835 = DIRECTION ( 'NONE',  ( -0.0000000000000000000, 1.000000000000000000, -0.0000000000000000000 ) ) ;
#2836 = FACE_OUTER_BOUND ( 'NONE', #8480, .T. ) ;
#2837 = ORIENTED_EDGE ( 'NONE', *, *, #8095, .F. ) ;
#2838 = DIRECTION ( 'NONE',  ( 0.0000000000000000000, -0.0000000000000000000, 1.000000000000000000 ) ) ;
#2839 = DIRECTION ( 'NONE',  ( 0.0000000000000000000, 0.0000000000000000000, -1.000000000000000000 ) ) ;
#2840 = ORIENTED_EDGE ( 'NONE', *, *, #1717, .F. ) ;
#2841 = VERTEX_POINT ( 'NONE', #5708 ) ;
#2842 = ORIENTED_EDGE ( 'NONE', *, *, #9104, .F. ) ;
#2843 = PLANE ( 'NONE',  #1125 ) ;
#2844 = ORIENTED_EDGE ( 'NONE', *, *, #5681, .F. ) ;
#2845 = VECTOR ( 'NONE', #255, 1000.000000000000000 ) ;
#2846 = CARTESIAN_POINT ( 'NONE',  ( -24.62999999999999900, 1.300000000000000000, 14.12000000000000300 ) ) ;
#2847 = DIRECTION ( 'NONE',  ( -0.0000000000000000000, -1.000000000000000000, -0.0000000000000000000 ) ) ;
#2848 = VERTEX_POINT ( 'NONE', #2603 ) ;
#2849 = ADVANCED_FACE ( 'NONE', ( #279 ), #7944, .F. ) ;
#2850 = ORIENTED_EDGE ( 'NONE', *, *, #8122, .F. ) ;
#2851 = EDGE_CURVE ( 'NONE', #9264, #3597, #1907, .T. ) ;
#2852 = EDGE_LOOP ( 'NONE', ( #4492, #2810, #3164, #7740, #6027, #1998 ) ) ;
#2853 = LINE ( 'NONE', #7041, #4305 ) ;
#2854 = EDGE_CURVE ( 'NONE', #7585, #9264, #1040, .T. ) ;
#2855 = DIRECTION ( 'NONE',  ( -1.000000000000000000, -0.0000000000000000000, -0.0000000000000000000 ) ) ;
#2856 = ORIENTED_EDGE ( 'NONE', *, *, #2326, .T. ) ;
#2857 = AXIS2_PLACEMENT_3D ( 'NONE', #5292, #1432, #6887 ) ;
#2858 = DIRECTION ( 'NONE',  ( -0.0000000000000000000, -0.0000000000000000000, -1.000000000000000000 ) ) ;
#2859 = DIRECTION ( 'NONE',  ( 1.000000000000000000, 0.0000000000000000000, 0.0000000000000000000 ) ) ;
#2860 = CLOSED_SHELL ( 'NONE', ( #644, #1372, #9379, #8766, #1980, #5576, #2358, #4440, #8132, #2082, #734, #7354 ) ) ;
#2861 = EDGE_CURVE ( 'NONE', #3889, #505, #9950, .T. ) ;
#2862 = DIRECTION ( 'NONE',  ( -1.000000000000000000, -0.0000000000000000000, -0.0000000000000000000 ) ) ;
#2863 = CARTESIAN_POINT ( 'NONE',  ( -24.62999999999999900, 1.000000000000000000, 13.82000000000000200 ) ) ;
#2864 = ORIENTED_EDGE ( 'NONE', *, *, #8937, .T. ) ;
#2865 = CARTESIAN_POINT ( 'NONE',  ( -14.46999999999999900, 1.300000000000000000, -14.12000000000000300 ) ) ;
#2866 = SURFACE_SIDE_STYLE ('',( #2707 ) ) ;
#2867 = CARTESIAN_POINT ( 'NONE',  ( 11.18000000000000300, -8.000000000000000000, -14.12000000000000300 ) ) ;
#2868 = VERTEX_POINT ( 'NONE', #8045 ) ;
#2869 = VERTEX_POINT ( 'NONE', #3247 ) ;
#2870 = CARTESIAN_POINT ( 'NONE',  ( 1.770000000000004200, 0.2000000000000000100, -14.12000000000000100 ) ) ;
#2871 = DIRECTION ( 'NONE',  ( 0.0000000000000000000, 0.0000000000000000000, -1.000000000000000000 ) ) ;
#2872 = DIRECTION ( 'NONE',  ( 0.0000000000000000000, -1.000000000000000000, 4.336808689942017700E-015 ) ) ;
#2874 = ADVANCED_FACE ( 'NONE', ( #7809 ), #931, .T. ) ;
#2873 = ORIENTED_EDGE ( 'NONE', *, *, #4191, .T. ) ;
#2875 = COLOUR_RGB ( '',0.7921568627450980000, 0.8196078431372548800, 0.9333333333333333500 ) ;
#2876 = CARTESIAN_POINT ( 'NONE',  ( -3.559999999999997400, 1.300000000000000000, -14.12000000000000300 ) ) ;
#2877 = ORIENTED_EDGE ( 'NONE', *, *, #8138, .T. ) ;
#2878 = PLANE ( 'NONE',  #9817 ) ;
#2879 = CARTESIAN_POINT ( 'NONE',  ( 8.390000000000002300, 1.300000000000000000, -13.52000000000000300 ) ) ;
#2880 = PLANE ( 'NONE',  #6338 ) ;
#2881 = EDGE_CURVE ( 'NONE', #9593, #6830, #4613, .T. ) ;
#2882 = EDGE_CURVE ( 'NONE', #3373, #3935, #1540, .T. ) ;
#2883 = VECTOR ( 'NONE', #9042, 1000.000000000000000 ) ;
#2884 = ORIENTED_EDGE ( 'NONE', *, *, #4410, .T. ) ;
#2885 = CARTESIAN_POINT ( 'NONE',  ( 24.08999999999999300, 1.800000000000000000, 7.934999999999997800 ) ) ;
#2886 = DIRECTION ( 'NONE',  ( 0.0000000000000000000, -0.0000000000000000000, 1.000000000000000000 ) ) ;
#2887 = DIRECTION ( 'NONE',  ( -1.000000000000000000, -0.0000000000000000000, -0.0000000000000000000 ) ) ;
#2888 = DIRECTION ( 'NONE',  ( 1.000000000000000000, 0.0000000000000000000, 0.0000000000000000000 ) ) ;
#2889 = FACE_OUTER_BOUND ( 'NONE', #9064, .T. ) ;
#2890 = PLANE ( 'NONE',  #9689 ) ;
#2891 = EDGE_CURVE ( 'NONE', #2684, #8218, #3149, .T. ) ;
#2892 = FACE_OUTER_BOUND ( 'NONE', #7223, .T. ) ;
#2893 = ORIENTED_EDGE ( 'NONE', *, *, #7785, .F. ) ;
#2894 = ORIENTED_EDGE ( 'NONE', *, *, #3607, .F. ) ;
#2895 = ADVANCED_FACE ( 'NONE', ( #1790 ), #6420, .T. ) ;
#2896 = LINE ( 'NONE', #6353, #7397 ) ;
#2897 = DIRECTION ( 'NONE',  ( -1.000000000000000000, -0.0000000000000000000, -0.0000000000000000000 ) ) ;
#2898 = VERTEX_POINT ( 'NONE', #9703 ) ;
#2899 = VECTOR ( 'NONE', #9102, 1000.000000000000000 ) ;
#2900 = CARTESIAN_POINT ( 'NONE',  ( -1.019999999999996700, 1.300000000000000000, -13.52000000000000300 ) ) ;
#2901 = CARTESIAN_POINT ( 'NONE',  ( -27.00000000000000400, 0.0000000000000000000, 11.18000000000000300 ) ) ;
#2902 = SURFACE_STYLE_FILL_AREA ( #8930 ) ;
#2903 = DIRECTION ( 'NONE',  ( -0.0000000000000000000, -1.000000000000000000, -0.0000000000000000000 ) ) ;
#2904 = DIRECTION ( 'NONE',  ( 0.0000000000000000000, 0.0000000000000000000, -1.000000000000000000 ) ) ;
#2905 = EDGE_CURVE ( 'NONE', #1548, #5594, #5233, .T. ) ;
#2906 = LINE ( 'NONE', #6676, #529 ) ;
#2907 = EDGE_CURVE ( 'NONE', #1741, #4788, #1783, .T. ) ;
#2908 = FACE_OUTER_BOUND ( 'NONE', #8984, .T. ) ;
#2909 = CARTESIAN_POINT ( 'NONE',  ( 28.30000000000000800, 0.2500000000000003300, 3.429999999999999300 ) ) ;
#2910 = SURFACE_SIDE_STYLE ('',( #6119 ) ) ;
#2911 = CARTESIAN_POINT ( 'NONE',  ( -23.62999999999999900, 1.000000000000000000, 13.52000000000000300 ) ) ;
#2912 = EDGE_CURVE ( 'NONE', #93, #7846, #772, .T. ) ;
#2913 = COLOUR_RGB ( '',0.7529411764705882200, 0.7529411764705882200, 0.7529411764705882200 ) ;
#2914 = LINE ( 'NONE', #9432, #5824 ) ;
#2915 = VECTOR ( 'NONE', #4902, 1000.000000000000000 ) ;
#2916 = EDGE_CURVE ( 'NONE', #10112, #3683, #9678, .T. ) ;
#2917 = VECTOR ( 'NONE', #8523, 1000.000000000000000 ) ;
#2918 = VECTOR ( 'NONE', #3226, 1000.000000000000000 ) ;
#2919 = VERTEX_POINT ( 'NONE', #4228 ) ;
#2920 = DIRECTION ( 'NONE',  ( -1.000000000000000000, -0.0000000000000000000, -0.0000000000000000000 ) ) ;
#2921 = EDGE_CURVE ( 'NONE', #2586, #7343, #5461, .T. ) ;
#2922 = VECTOR ( 'NONE', #1702, 1000.000000000000000 ) ;
#2923 = PLANE ( 'NONE',  #2282 ) ;
#2924 = CARTESIAN_POINT ( 'NONE',  ( -18.54999999999999700, 1.000000000000000000, -13.52000000000000300 ) ) ;
#2925 = ADVANCED_FACE ( 'NONE', ( #1165 ), #9849, .T. ) ;
#2926 = ORIENTED_EDGE ( 'NONE', *, *, #5252, .F. ) ;
#2927 = ORIENTED_EDGE ( 'NONE', *, *, #8893, .F. ) ;
#2928 =( NAMED_UNIT ( * ) SI_UNIT ( $, .STERADIAN. ) SOLID_ANGLE_UNIT ( ) );
#2929 = EDGE_LOOP ( 'NONE', ( #4709, #4083, #9865, #2811, #8765, #577, #1693, #2410 ) ) ;
#2930 = ORIENTED_EDGE ( 'NONE', *, *, #3319, .T. ) ;
#2931 = VECTOR ( 'NONE', #9177, 1000.000000000000000 ) ;
#2932 = AXIS2_PLACEMENT_3D ( 'NONE', #1436, #6178, #2206 ) ;
#2933 = FACE_OUTER_BOUND ( 'NONE', #7426, .T. ) ;
#2934 = ORIENTED_EDGE ( 'NONE', *, *, #2280, .F. ) ;
#2935 = AXIS2_PLACEMENT_3D ( 'NONE', #5870, #1886, #2655 ) ;
#2936 = LINE ( 'NONE', #7464, #4999 ) ;
#2937 = DIRECTION ( 'NONE',  ( 0.0000000000000000000, 0.0000000000000000000, -1.000000000000000000 ) ) ;
#2938 = ORIENTED_EDGE ( 'NONE', *, *, #4548, .T. ) ;
#2939 = EDGE_LOOP ( 'NONE', ( #827, #3646, #7142, #541 ) ) ;
#2940 = CARTESIAN_POINT ( 'NONE',  ( -11.17999999999999800, 1.000000000000000000, -13.82000000000000200 ) ) ;
#2941 = ORIENTED_EDGE ( 'NONE', *, *, #6301, .F. ) ;
#2942 = ORIENTED_EDGE ( 'NONE', *, *, #8971, .T. ) ;
#2943 = CARTESIAN_POINT ( 'NONE',  ( -8.389999999999998800, 0.2000000000000000100, -14.12000000000000100 ) ) ;
#2944 = PLANE ( 'NONE',  #2932 ) ;
#2945 = DIRECTION ( 'NONE',  ( -1.000000000000000000, 0.0000000000000000000, -0.0000000000000000000 ) ) ;
#2946 = VECTOR ( 'NONE', #9230, 1000.000000000000000 ) ;
#2947 = CARTESIAN_POINT ( 'NONE',  ( -4.309999999999997800, 0.2000000000000000100, -13.81999999999999900 ) ) ;
#2948 = DIRECTION ( 'NONE',  ( -1.000000000000000000, -0.0000000000000000000, -0.0000000000000000000 ) ) ;
#2949 = VECTOR ( 'NONE', #2340, 1000.000000000000000 ) ;
#2950 = EDGE_CURVE ( 'NONE', #3884, #3677, #4971, .T. ) ;
#2951 = FACE_OUTER_BOUND ( 'NONE', #3760, .T. ) ;
#2952 = VERTEX_POINT ( 'NONE', #8998 ) ;
#2953 = VERTEX_POINT ( 'NONE', #5805 ) ;
#2954 = ADVANCED_FACE ( 'NONE', ( #3626 ), #8155, .F. ) ;
#2955 = LINE ( 'NONE', #6769, #9474 ) ;
#2956 =( NAMED_UNIT ( * ) PLANE_ANGLE_UNIT ( ) SI_UNIT ( $, .RADIAN. ) );
#2957 = FACE_OUTER_BOUND ( 'NONE', #8144, .T. ) ;
#2958 = ORIENTED_EDGE ( 'NONE', *, *, #9241, .T. ) ;
#2959 = EDGE_CURVE ( 'NONE', #1222, #4439, #9427, .T. ) ;
#2960 = ORIENTED_EDGE ( 'NONE', *, *, #9781, .F. ) ;
#2961 = AXIS2_PLACEMENT_3D ( 'NONE', #7804, #3114, #8615 ) ;
#2962 = FACE_OUTER_BOUND ( 'NONE', #7887, .T. ) ;
#2963 = CARTESIAN_POINT ( 'NONE',  ( 8.390000000000002300, 1.000000000000000000, -13.82000000000000200 ) ) ;
#2964 = DIRECTION ( 'NONE',  ( 0.0000000000000000000, 0.0000000000000000000, -1.000000000000000000 ) ) ;
#2965 = COLOUR_RGB ( '',0.7921568627450980000, 0.8196078431372548800, 0.9333333333333333500 ) ;
#2966 = ORIENTED_EDGE ( 'NONE', *, *, #1809, .T. ) ;
#2967 = ORIENTED_EDGE ( 'NONE', *, *, #6426, .T. ) ;
#2968 = DIRECTION ( 'NONE',  ( -0.0000000000000000000, 1.000000000000000000, 0.0000000000000000000 ) ) ;
#2969 = ORIENTED_EDGE ( 'NONE', *, *, #8192, .F. ) ;
#2970 = ORIENTED_EDGE ( 'NONE', *, *, #2500, .T. ) ;
#2971 = EDGE_CURVE ( 'NONE', #2993, #9589, #6436, .T. ) ;
#2972 = PLANE ( 'NONE',  #9840 ) ;
#2973 = FACE_OUTER_BOUND ( 'NONE', #3188, .T. ) ;
#2974 = DIRECTION ( 'NONE',  ( 0.0000000000000000000, -0.0000000000000000000, 1.000000000000000000 ) ) ;
#2975 = CARTESIAN_POINT ( 'NONE',  ( -11.67999999999999800, -8.000000000000000000, -13.82000000000000200 ) ) ;
#2976 = CARTESIAN_POINT ( 'NONE',  ( 25.49999999999998900, 1.800000000000000000, 9.180000000000003300 ) ) ;
#2977 = ORIENTED_EDGE ( 'NONE', *, *, #1712, .T. ) ;
#2978 = ORIENTED_EDGE ( 'NONE', *, *, #9509, .F. ) ;
#2979 = CARTESIAN_POINT ( 'NONE',  ( -22.09000000000000000, 1.000000000000000000, 13.82000000000000200 ) ) ;
#2980 = ORIENTED_EDGE ( 'NONE', *, *, #8741, .T. ) ;
#2981 = DIRECTION ( 'NONE',  ( 0.0000000000000000000, -1.000000000000000000, 4.336808689942017700E-015 ) ) ;
#2982 = VECTOR ( 'NONE', #3183, 1000.000000000000000 ) ;
#2983 = CARTESIAN_POINT ( 'NONE',  ( -23.62999999999999900, 0.2000000000000000100, -13.81999999999999900 ) ) ;
#2984 = EDGE_CURVE ( 'NONE', #9143, #9504, #7796, .T. ) ;
#2985 = PLANE ( 'NONE',  #6442 ) ;
#2986 = ORIENTED_EDGE ( 'NONE', *, *, #297, .T. ) ;
#2987 = VERTEX_POINT ( 'NONE', #7382 ) ;
#2988 = EDGE_CURVE ( 'NONE', #8943, #2586, #3505, .T. ) ;
#2989 = MECHANICAL_DESIGN_GEOMETRIC_PRESENTATION_REPRESENTATION (  '', ( #5406 ), #3821 ) ;
#2990 = DIRECTION ( 'NONE',  ( 0.0000000000000000000, 0.0000000000000000000, -1.000000000000000000 ) ) ;
#2991 = CARTESIAN_POINT ( 'NONE',  ( -3.309999999999996900, 0.2000000000000000100, -13.81999999999999900 ) ) ;
#2992 = CARTESIAN_POINT ( 'NONE',  ( 9.140000000000002300, 1.300000000000000000, -13.52000000000000300 ) ) ;
#2993 = VERTEX_POINT ( 'NONE', #1179 ) ;
#2994 = CARTESIAN_POINT ( 'NONE',  ( 11.18000000000000300, 0.2000000000000000100, -13.81999999999999900 ) ) ;
#2995 = CARTESIAN_POINT ( 'NONE',  ( -24.09000000000000700, 2.000000000000000000, 7.935000000000006700 ) ) ;
#2996 = LINE ( 'NONE', #3456, #113 ) ;
#2997 = ORIENTED_EDGE ( 'NONE', *, *, #8753, .F. ) ;
#2998 = VERTEX_POINT ( 'NONE', #8280 ) ;
#2999 = ADVANCED_FACE ( 'NONE', ( #2908 ), #7412, .F. ) ;
#3000 = CARTESIAN_POINT ( 'NONE',  ( -16.00999999999999800, 1.000000000000000000, -13.52000000000000300 ) ) ;
#3001 = DIRECTION ( 'NONE',  ( 0.0000000000000000000, 1.000000000000000000, 0.0000000000000000000 ) ) ;
#3002 = VECTOR ( 'NONE', #4085, 1000.000000000000000 ) ;
#3003 = SURFACE_STYLE_USAGE ( .BOTH. , #8529 ) ;
#3004 = ORIENTED_EDGE ( 'NONE', *, *, #9798, .F. ) ;
#3005 =( NAMED_UNIT ( * ) PLANE_ANGLE_UNIT ( ) SI_UNIT ( $, .RADIAN. ) );
#3006 = CARTESIAN_POINT ( 'NONE',  ( 18.55000000000000400, 0.2000000000000000100, -13.81999999999999900 ) ) ;
#3007 = MANIFOLD_SOLID_BREP ( 'LPattern1[20]', #6628 ) ;
#3008 = CARTESIAN_POINT ( 'NONE',  ( 27.49999999999999600, 1.800000000000000000, 10.68000000000000000 ) ) ;
#3009 = VECTOR ( 'NONE', #4846, 1000.000000000000000 ) ;
#3010 = VECTOR ( 'NONE', #3746, 1000.000000000000000 ) ;
#3011 = CARTESIAN_POINT ( 'NONE',  ( -21.08999999999999600, 0.2000000000000000900, 14.12000000000000100 ) ) ;
#3012 = VERTEX_POINT ( 'NONE', #7729 ) ;
#3013 = EDGE_CURVE ( 'NONE', #3012, #9111, #9173, .T. ) ;
#3014 =( GEOMETRIC_REPRESENTATION_CONTEXT ( 3 ) GLOBAL_UNCERTAINTY_ASSIGNED_CONTEXT ( ( #1153 ) ) GLOBAL_UNIT_ASSIGNED_CONTEXT ( ( #195, #1834, #5701 ) ) REPRESENTATION_CONTEXT ( 'NONE', 'WORKASPACE' ) );
#3015 = LINE ( 'NONE', #1872, #3245 ) ;
#3016 = VECTOR ( 'NONE', #7254, 1000.000000000000000 ) ;
#3017 = CARTESIAN_POINT ( 'NONE',  ( -14.46999999999999900, 1.300000000000000000, -13.52000000000000300 ) ) ;
#3018 = CARTESIAN_POINT ( 'NONE',  ( -3.309999999999996900, 0.0000000000000000000, 0.0000000000000000000 ) ) ;
#3019 = FACE_OUTER_BOUND ( 'NONE', #2111, .T. ) ;
#3020 = DIRECTION ( 'NONE',  ( 0.0000000000000000000, -1.000000000000000000, 0.0000000000000000000 ) ) ;
#3021 = VECTOR ( 'NONE', #7647, 1000.000000000000000 ) ;
#3022 = VERTEX_POINT ( 'NONE', #2130 ) ;
#3023 = AXIS2_PLACEMENT_3D ( 'NONE', #8899, #241, #4931 ) ;
#3024 = LINE ( 'NONE', #10035, #1651 ) ;
#3025 = DIRECTION ( 'NONE',  ( 0.0000000000000000000, 0.0000000000000000000, -1.000000000000000000 ) ) ;
#3026 = ORIENTED_EDGE ( 'NONE', *, *, #336, .T. ) ;
#3027 = LINE ( 'NONE', #9897, #3994 ) ;
#3028 = CARTESIAN_POINT ( 'NONE',  ( 24.63000000000000600, 0.2000000000000000900, 13.82000000000000200 ) ) ;
#3029 = LINE ( 'NONE', #3008, #7054 ) ;
#3030 = VECTOR ( 'NONE', #5619, 1000.000000000000000 ) ;
#3031 = CARTESIAN_POINT ( 'NONE',  ( -27.49999999999999600, 1.000000000000000000, 10.68000000000000700 ) ) ;
#3032 = CARTESIAN_POINT ( 'NONE',  ( 19.55000000000000400, 0.2000000000000000100, -13.81999999999999900 ) ) ;
#3033 = VECTOR ( 'NONE', #1989, 1000.000000000000000 ) ;
#3034 = VECTOR ( 'NONE', #4949, 1000.000000000000000 ) ;
#3035 = VECTOR ( 'NONE', #912, 1000.000000000000000 ) ;
#3036 = CARTESIAN_POINT ( 'NONE',  ( -21.08999999999999600, 1.000000000000000000, 13.82000000000000200 ) ) ;
#3037 = VECTOR ( 'NONE', #4105, 1000.000000000000000 ) ;
#3038 = ORIENTED_EDGE ( 'NONE', *, *, #4101, .T. ) ;
#3039 = DIRECTION ( 'NONE',  ( 0.0000000000000000000, 0.0000000000000000000, -1.000000000000000000 ) ) ;
#3040 = LINE ( 'NONE', #3062, #9311 ) ;
#3041 = VECTOR ( 'NONE', #8691, 1000.000000000000000 ) ;
#3042 = VERTEX_POINT ( 'NONE', #1480 ) ;
#3043 = EDGE_CURVE ( 'NONE', #10101, #1548, #3029, .T. ) ;
#3044 = LINE ( 'NONE', #3798, #3878 ) ;
#3045 = AXIS2_PLACEMENT_3D ( 'NONE', #1983, #8250, #6664 ) ;
#3046 = DIRECTION ( 'NONE',  ( 1.000000000000000000, 0.0000000000000000000, 0.0000000000000000000 ) ) ;
#3047 = ORIENTED_EDGE ( 'NONE', *, *, #6431, .T. ) ;
#3048 = VERTEX_POINT ( 'NONE', #5323 ) ;
#3049 = EDGE_CURVE ( 'NONE', #4777, #4044, #8318, .T. ) ;
#3050 = ORIENTED_EDGE ( 'NONE', *, *, #4865, .T. ) ;
#3051 = EDGE_LOOP ( 'NONE', ( #7477, #5607, #5546, #5308 ) ) ;
#3052 = LINE ( 'NONE', #8843, #3887 ) ;
#3053 = DIRECTION ( 'NONE',  ( -1.000000000000000000, -0.0000000000000000000, -0.0000000000000000000 ) ) ;
#3054 = ORIENTED_EDGE ( 'NONE', *, *, #4276, .F. ) ;
#3055 = CARTESIAN_POINT ( 'NONE',  ( -6.099999999999997900, 1.300000000000000000, -14.12000000000000300 ) ) ;
#3056 = CARTESIAN_POINT ( 'NONE',  ( -27.49999999999999600, 1.000000000000000000, -13.81999999999999900 ) ) ;
#3057 = LINE ( 'NONE', #8032, #9330 ) ;
#3058 = ORIENTED_EDGE ( 'NONE', *, *, #9261, .F. ) ;
#3059 = ORIENTED_EDGE ( 'NONE', *, *, #4824, .T. ) ;
#3060 = ORIENTED_EDGE ( 'NONE', *, *, #1305, .F. ) ;
#3061 = AXIS2_PLACEMENT_3D ( 'NONE', #1972, #9797, #1106 ) ;
#3062 = CARTESIAN_POINT ( 'NONE',  ( -24.09000000000000700, 1.700000000000000000, 7.935000000000006700 ) ) ;
#3063 = VECTOR ( 'NONE', #5700, 1000.000000000000000 ) ;
#3064 = CARTESIAN_POINT ( 'NONE',  ( -16.25999999999999800, -8.000000000000000000, -14.12000000000000300 ) ) ;
#3065 = CARTESIAN_POINT ( 'NONE',  ( -19.54999999999999700, 1.300000000000000000, -14.12000000000000300 ) ) ;
#3066 = VERTEX_POINT ( 'NONE', #3036 ) ;
#3067 = DIRECTION ( 'NONE',  ( 0.0000000000000000000, -0.0000000000000000000, 1.000000000000000000 ) ) ;
#3068 = VERTEX_POINT ( 'NONE', #1442 ) ;
#3069 = VECTOR ( 'NONE', #4682, 1000.000000000000000 ) ;
#3070 = DIRECTION ( 'NONE',  ( -1.000000000000000000, -0.0000000000000000000, -0.0000000000000000000 ) ) ;
#3071 = EDGE_CURVE ( 'NONE', #2539, #521, #7676, .T. ) ;
#3072 = VECTOR ( 'NONE', #4428, 1000.000000000000000 ) ;
#3073 = DIRECTION ( 'NONE',  ( -1.000000000000000000, -0.0000000000000000000, -0.0000000000000000000 ) ) ;
#3074 = CARTESIAN_POINT ( 'NONE',  ( 25.49999999999998900, 1.700000000000000000, -5.319999999999996700 ) ) ;
#3075 = ORIENTED_EDGE ( 'NONE', *, *, #625, .F. ) ;
#3076 = ORIENTED_EDGE ( 'NONE', *, *, #1837, .T. ) ;
#3077 = VERTEX_POINT ( 'NONE', #9260 ) ;
#3078 = EDGE_LOOP ( 'NONE', ( #8692, #4346, #5854, #6383 ) ) ;
#3079 = CARTESIAN_POINT ( 'NONE',  ( -16.75999999999999800, 0.2000000000000000100, 0.0000000000000000000 ) ) ;
#3080 = VECTOR ( 'NONE', #5165, 1000.000000000000000 ) ;
#3081 = ADVANCED_FACE ( 'NONE', ( #5347 ), #9365, .F. ) ;
#3082 = EDGE_CURVE ( 'NONE', #8283, #8888, #8668, .T. ) ;
#3083 = ORIENTED_EDGE ( 'NONE', *, *, #421, .T. ) ;
#3084 = CARTESIAN_POINT ( 'NONE',  ( -23.87999999999999900, 0.0000000000000000000, 0.0000000000000000000 ) ) ;
#3085 = VERTEX_POINT ( 'NONE', #572 ) ;
#3086 = SURFACE_SIDE_STYLE ('',( #2331 ) ) ;
#3087 = EDGE_LOOP ( 'NONE', ( #8456, #6102, #8381, #3334 ) ) ;
#3088 = PLANE ( 'NONE',  #635 ) ;
#3089 = ORIENTED_EDGE ( 'NONE', *, *, #10013, .F. ) ;
#3090 = LINE ( 'NONE', #9307, #220 ) ;
#3091 = ADVANCED_FACE ( 'NONE', ( #2027 ), #4634, .F. ) ;
#3092 = DIRECTION ( 'NONE',  ( -0.0000000000000000000, 1.000000000000000000, -0.0000000000000000000 ) ) ;
#3093 = EDGE_LOOP ( 'NONE', ( #2101, #3306, #8444, #4198 ) ) ;
#3094 = EDGE_CURVE ( 'NONE', #9036, #1478, #1029, .T. ) ;
#3095 = CARTESIAN_POINT ( 'NONE',  ( 14.22000000000000400, 1.000000000000000000, -13.52000000000000300 ) ) ;
#3096 = ORIENTED_EDGE ( 'NONE', *, *, #2770, .T. ) ;
#3097 = DIRECTION ( 'NONE',  ( -1.000000000000000000, 0.0000000000000000000, 0.0000000000000000000 ) ) ;
#3098 = CARTESIAN_POINT ( 'NONE',  ( -5.849999999999997900, 0.2000000000000000100, -14.12000000000000100 ) ) ;
#3099 = DIRECTION ( 'NONE',  ( -0.0000000000000000000, -0.0000000000000000000, -1.000000000000000000 ) ) ;
#3100 = PLANE ( 'NONE',  #351 ) ;
#3101 = VERTEX_POINT ( 'NONE', #2163 ) ;
#3102 = CARTESIAN_POINT ( 'NONE',  ( 5.850000000000001400, 1.000000000000000000, -13.52000000000000300 ) ) ;
#3103 = EDGE_LOOP ( 'NONE', ( #9481, #2712, #6253, #3639 ) ) ;
#3104 = EDGE_CURVE ( 'NONE', #3101, #9337, #5097, .T. ) ;
#3105 = PLANE ( 'NONE',  #6940 ) ;
#3106 = CARTESIAN_POINT ( 'NONE',  ( -23.62999999999999900, 1.000000000000000000, 13.52000000000000300 ) ) ;
#3107 = EDGE_CURVE ( 'NONE', #9411, #6830, #9048, .T. ) ;
#3108 = VERTEX_POINT ( 'NONE', #5300 ) ;
#3109 = DIRECTION ( 'NONE',  ( -1.000000000000000000, -0.0000000000000000000, -0.0000000000000000000 ) ) ;
#3110 = LINE ( 'NONE', #4532, #629 ) ;
#3111 = ORIENTED_EDGE ( 'NONE', *, *, #3387, .T. ) ;
#3112 = DIRECTION ( 'NONE',  ( 1.000000000000000000, 0.0000000000000000000, -0.0000000000000000000 ) ) ;
#3113 = AXIS2_PLACEMENT_3D ( 'NONE', #327, #2711, #9765 ) ;
#3114 = DIRECTION ( 'NONE',  ( 0.0000000000000000000, 0.0000000000000000000, -1.000000000000000000 ) ) ;
#3115 = DIRECTION ( 'NONE',  ( 0.0000000000000000000, 0.0000000000000000000, -1.000000000000000000 ) ) ;
#3116 = DIRECTION ( 'NONE',  ( -1.000000000000000000, -0.0000000000000000000, -0.0000000000000000000 ) ) ;
#3117 = VECTOR ( 'NONE', #318, 1000.000000000000000 ) ;
#3118 = EDGE_LOOP ( 'NONE', ( #2535, #7628, #10210, #3313 ) ) ;
#3119 = DIRECTION ( 'NONE',  ( 0.0000000000000000000, 0.0000000000000000000, 1.000000000000000000 ) ) ;
#3120 = CARTESIAN_POINT ( 'NONE',  ( 9.390000000000002300, 0.2000000000000000100, -13.81999999999999900 ) ) ;
#3121 = MANIFOLD_SOLID_BREP ( 'LPattern1[22]', #4382 ) ;
#3122 = CARTESIAN_POINT ( 'NONE',  ( 11.68000000000000300, 1.300000000000000000, -14.12000000000000300 ) ) ;
#3123 = EDGE_CURVE ( 'NONE', #376, #474, #9667, .T. ) ;
#3124 = CARTESIAN_POINT ( 'NONE',  ( 14.47000000000000400, 1.000000000000000000, -13.82000000000000200 ) ) ;
#3125 = AXIS2_PLACEMENT_3D ( 'NONE', #5776, #1074, #3481 ) ;
#3126 = ADVANCED_FACE ( 'NONE', ( #9930 ), #6922, .F. ) ;
#3127 = FACE_OUTER_BOUND ( 'NONE', #4927, .T. ) ;
#3128 = CARTESIAN_POINT ( 'NONE',  ( -24.09000000000000700, 1.800000000000000000, -4.074999999999995700 ) ) ;
#3129 = EDGE_LOOP ( 'NONE', ( #5864, #7917, #370, #9954 ) ) ;
#3130 = LINE ( 'NONE', #6286, #3369 ) ;
#3131 = CARTESIAN_POINT ( 'NONE',  ( -1.769999999999997400, 1.300000000000000000, -14.12000000000000300 ) ) ;
#3132 = VERTEX_POINT ( 'NONE', #6153 ) ;
#3133 = LINE ( 'NONE', #5084, #7237 ) ;
#3134 = CARTESIAN_POINT ( 'NONE',  ( -22.09000000000000000, 0.2000000000000000900, 13.82000000000000200 ) ) ;
#3135 = CARTESIAN_POINT ( 'NONE',  ( -23.87999999999999900, 1.300000000000000000, -13.52000000000000300 ) ) ;
#3136 = EDGE_CURVE ( 'NONE', #7317, #1465, #889, .T. ) ;
#3137 = AXIS2_PLACEMENT_3D ( 'NONE', #3547, #9055, #7451 ) ;
#3138 = LINE ( 'NONE', #494, #8666 ) ;
#3139 = DIRECTION ( 'NONE',  ( 0.0000000000000000000, 1.000000000000000000, -1.577021341797097600E-015 ) ) ;
#3140 = LINE ( 'NONE', #8389, #1030 ) ;
#3141 = ORIENTED_EDGE ( 'NONE', *, *, #2891, .F. ) ;
#3142 = LINE ( 'NONE', #6430, #8808 ) ;
#3143 = PLANE ( 'NONE',  #3723 ) ;
#3144 = SURFACE_STYLE_FILL_AREA ( #7307 ) ;
#3145 = DIRECTION ( 'NONE',  ( 0.0000000000000000000, -1.000000000000000000, 0.0000000000000000000 ) ) ;
#3146 = DIRECTION ( 'NONE',  ( 1.000000000000000000, 0.0000000000000000000, 0.0000000000000000000 ) ) ;
#3147 = EDGE_CURVE ( 'NONE', #8714, #6616, #7786, .T. ) ;
#3148 = VECTOR ( 'NONE', #5578, 1000.000000000000000 ) ;
#3149 = LINE ( 'NONE', #9602, #2296 ) ;
#3150 = VECTOR ( 'NONE', #2307, 1000.000000000000000 ) ;
#3151 = VERTEX_POINT ( 'NONE', #865 ) ;
#3152 = CARTESIAN_POINT ( 'NONE',  ( 22.09000000000000700, 0.2000000000000000100, -13.81999999999999900 ) ) ;
#3153 = LINE ( 'NONE', #5603, #8560 ) ;
#3154 = CARTESIAN_POINT ( 'NONE',  ( -21.08999999999999600, 1.300000000000000000, -14.12000000000000300 ) ) ;
#3155 = CARTESIAN_POINT ( 'NONE',  ( -3.309999999999996900, 1.300000000000000000, -13.52000000000000300 ) ) ;
#3156 = ORIENTED_EDGE ( 'NONE', *, *, #2854, .F. ) ;
#3157 = VERTEX_POINT ( 'NONE', #8697 ) ;
#3158 = DIRECTION ( 'NONE',  ( 1.000000000000000000, 0.0000000000000000000, 0.0000000000000000000 ) ) ;
#3159 = CARTESIAN_POINT ( 'NONE',  ( 22.09000000000000700, 0.2000000000000000100, -13.81999999999999900 ) ) ;
#3160 = EDGE_LOOP ( 'NONE', ( #459, #74, #5917, #2421 ) ) ;
#3161 = ORIENTED_EDGE ( 'NONE', *, *, #6417, .F. ) ;
#3162 = FACE_OUTER_BOUND ( 'NONE', #2588, .T. ) ;
#3163 = LINE ( 'NONE', #23, #2310 ) ;
#3164 = ORIENTED_EDGE ( 'NONE', *, *, #9161, .F. ) ;
#3165 = CARTESIAN_POINT ( 'NONE',  ( 18.80000000000000400, 0.2000000000000000100, -13.81999999999999900 ) ) ;
#3166 = EDGE_CURVE ( 'NONE', #337, #10009, #8029, .T. ) ;
#3167 = FACE_OUTER_BOUND ( 'NONE', #1836, .T. ) ;
#3168 = EDGE_LOOP ( 'NONE', ( #8233, #201, #8276, #2574 ) ) ;
#3169 = ORIENTED_EDGE ( 'NONE', *, *, #5832, .F. ) ;
#3170 = CARTESIAN_POINT ( 'NONE',  ( -1.019999999999996700, 0.2000000000000005100, -13.82000000000000200 ) ) ;
#3171 = ORIENTED_EDGE ( 'NONE', *, *, #4019, .F. ) ;
#3172 = ORIENTED_EDGE ( 'NONE', *, *, #1887, .T. ) ;
#3173 = EDGE_CURVE ( 'NONE', #96, #4906, #5696, .T. ) ;
#3174 = ORIENTED_EDGE ( 'NONE', *, *, #3233, .F. ) ;
#3175 = AXIS2_PLACEMENT_3D ( 'NONE', #6900, #5430, #2319 ) ;
#3176 = PRESENTATION_LAYER_ASSIGNMENT (  '', '', ( #1384 ) ) ;
#3177 = CARTESIAN_POINT ( 'NONE',  ( 4.060000000000004900, 1.000000000000000000, -13.52000000000000300 ) ) ;
#3178 = ADVANCED_FACE ( 'NONE', ( #9287 ), #2444, .F. ) ;
#3179 = VECTOR ( 'NONE', #2558, 1000.000000000000000 ) ;
#3180 = ORIENTED_EDGE ( 'NONE', *, *, #7405, .T. ) ;
#3181 = CARTESIAN_POINT ( 'NONE',  ( -11.92999999999999800, 1.000000000000000000, -13.52000000000000300 ) ) ;
#3182 = ORIENTED_EDGE ( 'NONE', *, *, #8409, .F. ) ;
#3183 = DIRECTION ( 'NONE',  ( 0.0000000000000000000, 1.000000000000000000, 0.0000000000000000000 ) ) ;
#3184 = FACE_OUTER_BOUND ( 'NONE', #8183, .T. ) ;
#3185 = PLANE ( 'NONE',  #1483 ) ;
#3186 = DIRECTION ( 'NONE',  ( 0.0000000000000000000, 0.0000000000000000000, 1.000000000000000000 ) ) ;
#3187 = VECTOR ( 'NONE', #6435, 1000.000000000000000 ) ;
#3188 = EDGE_LOOP ( 'NONE', ( #1927, #5179, #9213, #1600 ) ) ;
#3189 = MECHANICAL_DESIGN_GEOMETRIC_PRESENTATION_REPRESENTATION (  '', ( #1269 ), #6721 ) ;
#3190 = PLANE ( 'NONE',  #9387 ) ;
#3191 = ORIENTED_EDGE ( 'NONE', *, *, #8889, .F. ) ;
#3192 = FACE_OUTER_BOUND ( 'NONE', #1708, .T. ) ;
#3193 = CARTESIAN_POINT ( 'NONE',  ( -21.33999999999999600, -8.000000000000000000, 13.82000000000000200 ) ) ;
#3194 = CARTESIAN_POINT ( 'NONE',  ( 21.09000000000000300, 0.2000000000000000100, -14.12000000000000100 ) ) ;
#3195 = FACE_OUTER_BOUND ( 'NONE', #5289, .T. ) ;
#3196 = DIRECTION ( 'NONE',  ( -0.0000000000000000000, -0.0000000000000000000, -1.000000000000000000 ) ) ;
#3197 = ORIENTED_EDGE ( 'NONE', *, *, #6361, .F. ) ;
#3198 = EDGE_CURVE ( 'NONE', #3682, #1804, #2017, .T. ) ;
#3199 = ORIENTED_EDGE ( 'NONE', *, *, #5845, .F. ) ;
#3200 = VERTEX_POINT ( 'NONE', #2313 ) ;
#3201 = ORIENTED_EDGE ( 'NONE', *, *, #8681, .F. ) ;
#3202 = AXIS2_PLACEMENT_3D ( 'NONE', #1710, #9709, #7986 ) ;
#3203 = CARTESIAN_POINT ( 'NONE',  ( 22.09000000000000700, 0.2000000000000000100, -14.12000000000000100 ) ) ;
#3204 = CARTESIAN_POINT ( 'NONE',  ( -25.50000000000000700, 1.700000000000000000, 9.180000000000003300 ) ) ;
#3205 = CARTESIAN_POINT ( 'NONE',  ( 0.7700000000000033500, 1.300000000000000000, -14.12000000000000300 ) ) ;
#3206 = ORIENTED_EDGE ( 'NONE', *, *, #8150, .T. ) ;
#3207 = ORIENTED_EDGE ( 'NONE', *, *, #3136, .F. ) ;
#3208 = CARTESIAN_POINT ( 'NONE',  ( 14.47000000000000400, 0.2000000000000000100, -13.81999999999999900 ) ) ;
#3209 = LINE ( 'NONE', #6195, #3814 ) ;
#3210 = EDGE_CURVE ( 'NONE', #8996, #9342, #3614, .T. ) ;
#3211 = DIRECTION ( 'NONE',  ( 0.0000000000000000000, 0.0000000000000000000, 1.000000000000000000 ) ) ;
#3212 = DIRECTION ( 'NONE',  ( 0.0000000000000000000, 1.000000000000000000, -1.577021341797097600E-015 ) ) ;
#3213 = DIRECTION ( 'NONE',  ( 0.0000000000000000000, 0.0000000000000000000, -1.000000000000000000 ) ) ;
#3214 = DIRECTION ( 'NONE',  ( -0.0000000000000000000, 1.000000000000000000, -0.0000000000000000000 ) ) ;
#3215 = ORIENTED_EDGE ( 'NONE', *, *, #5252, .T. ) ;
#3216 = ORIENTED_EDGE ( 'NONE', *, *, #3472, .T. ) ;
#3217 = CARTESIAN_POINT ( 'NONE',  ( 9.140000000000002300, 1.000000000000000000, -13.82000000000000200 ) ) ;
#3218 = EDGE_CURVE ( 'NONE', #4855, #7983, #9034, .T. ) ;
#3219 = CARTESIAN_POINT ( 'NONE',  ( 11.93000000000000300, 0.2000000000000000100, -13.81999999999999900 ) ) ;
#3220 = ORIENTED_EDGE ( 'NONE', *, *, #6901, .T. ) ;
#3221 = PRESENTATION_STYLE_ASSIGNMENT (( #2036 ) ) ;
#3222 = CARTESIAN_POINT ( 'NONE',  ( -24.09000000000000700, 1.700000000000000000, -4.074999999999995700 ) ) ;
#3223 = DIRECTION ( 'NONE',  ( -1.000000000000000000, -0.0000000000000000000, -0.0000000000000000000 ) ) ;
#3224 = ADVANCED_FACE ( 'NONE', ( #6924 ), #19, .F. ) ;
#3225 = ORIENTED_EDGE ( 'NONE', *, *, #7294, .T. ) ;
#3226 = DIRECTION ( 'NONE',  ( 0.0000000000000000000, -1.000000000000000000, 4.336808689942017700E-015 ) ) ;
#3227 = DIRECTION ( 'NONE',  ( 0.0000000000000000000, 0.0000000000000000000, 1.000000000000000000 ) ) ;
#3228 = EDGE_CURVE ( 'NONE', #9182, #3771, #7533, .T. ) ;
#3229 =( GEOMETRIC_REPRESENTATION_CONTEXT ( 3 ) GLOBAL_UNCERTAINTY_ASSIGNED_CONTEXT ( ( #9833 ) ) GLOBAL_UNIT_ASSIGNED_CONTEXT ( ( #9270, #9349, #2928 ) ) REPRESENTATION_CONTEXT ( 'NONE', 'WORKASPACE' ) );
#3230 = EDGE_CURVE ( 'NONE', #261, #6574, #8794, .T. ) ;
#3231 = DIRECTION ( 'NONE',  ( -0.0000000000000000000, -0.0000000000000000000, -1.000000000000000000 ) ) ;
#3232 = EDGE_LOOP ( 'NONE', ( #1549, #4538, #4134, #2339 ) ) ;
#3233 = EDGE_CURVE ( 'NONE', #7575, #1594, #5945, .T. ) ;
#3234 = DIRECTION ( 'NONE',  ( -1.000000000000000000, -0.0000000000000000000, -0.0000000000000000000 ) ) ;
#3235 = DIRECTION ( 'NONE',  ( 0.0000000000000000000, -1.000000000000000000, 0.0000000000000000000 ) ) ;
#3236 = PLANE ( 'NONE',  #382 ) ;
#3237 = AXIS2_PLACEMENT_3D ( 'NONE', #4450, #4565, #634 ) ;
#3238 = DIRECTION ( 'NONE',  ( -1.000000000000000000, -0.0000000000000000000, -0.0000000000000000000 ) ) ;
#3239 = ORIENTED_EDGE ( 'NONE', *, *, #8372, .T. ) ;
#3240 = DIRECTION ( 'NONE',  ( 0.0000000000000000000, -0.0000000000000000000, 1.000000000000000000 ) ) ;
#3241 = CARTESIAN_POINT ( 'NONE',  ( 8.640000000000002300, 0.2000000000000000100, -13.81999999999999900 ) ) ;
#3242 = DIRECTION ( 'NONE',  ( 0.0000000000000000000, 0.0000000000000000000, -1.000000000000000000 ) ) ;
#3243 = CARTESIAN_POINT ( 'NONE',  ( -0.7699999999999963500, 0.2000000000000000100, -14.12000000000000100 ) ) ;
#3244 = DIRECTION ( 'NONE',  ( -1.000000000000000000, -0.0000000000000000000, -0.0000000000000000000 ) ) ;
#3245 = VECTOR ( 'NONE', #4306, 1000.000000000000000 ) ;
#3246 = FACE_OUTER_BOUND ( 'NONE', #8087, .T. ) ;
#3247 = CARTESIAN_POINT ( 'NONE',  ( 6.100000000000001400, 0.2000000000000000100, -14.12000000000000100 ) ) ;
#3248 = VECTOR ( 'NONE', #5868, 1000.000000000000000 ) ;
#3249 = EDGE_CURVE ( 'NONE', #1124, #5135, #8546, .T. ) ;
#3250 = VECTOR ( 'NONE', #5905, 1000.000000000000000 ) ;
#3251 = AXIS2_PLACEMENT_3D ( 'NONE', #4513, #4465, #542 ) ;
#3252 = EDGE_LOOP ( 'NONE', ( #4161, #8367, #4757, #9076 ) ) ;
#3253 = FACE_OUTER_BOUND ( 'NONE', #1909, .T. ) ;
#3254 = DIRECTION ( 'NONE',  ( 0.0000000000000000000, 0.0000000000000000000, -1.000000000000000000 ) ) ;
#3255 = LINE ( 'NONE', #7882, #6088 ) ;
#3256 = FACE_OUTER_BOUND ( 'NONE', #6632, .T. ) ;
#3257 = CARTESIAN_POINT ( 'NONE',  ( -13.71999999999999700, 1.300000000000000000, -13.52000000000000300 ) ) ;
#3258 = ORIENTED_EDGE ( 'NONE', *, *, #7001, .F. ) ;
#3259 = FACE_OUTER_BOUND ( 'NONE', #8378, .T. ) ;
#3260 = CARTESIAN_POINT ( 'NONE',  ( -23.62999999999999900, 1.000000000000000000, -13.52000000000000300 ) ) ;
#3261 = DIRECTION ( 'NONE',  ( -0.0000000000000000000, 1.000000000000000000, 0.0000000000000000000 ) ) ;
#3262 = DIRECTION ( 'NONE',  ( 1.000000000000000000, 0.0000000000000000000, 0.0000000000000000000 ) ) ;
#3263 = LINE ( 'NONE', #4275, #7542 ) ;
#3264 = VERTEX_POINT ( 'NONE', #3165 ) ;
#3265 = EDGE_CURVE ( 'NONE', #2169, #6207, #8171, .T. ) ;
#3266 = VECTOR ( 'NONE', #1337, 1000.000000000000000 ) ;
#3267 = DIRECTION ( 'NONE',  ( -0.0000000000000000000, -0.0000000000000000000, 1.000000000000000000 ) ) ;
#3268 = MECHANICAL_DESIGN_GEOMETRIC_PRESENTATION_REPRESENTATION (  '', ( #7916 ), #5182 ) ;
#3269 = DIRECTION ( 'NONE',  ( -0.0000000000000000000, 1.000000000000000000, 0.0000000000000000000 ) ) ;
#3270 = EDGE_LOOP ( 'NONE', ( #709, #8519, #4567, #5328, #301, #6463 ) ) ;
#3271 = ADVANCED_FACE ( 'NONE', ( #1519 ), #6373, .T. ) ;
#3272 = LINE ( 'NONE', #7229, #4858 ) ;
#3273 = VERTEX_POINT ( 'NONE', #4699 ) ;
#3274 = VECTOR ( 'NONE', #10054, 1000.000000000000000 ) ;
#3275 = VECTOR ( 'NONE', #4587, 1000.000000000000000 ) ;
#3276 = CARTESIAN_POINT ( 'NONE',  ( -27.49999999999999600, 1.000000000000000000, 13.82000000000000200 ) ) ;
#3277 = CARTESIAN_POINT ( 'NONE',  ( -21.33999999999999600, 0.2000000000000000900, 0.0000000000000000000 ) ) ;
#3278 = CARTESIAN_POINT ( 'NONE',  ( 18.55000000000000400, 1.000000000000000000, -13.82000000000000200 ) ) ;
#3279 = EDGE_CURVE ( 'NONE', #5170, #4377, #9799, .T. ) ;
#3280 = LINE ( 'NONE', #2261, #3519 ) ;
#3281 = ORIENTED_EDGE ( 'NONE', *, *, #1780, .F. ) ;
#3282 = DIRECTION ( 'NONE',  ( 0.0000000000000000000, -0.0000000000000000000, 1.000000000000000000 ) ) ;
#3283 = ORIENTED_EDGE ( 'NONE', *, *, #645, .F. ) ;
#3284 = ORIENTED_EDGE ( 'NONE', *, *, #1443, .F. ) ;
#3285 = ORIENTED_EDGE ( 'NONE', *, *, #8541, .T. ) ;
#3286 = FACE_OUTER_BOUND ( 'NONE', #7244, .T. ) ;
#3287 = MECHANICAL_DESIGN_GEOMETRIC_PRESENTATION_REPRESENTATION (  '', ( #7105 ), #3229 ) ;
#3288 = CARTESIAN_POINT ( 'NONE',  ( 11.93000000000000300, 0.0000000000000000000, 0.0000000000000000000 ) ) ;
#3289 = LINE ( 'NONE', #8303, #7207 ) ;
#3290 = EDGE_LOOP ( 'NONE', ( #4570, #4029, #3523, #210, #10122, #3281 ) ) ;
#3291 = FACE_OUTER_BOUND ( 'NONE', #7449, .T. ) ;
#3292 = SURFACE_SIDE_STYLE ('',( #9485 ) ) ;
#3293 = LINE ( 'NONE', #2773, #6848 ) ;
#3294 = VERTEX_POINT ( 'NONE', #7104 ) ;
#3295 = CARTESIAN_POINT ( 'NONE',  ( -13.46999999999999700, 1.300000000000000000, -13.52000000000000300 ) ) ;
#3296 = EDGE_CURVE ( 'NONE', #7535, #5250, #6311, .T. ) ;
#3297 = CARTESIAN_POINT ( 'NONE',  ( -1.019999999999996700, 0.0000000000000000000, 0.0000000000000000000 ) ) ;
#3298 = ORIENTED_EDGE ( 'NONE', *, *, #3071, .F. ) ;
#3299 = ORIENTED_EDGE ( 'NONE', *, *, #1443, .T. ) ;
#3300 = VERTEX_POINT ( 'NONE', #1609 ) ;
#3301 = LINE ( 'NONE', #8513, #2705 ) ;
#3302 = ADVANCED_FACE ( 'NONE', ( #2145 ), #8659, .F. ) ;
#3303 = EDGE_CURVE ( 'NONE', #8268, #2952, #4226, .T. ) ;
#3304 = CARTESIAN_POINT ( 'NONE',  ( -6.099999999999997900, 1.000000000000000000, -13.52000000000000300 ) ) ;
#3305 = LINE ( 'NONE', #4151, #2201 ) ;
#3306 = ORIENTED_EDGE ( 'NONE', *, *, #3430, .T. ) ;
#3307 = CARTESIAN_POINT ( 'NONE',  ( -18.79999999999999700, 1.000000000000000000, -13.82000000000000200 ) ) ;
#3308 = CARTESIAN_POINT ( 'NONE',  ( -24.37999999999999900, 0.2000000000000000900, 0.0000000000000000000 ) ) ;
#3309 = FACE_OUTER_BOUND ( 'NONE', #4740, .T. ) ;
#3310 = DIRECTION ( 'NONE',  ( 0.0000000000000000000, -0.0000000000000000000, -1.000000000000000000 ) ) ;
#3311 = EDGE_LOOP ( 'NONE', ( #8732, #5415, #9194, #3446, #9566, #6995 ) ) ;
#3312 = CARTESIAN_POINT ( 'NONE',  ( -16.00999999999999800, 0.0000000000000000000, 0.0000000000000000000 ) ) ;
#3313 = ORIENTED_EDGE ( 'NONE', *, *, #7604, .T. ) ;
#3314 = ORIENTED_EDGE ( 'NONE', *, *, #4955, .F. ) ;
#3315 = DIRECTION ( 'NONE',  ( -1.000000000000000000, -0.0000000000000000000, -0.0000000000000000000 ) ) ;
#3316 = ORIENTED_EDGE ( 'NONE', *, *, #4695, .F. ) ;
#3317 = LINE ( 'NONE', #5980, #3080 ) ;
#3318 = DIRECTION ( 'NONE',  ( 0.0000000000000000000, 0.0000000000000000000, -1.000000000000000000 ) ) ;
#3319 = EDGE_CURVE ( 'NONE', #9111, #7581, #274, .T. ) ;
#3320 = AXIS2_PLACEMENT_3D ( 'NONE', #10241, #764, #7025 ) ;
#3321 = VERTEX_POINT ( 'NONE', #898 ) ;
#3322 = VECTOR ( 'NONE', #1248, 1000.000000000000000 ) ;
#3323 = CARTESIAN_POINT ( 'NONE',  ( 17.01000000000000500, 1.300000000000000000, -13.52000000000000300 ) ) ;
#3324 = ORIENTED_EDGE ( 'NONE', *, *, #9920, .T. ) ;
#3325 = ORIENTED_EDGE ( 'NONE', *, *, #6973, .F. ) ;
#3326 = DIRECTION ( 'NONE',  ( -1.000000000000000000, -0.0000000000000000000, -0.0000000000000000000 ) ) ;
#3327 = ORIENTED_EDGE ( 'NONE', *, *, #1637, .F. ) ;
#3328 = CARTESIAN_POINT ( 'NONE',  ( -9.389999999999998800, 1.300000000000000000, -13.52000000000000300 ) ) ;
#3329 = ADVANCED_FACE ( 'NONE', ( #1896 ), #7959, .T. ) ;
#3330 = VECTOR ( 'NONE', #750, 1000.000000000000000 ) ;
#3331 = CARTESIAN_POINT ( 'NONE',  ( -21.08999999999999600, 0.2000000000000000100, -14.12000000000000100 ) ) ;
#3332 = EDGE_CURVE ( 'NONE', #2543, #5168, #1402, .T. ) ;
#3333 = CARTESIAN_POINT ( 'NONE',  ( -21.33999999999999600, -8.000000000000000000, -13.82000000000000200 ) ) ;
#3334 = ORIENTED_EDGE ( 'NONE', *, *, #4452, .T. ) ;
#3335 = DIRECTION ( 'NONE',  ( -1.000000000000000000, 0.0000000000000000000, -0.0000000000000000000 ) ) ;
#3336 = VERTEX_POINT ( 'NONE', #1716 ) ;
#3337 = VERTEX_POINT ( 'NONE', #1777 ) ;
#3338 = CARTESIAN_POINT ( 'NONE',  ( -23.62999999999999900, 0.2000000000000000100, -13.81999999999999900 ) ) ;
#3339 = EDGE_LOOP ( 'NONE', ( #8743, #1381, #7727, #1447 ) ) ;
#3340 = CARTESIAN_POINT ( 'NONE',  ( -25.50000000000000700, 1.800000000000000000, 9.180000000000003300 ) ) ;
#3341 = FACE_OUTER_BOUND ( 'NONE', #5715, .T. ) ;
#3342 = ORIENTED_EDGE ( 'NONE', *, *, #7813, .T. ) ;
#3343 = AXIS2_PLACEMENT_3D ( 'NONE', #4975, #9759, #1823 ) ;
#3344 = EDGE_LOOP ( 'NONE', ( #4146, #9132, #10202, #452, #7230, #7368, #3054, #8685 ) ) ;
#3345 = CARTESIAN_POINT ( 'NONE',  ( 14.47000000000000400, 1.300000000000000000, -13.52000000000000300 ) ) ;
#3346 = CARTESIAN_POINT ( 'NONE',  ( -21.08999999999999600, 0.2000000000000000900, 13.82000000000000200 ) ) ;
#3347 = CARTESIAN_POINT ( 'NONE',  ( 19.30000000000000400, 1.300000000000000000, -14.12000000000000300 ) ) ;
#3348 = CARTESIAN_POINT ( 'NONE',  ( 8.640000000000002300, -8.000000000000000000, -14.12000000000000300 ) ) ;
#3349 = CARTESIAN_POINT ( 'NONE',  ( 16.76000000000000500, 1.000000000000000000, -13.52000000000000300 ) ) ;
#3350 = ADVANCED_FACE ( 'NONE', ( #4472 ), #6474, .T. ) ;
#3351 = DIRECTION ( 'NONE',  ( -0.0000000000000000000, -0.0000000000000000000, -1.000000000000000000 ) ) ;
#3352 = ORIENTED_EDGE ( 'NONE', *, *, #2381, .T. ) ;
#3353 = DIRECTION ( 'NONE',  ( 0.0000000000000000000, 0.0000000000000000000, -1.000000000000000000 ) ) ;
#3354 = VECTOR ( 'NONE', #3318, 1000.000000000000000 ) ;
#3355 = ORIENTED_EDGE ( 'NONE', *, *, #2160, .F. ) ;
#3356 = DIRECTION ( 'NONE',  ( 1.000000000000000000, 0.0000000000000000000, 0.0000000000000000000 ) ) ;
#3357 = EDGE_CURVE ( 'NONE', #9712, #9266, #6197, .T. ) ;
#3358 = DIRECTION ( 'NONE',  ( 0.0000000000000000000, -1.000000000000000000, 0.0000000000000000000 ) ) ;
#3359 = LINE ( 'NONE', #2740, #2883 ) ;
#3360 = CARTESIAN_POINT ( 'NONE',  ( -1.519999999999997100, 0.2000000000000000100, -14.12000000000000100 ) ) ;
#3361 = ORIENTED_EDGE ( 'NONE', *, *, #4598, .F. ) ;
#3362 = EDGE_CURVE ( 'NONE', #7377, #3597, #3736, .T. ) ;
#3363 = CARTESIAN_POINT ( 'NONE',  ( -11.67999999999999800, 0.0000000000000000000, 0.0000000000000000000 ) ) ;
#3364 = CARTESIAN_POINT ( 'NONE',  ( 21.09000000000000300, 1.000000000000000000, -13.82000000000000200 ) ) ;
#3365 = EDGE_CURVE ( 'NONE', #2690, #4990, #5818, .T. ) ;
#3366 = LINE ( 'NONE', #3963, #9530 ) ;
#3367 = CARTESIAN_POINT ( 'NONE',  ( 4.310000000000004900, 1.000000000000000000, -13.82000000000000200 ) ) ;
#3368 = EDGE_LOOP ( 'NONE', ( #66, #3949, #8464, #9761 ) ) ;
#3369 = VECTOR ( 'NONE', #40, 1000.000000000000000 ) ;
#3370 = CARTESIAN_POINT ( 'NONE',  ( -24.09000000000000700, 1.800000000000000000, 7.935000000000006700 ) ) ;
#3371 = CARTESIAN_POINT ( 'NONE',  ( 16.01000000000000500, 0.2000000000000000100, -13.81999999999999900 ) ) ;
#3372 = ADVANCED_FACE ( 'NONE', ( #6672 ), #9035, .F. ) ;
#3373 = VERTEX_POINT ( 'NONE', #6401 ) ;
#3374 = FACE_OUTER_BOUND ( 'NONE', #7205, .T. ) ;
#3375 = AXIS2_PLACEMENT_3D ( 'NONE', #8680, #3119, #9421 ) ;
#3376 = FACE_OUTER_BOUND ( 'NONE', #1452, .T. ) ;
#3377 = AXIS2_PLACEMENT_3D ( 'NONE', #9946, #2139, #1218 ) ;
#3378 = DIRECTION ( 'NONE',  ( 1.000000000000000000, 0.0000000000000000000, 0.0000000000000000000 ) ) ;
#3379 = CARTESIAN_POINT ( 'NONE',  ( 4.310000000000004900, 0.2000000000000000100, -14.12000000000000100 ) ) ;
#3380 = LINE ( 'NONE', #2247, #9159 ) ;
#3381 = DIRECTION ( 'NONE',  ( -0.0000000000000000000, -0.0000000000000000000, -1.000000000000000000 ) ) ;
#3382 = VECTOR ( 'NONE', #1108, 1000.000000000000000 ) ;
#3383 = FACE_OUTER_BOUND ( 'NONE', #6618, .T. ) ;
#3384 = CLOSED_SHELL ( 'NONE', ( #6543, #8362, #3883, #9789, #6730, #1854, #2108, #1771, #251, #7256, #1874, #485 ) ) ;
#3385 = FACE_OUTER_BOUND ( 'NONE', #6576, .T. ) ;
#3386 = CARTESIAN_POINT ( 'NONE',  ( 16.01000000000000500, 1.000000000000000000, -13.82000000000000200 ) ) ;
#3387 = EDGE_CURVE ( 'NONE', #807, #5513, #7170, .T. ) ;
#3388 = VECTOR ( 'NONE', #5268, 1000.000000000000000 ) ;
#3389 = DIRECTION ( 'NONE',  ( -1.000000000000000000, -0.0000000000000000000, -0.0000000000000000000 ) ) ;
#3390 = EDGE_CURVE ( 'NONE', #8906, #8715, #5338, .T. ) ;
#3391 = DIRECTION ( 'NONE',  ( -0.0000000000000000000, 1.000000000000000000, 0.0000000000000000000 ) ) ;
#3392 = DIRECTION ( 'NONE',  ( -1.000000000000000000, -0.0000000000000000000, -0.0000000000000000000 ) ) ;
#3393 = CARTESIAN_POINT ( 'NONE',  ( -14.21999999999999900, 0.0000000000000000000, 0.0000000000000000000 ) ) ;
#3394 = VECTOR ( 'NONE', #4721, 1000.000000000000000 ) ;
#3395 = FACE_OUTER_BOUND ( 'NONE', #8807, .T. ) ;
#3396 = DIRECTION ( 'NONE',  ( -0.0000000000000000000, 1.000000000000000000, 0.0000000000000000000 ) ) ;
#3397 = ADVANCED_FACE ( 'NONE', ( #7908 ), #131, .F. ) ;
#3398 = VECTOR ( 'NONE', #7045, 1000.000000000000000 ) ;
#3399 = DIRECTION ( 'NONE',  ( 0.0000000000000000000, 1.000000000000000000, -1.577021341797097600E-015 ) ) ;
#3400 = ORIENTED_EDGE ( 'NONE', *, *, #8999, .T. ) ;
#3401 = ORIENTED_EDGE ( 'NONE', *, *, #4673, .T. ) ;
#3402 = CARTESIAN_POINT ( 'NONE',  ( 19.30000000000000400, 0.2000000000000000100, 0.0000000000000000000 ) ) ;
#3403 = ORIENTED_EDGE ( 'NONE', *, *, #5278, .T. ) ;
#3404 = ORIENTED_EDGE ( 'NONE', *, *, #3043, .F. ) ;
#3405 = EDGE_CURVE ( 'NONE', #8693, #4166, #141, .T. ) ;
#3406 = VERTEX_POINT ( 'NONE', #3333 ) ;
#3407 = LINE ( 'NONE', #7571, #4994 ) ;
#3408 = VECTOR ( 'NONE', #4287, 1000.000000000000000 ) ;
#3409 = CLOSED_SHELL ( 'NONE', ( #6650, #7547, #8350, #8795, #7328, #8001, #3740, #8226, #4337, #6129, #7171, #3271 ) ) ;
#3410 = CARTESIAN_POINT ( 'NONE',  ( 6.100000000000001400, 0.2000000000000000100, 0.0000000000000000000 ) ) ;
#3411 = AXIS2_PLACEMENT_3D ( 'NONE', #6389, #9413, #3240 ) ;
#3412 = DIRECTION ( 'NONE',  ( 0.0000000000000000000, -1.000000000000000000, 4.336808689942017700E-015 ) ) ;
#3413 = CARTESIAN_POINT ( 'NONE',  ( 2.999999999999982700, 0.9499999999999999600, -10.35000000000000000 ) ) ;
#3414 = LINE ( 'NONE', #2009, #7454 ) ;
#3415 = ORIENTED_EDGE ( 'NONE', *, *, #4206, .F. ) ;
#3416 = ORIENTED_EDGE ( 'NONE', *, *, #3877, .T. ) ;
#3417 = DIRECTION ( 'NONE',  ( -1.000000000000000000, -0.0000000000000000000, -0.0000000000000000000 ) ) ;
#3418 = ORIENTED_EDGE ( 'NONE', *, *, #2984, .T. ) ;
#3419 = ORIENTED_EDGE ( 'NONE', *, *, #6184, .T. ) ;
#3420 = ORIENTED_EDGE ( 'NONE', *, *, #6472, .F. ) ;
#3421 = CARTESIAN_POINT ( 'NONE',  ( -1.769999999999997400, 0.2000000000000000100, -13.81999999999999900 ) ) ;
#3422 = FACE_OUTER_BOUND ( 'NONE', #3087, .T. ) ;
#3423 = DIRECTION ( 'NONE',  ( -0.0000000000000000000, -1.000000000000000000, -0.0000000000000000000 ) ) ;
#3424 = CARTESIAN_POINT ( 'NONE',  ( -24.09000000000000700, 2.000000000000000000, -4.074999999999995700 ) ) ;
#3425 = EDGE_CURVE ( 'NONE', #1437, #440, #3142, .T. ) ;
#3426 = DIRECTION ( 'NONE',  ( -1.000000000000000000, 0.0000000000000000000, 5.400758019853073200E-017 ) ) ;
#3427 = VECTOR ( 'NONE', #7, 1000.000000000000000 ) ;
#3428 = ORIENTED_EDGE ( 'NONE', *, *, #4802, .F. ) ;
#3429 = CARTESIAN_POINT ( 'NONE',  ( -4.309999999999997800, 1.000000000000000000, -13.52000000000000300 ) ) ;
#3430 = EDGE_CURVE ( 'NONE', #5250, #7514, #4357, .T. ) ;
#3431 = ORIENTED_EDGE ( 'NONE', *, *, #5452, .F. ) ;
#3432 = LINE ( 'NONE', #1417, #3069 ) ;
#3433 = CARTESIAN_POINT ( 'NONE',  ( 24.38000000000000600, 1.300000000000000000, -14.12000000000000300 ) ) ;
#3434 = ADVANCED_FACE ( 'NONE', ( #531 ), #8365, .F. ) ;
#3435 = EDGE_CURVE ( 'NONE', #1563, #2361, #6936, .T. ) ;
#3436 = CARTESIAN_POINT ( 'NONE',  ( -3.559999999999997400, 0.2000000000000000900, -14.12000000000000300 ) ) ;
#3437 = VERTEX_POINT ( 'NONE', #4318 ) ;
#3438 = ORIENTED_EDGE ( 'NONE', *, *, #4229, .T. ) ;
#3439 = EDGE_CURVE ( 'NONE', #5497, #10101, #9417, .T. ) ;
#3440 = EDGE_LOOP ( 'NONE', ( #7390, #3403, #784, #8490 ) ) ;
#3441 = VECTOR ( 'NONE', #3389, 1000.000000000000000 ) ;
#3442 = PRESENTATION_LAYER_ASSIGNMENT (  '', '', ( #9038 ) ) ;
#3443 = VERTEX_POINT ( 'NONE', #6673 ) ;
#3444 = CARTESIAN_POINT ( 'NONE',  ( -0.7699999999999963500, 0.2000000000000000100, -13.81999999999999900 ) ) ;
#3445 = AXIS2_PLACEMENT_3D ( 'NONE', #5113, #385, #7306 ) ;
#3446 = ORIENTED_EDGE ( 'NONE', *, *, #5690, .F. ) ;
#3447 = DIRECTION ( 'NONE',  ( 0.0000000000000000000, -0.0000000000000000000, 1.000000000000000000 ) ) ;
#3448 = CARTESIAN_POINT ( 'NONE',  ( 9.390000000000002300, 1.300000000000000000, -13.52000000000000300 ) ) ;
#3449 = ORIENTED_EDGE ( 'NONE', *, *, #336, .F. ) ;
#3450 = FACE_OUTER_BOUND ( 'NONE', #7821, .T. ) ;
#3451 = CARTESIAN_POINT ( 'NONE',  ( 22.09000000000000700, 0.0000000000000000000, 0.0000000000000000000 ) ) ;
#3453 = ORIENTED_EDGE ( 'NONE', *, *, #4202, .T. ) ;
#3452 = CARTESIAN_POINT ( 'NONE',  ( 16.76000000000000500, -8.000000000000000000, -14.12000000000000300 ) ) ;
#3454 = ADVANCED_FACE ( 'NONE', ( #2792 ), #2018, .F. ) ;
#3455 = EDGE_LOOP ( 'NONE', ( #1922, #4174, #9071, #971, #5735, #1933 ) ) ;
#3456 = CARTESIAN_POINT ( 'NONE',  ( 6.850000000000002300, 0.2000000000000000100, -13.81999999999999900 ) ) ;
#3457 = EDGE_CURVE ( 'NONE', #1353, #817, #3630, .T. ) ;
#3458 = AXIS2_PLACEMENT_3D ( 'NONE', #3257, #8263, #2763 ) ;
#3459 = DIRECTION ( 'NONE',  ( 0.0000000000000000000, -0.0000000000000000000, 1.000000000000000000 ) ) ;
#3460 = CARTESIAN_POINT ( 'NONE',  ( 13.47000000000000200, 0.2000000000000000100, -14.12000000000000100 ) ) ;
#3461 = CARTESIAN_POINT ( 'NONE',  ( -21.84000000000000000, -8.000000000000000000, 14.12000000000000300 ) ) ;
#3462 = ORIENTED_EDGE ( 'NONE', *, *, #8774, .F. ) ;
#3463 = DIRECTION ( 'NONE',  ( 0.0000000000000000000, -0.0000000000000000000, -1.000000000000000000 ) ) ;
#3464 = VERTEX_POINT ( 'NONE', #2867 ) ;
#3465 = EDGE_CURVE ( 'NONE', #8218, #8335, #1531, .T. ) ;
#3466 = ORIENTED_EDGE ( 'NONE', *, *, #10169, .T. ) ;
#3467 = CARTESIAN_POINT ( 'NONE',  ( 11.68000000000000300, 0.2000000000000000900, -14.12000000000000300 ) ) ;
#3468 = ORIENTED_EDGE ( 'NONE', *, *, #1619, .F. ) ;
#3469 = DIRECTION ( 'NONE',  ( -0.0000000000000000000, -0.0000000000000000000, -1.000000000000000000 ) ) ;
#3470 = CARTESIAN_POINT ( 'NONE',  ( 21.84000000000000700, 0.2000000000000000900, 14.12000000000000300 ) ) ;
#3471 = CARTESIAN_POINT ( 'NONE',  ( 5.850000000000001400, 1.000000000000000000, -13.82000000000000200 ) ) ;
#3472 = EDGE_CURVE ( 'NONE', #9535, #1117, #8925, .T. ) ;
#3473 = ADVANCED_FACE ( 'NONE', ( #3385 ), #9931, .F. ) ;
#3474 = LINE ( 'NONE', #3674, #7388 ) ;
#3475 = EDGE_LOOP ( 'NONE', ( #10072, #2210, #8695, #8269 ) ) ;
#3476 = CARTESIAN_POINT ( 'NONE',  ( 27.50000000000001100, 0.9500000000000002900, 3.429999999999999300 ) ) ;
#3477 = DIRECTION ( 'NONE',  ( 0.0000000000000000000, 1.000000000000000000, 0.0000000000000000000 ) ) ;
#3478 = CARTESIAN_POINT ( 'NONE',  ( 24.08999999999999300, 1.700000000000000000, -4.074999999999997500 ) ) ;
#3479 = DIRECTION ( 'NONE',  ( 1.000000000000000000, 0.0000000000000000000, 0.0000000000000000000 ) ) ;
#3480 = LINE ( 'NONE', #3379, #8903 ) ;
#3481 = DIRECTION ( 'NONE',  ( 0.0000000000000000000, 0.0000000000000000000, -1.000000000000000000 ) ) ;
#3482 = ORIENTED_EDGE ( 'NONE', *, *, #6005, .F. ) ;
#3483 = VECTOR ( 'NONE', #3238, 1000.000000000000000 ) ;
#3484 = EDGE_CURVE ( 'NONE', #8343, #8392, #6439, .T. ) ;
#3485 = DIRECTION ( 'NONE',  ( -1.000000000000000000, -0.0000000000000000000, -0.0000000000000000000 ) ) ;
#3486 = CARTESIAN_POINT ( 'NONE',  ( -14.21999999999999900, 0.2000000000000000100, 0.0000000000000000000 ) ) ;
#3487 = ORIENTED_EDGE ( 'NONE', *, *, #1511, .T. ) ;
#3488 = PLANE ( 'NONE',  #1095 ) ;
#3489 = DIRECTION ( 'NONE',  ( 1.000000000000000000, 0.0000000000000000000, 0.0000000000000000000 ) ) ;
#3490 = LINE ( 'NONE', #6191, #9539 ) ;
#3491 = DIRECTION ( 'NONE',  ( 1.000000000000000000, 0.0000000000000000000, 0.0000000000000000000 ) ) ;
#3492 = EDGE_CURVE ( 'NONE', #7075, #7069, #774, .T. ) ;
#3493 = VECTOR ( 'NONE', #7976, 1000.000000000000000 ) ;
#3494 = ADVANCED_FACE ( 'NONE', ( #156 ), #3603, .F. ) ;
#3495 = LINE ( 'NONE', #3410, #2778 ) ;
#3496 = DIRECTION ( 'NONE',  ( -1.000000000000000000, -0.0000000000000000000, -0.0000000000000000000 ) ) ;
#3497 = VECTOR ( 'NONE', #7134, 1000.000000000000000 ) ;
#3498 = LINE ( 'NONE', #6464, #7669 ) ;
#3499 = CARTESIAN_POINT ( 'NONE',  ( -13.46999999999999700, 1.300000000000000000, -13.52000000000000300 ) ) ;
#3500 = LINE ( 'NONE', #6075, #7803 ) ;
#3501 = DIRECTION ( 'NONE',  ( 0.0000000000000000000, -1.000000000000000000, 0.0000000000000000000 ) ) ;
#3502 = LINE ( 'NONE', #1532, #5343 ) ;
#3503 = VERTEX_POINT ( 'NONE', #3574 ) ;
#3504 = VECTOR ( 'NONE', #3525, 1000.000000000000000 ) ;
#3505 = LINE ( 'NONE', #9062, #1413 ) ;
#3506 = LINE ( 'NONE', #1081, #3627 ) ;
#3507 = PLANE ( 'NONE',  #7304 ) ;
#3508 = VERTEX_POINT ( 'NONE', #5150 ) ;
#3509 = CARTESIAN_POINT ( 'NONE',  ( -27.49999999999999600, 1.800000000000000000, -6.819999999999994100 ) ) ;
#3510 = DIRECTION ( 'NONE',  ( 0.0000000000000000000, 0.0000000000000000000, -1.000000000000000000 ) ) ;
#3511 = FACE_OUTER_BOUND ( 'NONE', #6510, .T. ) ;
#3512 = LINE ( 'NONE', #4454, #3388 ) ;
#3513 = ORIENTED_EDGE ( 'NONE', *, *, #8168, .T. ) ;
#3514 = ORIENTED_EDGE ( 'NONE', *, *, #7768, .F. ) ;
#3515 = LINE ( 'NONE', #3829, #1178 ) ;
#3516 = FILL_AREA_STYLE ('',( #8241 ) ) ;
#3517 = LINE ( 'NONE', #1267, #10186 ) ;
#3518 = EDGE_CURVE ( 'NONE', #4414, #8371, #8044, .T. ) ;
#3519 = VECTOR ( 'NONE', #6232, 1000.000000000000000 ) ;
#3520 = AXIS2_PLACEMENT_3D ( 'NONE', #6729, #1314, #8405 ) ;
#3521 = ADVANCED_FACE ( 'NONE', ( #5453 ), #6006, .F. ) ;
#3522 = ORIENTED_EDGE ( 'NONE', *, *, #3390, .T. ) ;
#3523 = ORIENTED_EDGE ( 'NONE', *, *, #5787, .F. ) ;
#3524 = DIRECTION ( 'NONE',  ( 1.000000000000000000, 0.0000000000000000000, 0.0000000000000000000 ) ) ;
#3525 = DIRECTION ( 'NONE',  ( 0.0000000000000000000, 0.0000000000000000000, 1.000000000000000000 ) ) ;
#3526 = ORIENTED_EDGE ( 'NONE', *, *, #4462, .F. ) ;
#3527 = VERTEX_POINT ( 'NONE', #9217 ) ;
#3528 = VERTEX_POINT ( 'NONE', #8395 ) ;
#3529 = VECTOR ( 'NONE', #6404, 1000.000000000000000 ) ;
#3530 = VECTOR ( 'NONE', #2812, 1000.000000000000000 ) ;
#3531 = VERTEX_POINT ( 'NONE', #6884 ) ;
#3532 = VECTOR ( 'NONE', #5209, 1000.000000000000000 ) ;
#3533 = LINE ( 'NONE', #9093, #7456 ) ;
#3534 = ORIENTED_EDGE ( 'NONE', *, *, #3913, .T. ) ;
#3535 = ORIENTED_EDGE ( 'NONE', *, *, #6768, .T. ) ;
#3536 = CARTESIAN_POINT ( 'NONE',  ( -25.50000000000000700, 1.700000000000000000, -5.319999999999996700 ) ) ;
#3537 =( NAMED_UNIT ( * ) PLANE_ANGLE_UNIT ( ) SI_UNIT ( $, .RADIAN. ) );
#3538 = PLANE ( 'NONE',  #8176 ) ;
#3539 = LINE ( 'NONE', #5023, #5990 ) ;
#3540 = CARTESIAN_POINT ( 'NONE',  ( 19.55000000000000400, 0.2000000000000000100, -14.12000000000000100 ) ) ;
#3541 = FACE_OUTER_BOUND ( 'NONE', #681, .T. ) ;
#3542 = DIRECTION ( 'NONE',  ( -0.0000000000000000000, 1.000000000000000000, 0.0000000000000000000 ) ) ;
#3543 = ORIENTED_EDGE ( 'NONE', *, *, #10246, .T. ) ;
#3544 = PLANE ( 'NONE',  #6409 ) ;
#3545 = DIRECTION ( 'NONE',  ( 0.0000000000000000000, 0.0000000000000000000, -1.000000000000000000 ) ) ;
#3546 = DIRECTION ( 'NONE',  ( 0.0000000000000000000, -1.000000000000000000, -1.577021341797097600E-015 ) ) ;
#3547 = CARTESIAN_POINT ( 'NONE',  ( -1.019999999999996700, 1.300000000000000000, -14.12000000000000300 ) ) ;
#3548 = ADVANCED_FACE ( 'NONE', ( #1031 ), #7719, .F. ) ;
#3549 = ORIENTED_EDGE ( 'NONE', *, *, #6895, .F. ) ;
#3550 = LINE ( 'NONE', #5993, #1078 ) ;
#3551 = CARTESIAN_POINT ( 'NONE',  ( 17.01000000000000500, 0.2000000000000000100, -14.12000000000000100 ) ) ;
#3552 = EDGE_CURVE ( 'NONE', #3677, #8085, #9175, .T. ) ;
#3553 = VECTOR ( 'NONE', #9333, 1000.000000000000000 ) ;
#3554 = DIRECTION ( 'NONE',  ( 0.0000000000000000000, -0.0000000000000000000, 1.000000000000000000 ) ) ;
#3555 = ORIENTED_EDGE ( 'NONE', *, *, #9409, .T. ) ;
#3556 = EDGE_CURVE ( 'NONE', #1097, #6984, #1294, .T. ) ;
#3557 = ORIENTED_EDGE ( 'NONE', *, *, #965, .F. ) ;
#3558 = CARTESIAN_POINT ( 'NONE',  ( -27.49999999999999600, 0.2000000000000000100, -13.81999999999999900 ) ) ;
#3559 = CARTESIAN_POINT ( 'NONE',  ( 11.18000000000000300, -8.000000000000000000, -13.82000000000000200 ) ) ;
#3560 = FACE_OUTER_BOUND ( 'NONE', #4508, .T. ) ;
#3561 = MANIFOLD_SOLID_BREP ( 'LPattern1[19]', #5923 ) ;
#3562 = CARTESIAN_POINT ( 'NONE',  ( 8.640000000000002300, -8.000000000000000000, -13.82000000000000200 ) ) ;
#3563 = EDGE_CURVE ( 'NONE', #5204, #3503, #9300, .T. ) ;
#3564 = PLANE ( 'NONE',  #8757 ) ;
#3565 = VERTEX_POINT ( 'NONE', #5346 ) ;
#3566 = LINE ( 'NONE', #8304, #5284 ) ;
#3567 = ORIENTED_EDGE ( 'NONE', *, *, #10109, .F. ) ;
#3568 = VERTEX_POINT ( 'NONE', #2301 ) ;
#3569 = ORIENTED_EDGE ( 'NONE', *, *, #5549, .T. ) ;
#3570 = EDGE_LOOP ( 'NONE', ( #7488, #6685, #3557, #915 ) ) ;
#3571 = VERTEX_POINT ( 'NONE', #628 ) ;
#3572 = CARTESIAN_POINT ( 'NONE',  ( 11.18000000000000300, 0.2000000000000000100, -14.12000000000000100 ) ) ;
#3573 = VECTOR ( 'NONE', #1421, 1000.000000000000000 ) ;
#3574 = CARTESIAN_POINT ( 'NONE',  ( 0.7700000000000033500, 1.300000000000000000, -13.52000000000000300 ) ) ;
#3575 = AXIS2_PLACEMENT_3D ( 'NONE', #1766, #8012, #5747 ) ;
#3576 = DIRECTION ( 'NONE',  ( -1.000000000000000000, -0.0000000000000000000, -0.0000000000000000000 ) ) ;
#3577 = CARTESIAN_POINT ( 'NONE',  ( 9.140000000000002300, -8.000000000000000000, -14.12000000000000300 ) ) ;
#3578 = ORIENTED_EDGE ( 'NONE', *, *, #5582, .T. ) ;
#3579 = ADVANCED_FACE ( 'NONE', ( #5350 ), #10059, .F. ) ;
#3580 = ORIENTED_EDGE ( 'NONE', *, *, #8138, .F. ) ;
#3581 = ORIENTED_EDGE ( 'NONE', *, *, #4932, .T. ) ;
#3582 = CARTESIAN_POINT ( 'NONE',  ( -24.37999999999999900, -8.000000000000000000, 14.12000000000000300 ) ) ;
#3583 = DIRECTION ( 'NONE',  ( 0.0000000000000000000, -0.0000000000000000000, 1.000000000000000000 ) ) ;
#3584 = DIRECTION ( 'NONE',  ( 0.0000000000000000000, -1.000000000000000000, 4.336808689942017700E-015 ) ) ;
#3585 = PLANE ( 'NONE',  #3137 ) ;
#3586 = EDGE_LOOP ( 'NONE', ( #2669, #7102, #2086, #5441 ) ) ;
#3587 = DIRECTION ( 'NONE',  ( -1.000000000000000000, -0.0000000000000000000, -0.0000000000000000000 ) ) ;
#3588 = EDGE_CURVE ( 'NONE', #5811, #7116, #4606, .T. ) ;
#3589 = VERTEX_POINT ( 'NONE', #4621 ) ;
#3590 = DIRECTION ( 'NONE',  ( -1.000000000000000000, 0.0000000000000000000, -0.0000000000000000000 ) ) ;
#3591 = CARTESIAN_POINT ( 'NONE',  ( -23.62999999999999900, 1.300000000000000000, 14.12000000000000300 ) ) ;
#3592 = ORIENTED_EDGE ( 'NONE', *, *, #8865, .F. ) ;
#3593 = DIRECTION ( 'NONE',  ( 0.0000000000000000000, -1.000000000000000000, 0.0000000000000000000 ) ) ;
#3594 = DIRECTION ( 'NONE',  ( 0.0000000000000000000, -0.0000000000000000000, 1.000000000000000000 ) ) ;
#3595 = LINE ( 'NONE', #122, #5195 ) ;
#3596 = DIRECTION ( 'NONE',  ( -0.0000000000000000000, -0.0000000000000000000, 1.000000000000000000 ) ) ;
#3597 = VERTEX_POINT ( 'NONE', #10159 ) ;
#3598 = EDGE_CURVE ( 'NONE', #243, #1563, #7181, .T. ) ;
#3599 = ADVANCED_FACE ( 'NONE', ( #6554 ), #4661, .F. ) ;
#3600 = AXIS2_PLACEMENT_3D ( 'NONE', #3312, #9655, #5737 ) ;
#3601 = CARTESIAN_POINT ( 'NONE',  ( -11.17999999999999800, 1.300000000000000000, -13.52000000000000300 ) ) ;
#3602 =( LENGTH_UNIT ( ) NAMED_UNIT ( * ) SI_UNIT ( .MILLI., .METRE. ) );
#3603 = PLANE ( 'NONE',  #5938 ) ;
#3604 = ORIENTED_EDGE ( 'NONE', *, *, #1498, .T. ) ;
#3605 = PLANE ( 'NONE',  #8140 ) ;
#3606 = CARTESIAN_POINT ( 'NONE',  ( 3.560000000000004100, 0.0000000000000000000, 0.0000000000000000000 ) ) ;
#3607 = EDGE_CURVE ( 'NONE', #7373, #8738, #5100, .T. ) ;
#3608 = LINE ( 'NONE', #8721, #3969 ) ;
#3609 = CARTESIAN_POINT ( 'NONE',  ( 27.50000000000001100, 0.9500000000000002900, 0.4299999999999991600 ) ) ;
#3610 = LINE ( 'NONE', #7313, #5334 ) ;
#3611 = CARTESIAN_POINT ( 'NONE',  ( -6.099999999999997900, 1.300000000000000000, -13.52000000000000300 ) ) ;
#3612 = DIRECTION ( 'NONE',  ( 0.0000000000000000000, 1.000000000000000000, 0.0000000000000000000 ) ) ;
#3613 = ORIENTED_EDGE ( 'NONE', *, *, #9731, .F. ) ;
#3614 = LINE ( 'NONE', #1639, #3497 ) ;
#3615 = ORIENTED_EDGE ( 'NONE', *, *, #5623, .T. ) ;
#3616 = EDGE_CURVE ( 'NONE', #518, #4777, #3866, .T. ) ;
#3617 = VECTOR ( 'NONE', #1666, 1000.000000000000000 ) ;
#3618 = CARTESIAN_POINT ( 'NONE',  ( -4.059999999999997800, -8.000000000000000000, -13.82000000000000200 ) ) ;
#3619 = EDGE_CURVE ( 'NONE', #4505, #2987, #4730, .T. ) ;
#3620 = CARTESIAN_POINT ( 'NONE',  ( -23.62999999999999900, 1.300000000000000000, -13.52000000000000300 ) ) ;
#3621 = DIRECTION ( 'NONE',  ( -1.000000000000000000, -0.0000000000000000000, -0.0000000000000000000 ) ) ;
#3622 = ADVANCED_FACE ( 'NONE', ( #5707 ), #662, .F. ) ;
#3623 = VECTOR ( 'NONE', #8220, 1000.000000000000000 ) ;
#3624 = CARTESIAN_POINT ( 'NONE',  ( -6.099999999999997900, 0.0000000000000000000, 0.0000000000000000000 ) ) ;
#3625 = CARTESIAN_POINT ( 'NONE',  ( -0.7699999999999963500, 0.2000000000000000100, -13.81999999999999900 ) ) ;
#3626 = FACE_OUTER_BOUND ( 'NONE', #4023, .T. ) ;
#3627 = VECTOR ( 'NONE', #1875, 1000.000000000000000 ) ;
#3628 = EDGE_LOOP ( 'NONE', ( #8576, #8758, #3978, #9743, #6164, #8450, #717, #6332 ) ) ;
#3629 = CARTESIAN_POINT ( 'NONE',  ( 4.060000000000004900, -8.000000000000000000, -13.82000000000000200 ) ) ;
#3630 = LINE ( 'NONE', #6042, #9939 ) ;
#3631 = AXIS2_PLACEMENT_3D ( 'NONE', #5933, #7538, #4319 ) ;
#3632 = ORIENTED_EDGE ( 'NONE', *, *, #9372, .T. ) ;
#3633 = LINE ( 'NONE', #1852, #9688 ) ;
#3634 = DIRECTION ( 'NONE',  ( 0.0000000000000000000, 0.0000000000000000000, -1.000000000000000000 ) ) ;
#3635 = VECTOR ( 'NONE', #1871, 1000.000000000000000 ) ;
#3636 = FACE_OUTER_BOUND ( 'NONE', #4550, .T. ) ;
#3637 = DIRECTION ( 'NONE',  ( 0.0000000000000000000, 1.000000000000000000, -1.577021341797097600E-015 ) ) ;
#3638 = FACE_OUTER_BOUND ( 'NONE', #3118, .T. ) ;
#3639 = ORIENTED_EDGE ( 'NONE', *, *, #710, .T. ) ;
#3640 = VERTEX_POINT ( 'NONE', #9278 ) ;
#3641 = EDGE_CURVE ( 'NONE', #2599, #3589, #8559, .T. ) ;
#3642 = AXIS2_PLACEMENT_3D ( 'NONE', #7159, #2477, #4076 ) ;
#3643 = CARTESIAN_POINT ( 'NONE',  ( 24.38000000000000600, 1.000000000000000000, -13.52000000000000300 ) ) ;
#3644 = VERTEX_POINT ( 'NONE', #2153 ) ;
#3645 = VERTEX_POINT ( 'NONE', #3155 ) ;
#3646 = ORIENTED_EDGE ( 'NONE', *, *, #10104, .F. ) ;
#3647 = CARTESIAN_POINT ( 'NONE',  ( -21.84000000000000000, -8.000000000000000000, 13.82000000000000200 ) ) ;
#3648 =( NAMED_UNIT ( * ) SI_UNIT ( $, .STERADIAN. ) SOLID_ANGLE_UNIT ( ) );
#3649 = LINE ( 'NONE', #8393, #9702 ) ;
#3650 = LINE ( 'NONE', #6181, #3763 ) ;
#3651 = ORIENTED_EDGE ( 'NONE', *, *, #1481, .T. ) ;
#3652 = DIRECTION ( 'NONE',  ( -1.000000000000000000, -0.0000000000000000000, -0.0000000000000000000 ) ) ;
#3653 = ADVANCED_FACE ( 'NONE', ( #9548 ), #785, .T. ) ;
#3654 = APPLICATION_CONTEXT ( 'automotive_design' ) ;
#3655 = ORIENTED_EDGE ( 'NONE', *, *, #7623, .T. ) ;
#3656 = EDGE_LOOP ( 'NONE', ( #8200, #5145, #8459, #2226, #1760, #4054, #9630, #1718 ) ) ;
#3657 = VERTEX_POINT ( 'NONE', #3767 ) ;
#3658 = ORIENTED_EDGE ( 'NONE', *, *, #4673, .F. ) ;
#3659 = EDGE_CURVE ( 'NONE', #3108, #1121, #2277, .T. ) ;
#3660 = ORIENTED_EDGE ( 'NONE', *, *, #3435, .F. ) ;
#3661 = CARTESIAN_POINT ( 'NONE',  ( 24.63000000000000600, 1.300000000000000000, 13.52000000000000300 ) ) ;
#3662 = LINE ( 'NONE', #5475, #3427 ) ;
#3663 = DIRECTION ( 'NONE',  ( -0.0000000000000000000, -0.0000000000000000000, -1.000000000000000000 ) ) ;
#3664 = EDGE_LOOP ( 'NONE', ( #7351, #4066, #3958, #6326 ) ) ;
#3665 = DIRECTION ( 'NONE',  ( 0.0000000000000000000, -1.000000000000000000, 0.0000000000000000000 ) ) ;
#3666 = LINE ( 'NONE', #3693, #702 ) ;
#3667 = EDGE_CURVE ( 'NONE', #2672, #3022, #1403, .T. ) ;
#3668 = CARTESIAN_POINT ( 'NONE',  ( 9.140000000000002300, -8.000000000000000000, -14.12000000000000300 ) ) ;
#3669 = CARTESIAN_POINT ( 'NONE',  ( 21.84000000000000700, 1.000000000000000000, -13.52000000000000300 ) ) ;
#3670 = VECTOR ( 'NONE', #1753, 1000.000000000000000 ) ;
#3671 = ORIENTED_EDGE ( 'NONE', *, *, #9781, .T. ) ;
#3672 = DIRECTION ( 'NONE',  ( 0.0000000000000000000, 1.000000000000000000, 0.0000000000000000000 ) ) ;
#3673 = ORIENTED_EDGE ( 'NONE', *, *, #7455, .F. ) ;
#3674 = CARTESIAN_POINT ( 'NONE',  ( -3.559999999999997400, -8.000000000000000000, -14.12000000000000300 ) ) ;
#3675 = DIRECTION ( 'NONE',  ( 0.0000000000000000000, 1.000000000000000000, 0.0000000000000000000 ) ) ;
#3676 = ORIENTED_EDGE ( 'NONE', *, *, #5329, .F. ) ;
#3677 = VERTEX_POINT ( 'NONE', #1526 ) ;
#3678 = ADVANCED_FACE ( 'NONE', ( #9800 ), #8624, .F. ) ;
#3679 = DIRECTION ( 'NONE',  ( 0.0000000000000000000, 1.000000000000000000, -1.577021341797097600E-015 ) ) ;
#3680 = LINE ( 'NONE', #4298, #3925 ) ;
#3682 = VERTEX_POINT ( 'NONE', #757 ) ;
#3681 = CARTESIAN_POINT ( 'NONE',  ( 9.140000000000002300, 1.000000000000000000, -13.52000000000000300 ) ) ;
#3683 = VERTEX_POINT ( 'NONE', #95 ) ;
#3684 = VERTEX_POINT ( 'NONE', #4000 ) ;
#3685 = DIRECTION ( 'NONE',  ( -0.0000000000000000000, -0.0000000000000000000, -1.000000000000000000 ) ) ;
#3686 = EDGE_CURVE ( 'NONE', #5035, #3527, #6675, .T. ) ;
#3687 = ORIENTED_EDGE ( 'NONE', *, *, #7592, .T. ) ;
#3688 = LINE ( 'NONE', #4694, #1849 ) ;
#3689 = EDGE_CURVE ( 'NONE', #10009, #3077, #396, .T. ) ;
#3690 = STYLED_ITEM ( 'NONE', ( #9742 ), #7199 ) ;
#3691 = CARTESIAN_POINT ( 'NONE',  ( -8.639999999999998800, 1.300000000000000000, -13.52000000000000300 ) ) ;
#3692 = ORIENTED_EDGE ( 'NONE', *, *, #2532, .F. ) ;
#3693 = CARTESIAN_POINT ( 'NONE',  ( 21.84000000000000700, -8.000000000000000000, -13.82000000000000200 ) ) ;
#3694 = CARTESIAN_POINT ( 'NONE',  ( 24.38000000000000600, 1.300000000000000000, -14.12000000000000300 ) ) ;
#3695 = DIRECTION ( 'NONE',  ( -1.000000000000000000, 0.0000000000000000000, -0.0000000000000000000 ) ) ;
#3696 = ADVANCED_FACE ( 'NONE', ( #3253 ), #4822, .F. ) ;
#3697 = PLANE ( 'NONE',  #1929 ) ;
#3698 = CARTESIAN_POINT ( 'NONE',  ( -3.559999999999997400, -8.000000000000000000, -13.82000000000000200 ) ) ;
#3699 = CARTESIAN_POINT ( 'NONE',  ( 28.30000000000000800, 0.9500000000000002900, 3.429999999999999300 ) ) ;
#3700 = VERTEX_POINT ( 'NONE', #7127 ) ;
#3701 = ORIENTED_EDGE ( 'NONE', *, *, #1261, .F. ) ;
#3702 =( LENGTH_UNIT ( ) NAMED_UNIT ( * ) SI_UNIT ( .MILLI., .METRE. ) );
#3703 = AXIS2_PLACEMENT_3D ( 'NONE', #1309, #8467, #7730 ) ;
#3704 = DIRECTION ( 'NONE',  ( -1.000000000000000000, -0.0000000000000000000, -0.0000000000000000000 ) ) ;
#3705 = CARTESIAN_POINT ( 'NONE',  ( 10.93000000000000100, 1.000000000000000000, -13.82000000000000200 ) ) ;
#3706 = CARTESIAN_POINT ( 'NONE',  ( 14.47000000000000400, 1.000000000000000000, -13.52000000000000300 ) ) ;
#3707 = VERTEX_POINT ( 'NONE', #9 ) ;
#3708 = CARTESIAN_POINT ( 'NONE',  ( -8.639999999999998800, 1.300000000000000000, -14.12000000000000300 ) ) ;
#3709 = EDGE_LOOP ( 'NONE', ( #1590, #10108, #5621, #4684, #4251, #3418 ) ) ;
#3710 = CARTESIAN_POINT ( 'NONE',  ( -24.37999999999999900, -8.000000000000000000, -13.82000000000000200 ) ) ;
#3711 = DIRECTION ( 'NONE',  ( 0.0000000000000000000, 0.0000000000000000000, -1.000000000000000000 ) ) ;
#3712 = EDGE_CURVE ( 'NONE', #72, #2543, #5339, .T. ) ;
#3713 = CARTESIAN_POINT ( 'NONE',  ( -18.79999999999999700, 0.2000000000000000100, 0.0000000000000000000 ) ) ;
#3714 = LINE ( 'NONE', #4811, #6905 ) ;
#3715 = ORIENTED_EDGE ( 'NONE', *, *, #3230, .T. ) ;
#3716 = CARTESIAN_POINT ( 'NONE',  ( -19.29999999999999700, 0.0000000000000000000, 0.0000000000000000000 ) ) ;
#3717 = DIRECTION ( 'NONE',  ( 0.0000000000000000000, -1.000000000000000000, 0.0000000000000000000 ) ) ;
#3718 = DIRECTION ( 'NONE',  ( -0.0000000000000000000, -1.000000000000000000, -0.0000000000000000000 ) ) ;
#3719 = DIRECTION ( 'NONE',  ( -0.0000000000000000000, -1.000000000000000000, -0.0000000000000000000 ) ) ;
#3720 = FACE_OUTER_BOUND ( 'NONE', #8349, .T. ) ;
#3721 = FACE_OUTER_BOUND ( 'NONE', #6408, .T. ) ;
#3722 = VERTEX_POINT ( 'NONE', #9466 ) ;
#3723 = AXIS2_PLACEMENT_3D ( 'NONE', #8672, #8719, #5543 ) ;
#3724 = LINE ( 'NONE', #9520, #4098 ) ;
#3725 = DIRECTION ( 'NONE',  ( -0.0000000000000000000, 1.000000000000000000, 0.0000000000000000000 ) ) ;
#3726 = DIRECTION ( 'NONE',  ( 0.0000000000000000000, 1.000000000000000000, 0.0000000000000000000 ) ) ;
#3727 = ORIENTED_EDGE ( 'NONE', *, *, #9135, .T. ) ;
#3728 = LINE ( 'NONE', #7462, #4966 ) ;
#3729 = CARTESIAN_POINT ( 'NONE',  ( 0.0000000000000000000, 1.800000000000000000, 0.0000000000000000000 ) ) ;
#3730 = VECTOR ( 'NONE', #722, 1000.000000000000000 ) ;
#3731 = DIRECTION ( 'NONE',  ( -1.000000000000000000, -0.0000000000000000000, -0.0000000000000000000 ) ) ;
#3732 = DIRECTION ( 'NONE',  ( 0.0000000000000000000, 1.000000000000000000, -1.577021341797097600E-015 ) ) ;
#3733 = EDGE_CURVE ( 'NONE', #2361, #10168, #8031, .T. ) ;
#3734 = LINE ( 'NONE', #1786, #1287 ) ;
#3735 = EDGE_CURVE ( 'NONE', #7849, #1244, #3738, .T. ) ;
#3736 = LINE ( 'NONE', #380, #9546 ) ;
#3737 = CARTESIAN_POINT ( 'NONE',  ( 27.49999999999999600, 1.800000000000000000, 10.68000000000000000 ) ) ;
#3738 = LINE ( 'NONE', #8684, #1157 ) ;
#3739 = CARTESIAN_POINT ( 'NONE',  ( 5.850000000000001400, 0.2000000000000000100, -13.81999999999999900 ) ) ;
#3740 = ADVANCED_FACE ( 'NONE', ( #10052 ), #10261, .F. ) ;
#3741 = EDGE_CURVE ( 'NONE', #8074, #9591, #7911, .T. ) ;
#3742 = VECTOR ( 'NONE', #9184, 1000.000000000000000 ) ;
#3743 = AXIS2_PLACEMENT_3D ( 'NONE', #730, #6240, #9465 ) ;
#3744 = VERTEX_POINT ( 'NONE', #7906 ) ;
#3745 = VECTOR ( 'NONE', #5211, 1000.000000000000000 ) ;
#3746 = DIRECTION ( 'NONE',  ( -1.000000000000000000, -0.0000000000000000000, -0.0000000000000000000 ) ) ;
#3747 = EDGE_CURVE ( 'NONE', #8351, #1124, #7537, .T. ) ;
#3748 = VECTOR ( 'NONE', #7812, 1000.000000000000000 ) ;
#3749 = VECTOR ( 'NONE', #1948, 1000.000000000000000 ) ;
#3750 = VERTEX_POINT ( 'NONE', #6293 ) ;
#3751 = DIRECTION ( 'NONE',  ( 0.0000000000000000000, 0.0000000000000000000, -1.000000000000000000 ) ) ;
#3752 = VECTOR ( 'NONE', #7176, 1000.000000000000000 ) ;
#3753 = PLANE ( 'NONE',  #866 ) ;
#3754 = LINE ( 'NONE', #3413, #669 ) ;
#3755 = EDGE_LOOP ( 'NONE', ( #6642, #2427, #4874, #7022 ) ) ;
#3756 = FILL_AREA_STYLE_COLOUR ( '', #9369 ) ;
#3757 = CARTESIAN_POINT ( 'NONE',  ( -8.389999999999998800, 0.2000000000000000100, -13.81999999999999900 ) ) ;
#3758 = LINE ( 'NONE', #5752, #1668 ) ;
#3759 = ORIENTED_EDGE ( 'NONE', *, *, #8711, .F. ) ;
#3760 = EDGE_LOOP ( 'NONE', ( #3401, #2380, #6162, #9705 ) ) ;
#3761 = VECTOR ( 'NONE', #4477, 1000.000000000000000 ) ;
#3762 = AXIS2_PLACEMENT_3D ( 'NONE', #7078, #1694, #918 ) ;
#3763 = VECTOR ( 'NONE', #7790, 1000.000000000000000 ) ;
#3764 = ORIENTED_EDGE ( 'NONE', *, *, #7058, .F. ) ;
#3765 = DIRECTION ( 'NONE',  ( -0.0000000000000000000, 1.000000000000000000, 0.0000000000000000000 ) ) ;
#3766 = FACE_OUTER_BOUND ( 'NONE', #8911, .T. ) ;
#3767 = CARTESIAN_POINT ( 'NONE',  ( 14.22000000000000400, 0.2000000000000005100, -13.82000000000000200 ) ) ;
#3768 = ORIENTED_EDGE ( 'NONE', *, *, #2476, .F. ) ;
#3769 = ORIENTED_EDGE ( 'NONE', *, *, #361, .T. ) ;
#3770 = EDGE_LOOP ( 'NONE', ( #5166, #8502, #7494, #2815 ) ) ;
#3771 = VERTEX_POINT ( 'NONE', #9503 ) ;
#3772 = DIRECTION ( 'NONE',  ( -0.0000000000000000000, 1.000000000000000000, 0.0000000000000000000 ) ) ;
#3773 = CARTESIAN_POINT ( 'NONE',  ( 21.34000000000000300, 0.2000000000000000900, 13.82000000000000200 ) ) ;
#3774 = ORIENTED_EDGE ( 'NONE', *, *, #5275, .F. ) ;
#3775 = VECTOR ( 'NONE', #8058, 1000.000000000000000 ) ;
#3776 = LINE ( 'NONE', #6999, #4762 ) ;
#3777 = EDGE_LOOP ( 'NONE', ( #3671, #2986, #1340, #2722, #7329, #6777 ) ) ;
#3778 = DIRECTION ( 'NONE',  ( -1.000000000000000000, -0.0000000000000000000, -0.0000000000000000000 ) ) ;
#3779 = VECTOR ( 'NONE', #8551, 1000.000000000000000 ) ;
#3780 = EDGE_CURVE ( 'NONE', #9535, #1813, #9291, .T. ) ;
#3781 = STYLED_ITEM ( 'NONE', ( #6427 ), #3863 ) ;
#3782 = LINE ( 'NONE', #1060, #8834 ) ;
#3783 = ORIENTED_EDGE ( 'NONE', *, *, #2003, .F. ) ;
#3784 = CARTESIAN_POINT ( 'NONE',  ( 27.50000000000001100, 0.1999999999999999800, 13.82000000000000200 ) ) ;
#3785 = DIRECTION ( 'NONE',  ( 0.0000000000000000000, 1.000000000000000000, 0.0000000000000000000 ) ) ;
#3786 = VERTEX_POINT ( 'NONE', #5655 ) ;
#3787 = EDGE_LOOP ( 'NONE', ( #9447, #6582, #8735, #2567, #8572, #4420 ) ) ;
#3788 = VERTEX_POINT ( 'NONE', #1742 ) ;
#3789 = CARTESIAN_POINT ( 'NONE',  ( 5.850000000000001400, 0.0000000000000000000, 0.0000000000000000000 ) ) ;
#3790 = FACE_OUTER_BOUND ( 'NONE', #8291, .T. ) ;
#3791 = ORIENTED_EDGE ( 'NONE', *, *, #8071, .T. ) ;
#3792 = EDGE_CURVE ( 'NONE', #7745, #564, #6928, .T. ) ;
#3793 = DIRECTION ( 'NONE',  ( 0.0000000000000000000, -0.0000000000000000000, -1.000000000000000000 ) ) ;
#3794 = ORIENTED_EDGE ( 'NONE', *, *, #3332, .F. ) ;
#3795 = CARTESIAN_POINT ( 'NONE',  ( -21.08999999999999600, 0.2000000000000000100, -14.12000000000000100 ) ) ;
#3796 = DIRECTION ( 'NONE',  ( 1.000000000000000000, 0.0000000000000000000, 0.0000000000000000000 ) ) ;
#3797 = LINE ( 'NONE', #6138, #7225 ) ;
#3798 = CARTESIAN_POINT ( 'NONE',  ( 27.49999999999999600, 1.800000000000000000, 10.68000000000000000 ) ) ;
#3799 = VECTOR ( 'NONE', #2216, 1000.000000000000000 ) ;
#3800 = ORIENTED_EDGE ( 'NONE', *, *, #7734, .T. ) ;
#3801 = ORIENTED_EDGE ( 'NONE', *, *, #28, .T. ) ;
#3802 = DIRECTION ( 'NONE',  ( -1.000000000000000000, -0.0000000000000000000, -0.0000000000000000000 ) ) ;
#3803 = VERTEX_POINT ( 'NONE', #1003 ) ;
#3804 = EDGE_CURVE ( 'NONE', #3677, #8195, #5455, .T. ) ;
#3805 = VECTOR ( 'NONE', #4399, 1000.000000000000000 ) ;
#3806 = CARTESIAN_POINT ( 'NONE',  ( 0.0000000000000000000, 1.800000000000000000, 0.0000000000000000000 ) ) ;
#3807 = DIRECTION ( 'NONE',  ( 0.0000000000000000000, 0.0000000000000000000, -1.000000000000000000 ) ) ;
#3808 = VERTEX_POINT ( 'NONE', #9633 ) ;
#3809 = AXIS2_PLACEMENT_3D ( 'NONE', #2363, #9416, #1596 ) ;
#3810 = VERTEX_POINT ( 'NONE', #7226 ) ;
#3811 = EDGE_LOOP ( 'NONE', ( #7491, #5506, #4502, #2136 ) ) ;
#3812 = ORIENTED_EDGE ( 'NONE', *, *, #8550, .F. ) ;
#3813 = CARTESIAN_POINT ( 'NONE',  ( -11.17999999999999800, 1.000000000000000000, -13.82000000000000200 ) ) ;
#3814 = VECTOR ( 'NONE', #9384, 1000.000000000000000 ) ;
#3815 = EDGE_CURVE ( 'NONE', #10235, #8312, #8313, .T. ) ;
#3816 = CARTESIAN_POINT ( 'NONE',  ( 27.50000000000001100, 1.000000000000000000, 13.82000000000000200 ) ) ;
#3817 = ORIENTED_EDGE ( 'NONE', *, *, #9241, .F. ) ;
#3818 = EDGE_CURVE ( 'NONE', #815, #7528, #4347, .T. ) ;
#3819 = CARTESIAN_POINT ( 'NONE',  ( -21.33999999999999600, -8.000000000000000000, 13.82000000000000200 ) ) ;
#3820 = ORIENTED_EDGE ( 'NONE', *, *, #6550, .T. ) ;
#3821 =( GEOMETRIC_REPRESENTATION_CONTEXT ( 3 ) GLOBAL_UNCERTAINTY_ASSIGNED_CONTEXT ( ( #4623 ) ) GLOBAL_UNIT_ASSIGNED_CONTEXT ( ( #1761, #2776, #8146 ) ) REPRESENTATION_CONTEXT ( 'NONE', 'WORKASPACE' ) );
#3822 = PLANE ( 'NONE',  #6736 ) ;
#3823 = CARTESIAN_POINT ( 'NONE',  ( 21.34000000000000300, -8.000000000000000000, -14.12000000000000300 ) ) ;
#3824 = EDGE_LOOP ( 'NONE', ( #4286, #8515, #1051, #1658 ) ) ;
#3825 = DIRECTION ( 'NONE',  ( 0.0000000000000000000, 1.000000000000000000, 0.0000000000000000000 ) ) ;
#3826 = LINE ( 'NONE', #8277, #5671 ) ;
#3827 = ORIENTED_EDGE ( 'NONE', *, *, #5129, .F. ) ;
#3828 = ORIENTED_EDGE ( 'NONE', *, *, #3815, .F. ) ;
#3829 = CARTESIAN_POINT ( 'NONE',  ( -5.849999999999997900, 0.2000000000000000100, -14.12000000000000100 ) ) ;
#3830 = CARTESIAN_POINT ( 'NONE',  ( -24.09000000000000700, 1.800000000000000000, 7.935000000000006700 ) ) ;
#3831 = ORIENTED_EDGE ( 'NONE', *, *, #9496, .T. ) ;
#3832 = SURFACE_SIDE_STYLE ('',( #7056 ) ) ;
#3833 = VECTOR ( 'NONE', #90, 1000.000000000000000 ) ;
#3834 = EDGE_CURVE ( 'NONE', #6222, #3644, #3498, .T. ) ;
#3835 = CARTESIAN_POINT ( 'NONE',  ( -24.37999999999999900, -8.000000000000000000, 13.82000000000000200 ) ) ;
#3836 = PRESENTATION_LAYER_ASSIGNMENT (  '', '', ( #2602 ) ) ;
#3837 = EDGE_LOOP ( 'NONE', ( #8247, #9501, #6748, #1156 ) ) ;
#3838 = DIRECTION ( 'NONE',  ( 0.0000000000000000000, 1.000000000000000000, 0.0000000000000000000 ) ) ;
#3839 = DIRECTION ( 'NONE',  ( -1.000000000000000000, 0.0000000000000000000, 5.400758019853073200E-017 ) ) ;
#3840 = DIRECTION ( 'NONE',  ( -1.000000000000000000, -0.0000000000000000000, -0.0000000000000000000 ) ) ;
#3841 = CARTESIAN_POINT ( 'NONE',  ( 1.770000000000004200, 1.300000000000000000, -13.52000000000000300 ) ) ;
#3842 = LINE ( 'NONE', #3370, #868 ) ;
#3843 = DIRECTION ( 'NONE',  ( -1.000000000000000000, -0.0000000000000000000, -0.0000000000000000000 ) ) ;
#3844 = ORIENTED_EDGE ( 'NONE', *, *, #9515, .T. ) ;
#3845 = ADVANCED_FACE ( 'NONE', ( #4474 ), #4898, .T. ) ;
#3846 = EDGE_CURVE ( 'NONE', #2356, #2614, #1897, .T. ) ;
#3847 = FACE_OUTER_BOUND ( 'NONE', #4925, .T. ) ;
#3848 = LINE ( 'NONE', #2491, #1014 ) ;
#3849 = ORIENTED_EDGE ( 'NONE', *, *, #7139, .T. ) ;
#3850 = FILL_AREA_STYLE_COLOUR ( '', #2074 ) ;
#3851 = CARTESIAN_POINT ( 'NONE',  ( 24.08999999999999300, 2.000000000000000000, 7.934999999999997800 ) ) ;
#3852 = VECTOR ( 'NONE', #7857, 1000.000000000000000 ) ;
#3853 = DIRECTION ( 'NONE',  ( 0.0000000000000000000, 0.0000000000000000000, -1.000000000000000000 ) ) ;
#3854 = DIRECTION ( 'NONE',  ( 0.0000000000000000000, -1.000000000000000000, 0.0000000000000000000 ) ) ;
#3855 = VECTOR ( 'NONE', #4773, 1000.000000000000000 ) ;
#3856 = ORIENTED_EDGE ( 'NONE', *, *, #1455, .F. ) ;
#3857 = AXIS2_PLACEMENT_3D ( 'NONE', #5007, #2645, #9779 ) ;
#3858 = VECTOR ( 'NONE', #9706, 1000.000000000000000 ) ;
#3859 = LINE ( 'NONE', #447, #1776 ) ;
#3860 = CARTESIAN_POINT ( 'NONE',  ( 21.84000000000000700, 1.300000000000000000, 13.52000000000000300 ) ) ;
#3861 = LINE ( 'NONE', #3629, #1164 ) ;
#3862 = DIRECTION ( 'NONE',  ( -1.000000000000000000, -0.0000000000000000000, -0.0000000000000000000 ) ) ;
#3863 = MANIFOLD_SOLID_BREP ( 'LPattern1[29]', #4160 ) ;
#3864 = FILL_AREA_STYLE ('',( #2437 ) ) ;
#3865 = VECTOR ( 'NONE', #8205, 1000.000000000000000 ) ;
#3866 = LINE ( 'NONE', #1429, #2653 ) ;
#3867 = CARTESIAN_POINT ( 'NONE',  ( -8.639999999999998800, -8.000000000000000000, -14.12000000000000300 ) ) ;
#3868 = LINE ( 'NONE', #3159, #7059 ) ;
#3869 = LINE ( 'NONE', #8267, #1788 ) ;
#3870 = EDGE_CURVE ( 'NONE', #7714, #1275, #1774, .T. ) ;
#3871 = LINE ( 'NONE', #7389, #9822 ) ;
#3872 = PLANE ( 'NONE',  #4943 ) ;
#3873 = DIRECTION ( 'NONE',  ( -0.0000000000000000000, 1.000000000000000000, -0.0000000000000000000 ) ) ;
#3874 = DIRECTION ( 'NONE',  ( 0.0000000000000000000, -0.0000000000000000000, 1.000000000000000000 ) ) ;
#3875 = VECTOR ( 'NONE', #754, 1000.000000000000000 ) ;
#3876 = FACE_OUTER_BOUND ( 'NONE', #2724, .T. ) ;
#3877 = EDGE_CURVE ( 'NONE', #3527, #9220, #2518, .T. ) ;
#3878 = VECTOR ( 'NONE', #3719, 1000.000000000000000 ) ;
#3879 = DIRECTION ( 'NONE',  ( 0.0000000000000000000, 0.0000000000000000000, -1.000000000000000000 ) ) ;
#3880 = VERTEX_POINT ( 'NONE', #2637 ) ;
#3881 = ORIENTED_EDGE ( 'NONE', *, *, #6525, .F. ) ;
#3882 = EDGE_CURVE ( 'NONE', #1722, #4518, #7789, .T. ) ;
#3883 = ADVANCED_FACE ( 'NONE', ( #275 ), #5921, .F. ) ;
#3884 = VERTEX_POINT ( 'NONE', #8282 ) ;
#3885 = ORIENTED_EDGE ( 'NONE', *, *, #9399, .T. ) ;
#3886 = EDGE_LOOP ( 'NONE', ( #4356, #5515, #4542, #6749, #672, #7262, #8059, #9685 ) ) ;
#3887 = VECTOR ( 'NONE', #7197, 1000.000000000000000 ) ;
#3888 = VECTOR ( 'NONE', #6010, 1000.000000000000000 ) ;
#3889 = VERTEX_POINT ( 'NONE', #5059 ) ;
#3890 = DIRECTION ( 'NONE',  ( 0.0000000000000000000, 0.0000000000000000000, -1.000000000000000000 ) ) ;
#3891 = DIRECTION ( 'NONE',  ( 0.0000000000000000000, 1.000000000000000000, -1.577021341797097600E-015 ) ) ;
#3892 = CARTESIAN_POINT ( 'NONE',  ( -0.7699999999999963500, 0.0000000000000000000, 0.0000000000000000000 ) ) ;
#3893 = VECTOR ( 'NONE', #405, 1000.000000000000000 ) ;
#3894 = ORIENTED_EDGE ( 'NONE', *, *, #22, .F. ) ;
#3895 = ORIENTED_EDGE ( 'NONE', *, *, #200, .T. ) ;
#3896 = ORIENTED_EDGE ( 'NONE', *, *, #8015, .F. ) ;
#3897 = ORIENTED_EDGE ( 'NONE', *, *, #9267, .T. ) ;
#3898 = ADVANCED_FACE ( 'NONE', ( #2147 ), #2824, .F. ) ;
#3899 = VERTEX_POINT ( 'NONE', #2007 ) ;
#3900 = DIRECTION ( 'NONE',  ( 1.000000000000000000, 0.0000000000000000000, 0.0000000000000000000 ) ) ;
#3901 = LINE ( 'NONE', #850, #8223 ) ;
#3902 = PLANE ( 'NONE',  #2506 ) ;
#3903 = CARTESIAN_POINT ( 'NONE',  ( -23.87999999999999900, 0.2000000000000000900, 0.0000000000000000000 ) ) ;
#3904 = FACE_OUTER_BOUND ( 'NONE', #6022, .T. ) ;
#3905 = CARTESIAN_POINT ( 'NONE',  ( 25.49999999999998900, 1.700000000000000000, 9.180000000000003300 ) ) ;
#3906 = ORIENTED_EDGE ( 'NONE', *, *, #6563, .F. ) ;
#3907 = DIRECTION ( 'NONE',  ( -1.000000000000000000, -0.0000000000000000000, -0.0000000000000000000 ) ) ;
#3908 = DIRECTION ( 'NONE',  ( -1.000000000000000000, -0.0000000000000000000, -0.0000000000000000000 ) ) ;
#3909 = DIRECTION ( 'NONE',  ( 1.000000000000000000, 0.0000000000000000000, 0.0000000000000000000 ) ) ;
#3910 = EDGE_CURVE ( 'NONE', #2062, #5050, #8172, .T. ) ;
#3911 = ORIENTED_EDGE ( 'NONE', *, *, #2728, .F. ) ;
#3912 = VECTOR ( 'NONE', #1622, 1000.000000000000000 ) ;
#3913 = EDGE_CURVE ( 'NONE', #3808, #3048, #2644, .T. ) ;
#3914 = DIRECTION ( 'NONE',  ( 0.0000000000000000000, -1.000000000000000000, 0.0000000000000000000 ) ) ;
#3915 = VECTOR ( 'NONE', #4082, 1000.000000000000000 ) ;
#3916 = CARTESIAN_POINT ( 'NONE',  ( 4.060000000000004900, 1.300000000000000000, -14.12000000000000300 ) ) ;
#3917 = ORIENTED_EDGE ( 'NONE', *, *, #1901, .F. ) ;
#3918 = ORIENTED_EDGE ( 'NONE', *, *, #3484, .T. ) ;
#3919 = ORIENTED_EDGE ( 'NONE', *, *, #5169, .T. ) ;
#3920 = ORIENTED_EDGE ( 'NONE', *, *, #10212, .T. ) ;
#3921 = DIRECTION ( 'NONE',  ( 1.000000000000000000, 0.0000000000000000000, -0.0000000000000000000 ) ) ;
#3922 = VECTOR ( 'NONE', #6635, 1000.000000000000000 ) ;
#3923 = EDGE_CURVE ( 'NONE', #8002, #9834, #5333, .T. ) ;
#3924 = EDGE_LOOP ( 'NONE', ( #217, #7497, #306, #5685, #2731, #9188, #9654, #3161 ) ) ;
#3925 = VECTOR ( 'NONE', #6728, 1000.000000000000000 ) ;
#3926 = CARTESIAN_POINT ( 'NONE',  ( -23.62999999999999900, 0.2000000000000000900, 13.82000000000000200 ) ) ;
#3927 = ORIENTED_EDGE ( 'NONE', *, *, #1775, .F. ) ;
#3928 = ORIENTED_EDGE ( 'NONE', *, *, #7838, .F. ) ;
#3929 = CARTESIAN_POINT ( 'NONE',  ( 24.38000000000000600, 1.000000000000000000, 13.82000000000000200 ) ) ;
#3930 = AXIS2_PLACEMENT_3D ( 'NONE', #5812, #3524, #6530 ) ;
#3931 = EDGE_LOOP ( 'NONE', ( #4849, #1969, #136, #3462, #8828, #9898 ) ) ;
#3932 = CARTESIAN_POINT ( 'NONE',  ( 23.88000000000000600, -8.000000000000000000, 13.82000000000000200 ) ) ;
#3933 = ORIENTED_EDGE ( 'NONE', *, *, #5005, .F. ) ;
#3934 = VECTOR ( 'NONE', #3652, 1000.000000000000000 ) ;
#3935 = VERTEX_POINT ( 'NONE', #8159 ) ;
#3936 = EDGE_CURVE ( 'NONE', #3157, #32, #387, .T. ) ;
#3937 = PLANE ( 'NONE',  #3743 ) ;
#3938 = DIRECTION ( 'NONE',  ( 0.0000000000000000000, -0.0000000000000000000, 1.000000000000000000 ) ) ;
#3939 = ORIENTED_EDGE ( 'NONE', *, *, #2759, .F. ) ;
#3940 = ORIENTED_EDGE ( 'NONE', *, *, #770, .T. ) ;
#3941 =( LENGTH_UNIT ( ) NAMED_UNIT ( * ) SI_UNIT ( .MILLI., .METRE. ) );
#3942 = DIRECTION ( 'NONE',  ( 0.0000000000000000000, 1.000000000000000000, 0.0000000000000000000 ) ) ;
#3943 = ADVANCED_FACE ( 'NONE', ( #3374 ), #8315, .T. ) ;
#3944 = CARTESIAN_POINT ( 'NONE',  ( 8.390000000000002300, 0.2000000000000000100, -14.12000000000000100 ) ) ;
#3945 = EDGE_CURVE ( 'NONE', #2088, #4302, #7162, .T. ) ;
#3946 = ORIENTED_EDGE ( 'NONE', *, *, #4659, .F. ) ;
#3947 = CARTESIAN_POINT ( 'NONE',  ( -23.87999999999999900, 1.300000000000000000, -13.52000000000000300 ) ) ;
#3948 = DIRECTION ( 'NONE',  ( 1.000000000000000000, 0.0000000000000000000, 6.195440985631462200E-016 ) ) ;
#3949 = ORIENTED_EDGE ( 'NONE', *, *, #5040, .F. ) ;
#3950 = EDGE_CURVE ( 'NONE', #3264, #9116, #4339, .T. ) ;
#3951 = DIRECTION ( 'NONE',  ( -0.0000000000000000000, 0.0000000000000000000, 1.000000000000000000 ) ) ;
#3952 = CARTESIAN_POINT ( 'NONE',  ( 6.850000000000002300, 1.000000000000000000, -13.52000000000000300 ) ) ;
#3953 = EDGE_CURVE ( 'NONE', #4244, #7849, #1146, .T. ) ;
#3954 = DIRECTION ( 'NONE',  ( 0.0000000000000000000, -0.0000000000000000000, 1.000000000000000000 ) ) ;
#3955 = ORIENTED_EDGE ( 'NONE', *, *, #2234, .T. ) ;
#3956 = CARTESIAN_POINT ( 'NONE',  ( -18.79999999999999700, -8.000000000000000000, -13.82000000000000200 ) ) ;
#3957 = LINE ( 'NONE', #4893, #8528 ) ;
#3958 = ORIENTED_EDGE ( 'NONE', *, *, #1451, .F. ) ;
#3959 =( GEOMETRIC_REPRESENTATION_CONTEXT ( 3 ) GLOBAL_UNCERTAINTY_ASSIGNED_CONTEXT ( ( #4185 ) ) GLOBAL_UNIT_ASSIGNED_CONTEXT ( ( #6889, #3005, #9281 ) ) REPRESENTATION_CONTEXT ( 'NONE', 'WORKASPACE' ) );
#3960 = CARTESIAN_POINT ( 'NONE',  ( -21.33999999999999600, 1.000000000000000000, 13.52000000000000300 ) ) ;
#3961 = AXIS2_PLACEMENT_3D ( 'NONE', #9088, #6078, #5157 ) ;
#3962 = CARTESIAN_POINT ( 'NONE',  ( -18.54999999999999700, 1.000000000000000000, -13.82000000000000200 ) ) ;
#3963 = CARTESIAN_POINT ( 'NONE',  ( -25.50000000000000700, 1.700000000000000000, 9.180000000000003300 ) ) ;
#3964 = CARTESIAN_POINT ( 'NONE',  ( 3.560000000000004100, -8.000000000000000000, -14.12000000000000300 ) ) ;
#3965 = LINE ( 'NONE', #8881, #5795 ) ;
#3966 = VERTEX_POINT ( 'NONE', #7415 ) ;
#3967 = DIRECTION ( 'NONE',  ( 0.0000000000000000000, 1.000000000000000000, 0.0000000000000000000 ) ) ;
#3968 = DIRECTION ( 'NONE',  ( -0.0000000000000000000, -0.0000000000000000000, 1.000000000000000000 ) ) ;
#3969 = VECTOR ( 'NONE', #1595, 1000.000000000000000 ) ;
#3970 = EDGE_CURVE ( 'NONE', #563, #5909, #3015, .T. ) ;
#3971 = CARTESIAN_POINT ( 'NONE',  ( 1.520000000000004000, -8.000000000000000000, -14.12000000000000300 ) ) ;
#3972 = CARTESIAN_POINT ( 'NONE',  ( 14.47000000000000400, 1.300000000000000000, -13.52000000000000300 ) ) ;
#3973 = FACE_OUTER_BOUND ( 'NONE', #2939, .T. ) ;
#3974 = DIRECTION ( 'NONE',  ( -0.0000000000000000000, 1.000000000000000000, 0.0000000000000000000 ) ) ;
#3975 = ORIENTED_EDGE ( 'NONE', *, *, #1000, .T. ) ;
#3976 = VECTOR ( 'NONE', #8397, 1000.000000000000000 ) ;
#3977 = DIRECTION ( 'NONE',  ( -0.0000000000000000000, 1.000000000000000000, -0.0000000000000000000 ) ) ;
#3978 = ORIENTED_EDGE ( 'NONE', *, *, #9563, .T. ) ;
#3979 = LINE ( 'NONE', #10118, #4832 ) ;
#3980 = DIRECTION ( 'NONE',  ( -0.0000000000000000000, 0.0000000000000000000, 1.000000000000000000 ) ) ;
#3981 = EDGE_CURVE ( 'NONE', #2683, #240, #7047, .T. ) ;
#3982 = LINE ( 'NONE', #1067, #7527 ) ;
#3983 = CARTESIAN_POINT ( 'NONE',  ( -23.87999999999999900, 1.000000000000000000, 13.82000000000000200 ) ) ;
#3984 = FACE_OUTER_BOUND ( 'NONE', #9073, .T. ) ;
#3985 = PLANE ( 'NONE',  #6584 ) ;
#3986 = VECTOR ( 'NONE', #6996, 1000.000000000000000 ) ;
#3987 = ADVANCED_FACE ( 'NONE', ( #522 ), #5309, .F. ) ;
#3988 = LINE ( 'NONE', #3124, #535 ) ;
#3989 = LINE ( 'NONE', #4321, #2166 ) ;
#3990 = DIRECTION ( 'NONE',  ( 0.0000000000000000000, -1.000000000000000000, 0.0000000000000000000 ) ) ;
#3991 = CARTESIAN_POINT ( 'NONE',  ( -8.389999999999998800, 0.2000000000000000100, -14.12000000000000100 ) ) ;
#3992 = EDGE_CURVE ( 'NONE', #1415, #7745, #3728, .T. ) ;
#3993 = ORIENTED_EDGE ( 'NONE', *, *, #4848, .F. ) ;
#3994 = VECTOR ( 'NONE', #3663, 1000.000000000000000 ) ;
#3995 = LINE ( 'NONE', #5287, #2408 ) ;
#3996 = FACE_OUTER_BOUND ( 'NONE', #1967, .T. ) ;
#3997 = ORIENTED_EDGE ( 'NONE', *, *, #9091, .T. ) ;
#3998 = CARTESIAN_POINT ( 'NONE',  ( 24.63000000000000600, 0.2000000000000000900, 13.82000000000000200 ) ) ;
#3999 = LINE ( 'NONE', #8149, #5592 ) ;
#4000 = CARTESIAN_POINT ( 'NONE',  ( -19.29999999999999700, 0.2000000000000000100, -14.12000000000000100 ) ) ;
#4001 = ORIENTED_EDGE ( 'NONE', *, *, #9536, .T. ) ;
#4002 = ORIENTED_EDGE ( 'NONE', *, *, #6735, .F. ) ;
#4003 = LINE ( 'NONE', #1574, #291 ) ;
#4004 = ORIENTED_EDGE ( 'NONE', *, *, #5136, .T. ) ;
#4005 = ORIENTED_EDGE ( 'NONE', *, *, #3279, .F. ) ;
#4006 = FACE_OUTER_BOUND ( 'NONE', #1918, .T. ) ;
#4007 = LINE ( 'NONE', #4808, #6581 ) ;
#4008 = VERTEX_POINT ( 'NONE', #5886 ) ;
#4009 = DIRECTION ( 'NONE',  ( -0.0000000000000000000, -0.0000000000000000000, -1.000000000000000000 ) ) ;
#4010 = CARTESIAN_POINT ( 'NONE',  ( 9.390000000000002300, 1.000000000000000000, -13.82000000000000200 ) ) ;
#4011 = EDGE_CURVE ( 'NONE', #1459, #3682, #2141, .T. ) ;
#4012 = CARTESIAN_POINT ( 'NONE',  ( -25.50000000000000700, 1.800000000000000000, 9.180000000000003300 ) ) ;
#4013 = EDGE_LOOP ( 'NONE', ( #4869, #6192, #10238, #4097 ) ) ;
#4014 = ORIENTED_EDGE ( 'NONE', *, *, #4369, .T. ) ;
#4015 = DIRECTION ( 'NONE',  ( -1.000000000000000000, -0.0000000000000000000, -0.0000000000000000000 ) ) ;
#4016 = DIRECTION ( 'NONE',  ( 0.0000000000000000000, 0.0000000000000000000, -1.000000000000000000 ) ) ;
#4017 = ORIENTED_EDGE ( 'NONE', *, *, #2375, .T. ) ;
#4018 = ORIENTED_EDGE ( 'NONE', *, *, #3518, .F. ) ;
#4019 = EDGE_CURVE ( 'NONE', #6970, #5153, #2772, .T. ) ;
#4020 = ORIENTED_EDGE ( 'NONE', *, *, #6514, .F. ) ;
#4021 = VECTOR ( 'NONE', #6156, 1000.000000000000000 ) ;
#4022 = AXIS2_PLACEMENT_3D ( 'NONE', #5052, #5024, #5122 ) ;
#4023 = EDGE_LOOP ( 'NONE', ( #1237, #7255, #5711, #2048 ) ) ;
#4024 = CARTESIAN_POINT ( 'NONE',  ( 0.0000000000000000000, 1.000000000000000000, 0.0000000000000000000 ) ) ;
#4025 = LINE ( 'NONE', #10231, #2566 ) ;
#4026 = VECTOR ( 'NONE', #3417, 1000.000000000000000 ) ;
#4027 = ORIENTED_EDGE ( 'NONE', *, *, #5420, .F. ) ;
#4028 = DIRECTION ( 'NONE',  ( 1.000000000000000000, 0.0000000000000000000, -1.800252673284358000E-016 ) ) ;
#4029 = ORIENTED_EDGE ( 'NONE', *, *, #1528, .F. ) ;
#4030 = ORIENTED_EDGE ( 'NONE', *, *, #2916, .F. ) ;
#4031 = ORIENTED_EDGE ( 'NONE', *, *, #2601, .F. ) ;
#4032 = CARTESIAN_POINT ( 'NONE',  ( 27.00000000000001100, 0.0000000000000000000, -7.320000000000002100 ) ) ;
#4033 = LINE ( 'NONE', #6452, #319 ) ;
#4034 = CARTESIAN_POINT ( 'NONE',  ( -21.33999999999999600, -8.000000000000000000, -13.82000000000000200 ) ) ;
#4035 = DIRECTION ( 'NONE',  ( 1.000000000000000000, 0.0000000000000000000, 0.0000000000000000000 ) ) ;
#4036 = CARTESIAN_POINT ( 'NONE',  ( -25.50000000000000700, 1.700000000000000000, -5.319999999999996700 ) ) ;
#4037 = ORIENTED_EDGE ( 'NONE', *, *, #2280, .T. ) ;
#4038 = CARTESIAN_POINT ( 'NONE',  ( 23.63000000000000600, 0.2000000000000000100, -14.12000000000000100 ) ) ;
#4039 = LINE ( 'NONE', #6662, #8982 ) ;
#4040 = CARTESIAN_POINT ( 'NONE',  ( -8.639999999999998800, 1.000000000000000000, -13.82000000000000200 ) ) ;
#4041 = PLANE ( 'NONE',  #8802 ) ;
#4042 = ADVANCED_FACE ( 'NONE', ( #8540 ), #6031, .F. ) ;
#4043 = FACE_OUTER_BOUND ( 'NONE', #2194, .T. ) ;
#4044 = VERTEX_POINT ( 'NONE', #2040 ) ;
#4045 = EDGE_CURVE ( 'NONE', #8002, #7714, #882, .T. ) ;
#4046 = VERTEX_POINT ( 'NONE', #444 ) ;
#4047 = ORIENTED_EDGE ( 'NONE', *, *, #2950, .F. ) ;
#4048 = DIRECTION ( 'NONE',  ( 1.000000000000000000, 0.0000000000000000000, 0.0000000000000000000 ) ) ;
#4049 = ORIENTED_EDGE ( 'NONE', *, *, #4988, .T. ) ;
#4050 = AXIS2_PLACEMENT_3D ( 'NONE', #5548, #9426, #5479 ) ;
#4051 = VECTOR ( 'NONE', #9096, 1000.000000000000000 ) ;
#4052 = DIRECTION ( 'NONE',  ( 0.0000000000000000000, -0.0000000000000000000, 1.000000000000000000 ) ) ;
#4053 = EDGE_LOOP ( 'NONE', ( #2720, #3180, #5887, #2578 ) ) ;
#4054 = ORIENTED_EDGE ( 'NONE', *, *, #1740, .T. ) ;
#4055 = EDGE_LOOP ( 'NONE', ( #7040, #9696, #4018, #6040 ) ) ;
#4056 = UNCERTAINTY_MEASURE_WITH_UNIT (LENGTH_MEASURE( 1.000000000000000100E-005 ), #5535, 'distance_accuracy_value', 'NONE');
#4057 = ORIENTED_EDGE ( 'NONE', *, *, #9276, .T. ) ;
#4058 = ORIENTED_EDGE ( 'NONE', *, *, #3598, .T. ) ;
#4059 = LINE ( 'NONE', #5336, #5904 ) ;
#4060 = DIRECTION ( 'NONE',  ( 1.800252673284358000E-016, 0.0000000000000000000, 1.000000000000000000 ) ) ;
#4061 = CARTESIAN_POINT ( 'NONE',  ( 23.88000000000000600, 0.2000000000000000900, 14.12000000000000100 ) ) ;
#4062 = DIRECTION ( 'NONE',  ( -0.0000000000000000000, 0.0000000000000000000, 1.000000000000000000 ) ) ;
#4063 = ADVANCED_FACE ( 'NONE', ( #8664 ), #9166, .T. ) ;
#4064 = ORIENTED_EDGE ( 'NONE', *, *, #534, .F. ) ;
#4065 = PLANE ( 'NONE',  #454 ) ;
#4066 = ORIENTED_EDGE ( 'NONE', *, *, #9196, .F. ) ;
#4067 = DIRECTION ( 'NONE',  ( 0.0000000000000000000, -1.000000000000000000, 4.336808689942017700E-015 ) ) ;
#4068 = VERTEX_POINT ( 'NONE', #1324 ) ;
#4069 = SURFACE_STYLE_USAGE ( .BOTH. , #8124 ) ;
#4070 = EDGE_CURVE ( 'NONE', #5834, #1430, #8422, .T. ) ;
#4071 =( NAMED_UNIT ( * ) SI_UNIT ( $, .STERADIAN. ) SOLID_ANGLE_UNIT ( ) );
#4072 = ORIENTED_EDGE ( 'NONE', *, *, #716, .F. ) ;
#4073 = PLANE ( 'NONE',  #7274 ) ;
#4074 = DIRECTION ( 'NONE',  ( 1.000000000000000000, 0.0000000000000000000, 0.0000000000000000000 ) ) ;
#4075 = EDGE_CURVE ( 'NONE', #2298, #6219, #1284, .T. ) ;
#4076 = DIRECTION ( 'NONE',  ( 0.0000000000000000000, 0.0000000000000000000, -1.000000000000000000 ) ) ;
#4077 = VERTEX_POINT ( 'NONE', #3618 ) ;
#4078 = CARTESIAN_POINT ( 'NONE',  ( -13.71999999999999700, -8.000000000000000000, -13.82000000000000200 ) ) ;
#4079 = EDGE_CURVE ( 'NONE', #10132, #3527, #1021, .T. ) ;
#4080 = VECTOR ( 'NONE', #3282, 1000.000000000000000 ) ;
#4081 = DIRECTION ( 'NONE',  ( -5.400758019853073800E-017, 0.0000000000000000000, -1.000000000000000000 ) ) ;
#4082 = DIRECTION ( 'NONE',  ( -0.0000000000000000000, 1.000000000000000000, -0.0000000000000000000 ) ) ;
#4083 = ORIENTED_EDGE ( 'NONE', *, *, #9830, .T. ) ;
#4084 = DIRECTION ( 'NONE',  ( 0.0000000000000000000, 0.0000000000000000000, -1.000000000000000000 ) ) ;
#4085 = DIRECTION ( 'NONE',  ( -0.0000000000000000000, 0.0000000000000000000, 1.000000000000000000 ) ) ;
#4086 = ADVANCED_FACE ( 'NONE', ( #9419 ), #6797, .F. ) ;
#4087 = CARTESIAN_POINT ( 'NONE',  ( 11.93000000000000300, 1.000000000000000000, -13.52000000000000300 ) ) ;
#4088 = VERTEX_POINT ( 'NONE', #9206 ) ;
#4089 = PRODUCT_RELATED_PRODUCT_CATEGORY ( 'part', '', ( #4556 ) ) ;
#4090 = CARTESIAN_POINT ( 'NONE',  ( -11.17999999999999800, -8.000000000000000000, -14.12000000000000300 ) ) ;
#4091 = CARTESIAN_POINT ( 'NONE',  ( -0.7699999999999963500, 1.300000000000000000, -14.12000000000000300 ) ) ;
#4092 = DIRECTION ( 'NONE',  ( -1.000000000000000000, -0.0000000000000000000, -0.0000000000000000000 ) ) ;
#4093 = DIRECTION ( 'NONE',  ( 0.0000000000000000000, 0.0000000000000000000, -1.000000000000000000 ) ) ;
#4094 = SURFACE_STYLE_FILL_AREA ( #7899 ) ;
#4095 = VECTOR ( 'NONE', #5311, 1000.000000000000000 ) ;
#4096 = DIRECTION ( 'NONE',  ( -1.000000000000000000, 0.0000000000000000000, 0.0000000000000000000 ) ) ;
#4097 = ORIENTED_EDGE ( 'NONE', *, *, #2677, .F. ) ;
#4098 = VECTOR ( 'NONE', #849, 1000.000000000000000 ) ;
#4099 = FILL_AREA_STYLE_COLOUR ( '', #4104 ) ;
#4100 = DIRECTION ( 'NONE',  ( 0.0000000000000000000, -1.000000000000000000, 4.336808689942017700E-015 ) ) ;
#4101 = EDGE_CURVE ( 'NONE', #1121, #8946, #8787, .T. ) ;
#4102 = CARTESIAN_POINT ( 'NONE',  ( -25.50000000000000700, 1.800000000000000000, -5.319999999999996700 ) ) ;
#4103 = AXIS2_PLACEMENT_3D ( 'NONE', #5749, #6526, #4928 ) ;
#4104 = COLOUR_RGB ( '',0.7921568627450980000, 0.8196078431372548800, 0.9333333333333333500 ) ;
#4105 = DIRECTION ( 'NONE',  ( 0.0000000000000000000, -0.0000000000000000000, 1.000000000000000000 ) ) ;
#4106 = LINE ( 'NONE', #9168, #2521 ) ;
#4107 = DIRECTION ( 'NONE',  ( 0.0000000000000000000, -0.0000000000000000000, -1.000000000000000000 ) ) ;
#4108 = ADVANCED_FACE ( 'NONE', ( #648 ), #2186, .F. ) ;
#4109 = FACE_OUTER_BOUND ( 'NONE', #8510, .T. ) ;
#4110 = CARTESIAN_POINT ( 'NONE',  ( -13.46999999999999700, 0.2000000000000000100, -13.81999999999999900 ) ) ;
#4111 = SURFACE_STYLE_FILL_AREA ( #3516 ) ;
#4112 = VECTOR ( 'NONE', #1864, 1000.000000000000000 ) ;
#4113 = EDGE_CURVE ( 'NONE', #4008, #2062, #8166, .T. ) ;
#4114 = VECTOR ( 'NONE', #10031, 1000.000000000000000 ) ;
#4115 = AXIS2_PLACEMENT_3D ( 'NONE', #4870, #3261, #4052 ) ;
#4116 = CARTESIAN_POINT ( 'NONE',  ( -25.50000000000000700, 1.800000000000000000, -5.319999999999996700 ) ) ;
#4117 = FACE_OUTER_BOUND ( 'NONE', #1318, .T. ) ;
#4118 = FACE_OUTER_BOUND ( 'NONE', #5054, .T. ) ;
#4119 = LINE ( 'NONE', #92, #9810 ) ;
#4120 = VECTOR ( 'NONE', #7614, 1000.000000000000000 ) ;
#4121 = DIRECTION ( 'NONE',  ( 0.0000000000000000000, 0.0000000000000000000, -1.000000000000000000 ) ) ;
#4122 = ORIENTED_EDGE ( 'NONE', *, *, #10, .T. ) ;
#4123 = CARTESIAN_POINT ( 'NONE',  ( -21.33999999999999600, 1.300000000000000000, 14.12000000000000300 ) ) ;
#4124 = CARTESIAN_POINT ( 'NONE',  ( 21.34000000000000300, -8.000000000000000000, -13.82000000000000200 ) ) ;
#4125 = CARTESIAN_POINT ( 'NONE',  ( 4.310000000000004900, 0.2000000000000000100, -13.81999999999999900 ) ) ;
#4126 = DIRECTION ( 'NONE',  ( 0.0000000000000000000, -1.000000000000000000, 0.0000000000000000000 ) ) ;
#4127 = EDGE_CURVE ( 'NONE', #564, #1510, #9163, .T. ) ;
#4128 = VECTOR ( 'NONE', #1365, 1000.000000000000000 ) ;
#4129 = ORIENTED_EDGE ( 'NONE', *, *, #3210, .F. ) ;
#4130 = CARTESIAN_POINT ( 'NONE',  ( 4.060000000000004900, -8.000000000000000000, -14.12000000000000300 ) ) ;
#4131 = ORIENTED_EDGE ( 'NONE', *, *, #4466, .T. ) ;
#4132 = VERTEX_POINT ( 'NONE', #6907 ) ;
#4133 = EDGE_LOOP ( 'NONE', ( #6009, #2013, #5724, #6152 ) ) ;
#4134 = ORIENTED_EDGE ( 'NONE', *, *, #8440, .F. ) ;
#4135 = VECTOR ( 'NONE', #1719, 1000.000000000000000 ) ;
#4136 = DIRECTION ( 'NONE',  ( 0.0000000000000000000, 0.0000000000000000000, -1.000000000000000000 ) ) ;
#4137 = LINE ( 'NONE', #7107, #1053 ) ;
#4138 = EDGE_LOOP ( 'NONE', ( #8402, #7158, #8968, #5188 ) ) ;
#4139 = ADVANCED_FACE ( 'NONE', ( #3 ), #4681, .F. ) ;
#4140 = VERTEX_POINT ( 'NONE', #3017 ) ;
#4141 = ORIENTED_EDGE ( 'NONE', *, *, #8421, .F. ) ;
#4142 = CARTESIAN_POINT ( 'NONE',  ( -18.79999999999999700, 0.2000000000000000900, -14.12000000000000300 ) ) ;
#4143 = EDGE_CURVE ( 'NONE', #5594, #5640, #3979, .T. ) ;
#4144 = CARTESIAN_POINT ( 'NONE',  ( -9.389999999999998800, 0.2000000000000000100, -13.81999999999999900 ) ) ;
#4145 = ORIENTED_EDGE ( 'NONE', *, *, #5832, .T. ) ;
#4146 = ORIENTED_EDGE ( 'NONE', *, *, #2372, .T. ) ;
#4147 = ORIENTED_EDGE ( 'NONE', *, *, #5354, .F. ) ;
#4148 = EDGE_CURVE ( 'NONE', #5839, #8268, #1889, .T. ) ;
#4149 = DIRECTION ( 'NONE',  ( 0.0000000000000000000, -0.0000000000000000000, 1.000000000000000000 ) ) ;
#4150 = FACE_OUTER_BOUND ( 'NONE', #855, .T. ) ;
#4151 = CARTESIAN_POINT ( 'NONE',  ( 1.770000000000004200, 1.000000000000000000, -13.82000000000000200 ) ) ;
#4152 = VERTEX_POINT ( 'NONE', #9343 ) ;
#4153 = AXIS2_PLACEMENT_3D ( 'NONE', #8986, #4214, #6539 ) ;
#4154 = DIRECTION ( 'NONE',  ( 0.0000000000000000000, 0.0000000000000000000, -1.000000000000000000 ) ) ;
#4155 = ORIENTED_EDGE ( 'NONE', *, *, #3492, .T. ) ;
#4156 = AXIS2_PLACEMENT_3D ( 'NONE', #8514, #3796, #9305 ) ;
#4157 = LINE ( 'NONE', #7663, #8848 ) ;
#4158 = FACE_OUTER_BOUND ( 'NONE', #292, .T. ) ;
#4159 = CARTESIAN_POINT ( 'NONE',  ( -1.019999999999996700, -8.000000000000000000, -14.12000000000000300 ) ) ;
#4160 = CLOSED_SHELL ( 'NONE', ( #2895, #300, #1036, #8817, #7656, #5540, #8918, #7582, #10227, #6607, #4313, #9857 ) ) ;
#4161 = ORIENTED_EDGE ( 'NONE', *, *, #10041, .F. ) ;
#4162 = ORIENTED_EDGE ( 'NONE', *, *, #4667, .T. ) ;
#4163 = CARTESIAN_POINT ( 'NONE',  ( 21.34000000000000300, -8.000000000000000000, -14.12000000000000300 ) ) ;
#4164 = ADVANCED_FACE ( 'NONE', ( #5079 ), #7771, .F. ) ;
#4165 = DIRECTION ( 'NONE',  ( -0.0000000000000000000, 1.000000000000000000, -0.0000000000000000000 ) ) ;
#4166 = VERTEX_POINT ( 'NONE', #2289 ) ;
#4167 = LINE ( 'NONE', #7019, #5518 ) ;
#4168 = CARTESIAN_POINT ( 'NONE',  ( 4.060000000000004900, 0.2000000000000000100, 0.0000000000000000000 ) ) ;
#4169 = EDGE_CURVE ( 'NONE', #8360, #9458, #6665, .T. ) ;
#4170 = AXIS2_PLACEMENT_3D ( 'NONE', #6713, #7612, #4481 ) ;
#4171 = ORIENTED_EDGE ( 'NONE', *, *, #822, .F. ) ;
#4172 = CARTESIAN_POINT ( 'NONE',  ( -1.519999999999997100, 0.0000000000000000000, 0.0000000000000000000 ) ) ;
#4173 = EDGE_LOOP ( 'NONE', ( #6398, #6732, #6234, #9085 ) ) ;
#4174 = ORIENTED_EDGE ( 'NONE', *, *, #2907, .T. ) ;
#4175 = VERTEX_POINT ( 'NONE', #6227 ) ;
#4176 = ORIENTED_EDGE ( 'NONE', *, *, #2770, .F. ) ;
#4177 = CARTESIAN_POINT ( 'NONE',  ( 19.55000000000000400, 0.2000000000000000100, -13.81999999999999900 ) ) ;
#4178 = CARTESIAN_POINT ( 'NONE',  ( 21.84000000000000700, 0.2000000000000000900, -14.12000000000000300 ) ) ;
#4179 = LINE ( 'NONE', #1386, #2737 ) ;
#4180 = CARTESIAN_POINT ( 'NONE',  ( 19.30000000000000400, -8.000000000000000000, -13.82000000000000200 ) ) ;
#4181 = CARTESIAN_POINT ( 'NONE',  ( -6.099999999999997900, -8.000000000000000000, -13.82000000000000200 ) ) ;
#4182 = EDGE_CURVE ( 'NONE', #6207, #2263, #8912, .T. ) ;
#4183 = ORIENTED_EDGE ( 'NONE', *, *, #9638, .F. ) ;
#4184 = STYLED_ITEM ( 'NONE', ( #9852 ), #5385 ) ;
#4185 = UNCERTAINTY_MEASURE_WITH_UNIT (LENGTH_MEASURE( 1.000000000000000100E-005 ), #6889, 'distance_accuracy_value', 'NONE');
#4186 = ORIENTED_EDGE ( 'NONE', *, *, #1115, .F. ) ;
#4187 = DIRECTION ( 'NONE',  ( 6.195440985631461200E-016, 0.0000000000000000000, -1.000000000000000000 ) ) ;
#4188 = DIRECTION ( 'NONE',  ( -0.0000000000000000000, -0.0000000000000000000, 1.000000000000000000 ) ) ;
#4189 = ORIENTED_EDGE ( 'NONE', *, *, #6553, .F. ) ;
#4190 =( NAMED_UNIT ( * ) PLANE_ANGLE_UNIT ( ) SI_UNIT ( $, .RADIAN. ) );
#4191 = EDGE_CURVE ( 'NONE', #1244, #732, #5219, .T. ) ;
#4192 = ADVANCED_FACE ( 'NONE', ( #9029 ), #3822, .T. ) ;
#4193 = ORIENTED_EDGE ( 'NONE', *, *, #9164, .T. ) ;
#4194 = ORIENTED_EDGE ( 'NONE', *, *, #7512, .F. ) ;
#4195 = CARTESIAN_POINT ( 'NONE',  ( -1.519999999999997100, 1.300000000000000000, -14.12000000000000300 ) ) ;
#4196 = DIRECTION ( 'NONE',  ( 0.0000000000000000000, 1.000000000000000000, -1.577021341797097600E-015 ) ) ;
#4197 = DIRECTION ( 'NONE',  ( 0.0000000000000000000, 1.000000000000000000, -1.577021341797097600E-015 ) ) ;
#4198 = ORIENTED_EDGE ( 'NONE', *, *, #9144, .T. ) ;
#4199 =( LENGTH_UNIT ( ) NAMED_UNIT ( * ) SI_UNIT ( .MILLI., .METRE. ) );
#4200 = FACE_OUTER_BOUND ( 'NONE', #3886, .T. ) ;
#4201 = ORIENTED_EDGE ( 'NONE', *, *, #5142, .F. ) ;
#4202 = EDGE_CURVE ( 'NONE', #3810, #2993, #7901, .T. ) ;
#4203 = CARTESIAN_POINT ( 'NONE',  ( -24.09000000000000700, 1.700000000000000000, 7.935000000000006700 ) ) ;
#4204 = DIRECTION ( 'NONE',  ( -1.000000000000000000, -0.0000000000000000000, -0.0000000000000000000 ) ) ;
#4205 = ORIENTED_EDGE ( 'NONE', *, *, #7128, .T. ) ;
#4206 = EDGE_CURVE ( 'NONE', #8724, #4489, #4463, .T. ) ;
#4207 = AXIS2_PLACEMENT_3D ( 'NONE', #9406, #4702, #10209 ) ;
#4208 = ADVANCED_FACE ( 'NONE', ( #1395 ), #616, .F. ) ;
#4209 = VECTOR ( 'NONE', #9597, 1000.000000000000000 ) ;
#4210 = CARTESIAN_POINT ( 'NONE',  ( -21.84000000000000000, 0.2000000000000000100, -14.12000000000000100 ) ) ;
#4211 = FACE_OUTER_BOUND ( 'NONE', #6143, .T. ) ;
#4212 = ORIENTED_EDGE ( 'NONE', *, *, #6458, .T. ) ;
#4213 = ORIENTED_EDGE ( 'NONE', *, *, #5549, .F. ) ;
#4214 = DIRECTION ( 'NONE',  ( -0.0000000000000000000, 1.000000000000000000, 0.0000000000000000000 ) ) ;
#4215 = CARTESIAN_POINT ( 'NONE',  ( -11.17999999999999800, 0.0000000000000000000, 0.0000000000000000000 ) ) ;
#4216 = VECTOR ( 'NONE', #4230, 1000.000000000000000 ) ;
#4217 = AXIS2_PLACEMENT_3D ( 'NONE', #2299, #3765, #6071 ) ;
#4218 = CARTESIAN_POINT ( 'NONE',  ( 11.68000000000000300, -8.000000000000000000, -14.12000000000000300 ) ) ;
#4219 = LINE ( 'NONE', #2473, #7296 ) ;
#4220 = DIRECTION ( 'NONE',  ( 0.0000000000000000000, 1.000000000000000000, 0.0000000000000000000 ) ) ;
#4221 = DIRECTION ( 'NONE',  ( 0.0000000000000000000, 0.0000000000000000000, -1.000000000000000000 ) ) ;
#4222 = CARTESIAN_POINT ( 'NONE',  ( -21.08999999999999600, 0.2000000000000000100, -13.81999999999999900 ) ) ;
#4223 = CARTESIAN_POINT ( 'NONE',  ( 6.850000000000002300, 0.2000000000000000100, -14.12000000000000100 ) ) ;
#4224 = LINE ( 'NONE', #419, #3248 ) ;
#4225 = CARTESIAN_POINT ( 'NONE',  ( 6.600000000000001400, -8.000000000000000000, -14.12000000000000300 ) ) ;
#4226 = LINE ( 'NONE', #8801, #5575 ) ;
#4227 = VECTOR ( 'NONE', #1110, 1000.000000000000000 ) ;
#4228 = CARTESIAN_POINT ( 'NONE',  ( -17.00999999999999800, 1.000000000000000000, -13.52000000000000300 ) ) ;
#4229 = EDGE_CURVE ( 'NONE', #7562, #7457, #3490, .T. ) ;
#4230 = DIRECTION ( 'NONE',  ( -1.000000000000000000, -0.0000000000000000000, -0.0000000000000000000 ) ) ;
#4231 = LINE ( 'NONE', #320, #6329 ) ;
#4232 = SURFACE_STYLE_USAGE ( .BOTH. , #162 ) ;
#4233 = ADVANCED_FACE ( 'NONE', ( #1388 ), #1491, .F. ) ;
#4234 = LINE ( 'NONE', #6776, #3745 ) ;
#4235 = LINE ( 'NONE', #1038, #26 ) ;
#4236 = DIRECTION ( 'NONE',  ( 0.0000000000000000000, -1.000000000000000000, -1.577021341797097600E-015 ) ) ;
#4237 = LINE ( 'NONE', #44, #3752 ) ;
#4238 = PLANE ( 'NONE',  #5673 ) ;
#4239 = ORIENTED_EDGE ( 'NONE', *, *, #1740, .F. ) ;
#4240 = ORIENTED_EDGE ( 'NONE', *, *, #7946, .F. ) ;
#4241 = VECTOR ( 'NONE', #2872, 1000.000000000000000 ) ;
#4242 = ORIENTED_EDGE ( 'NONE', *, *, #3712, .T. ) ;
#4243 = AXIS2_PLACEMENT_3D ( 'NONE', #5423, #5488, #6149 ) ;
#4244 = VERTEX_POINT ( 'NONE', #2359 ) ;
#4245 = FACE_OUTER_BOUND ( 'NONE', #3311, .T. ) ;
#4246 = VECTOR ( 'NONE', #7437, 1000.000000000000000 ) ;
#4247 = EDGE_LOOP ( 'NONE', ( #9138, #211, #614, #2414, #4913, #8324, #8649, #6955 ) ) ;
#4248 = DIRECTION ( 'NONE',  ( 0.0000000000000000000, -0.0000000000000000000, 1.000000000000000000 ) ) ;
#4249 = VECTOR ( 'NONE', #5438, 1000.000000000000000 ) ;
#4250 = ORIENTED_EDGE ( 'NONE', *, *, #2375, .F. ) ;
#4251 = ORIENTED_EDGE ( 'NONE', *, *, #9290, .T. ) ;
#4252 = CARTESIAN_POINT ( 'NONE',  ( -27.49999999999999600, 0.2000000000000000100, -13.81999999999999900 ) ) ;
#4253 = ORIENTED_EDGE ( 'NONE', *, *, #4303, .T. ) ;
#4254 = ORIENTED_EDGE ( 'NONE', *, *, #4264, .F. ) ;
#4255 = ORIENTED_EDGE ( 'NONE', *, *, #5060, .F. ) ;
#4256 = PLANE ( 'NONE',  #4342 ) ;
#4257 = LINE ( 'NONE', #10139, #51 ) ;
#4258 = FACE_OUTER_BOUND ( 'NONE', #9202, .T. ) ;
#4259 = VERTEX_POINT ( 'NONE', #684 ) ;
#4260 = DIRECTION ( 'NONE',  ( -1.000000000000000000, -0.0000000000000000000, -0.0000000000000000000 ) ) ;
#4261 = DIRECTION ( 'NONE',  ( -1.000000000000000000, -0.0000000000000000000, -0.0000000000000000000 ) ) ;
#4262 = ADVANCED_FACE ( 'NONE', ( #2889 ), #7841, .F. ) ;
#4263 = CARTESIAN_POINT ( 'NONE',  ( -21.08999999999999600, 1.300000000000000000, -14.12000000000000300 ) ) ;
#4264 = EDGE_CURVE ( 'NONE', #5849, #729, #2267, .T. ) ;
#4265 = CARTESIAN_POINT ( 'NONE',  ( 24.08999999999999300, 1.700000000000000000, -4.074999999999997500 ) ) ;
#4266 = LINE ( 'NONE', #3154, #450 ) ;
#4267 = LINE ( 'NONE', #10250, #4386 ) ;
#4268 = ORIENTED_EDGE ( 'NONE', *, *, #8007, .F. ) ;
#4269 = EDGE_LOOP ( 'NONE', ( #2429, #5758, #9125, #6927 ) ) ;
#4270 = ORIENTED_EDGE ( 'NONE', *, *, #10102, .F. ) ;
#4271 = EDGE_CURVE ( 'NONE', #5897, #4044, #7778, .T. ) ;
#4272 = ORIENTED_EDGE ( 'NONE', *, *, #3846, .F. ) ;
#4273 = FACE_OUTER_BOUND ( 'NONE', #6997, .T. ) ;
#4274 = DIRECTION ( 'NONE',  ( 0.0000000000000000000, -1.000000000000000000, 0.0000000000000000000 ) ) ;
#4275 = CARTESIAN_POINT ( 'NONE',  ( -23.62999999999999900, 0.2000000000000000900, 13.82000000000000200 ) ) ;
#4276 = EDGE_CURVE ( 'NONE', #9495, #6756, #6189, .T. ) ;
#4277 = DIRECTION ( 'NONE',  ( 0.0000000000000000000, 0.0000000000000000000, -1.000000000000000000 ) ) ;
#4278 = EDGE_LOOP ( 'NONE', ( #2799, #3466, #3059, #2560 ) ) ;
#4279 = CLOSED_SHELL ( 'NONE', ( #8595, #8187, #4042, #5020, #6169, #9151, #8640, #2727, #3178, #7856, #7894, #6475 ) ) ;
#4280 = ORIENTED_EDGE ( 'NONE', *, *, #1911, .T. ) ;
#4281 = LINE ( 'NONE', #5574, #7600 ) ;
#4282 = DIRECTION ( 'NONE',  ( 0.0000000000000000000, -1.000000000000000000, 0.0000000000000000000 ) ) ;
#4283 = DIRECTION ( 'NONE',  ( 0.0000000000000000000, -1.000000000000000000, 4.336808689942017700E-015 ) ) ;
#4284 = ORIENTED_EDGE ( 'NONE', *, *, #6273, .F. ) ;
#4285 = VECTOR ( 'NONE', #500, 1000.000000000000000 ) ;
#4286 = ORIENTED_EDGE ( 'NONE', *, *, #1120, .T. ) ;
#4287 = DIRECTION ( 'NONE',  ( -0.0000000000000000000, -0.0000000000000000000, -1.000000000000000000 ) ) ;
#4288 = DIRECTION ( 'NONE',  ( 0.0000000000000000000, 0.0000000000000000000, -1.000000000000000000 ) ) ;
#4289 =( GEOMETRIC_REPRESENTATION_CONTEXT ( 3 ) GLOBAL_UNCERTAINTY_ASSIGNED_CONTEXT ( ( #7961 ) ) GLOBAL_UNIT_ASSIGNED_CONTEXT ( ( #714, #10177, #10216 ) ) REPRESENTATION_CONTEXT ( 'NONE', 'WORKASPACE' ) );
#4290 = ORIENTED_EDGE ( 'NONE', *, *, #1451, .T. ) ;
#4291 = CARTESIAN_POINT ( 'NONE',  ( -13.71999999999999700, 1.300000000000000000, -13.52000000000000300 ) ) ;
#4292 = PLANE ( 'NONE',  #8877 ) ;
#4293 = CLOSED_SHELL ( 'NONE', ( #8849, #270, #5146, #169, #1144, #3494 ) ) ;
#4294 = ADVANCED_FACE ( 'NONE', ( #3847 ), #7873, .F. ) ;
#4295 = DIRECTION ( 'NONE',  ( 0.0000000000000000000, -1.000000000000000000, 0.0000000000000000000 ) ) ;
#4296 = ORIENTED_EDGE ( 'NONE', *, *, #4404, .F. ) ;
#4297 = CARTESIAN_POINT ( 'NONE',  ( -23.87999999999999900, -8.000000000000000000, 14.12000000000000300 ) ) ;
#4298 = CARTESIAN_POINT ( 'NONE',  ( -6.099999999999997900, 1.300000000000000000, -14.12000000000000300 ) ) ;
#4299 = CARTESIAN_POINT ( 'NONE',  ( 22.09000000000000700, 0.2000000000000000900, 13.82000000000000200 ) ) ;
#4301 = ORIENTED_EDGE ( 'NONE', *, *, #5400, .T. ) ;
#4300 = DIRECTION ( 'NONE',  ( -1.000000000000000000, -0.0000000000000000000, -0.0000000000000000000 ) ) ;
#4302 = VERTEX_POINT ( 'NONE', #724 ) ;
#4303 = EDGE_CURVE ( 'NONE', #7736, #3464, #3608, .T. ) ;
#4304 = AXIS2_PLACEMENT_3D ( 'NONE', #9243, #9990, #480 ) ;
#4305 = VECTOR ( 'NONE', #5600, 1000.000000000000000 ) ;
#4306 = DIRECTION ( 'NONE',  ( -0.0000000000000000000, -0.0000000000000000000, -1.000000000000000000 ) ) ;
#4307 = MANIFOLD_SOLID_BREP ( 'LPattern1[1]', #9619 ) ;
#4308 = ORIENTED_EDGE ( 'NONE', *, *, #2146, .F. ) ;
#4309 = DIRECTION ( 'NONE',  ( -0.0000000000000000000, 1.000000000000000000, -0.0000000000000000000 ) ) ;
#4310 = ORIENTED_EDGE ( 'NONE', *, *, #5465, .T. ) ;
#4311 = CARTESIAN_POINT ( 'NONE',  ( 6.850000000000002300, 1.000000000000000000, -13.52000000000000300 ) ) ;
#4312 = EDGE_CURVE ( 'NONE', #3880, #8074, #6534, .T. ) ;
#4313 = ADVANCED_FACE ( 'NONE', ( #5803 ), #2362, .F. ) ;
#4314 = AXIS2_PLACEMENT_3D ( 'NONE', #2562, #1064, #1101 ) ;
#4315 = ORIENTED_EDGE ( 'NONE', *, *, #3563, .T. ) ;
#4316 = DIRECTION ( 'NONE',  ( 0.0000000000000000000, 0.0000000000000000000, -1.000000000000000000 ) ) ;
#4317 = DIRECTION ( 'NONE',  ( 1.000000000000000000, 0.0000000000000000000, 0.0000000000000000000 ) ) ;
#4318 = CARTESIAN_POINT ( 'NONE',  ( -4.059999999999997800, 0.2000000000000000100, -13.81999999999999900 ) ) ;
#4319 = DIRECTION ( 'NONE',  ( 0.0000000000000000000, 0.0000000000000000000, -1.000000000000000000 ) ) ;
#4320 = CARTESIAN_POINT ( 'NONE',  ( 2.999999999999982700, 1.000000000000000000, -10.35000000000000000 ) ) ;
#4321 = CARTESIAN_POINT ( 'NONE',  ( -18.79999999999999700, -8.000000000000000000, -14.12000000000000300 ) ) ;
#4322 = EDGE_CURVE ( 'NONE', #1168, #3531, #3366, .T. ) ;
#4323 = ORIENTED_EDGE ( 'NONE', *, *, #935, .F. ) ;
#4324 = LINE ( 'NONE', #2207, #999 ) ;
#4325 = DIRECTION ( 'NONE',  ( 0.0000000000000000000, -0.0000000000000000000, -1.000000000000000000 ) ) ;
#4326 = ORIENTED_EDGE ( 'NONE', *, *, #7765, .T. ) ;
#4327 = AXIS2_PLACEMENT_3D ( 'NONE', #6609, #7152, #54 ) ;
#4328 = CARTESIAN_POINT ( 'NONE',  ( -18.54999999999999700, 1.000000000000000000, -13.82000000000000200 ) ) ;
#4329 = SURFACE_SIDE_STYLE ('',( #8010 ) ) ;
#4330 = EDGE_CURVE ( 'NONE', #93, #5299, #9922, .T. ) ;
#4331 = LINE ( 'NONE', #9341, #381 ) ;
#4332 = CARTESIAN_POINT ( 'NONE',  ( -24.09000000000000700, 1.700000000000000000, 7.935000000000006700 ) ) ;
#4333 = ORIENTED_EDGE ( 'NONE', *, *, #7692, .T. ) ;
#4334 = EDGE_CURVE ( 'NONE', #7116, #8641, #6294, .T. ) ;
#4335 = CARTESIAN_POINT ( 'NONE',  ( 9.140000000000002300, -8.000000000000000000, -14.12000000000000300 ) ) ;
#4336 = CARTESIAN_POINT ( 'NONE',  ( -24.62999999999999900, 1.000000000000000000, 13.52000000000000300 ) ) ;
#4337 = ADVANCED_FACE ( 'NONE', ( #3720 ), #3185, .F. ) ;
#4338 = DIRECTION ( 'NONE',  ( -1.000000000000000000, -0.0000000000000000000, -0.0000000000000000000 ) ) ;
#4339 = LINE ( 'NONE', #7384, #2899 ) ;
#4340 = DIRECTION ( 'NONE',  ( 0.0000000000000000000, 1.000000000000000000, 0.0000000000000000000 ) ) ;
#4341 = LINE ( 'NONE', #117, #7166 ) ;
#4342 = AXIS2_PLACEMENT_3D ( 'NONE', #7375, #8185, #10075 ) ;
#4343 = AXIS2_PLACEMENT_3D ( 'NONE', #4036, #6456, #9658 ) ;
#4344 = FACE_OUTER_BOUND ( 'NONE', #3252, .T. ) ;
#4345 = PLANE ( 'NONE',  #9180 ) ;
#4346 = ORIENTED_EDGE ( 'NONE', *, *, #8632, .F. ) ;
#4347 = LINE ( 'NONE', #159, #5820 ) ;
#4348 = CARTESIAN_POINT ( 'NONE',  ( 21.84000000000000700, 1.300000000000000000, 13.52000000000000300 ) ) ;
#4349 = PLANE ( 'NONE',  #7971 ) ;
#4350 = LINE ( 'NONE', #4825, #3617 ) ;
#4351 = LINE ( 'NONE', #7526, #6432 ) ;
#4352 = EDGE_CURVE ( 'NONE', #8714, #4574, #1271, .T. ) ;
#4353 = VECTOR ( 'NONE', #6555, 1000.000000000000000 ) ;
#4354 = VECTOR ( 'NONE', #7524, 1000.000000000000000 ) ;
#4355 = DIRECTION ( 'NONE',  ( 0.0000000000000000000, -1.000000000000000000, 4.336808689942017700E-015 ) ) ;
#4356 = ORIENTED_EDGE ( 'NONE', *, *, #2411, .T. ) ;
#4357 = LINE ( 'NONE', #8018, #5226 ) ;
#4358 = DIRECTION ( 'NONE',  ( 0.0000000000000000000, -1.000000000000000000, 0.0000000000000000000 ) ) ;
#4359 = CARTESIAN_POINT ( 'NONE',  ( -23.62999999999999900, 0.0000000000000000000, 0.0000000000000000000 ) ) ;
#4360 = ADVANCED_FACE ( 'NONE', ( #2382 ), #853, .F. ) ;
#4361 = LINE ( 'NONE', #6357, #30 ) ;
#4362 = ORIENTED_EDGE ( 'NONE', *, *, #2759, .T. ) ;
#4363 = DIRECTION ( 'NONE',  ( 0.0000000000000000000, -1.000000000000000000, 0.0000000000000000000 ) ) ;
#4364 = VECTOR ( 'NONE', #3196, 1000.000000000000000 ) ;
#4365 = ORIENTED_EDGE ( 'NONE', *, *, #5489, .T. ) ;
#4366 = VECTOR ( 'NONE', #8892, 1000.000000000000000 ) ;
#4367 = LINE ( 'NONE', #10099, #4739 ) ;
#4368 = ORIENTED_EDGE ( 'NONE', *, *, #4603, .F. ) ;
#4369 = EDGE_CURVE ( 'NONE', #5388, #8337, #10160, .T. ) ;
#4370 = CARTESIAN_POINT ( 'NONE',  ( -1.019999999999996700, -8.000000000000000000, -14.12000000000000300 ) ) ;
#4371 = DIRECTION ( 'NONE',  ( -0.0000000000000000000, 1.000000000000000000, -0.0000000000000000000 ) ) ;
#4372 = MECHANICAL_DESIGN_GEOMETRIC_PRESENTATION_REPRESENTATION (  '', ( #4774 ), #5627 ) ;
#4373 = ORIENTED_EDGE ( 'NONE', *, *, #9294, .T. ) ;
#4374 = ORIENTED_EDGE ( 'NONE', *, *, #4973, .F. ) ;
#4375 = CARTESIAN_POINT ( 'NONE',  ( 1.770000000000004200, 0.2000000000000000100, -13.81999999999999900 ) ) ;
#4376 = CARTESIAN_POINT ( 'NONE',  ( -23.62999999999999900, 1.000000000000000000, -13.82000000000000200 ) ) ;
#4377 = VERTEX_POINT ( 'NONE', #4818 ) ;
#4378 = ORIENTED_EDGE ( 'NONE', *, *, #7423, .F. ) ;
#4379 = VERTEX_POINT ( 'NONE', #6356 ) ;
#4380 = LINE ( 'NONE', #2909, #5123 ) ;
#4381 = FACE_OUTER_BOUND ( 'NONE', #5650, .T. ) ;
#4382 = CLOSED_SHELL ( 'NONE', ( #3350, #4415, #4360, #7951, #8603, #10173, #4765, #6217, #6350, #8978, #5085, #5442 ) ) ;
#4383 = DIRECTION ( 'NONE',  ( -1.000000000000000000, -0.0000000000000000000, -0.0000000000000000000 ) ) ;
#4384 = PRESENTATION_STYLE_ASSIGNMENT (( #4580 ) ) ;
#4385 = DIRECTION ( 'NONE',  ( -0.0000000000000000000, -1.000000000000000000, -0.0000000000000000000 ) ) ;
#4386 = VECTOR ( 'NONE', #10275, 1000.000000000000000 ) ;
#4387 = ORIENTED_EDGE ( 'NONE', *, *, #4143, .T. ) ;
#4388 = ORIENTED_EDGE ( 'NONE', *, *, #1684, .F. ) ;
#4389 = ORIENTED_EDGE ( 'NONE', *, *, #1368, .T. ) ;
#4390 = PLANE ( 'NONE',  #4514 ) ;
#4391 = DIRECTION ( 'NONE',  ( -0.0000000000000000000, 0.0000000000000000000, 1.000000000000000000 ) ) ;
#4392 = ORIENTED_EDGE ( 'NONE', *, *, #3992, .T. ) ;
#4393 = FACE_OUTER_BOUND ( 'NONE', #1669, .T. ) ;
#4394 = PLANE ( 'NONE',  #1293 ) ;
#4395 = ADVANCED_FACE ( 'NONE', ( #9659 ), #4685, .F. ) ;
#4396 = FACE_OUTER_BOUND ( 'NONE', #7679, .T. ) ;
#4397 = EDGE_LOOP ( 'NONE', ( #4270, #4002, #4186, #4679 ) ) ;
#4398 = DIRECTION ( 'NONE',  ( 0.0000000000000000000, -0.0000000000000000000, 1.000000000000000000 ) ) ;
#4399 = DIRECTION ( 'NONE',  ( -1.000000000000000000, -0.0000000000000000000, -0.0000000000000000000 ) ) ;
#4400 = VECTOR ( 'NONE', #6606, 1000.000000000000000 ) ;
#4401 = EDGE_CURVE ( 'NONE', #9712, #1985, #7893, .T. ) ;
#4402 = LINE ( 'NONE', #5976, #10106 ) ;
#4403 = VERTEX_POINT ( 'NONE', #751 ) ;
#4404 = EDGE_CURVE ( 'NONE', #1420, #564, #758, .T. ) ;
#4405 = ORIENTED_EDGE ( 'NONE', *, *, #5090, .T. ) ;
#4406 = VERTEX_POINT ( 'NONE', #86 ) ;
#4407 = ORIENTED_EDGE ( 'NONE', *, *, #7495, .T. ) ;
#4408 = CARTESIAN_POINT ( 'NONE',  ( 6.600000000000001400, 1.000000000000000000, -13.82000000000000200 ) ) ;
#4409 = CARTESIAN_POINT ( 'NONE',  ( 24.08999999999999300, 1.700000000000000000, -4.074999999999997500 ) ) ;
#4410 = EDGE_CURVE ( 'NONE', #3657, #6459, #8416, .T. ) ;
#4411 = CARTESIAN_POINT ( 'NONE',  ( -27.00000000000000400, 0.2000000000000000100, -7.320000000000002100 ) ) ;
#4412 = EDGE_LOOP ( 'NONE', ( #4131, #9201, #1085, #6837 ) ) ;
#4413 = LINE ( 'NONE', #9764, #2584 ) ;
#4414 = VERTEX_POINT ( 'NONE', #4922 ) ;
#4415 = ADVANCED_FACE ( 'NONE', ( #7036 ), #8917, .F. ) ;
#4416 = ORIENTED_EDGE ( 'NONE', *, *, #4603, .T. ) ;
#4417 = DIRECTION ( 'NONE',  ( -1.000000000000000000, -0.0000000000000000000, -0.0000000000000000000 ) ) ;
#4418 = EDGE_CURVE ( 'NONE', #1715, #4406, #9408, .T. ) ;
#4419 = ORIENTED_EDGE ( 'NONE', *, *, #1703, .F. ) ;
#4420 = ORIENTED_EDGE ( 'NONE', *, *, #7110, .T. ) ;
#4421 = DIRECTION ( 'NONE',  ( 1.000000000000000000, 0.0000000000000000000, 0.0000000000000000000 ) ) ;
#4422 =( NAMED_UNIT ( * ) PLANE_ANGLE_UNIT ( ) SI_UNIT ( $, .RADIAN. ) );
#4423 = CARTESIAN_POINT ( 'NONE',  ( 24.38000000000000600, -8.000000000000000000, -13.82000000000000200 ) ) ;
#4424 = CARTESIAN_POINT ( 'NONE',  ( -6.849999999999998800, 0.0000000000000000000, 0.0000000000000000000 ) ) ;
#4425 = ORIENTED_EDGE ( 'NONE', *, *, #9672, .T. ) ;
#4426 = ORIENTED_EDGE ( 'NONE', *, *, #7661, .T. ) ;
#4427 = CARTESIAN_POINT ( 'NONE',  ( 24.08999999999999300, 1.700000000000000000, 7.934999999999997800 ) ) ;
#4428 = DIRECTION ( 'NONE',  ( 0.0000000000000000000, 0.0000000000000000000, 1.000000000000000000 ) ) ;
#4429 = EDGE_CURVE ( 'NONE', #6488, #544, #3480, .T. ) ;
#4430 = ORIENTED_EDGE ( 'NONE', *, *, #8764, .T. ) ;
#4431 =( NAMED_UNIT ( * ) SI_UNIT ( $, .STERADIAN. ) SOLID_ANGLE_UNIT ( ) );
#4432 = EDGE_CURVE ( 'NONE', #6176, #5263, #4951, .T. ) ;
#4433 = AXIS2_PLACEMENT_3D ( 'NONE', #8117, #149, #6415 ) ;
#4434 = VERTEX_POINT ( 'NONE', #9693 ) ;
#4435 = ORIENTED_EDGE ( 'NONE', *, *, #2505, .T. ) ;
#4436 = DIRECTION ( 'NONE',  ( 1.261617073437678000E-016, -0.0000000000000000000, 1.000000000000000000 ) ) ;
#4437 = CARTESIAN_POINT ( 'NONE',  ( 24.08999999999999300, 2.000000000000000000, 7.934999999999997800 ) ) ;
#4438 = DIRECTION ( 'NONE',  ( 1.000000000000000000, 0.0000000000000000000, 0.0000000000000000000 ) ) ;
#4440 = ADVANCED_FACE ( 'NONE', ( #1633 ), #6519, .F. ) ;
#4439 = VERTEX_POINT ( 'NONE', #961 ) ;
#4441 = VECTOR ( 'NONE', #3353, 1000.000000000000000 ) ;
#4442 = ORIENTED_EDGE ( 'NONE', *, *, #8767, .T. ) ;
#4443 = EDGE_CURVE ( 'NONE', #2868, #2841, #2631, .T. ) ;
#4444 = DIRECTION ( 'NONE',  ( 0.0000000000000000000, -1.000000000000000000, 0.0000000000000000000 ) ) ;
#4445 = CARTESIAN_POINT ( 'NONE',  ( 6.850000000000002300, 0.2000000000000000100, -13.81999999999999900 ) ) ;
#4446 = CARTESIAN_POINT ( 'NONE',  ( 6.600000000000001400, -8.000000000000000000, -13.82000000000000200 ) ) ;
#4447 = VECTOR ( 'NONE', #1923, 1000.000000000000000 ) ;
#4448 = ORIENTED_EDGE ( 'NONE', *, *, #8103, .T. ) ;
#4449 = CARTESIAN_POINT ( 'NONE',  ( 24.38000000000000600, -8.000000000000000000, -14.12000000000000300 ) ) ;
#4450 = CARTESIAN_POINT ( 'NONE',  ( -27.00000000000000400, 0.2000000000000000100, -7.320000000000002100 ) ) ;
#4451 = CARTESIAN_POINT ( 'NONE',  ( -14.21999999999999900, -8.000000000000000000, -13.82000000000000200 ) ) ;
#4452 = EDGE_CURVE ( 'NONE', #1715, #4175, #4453, .T. ) ;
#4453 = LINE ( 'NONE', #9739, #2131 ) ;
#4454 = CARTESIAN_POINT ( 'NONE',  ( 28.30000000000000800, 0.2500000000000003300, 3.429999999999999300 ) ) ;
#4455 = COLOUR_RGB ( '',0.7921568627450980000, 0.8196078431372548800, 0.9333333333333333500 ) ;
#4456 = DIRECTION ( 'NONE',  ( 0.0000000000000000000, -0.0000000000000000000, -1.000000000000000000 ) ) ;
#4457 = ORIENTED_EDGE ( 'NONE', *, *, #965, .T. ) ;
#4458 = CARTESIAN_POINT ( 'NONE',  ( 0.0000000000000000000, 1.700000000000000000, 0.0000000000000000000 ) ) ;
#4459 = ADVANCED_FACE ( 'NONE', ( #4706 ), #1762, .F. ) ;
#4460 = EDGE_CURVE ( 'NONE', #1813, #4046, #10272, .T. ) ;
#4461 = LINE ( 'NONE', #5262, #2636 ) ;
#4462 = EDGE_CURVE ( 'NONE', #2539, #6488, #9271, .T. ) ;
#4463 = LINE ( 'NONE', #3926, #10044 ) ;
#4464 = FACE_OUTER_BOUND ( 'NONE', #4885, .T. ) ;
#4465 = DIRECTION ( 'NONE',  ( -0.0000000000000000000, 1.000000000000000000, 0.0000000000000000000 ) ) ;
#4466 = EDGE_CURVE ( 'NONE', #3707, #2635, #9022, .T. ) ;
#4467 = DIRECTION ( 'NONE',  ( 0.0000000000000000000, 0.0000000000000000000, -1.000000000000000000 ) ) ;
#4468 = DIRECTION ( 'NONE',  ( -0.0000000000000000000, 0.0000000000000000000, 1.000000000000000000 ) ) ;
#4469 = FACE_OUTER_BOUND ( 'NONE', #364, .T. ) ;
#4470 = CARTESIAN_POINT ( 'NONE',  ( 0.7700000000000033500, 1.300000000000000000, -13.52000000000000300 ) ) ;
#4471 = PLANE ( 'NONE',  #7236 ) ;
#4472 = FACE_OUTER_BOUND ( 'NONE', #9459, .T. ) ;
#4473 = DIRECTION ( 'NONE',  ( -1.000000000000000000, -0.0000000000000000000, -0.0000000000000000000 ) ) ;
#4474 = FACE_OUTER_BOUND ( 'NONE', #2329, .T. ) ;
#4475 = FACE_OUTER_BOUND ( 'NONE', #7079, .T. ) ;
#4476 = AXIS2_PLACEMENT_3D ( 'NONE', #4423, #463, #2945 ) ;
#4477 = DIRECTION ( 'NONE',  ( 0.0000000000000000000, 1.000000000000000000, -1.577021341797097600E-015 ) ) ;
#4478 = LINE ( 'NONE', #2208, #9044 ) ;
#4479 = CARTESIAN_POINT ( 'NONE',  ( -8.639999999999998800, 0.2000000000000000900, -14.12000000000000300 ) ) ;
#4480 = LINE ( 'NONE', #375, #8803 ) ;
#4481 = DIRECTION ( 'NONE',  ( 1.000000000000000000, 0.0000000000000000000, 0.0000000000000000000 ) ) ;
#4482 = LINE ( 'NONE', #4690, #539 ) ;
#4483 = DIRECTION ( 'NONE',  ( 0.0000000000000000000, -0.0000000000000000000, 1.000000000000000000 ) ) ;
#4484 = VECTOR ( 'NONE', #6562, 1000.000000000000000 ) ;
#4485 = ORIENTED_EDGE ( 'NONE', *, *, #2248, .T. ) ;
#4486 = CARTESIAN_POINT ( 'NONE',  ( 21.34000000000000300, -8.000000000000000000, -13.82000000000000200 ) ) ;
#4487 = PLANE ( 'NONE',  #2738 ) ;
#4488 = DIRECTION ( 'NONE',  ( 1.000000000000000000, 0.0000000000000000000, 0.0000000000000000000 ) ) ;
#4489 = VERTEX_POINT ( 'NONE', #118 ) ;
#4490 = MANIFOLD_SOLID_BREP ( 'LPattern1[36]', #5666 ) ;
#4491 = DIRECTION ( 'NONE',  ( -0.0000000000000000000, -0.0000000000000000000, -1.000000000000000000 ) ) ;
#4492 = ORIENTED_EDGE ( 'NONE', *, *, #9943, .F. ) ;
#4493 = EDGE_CURVE ( 'NONE', #6128, #7073, #7801, .T. ) ;
#4494 = FACE_OUTER_BOUND ( 'NONE', #6355, .T. ) ;
#4495 = DIRECTION ( 'NONE',  ( -1.261617073437678000E-016, 0.0000000000000000000, -1.000000000000000000 ) ) ;
#4496 = ORIENTED_EDGE ( 'NONE', *, *, #4741, .F. ) ;
#4497 = ORIENTED_EDGE ( 'NONE', *, *, #4929, .T. ) ;
#4498 = ORIENTED_EDGE ( 'NONE', *, *, #8088, .F. ) ;
#4499 = DIRECTION ( 'NONE',  ( -0.0000000000000000000, 1.000000000000000000, -0.0000000000000000000 ) ) ;
#4500 = DIRECTION ( 'NONE',  ( 0.0000000000000000000, -0.0000000000000000000, 1.000000000000000000 ) ) ;
#4501 = VECTOR ( 'NONE', #6779, 1000.000000000000000 ) ;
#4502 = ORIENTED_EDGE ( 'NONE', *, *, #8239, .F. ) ;
#4503 = DIRECTION ( 'NONE',  ( 0.0000000000000000000, -0.0000000000000000000, -1.000000000000000000 ) ) ;
#4504 = FACE_OUTER_BOUND ( 'NONE', #5377, .T. ) ;
#4505 = VERTEX_POINT ( 'NONE', #9656 ) ;
#4506 = VERTEX_POINT ( 'NONE', #7283 ) ;
#4507 = ORIENTED_EDGE ( 'NONE', *, *, #5142, .T. ) ;
#4508 = EDGE_LOOP ( 'NONE', ( #6611, #5364, #9101, #5241, #1487, #7579, #4917, #3794 ) ) ;
#4509 = EDGE_CURVE ( 'NONE', #958, #1510, #15, .T. ) ;
#4510 = ORIENTED_EDGE ( 'NONE', *, *, #9758, .F. ) ;
#4511 = LINE ( 'NONE', #4867, #9582 ) ;
#4512 = VECTOR ( 'NONE', #3843, 1000.000000000000000 ) ;
#4513 = CARTESIAN_POINT ( 'NONE',  ( 6.850000000000002300, 0.2000000000000000100, -13.81999999999999900 ) ) ;
#4514 = AXIS2_PLACEMENT_3D ( 'NONE', #4348, #5110, #1992 ) ;
#4515 = DIRECTION ( 'NONE',  ( 1.000000000000000000, 0.0000000000000000000, 0.0000000000000000000 ) ) ;
#4516 = LINE ( 'NONE', #2300, #6349 ) ;
#4517 = VECTOR ( 'NONE', #2029, 1000.000000000000000 ) ;
#4518 = VERTEX_POINT ( 'NONE', #5053 ) ;
#4519 = ORIENTED_EDGE ( 'NONE', *, *, #2733, .F. ) ;
#4520 = ADVANCED_FACE ( 'NONE', ( #8153 ), #6597, .F. ) ;
#4521 = ORIENTED_EDGE ( 'NONE', *, *, #5206, .F. ) ;
#4522 = DIRECTION ( 'NONE',  ( 0.0000000000000000000, 1.000000000000000000, -1.577021341797097600E-015 ) ) ;
#4523 = VECTOR ( 'NONE', #8854, 1000.000000000000000 ) ;
#4524 = EDGE_CURVE ( 'NONE', #3565, #5512, #4596, .T. ) ;
#4525 = CARTESIAN_POINT ( 'NONE',  ( 1.770000000000004200, 1.300000000000000000, -14.12000000000000300 ) ) ;
#4526 = DIRECTION ( 'NONE',  ( -0.0000000000000000000, -1.000000000000000000, -0.0000000000000000000 ) ) ;
#4527 = LINE ( 'NONE', #9821, #5629 ) ;
#4528 = CARTESIAN_POINT ( 'NONE',  ( 14.22000000000000400, 0.2000000000000000100, 0.0000000000000000000 ) ) ;
#4529 = EDGE_LOOP ( 'NONE', ( #5473, #5530, #5746, #49 ) ) ;
#4530 = DIRECTION ( 'NONE',  ( 0.0000000000000000000, 0.0000000000000000000, -1.000000000000000000 ) ) ;
#4531 = PLANE ( 'NONE',  #5541 ) ;
#4532 = CARTESIAN_POINT ( 'NONE',  ( -27.00000000000000400, 0.2000000000000000100, 11.18000000000000300 ) ) ;
#4533 = DIRECTION ( 'NONE',  ( 0.0000000000000000000, 0.0000000000000000000, -1.000000000000000000 ) ) ;
#4534 = EDGE_LOOP ( 'NONE', ( #5840, #9322, #6867, #8824, #1575, #2374 ) ) ;
#4535 = VERTEX_POINT ( 'NONE', #8234 ) ;
#4536 = VECTOR ( 'NONE', #7907, 1000.000000000000000 ) ;
#4537 = CARTESIAN_POINT ( 'NONE',  ( -16.25999999999999800, -8.000000000000000000, -14.12000000000000300 ) ) ;
#4538 = ORIENTED_EDGE ( 'NONE', *, *, #8474, .F. ) ;
#4539 = LINE ( 'NONE', #10245, #2458 ) ;
#4540 = CARTESIAN_POINT ( 'NONE',  ( 6.100000000000001400, 0.2000000000000000100, -13.81999999999999900 ) ) ;
#4541 = CARTESIAN_POINT ( 'NONE',  ( 23.63000000000000600, 0.0000000000000000000, 0.0000000000000000000 ) ) ;
#4542 = ORIENTED_EDGE ( 'NONE', *, *, #4649, .F. ) ;
#4543 = ORIENTED_EDGE ( 'NONE', *, *, #9299, .F. ) ;
#4544 = EDGE_CURVE ( 'NONE', #2952, #5022, #874, .T. ) ;
#4545 = ORIENTED_EDGE ( 'NONE', *, *, #1109, .T. ) ;
#4546 = CARTESIAN_POINT ( 'NONE',  ( -19.29999999999999700, -8.000000000000000000, -14.12000000000000300 ) ) ;
#4547 = LINE ( 'NONE', #257, #8115 ) ;
#4548 = EDGE_CURVE ( 'NONE', #7743, #6971, #3133, .T. ) ;
#4549 = ORIENTED_EDGE ( 'NONE', *, *, #6159, .T. ) ;
#4550 = EDGE_LOOP ( 'NONE', ( #8214, #6019, #6358, #4425 ) ) ;
#4551 = AXIS2_PLACEMENT_3D ( 'NONE', #5741, #7314, #2667 ) ;
#4552 =( NAMED_UNIT ( * ) PLANE_ANGLE_UNIT ( ) SI_UNIT ( $, .RADIAN. ) );
#4553 = CARTESIAN_POINT ( 'NONE',  ( -19.54999999999999700, 1.300000000000000000, -13.52000000000000300 ) ) ;
#4554 = DIRECTION ( 'NONE',  ( 0.0000000000000000000, 0.0000000000000000000, 1.000000000000000000 ) ) ;
#4555 = ORIENTED_EDGE ( 'NONE', *, *, #4429, .F. ) ;
#4556 = PRODUCT ( 'EA DOGM163W-A', 'EA DOGM163W-A', '', ( #5305 ) ) ;
#4557 = ORIENTED_EDGE ( 'NONE', *, *, #7875, .T. ) ;
#4558 = FACE_OUTER_BOUND ( 'NONE', #8736, .T. ) ;
#4559 = CARTESIAN_POINT ( 'NONE',  ( 17.01000000000000500, 0.2000000000000000100, -13.81999999999999900 ) ) ;
#4560 = DIRECTION ( 'NONE',  ( 0.0000000000000000000, -1.000000000000000000, 0.0000000000000000000 ) ) ;
#4561 =( NAMED_UNIT ( * ) SI_UNIT ( $, .STERADIAN. ) SOLID_ANGLE_UNIT ( ) );
#4562 = VERTEX_POINT ( 'NONE', #5026 ) ;
#4563 = FILL_AREA_STYLE ('',( #1339 ) ) ;
#4564 = ADVANCED_FACE ( 'NONE', ( #3450 ), #329, .T. ) ;
#4565 = DIRECTION ( 'NONE',  ( 0.0000000000000000000, 0.0000000000000000000, -1.000000000000000000 ) ) ;
#4566 = CARTESIAN_POINT ( 'NONE',  ( 6.600000000000001400, 0.2000000000000000900, -14.12000000000000300 ) ) ;
#4567 = ORIENTED_EDGE ( 'NONE', *, *, #4334, .F. ) ;
#4568 =( LENGTH_UNIT ( ) NAMED_UNIT ( * ) SI_UNIT ( .MILLI., .METRE. ) );
#4569 = DIRECTION ( 'NONE',  ( -0.0000000000000000000, 1.000000000000000000, 0.0000000000000000000 ) ) ;
#4570 = ORIENTED_EDGE ( 'NONE', *, *, #1869, .F. ) ;
#4571 = EDGE_LOOP ( 'NONE', ( #5260, #8619, #1203, #4323, #1952, #5931, #3897, #9364 ) ) ;
#4572 = CARTESIAN_POINT ( 'NONE',  ( -24.09000000000000700, 1.700000000000000000, 7.935000000000006700 ) ) ;
#4573 = EDGE_CURVE ( 'NONE', #10248, #2079, #4547, .T. ) ;
#4574 = VERTEX_POINT ( 'NONE', #1892 ) ;
#4575 = DIRECTION ( 'NONE',  ( 1.000000000000000000, 0.0000000000000000000, 0.0000000000000000000 ) ) ;
#4576 = LINE ( 'NONE', #4265, #8890 ) ;
#4577 = ORIENTED_EDGE ( 'NONE', *, *, #4544, .T. ) ;
#4578 = DIRECTION ( 'NONE',  ( -1.000000000000000000, -0.0000000000000000000, -0.0000000000000000000 ) ) ;
#4579 = CARTESIAN_POINT ( 'NONE',  ( 23.63000000000000600, 1.000000000000000000, -13.52000000000000300 ) ) ;
#4580 = SURFACE_STYLE_USAGE ( .BOTH. , #8545 ) ;
#4581 = AXIS2_PLACEMENT_3D ( 'NONE', #4698, #10203, #10134 ) ;
#4582 = ORIENTED_EDGE ( 'NONE', *, *, #4045, .F. ) ;
#4583 = AXIS2_PLACEMENT_3D ( 'NONE', #792, #1474, #3067 ) ;
#4584 = DIRECTION ( 'NONE',  ( 1.000000000000000000, -0.0000000000000000000, 0.0000000000000000000 ) ) ;
#4585 = VECTOR ( 'NONE', #2257, 1000.000000000000000 ) ;
#4586 = DIRECTION ( 'NONE',  ( -1.000000000000000000, -0.0000000000000000000, -0.0000000000000000000 ) ) ;
#4587 = DIRECTION ( 'NONE',  ( -0.0000000000000000000, -0.0000000000000000000, 1.000000000000000000 ) ) ;
#4588 = DIRECTION ( 'NONE',  ( -1.000000000000000000, 0.0000000000000000000, -0.0000000000000000000 ) ) ;
#4589 = LINE ( 'NONE', #10087, #2774 ) ;
#4590 = CARTESIAN_POINT ( 'NONE',  ( -21.33999999999999600, -8.000000000000000000, 14.12000000000000300 ) ) ;
#4591 = VECTOR ( 'NONE', #810, 1000.000000000000000 ) ;
#4592 = DIRECTION ( 'NONE',  ( -1.000000000000000000, -0.0000000000000000000, -0.0000000000000000000 ) ) ;
#4593 = EDGE_CURVE ( 'NONE', #6490, #5640, #4794, .T. ) ;
#4594 = VECTOR ( 'NONE', #2211, 1000.000000000000000 ) ;
#4595 = EDGE_LOOP ( 'NONE', ( #6591, #2302, #4240, #1682 ) ) ;
#4596 = LINE ( 'NONE', #1938, #5569 ) ;
#4597 = DIRECTION ( 'NONE',  ( 0.0000000000000000000, -0.0000000000000000000, 1.000000000000000000 ) ) ;
#4598 = EDGE_CURVE ( 'NONE', #6573, #218, #1471, .T. ) ;
#4599 = VECTOR ( 'NONE', #8161, 1000.000000000000000 ) ;
#4600 = LINE ( 'NONE', #4731, #2523 ) ;
#4601 = AXIS2_PLACEMENT_3D ( 'NONE', #2085, #2888, #621 ) ;
#4602 = VECTOR ( 'NONE', #1984, 1000.000000000000000 ) ;
#4603 = EDGE_CURVE ( 'NONE', #6412, #5487, #9752, .T. ) ;
#4604 = LINE ( 'NONE', #9069, #6206 ) ;
#4605 = ORIENTED_EDGE ( 'NONE', *, *, #8844, .F. ) ;
#4606 = LINE ( 'NONE', #8527, #6686 ) ;
#4607 = DIRECTION ( 'NONE',  ( 0.0000000000000000000, 0.0000000000000000000, -1.000000000000000000 ) ) ;
#4608 = CARTESIAN_POINT ( 'NONE',  ( 5.850000000000001400, 1.000000000000000000, -13.82000000000000200 ) ) ;
#4609 = EDGE_LOOP ( 'NONE', ( #5648, #4378, #2345, #438 ) ) ;
#4610 = CARTESIAN_POINT ( 'NONE',  ( 24.38000000000000600, -8.000000000000000000, -14.12000000000000300 ) ) ;
#4611 = FACE_OUTER_BOUND ( 'NONE', #2819, .T. ) ;
#4612 = EDGE_LOOP ( 'NONE', ( #5396, #9668, #3285, #5088, #8530, #9105 ) ) ;
#4613 = LINE ( 'NONE', #8790, #416 ) ;
#4614 = AXIS2_PLACEMENT_3D ( 'NONE', #4172, #1032, #8827 ) ;
#4615 = VECTOR ( 'NONE', #6147, 1000.000000000000000 ) ;
#4616 = ORIENTED_EDGE ( 'NONE', *, *, #4276, .T. ) ;
#4617 = ADVANCED_FACE ( 'NONE', ( #3560 ), #8994, .F. ) ;
#4618 = PLANE ( 'NONE',  #2466 ) ;
#4619 = LINE ( 'NONE', #7807, #4249 ) ;
#4620 = CARTESIAN_POINT ( 'NONE',  ( 10.93000000000000100, 1.000000000000000000, -13.52000000000000300 ) ) ;
#4621 = CARTESIAN_POINT ( 'NONE',  ( 16.76000000000000500, 0.2000000000000005100, -13.82000000000000200 ) ) ;
#4622 = ORIENTED_EDGE ( 'NONE', *, *, #9020, .F. ) ;
#4623 = UNCERTAINTY_MEASURE_WITH_UNIT (LENGTH_MEASURE( 1.000000000000000100E-005 ), #1761, 'distance_accuracy_value', 'NONE');
#4624 = ORIENTED_EDGE ( 'NONE', *, *, #4704, .F. ) ;
#4625 = ORIENTED_EDGE ( 'NONE', *, *, #7495, .F. ) ;
#4626 = ORIENTED_EDGE ( 'NONE', *, *, #8869, .T. ) ;
#4627 = CARTESIAN_POINT ( 'NONE',  ( -4.059999999999997800, -8.000000000000000000, -14.12000000000000300 ) ) ;
#4628 = ORIENTED_EDGE ( 'NONE', *, *, #9536, .F. ) ;
#4629 = VECTOR ( 'NONE', #68, 1000.000000000000000 ) ;
#4630 = VECTOR ( 'NONE', #133, 1000.000000000000000 ) ;
#4631 = ORIENTED_EDGE ( 'NONE', *, *, #2112, .F. ) ;
#4632 = DIRECTION ( 'NONE',  ( 0.0000000000000000000, 0.0000000000000000000, -1.000000000000000000 ) ) ;
#4633 = ORIENTED_EDGE ( 'NONE', *, *, #1901, .T. ) ;
#4634 = PLANE ( 'NONE',  #9320 ) ;
#4635 = LINE ( 'NONE', #5064, #3893 ) ;
#4636 = EDGE_CURVE ( 'NONE', #3597, #6991, #2222, .T. ) ;
#4637 = MECHANICAL_DESIGN_GEOMETRIC_PRESENTATION_REPRESENTATION (  '', ( #3781 ), #9750 ) ;
#4638 = DIRECTION ( 'NONE',  ( -0.0000000000000000000, 1.000000000000000000, 0.0000000000000000000 ) ) ;
#4639 = LINE ( 'NONE', #3421, #1391 ) ;
#4640 = ORIENTED_EDGE ( 'NONE', *, *, #3465, .F. ) ;
#4641 = CARTESIAN_POINT ( 'NONE',  ( 21.34000000000000300, 0.2000000000000000100, -13.81999999999999900 ) ) ;
#4642 = CARTESIAN_POINT ( 'NONE',  ( 8.390000000000002300, 1.300000000000000000, -14.12000000000000300 ) ) ;
#4643 = ORIENTED_EDGE ( 'NONE', *, *, #6511, .F. ) ;
#4644 = ORIENTED_EDGE ( 'NONE', *, *, #8511, .T. ) ;
#4645 = ORIENTED_EDGE ( 'NONE', *, *, #10195, .F. ) ;
#4646 = LINE ( 'NONE', #1133, #2198 ) ;
#4647 = FACE_OUTER_BOUND ( 'NONE', #9353, .T. ) ;
#4648 = ORIENTED_EDGE ( 'NONE', *, *, #9144, .F. ) ;
#4649 = EDGE_CURVE ( 'NONE', #3750, #6244, #9357, .T. ) ;
#4650 = PLANE ( 'NONE',  #248 ) ;
#4651 = FACE_OUTER_BOUND ( 'NONE', #9832, .T. ) ;
#4652 = CARTESIAN_POINT ( 'NONE',  ( -27.49999999999999600, 1.000000000000000000, 13.82000000000000200 ) ) ;
#4653 = PLANE ( 'NONE',  #6626 ) ;
#4654 = LINE ( 'NONE', #10142, #3799 ) ;
#4655 = ORIENTED_EDGE ( 'NONE', *, *, #5329, .T. ) ;
#4656 = ORIENTED_EDGE ( 'NONE', *, *, #8635, .F. ) ;
#4657 = CARTESIAN_POINT ( 'NONE',  ( -3.000000000000017300, 0.9499999999999999600, -9.650000000000000400 ) ) ;
#4658 = VERTEX_POINT ( 'NONE', #2666 ) ;
#4659 = EDGE_CURVE ( 'NONE', #5032, #2071, #10243, .T. ) ;
#4660 = LINE ( 'NONE', #8089, #6257 ) ;
#4661 = PLANE ( 'NONE',  #469 ) ;
#4662 = DIRECTION ( 'NONE',  ( 0.0000000000000000000, 0.0000000000000000000, 1.000000000000000000 ) ) ;
#4663 = ADVANCED_FACE ( 'NONE', ( #7862 ), #3585, .F. ) ;
#4664 = ORIENTED_EDGE ( 'NONE', *, *, #10212, .F. ) ;
#4665 = DIRECTION ( 'NONE',  ( -1.000000000000000000, -0.0000000000000000000, -0.0000000000000000000 ) ) ;
#4666 = VERTEX_POINT ( 'NONE', #5876 ) ;
#4667 = EDGE_CURVE ( 'NONE', #9968, #3786, #1966, .T. ) ;
#4668 = ORIENTED_EDGE ( 'NONE', *, *, #5460, .F. ) ;
#4669 = ORIENTED_EDGE ( 'NONE', *, *, #8593, .T. ) ;
#4670 = CARTESIAN_POINT ( 'NONE',  ( 18.80000000000000400, 1.300000000000000000, -14.12000000000000300 ) ) ;
#4671 = CARTESIAN_POINT ( 'NONE',  ( -11.92999999999999800, 1.000000000000000000, -13.52000000000000300 ) ) ;
#4672 = LINE ( 'NONE', #4789, #478 ) ;
#4673 = EDGE_CURVE ( 'NONE', #2088, #6991, #9614, .T. ) ;
#4674 = PLANE ( 'NONE',  #4207 ) ;
#4675 = ADVANCED_FACE ( 'NONE', ( #6874 ), #5228, .F. ) ;
#4676 = ORIENTED_EDGE ( 'NONE', *, *, #7366, .T. ) ;
#4677 = EDGE_CURVE ( 'NONE', #9964, #1356, #5767, .T. ) ;
#4678 = CARTESIAN_POINT ( 'NONE',  ( -4.309999999999997800, 1.000000000000000000, -13.82000000000000200 ) ) ;
#4679 = ORIENTED_EDGE ( 'NONE', *, *, #9660, .T. ) ;
#4680 = AXIS2_PLACEMENT_3D ( 'NONE', #7172, #7934, #7869 ) ;
#4681 = PLANE ( 'NONE',  #395 ) ;
#4682 = DIRECTION ( 'NONE',  ( -0.0000000000000000000, 1.000000000000000000, -0.0000000000000000000 ) ) ;
#4683 = CARTESIAN_POINT ( 'NONE',  ( 11.18000000000000300, 0.2000000000000000100, 0.0000000000000000000 ) ) ;
#4684 = ORIENTED_EDGE ( 'NONE', *, *, #5845, .T. ) ;
#4685 = PLANE ( 'NONE',  #7593 ) ;
#4686 = DIRECTION ( 'NONE',  ( -0.0000000000000000000, -0.0000000000000000000, -1.000000000000000000 ) ) ;
#4687 = VECTOR ( 'NONE', #7453, 1000.000000000000000 ) ;
#4688 = ORIENTED_EDGE ( 'NONE', *, *, #3049, .F. ) ;
#4689 = ORIENTED_EDGE ( 'NONE', *, *, #3043, .T. ) ;
#4690 = CARTESIAN_POINT ( 'NONE',  ( -21.84000000000000000, 0.2000000000000000900, 0.0000000000000000000 ) ) ;
#4691 = DIRECTION ( 'NONE',  ( 0.0000000000000000000, 0.0000000000000000000, -1.000000000000000000 ) ) ;
#4692 = VERTEX_POINT ( 'NONE', #1351 ) ;
#4693 = CARTESIAN_POINT ( 'NONE',  ( 21.84000000000000700, 1.000000000000000000, -13.52000000000000300 ) ) ;
#4694 = CARTESIAN_POINT ( 'NONE',  ( 6.850000000000002300, 0.2000000000000000100, -14.12000000000000100 ) ) ;
#4695 = EDGE_CURVE ( 'NONE', #5806, #3966, #89, .T. ) ;
#4696 = DIRECTION ( 'NONE',  ( 0.0000000000000000000, 1.000000000000000000, 0.0000000000000000000 ) ) ;
#4697 = AXIS2_PLACEMENT_3D ( 'NONE', #5217, #457, #2937 ) ;
#4698 = CARTESIAN_POINT ( 'NONE',  ( -21.84000000000000000, 0.0000000000000000000, 0.0000000000000000000 ) ) ;
#4699 = CARTESIAN_POINT ( 'NONE',  ( 5.850000000000001400, 0.2000000000000000100, -14.12000000000000100 ) ) ;
#4700 = LINE ( 'NONE', #4451, #7640 ) ;
#4701 = DIRECTION ( 'NONE',  ( 1.000000000000000000, 0.0000000000000000000, 0.0000000000000000000 ) ) ;
#4702 = DIRECTION ( 'NONE',  ( 0.0000000000000000000, -1.000000000000000000, 0.0000000000000000000 ) ) ;
#4703 = ORIENTED_EDGE ( 'NONE', *, *, #226, .F. ) ;
#4704 = EDGE_CURVE ( 'NONE', #1804, #8938, #7482, .T. ) ;
#4705 = CARTESIAN_POINT ( 'NONE',  ( -21.33999999999999600, -8.000000000000000000, 13.82000000000000200 ) ) ;
#4706 = FACE_OUTER_BOUND ( 'NONE', #8796, .T. ) ;
#4707 = ADVANCED_FACE ( 'NONE', ( #5160, #7611 ), #2880, .T. ) ;
#4708 = SURFACE_STYLE_FILL_AREA ( #2254 ) ;
#4709 = ORIENTED_EDGE ( 'NONE', *, *, #738, .T. ) ;
#4710 = CARTESIAN_POINT ( 'NONE',  ( 1.770000000000004200, 1.000000000000000000, -13.52000000000000300 ) ) ;
#4711 = ORIENTED_EDGE ( 'NONE', *, *, #10224, .F. ) ;
#4712 = CARTESIAN_POINT ( 'NONE',  ( -1.519999999999997100, -8.000000000000000000, -14.12000000000000300 ) ) ;
#4713 = DIRECTION ( 'NONE',  ( 1.000000000000000000, 0.0000000000000000000, 0.0000000000000000000 ) ) ;
#4714 = PLANE ( 'NONE',  #9775 ) ;
#4715 = EDGE_CURVE ( 'NONE', #7007, #8943, #9497, .T. ) ;
#4716 = ORIENTED_EDGE ( 'NONE', *, *, #4770, .F. ) ;
#4717 = AXIS2_PLACEMENT_3D ( 'NONE', #700, #3909, #10163 ) ;
#4718 = VECTOR ( 'NONE', #9380, 1000.000000000000000 ) ;
#4719 = ADVANCED_FACE ( 'NONE', ( #1720 ), #1276, .F. ) ;
#4720 = VECTOR ( 'NONE', #8356, 1000.000000000000000 ) ;
#4721 = DIRECTION ( 'NONE',  ( 0.0000000000000000000, 1.000000000000000000, 0.0000000000000000000 ) ) ;
#4722 = DIRECTION ( 'NONE',  ( 0.0000000000000000000, 0.0000000000000000000, 1.000000000000000000 ) ) ;
#4723 = LINE ( 'NONE', #6784, #5705 ) ;
#4724 = DIRECTION ( 'NONE',  ( -0.0000000000000000000, 0.0000000000000000000, 1.000000000000000000 ) ) ;
#4725 = PLANE ( 'NONE',  #4050 ) ;
#4726 = VECTOR ( 'NONE', #3840, 1000.000000000000000 ) ;
#4727 = ORIENTED_EDGE ( 'NONE', *, *, #101, .F. ) ;
#4728 = CARTESIAN_POINT ( 'NONE',  ( -5.849999999999997900, 0.2000000000000000100, -13.81999999999999900 ) ) ;
#4729 = CARTESIAN_POINT ( 'NONE',  ( -3.309999999999996900, 0.2000000000000000100, -14.12000000000000100 ) ) ;
#4730 = LINE ( 'NONE', #7752, #1281 ) ;
#4731 = CARTESIAN_POINT ( 'NONE',  ( -13.46999999999999700, 0.2000000000000000100, -14.12000000000000100 ) ) ;
#4732 = LINE ( 'NONE', #5297, #8433 ) ;
#4733 = CARTESIAN_POINT ( 'NONE',  ( 22.09000000000000700, 0.0000000000000000000, 0.0000000000000000000 ) ) ;
#4734 = EDGE_CURVE ( 'NONE', #5811, #1611, #3317, .T. ) ;
#4735 = LINE ( 'NONE', #2791, #7674 ) ;
#4736 = DIRECTION ( 'NONE',  ( 0.0000000000000000000, 0.0000000000000000000, 1.000000000000000000 ) ) ;
#4737 = CARTESIAN_POINT ( 'NONE',  ( 19.30000000000000400, 1.300000000000000000, -14.12000000000000300 ) ) ;
#4738 = FACE_OUTER_BOUND ( 'NONE', #6330, .T. ) ;
#4739 = VECTOR ( 'NONE', #1341, 1000.000000000000000 ) ;
#4740 = EDGE_LOOP ( 'NONE', ( #9386, #4430, #10093, #2550, #7216, #6885, #2481, #5173 ) ) ;
#4741 = EDGE_CURVE ( 'NONE', #4935, #1434, #839, .T. ) ;
#4742 = AXIS2_PLACEMENT_3D ( 'NONE', #5769, #1733, #8814 ) ;
#4743 = CARTESIAN_POINT ( 'NONE',  ( 1.520000000000004000, -8.000000000000000000, -13.82000000000000200 ) ) ;
#4744 = AXIS2_PLACEMENT_3D ( 'NONE', #9806, #9856, #1112 ) ;
#4745 = CARTESIAN_POINT ( 'NONE',  ( -23.62999999999999900, 0.2000000000000000100, -13.81999999999999900 ) ) ;
#4746 = ORIENTED_EDGE ( 'NONE', *, *, #9401, .T. ) ;
#4747 = ORIENTED_EDGE ( 'NONE', *, *, #10028, .T. ) ;
#4748 = ORIENTED_EDGE ( 'NONE', *, *, #6130, .T. ) ;
#4749 = EDGE_LOOP ( 'NONE', ( #7822, #8547, #8497, #9960 ) ) ;
#4750 = LINE ( 'NONE', #9314, #3761 ) ;
#4751 = COLOUR_RGB ( '',0.7921568627450980000, 0.8196078431372548800, 0.9333333333333333500 ) ;
#4752 = ORIENTED_EDGE ( 'NONE', *, *, #5005, .T. ) ;
#4753 = CARTESIAN_POINT ( 'NONE',  ( 22.09000000000000700, 0.2000000000000000100, -14.12000000000000100 ) ) ;
#4754 = VECTOR ( 'NONE', #2788, 1000.000000000000000 ) ;
#4755 = ORIENTED_EDGE ( 'NONE', *, *, #6049, .T. ) ;
#4756 = ORIENTED_EDGE ( 'NONE', *, *, #6634, .F. ) ;
#4757 = ORIENTED_EDGE ( 'NONE', *, *, #8889, .T. ) ;
#4758 = ORIENTED_EDGE ( 'NONE', *, *, #3265, .F. ) ;
#4759 = VERTEX_POINT ( 'NONE', #5943 ) ;
#4760 = LINE ( 'NONE', #5427, #1935 ) ;
#4761 = CARTESIAN_POINT ( 'NONE',  ( -18.54999999999999700, 0.2000000000000000100, -13.81999999999999900 ) ) ;
#4762 = VECTOR ( 'NONE', #5456, 1000.000000000000000 ) ;
#4763 = VECTOR ( 'NONE', #1499, 1000.000000000000000 ) ;
#4764 = DIRECTION ( 'NONE',  ( 0.0000000000000000000, 0.0000000000000000000, -1.000000000000000000 ) ) ;
#4765 = ADVANCED_FACE ( 'NONE', ( #2973 ), #9983, .F. ) ;
#4766 = LINE ( 'NONE', #9792, #9846 ) ;
#4767 = EDGE_LOOP ( 'NONE', ( #10086, #2894, #3482, #8118 ) ) ;
#4768 = CARTESIAN_POINT ( 'NONE',  ( -23.62999999999999900, 1.300000000000000000, 13.52000000000000300 ) ) ;
#4769 = ORIENTED_EDGE ( 'NONE', *, *, #3686, .T. ) ;
#4770 = EDGE_CURVE ( 'NONE', #3336, #6133, #6030, .T. ) ;
#4771 = VERTEX_POINT ( 'NONE', #473 ) ;
#4772 = LINE ( 'NONE', #429, #3530 ) ;
#4773 = DIRECTION ( 'NONE',  ( -1.000000000000000000, -0.0000000000000000000, -0.0000000000000000000 ) ) ;
#4774 = STYLED_ITEM ( 'NONE', ( #5533 ), #4812 ) ;
#4775 = LINE ( 'NONE', #6378, #1705 ) ;
#4776 = CARTESIAN_POINT ( 'NONE',  ( -18.54999999999999700, 0.2000000000000000100, -13.81999999999999900 ) ) ;
#4777 = VERTEX_POINT ( 'NONE', #10194 ) ;
#4778 = ADVANCED_FACE ( 'NONE', ( #5038 ), #9531, .F. ) ;
#4779 = ORIENTED_EDGE ( 'NONE', *, *, #3735, .F. ) ;
#4780 = CARTESIAN_POINT ( 'NONE',  ( 24.38000000000000600, 1.300000000000000000, 14.12000000000000300 ) ) ;
#4781 = EDGE_LOOP ( 'NONE', ( #632, #6674, #5901, #4387 ) ) ;
#4782 = LINE ( 'NONE', #369, #6862 ) ;
#4783 = ORIENTED_EDGE ( 'NONE', *, *, #9228, .F. ) ;
#4784 = AXIS2_PLACEMENT_3D ( 'NONE', #9585, #1689, #8776 ) ;
#4785 = VECTOR ( 'NONE', #8665, 1000.000000000000000 ) ;
#4786 = PLANE ( 'NONE',  #4680 ) ;
#4787 = ORIENTED_EDGE ( 'NONE', *, *, #6731, .T. ) ;
#4788 = VERTEX_POINT ( 'NONE', #2033 ) ;
#4789 = CARTESIAN_POINT ( 'NONE',  ( 0.7700000000000033500, 0.2000000000000000100, -14.12000000000000100 ) ) ;
#4790 = STYLED_ITEM ( 'NONE', ( #9120 ), #6759 ) ;
#4791 = DIRECTION ( 'NONE',  ( -1.000000000000000000, -0.0000000000000000000, -0.0000000000000000000 ) ) ;
#4792 = ORIENTED_EDGE ( 'NONE', *, *, #6431, .F. ) ;
#4793 = CARTESIAN_POINT ( 'NONE',  ( -5.849999999999997900, 0.2000000000000000100, -14.12000000000000100 ) ) ;
#4794 = LINE ( 'NONE', #2713, #5891 ) ;
#4795 = ORIENTED_EDGE ( 'NONE', *, *, #7995, .T. ) ;
#4796 = VERTEX_POINT ( 'NONE', #7517 ) ;
#4797 = EDGE_CURVE ( 'NONE', #218, #5605, #1598, .T. ) ;
#4798 = DIRECTION ( 'NONE',  ( 0.0000000000000000000, 0.0000000000000000000, -1.000000000000000000 ) ) ;
#4799 = ORIENTED_EDGE ( 'NONE', *, *, #4401, .T. ) ;
#4800 = CARTESIAN_POINT ( 'NONE',  ( 14.22000000000000400, 1.000000000000000000, -13.82000000000000200 ) ) ;
#4801 = CARTESIAN_POINT ( 'NONE',  ( 21.09000000000000300, 1.000000000000000000, 13.82000000000000200 ) ) ;
#4802 = EDGE_CURVE ( 'NONE', #10081, #243, #3688, .T. ) ;
#4803 = CARTESIAN_POINT ( 'NONE',  ( -14.46999999999999900, 1.000000000000000000, -13.52000000000000300 ) ) ;
#4804 = AXIS2_PLACEMENT_3D ( 'NONE', #520, #9277, #7574 ) ;
#4805 = ORIENTED_EDGE ( 'NONE', *, *, #2212, .F. ) ;
#4806 = EDGE_CURVE ( 'NONE', #3531, #9701, #7739, .T. ) ;
#4807 = ORIENTED_EDGE ( 'NONE', *, *, #7261, .F. ) ;
#4808 = CARTESIAN_POINT ( 'NONE',  ( -11.67999999999999800, 0.2000000000000000100, 0.0000000000000000000 ) ) ;
#4809 = DIRECTION ( 'NONE',  ( 0.0000000000000000000, -0.0000000000000000000, 1.000000000000000000 ) ) ;
#4810 = ORIENTED_EDGE ( 'NONE', *, *, #9814, .F. ) ;
#4811 = CARTESIAN_POINT ( 'NONE',  ( 14.47000000000000400, 0.2000000000000000100, -13.81999999999999900 ) ) ;
#4812 = MANIFOLD_SOLID_BREP ( 'Cut-Extrude4', #1233 ) ;
#4813 = VECTOR ( 'NONE', #8237, 1000.000000000000000 ) ;
#4814 = ADVANCED_FACE ( 'NONE', ( #8249 ), #4725, .F. ) ;
#4815 = ORIENTED_EDGE ( 'NONE', *, *, #6, .F. ) ;
#4816 = CARTESIAN_POINT ( 'NONE',  ( -11.67999999999999800, 0.2000000000000000100, -13.81999999999999900 ) ) ;
#4817 = CARTESIAN_POINT ( 'NONE',  ( 11.93000000000000300, 0.2000000000000000100, -14.12000000000000100 ) ) ;
#4818 = CARTESIAN_POINT ( 'NONE',  ( -24.62999999999999900, 1.300000000000000000, -13.52000000000000300 ) ) ;
#4819 = CARTESIAN_POINT ( 'NONE',  ( -13.46999999999999700, 1.000000000000000000, -13.52000000000000300 ) ) ;
#4820 = CARTESIAN_POINT ( 'NONE',  ( 24.08999999999999300, 1.700000000000000000, -4.074999999999997500 ) ) ;
#4821 = ORIENTED_EDGE ( 'NONE', *, *, #22, .T. ) ;
#4822 = PLANE ( 'NONE',  #8661 ) ;
#4823 = CARTESIAN_POINT ( 'NONE',  ( 21.09000000000000300, 0.2000000000000000100, -14.12000000000000100 ) ) ;
#4824 = EDGE_CURVE ( 'NONE', #1375, #7956, #592, .T. ) ;
#4825 = CARTESIAN_POINT ( 'NONE',  ( 17.01000000000000500, 0.2000000000000000100, -13.81999999999999900 ) ) ;
#4826 = AXIS2_PLACEMENT_3D ( 'NONE', #5675, #8885, #4890 ) ;
#4827 = CARTESIAN_POINT ( 'NONE',  ( 4.060000000000004900, 0.2000000000000005100, -13.82000000000000200 ) ) ;
#4828 = ORIENTED_EDGE ( 'NONE', *, *, #226, .T. ) ;
#4829 = DIRECTION ( 'NONE',  ( 0.0000000000000000000, 0.0000000000000000000, -1.000000000000000000 ) ) ;
#4830 = ADVANCED_FACE ( 'NONE', ( #9995 ), #6242, .F. ) ;
#4831 = CARTESIAN_POINT ( 'NONE',  ( 0.0000000000000000000, 0.0000000000000000000, 0.0000000000000000000 ) ) ;
#4832 = VECTOR ( 'NONE', #7802, 1000.000000000000000 ) ;
#4833 = DIRECTION ( 'NONE',  ( 0.0000000000000000000, -1.000000000000000000, 0.0000000000000000000 ) ) ;
#4834 = EDGE_CURVE ( 'NONE', #8942, #3644, #8728, .T. ) ;
#4835 = LINE ( 'NONE', #1734, #649 ) ;
#4836 = DIRECTION ( 'NONE',  ( 0.0000000000000000000, -1.000000000000000000, 4.336808689942017700E-015 ) ) ;
#4837 = LINE ( 'NONE', #5821, #5573 ) ;
#4838 = CARTESIAN_POINT ( 'NONE',  ( 24.38000000000000600, 0.0000000000000000000, 0.0000000000000000000 ) ) ;
#4839 = ORIENTED_EDGE ( 'NONE', *, *, #3689, .T. ) ;
#4840 = VECTOR ( 'NONE', #1810, 1000.000000000000000 ) ;
#4841 = CARTESIAN_POINT ( 'NONE',  ( 21.09000000000000300, 1.000000000000000000, 13.52000000000000300 ) ) ;
#4842 = VECTOR ( 'NONE', #1184, 1000.000000000000000 ) ;
#4843 = PLANE ( 'NONE',  #5279 ) ;
#4844 = FACE_OUTER_BOUND ( 'NONE', #10012, .T. ) ;
#4845 = CARTESIAN_POINT ( 'NONE',  ( 3.310000000000004100, 1.300000000000000000, -13.52000000000000300 ) ) ;
#4846 = DIRECTION ( 'NONE',  ( 0.0000000000000000000, 0.0000000000000000000, -1.000000000000000000 ) ) ;
#4847 = CARTESIAN_POINT ( 'NONE',  ( -4.309999999999997800, 0.2000000000000000100, -13.81999999999999900 ) ) ;
#4848 = EDGE_CURVE ( 'NONE', #3700, #7073, #2580, .T. ) ;
#4849 = ORIENTED_EDGE ( 'NONE', *, *, #9774, .F. ) ;
#4850 = VECTOR ( 'NONE', #6123, 1000.000000000000000 ) ;
#4851 = PRESENTATION_STYLE_ASSIGNMENT (( #1401 ) ) ;
#4852 = VECTOR ( 'NONE', #5996, 1000.000000000000000 ) ;
#4853 = ORIENTED_EDGE ( 'NONE', *, *, #5040, .T. ) ;
#4854 = VECTOR ( 'NONE', #3001, 1000.000000000000000 ) ;
#4855 = VERTEX_POINT ( 'NONE', #3905 ) ;
#4856 = CARTESIAN_POINT ( 'NONE',  ( -23.87999999999999900, -8.000000000000000000, -13.82000000000000200 ) ) ;
#4857 = ADVANCED_FACE ( 'NONE', ( #7852 ), #8687, .F. ) ;
#4858 = VECTOR ( 'NONE', #941, 1000.000000000000000 ) ;
#4859 = ORIENTED_EDGE ( 'NONE', *, *, #7290, .T. ) ;
#4860 = CARTESIAN_POINT ( 'NONE',  ( 24.08999999999999300, 1.700000000000000000, 7.934999999999997800 ) ) ;
#4861 = EDGE_CURVE ( 'NONE', #2356, #2714, #4281, .T. ) ;
#4862 = LINE ( 'NONE', #8215, #6579 ) ;
#4863 = VECTOR ( 'NONE', #7724, 1000.000000000000000 ) ;
#4864 = SURFACE_STYLE_USAGE ( .BOTH. , #1607 ) ;
#4865 = EDGE_CURVE ( 'NONE', #7562, #2539, #4167, .T. ) ;
#4866 = LINE ( 'NONE', #10089, #1925 ) ;
#4867 = CARTESIAN_POINT ( 'NONE',  ( -21.33999999999999600, 1.300000000000000000, -14.12000000000000300 ) ) ;
#4868 = VERTEX_POINT ( 'NONE', #9394 ) ;
#4869 = ORIENTED_EDGE ( 'NONE', *, *, #980, .T. ) ;
#4870 = CARTESIAN_POINT ( 'NONE',  ( -21.08999999999999600, 0.2000000000000000100, -13.81999999999999900 ) ) ;
#4871 = PLANE ( 'NONE',  #8977 ) ;
#4872 = ORIENTED_EDGE ( 'NONE', *, *, #2854, .T. ) ;
#4873 = ORIENTED_EDGE ( 'NONE', *, *, #1850, .T. ) ;
#4874 = ORIENTED_EDGE ( 'NONE', *, *, #3492, .F. ) ;
#4875 = VECTOR ( 'NONE', #6926, 1000.000000000000000 ) ;
#4876 = PRESENTATION_LAYER_ASSIGNMENT (  '', '', ( #3690 ) ) ;
#4877 = COLOUR_RGB ( '',0.7921568627450980000, 0.8196078431372548800, 0.9333333333333333500 ) ;
#4878 = VERTEX_POINT ( 'NONE', #5521 ) ;
#4879 = STYLED_ITEM ( 'NONE', ( #2632 ), #9565 ) ;
#4880 = CARTESIAN_POINT ( 'NONE',  ( 14.47000000000000400, 0.2000000000000000100, -14.12000000000000100 ) ) ;
#4881 = FACE_OUTER_BOUND ( 'NONE', #3628, .T. ) ;
#4882 = FACE_OUTER_BOUND ( 'NONE', #1100, .T. ) ;
#4883 = VERTEX_POINT ( 'NONE', #1569 ) ;
#4884 = DIRECTION ( 'NONE',  ( 0.0000000000000000000, -0.0000000000000000000, 1.000000000000000000 ) ) ;
#4885 = EDGE_LOOP ( 'NONE', ( #5307, #8203, #4507, #5971, #741, #4676 ) ) ;
#4886 = ORIENTED_EDGE ( 'NONE', *, *, #277, .F. ) ;
#4887 = FILL_AREA_STYLE ('',( #1065 ) ) ;
#4888 = LINE ( 'NONE', #2385, #581 ) ;
#4889 = CARTESIAN_POINT ( 'NONE',  ( 14.47000000000000400, 0.2000000000000000100, -14.12000000000000100 ) ) ;
#4890 = DIRECTION ( 'NONE',  ( 0.0000000000000000000, 0.0000000000000000000, -1.000000000000000000 ) ) ;
#4891 = ADVANCED_FACE ( 'NONE', ( #5759 ), #6272, .F. ) ;
#4892 =( NAMED_UNIT ( * ) SI_UNIT ( $, .STERADIAN. ) SOLID_ANGLE_UNIT ( ) );
#4893 = CARTESIAN_POINT ( 'NONE',  ( 24.63000000000000600, 0.2000000000000000100, -13.81999999999999900 ) ) ;
#4894 = EDGE_CURVE ( 'NONE', #3157, #224, #2455, .T. ) ;
#4895 = VERTEX_POINT ( 'NONE', #4823 ) ;
#4896 = CARTESIAN_POINT ( 'NONE',  ( 24.38000000000000600, 0.2000000000000000900, 0.0000000000000000000 ) ) ;
#4897 = ORIENTED_EDGE ( 'NONE', *, *, #2175, .T. ) ;
#4898 = PLANE ( 'NONE',  #4103 ) ;
#4899 = PLANE ( 'NONE',  #1011 ) ;
#4900 = PLANE ( 'NONE',  #8879 ) ;
#4901 = LINE ( 'NONE', #7732, #6980 ) ;
#4902 = DIRECTION ( 'NONE',  ( 1.000000000000000000, 0.0000000000000000000, 0.0000000000000000000 ) ) ;
#4903 = ORIENTED_EDGE ( 'NONE', *, *, #9749, .T. ) ;
#4904 = EDGE_CURVE ( 'NONE', #7316, #7345, #4660, .T. ) ;
#4905 = ORIENTED_EDGE ( 'NONE', *, *, #608, .T. ) ;
#4906 = VERTEX_POINT ( 'NONE', #234 ) ;
#4907 = CARTESIAN_POINT ( 'NONE',  ( 11.68000000000000300, 1.300000000000000000, -14.12000000000000300 ) ) ;
#4908 = LINE ( 'NONE', #8868, #2341 ) ;
#4909 = PLANE ( 'NONE',  #6281 ) ;
#4910 = ORIENTED_EDGE ( 'NONE', *, *, #10, .F. ) ;
#4911 = ORIENTED_EDGE ( 'NONE', *, *, #3733, .T. ) ;
#4912 = DIRECTION ( 'NONE',  ( 0.0000000000000000000, -0.0000000000000000000, 1.000000000000000000 ) ) ;
#4913 = ORIENTED_EDGE ( 'NONE', *, *, #4894, .F. ) ;
#4914 = CARTESIAN_POINT ( 'NONE',  ( -10.92999999999999600, 0.2000000000000000100, -13.81999999999999900 ) ) ;
#4915 = PLANE ( 'NONE',  #214 ) ;
#4916 = VERTEX_POINT ( 'NONE', #2343 ) ;
#4917 = ORIENTED_EDGE ( 'NONE', *, *, #7875, .F. ) ;
#4918 = ADVANCED_FACE ( 'NONE', ( #3192 ), #4041, .F. ) ;
#4919 = VECTOR ( 'NONE', #1697, 1000.000000000000000 ) ;
#4920 = CARTESIAN_POINT ( 'NONE',  ( 6.850000000000002300, 1.300000000000000000, -13.52000000000000300 ) ) ;
#4921 = CARTESIAN_POINT ( 'NONE',  ( -9.139999999999998800, 0.2000000000000000100, 0.0000000000000000000 ) ) ;
#4923 = ORIENTED_EDGE ( 'NONE', *, *, #2445, .F. ) ;
#4922 = CARTESIAN_POINT ( 'NONE',  ( 22.09000000000000700, 1.000000000000000000, -13.52000000000000300 ) ) ;
#4924 = CARTESIAN_POINT ( 'NONE',  ( -10.92999999999999600, 0.2000000000000000100, -14.12000000000000100 ) ) ;
#4925 = EDGE_LOOP ( 'NONE', ( #5197, #1844, #6849, #2457, #7086, #2842 ) ) ;
#4926 = CARTESIAN_POINT ( 'NONE',  ( 10.93000000000000100, 0.2000000000000000100, -14.12000000000000100 ) ) ;
#4927 = EDGE_LOOP ( 'NONE', ( #7770, #5984, #589, #4605, #997, #7928, #3206, #5137 ) ) ;
#4928 = DIRECTION ( 'NONE',  ( 0.0000000000000000000, 0.0000000000000000000, -1.000000000000000000 ) ) ;
#4929 = EDGE_CURVE ( 'NONE', #3508, #1685, #6495, .T. ) ;
#4930 = EDGE_LOOP ( 'NONE', ( #765, #5002, #1870, #3895 ) ) ;
#4931 = DIRECTION ( 'NONE',  ( 0.0000000000000000000, 0.0000000000000000000, -1.000000000000000000 ) ) ;
#4932 = EDGE_CURVE ( 'NONE', #1121, #2073, #6016, .T. ) ;
#4933 = ADVANCED_FACE ( 'NONE', ( #8373 ), #2639, .F. ) ;
#4934 = AXIS2_PLACEMENT_3D ( 'NONE', #8722, #4126, #9556 ) ;
#4935 = VERTEX_POINT ( 'NONE', #7263 ) ;
#4936 = MANIFOLD_SOLID_BREP ( 'LPattern1[28]', #1231 ) ;
#4937 = EDGE_CURVE ( 'NONE', #5497, #5855, #4908, .T. ) ;
#4938 = VECTOR ( 'NONE', #9223, 1000.000000000000000 ) ;
#4939 = CARTESIAN_POINT ( 'NONE',  ( 27.50000000000001100, 1.000000000000000000, -13.81999999999999900 ) ) ;
#4940 = PLANE ( 'NONE',  #2193 ) ;
#4941 = EDGE_CURVE ( 'NONE', #2228, #1465, #6139, .T. ) ;
#4942 = VECTOR ( 'NONE', #9651, 1000.000000000000000 ) ;
#4943 = AXIS2_PLACEMENT_3D ( 'NONE', #705, #3948, #9476 ) ;
#4944 = CARTESIAN_POINT ( 'NONE',  ( 13.47000000000000200, 1.000000000000000000, -13.52000000000000300 ) ) ;
#4945 = ORIENTED_EDGE ( 'NONE', *, *, #3265, .T. ) ;
#4946 = DIRECTION ( 'NONE',  ( 0.0000000000000000000, -1.000000000000000000, 0.0000000000000000000 ) ) ;
#4947 = DIRECTION ( 'NONE',  ( 1.000000000000000000, 0.0000000000000000000, 0.0000000000000000000 ) ) ;
#4948 = DIRECTION ( 'NONE',  ( -1.000000000000000000, 0.0000000000000000000, -0.0000000000000000000 ) ) ;
#4949 = DIRECTION ( 'NONE',  ( 0.0000000000000000000, -1.000000000000000000, 0.0000000000000000000 ) ) ;
#4950 = DIRECTION ( 'NONE',  ( -5.400758019853073800E-017, 0.0000000000000000000, -1.000000000000000000 ) ) ;
#4951 = LINE ( 'NONE', #4163, #6787 ) ;
#4952 = LINE ( 'NONE', #10042, #516 ) ;
#4953 = CARTESIAN_POINT ( 'NONE',  ( 1.520000000000004000, 0.0000000000000000000, 0.0000000000000000000 ) ) ;
#4954 = ORIENTED_EDGE ( 'NONE', *, *, #7335, .T. ) ;
#4955 = EDGE_CURVE ( 'NONE', #5008, #1688, #1089, .T. ) ;
#4956 = PRESENTATION_STYLE_ASSIGNMENT (( #1397 ) ) ;
#4957 = CARTESIAN_POINT ( 'NONE',  ( -16.25999999999999800, -8.000000000000000000, -13.82000000000000200 ) ) ;
#4958 = DIRECTION ( 'NONE',  ( -1.000000000000000000, -0.0000000000000000000, -0.0000000000000000000 ) ) ;
#4959 = EDGE_CURVE ( 'NONE', #5318, #3645, #332, .T. ) ;
#4960 = CARTESIAN_POINT ( 'NONE',  ( -8.639999999999998800, -8.000000000000000000, -14.12000000000000300 ) ) ;
#4961 = STYLED_ITEM ( 'NONE', ( #6841 ), #4490 ) ;
#4962 = ADVANCED_FACE ( 'NONE', ( #10232, #1955 ), #4899, .F. ) ;
#4963 = ORIENTED_EDGE ( 'NONE', *, *, #770, .F. ) ;
#4964 = PLANE ( 'NONE',  #5823 ) ;
#4965 = CARTESIAN_POINT ( 'NONE',  ( -9.389999999999998800, 0.0000000000000000000, 0.0000000000000000000 ) ) ;
#4966 = VECTOR ( 'NONE', #2920, 1000.000000000000000 ) ;
#4967 = DIRECTION ( 'NONE',  ( -0.0000000000000000000, -1.000000000000000000, -0.0000000000000000000 ) ) ;
#4968 = LINE ( 'NONE', #2654, #10048 ) ;
#4969 = CARTESIAN_POINT ( 'NONE',  ( -24.37999999999999900, -8.000000000000000000, 14.12000000000000300 ) ) ;
#4970 = CARTESIAN_POINT ( 'NONE',  ( -6.599999999999997900, 1.300000000000000000, -14.12000000000000300 ) ) ;
#4971 = LINE ( 'NONE', #5842, #4353 ) ;
#4972 = EDGE_LOOP ( 'NONE', ( #677, #685, #1799, #174 ) ) ;
#4973 = EDGE_CURVE ( 'NONE', #2073, #3200, #9108, .T. ) ;
#4974 = PRESENTATION_STYLE_ASSIGNMENT (( #7639 ) ) ;
#4975 = CARTESIAN_POINT ( 'NONE',  ( 24.38000000000000600, -8.000000000000000000, 14.12000000000000300 ) ) ;
#4976 = VECTOR ( 'NONE', #2304, 1000.000000000000000 ) ;
#4977 = CARTESIAN_POINT ( 'NONE',  ( -24.62999999999999900, 1.000000000000000000, 13.52000000000000300 ) ) ;
#4978 =( NAMED_UNIT ( * ) SI_UNIT ( $, .STERADIAN. ) SOLID_ANGLE_UNIT ( ) );
#4979 = LINE ( 'NONE', #140, #1662 ) ;
#4980 = FACE_OUTER_BOUND ( 'NONE', #5734, .T. ) ;
#4981 = VECTOR ( 'NONE', #5474, 1000.000000000000000 ) ;
#4982 = VECTOR ( 'NONE', #699, 1000.000000000000000 ) ;
#4983 = CARTESIAN_POINT ( 'NONE',  ( 11.93000000000000300, 0.2000000000000000100, -13.81999999999999900 ) ) ;
#4984 = CARTESIAN_POINT ( 'NONE',  ( -3.000000000000017300, 1.000000000000000000, -9.650000000000000400 ) ) ;
#4985 = CARTESIAN_POINT ( 'NONE',  ( 27.50000000000001100, 0.2000000000000000100, 13.82000000000000200 ) ) ;
#4986 = ADVANCED_FACE ( 'NONE', ( #8609 ), #6527, .F. ) ;
#4987 = PLANE ( 'NONE',  #1586 ) ;
#4988 = EDGE_CURVE ( 'NONE', #5419, #9790, #4039, .T. ) ;
#4989 = VECTOR ( 'NONE', #1797, 1000.000000000000000 ) ;
#4990 = VERTEX_POINT ( 'NONE', #1873 ) ;
#4991 = ORIENTED_EDGE ( 'NONE', *, *, #4573, .T. ) ;
#4992 = VERTEX_POINT ( 'NONE', #4856 ) ;
#4993 = EDGE_LOOP ( 'NONE', ( #227, #10091, #1626, #4626 ) ) ;
#4994 = VECTOR ( 'NONE', #4444, 1000.000000000000000 ) ;
#4995 = DIRECTION ( 'NONE',  ( -0.0000000000000000000, 1.000000000000000000, -0.0000000000000000000 ) ) ;
#4996 = LINE ( 'NONE', #9086, #3408 ) ;
#4997 = VERTEX_POINT ( 'NONE', #6560 ) ;
#4998 = EDGE_CURVE ( 'NONE', #7846, #10081, #8102, .T. ) ;
#4999 = VECTOR ( 'NONE', #8390, 1000.000000000000000 ) ;
#5000 = DIRECTION ( 'NONE',  ( -1.000000000000000000, -0.0000000000000000000, -0.0000000000000000000 ) ) ;
#5001 = CARTESIAN_POINT ( 'NONE',  ( 24.38000000000000600, -8.000000000000000000, 14.12000000000000300 ) ) ;
#5002 = ORIENTED_EDGE ( 'NONE', *, *, #7604, .F. ) ;
#5003 = ORIENTED_EDGE ( 'NONE', *, *, #9072, .T. ) ;
#5004 = CARTESIAN_POINT ( 'NONE',  ( 4.310000000000004900, 0.2000000000000000100, -14.12000000000000100 ) ) ;
#5005 = EDGE_CURVE ( 'NONE', #6114, #8218, #4782, .T. ) ;
#5006 = CARTESIAN_POINT ( 'NONE',  ( -16.25999999999999800, -8.000000000000000000, -14.12000000000000300 ) ) ;
#5007 = CARTESIAN_POINT ( 'NONE',  ( 14.22000000000000400, 1.300000000000000000, -14.12000000000000300 ) ) ;
#5008 = VERTEX_POINT ( 'NONE', #8202 ) ;
#5009 = ORIENTED_EDGE ( 'NONE', *, *, #2781, .T. ) ;
#5010 = ORIENTED_EDGE ( 'NONE', *, *, #229, .T. ) ;
#5011 = VECTOR ( 'NONE', #2170, 1000.000000000000000 ) ;
#5012 = EDGE_CURVE ( 'NONE', #9266, #6574, #1838, .T. ) ;
#5013 = DIRECTION ( 'NONE',  ( 1.000000000000000000, 0.0000000000000000000, 0.0000000000000000000 ) ) ;
#5014 = LINE ( 'NONE', #10056, #9979 ) ;
#5015 = LINE ( 'NONE', #4983, #6965 ) ;
#5016 = VERTEX_POINT ( 'NONE', #9025 ) ;
#5017 = AXIS2_PLACEMENT_3D ( 'NONE', #4024, #1727, #139 ) ;
#5018 = CARTESIAN_POINT ( 'NONE',  ( 16.01000000000000500, 1.300000000000000000, -14.12000000000000300 ) ) ;
#5019 = VECTOR ( 'NONE', #446, 1000.000000000000000 ) ;
#5020 = ADVANCED_FACE ( 'NONE', ( #2962 ), #5780, .F. ) ;
#5021 = VECTOR ( 'NONE', #4187, 1000.000000000000000 ) ;
#5022 = VERTEX_POINT ( 'NONE', #8248 ) ;
#5023 = CARTESIAN_POINT ( 'NONE',  ( -17.00999999999999800, 0.2000000000000000100, -14.12000000000000100 ) ) ;
#5024 = DIRECTION ( 'NONE',  ( -0.0000000000000000000, 1.000000000000000000, 0.0000000000000000000 ) ) ;
#5025 = CARTESIAN_POINT ( 'NONE',  ( -24.09000000000000700, 1.700000000000000000, -4.074999999999995700 ) ) ;
#5026 = CARTESIAN_POINT ( 'NONE',  ( 10.93000000000000100, 1.000000000000000000, -13.82000000000000200 ) ) ;
#5027 = ORIENTED_EDGE ( 'NONE', *, *, #2786, .F. ) ;
#5028 = VECTOR ( 'NONE', #8047, 1000.000000000000000 ) ;
#5029 = CARTESIAN_POINT ( 'NONE',  ( -9.139999999999998800, -8.000000000000000000, -13.82000000000000200 ) ) ;
#5030 = EDGE_CURVE ( 'NONE', #343, #7247, #6986, .T. ) ;
#5031 = VECTOR ( 'NONE', #1213, 1000.000000000000000 ) ;
#5032 = VERTEX_POINT ( 'NONE', #1224 ) ;
#5033 = ORIENTED_EDGE ( 'NONE', *, *, #6570, .T. ) ;
#5034 = ORIENTED_EDGE ( 'NONE', *, *, #7589, .T. ) ;
#5035 = VERTEX_POINT ( 'NONE', #8929 ) ;
#5036 = DIRECTION ( 'NONE',  ( -0.0000000000000000000, -0.0000000000000000000, -1.000000000000000000 ) ) ;
#5037 = CARTESIAN_POINT ( 'NONE',  ( -16.00999999999999800, 0.2000000000000000100, -13.81999999999999900 ) ) ;
#5038 = FACE_OUTER_BOUND ( 'NONE', #1371, .T. ) ;
#5039 = PLANE ( 'NONE',  #1561 ) ;
#5040 = EDGE_CURVE ( 'NONE', #8392, #7868, #966, .T. ) ;
#5041 = ORIENTED_EDGE ( 'NONE', *, *, #4695, .T. ) ;
#5042 = ORIENTED_EDGE ( 'NONE', *, *, #6223, .T. ) ;
#5043 = ADVANCED_FACE ( 'NONE', ( #5748 ), #401, .F. ) ;
#5044 = AXIS2_PLACEMENT_3D ( 'NONE', #2318, #10141, #1484 ) ;
#5045 = CARTESIAN_POINT ( 'NONE',  ( 4.310000000000004900, 0.2000000000000000100, -13.81999999999999900 ) ) ;
#5046 = CARTESIAN_POINT ( 'NONE',  ( -18.79999999999999700, 1.300000000000000000, -14.12000000000000300 ) ) ;
#5047 = VECTOR ( 'NONE', #8644, 1000.000000000000000 ) ;
#5048 = CARTESIAN_POINT ( 'NONE',  ( 21.84000000000000700, 1.300000000000000000, -14.12000000000000300 ) ) ;
#5049 = EDGE_CURVE ( 'NONE', #6459, #7879, #9216, .T. ) ;
#5050 = VERTEX_POINT ( 'NONE', #3460 ) ;
#5051 = EDGE_LOOP ( 'NONE', ( #7861, #7242, #10084, #8957 ) ) ;
#5052 = CARTESIAN_POINT ( 'NONE',  ( 22.09000000000000700, 0.2000000000000000100, -13.81999999999999900 ) ) ;
#5053 = CARTESIAN_POINT ( 'NONE',  ( 27.50000000000001100, 0.2000000000000000100, -13.81999999999999900 ) ) ;
#5054 = EDGE_LOOP ( 'NONE', ( #415, #6516, #1469, #8094 ) ) ;
#5055 =( NAMED_UNIT ( * ) PLANE_ANGLE_UNIT ( ) SI_UNIT ( $, .RADIAN. ) );
#5056 = LINE ( 'NONE', #9021, #5426 ) ;
#5057 = EDGE_CURVE ( 'NONE', #805, #4132, #7103, .T. ) ;
#5058 = DIRECTION ( 'NONE',  ( 0.0000000000000000000, 0.0000000000000000000, -1.000000000000000000 ) ) ;
#5059 = CARTESIAN_POINT ( 'NONE',  ( 24.38000000000000600, 0.2000000000000005100, 13.82000000000000200 ) ) ;
#5060 = EDGE_CURVE ( 'NONE', #1356, #7459, #9347, .T. ) ;
#5061 = FILL_AREA_STYLE_COLOUR ( '', #2022 ) ;
#5062 = ADVANCED_FACE ( 'NONE', ( #9730 ), #2923, .T. ) ;
#5063 = CARTESIAN_POINT ( 'NONE',  ( -3.000000000000017300, 0.9499999999999999600, -9.650000000000000400 ) ) ;
#5064 = CARTESIAN_POINT ( 'NONE',  ( 21.34000000000000300, 0.2000000000000000900, 0.0000000000000000000 ) ) ;
#5065 = LINE ( 'NONE', #3308, #3002 ) ;
#5066 = VERTEX_POINT ( 'NONE', #7385 ) ;
#5067 = EDGE_CURVE ( 'NONE', #4439, #261, #9603, .T. ) ;
#5068 = AXIS2_PLACEMENT_3D ( 'NONE', #2511, #3262, #1782 ) ;
#5069 = AXIS2_PLACEMENT_3D ( 'NONE', #510, #2859, #9137 ) ;
#5070 = CARTESIAN_POINT ( 'NONE',  ( 3.560000000000004100, 0.2000000000000000100, 0.0000000000000000000 ) ) ;
#5071 = SURFACE_STYLE_FILL_AREA ( #8857 ) ;
#5072 = PLANE ( 'NONE',  #8254 ) ;
#5073 = DIRECTION ( 'NONE',  ( 0.0000000000000000000, -0.0000000000000000000, 1.000000000000000000 ) ) ;
#5074 = LINE ( 'NONE', #6091, #3010 ) ;
#5075 = ORIENTED_EDGE ( 'NONE', *, *, #2251, .T. ) ;
#5076 =( NAMED_UNIT ( * ) SI_UNIT ( $, .STERADIAN. ) SOLID_ANGLE_UNIT ( ) );
#5077 = PLANE ( 'NONE',  #3445 ) ;
#5078 = DIRECTION ( 'NONE',  ( 0.0000000000000000000, -1.000000000000000000, 4.336808689942017700E-015 ) ) ;
#5079 = FACE_OUTER_BOUND ( 'NONE', #2092, .T. ) ;
#5080 = CARTESIAN_POINT ( 'NONE',  ( 11.18000000000000300, -8.000000000000000000, -13.82000000000000200 ) ) ;
#5081 = LINE ( 'NONE', #9843, #1514 ) ;
#5082 = CARTESIAN_POINT ( 'NONE',  ( 1.520000000000004000, 1.300000000000000000, -13.52000000000000300 ) ) ;
#5083 = DIRECTION ( 'NONE',  ( 0.0000000000000000000, 1.000000000000000000, 0.0000000000000000000 ) ) ;
#5084 = CARTESIAN_POINT ( 'NONE',  ( 0.7700000000000033500, 0.2000000000000000100, -13.81999999999999900 ) ) ;
#5085 = ADVANCED_FACE ( 'NONE', ( #4651 ), #2043, .F. ) ;
#5086 = SURFACE_STYLE_USAGE ( .BOTH. , #4329 ) ;
#5087 = VECTOR ( 'NONE', #103, 1000.000000000000000 ) ;
#5088 = ORIENTED_EDGE ( 'NONE', *, *, #2638, .T. ) ;
#5089 = SURFACE_SIDE_STYLE ('',( #4111 ) ) ;
#5090 = EDGE_CURVE ( 'NONE', #6183, #1331, #6733, .T. ) ;
#5091 = FACE_OUTER_BOUND ( 'NONE', #37, .T. ) ;
#5092 = CARTESIAN_POINT ( 'NONE',  ( 13.47000000000000200, 0.2000000000000000100, -13.81999999999999900 ) ) ;
#5093 = VECTOR ( 'NONE', #386, 1000.000000000000000 ) ;
#5094 = CARTESIAN_POINT ( 'NONE',  ( -8.389999999999998800, 0.2000000000000000100, -14.12000000000000100 ) ) ;
#5095 = FACE_OUTER_BOUND ( 'NONE', #10192, .T. ) ;
#5096 = CARTESIAN_POINT ( 'NONE',  ( -21.33999999999999600, 1.300000000000000000, 13.52000000000000300 ) ) ;
#5097 = LINE ( 'NONE', #8562, #153 ) ;
#5098 = VECTOR ( 'NONE', #9139, 1000.000000000000000 ) ;
#5099 = ORIENTED_EDGE ( 'NONE', *, *, #1441, .F. ) ;
#5100 = LINE ( 'NONE', #10191, #4854 ) ;
#5101 = FACE_OUTER_BOUND ( 'NONE', #9925, .T. ) ;
#5102 = CARTESIAN_POINT ( 'NONE',  ( 16.76000000000000500, 1.000000000000000000, -13.82000000000000200 ) ) ;
#5103 = LINE ( 'NONE', #250, #6444 ) ;
#5104 = LINE ( 'NONE', #1635, #4364 ) ;
#5105 = CARTESIAN_POINT ( 'NONE',  ( -3.309999999999996900, 1.000000000000000000, -13.82000000000000200 ) ) ;
#5106 = ORIENTED_EDGE ( 'NONE', *, *, #1840, .F. ) ;
#5107 =( GEOMETRIC_REPRESENTATION_CONTEXT ( 3 ) GLOBAL_UNCERTAINTY_ASSIGNED_CONTEXT ( ( #9247 ) ) GLOBAL_UNIT_ASSIGNED_CONTEXT ( ( #8837, #7099, #5552 ) ) REPRESENTATION_CONTEXT ( 'NONE', 'WORKASPACE' ) );
#5108 = FACE_OUTER_BOUND ( 'NONE', #6864, .T. ) ;
#5109 = LINE ( 'NONE', #8836, #783 ) ;
#5110 = DIRECTION ( 'NONE',  ( 0.0000000000000000000, -1.000000000000000000, 0.0000000000000000000 ) ) ;
#5111 = CARTESIAN_POINT ( 'NONE',  ( -21.33999999999999600, 1.300000000000000000, -14.12000000000000300 ) ) ;
#5112 = AXIS2_PLACEMENT_3D ( 'NONE', #10133, #3772, #1435 ) ;
#5113 = CARTESIAN_POINT ( 'NONE',  ( 24.63000000000000600, 0.2000000000000000100, -13.81999999999999900 ) ) ;
#5114 = FACE_OUTER_BOUND ( 'NONE', #8526, .T. ) ;
#5115 = ADVANCED_FACE ( 'NONE', ( #10223 ), #7631, .F. ) ;
#5116 = VERTEX_POINT ( 'NONE', #543 ) ;
#5117 = ORIENTED_EDGE ( 'NONE', *, *, #1582, .T. ) ;
#5118 = DIRECTION ( 'NONE',  ( 0.0000000000000000000, 0.0000000000000000000, -1.000000000000000000 ) ) ;
#5119 = ORIENTED_EDGE ( 'NONE', *, *, #7160, .T. ) ;
#5120 = ORIENTED_EDGE ( 'NONE', *, *, #8400, .T. ) ;
#5121 = ORIENTED_EDGE ( 'NONE', *, *, #5516, .F. ) ;
#5122 = DIRECTION ( 'NONE',  ( 0.0000000000000000000, -0.0000000000000000000, 1.000000000000000000 ) ) ;
#5123 = VECTOR ( 'NONE', #9187, 1000.000000000000000 ) ;
#5124 = LINE ( 'NONE', #6054, #5011 ) ;
#5125 = ORIENTED_EDGE ( 'NONE', *, *, #4598, .T. ) ;
#5126 = CARTESIAN_POINT ( 'NONE',  ( -16.00999999999999800, 0.2000000000000000100, -13.81999999999999900 ) ) ;
#5127 = DIRECTION ( 'NONE',  ( 0.0000000000000000000, 0.0000000000000000000, -1.000000000000000000 ) ) ;
#5128 = DIRECTION ( 'NONE',  ( 0.0000000000000000000, 0.0000000000000000000, 1.000000000000000000 ) ) ;
#5129 = EDGE_CURVE ( 'NONE', #2790, #6176, #3666, .T. ) ;
#5130 = SURFACE_STYLE_FILL_AREA ( #6100 ) ;
#5131 = VECTOR ( 'NONE', #955, 1000.000000000000000 ) ;
#5132 = ORIENTED_EDGE ( 'NONE', *, *, #9638, .T. ) ;
#5133 =( LENGTH_UNIT ( ) NAMED_UNIT ( * ) SI_UNIT ( .MILLI., .METRE. ) );
#5134 = ORIENTED_EDGE ( 'NONE', *, *, #4548, .F. ) ;
#5135 = VERTEX_POINT ( 'NONE', #9993 ) ;
#5136 = EDGE_CURVE ( 'NONE', #4906, #3264, #5636, .T. ) ;
#5137 = ORIENTED_EDGE ( 'NONE', *, *, #9629, .T. ) ;
#5138 = LINE ( 'NONE', #3962, #8354 ) ;
#5139 = DIRECTION ( 'NONE',  ( 0.0000000000000000000, 0.0000000000000000000, 1.000000000000000000 ) ) ;
#5140 = AXIS2_PLACEMENT_3D ( 'NONE', #8358, #5143, #5178 ) ;
#5141 = DIRECTION ( 'NONE',  ( 0.0000000000000000000, -0.0000000000000000000, 1.000000000000000000 ) ) ;
#5142 = EDGE_CURVE ( 'NONE', #2868, #6861, #6004, .T. ) ;
#5143 = DIRECTION ( 'NONE',  ( 1.000000000000000000, 0.0000000000000000000, 0.0000000000000000000 ) ) ;
#5144 = PLANE ( 'NONE',  #1240 ) ;
#5145 = ORIENTED_EDGE ( 'NONE', *, *, #7035, .F. ) ;
#5146 = ADVANCED_FACE ( 'NONE', ( #6483 ), #1257, .F. ) ;
#5147 = VERTEX_POINT ( 'NONE', #9246 ) ;
#5148 = CARTESIAN_POINT ( 'NONE',  ( -23.87999999999999900, 1.300000000000000000, 14.12000000000000300 ) ) ;
#5149 = LINE ( 'NONE', #9269, #8364 ) ;
#5150 = CARTESIAN_POINT ( 'NONE',  ( 2.999999999999982700, 0.9499999999999999600, -10.35000000000000000 ) ) ;
#5151 = VECTOR ( 'NONE', #10107, 1000.000000000000000 ) ;
#5152 = AXIS2_PLACEMENT_3D ( 'NONE', #3708, #7686, #2167 ) ;
#5153 = VERTEX_POINT ( 'NONE', #2189 ) ;
#5154 = PLANE ( 'NONE',  #5865 ) ;
#5155 = AXIS2_PLACEMENT_3D ( 'NONE', #5774, #9770, #6523 ) ;
#5156 = VERTEX_POINT ( 'NONE', #1326 ) ;
#5157 = DIRECTION ( 'NONE',  ( 0.0000000000000000000, -0.0000000000000000000, 1.000000000000000000 ) ) ;
#5158 = ORIENTED_EDGE ( 'NONE', *, *, #2352, .F. ) ;
#5159 = VERTEX_POINT ( 'NONE', #4437 ) ;
#5160 = FACE_BOUND ( 'NONE', #5435, .T. ) ;
#5161 = ORIENTED_EDGE ( 'NONE', *, *, #1645, .F. ) ;
#5162 = LINE ( 'NONE', #222, #2346 ) ;
#5163 = DIRECTION ( 'NONE',  ( -1.000000000000000000, -0.0000000000000000000, -0.0000000000000000000 ) ) ;
#5164 = CARTESIAN_POINT ( 'NONE',  ( -3.559999999999997400, 1.000000000000000000, -13.82000000000000200 ) ) ;
#5166 = ORIENTED_EDGE ( 'NONE', *, *, #7165, .T. ) ;
#5165 = DIRECTION ( 'NONE',  ( 0.0000000000000000000, -1.000000000000000000, 0.0000000000000000000 ) ) ;
#5167 = EDGE_CURVE ( 'NONE', #7240, #9411, #5391, .T. ) ;
#5168 = VERTEX_POINT ( 'NONE', #2991 ) ;
#5169 = EDGE_CURVE ( 'NONE', #2125, #4403, #4157, .T. ) ;
#5170 = VERTEX_POINT ( 'NONE', #3620 ) ;
#5171 = FACE_OUTER_BOUND ( 'NONE', #125, .T. ) ;
#5172 = DIRECTION ( 'NONE',  ( 0.0000000000000000000, 0.0000000000000000000, -1.000000000000000000 ) ) ;
#5173 = ORIENTED_EDGE ( 'NONE', *, *, #7061, .F. ) ;
#5174 = DIRECTION ( 'NONE',  ( -0.0000000000000000000, 1.000000000000000000, 0.0000000000000000000 ) ) ;
#5175 = ADVANCED_FACE ( 'NONE', ( #1461 ), #6742, .F. ) ;
#5176 = ORIENTED_EDGE ( 'NONE', *, *, #7285, .T. ) ;
#5177 = CARTESIAN_POINT ( 'NONE',  ( -6.099999999999997900, -8.000000000000000000, -13.82000000000000200 ) ) ;
#5178 = DIRECTION ( 'NONE',  ( 0.0000000000000000000, 0.0000000000000000000, -1.000000000000000000 ) ) ;
#5179 = ORIENTED_EDGE ( 'NONE', *, *, #6612, .T. ) ;
#5180 = CARTESIAN_POINT ( 'NONE',  ( -23.87999999999999900, 1.000000000000000000, -13.52000000000000300 ) ) ;
#5181 = EDGE_CURVE ( 'NONE', #3066, #7317, #3550, .T. ) ;
#5182 =( GEOMETRIC_REPRESENTATION_CONTEXT ( 3 ) GLOBAL_UNCERTAINTY_ASSIGNED_CONTEXT ( ( #10022 ) ) GLOBAL_UNIT_ASSIGNED_CONTEXT ( ( #2330, #4552, #8543 ) ) REPRESENTATION_CONTEXT ( 'NONE', 'WORKASPACE' ) );
#5183 = ORIENTED_EDGE ( 'NONE', *, *, #10137, .T. ) ;
#5184 = LINE ( 'NONE', #7591, #7010 ) ;
#5185 = FILL_AREA_STYLE_COLOUR ( '', #7349 ) ;
#5186 = CARTESIAN_POINT ( 'NONE',  ( 27.49999999999999600, 1.800000000000000000, 10.68000000000000000 ) ) ;
#5187 = VERTEX_POINT ( 'NONE', #1554 ) ;
#5188 = ORIENTED_EDGE ( 'NONE', *, *, #6788, .T. ) ;
#5189 = CARTESIAN_POINT ( 'NONE',  ( -13.46999999999999700, 0.0000000000000000000, 0.0000000000000000000 ) ) ;
#5190 = CARTESIAN_POINT ( 'NONE',  ( 4.060000000000004900, 1.300000000000000000, -14.12000000000000300 ) ) ;
#5191 = DIRECTION ( 'NONE',  ( 0.0000000000000000000, -0.0000000000000000000, 1.000000000000000000 ) ) ;
#5192 = DIRECTION ( 'NONE',  ( 1.000000000000000000, 0.0000000000000000000, 0.0000000000000000000 ) ) ;
#5193 = EDGE_CURVE ( 'NONE', #236, #3528, #2955, .T. ) ;
#5194 = ORIENTED_EDGE ( 'NONE', *, *, #8111, .F. ) ;
#5195 = VECTOR ( 'NONE', #2528, 1000.000000000000000 ) ;
#5196 = DIRECTION ( 'NONE',  ( 0.0000000000000000000, -0.0000000000000000000, 1.000000000000000000 ) ) ;
#5197 = ORIENTED_EDGE ( 'NONE', *, *, #789, .F. ) ;
#5198 = DIRECTION ( 'NONE',  ( -1.000000000000000000, -0.0000000000000000000, -0.0000000000000000000 ) ) ;
#5199 = SURFACE_SIDE_STYLE ('',( #216 ) ) ;
#5200 = ADVANCED_FACE ( 'NONE', ( #7590 ), #3753, .F. ) ;
#5201 = EDGE_CURVE ( 'NONE', #32, #6869, #3797, .T. ) ;
#5202 = EDGE_CURVE ( 'NONE', #4788, #7598, #456, .T. ) ;
#5203 = LINE ( 'NONE', #5018, #4447 ) ;
#5204 = VERTEX_POINT ( 'NONE', #10180 ) ;
#5205 = CARTESIAN_POINT ( 'NONE',  ( 27.49999999999999600, 1.800000000000000000, -6.820000000000001200 ) ) ;
#5206 = EDGE_CURVE ( 'NONE', #5263, #5979, #3432, .T. ) ;
#5207 = DIRECTION ( 'NONE',  ( -1.000000000000000000, -0.0000000000000000000, -0.0000000000000000000 ) ) ;
#5208 = DIRECTION ( 'NONE',  ( 1.000000000000000000, 0.0000000000000000000, 0.0000000000000000000 ) ) ;
#5209 = DIRECTION ( 'NONE',  ( -1.000000000000000000, -0.0000000000000000000, -0.0000000000000000000 ) ) ;
#5210 = VECTOR ( 'NONE', #4092, 1000.000000000000000 ) ;
#5211 = DIRECTION ( 'NONE',  ( -1.000000000000000000, -0.0000000000000000000, -0.0000000000000000000 ) ) ;
#5212 = LINE ( 'NONE', #359, #1765 ) ;
#5213 = ORIENTED_EDGE ( 'NONE', *, *, #9577, .T. ) ;
#5214 = AXIS2_PLACEMENT_3D ( 'NONE', #7625, #3046, #9054 ) ;
#5215 = DIRECTION ( 'NONE',  ( -0.0000000000000000000, 1.000000000000000000, 0.0000000000000000000 ) ) ;
#5216 = DIRECTION ( 'NONE',  ( 0.0000000000000000000, 0.0000000000000000000, -1.000000000000000000 ) ) ;
#5217 = CARTESIAN_POINT ( 'NONE',  ( 18.55000000000000400, 0.0000000000000000000, 0.0000000000000000000 ) ) ;
#5218 = ORIENTED_EDGE ( 'NONE', *, *, #6731, .F. ) ;
#5219 = LINE ( 'NONE', #8579, #2390 ) ;
#5220 = FACE_OUTER_BOUND ( 'NONE', #1332, .T. ) ;
#5221 = ADVANCED_FACE ( 'NONE', ( #5274 ), #5371, .F. ) ;
#5222 = EDGE_CURVE ( 'NONE', #1996, #3722, #1576, .T. ) ;
#5223 = VECTOR ( 'NONE', #5643, 1000.000000000000000 ) ;
#5224 = PLANE ( 'NONE',  #5152 ) ;
#5225 = ORIENTED_EDGE ( 'NONE', *, *, #2212, .T. ) ;
#5226 = VECTOR ( 'NONE', #5930, 1000.000000000000000 ) ;
#5227 = CARTESIAN_POINT ( 'NONE',  ( -24.09000000000000700, 1.700000000000000000, 7.935000000000006700 ) ) ;
#5228 = PLANE ( 'NONE',  #3520 ) ;
#5229 = LINE ( 'NONE', #7055, #1160 ) ;
#5230 = VECTOR ( 'NONE', #8112, 1000.000000000000000 ) ;
#5231 =( NAMED_UNIT ( * ) PLANE_ANGLE_UNIT ( ) SI_UNIT ( $, .RADIAN. ) );
#5232 = LINE ( 'NONE', #63, #3037 ) ;
#5233 = LINE ( 'NONE', #9663, #3635 ) ;
#5234 = LINE ( 'NONE', #9397, #3150 ) ;
#5235 = ORIENTED_EDGE ( 'NONE', *, *, #6056, .F. ) ;
#5236 = EDGE_CURVE ( 'NONE', #3684, #2616, #1827, .T. ) ;
#5237 = CARTESIAN_POINT ( 'NONE',  ( -13.46999999999999700, 0.2000000000000000100, -14.12000000000000100 ) ) ;
#5238 = LINE ( 'NONE', #4847, #8442 ) ;
#5239 = CARTESIAN_POINT ( 'NONE',  ( -16.00999999999999800, 0.2000000000000000100, -13.81999999999999900 ) ) ;
#5240 =( GEOMETRIC_REPRESENTATION_CONTEXT ( 3 ) GLOBAL_UNCERTAINTY_ASSIGNED_CONTEXT ( ( #4056 ) ) GLOBAL_UNIT_ASSIGNED_CONTEXT ( ( #5535, #6968, #6213 ) ) REPRESENTATION_CONTEXT ( 'NONE', 'WORKASPACE' ) );
#5241 = ORIENTED_EDGE ( 'NONE', *, *, #10273, .T. ) ;
#5242 = ORIENTED_EDGE ( 'NONE', *, *, #3094, .T. ) ;
#5243 = CARTESIAN_POINT ( 'NONE',  ( -23.62999999999999900, 0.0000000000000000000, 0.0000000000000000000 ) ) ;
#5244 = DIRECTION ( 'NONE',  ( -0.0000000000000000000, -1.000000000000000000, -0.0000000000000000000 ) ) ;
#5245 = CARTESIAN_POINT ( 'NONE',  ( 21.09000000000000300, 1.300000000000000000, 13.52000000000000300 ) ) ;
#5246 = EDGE_LOOP ( 'NONE', ( #2252, #5280, #340, #6073 ) ) ;
#5247 = ORIENTED_EDGE ( 'NONE', *, *, #5754, .F. ) ;
#5248 = VECTOR ( 'NONE', #455, 1000.000000000000000 ) ;
#5249 = LINE ( 'NONE', #6406, #6226 ) ;
#5250 = VERTEX_POINT ( 'NONE', #9345 ) ;
#5251 = ADVANCED_FACE ( 'NONE', ( #820 ), #6262, .F. ) ;
#5252 = EDGE_CURVE ( 'NONE', #3012, #7598, #5149, .T. ) ;
#5253 = LINE ( 'NONE', #2729, #436 ) ;
#5254 = CARTESIAN_POINT ( 'NONE',  ( -22.09000000000000000, 1.000000000000000000, -13.52000000000000300 ) ) ;
#5255 = DIRECTION ( 'NONE',  ( 0.0000000000000000000, 0.0000000000000000000, 1.000000000000000000 ) ) ;
#5256 = ORIENTED_EDGE ( 'NONE', *, *, #7139, .F. ) ;
#5257 = ORIENTED_EDGE ( 'NONE', *, *, #1845, .F. ) ;
#5258 = PLANE ( 'NONE',  #5992 ) ;
#5259 = ORIENTED_EDGE ( 'NONE', *, *, #3198, .F. ) ;
#5260 = ORIENTED_EDGE ( 'NONE', *, *, #7672, .F. ) ;
#5261 = PLANE ( 'NONE',  #8488 ) ;
#5262 = CARTESIAN_POINT ( 'NONE',  ( -21.33999999999999600, -8.000000000000000000, -14.12000000000000300 ) ) ;
#5263 = VERTEX_POINT ( 'NONE', #3823 ) ;
#5264 = VECTOR ( 'NONE', #1538, 1000.000000000000000 ) ;
#5265 = DIRECTION ( 'NONE',  ( 0.0000000000000000000, -1.000000000000000000, 4.336808689942017700E-015 ) ) ;
#5266 = MANIFOLD_SOLID_BREP ( 'Boss-Extrude3', #1019 ) ;
#5267 = VECTOR ( 'NONE', #4691, 1000.000000000000000 ) ;
#5268 = DIRECTION ( 'NONE',  ( -0.0000000000000000000, -1.000000000000000000, -0.0000000000000000000 ) ) ;
#5269 = LINE ( 'NONE', #4944, #7212 ) ;
#5270 = ORIENTED_EDGE ( 'NONE', *, *, #468, .F. ) ;
#5271 = CARTESIAN_POINT ( 'NONE',  ( -3.309999999999996900, 0.2000000000000000100, -13.81999999999999900 ) ) ;
#5272 = CARTESIAN_POINT ( 'NONE',  ( -16.25999999999999800, 1.000000000000000000, -13.52000000000000300 ) ) ;
#5273 = VERTEX_POINT ( 'NONE', #7744 ) ;
#5274 = FACE_OUTER_BOUND ( 'NONE', #1352, .T. ) ;
#5275 = EDGE_CURVE ( 'NONE', #8371, #2614, #1217, .T. ) ;
#5276 = LINE ( 'NONE', #4939, #3187 ) ;
#5277 = ORIENTED_EDGE ( 'NONE', *, *, #1107, .F. ) ;
#5278 = EDGE_CURVE ( 'NONE', #3644, #9747, #3301, .T. ) ;
#5279 = AXIS2_PLACEMENT_3D ( 'NONE', #959, #3378, #8883 ) ;
#5280 = ORIENTED_EDGE ( 'NONE', *, *, #7765, .F. ) ;
#5281 = AXIS2_PLACEMENT_3D ( 'NONE', #5889, #235, #2681 ) ;
#5282 = DIRECTION ( 'NONE',  ( 0.0000000000000000000, 0.0000000000000000000, -1.000000000000000000 ) ) ;
#5283 = ADVANCED_FACE ( 'NONE', ( #3309 ), #6229, .F. ) ;
#5284 = VECTOR ( 'NONE', #5911, 1000.000000000000000 ) ;
#5285 = ORIENTED_EDGE ( 'NONE', *, *, #1775, .T. ) ;
#5286 = ORIENTED_EDGE ( 'NONE', *, *, #7298, .F. ) ;
#5287 = CARTESIAN_POINT ( 'NONE',  ( 23.63000000000000600, 1.000000000000000000, 13.82000000000000200 ) ) ;
#5288 = ORIENTED_EDGE ( 'NONE', *, *, #8767, .F. ) ;
#5289 = EDGE_LOOP ( 'NONE', ( #5772, #6850, #8606, #2608 ) ) ;
#5290 = CARTESIAN_POINT ( 'NONE',  ( 21.09000000000000300, 0.2000000000000000900, 13.82000000000000200 ) ) ;
#5291 = VECTOR ( 'NONE', #57, 1000.000000000000000 ) ;
#5292 = CARTESIAN_POINT ( 'NONE',  ( -8.639999999999998800, -8.000000000000000000, -14.12000000000000300 ) ) ;
#5293 = AXIS2_PLACEMENT_3D ( 'NONE', #4831, #9644, #7269 ) ;
#5294 = PLANE ( 'NONE',  #7749 ) ;
#5295 = EDGE_LOOP ( 'NONE', ( #7883, #7232, #1636, #331 ) ) ;
#5296 = DIRECTION ( 'NONE',  ( -0.0000000000000000000, 1.000000000000000000, 0.0000000000000000000 ) ) ;
#5297 = CARTESIAN_POINT ( 'NONE',  ( 27.49999999999999600, 1.000000000000000000, -6.820000000000001200 ) ) ;
#5298 = ORIENTED_EDGE ( 'NONE', *, *, #104, .T. ) ;
#5299 = VERTEX_POINT ( 'NONE', #4608 ) ;
#5300 = CARTESIAN_POINT ( 'NONE',  ( -8.389999999999998800, 1.300000000000000000, -14.12000000000000300 ) ) ;
#5301 = DIRECTION ( 'NONE',  ( -1.000000000000000000, 0.0000000000000000000, -0.0000000000000000000 ) ) ;
#5302 = DIRECTION ( 'NONE',  ( 0.0000000000000000000, 0.0000000000000000000, -1.000000000000000000 ) ) ;
#5303 = ADVANCED_FACE ( 'NONE', ( #9338 ), #7706, .T. ) ;
#5304 = EDGE_CURVE ( 'NONE', #440, #9264, #3901, .T. ) ;
#5305 = PRODUCT_CONTEXT ( 'NONE', #7490, 'mechanical' ) ;
#5306 = DIRECTION ( 'NONE',  ( 1.000000000000000000, 0.0000000000000000000, 0.0000000000000000000 ) ) ;
#5307 = ORIENTED_EDGE ( 'NONE', *, *, #9228, .T. ) ;
#5308 = ORIENTED_EDGE ( 'NONE', *, *, #10045, .T. ) ;
#5309 = PLANE ( 'NONE',  #10267 ) ;
#5310 = CARTESIAN_POINT ( 'NONE',  ( 18.80000000000000400, 0.2000000000000000100, 0.0000000000000000000 ) ) ;
#5311 = DIRECTION ( 'NONE',  ( 0.0000000000000000000, -1.000000000000000000, 0.0000000000000000000 ) ) ;
#5312 = CLOSED_SHELL ( 'NONE', ( #4192, #8895, #1333, #1171, #4719, #7372, #2793, #5200, #8287, #2576, #7642, #7072 ) ) ;
#5313 = CARTESIAN_POINT ( 'NONE',  ( -21.33999999999999600, 0.2000000000000005100, -13.82000000000000200 ) ) ;
#5314 = AXIS2_PLACEMENT_3D ( 'NONE', #29, #5633, #9543 ) ;
#5315 = CARTESIAN_POINT ( 'NONE',  ( -10.92999999999999600, 0.0000000000000000000, 0.0000000000000000000 ) ) ;
#5316 = DIRECTION ( 'NONE',  ( 0.0000000000000000000, 1.000000000000000000, 0.0000000000000000000 ) ) ;
#5317 = DIRECTION ( 'NONE',  ( -1.000000000000000000, -0.0000000000000000000, -0.0000000000000000000 ) ) ;
#5318 = VERTEX_POINT ( 'NONE', #9412 ) ;
#5319 = CARTESIAN_POINT ( 'NONE',  ( 11.68000000000000300, -8.000000000000000000, -13.82000000000000200 ) ) ;
#5320 = CARTESIAN_POINT ( 'NONE',  ( -21.08999999999999600, 1.000000000000000000, -13.82000000000000200 ) ) ;
#5321 = DIRECTION ( 'NONE',  ( -1.000000000000000000, -0.0000000000000000000, -0.0000000000000000000 ) ) ;
#5322 = EDGE_CURVE ( 'NONE', #5849, #1353, #7220, .T. ) ;
#5323 = CARTESIAN_POINT ( 'NONE',  ( 13.72000000000000200, 0.2000000000000000100, -13.81999999999999900 ) ) ;
#5324 = CARTESIAN_POINT ( 'NONE',  ( 11.68000000000000300, 1.300000000000000000, -14.12000000000000300 ) ) ;
#5325 = LINE ( 'NONE', #5459, #6537 ) ;
#5326 = DIRECTION ( 'NONE',  ( 1.000000000000000000, -0.0000000000000000000, 0.0000000000000000000 ) ) ;
#5327 = CARTESIAN_POINT ( 'NONE',  ( -5.849999999999997900, 0.2000000000000000100, -13.81999999999999900 ) ) ;
#5328 = ORIENTED_EDGE ( 'NONE', *, *, #6049, .F. ) ;
#5329 = EDGE_CURVE ( 'NONE', #3786, #5066, #9595, .T. ) ;
#5330 = LINE ( 'NONE', #2420, #315 ) ;
#5331 = DIRECTION ( 'NONE',  ( 0.0000000000000000000, -0.0000000000000000000, 1.000000000000000000 ) ) ;
#5332 = EDGE_CURVE ( 'NONE', #7956, #10235, #4888, .T. ) ;
#5333 = LINE ( 'NONE', #1946, #9279 ) ;
#5334 = VECTOR ( 'NONE', #6655, 1000.000000000000000 ) ;
#5335 = VECTOR ( 'NONE', #9681, 1000.000000000000000 ) ;
#5336 = CARTESIAN_POINT ( 'NONE',  ( 21.34000000000000300, 0.2000000000000000100, 0.0000000000000000000 ) ) ;
#5337 = CARTESIAN_POINT ( 'NONE',  ( -22.09000000000000000, 1.000000000000000000, 13.52000000000000300 ) ) ;
#5338 = LINE ( 'NONE', #7194, #1154 ) ;
#5339 = LINE ( 'NONE', #5615, #2400 ) ;
#5340 = AXIS2_PLACEMENT_3D ( 'NONE', #9935, #461, #6647 ) ;
#5341 = ADVANCED_FACE ( 'NONE', ( #945 ), #7118, .F. ) ;
#5342 = FACE_OUTER_BOUND ( 'NONE', #8520, .T. ) ;
#5343 = VECTOR ( 'NONE', #7024, 1000.000000000000000 ) ;
#5344 = ORIENTED_EDGE ( 'NONE', *, *, #9509, .T. ) ;
#5345 = VECTOR ( 'NONE', #9958, 1000.000000000000000 ) ;
#5346 = CARTESIAN_POINT ( 'NONE',  ( 27.00000000000001100, 0.2000000000000000100, 11.18000000000000300 ) ) ;
#5347 = FACE_OUTER_BOUND ( 'NONE', #517, .T. ) ;
#5348 = LINE ( 'NONE', #3295, #7180 ) ;
#5349 = CARTESIAN_POINT ( 'NONE',  ( 3.560000000000004100, 0.2000000000000000100, -14.12000000000000100 ) ) ;
#5350 = FACE_OUTER_BOUND ( 'NONE', #8196, .T. ) ;
#5351 = CARTESIAN_POINT ( 'NONE',  ( -6.849999999999998800, 0.2000000000000000100, -14.12000000000000100 ) ) ;
#5352 = VECTOR ( 'NONE', #664, 1000.000000000000000 ) ;
#5353 = COLOUR_RGB ( '',0.7921568627450980000, 0.8196078431372548800, 0.9333333333333333500 ) ;
#5354 = EDGE_CURVE ( 'NONE', #9504, #5849, #5138, .T. ) ;
#5355 = VECTOR ( 'NONE', #2273, 1000.000000000000000 ) ;
#5356 = ORIENTED_EDGE ( 'NONE', *, *, #4075, .F. ) ;
#5357 = FILL_AREA_STYLE_COLOUR ( '', #4877 ) ;
#5358 = DIRECTION ( 'NONE',  ( 0.0000000000000000000, 0.0000000000000000000, -1.000000000000000000 ) ) ;
#5359 = FACE_OUTER_BOUND ( 'NONE', #8990, .T. ) ;
#5360 = VECTOR ( 'NONE', #3672, 1000.000000000000000 ) ;
#5361 = FACE_OUTER_BOUND ( 'NONE', #1534, .T. ) ;
#5362 = DIRECTION ( 'NONE',  ( 0.0000000000000000000, 0.0000000000000000000, -1.000000000000000000 ) ) ;
#5363 = ORIENTED_EDGE ( 'NONE', *, *, #506, .T. ) ;
#5364 = ORIENTED_EDGE ( 'NONE', *, *, #1812, .T. ) ;
#5365 = EDGE_LOOP ( 'NONE', ( #4315, #3820, #701, #3783 ) ) ;
#5366 = AXIS2_PLACEMENT_3D ( 'NONE', #4215, #1828, #186 ) ;
#5367 = EDGE_LOOP ( 'NONE', ( #245, #5885, #7085, #2624 ) ) ;
#5368 = VECTOR ( 'NONE', #9510, 1000.000000000000000 ) ;
#5369 = LINE ( 'NONE', #6625, #809 ) ;
#5370 = VERTEX_POINT ( 'NONE', #4061 ) ;
#5371 = PLANE ( 'NONE',  #8608 ) ;
#5372 = AXIS2_PLACEMENT_3D ( 'NONE', #5082, #9940, #1169 ) ;
#5373 = DIRECTION ( 'NONE',  ( -1.000000000000000000, 0.0000000000000000000, -0.0000000000000000000 ) ) ;
#5374 = CARTESIAN_POINT ( 'NONE',  ( 21.09000000000000300, 1.300000000000000000, -13.52000000000000300 ) ) ;
#5375 = VECTOR ( 'NONE', #8130, 1000.000000000000000 ) ;
#5376 = VECTOR ( 'NONE', #5797, 1000.000000000000000 ) ;
#5377 = EDGE_LOOP ( 'NONE', ( #8953, #7266, #10111, #6836 ) ) ;
#5378 = EDGE_LOOP ( 'NONE', ( #6344, #10260, #7506, #5158 ) ) ;
#5379 = VERTEX_POINT ( 'NONE', #879 ) ;
#5380 = ORIENTED_EDGE ( 'NONE', *, *, #1506, .T. ) ;
#5381 = COLOUR_RGB ( '',0.7921568627450980000, 0.8196078431372548800, 0.9333333333333333500 ) ;
#5382 = EDGE_CURVE ( 'NONE', #7069, #6499, #2563, .T. ) ;
#5383 = DIRECTION ( 'NONE',  ( -0.0000000000000000000, -0.0000000000000000000, -1.000000000000000000 ) ) ;
#5384 = CARTESIAN_POINT ( 'NONE',  ( 6.600000000000001400, 0.2000000000000000100, 0.0000000000000000000 ) ) ;
#5385 = MANIFOLD_SOLID_BREP ( 'Boss-Extrude11[1]', #1739 ) ;
#5386 = LINE ( 'NONE', #8061, #7465 ) ;
#5387 = PLANE ( 'NONE',  #7891 ) ;
#5388 = VERTEX_POINT ( 'NONE', #5641 ) ;
#5389 = PLANE ( 'NONE',  #3237 ) ;
#5390 = ORIENTED_EDGE ( 'NONE', *, *, #3747, .T. ) ;
#5391 = LINE ( 'NONE', #8443, #5509 ) ;
#5392 = CARTESIAN_POINT ( 'NONE',  ( 4.310000000000004900, 0.2000000000000000100, -13.81999999999999900 ) ) ;
#5393 = EDGE_CURVE ( 'NONE', #5605, #6346, #1453, .T. ) ;
#5394 = FACE_OUTER_BOUND ( 'NONE', #6372, .T. ) ;
#5395 = CARTESIAN_POINT ( 'NONE',  ( 3.560000000000004100, 0.2000000000000000100, -13.81999999999999900 ) ) ;
#5396 = ORIENTED_EDGE ( 'NONE', *, *, #6134, .T. ) ;
#5397 = ADVANCED_FACE ( 'NONE', ( #5871 ), #2625, .F. ) ;
#5398 = ORIENTED_EDGE ( 'NONE', *, *, #5067, .F. ) ;
#5399 = VERTEX_POINT ( 'NONE', #957 ) ;
#5400 = EDGE_CURVE ( 'NONE', #2228, #6256, #4033, .T. ) ;
#5401 = EDGE_LOOP ( 'NONE', ( #8823, #7817, #2758, #1048 ) ) ;
#5402 = CARTESIAN_POINT ( 'NONE',  ( -13.46999999999999700, 0.2000000000000000100, -13.81999999999999900 ) ) ;
#5403 = VECTOR ( 'NONE', #2137, 1000.000000000000000 ) ;
#5404 = EDGE_LOOP ( 'NONE', ( #3997, #8979, #4005, #6235 ) ) ;
#5405 = LINE ( 'NONE', #1025, #8863 ) ;
#5406 = STYLED_ITEM ( 'NONE', ( #1476 ), #7070 ) ;
#5407 = DIRECTION ( 'NONE',  ( -1.000000000000000000, -0.0000000000000000000, -0.0000000000000000000 ) ) ;
#5408 = EDGE_LOOP ( 'NONE', ( #6934, #8616, #465, #666 ) ) ;
#5409 = DIRECTION ( 'NONE',  ( 0.0000000000000000000, 0.0000000000000000000, -1.000000000000000000 ) ) ;
#5410 = ORIENTED_EDGE ( 'NONE', *, *, #1944, .F. ) ;
#5411 = ORIENTED_EDGE ( 'NONE', *, *, #9226, .F. ) ;
#5412 = DIRECTION ( 'NONE',  ( 0.0000000000000000000, 0.0000000000000000000, -1.000000000000000000 ) ) ;
#5413 = DIRECTION ( 'NONE',  ( 0.0000000000000000000, 1.000000000000000000, 0.0000000000000000000 ) ) ;
#5414 = ORIENTED_EDGE ( 'NONE', *, *, #8645, .T. ) ;
#5415 = ORIENTED_EDGE ( 'NONE', *, *, #10028, .F. ) ;
#5416 = PLANE ( 'NONE',  #6856 ) ;
#5417 = EDGE_LOOP ( 'NONE', ( #3174, #3201, #10211, #607, #5721, #1050, #8078, #913 ) ) ;
#5418 = CARTESIAN_POINT ( 'NONE',  ( -11.92999999999999800, 0.2000000000000000100, -14.12000000000000100 ) ) ;
#5419 = VERTEX_POINT ( 'NONE', #9623 ) ;
#5420 = EDGE_CURVE ( 'NONE', #6471, #5419, #9089, .T. ) ;
#5421 = DIRECTION ( 'NONE',  ( -1.000000000000000000, -0.0000000000000000000, -0.0000000000000000000 ) ) ;
#5422 = AXIS2_PLACEMENT_3D ( 'NONE', #4733, #7784, #9435 ) ;
#5423 = CARTESIAN_POINT ( 'NONE',  ( 6.600000000000001400, -8.000000000000000000, -13.82000000000000200 ) ) ;
#5424 = ORIENTED_EDGE ( 'NONE', *, *, #1543, .F. ) ;
#5425 = SURFACE_SIDE_STYLE ('',( #906 ) ) ;
#5426 = VECTOR ( 'NONE', #1895, 1000.000000000000000 ) ;
#5427 = CARTESIAN_POINT ( 'NONE',  ( -24.62999999999999900, 1.300000000000000000, -14.12000000000000300 ) ) ;
#5428 = EDGE_LOOP ( 'NONE', ( #8219, #4543, #1141, #3522 ) ) ;
#5429 = CARTESIAN_POINT ( 'NONE',  ( 21.34000000000000300, 0.2000000000000000900, 14.12000000000000100 ) ) ;
#5430 = DIRECTION ( 'NONE',  ( 1.000000000000000000, -0.0000000000000000000, 0.0000000000000000000 ) ) ;
#5431 = EDGE_CURVE ( 'NONE', #3300, #845, #8970, .T. ) ;
#5432 = ORIENTED_EDGE ( 'NONE', *, *, #8386, .T. ) ;
#5433 = LINE ( 'NONE', #7646, #2756 ) ;
#5434 = ADVANCED_FACE ( 'NONE', ( #4393 ), #6489, .F. ) ;
#5435 = EDGE_LOOP ( 'NONE', ( #282, #6460, #5496, #7834 ) ) ;
#5436 = DIRECTION ( 'NONE',  ( 0.0000000000000000000, 0.0000000000000000000, -1.000000000000000000 ) ) ;
#5437 = CARTESIAN_POINT ( 'NONE',  ( 25.49999999999998900, 1.700000000000000000, -5.319999999999996700 ) ) ;
#5438 = DIRECTION ( 'NONE',  ( -1.000000000000000000, -0.0000000000000000000, -0.0000000000000000000 ) ) ;
#5439 = AXIS2_PLACEMENT_3D ( 'NONE', #2440, #7157, #7954 ) ;
#5440 = LINE ( 'NONE', #2618, #7148 ) ;
#5441 = ORIENTED_EDGE ( 'NONE', *, *, #5129, .T. ) ;
#5442 = ADVANCED_FACE ( 'NONE', ( #2066 ), #7252, .T. ) ;
#5443 = CARTESIAN_POINT ( 'NONE',  ( 25.49999999999998900, 1.800000000000000000, 9.180000000000003300 ) ) ;
#5444 = DIRECTION ( 'NONE',  ( -1.000000000000000000, 0.0000000000000000000, -0.0000000000000000000 ) ) ;
#5445 = VECTOR ( 'NONE', #3891, 1000.000000000000000 ) ;
#5446 = DIRECTION ( 'NONE',  ( 0.0000000000000000000, 0.0000000000000000000, 1.000000000000000000 ) ) ;
#5447 = SURFACE_SIDE_STYLE ('',( #776 ) ) ;
#5448 = LINE ( 'NONE', #9017, #2012 ) ;
#5449 = DIRECTION ( 'NONE',  ( 0.0000000000000000000, 1.000000000000000000, -1.577021341797097600E-015 ) ) ;
#5450 = ORIENTED_EDGE ( 'NONE', *, *, #8703, .T. ) ;
#5451 = LINE ( 'NONE', #2976, #8419 ) ;
#5452 = EDGE_CURVE ( 'NONE', #7723, #9023, #6605, .T. ) ;
#5453 = FACE_OUTER_BOUND ( 'NONE', #3570, .T. ) ;
#5454 = EDGE_LOOP ( 'NONE', ( #9780, #3604, #87, #1981, #8995, #8749, #4254, #4147 ) ) ;
#5455 = LINE ( 'NONE', #4957, #4840 ) ;
#5456 = DIRECTION ( 'NONE',  ( -0.0000000000000000000, 1.000000000000000000, -0.0000000000000000000 ) ) ;
#5457 = DIRECTION ( 'NONE',  ( 0.0000000000000000000, 0.0000000000000000000, 1.000000000000000000 ) ) ;
#5458 = EDGE_CURVE ( 'NONE', #1059, #8074, #5625, .T. ) ;
#5459 = CARTESIAN_POINT ( 'NONE',  ( -16.25999999999999800, 1.300000000000000000, -13.52000000000000300 ) ) ;
#5460 = EDGE_CURVE ( 'NONE', #6370, #2684, #2823, .T. ) ;
#5461 = LINE ( 'NONE', #7458, #1290 ) ;
#5462 = FACE_OUTER_BOUND ( 'NONE', #6034, .T. ) ;
#5463 = VECTOR ( 'NONE', #8493, 1000.000000000000000 ) ;
#5464 = CARTESIAN_POINT ( 'NONE',  ( 4.060000000000004900, 1.000000000000000000, -13.52000000000000300 ) ) ;
#5465 = EDGE_CURVE ( 'NONE', #6488, #475, #8475, .T. ) ;
#5466 = VECTOR ( 'NONE', #5078, 1000.000000000000000 ) ;
#5467 = CARTESIAN_POINT ( 'NONE',  ( 13.47000000000000200, 0.0000000000000000000, 0.0000000000000000000 ) ) ;
#5468 = CARTESIAN_POINT ( 'NONE',  ( -6.599999999999997900, 0.2000000000000000100, -13.81999999999999900 ) ) ;
#5469 = LINE ( 'NONE', #2611, #1037 ) ;
#5470 = VECTOR ( 'NONE', #1599, 1000.000000000000000 ) ;
#5471 = AXIS2_PLACEMENT_3D ( 'NONE', #8564, #4638, #6212 ) ;
#5472 = VECTOR ( 'NONE', #6453, 1000.000000000000000 ) ;
#5473 = ORIENTED_EDGE ( 'NONE', *, *, #6028, .T. ) ;
#5474 = DIRECTION ( 'NONE',  ( -1.000000000000000000, -0.0000000000000000000, -0.0000000000000000000 ) ) ;
#5475 = CARTESIAN_POINT ( 'NONE',  ( -24.09000000000000700, 1.800000000000000000, -4.074999999999995700 ) ) ;
#5476 = DIRECTION ( 'NONE',  ( -1.000000000000000000, 0.0000000000000000000, 0.0000000000000000000 ) ) ;
#5477 = ORIENTED_EDGE ( 'NONE', *, *, #5744, .F. ) ;
#5478 = ORIENTED_EDGE ( 'NONE', *, *, #3249, .F. ) ;
#5479 = DIRECTION ( 'NONE',  ( 0.0000000000000000000, -0.0000000000000000000, -1.000000000000000000 ) ) ;
#5480 = DIRECTION ( 'NONE',  ( 0.0000000000000000000, -1.000000000000000000, 0.0000000000000000000 ) ) ;
#5481 = ADVANCED_FACE ( 'NONE', ( #695 ), #993, .F. ) ;
#5482 = EDGE_LOOP ( 'NONE', ( #6455, #1190, #4176, #4416 ) ) ;
#5483 = VERTEX_POINT ( 'NONE', #283 ) ;
#5484 = ORIENTED_EDGE ( 'NONE', *, *, #755, .F. ) ;
#5485 = LINE ( 'NONE', #313, #9448 ) ;
#5486 = VECTOR ( 'NONE', #7163, 1000.000000000000000 ) ;
#5487 = VERTEX_POINT ( 'NONE', #4984 ) ;
#5488 = DIRECTION ( 'NONE',  ( 0.0000000000000000000, 0.0000000000000000000, -1.000000000000000000 ) ) ;
#5489 = EDGE_CURVE ( 'NONE', #4044, #4574, #3539, .T. ) ;
#5490 = DIRECTION ( 'NONE',  ( 0.0000000000000000000, -1.000000000000000000, 4.336808689942017700E-015 ) ) ;
#5491 = LINE ( 'NONE', #9809, #5375 ) ;
#5492 = EDGE_CURVE ( 'NONE', #7137, #2919, #8841, .T. ) ;
#5493 = AXIS2_PLACEMENT_3D ( 'NONE', #3349, #2524, #4948 ) ;
#5494 = ORIENTED_EDGE ( 'NONE', *, *, #5504, .T. ) ;
#5495 = ORIENTED_EDGE ( 'NONE', *, *, #9863, .T. ) ;
#5496 = ORIENTED_EDGE ( 'NONE', *, *, #10157, .T. ) ;
#5497 = VERTEX_POINT ( 'NONE', #3509 ) ;
#5498 = ADVANCED_FACE ( 'NONE', ( #4273 ), #2745, .F. ) ;
#5499 = LINE ( 'NONE', #1404, #5857 ) ;
#5500 = SURFACE_SIDE_STYLE ('',( #4708 ) ) ;
#5501 = EDGE_LOOP ( 'NONE', ( #4129, #2351, #7876, #8457 ) ) ;
#5502 = VECTOR ( 'NONE', #6780, 1000.000000000000000 ) ;
#5503 = EDGE_LOOP ( 'NONE', ( #1254, #496, #198, #7570 ) ) ;
#5504 = EDGE_CURVE ( 'NONE', #3645, #3810, #4646, .T. ) ;
#5505 = CARTESIAN_POINT ( 'NONE',  ( -22.09000000000000000, 0.2000000000000000100, -14.12000000000000100 ) ) ;
#5506 = ORIENTED_EDGE ( 'NONE', *, *, #2717, .T. ) ;
#5507 = DIRECTION ( 'NONE',  ( 1.000000000000000000, 0.0000000000000000000, 0.0000000000000000000 ) ) ;
#5508 = CARTESIAN_POINT ( 'NONE',  ( 3.560000000000004100, -8.000000000000000000, -13.82000000000000200 ) ) ;
#5509 = VECTOR ( 'NONE', #1385, 1000.000000000000000 ) ;
#5510 = DIRECTION ( 'NONE',  ( -0.0000000000000000000, 1.000000000000000000, 0.0000000000000000000 ) ) ;
#5511 = CARTESIAN_POINT ( 'NONE',  ( 23.88000000000000600, -8.000000000000000000, 14.12000000000000300 ) ) ;
#5512 = VERTEX_POINT ( 'NONE', #358 ) ;
#5513 = VERTEX_POINT ( 'NONE', #2846 ) ;
#5514 = ORIENTED_EDGE ( 'NONE', *, *, #1629, .T. ) ;
#5515 = ORIENTED_EDGE ( 'NONE', *, *, #675, .T. ) ;
#5516 = EDGE_CURVE ( 'NONE', #891, #7317, #1819, .T. ) ;
#5517 = DIRECTION ( 'NONE',  ( 0.0000000000000000000, 1.000000000000000000, 0.0000000000000000000 ) ) ;
#5518 = VECTOR ( 'NONE', #9505, 1000.000000000000000 ) ;
#5519 = DIRECTION ( 'NONE',  ( -1.000000000000000000, 0.0000000000000000000, -0.0000000000000000000 ) ) ;
#5520 = EDGE_CURVE ( 'NONE', #2898, #815, #8080, .T. ) ;
#5521 = CARTESIAN_POINT ( 'NONE',  ( 11.93000000000000300, 1.000000000000000000, -13.82000000000000200 ) ) ;
#5522 = DIRECTION ( 'NONE',  ( 1.000000000000000000, 0.0000000000000000000, 0.0000000000000000000 ) ) ;
#5523 = PLANE ( 'NONE',  #4583 ) ;
#5524 = DIRECTION ( 'NONE',  ( -0.0000000000000000000, 0.0000000000000000000, 1.000000000000000000 ) ) ;
#5525 = ORIENTED_EDGE ( 'NONE', *, *, #5987, .F. ) ;
#5526 = EDGE_CURVE ( 'NONE', #4506, #9116, #4772, .T. ) ;
#5527 = EDGE_LOOP ( 'NONE', ( #5763, #3955, #27, #4122, #7565, #293 ) ) ;
#5528 = VERTEX_POINT ( 'NONE', #2710 ) ;
#5529 = CARTESIAN_POINT ( 'NONE',  ( -6.099999999999997900, 1.300000000000000000, -14.12000000000000300 ) ) ;
#5530 = ORIENTED_EDGE ( 'NONE', *, *, #9468, .T. ) ;
#5531 = PRESENTATION_LAYER_ASSIGNMENT (  '', '', ( #368 ) ) ;
#5532 = CARTESIAN_POINT ( 'NONE',  ( 0.0000000000000000000, 0.9499999999999999600, 0.0000000000000000000 ) ) ;
#5533 = PRESENTATION_STYLE_ASSIGNMENT (( #7949 ) ) ;
#5534 = EDGE_CURVE ( 'NONE', #10228, #96, #5369, .T. ) ;
#5535 =( LENGTH_UNIT ( ) NAMED_UNIT ( * ) SI_UNIT ( .MILLI., .METRE. ) );
#5536 = ORIENTED_EDGE ( 'NONE', *, *, #9336, .T. ) ;
#5537 = EDGE_CURVE ( 'NONE', #9220, #8283, #6596, .T. ) ;
#5538 = DIRECTION ( 'NONE',  ( 1.000000000000000000, -0.0000000000000000000, 0.0000000000000000000 ) ) ;
#5539 = ORIENTED_EDGE ( 'NONE', *, *, #9299, .T. ) ;
#5540 = ADVANCED_FACE ( 'NONE', ( #2814 ), #9880, .F. ) ;
#5541 = AXIS2_PLACEMENT_3D ( 'NONE', #6957, #525, #1342 ) ;
#5542 = CARTESIAN_POINT ( 'NONE',  ( -25.50000000000000700, 1.700000000000000000, -5.319999999999996700 ) ) ;
#5543 = DIRECTION ( 'NONE',  ( -1.000000000000000000, 0.0000000000000000000, -0.0000000000000000000 ) ) ;
#5544 = ORIENTED_EDGE ( 'NONE', *, *, #7468, .T. ) ;
#5545 = DIRECTION ( 'NONE',  ( 0.0000000000000000000, 0.0000000000000000000, -1.000000000000000000 ) ) ;
#5546 = ORIENTED_EDGE ( 'NONE', *, *, #806, .T. ) ;
#5547 = VECTOR ( 'NONE', #3587, 1000.000000000000000 ) ;
#5548 = CARTESIAN_POINT ( 'NONE',  ( 24.38000000000000600, 1.300000000000000000, -13.52000000000000300 ) ) ;
#5549 = EDGE_CURVE ( 'NONE', #3568, #3884, #3289, .T. ) ;
#5550 = AXIS2_PLACEMENT_3D ( 'NONE', #3699, #6072, #8293 ) ;
#5551 = ORIENTED_EDGE ( 'NONE', *, *, #5012, .T. ) ;
#5552 =( NAMED_UNIT ( * ) SI_UNIT ( $, .STERADIAN. ) SOLID_ANGLE_UNIT ( ) );
#5553 = DIRECTION ( 'NONE',  ( 0.0000000000000000000, 0.0000000000000000000, 1.000000000000000000 ) ) ;
#5554 = DIRECTION ( 'NONE',  ( 0.0000000000000000000, 1.000000000000000000, 0.0000000000000000000 ) ) ;
#5555 = ORIENTED_EDGE ( 'NONE', *, *, #9848, .T. ) ;
#5556 = EDGE_CURVE ( 'NONE', #8715, #5564, #932, .T. ) ;
#5557 = DIRECTION ( 'NONE',  ( 0.0000000000000000000, -0.0000000000000000000, 1.000000000000000000 ) ) ;
#5558 = PRESENTATION_LAYER_ASSIGNMENT (  '', '', ( #7916 ) ) ;
#5559 = CARTESIAN_POINT ( 'NONE',  ( -22.09000000000000000, 0.2000000000000000900, 14.12000000000000100 ) ) ;
#5560 = UNCERTAINTY_MEASURE_WITH_UNIT (LENGTH_MEASURE( 1.000000000000000100E-005 ), #2344, 'distance_accuracy_value', 'NONE');
#5561 = PRESENTATION_STYLE_ASSIGNMENT (( #8617 ) ) ;
#5562 = VECTOR ( 'NONE', #3139, 1000.000000000000000 ) ;
#5563 = PLANE ( 'NONE',  #5726 ) ;
#5564 = VERTEX_POINT ( 'NONE', #9838 ) ;
#5565 = CARTESIAN_POINT ( 'NONE',  ( 11.68000000000000300, -8.000000000000000000, -13.82000000000000200 ) ) ;
#5566 = FACE_OUTER_BOUND ( 'NONE', #5503, .T. ) ;
#5567 = EDGE_CURVE ( 'NONE', #5692, #2841, #7837, .T. ) ;
#5568 = ORIENTED_EDGE ( 'NONE', *, *, #4544, .F. ) ;
#5569 = VECTOR ( 'NONE', #1215, 1000.000000000000000 ) ;
#5570 = LINE ( 'NONE', #1795, #7287 ) ;
#5571 = DIRECTION ( 'NONE',  ( 1.000000000000000000, 0.0000000000000000000, 0.0000000000000000000 ) ) ;
#5572 = CARTESIAN_POINT ( 'NONE',  ( -16.75999999999999800, -8.000000000000000000, -13.82000000000000200 ) ) ;
#5573 = VECTOR ( 'NONE', #8947, 1000.000000000000000 ) ;
#5574 = CARTESIAN_POINT ( 'NONE',  ( 22.09000000000000700, 1.000000000000000000, -13.82000000000000200 ) ) ;
#5575 = VECTOR ( 'NONE', #2575, 1000.000000000000000 ) ;
#5576 = ADVANCED_FACE ( 'NONE', ( #4258 ), #3544, .F. ) ;
#5577 = EDGE_CURVE ( 'NONE', #1117, #1063, #5613, .T. ) ;
#5578 = DIRECTION ( 'NONE',  ( -1.000000000000000000, -0.0000000000000000000, -0.0000000000000000000 ) ) ;
#5579 = COLOUR_RGB ( '',0.7921568627450980000, 0.8196078431372548800, 0.9333333333333333500 ) ;
#5580 = LINE ( 'NONE', #4590, #8800 ) ;
#5581 = DIRECTION ( 'NONE',  ( -1.000000000000000000, -0.0000000000000000000, -0.0000000000000000000 ) ) ;
#5582 = EDGE_CURVE ( 'NONE', #1063, #891, #2185, .T. ) ;
#5583 = VERTEX_POINT ( 'NONE', #2105 ) ;
#5584 = VECTOR ( 'NONE', #2010, 1000.000000000000000 ) ;
#5585 = PLANE ( 'NONE',  #5293 ) ;
#5586 = VECTOR ( 'NONE', #4592, 1000.000000000000000 ) ;
#5587 = LINE ( 'NONE', #9753, #406 ) ;
#5588 = ORIENTED_EDGE ( 'NONE', *, *, #16, .F. ) ;
#5589 = EDGE_CURVE ( 'NONE', #3077, #1222, #9075, .T. ) ;
#5590 = AXIS2_PLACEMENT_3D ( 'NONE', #6342, #7108, #2448 ) ;
#5591 = DIRECTION ( 'NONE',  ( -1.000000000000000000, -0.0000000000000000000, -0.0000000000000000000 ) ) ;
#5592 = VECTOR ( 'NONE', #1835, 1000.000000000000000 ) ;
#5593 = LINE ( 'NONE', #3471, #5466 ) ;
#5594 = VERTEX_POINT ( 'NONE', #8376 ) ;
#5595 = LINE ( 'NONE', #6245, #3148 ) ;
#5596 = ORIENTED_EDGE ( 'NONE', *, *, #6371, .F. ) ;
#5597 = VECTOR ( 'NONE', #4383, 1000.000000000000000 ) ;
#5598 = VECTOR ( 'NONE', #1396, 1000.000000000000000 ) ;
#5599 = VERTEX_POINT ( 'NONE', #10074 ) ;
#5600 = DIRECTION ( 'NONE',  ( 0.0000000000000000000, -1.000000000000000000, 0.0000000000000000000 ) ) ;
#5601 = DIRECTION ( 'NONE',  ( 0.0000000000000000000, -0.0000000000000000000, -1.000000000000000000 ) ) ;
#5602 = ADVANCED_FACE ( 'NONE', ( #8213 ), #7653, .F. ) ;
#5603 = CARTESIAN_POINT ( 'NONE',  ( 9.390000000000002300, 0.2000000000000000100, -14.12000000000000100 ) ) ;
#5604 = LINE ( 'NONE', #1463, #5718 ) ;
#5605 = VERTEX_POINT ( 'NONE', #5227 ) ;
#5606 = DIRECTION ( 'NONE',  ( 0.0000000000000000000, 0.0000000000000000000, -1.000000000000000000 ) ) ;
#5607 = ORIENTED_EDGE ( 'NONE', *, *, #10078, .T. ) ;
#5608 = AXIS2_PLACEMENT_3D ( 'NONE', #5186, #8327, #5255 ) ;
#5609 = ORIENTED_EDGE ( 'NONE', *, *, #6061, .T. ) ;
#5610 = VERTEX_POINT ( 'NONE', #4540 ) ;
#5611 = VERTEX_POINT ( 'NONE', #7545 ) ;
#5612 = VECTOR ( 'NONE', #8739, 1000.000000000000000 ) ;
#5613 = LINE ( 'NONE', #3647, #1687 ) ;
#5614 = ORIENTED_EDGE ( 'NONE', *, *, #6280, .F. ) ;
#5615 = CARTESIAN_POINT ( 'NONE',  ( -3.309999999999996900, 1.000000000000000000, -13.52000000000000300 ) ) ;
#5616 = LINE ( 'NONE', #7050, #314 ) ;
#5617 = VECTOR ( 'NONE', #2593, 1000.000000000000000 ) ;
#5618 = ORIENTED_EDGE ( 'NONE', *, *, #1105, .T. ) ;
#5619 = DIRECTION ( 'NONE',  ( -1.000000000000000000, -0.0000000000000000000, 5.400758019853073200E-017 ) ) ;
#5620 = PLANE ( 'NONE',  #2486 ) ;
#5621 = ORIENTED_EDGE ( 'NONE', *, *, #3457, .T. ) ;
#5622 = VERTEX_POINT ( 'NONE', #3784 ) ;
#5623 = EDGE_CURVE ( 'NONE', #1409, #9712, #8961, .T. ) ;
#5624 = ORIENTED_EDGE ( 'NONE', *, *, #363, .T. ) ;
#5625 = LINE ( 'NONE', #4123, #3063 ) ;
#5626 = DIRECTION ( 'NONE',  ( -1.000000000000000000, -0.0000000000000000000, -0.0000000000000000000 ) ) ;
#5627 =( GEOMETRIC_REPRESENTATION_CONTEXT ( 3 ) GLOBAL_UNCERTAINTY_ASSIGNED_CONTEXT ( ( #5878 ) ) GLOBAL_UNIT_ASSIGNED_CONTEXT ( ( #3941, #2393, #1605 ) ) REPRESENTATION_CONTEXT ( 'NONE', 'WORKASPACE' ) );
#5628 = DIRECTION ( 'NONE',  ( -1.000000000000000000, -0.0000000000000000000, -0.0000000000000000000 ) ) ;
#5629 = VECTOR ( 'NONE', #7532, 1000.000000000000000 ) ;
#5630 = DIRECTION ( 'NONE',  ( 1.000000000000000000, 0.0000000000000000000, 0.0000000000000000000 ) ) ;
#5631 = PLANE ( 'NONE',  #5590 ) ;
#5632 = ORIENTED_EDGE ( 'NONE', *, *, #4127, .F. ) ;
#5633 = DIRECTION ( 'NONE',  ( 1.000000000000000000, 0.0000000000000000000, 0.0000000000000000000 ) ) ;
#5634 = ORIENTED_EDGE ( 'NONE', *, *, #885, .T. ) ;
#5635 = CARTESIAN_POINT ( 'NONE',  ( -18.54999999999999700, 0.2000000000000000100, -13.81999999999999900 ) ) ;
#5636 = LINE ( 'NONE', #5310, #7347 ) ;
#5637 = ADVANCED_FACE ( 'NONE', ( #3422 ), #7689, .F. ) ;
#5638 = LINE ( 'NONE', #2983, #4285 ) ;
#5639 = PLANE ( 'NONE',  #3762 ) ;
#5640 = VERTEX_POINT ( 'NONE', #8506 ) ;
#5641 = CARTESIAN_POINT ( 'NONE',  ( -5.849999999999997900, 0.2000000000000000100, -14.12000000000000100 ) ) ;
#5642 = ORIENTED_EDGE ( 'NONE', *, *, #8658, .F. ) ;
#5643 = DIRECTION ( 'NONE',  ( 1.000000000000000000, 0.0000000000000000000, 0.0000000000000000000 ) ) ;
#5644 = PRESENTATION_LAYER_ASSIGNMENT (  '', '', ( #4790 ) ) ;
#5645 = DIRECTION ( 'NONE',  ( 0.0000000000000000000, -0.0000000000000000000, 1.000000000000000000 ) ) ;
#5646 = ORIENTED_EDGE ( 'NONE', *, *, #4101, .F. ) ;
#5647 = CARTESIAN_POINT ( 'NONE',  ( 19.30000000000000400, -8.000000000000000000, -13.82000000000000200 ) ) ;
#5648 = ORIENTED_EDGE ( 'NONE', *, *, #8741, .F. ) ;
#5649 = VECTOR ( 'NONE', #7486, 1000.000000000000000 ) ;
#5650 = EDGE_LOOP ( 'NONE', ( #9327, #5907, #6032, #5106 ) ) ;
#5651 = FACE_OUTER_BOUND ( 'NONE', #1959, .T. ) ;
#5652 = CARTESIAN_POINT ( 'NONE',  ( -24.09000000000000700, 1.800000000000000000, 7.935000000000006700 ) ) ;
#5653 = ORIENTED_EDGE ( 'NONE', *, *, #8865, .T. ) ;
#5654 = ORIENTED_EDGE ( 'NONE', *, *, #8844, .T. ) ;
#5655 = CARTESIAN_POINT ( 'NONE',  ( 18.55000000000000400, 0.2000000000000000100, -14.12000000000000100 ) ) ;
#5656 = ORIENTED_EDGE ( 'NONE', *, *, #5431, .T. ) ;
#5657 = CARTESIAN_POINT ( 'NONE',  ( -11.17999999999999800, -8.000000000000000000, -14.12000000000000300 ) ) ;
#5658 = CARTESIAN_POINT ( 'NONE',  ( 9.140000000000002300, 1.000000000000000000, -13.82000000000000200 ) ) ;
#5659 = EDGE_CURVE ( 'NONE', #563, #4046, #1439, .T. ) ;
#5660 = ORIENTED_EDGE ( 'NONE', *, *, #6762, .T. ) ;
#5661 = ADVANCED_FACE ( 'NONE', ( #1323 ), #2878, .F. ) ;
#5662 = PRESENTATION_LAYER_ASSIGNMENT (  '', '', ( #7105 ) ) ;
#5663 = CARTESIAN_POINT ( 'NONE',  ( 6.600000000000001400, -8.000000000000000000, -14.12000000000000300 ) ) ;
#5664 = EDGE_LOOP ( 'NONE', ( #348, #8380, #9618, #8499 ) ) ;
#5665 = EDGE_CURVE ( 'NONE', #9884, #4895, #6960, .T. ) ;
#5666 = CLOSED_SHELL ( 'NONE', ( #7481, #1099, #6445, #743, #7031, #7419, #875, #5043, #3454, #2555, #4986, #6268 ) ) ;
#5667 = DIRECTION ( 'NONE',  ( -1.000000000000000000, -0.0000000000000000000, -0.0000000000000000000 ) ) ;
#5668 = ORIENTED_EDGE ( 'NONE', *, *, #6796, .F. ) ;
#5669 = DIRECTION ( 'NONE',  ( 0.0000000000000000000, 1.000000000000000000, 0.0000000000000000000 ) ) ;
#5670 = DIRECTION ( 'NONE',  ( 0.0000000000000000000, 0.0000000000000000000, -1.000000000000000000 ) ) ;
#5671 = VECTOR ( 'NONE', #5128, 1000.000000000000000 ) ;
#5672 = ORIENTED_EDGE ( 'NONE', *, *, #3846, .T. ) ;
#5673 = AXIS2_PLACEMENT_3D ( 'NONE', #1046, #6533, #5013 ) ;
#5674 = SURFACE_STYLE_USAGE ( .BOTH. , #148 ) ;
#5675 = CARTESIAN_POINT ( 'NONE',  ( -16.75999999999999800, 0.0000000000000000000, 0.0000000000000000000 ) ) ;
#5676 = VERTEX_POINT ( 'NONE', #8403 ) ;
#5677 = CARTESIAN_POINT ( 'NONE',  ( -25.50000000000000700, 1.800000000000000000, 9.180000000000003300 ) ) ;
#5678 = FACE_OUTER_BOUND ( 'NONE', #10000, .T. ) ;
#5679 = ORIENTED_EDGE ( 'NONE', *, *, #1632, .F. ) ;
#5680 = DIRECTION ( 'NONE',  ( 0.0000000000000000000, 0.0000000000000000000, -1.000000000000000000 ) ) ;
#5681 = EDGE_CURVE ( 'NONE', #5187, #725, #683, .T. ) ;
#5682 = EDGE_CURVE ( 'NONE', #817, #2822, #5124, .T. ) ;
#5683 = ADVANCED_FACE ( 'NONE', ( #7337 ), #8470, .F. ) ;
#5684 = VECTOR ( 'NONE', #9729, 1000.000000000000000 ) ;
#5685 = ORIENTED_EDGE ( 'NONE', *, *, #8729, .T. ) ;
#5686 = DIRECTION ( 'NONE',  ( -1.000000000000000000, -0.0000000000000000000, -0.0000000000000000000 ) ) ;
#5687 = MANIFOLD_SOLID_BREP ( 'LPattern1[35]', #1678 ) ;
#5688 = VECTOR ( 'NONE', #10254, 1000.000000000000000 ) ;
#5689 = DIRECTION ( 'NONE',  ( 0.0000000000000000000, -0.0000000000000000000, 1.000000000000000000 ) ) ;
#5690 = EDGE_CURVE ( 'NONE', #1186, #7520, #5499, .T. ) ;
#5691 = FACE_OUTER_BOUND ( 'NONE', #1562, .T. ) ;
#5692 = VERTEX_POINT ( 'NONE', #10208 ) ;
#5693 = PRESENTATION_LAYER_ASSIGNMENT (  '', '', ( #4184 ) ) ;
#5694 = VECTOR ( 'NONE', #6312, 1000.000000000000000 ) ;
#5695 =( LENGTH_UNIT ( ) NAMED_UNIT ( * ) SI_UNIT ( .MILLI., .METRE. ) );
#5696 = LINE ( 'NONE', #4670, #3986 ) ;
#5697 = EDGE_LOOP ( 'NONE', ( #1370, #1808, #10021, #10016 ) ) ;
#5698 = VECTOR ( 'NONE', #4261, 1000.000000000000000 ) ;
#5699 = LINE ( 'NONE', #4203, #4842 ) ;
#5700 = DIRECTION ( 'NONE',  ( -1.000000000000000000, -0.0000000000000000000, -0.0000000000000000000 ) ) ;
#5701 =( NAMED_UNIT ( * ) SI_UNIT ( $, .STERADIAN. ) SOLID_ANGLE_UNIT ( ) );
#5702 = ADVANCED_FACE ( 'NONE', ( #1066 ), #3105, .F. ) ;
#5703 = PLANE ( 'NONE',  #9517 ) ;
#5704 = EDGE_CURVE ( 'NONE', #6346, #6970, #3776, .T. ) ;
#5705 = VECTOR ( 'NONE', #5968, 1000.000000000000000 ) ;
#5706 = LINE ( 'NONE', #1187, #5098 ) ;
#5707 = FACE_OUTER_BOUND ( 'NONE', #4767, .T. ) ;
#5708 = CARTESIAN_POINT ( 'NONE',  ( 23.63000000000000600, 1.300000000000000000, 13.52000000000000300 ) ) ;
#5709 = EDGE_CURVE ( 'NONE', #9470, #7474, #6842, .T. ) ;
#5710 = LINE ( 'NONE', #9428, #7913 ) ;
#5711 = ORIENTED_EDGE ( 'NONE', *, *, #1368, .F. ) ;
#5712 = LINE ( 'NONE', #9671, #2915 ) ;
#5713 = EDGE_CURVE ( 'NONE', #9444, #3722, #9841, .T. ) ;
#5714 = VECTOR ( 'NONE', #3838, 1000.000000000000000 ) ;
#5715 = EDGE_LOOP ( 'NONE', ( #7605, #2840, #8702, #7567, #6468, #5134 ) ) ;
#5716 = DIRECTION ( 'NONE',  ( -0.0000000000000000000, -1.000000000000000000, -0.0000000000000000000 ) ) ;
#5717 = EDGE_CURVE ( 'NONE', #1097, #7696, #7702, .T. ) ;
#5718 = VECTOR ( 'NONE', #1422, 1000.000000000000000 ) ;
#5719 = CARTESIAN_POINT ( 'NONE',  ( 24.38000000000000600, 1.000000000000000000, -13.82000000000000200 ) ) ;
#5720 = ORIENTED_EDGE ( 'NONE', *, *, #8764, .F. ) ;
#5721 = ORIENTED_EDGE ( 'NONE', *, *, #6696, .T. ) ;
#5722 = EDGE_LOOP ( 'NONE', ( #4183, #4792, #9639, #7939 ) ) ;
#5723 = ORIENTED_EDGE ( 'NONE', *, *, #393, .T. ) ;
#5724 = ORIENTED_EDGE ( 'NONE', *, *, #8550, .T. ) ;
#5725 = LINE ( 'NONE', #5928, #5248 ) ;
#5726 = AXIS2_PLACEMENT_3D ( 'NONE', #5542, #7214, #7972 ) ;
#5727 = VERTEX_POINT ( 'NONE', #9370 ) ;
#5728 = PLANE ( 'NONE',  #5366 ) ;
#5729 = VECTOR ( 'NONE', #8972, 1000.000000000000000 ) ;
#5730 = ADVANCED_FACE ( 'NONE', ( #9583 ), #8567, .F. ) ;
#5731 = ORIENTED_EDGE ( 'NONE', *, *, #8703, .F. ) ;
#5732 = ORIENTED_EDGE ( 'NONE', *, *, #8434, .F. ) ;
#5733 = CARTESIAN_POINT ( 'NONE',  ( -24.37999999999999900, 0.2000000000000000100, 0.0000000000000000000 ) ) ;
#5734 = EDGE_LOOP ( 'NONE', ( #9974, #1047, #1751, #9204 ) ) ;
#5735 = ORIENTED_EDGE ( 'NONE', *, *, #7413, .T. ) ;
#5736 = ORIENTED_EDGE ( 'NONE', *, *, #704, .T. ) ;
#5737 = DIRECTION ( 'NONE',  ( 0.0000000000000000000, 0.0000000000000000000, -1.000000000000000000 ) ) ;
#5738 = VECTOR ( 'NONE', #390, 1000.000000000000000 ) ;
#5739 = CARTESIAN_POINT ( 'NONE',  ( 4.310000000000004900, 1.000000000000000000, -13.52000000000000300 ) ) ;
#5740 = DIRECTION ( 'NONE',  ( -1.000000000000000000, -0.0000000000000000000, -0.0000000000000000000 ) ) ;
#5741 = CARTESIAN_POINT ( 'NONE',  ( 9.140000000000002300, 1.000000000000000000, -13.52000000000000300 ) ) ;
#5742 = DIRECTION ( 'NONE',  ( -1.000000000000000000, 0.0000000000000000000, -0.0000000000000000000 ) ) ;
#5743 = VECTOR ( 'NONE', #4560, 1000.000000000000000 ) ;
#5744 = EDGE_CURVE ( 'NONE', #9591, #891, #8710, .T. ) ;
#5745 = AXIS2_PLACEMENT_3D ( 'NONE', #3095, #9252, #5444 ) ;
#5746 = ORIENTED_EDGE ( 'NONE', *, *, #4904, .F. ) ;
#5747 = DIRECTION ( 'NONE',  ( -1.000000000000000000, 0.0000000000000000000, -0.0000000000000000000 ) ) ;
#5748 = FACE_OUTER_BOUND ( 'NONE', #4412, .T. ) ;
#5749 = CARTESIAN_POINT ( 'NONE',  ( -3.559999999999997400, 0.0000000000000000000, 0.0000000000000000000 ) ) ;
#5750 = DIRECTION ( 'NONE',  ( -0.0000000000000000000, -0.0000000000000000000, -1.000000000000000000 ) ) ;
#5751 = LINE ( 'NONE', #8024, #5021 ) ;
#5752 = CARTESIAN_POINT ( 'NONE',  ( 5.850000000000001400, 1.000000000000000000, -13.52000000000000300 ) ) ;
#5753 = EDGE_LOOP ( 'NONE', ( #7136, #1191, #6522, #5836, #4703, #9232 ) ) ;
#5754 = EDGE_CURVE ( 'NONE', #9441, #3684, #2433, .T. ) ;
#5755 = ORIENTED_EDGE ( 'NONE', *, *, #8125, .F. ) ;
#5756 = VERTEX_POINT ( 'NONE', #4641 ) ;
#5757 = ADVANCED_FACE ( 'NONE', ( #553 ), #6251, .F. ) ;
#5758 = ORIENTED_EDGE ( 'NONE', *, *, #2378, .T. ) ;
#5759 = FACE_OUTER_BOUND ( 'NONE', #9094, .T. ) ;
#5760 = SURFACE_STYLE_FILL_AREA ( #4887 ) ;
#5761 = ORIENTED_EDGE ( 'NONE', *, *, #4011, .F. ) ;
#5762 = CARTESIAN_POINT ( 'NONE',  ( -21.33999999999999600, 1.000000000000000000, -13.52000000000000300 ) ) ;
#5763 = ORIENTED_EDGE ( 'NONE', *, *, #8893, .T. ) ;
#5764 = VERTEX_POINT ( 'NONE', #5429 ) ;
#5765 = ORIENTED_EDGE ( 'NONE', *, *, #2565, .T. ) ;
#5766 = EDGE_CURVE ( 'NONE', #9499, #6981, #3650, .T. ) ;
#5767 = LINE ( 'NONE', #9195, #1357 ) ;
#5768 = DIRECTION ( 'NONE',  ( -1.000000000000000000, -0.0000000000000000000, -0.0000000000000000000 ) ) ;
#5769 = CARTESIAN_POINT ( 'NONE',  ( 6.100000000000001400, 0.0000000000000000000, 0.0000000000000000000 ) ) ;
#5770 = DIRECTION ( 'NONE',  ( 0.0000000000000000000, 1.000000000000000000, 0.0000000000000000000 ) ) ;
#5772 = ORIENTED_EDGE ( 'NONE', *, *, #4182, .T. ) ;
#5771 = CARTESIAN_POINT ( 'NONE',  ( -3.559999999999997400, -8.000000000000000000, -13.82000000000000200 ) ) ;
#5773 = ORIENTED_EDGE ( 'NONE', *, *, #1632, .T. ) ;
#5774 = CARTESIAN_POINT ( 'NONE',  ( 0.7700000000000033500, 0.0000000000000000000, 0.0000000000000000000 ) ) ;
#5775 = ORIENTED_EDGE ( 'NONE', *, *, #806, .F. ) ;
#5776 = CARTESIAN_POINT ( 'NONE',  ( -21.33999999999999600, 0.0000000000000000000, 0.0000000000000000000 ) ) ;
#5777 = ORIENTED_EDGE ( 'NONE', *, *, #6223, .F. ) ;
#5778 = CARTESIAN_POINT ( 'NONE',  ( -23.87999999999999900, 1.300000000000000000, 14.12000000000000300 ) ) ;
#5779 = EDGE_CURVE ( 'NONE', #1877, #475, #295, .T. ) ;
#5780 = PLANE ( 'NONE',  #6872 ) ;
#5781 = CARTESIAN_POINT ( 'NONE',  ( -1.019999999999996700, 1.300000000000000000, -13.52000000000000300 ) ) ;
#5782 = ADVANCED_FACE ( 'NONE', ( #4381 ), #9405, .F. ) ;
#5783 = VERTEX_POINT ( 'NONE', #707 ) ;
#5784 = CARTESIAN_POINT ( 'NONE',  ( -3.000000000000017300, 0.9499999999999999600, -9.650000000000000400 ) ) ;
#5785 = DIRECTION ( 'NONE',  ( 1.000000000000000000, 0.0000000000000000000, 0.0000000000000000000 ) ) ;
#5786 = DIRECTION ( 'NONE',  ( 0.0000000000000000000, -0.0000000000000000000, 1.000000000000000000 ) ) ;
#5787 = EDGE_CURVE ( 'NONE', #1430, #2078, #9449, .T. ) ;
#5788 = AXIS2_PLACEMENT_3D ( 'NONE', #6021, #8431, #3711 ) ;
#5789 = ORIENTED_EDGE ( 'NONE', *, *, #4861, .T. ) ;
#5790 = CARTESIAN_POINT ( 'NONE',  ( -21.08999999999999600, 1.000000000000000000, 13.52000000000000300 ) ) ;
#5791 = LINE ( 'NONE', #8009, #3354 ) ;
#5792 = EDGE_LOOP ( 'NONE', ( #2634, #3400, #3831, #7143 ) ) ;
#5793 = CARTESIAN_POINT ( 'NONE',  ( 16.76000000000000500, -8.000000000000000000, -13.82000000000000200 ) ) ;
#5794 = CARTESIAN_POINT ( 'NONE',  ( 21.84000000000000700, -8.000000000000000000, 14.12000000000000300 ) ) ;
#5795 = VECTOR ( 'NONE', #2454, 1000.000000000000000 ) ;
#5796 = AXIS2_PLACEMENT_3D ( 'NONE', #6572, #9782, #1012 ) ;
#5797 = DIRECTION ( 'NONE',  ( -0.0000000000000000000, 1.000000000000000000, -0.0000000000000000000 ) ) ;
#5798 = ORIENTED_EDGE ( 'NONE', *, *, #3910, .F. ) ;
#5799 = CARTESIAN_POINT ( 'NONE',  ( -3.309999999999996900, 0.2000000000000000100, -13.81999999999999900 ) ) ;
#5800 = DIRECTION ( 'NONE',  ( -1.000000000000000000, -0.0000000000000000000, -0.0000000000000000000 ) ) ;
#5801 = ADVANCED_FACE ( 'NONE', ( #7569 ), #9578, .F. ) ;
#5802 = FILL_AREA_STYLE ('',( #8921 ) ) ;
#5803 = FACE_OUTER_BOUND ( 'NONE', #5428, .T. ) ;
#5804 = VECTOR ( 'NONE', #8571, 1000.000000000000000 ) ;
#5805 = CARTESIAN_POINT ( 'NONE',  ( -21.84000000000000000, -8.000000000000000000, -13.82000000000000200 ) ) ;
#5806 = VERTEX_POINT ( 'NONE', #947 ) ;
#5807 = EDGE_CURVE ( 'NONE', #6370, #6114, #3163, .T. ) ;
#5808 = VECTOR ( 'NONE', #7795, 1000.000000000000000 ) ;
#5809 = PLANE ( 'NONE',  #4744 ) ;
#5810 = AXIS2_PLACEMENT_3D ( 'NONE', #3122, #7053, #3158 ) ;
#5811 = VERTEX_POINT ( 'NONE', #9615 ) ;
#5812 = CARTESIAN_POINT ( 'NONE',  ( 9.390000000000002300, 0.0000000000000000000, 0.0000000000000000000 ) ) ;
#5813 = VECTOR ( 'NONE', #1458, 1000.000000000000000 ) ;
#5814 = DIRECTION ( 'NONE',  ( 0.0000000000000000000, -0.0000000000000000000, 1.000000000000000000 ) ) ;
#5815 = VECTOR ( 'NONE', #5457, 1000.000000000000000 ) ;
#5816 = CARTESIAN_POINT ( 'NONE',  ( -27.00000000000000400, 0.2000000000000000100, 11.18000000000000300 ) ) ;
#5817 = CARTESIAN_POINT ( 'NONE',  ( 1.520000000000004000, 1.000000000000000000, -13.82000000000000200 ) ) ;
#5818 = LINE ( 'NONE', #1957, #3250 ) ;
#5819 = STYLED_ITEM ( 'NONE', ( #7186 ), #512 ) ;
#5820 = VECTOR ( 'NONE', #8867, 1000.000000000000000 ) ;
#5821 = CARTESIAN_POINT ( 'NONE',  ( -24.62999999999999900, 0.2000000000000000100, -14.12000000000000100 ) ) ;
#5822 = VECTOR ( 'NONE', #7096, 1000.000000000000000 ) ;
#5823 = AXIS2_PLACEMENT_3D ( 'NONE', #4180, #6608, #2754 ) ;
#5824 = VECTOR ( 'NONE', #2312, 1000.000000000000000 ) ;
#5825 = ADVANCED_FACE ( 'NONE', ( #182 ), #7919, .F. ) ;
#5826 = FACE_OUTER_BOUND ( 'NONE', #10199, .T. ) ;
#5827 = FACE_OUTER_BOUND ( 'NONE', #106, .T. ) ;
#5828 = FACE_OUTER_BOUND ( 'NONE', #7361, .T. ) ;
#5829 = DIRECTION ( 'NONE',  ( -0.0000000000000000000, 0.0000000000000000000, 1.000000000000000000 ) ) ;
#5830 = ORIENTED_EDGE ( 'NONE', *, *, #6289, .F. ) ;
#5831 = CARTESIAN_POINT ( 'NONE',  ( 23.88000000000000600, -8.000000000000000000, -14.12000000000000300 ) ) ;
#5832 = EDGE_CURVE ( 'NONE', #1034, #3373, #9704, .T. ) ;
#5833 = LINE ( 'NONE', #9628, #2922 ) ;
#5834 = VERTEX_POINT ( 'NONE', #8805 ) ;
#5835 = CARTESIAN_POINT ( 'NONE',  ( 11.68000000000000300, 1.000000000000000000, -13.52000000000000300 ) ) ;
#5836 = ORIENTED_EDGE ( 'NONE', *, *, #6184, .F. ) ;
#5837 = EDGE_CURVE ( 'NONE', #7445, #7561, #6105, .T. ) ;
#5838 = LINE ( 'NONE', #9754, #6944 ) ;
#5839 = VERTEX_POINT ( 'NONE', #840 ) ;
#5840 = ORIENTED_EDGE ( 'NONE', *, *, #2138, .T. ) ;
#5841 = VECTOR ( 'NONE', #7750, 1000.000000000000000 ) ;
#5842 = CARTESIAN_POINT ( 'NONE',  ( -16.25999999999999800, -8.000000000000000000, -13.82000000000000200 ) ) ;
#5843 = VECTOR ( 'NONE', #3873, 1000.000000000000000 ) ;
#5844 = VERTEX_POINT ( 'NONE', #1680 ) ;
#5845 = EDGE_CURVE ( 'NONE', #817, #3336, #4137, .T. ) ;
#5846 = DIRECTION ( 'NONE',  ( 0.0000000000000000000, 0.0000000000000000000, -1.000000000000000000 ) ) ;
#5847 = VECTOR ( 'NONE', #3214, 1000.000000000000000 ) ;
#5848 = ORIENTED_EDGE ( 'NONE', *, *, #8474, .T. ) ;
#5849 = VERTEX_POINT ( 'NONE', #4776 ) ;
#5850 = DIRECTION ( 'NONE',  ( 0.0000000000000000000, -1.000000000000000000, 0.0000000000000000000 ) ) ;
#5851 = EDGE_CURVE ( 'NONE', #2919, #5611, #5249, .T. ) ;
#5852 = CARTESIAN_POINT ( 'NONE',  ( -18.79999999999999700, -8.000000000000000000, -13.82000000000000200 ) ) ;
#5853 = CARTESIAN_POINT ( 'NONE',  ( -24.62999999999999900, 1.300000000000000000, 13.52000000000000300 ) ) ;
#5854 = ORIENTED_EDGE ( 'NONE', *, *, #571, .F. ) ;
#5855 = VERTEX_POINT ( 'NONE', #7239 ) ;
#5856 = FACE_OUTER_BOUND ( 'NONE', #13, .T. ) ;
#5857 = VECTOR ( 'NONE', #2278, 1000.000000000000000 ) ;
#5858 = ORIENTED_EDGE ( 'NONE', *, *, #7785, .T. ) ;
#5859 = ADVANCED_FACE ( 'NONE', ( #1672 ), #4909, .F. ) ;
#5860 = CARTESIAN_POINT ( 'NONE',  ( -21.08999999999999600, 1.300000000000000000, 13.52000000000000300 ) ) ;
#5861 = VECTOR ( 'NONE', #4385, 1000.000000000000000 ) ;
#5862 = DIRECTION ( 'NONE',  ( 1.000000000000000000, -0.0000000000000000000, -1.261617073437678000E-016 ) ) ;
#5863 = FACE_OUTER_BOUND ( 'NONE', #5051, .T. ) ;
#5864 = ORIENTED_EDGE ( 'NONE', *, *, #1109, .F. ) ;
#5865 = AXIS2_PLACEMENT_3D ( 'NONE', #6754, #8368, #353 ) ;
#5866 = ORIENTED_EDGE ( 'NONE', *, *, #5136, .F. ) ;
#5867 = DIRECTION ( 'NONE',  ( -0.0000000000000000000, 1.000000000000000000, 0.0000000000000000000 ) ) ;
#5868 = DIRECTION ( 'NONE',  ( 0.0000000000000000000, 1.000000000000000000, -1.577021341797097600E-015 ) ) ;
#5869 = EDGE_LOOP ( 'NONE', ( #9728, #6538, #10117, #5642 ) ) ;
#5870 = CARTESIAN_POINT ( 'NONE',  ( 1.770000000000004200, 0.0000000000000000000, 0.0000000000000000000 ) ) ;
#5871 = FACE_OUTER_BOUND ( 'NONE', #7489, .T. ) ;
#5872 = LINE ( 'NONE', #1239, #8973 ) ;
#5873 = DIRECTION ( 'NONE',  ( 0.0000000000000000000, 0.0000000000000000000, -1.000000000000000000 ) ) ;
#5874 = ORIENTED_EDGE ( 'NONE', *, *, #887, .T. ) ;
#5875 = DIRECTION ( 'NONE',  ( 0.0000000000000000000, 0.0000000000000000000, -1.000000000000000000 ) ) ;
#5876 = CARTESIAN_POINT ( 'NONE',  ( 23.63000000000000600, 0.2000000000000000900, 13.82000000000000200 ) ) ;
#5877 = ORIENTED_EDGE ( 'NONE', *, *, #2068, .F. ) ;
#5878 = UNCERTAINTY_MEASURE_WITH_UNIT (LENGTH_MEASURE( 1.000000000000000100E-005 ), #3941, 'distance_accuracy_value', 'NONE');
#5879 = DIRECTION ( 'NONE',  ( 0.0000000000000000000, 0.0000000000000000000, -1.000000000000000000 ) ) ;
#5880 = EDGE_CURVE ( 'NONE', #8335, #1572, #4007, .T. ) ;
#5881 = AXIS2_PLACEMENT_3D ( 'NONE', #9853, #5846, #3590 ) ;
#5882 = FACE_OUTER_BOUND ( 'NONE', #7479, .T. ) ;
#5883 = DIRECTION ( 'NONE',  ( 0.0000000000000000000, -1.000000000000000000, 4.336808689942017700E-015 ) ) ;
#5884 = ORIENTED_EDGE ( 'NONE', *, *, #6, .T. ) ;
#5885 = ORIENTED_EDGE ( 'NONE', *, *, #7026, .T. ) ;
#5886 = CARTESIAN_POINT ( 'NONE',  ( 13.47000000000000200, 1.000000000000000000, -13.82000000000000200 ) ) ;
#5887 = ORIENTED_EDGE ( 'NONE', *, *, #4659, .T. ) ;
#5888 = CARTESIAN_POINT ( 'NONE',  ( 9.140000000000002300, 1.300000000000000000, -13.52000000000000300 ) ) ;
#5889 = CARTESIAN_POINT ( 'NONE',  ( 24.63000000000000600, 0.0000000000000000000, 0.0000000000000000000 ) ) ;
#5890 = ADVANCED_FACE ( 'NONE', ( #796 ), #108, .F. ) ;
#5891 = VECTOR ( 'NONE', #3510, 1000.000000000000000 ) ;
#5892 = DIRECTION ( 'NONE',  ( -0.0000000000000000000, 0.0000000000000000000, 1.000000000000000000 ) ) ;
#5893 = DIRECTION ( 'NONE',  ( 0.0000000000000000000, -1.000000000000000000, 0.0000000000000000000 ) ) ;
#5894 = DIRECTION ( 'NONE',  ( 0.0000000000000000000, 1.000000000000000000, 0.0000000000000000000 ) ) ;
#5895 =( GEOMETRIC_REPRESENTATION_CONTEXT ( 3 ) GLOBAL_UNCERTAINTY_ASSIGNED_CONTEXT ( ( #647 ) ) GLOBAL_UNIT_ASSIGNED_CONTEXT ( ( #2619, #4190, #4978 ) ) REPRESENTATION_CONTEXT ( 'NONE', 'WORKASPACE' ) );
#5896 = ORIENTED_EDGE ( 'NONE', *, *, #5236, .T. ) ;
#5897 = VERTEX_POINT ( 'NONE', #982 ) ;
#5898 = ORIENTED_EDGE ( 'NONE', *, *, #895, .F. ) ;
#5899 = PRESENTATION_LAYER_ASSIGNMENT (  '', '', ( #618 ) ) ;
#5900 = DIRECTION ( 'NONE',  ( 0.0000000000000000000, 1.000000000000000000, 0.0000000000000000000 ) ) ;
#5901 = ORIENTED_EDGE ( 'NONE', *, *, #9577, .F. ) ;
#5902 = ORIENTED_EDGE ( 'NONE', *, *, #259, .F. ) ;
#5903 = DIRECTION ( 'NONE',  ( 0.0000000000000000000, 0.0000000000000000000, 1.000000000000000000 ) ) ;
#5904 = VECTOR ( 'NONE', #1495, 1000.000000000000000 ) ;
#5905 = DIRECTION ( 'NONE',  ( 0.0000000000000000000, 1.000000000000000000, 0.0000000000000000000 ) ) ;
#5906 = DIRECTION ( 'NONE',  ( -0.0000000000000000000, 1.000000000000000000, -0.0000000000000000000 ) ) ;
#5907 = ORIENTED_EDGE ( 'NONE', *, *, #1511, .F. ) ;
#5908 = EDGE_CURVE ( 'NONE', #7325, #3068, #9193, .T. ) ;
#5909 = VERTEX_POINT ( 'NONE', #6377 ) ;
#5910 = DIRECTION ( 'NONE',  ( 0.0000000000000000000, -1.000000000000000000, 4.336808689942017700E-015 ) ) ;
#5911 = DIRECTION ( 'NONE',  ( -1.000000000000000000, -0.0000000000000000000, -0.0000000000000000000 ) ) ;
#5912 = PLANE ( 'NONE',  #1650 ) ;
#5913 = DIRECTION ( 'NONE',  ( 0.0000000000000000000, 0.0000000000000000000, -1.000000000000000000 ) ) ;
#5914 = ADVANCED_FACE ( 'NONE', ( #1921 ), #7964, .F. ) ;
#5915 = VERTEX_POINT ( 'NONE', #904 ) ;
#5916 = FILL_AREA_STYLE ('',( #477 ) ) ;
#5917 = ORIENTED_EDGE ( 'NONE', *, *, #7160, .F. ) ;
#5918 = EDGE_CURVE ( 'NONE', #7607, #5611, #2052, .T. ) ;
#5919 = ORIENTED_EDGE ( 'NONE', *, *, #6107, .T. ) ;
#5920 =( NAMED_UNIT ( * ) PLANE_ANGLE_UNIT ( ) SI_UNIT ( $, .RADIAN. ) );
#5921 = PLANE ( 'NONE',  #5881 ) ;
#5922 = EDGE_CURVE ( 'NONE', #1510, #10198, #1551, .T. ) ;
#5923 = CLOSED_SHELL ( 'NONE', ( #8689, #631, #6023, #2658, #4139, #5283, #1068, #6629, #1513, #2693, #3579, #9045 ) ) ;
#5924 = CARTESIAN_POINT ( 'NONE',  ( 10.93000000000000100, 0.2000000000000000100, -13.81999999999999900 ) ) ;
#5925 = DIRECTION ( 'NONE',  ( -0.0000000000000000000, 1.000000000000000000, 0.0000000000000000000 ) ) ;
#5926 = ORIENTED_EDGE ( 'NONE', *, *, #130, .F. ) ;
#5927 = AXIS2_PLACEMENT_3D ( 'NONE', #8772, #6304, #4809 ) ;
#5928 = CARTESIAN_POINT ( 'NONE',  ( -8.389999999999998800, 1.000000000000000000, -13.52000000000000300 ) ) ;
#5929 = CARTESIAN_POINT ( 'NONE',  ( 2.999999999999982200, 1.000000000000000000, -9.650000000000000400 ) ) ;
#5930 = DIRECTION ( 'NONE',  ( 0.0000000000000000000, -0.0000000000000000000, 1.000000000000000000 ) ) ;
#5931 = ORIENTED_EDGE ( 'NONE', *, *, #439, .T. ) ;
#5932 = DIRECTION ( 'NONE',  ( 0.0000000000000000000, 0.0000000000000000000, -1.000000000000000000 ) ) ;
#5933 = CARTESIAN_POINT ( 'NONE',  ( -11.92999999999999800, 0.0000000000000000000, 0.0000000000000000000 ) ) ;
#5934 = CARTESIAN_POINT ( 'NONE',  ( 24.08999999999999300, 2.000000000000000000, -4.074999999999997500 ) ) ;
#5935 = ADVANCED_FACE ( 'NONE', ( #10201 ), #2544, .T. ) ;
#5936 = VECTOR ( 'NONE', #7014, 1000.000000000000000 ) ;
#5937 = EDGE_CURVE ( 'NONE', #224, #6869, #4996, .T. ) ;
#5938 = AXIS2_PLACEMENT_3D ( 'NONE', #414, #9121, #9146 ) ;
#5939 = DIRECTION ( 'NONE',  ( 0.0000000000000000000, 0.0000000000000000000, -1.000000000000000000 ) ) ;
#5940 = LINE ( 'NONE', #9893, #4095 ) ;
#5941 = DIRECTION ( 'NONE',  ( 0.0000000000000000000, 0.0000000000000000000, -1.000000000000000000 ) ) ;
#5942 = EDGE_LOOP ( 'NONE', ( #5484, #1618, #3701, #8838 ) ) ;
#5943 = CARTESIAN_POINT ( 'NONE',  ( 14.47000000000000400, 1.000000000000000000, -13.82000000000000200 ) ) ;
#5944 = VECTOR ( 'NONE', #6817, 1000.000000000000000 ) ;
#5945 = LINE ( 'NONE', #9508, #3855 ) ;
#5946 = ORIENTED_EDGE ( 'NONE', *, *, #3279, .T. ) ;
#5947 = EDGE_CURVE ( 'NONE', #9905, #7007, #10077, .T. ) ;
#5948 = FACE_OUTER_BOUND ( 'NONE', #5408, .T. ) ;
#5949 = DIRECTION ( 'NONE',  ( -1.000000000000000000, -0.0000000000000000000, -0.0000000000000000000 ) ) ;
#5950 = CARTESIAN_POINT ( 'NONE',  ( -18.79999999999999700, 0.0000000000000000000, 0.0000000000000000000 ) ) ;
#5951 = AXIS2_PLACEMENT_3D ( 'NONE', #10262, #2471, #4764 ) ;
#5952 = VECTOR ( 'NONE', #7267, 1000.000000000000000 ) ;
#5953 = DIRECTION ( 'NONE',  ( 0.0000000000000000000, 0.0000000000000000000, -1.000000000000000000 ) ) ;
#5954 = CARTESIAN_POINT ( 'NONE',  ( -23.62999999999999900, 1.000000000000000000, -13.52000000000000300 ) ) ;
#5955 = VECTOR ( 'NONE', #8533, 1000.000000000000000 ) ;
#5956 = VECTOR ( 'NONE', #7331, 1000.000000000000000 ) ;
#5957 = DIRECTION ( 'NONE',  ( 0.0000000000000000000, -0.0000000000000000000, 1.000000000000000000 ) ) ;
#5958 = VECTOR ( 'NONE', #3862, 1000.000000000000000 ) ;
#5959 = ADVANCED_FACE ( 'NONE', ( #2933 ), #4390, .F. ) ;
#5960 = PRESENTATION_STYLE_ASSIGNMENT (( #3003 ) ) ;
#5961 = DIRECTION ( 'NONE',  ( -1.000000000000000000, -0.0000000000000000000, -0.0000000000000000000 ) ) ;
#5962 = DIRECTION ( 'NONE',  ( -1.000000000000000000, -0.0000000000000000000, -0.0000000000000000000 ) ) ;
#5963 = VECTOR ( 'NONE', #3254, 1000.000000000000000 ) ;
#5964 = CARTESIAN_POINT ( 'NONE',  ( -11.67999999999999800, 1.300000000000000000, -14.12000000000000300 ) ) ;
#5965 = FACE_OUTER_BOUND ( 'NONE', #7370, .T. ) ;
#5966 = VECTOR ( 'NONE', #6888, 1000.000000000000000 ) ;
#5967 = ORIENTED_EDGE ( 'NONE', *, *, #3936, .T. ) ;
#5968 = DIRECTION ( 'NONE',  ( -0.0000000000000000000, -0.0000000000000000000, 1.000000000000000000 ) ) ;
#5969 = PLANE ( 'NONE',  #6882 ) ;
#5970 = VECTOR ( 'NONE', #5413, 1000.000000000000000 ) ;
#5971 = ORIENTED_EDGE ( 'NONE', *, *, #7061, .T. ) ;
#5972 = ORIENTED_EDGE ( 'NONE', *, *, #6949, .T. ) ;
#5973 = EDGE_LOOP ( 'NONE', ( #6544, #2598, #476, #2460 ) ) ;
#5974 = ORIENTED_EDGE ( 'NONE', *, *, #6426, .F. ) ;
#5975 = VERTEX_POINT ( 'NONE', #9972 ) ;
#5976 = CARTESIAN_POINT ( 'NONE',  ( 5.850000000000001400, 1.300000000000000000, -14.12000000000000300 ) ) ;
#5977 = LINE ( 'NONE', #3841, #1192 ) ;
#5978 = LINE ( 'NONE', #1304, #1807 ) ;
#5979 = VERTEX_POINT ( 'NONE', #6753 ) ;
#5980 = CARTESIAN_POINT ( 'NONE',  ( 11.93000000000000300, 1.300000000000000000, -13.52000000000000300 ) ) ;
#5981 = APPLICATION_PROTOCOL_DEFINITION ( 'draft international standard', 'automotive_design', 1998, #7490 ) ;
#5982 = EDGE_CURVE ( 'NONE', #7204, #1168, #8066, .T. ) ;
#5983 = ORIENTED_EDGE ( 'NONE', *, *, #7592, .F. ) ;
#5984 = ORIENTED_EDGE ( 'NONE', *, *, #5766, .F. ) ;
#5985 = VERTEX_POINT ( 'NONE', #2870 ) ;
#5986 = ORIENTED_EDGE ( 'NONE', *, *, #1840, .T. ) ;
#5987 = EDGE_CURVE ( 'NONE', #2178, #2616, #9826, .T. ) ;
#5988 = ORIENTED_EDGE ( 'NONE', *, *, #1850, .F. ) ;
#5989 = AXIS2_PLACEMENT_3D ( 'NONE', #244, #2651, #2582 ) ;
#5990 = VECTOR ( 'NONE', #6727, 1000.000000000000000 ) ;
#5991 = CARTESIAN_POINT ( 'NONE',  ( -13.71999999999999700, 1.000000000000000000, -13.52000000000000300 ) ) ;
#5992 = AXIS2_PLACEMENT_3D ( 'NONE', #2239, #7721, #1473 ) ;
#5993 = CARTESIAN_POINT ( 'NONE',  ( -21.33999999999999600, 1.000000000000000000, 13.82000000000000200 ) ) ;
#5994 =( NAMED_UNIT ( * ) SI_UNIT ( $, .STERADIAN. ) SOLID_ANGLE_UNIT ( ) );
#5995 = ADVANCED_FACE ( 'NONE', ( #8342 ), #6646, .T. ) ;
#5996 = DIRECTION ( 'NONE',  ( -0.0000000000000000000, -0.0000000000000000000, -1.000000000000000000 ) ) ;
#5997 = EDGE_CURVE ( 'NONE', #3066, #2228, #2173, .T. ) ;
#5998 = FILL_AREA_STYLE_COLOUR ( '', #2817 ) ;
#5999 = VECTOR ( 'NONE', #1299, 1000.000000000000000 ) ;
#6000 = DIRECTION ( 'NONE',  ( -1.000000000000000000, 0.0000000000000000000, 0.0000000000000000000 ) ) ;
#6001 = ORIENTED_EDGE ( 'NONE', *, *, #6923, .T. ) ;
#6002 = VERTEX_POINT ( 'NONE', #9122 ) ;
#6003 = DIRECTION ( 'NONE',  ( -0.0000000000000000000, -1.000000000000000000, -0.0000000000000000000 ) ) ;
#6004 = LINE ( 'NONE', #3661, #5019 ) ;
#6005 = EDGE_CURVE ( 'NONE', #6952, #7373, #5978, .T. ) ;
#6006 = PLANE ( 'NONE',  #5550 ) ;
#6007 = LINE ( 'NONE', #2911, #8240 ) ;
#6008 = AXIS2_PLACEMENT_3D ( 'NONE', #8401, #6052, #6822 ) ;
#6009 = ORIENTED_EDGE ( 'NONE', *, *, #7480, .T. ) ;
#6010 = DIRECTION ( 'NONE',  ( 0.0000000000000000000, 0.0000000000000000000, -1.000000000000000000 ) ) ;
#6011 = CARTESIAN_POINT ( 'NONE',  ( 27.00000000000001100, 0.2000000000000000100, -7.320000000000002100 ) ) ;
#6012 = AXIS2_PLACEMENT_3D ( 'NONE', #2716, #2630, #6598 ) ;
#6013 = ORIENTED_EDGE ( 'NONE', *, *, #479, .T. ) ;
#6014 = DIRECTION ( 'NONE',  ( 1.000000000000000000, 0.0000000000000000000, 0.0000000000000000000 ) ) ;
#6015 = ORIENTED_EDGE ( 'NONE', *, *, #8168, .F. ) ;
#6016 = LINE ( 'NONE', #1743, #1587 ) ;
#6017 = MANIFOLD_SOLID_BREP ( 'LPattern1[32]', #4279 ) ;
#6018 = CARTESIAN_POINT ( 'NONE',  ( -11.92999999999999800, 1.000000000000000000, -13.82000000000000200 ) ) ;
#6019 = ORIENTED_EDGE ( 'NONE', *, *, #3123, .F. ) ;
#6020 = LINE ( 'NONE', #7312, #2087 ) ;
#6021 = CARTESIAN_POINT ( 'NONE',  ( 25.49999999999998900, 1.700000000000000000, 9.180000000000003300 ) ) ;
#6022 = EDGE_LOOP ( 'NONE', ( #8334, #10193, #7942, #2065 ) ) ;
#6023 = ADVANCED_FACE ( 'NONE', ( #432 ), #352, .F. ) ;
#6024 = EDGE_CURVE ( 'NONE', #4259, #3373, #3517, .T. ) ;
#6025 = CLOSED_SHELL ( 'NONE', ( #2849, #8333, #899, #6668, #6397, #8874, #1010, #1363, #831, #2218, #2148, #2025, #3126, #6416, #4857, #2054 ) ) ;
#6026 = EDGE_LOOP ( 'NONE', ( #155, #1450, #8204, #833, #9932, #561 ) ) ;
#6027 = ORIENTED_EDGE ( 'NONE', *, *, #1577, .F. ) ;
#6028 = EDGE_CURVE ( 'NONE', #7699, #7528, #2801, .T. ) ;
#6029 = AXIS2_PLACEMENT_3D ( 'NONE', #3716, #9136, #3751 ) ;
#6030 = LINE ( 'NONE', #434, #3934 ) ;
#6031 = PLANE ( 'NONE',  #4304 ) ;
#6032 = ORIENTED_EDGE ( 'NONE', *, *, #1319, .F. ) ;
#6033 = CARTESIAN_POINT ( 'NONE',  ( -4.309999999999997800, 0.0000000000000000000, 0.0000000000000000000 ) ) ;
#6034 = EDGE_LOOP ( 'NONE', ( #2673, #3791, #7860, #2699 ) ) ;
#6035 = DIRECTION ( 'NONE',  ( 0.0000000000000000000, 0.0000000000000000000, 1.000000000000000000 ) ) ;
#6036 = CARTESIAN_POINT ( 'NONE',  ( -11.67999999999999800, 0.2000000000000000100, -14.12000000000000100 ) ) ;
#6037 = DIRECTION ( 'NONE',  ( 0.0000000000000000000, 0.0000000000000000000, -1.000000000000000000 ) ) ;
#6038 = EDGE_CURVE ( 'NONE', #6981, #5834, #1041, .T. ) ;
#6039 = AXIS2_PLACEMENT_3D ( 'NONE', #5243, #9956, #5953 ) ;
#6040 = ORIENTED_EDGE ( 'NONE', *, *, #887, .F. ) ;
#6041 = PLANE ( 'NONE',  #10258 ) ;
#6042 = CARTESIAN_POINT ( 'NONE',  ( -18.54999999999999700, 0.2000000000000000100, -14.12000000000000100 ) ) ;
#6043 = ORIENTED_EDGE ( 'NONE', *, *, #6361, .T. ) ;
#6044 = CARTESIAN_POINT ( 'NONE',  ( -24.37999999999999900, 0.2000000000000000900, 13.82000000000000200 ) ) ;
#6045 = CARTESIAN_POINT ( 'NONE',  ( 9.140000000000002300, 1.300000000000000000, -14.12000000000000300 ) ) ;
#6046 = DIRECTION ( 'NONE',  ( -0.0000000000000000000, -0.0000000000000000000, -1.000000000000000000 ) ) ;
#6047 = CARTESIAN_POINT ( 'NONE',  ( 14.47000000000000400, 0.2000000000000000100, -13.81999999999999900 ) ) ;
#6048 = DIRECTION ( 'NONE',  ( 0.0000000000000000000, 0.0000000000000000000, 1.000000000000000000 ) ) ;
#6049 = EDGE_CURVE ( 'NONE', #6382, #7116, #9571, .T. ) ;
#6051 = ADVANCED_FACE ( 'NONE', ( #540, #1302 ), #3605, .F. ) ;
#6050 = ORIENTED_EDGE ( 'NONE', *, *, #3435, .T. ) ;
#6052 = DIRECTION ( 'NONE',  ( -0.0000000000000000000, 1.000000000000000000, 0.0000000000000000000 ) ) ;
#6053 = ORIENTED_EDGE ( 'NONE', *, *, #3953, .T. ) ;
#6054 = CARTESIAN_POINT ( 'NONE',  ( -18.79999999999999700, 1.300000000000000000, -14.12000000000000300 ) ) ;
#6055 = DIRECTION ( 'NONE',  ( -1.000000000000000000, -0.0000000000000000000, -0.0000000000000000000 ) ) ;
#6056 = EDGE_CURVE ( 'NONE', #1585, #3771, #9063, .T. ) ;
#6057 = AXIS2_PLACEMENT_3D ( 'NONE', #6883, #5316, #7638 ) ;
#6058 = EDGE_CURVE ( 'NONE', #5909, #1813, #8813, .T. ) ;
#6059 = ORIENTED_EDGE ( 'NONE', *, *, #6280, .T. ) ;
#6060 = CARTESIAN_POINT ( 'NONE',  ( -11.92999999999999800, 1.300000000000000000, -14.12000000000000300 ) ) ;
#6061 = EDGE_CURVE ( 'NONE', #5855, #6098, #8051, .T. ) ;
#6062 = CARTESIAN_POINT ( 'NONE',  ( -11.92999999999999800, 0.2000000000000000100, -13.81999999999999900 ) ) ;
#6063 = PLANE ( 'NONE',  #1623 ) ;
#6064 = VECTOR ( 'NONE', #8037, 1000.000000000000000 ) ;
#6065 = DIRECTION ( 'NONE',  ( 0.0000000000000000000, 0.0000000000000000000, 1.000000000000000000 ) ) ;
#6066 = VECTOR ( 'NONE', #2413, 1000.000000000000000 ) ;
#6067 = EDGE_LOOP ( 'NONE', ( #2399, #6264, #2530, #2893 ) ) ;
#6068 = ADVANCED_FACE ( 'NONE', ( #9181 ), #5294, .T. ) ;
#6069 = AXIS2_PLACEMENT_3D ( 'NONE', #3177, #3879, #771 ) ;
#6070 = LINE ( 'NONE', #3032, #9927 ) ;
#6071 = DIRECTION ( 'NONE',  ( 0.0000000000000000000, -0.0000000000000000000, 1.000000000000000000 ) ) ;
#6072 = DIRECTION ( 'NONE',  ( 0.0000000000000000000, -1.000000000000000000, 0.0000000000000000000 ) ) ;
#6073 = ORIENTED_EDGE ( 'NONE', *, *, #5982, .F. ) ;
#6074 = VECTOR ( 'NONE', #7556, 1000.000000000000000 ) ;
#6075 = CARTESIAN_POINT ( 'NONE',  ( -6.849999999999998800, 1.300000000000000000, -14.12000000000000300 ) ) ;
#6076 = CARTESIAN_POINT ( 'NONE',  ( 17.01000000000000500, 0.2000000000000000100, -13.81999999999999900 ) ) ;
#6077 = LINE ( 'NONE', #5025, #8302 ) ;
#6078 = DIRECTION ( 'NONE',  ( -0.0000000000000000000, 1.000000000000000000, 0.0000000000000000000 ) ) ;
#6079 = CARTESIAN_POINT ( 'NONE',  ( -10.92999999999999600, 0.2000000000000000100, -13.81999999999999900 ) ) ;
#6080 = FACE_OUTER_BOUND ( 'NONE', #3290, .T. ) ;
#6081 = FILL_AREA_STYLE ('',( #10036 ) ) ;
#6082 = EDGE_CURVE ( 'NONE', #8484, #8445, #4367, .T. ) ;
#6083 = VECTOR ( 'NONE', #7915, 1000.000000000000000 ) ;
#6084 = AXIS2_PLACEMENT_3D ( 'NONE', #4953, #6497, #199 ) ;
#6085 = VECTOR ( 'NONE', #5172, 1000.000000000000000 ) ;
#6086 = DIRECTION ( 'NONE',  ( 0.0000000000000000000, -1.000000000000000000, 0.0000000000000000000 ) ) ;
#6087 = SURFACE_STYLE_USAGE ( .BOTH. , #5199 ) ;
#6088 = VECTOR ( 'NONE', #10196, 1000.000000000000000 ) ;
#6089 = LINE ( 'NONE', #7858, #400 ) ;
#6090 = VECTOR ( 'NONE', #7967, 1000.000000000000000 ) ;
#6091 = CARTESIAN_POINT ( 'NONE',  ( -13.46999999999999700, 0.2000000000000000100, -13.81999999999999900 ) ) ;
#6092 = LINE ( 'NONE', #5, #10185 ) ;
#6093 = LINE ( 'NONE', #1905, #1166 ) ;
#6094 = EDGE_CURVE ( 'NONE', #5487, #7737, #9312, .T. ) ;
#6095 = FACE_OUTER_BOUND ( 'NONE', #264, .T. ) ;
#6096 = DIRECTION ( 'NONE',  ( 0.0000000000000000000, 0.0000000000000000000, 1.000000000000000000 ) ) ;
#6097 = ORIENTED_EDGE ( 'NONE', *, *, #2348, .T. ) ;
#6098 = VERTEX_POINT ( 'NONE', #3031 ) ;
#6099 = DIRECTION ( 'NONE',  ( 1.000000000000000000, 0.0000000000000000000, -1.800252673284357700E-016 ) ) ;
#6100 = FILL_AREA_STYLE ('',( #5998 ) ) ;
#6101 = VECTOR ( 'NONE', #8597, 1000.000000000000000 ) ;
#6102 = ORIENTED_EDGE ( 'NONE', *, *, #7783, .F. ) ;
#6103 = ORIENTED_EDGE ( 'NONE', *, *, #506, .F. ) ;
#6104 = VECTOR ( 'NONE', #4417, 1000.000000000000000 ) ;
#6105 = LINE ( 'NONE', #9540, #8199 ) ;
#6106 = ORIENTED_EDGE ( 'NONE', *, *, #9722, .T. ) ;
#6107 = EDGE_CURVE ( 'NONE', #76, #719, #6947, .T. ) ;
#6108 = DIRECTION ( 'NONE',  ( 0.0000000000000000000, 1.000000000000000000, 0.0000000000000000000 ) ) ;
#6109 = FILL_AREA_STYLE_COLOUR ( '', #9431 ) ;
#6110 = ORIENTED_EDGE ( 'NONE', *, *, #2160, .T. ) ;
#6111 = ORIENTED_EDGE ( 'NONE', *, *, #2905, .T. ) ;
#6112 = CARTESIAN_POINT ( 'NONE',  ( -11.67999999999999800, -8.000000000000000000, -13.82000000000000200 ) ) ;
#6113 = ORIENTED_EDGE ( 'NONE', *, *, #864, .T. ) ;
#6114 = VERTEX_POINT ( 'NONE', #2975 ) ;
#6115 = SURFACE_SIDE_STYLE ('',( #8544 ) ) ;
#6116 = ORIENTED_EDGE ( 'NONE', *, *, #5520, .T. ) ;
#6117 = LINE ( 'NONE', #7161, #7206 ) ;
#6118 = AXIS2_PLACEMENT_3D ( 'NONE', #1387, #6166, #8447 ) ;
#6119 = SURFACE_STYLE_FILL_AREA ( #1448 ) ;
#6120 = ORIENTED_EDGE ( 'NONE', *, *, #2821, .T. ) ;
#6121 = CARTESIAN_POINT ( 'NONE',  ( -24.09000000000000700, 2.000000000000000000, -4.074999999999995700 ) ) ;
#6122 = LINE ( 'NONE', #3860, #7583 ) ;
#6123 = DIRECTION ( 'NONE',  ( 0.0000000000000000000, 0.0000000000000000000, -1.000000000000000000 ) ) ;
#6124 = FACE_OUTER_BOUND ( 'NONE', #1592, .T. ) ;
#6125 = ORIENTED_EDGE ( 'NONE', *, *, #9771, .T. ) ;
#6126 = EDGE_CURVE ( 'NONE', #8392, #3108, #7435, .T. ) ;
#6127 = DIRECTION ( 'NONE',  ( 0.0000000000000000000, 0.0000000000000000000, -1.000000000000000000 ) ) ;
#6128 = VERTEX_POINT ( 'NONE', #4449 ) ;
#6129 = ADVANCED_FACE ( 'NONE', ( #8678 ), #7644, .F. ) ;
#6130 = EDGE_CURVE ( 'NONE', #9458, #6878, #8935, .T. ) ;
#6131 = DIRECTION ( 'NONE',  ( 0.0000000000000000000, 0.0000000000000000000, -1.000000000000000000 ) ) ;
#6132 = PRESENTATION_STYLE_ASSIGNMENT (( #412 ) ) ;
#6133 = VERTEX_POINT ( 'NONE', #8424 ) ;
#6134 = EDGE_CURVE ( 'NONE', #1420, #958, #6566, .T. ) ;
#6135 = DIRECTION ( 'NONE',  ( 0.0000000000000000000, -0.0000000000000000000, 1.000000000000000000 ) ) ;
#6136 = ORIENTED_EDGE ( 'NONE', *, *, #8192, .T. ) ;
#6137 = STYLED_ITEM ( 'NONE', ( #2290 ), #8610 ) ;
#6138 = CARTESIAN_POINT ( 'NONE',  ( -1.019999999999996700, -8.000000000000000000, -14.12000000000000300 ) ) ;
#6139 = LINE ( 'NONE', #2570, #2083 ) ;
#6140 = ORIENTED_EDGE ( 'NONE', *, *, #9642, .F. ) ;
#6141 = VECTOR ( 'NONE', #2032, 1000.000000000000000 ) ;
#6142 = ORIENTED_EDGE ( 'NONE', *, *, #10249, .T. ) ;
#6143 = EDGE_LOOP ( 'NONE', ( #498, #9576, #586, #6447, #3216, #6737, #3578, #6659 ) ) ;
#6144 = DIRECTION ( 'NONE',  ( 0.0000000000000000000, 0.0000000000000000000, -1.000000000000000000 ) ) ;
#6145 = ORIENTED_EDGE ( 'NONE', *, *, #8152, .T. ) ;
#6146 = PLANE ( 'NONE',  #2453 ) ;
#6147 = DIRECTION ( 'NONE',  ( 0.0000000000000000000, 1.000000000000000000, -1.577021341797097600E-015 ) ) ;
#6148 = ORIENTED_EDGE ( 'NONE', *, *, #1582, .F. ) ;
#6149 = DIRECTION ( 'NONE',  ( -1.000000000000000000, 0.0000000000000000000, -0.0000000000000000000 ) ) ;
#6150 = ORIENTED_EDGE ( 'NONE', *, *, #10013, .T. ) ;
#6151 = ORIENTED_EDGE ( 'NONE', *, *, #3303, .F. ) ;
#6152 = ORIENTED_EDGE ( 'NONE', *, *, #6485, .T. ) ;
#6153 = CARTESIAN_POINT ( 'NONE',  ( -3.000000000000017300, 1.000000000000000000, -10.35000000000000000 ) ) ;
#6154 = ORIENTED_EDGE ( 'NONE', *, *, #5169, .F. ) ;
#6155 = ORIENTED_EDGE ( 'NONE', *, *, #4715, .F. ) ;
#6156 = DIRECTION ( 'NONE',  ( -0.0000000000000000000, 1.000000000000000000, -0.0000000000000000000 ) ) ;
#6157 = VECTOR ( 'NONE', #6879, 1000.000000000000000 ) ;
#6158 = DIRECTION ( 'NONE',  ( 0.0000000000000000000, 0.0000000000000000000, -1.000000000000000000 ) ) ;
#6159 = EDGE_CURVE ( 'NONE', #7343, #3935, #9440, .T. ) ;
#6160 = AXIS2_PLACEMENT_3D ( 'NONE', #4800, #2373, #7853 ) ;
#6161 = CARTESIAN_POINT ( 'NONE',  ( -24.09000000000000700, 1.800000000000000000, -4.074999999999995700 ) ) ;
#6162 = ORIENTED_EDGE ( 'NONE', *, *, #9985, .F. ) ;
#6163 = CARTESIAN_POINT ( 'NONE',  ( -14.46999999999999900, 0.0000000000000000000, 0.0000000000000000000 ) ) ;
#6164 = ORIENTED_EDGE ( 'NONE', *, *, #3082, .T. ) ;
#6165 = CARTESIAN_POINT ( 'NONE',  ( -24.09000000000000700, 2.000000000000000000, 7.935000000000006700 ) ) ;
#6166 = DIRECTION ( 'NONE',  ( 0.0000000000000000000, 0.0000000000000000000, 1.000000000000000000 ) ) ;
#6167 = FACE_OUTER_BOUND ( 'NONE', #1604, .T. ) ;
#6168 = AXIS2_PLACEMENT_3D ( 'NONE', #548, #5538, #137 ) ;
#6169 = ADVANCED_FACE ( 'NONE', ( #3876 ), #5261, .F. ) ;
#6170 = AXIS2_PLACEMENT_3D ( 'NONE', #9348, #5412, #2292 ) ;
#6171 = CARTESIAN_POINT ( 'NONE',  ( -3.309999999999996900, 1.000000000000000000, -13.82000000000000200 ) ) ;
#6172 = ORIENTED_EDGE ( 'NONE', *, *, #8711, .T. ) ;
#6173 = ORIENTED_EDGE ( 'NONE', *, *, #4443, .T. ) ;
#6174 = DIRECTION ( 'NONE',  ( 0.0000000000000000000, 0.0000000000000000000, -1.000000000000000000 ) ) ;
#6175 = LINE ( 'NONE', #4168, #4080 ) ;
#6176 = VERTEX_POINT ( 'NONE', #4486 ) ;
#6177 = DIRECTION ( 'NONE',  ( 0.0000000000000000000, -1.000000000000000000, 0.0000000000000000000 ) ) ;
#6178 = DIRECTION ( 'NONE',  ( 1.000000000000000000, 0.0000000000000000000, 0.0000000000000000000 ) ) ;
#6179 = DIRECTION ( 'NONE',  ( 0.0000000000000000000, 0.0000000000000000000, 1.000000000000000000 ) ) ;
#6180 = VECTOR ( 'NONE', #3546, 1000.000000000000000 ) ;
#6181 = CARTESIAN_POINT ( 'NONE',  ( -10.92999999999999600, 0.2000000000000000100, -14.12000000000000100 ) ) ;
#6182 = DIRECTION ( 'NONE',  ( 0.0000000000000000000, -0.0000000000000000000, -1.000000000000000000 ) ) ;
#6183 = VERTEX_POINT ( 'NONE', #8531 ) ;
#6184 = EDGE_CURVE ( 'NONE', #4692, #3810, #6216, .T. ) ;
#6185 = PRODUCT_DEFINITION_SHAPE ( 'NONE', 'NONE',  #6387 ) ;
#6186 = AXIS2_PLACEMENT_3D ( 'NONE', #3056, #4554, #8415 ) ;
#6187 = DIRECTION ( 'NONE',  ( 0.0000000000000000000, 0.0000000000000000000, -1.000000000000000000 ) ) ;
#6188 = EDGE_CURVE ( 'NONE', #958, #2350, #1541, .T. ) ;
#6189 = LINE ( 'NONE', #1, #5688 ) ;
#6190 = FACE_OUTER_BOUND ( 'NONE', #1198, .T. ) ;
#6191 = CARTESIAN_POINT ( 'NONE',  ( 4.060000000000004900, 1.000000000000000000, -13.82000000000000200 ) ) ;
#6192 = ORIENTED_EDGE ( 'NONE', *, *, #1528, .T. ) ;
#6193 = DIRECTION ( 'NONE',  ( 0.0000000000000000000, 1.000000000000000000, 0.0000000000000000000 ) ) ;
#6194 = LINE ( 'NONE', #3705, #5944 ) ;
#6195 = CARTESIAN_POINT ( 'NONE',  ( 6.600000000000001400, -8.000000000000000000, -14.12000000000000300 ) ) ;
#6196 = SURFACE_STYLE_USAGE ( .BOTH. , #7083 ) ;
#6197 = LINE ( 'NONE', #9823, #1770 ) ;
#6198 = ORIENTED_EDGE ( 'NONE', *, *, #5682, .T. ) ;
#6199 = VECTOR ( 'NONE', #8126, 1000.000000000000000 ) ;
#6200 = DIRECTION ( 'NONE',  ( -1.000000000000000000, -0.0000000000000000000, -0.0000000000000000000 ) ) ;
#6201 = DIRECTION ( 'NONE',  ( 0.0000000000000000000, -0.0000000000000000000, -1.000000000000000000 ) ) ;
#6202 = LINE ( 'NONE', #110, #661 ) ;
#6203 = DIRECTION ( 'NONE',  ( -0.0000000000000000000, 1.000000000000000000, -0.0000000000000000000 ) ) ;
#6204 = VECTOR ( 'NONE', #2948, 1000.000000000000000 ) ;
#6205 = CARTESIAN_POINT ( 'NONE',  ( 1.520000000000004000, 1.000000000000000000, -13.52000000000000300 ) ) ;
#6206 = VECTOR ( 'NONE', #4338, 1000.000000000000000 ) ;
#6207 = VERTEX_POINT ( 'NONE', #9471 ) ;
#6208 = EDGE_CURVE ( 'NONE', #7474, #3503, #1791, .T. ) ;
#6209 = ORIENTED_EDGE ( 'NONE', *, *, #6500, .T. ) ;
#6210 = EDGE_CURVE ( 'NONE', #8756, #5388, #9951, .T. ) ;
#6211 = VECTOR ( 'NONE', #7192, 1000.000000000000000 ) ;
#6212 = DIRECTION ( 'NONE',  ( 0.0000000000000000000, -0.0000000000000000000, 1.000000000000000000 ) ) ;
#6213 =( NAMED_UNIT ( * ) SI_UNIT ( $, .STERADIAN. ) SOLID_ANGLE_UNIT ( ) );
#6214 = PLANE ( 'NONE',  #2113 ) ;
#6215 = FACE_OUTER_BOUND ( 'NONE', #7149, .T. ) ;
#6216 = LINE ( 'NONE', #6783, #4120 ) ;
#6217 = ADVANCED_FACE ( 'NONE', ( #8569 ), #5523, .F. ) ;
#6218 = LINE ( 'NONE', #2995, #7814 ) ;
#6219 = VERTEX_POINT ( 'NONE', #759 ) ;
#6220 = ORIENTED_EDGE ( 'NONE', *, *, #8645, .F. ) ;
#6221 = EDGE_LOOP ( 'NONE', ( #8439, #680, #10257, #6613 ) ) ;
#6222 = VERTEX_POINT ( 'NONE', #3972 ) ;
#6223 = EDGE_CURVE ( 'NONE', #8484, #453, #2297, .T. ) ;
#6224 = ORIENTED_EDGE ( 'NONE', *, *, #2037, .T. ) ;
#6225 = VECTOR ( 'NONE', #5686, 1000.000000000000000 ) ;
#6226 = VECTOR ( 'NONE', #8023, 1000.000000000000000 ) ;
#6227 = CARTESIAN_POINT ( 'NONE',  ( 24.08999999999999300, 1.800000000000000000, 7.934999999999997800 ) ) ;
#6228 = ORIENTED_EDGE ( 'NONE', *, *, #4973, .T. ) ;
#6229 = PLANE ( 'NONE',  #2961 ) ;
#6230 = AXIS2_PLACEMENT_3D ( 'NONE', #3346, #254, #6517 ) ;
#6231 = DIRECTION ( 'NONE',  ( -1.000000000000000000, 0.0000000000000000000, -0.0000000000000000000 ) ) ;
#6232 = DIRECTION ( 'NONE',  ( -1.000000000000000000, -0.0000000000000000000, -0.0000000000000000000 ) ) ;
#6233 = ORIENTED_EDGE ( 'NONE', *, *, #6788, .F. ) ;
#6234 = ORIENTED_EDGE ( 'NONE', *, *, #6485, .F. ) ;
#6235 = ORIENTED_EDGE ( 'NONE', *, *, #8379, .F. ) ;
#6236 = EDGE_LOOP ( 'NONE', ( #2303, #2192, #6825, #1457 ) ) ;
#6237 = VERTEX_POINT ( 'NONE', #14 ) ;
#6238 = DIRECTION ( 'NONE',  ( -0.0000000000000000000, 1.000000000000000000, 0.0000000000000000000 ) ) ;
#6239 = EDGE_CURVE ( 'NONE', #3528, #5273, #5234, .T. ) ;
#6240 = DIRECTION ( 'NONE',  ( 1.000000000000000000, 0.0000000000000000000, 0.0000000000000000000 ) ) ;
#6241 = VECTOR ( 'NONE', #10130, 1000.000000000000000 ) ;
#6242 = PLANE ( 'NONE',  #6160 ) ;
#6243 = CARTESIAN_POINT ( 'NONE',  ( 1.770000000000004200, 0.2000000000000000100, -13.81999999999999900 ) ) ;
#6244 = VERTEX_POINT ( 'NONE', #2271 ) ;
#6245 = CARTESIAN_POINT ( 'NONE',  ( 6.850000000000002300, 0.2000000000000000100, -14.12000000000000100 ) ) ;
#6246 = EDGE_CURVE ( 'NONE', #5909, #3066, #1425, .T. ) ;
#6247 = VECTOR ( 'NONE', #10020, 1000.000000000000000 ) ;
#6248 = CARTESIAN_POINT ( 'NONE',  ( 4.310000000000004900, 1.300000000000000000, -13.52000000000000300 ) ) ;
#6249 = EDGE_CURVE ( 'NONE', #453, #1359, #7068, .T. ) ;
#6250 = VECTOR ( 'NONE', #612, 1000.000000000000000 ) ;
#6251 = PLANE ( 'NONE',  #5044 ) ;
#6252 = DIRECTION ( 'NONE',  ( -0.0000000000000000000, 0.0000000000000000000, 1.000000000000000000 ) ) ;
#6253 = ORIENTED_EDGE ( 'NONE', *, *, #6528, .T. ) ;
#6254 = ORIENTED_EDGE ( 'NONE', *, *, #2450, .T. ) ;
#6255 = EDGE_CURVE ( 'NONE', #604, #2780, #6814, .T. ) ;
#6256 = VERTEX_POINT ( 'NONE', #7910 ) ;
#6257 = VECTOR ( 'NONE', #4958, 1000.000000000000000 ) ;
#6258 = ADVANCED_FACE ( 'NONE', ( #3636 ), #6399, .F. ) ;
#6259 = ORIENTED_EDGE ( 'NONE', *, *, #3104, .F. ) ;
#6260 = ORIENTED_EDGE ( 'NONE', *, *, #4148, .F. ) ;
#6261 = PRESENTATION_LAYER_ASSIGNMENT (  '', '', ( #4879 ) ) ;
#6262 = PLANE ( 'NONE',  #9674 ) ;
#6263 = ORIENTED_EDGE ( 'NONE', *, *, #3992, .F. ) ;
#6264 = ORIENTED_EDGE ( 'NONE', *, *, #6208, .T. ) ;
#6265 =( NAMED_UNIT ( * ) PLANE_ANGLE_UNIT ( ) SI_UNIT ( $, .RADIAN. ) );
#6266 = VERTEX_POINT ( 'NONE', #8014 ) ;
#6267 = LINE ( 'NONE', #7805, #9249 ) ;
#6268 = ADVANCED_FACE ( 'NONE', ( #3395 ), #4073, .T. ) ;
#6269 = CARTESIAN_POINT ( 'NONE',  ( 16.76000000000000500, -8.000000000000000000, -13.82000000000000200 ) ) ;
#6270 = ORIENTED_EDGE ( 'NONE', *, *, #8379, .T. ) ;
#6271 = ORIENTED_EDGE ( 'NONE', *, *, #7043, .T. ) ;
#6272 = PLANE ( 'NONE',  #5810 ) ;
#6273 = EDGE_CURVE ( 'NONE', #337, #6706, #1180, .T. ) ;
#6274 = CARTESIAN_POINT ( 'NONE',  ( -1.019999999999996700, -8.000000000000000000, -13.82000000000000200 ) ) ;
#6275 = AXIS2_PLACEMENT_3D ( 'NONE', #3028, #3726, #6915 ) ;
#6276 = DIRECTION ( 'NONE',  ( 0.0000000000000000000, -0.0000000000000000000, 1.000000000000000000 ) ) ;
#6277 = ORIENTED_EDGE ( 'NONE', *, *, #1009, .F. ) ;
#6278 = DIRECTION ( 'NONE',  ( 0.0000000000000000000, 0.0000000000000000000, -1.000000000000000000 ) ) ;
#6279 = ORIENTED_EDGE ( 'NONE', *, *, #5304, .T. ) ;
#6280 = EDGE_CURVE ( 'NONE', #6706, #8113, #7553, .T. ) ;
#6281 = AXIS2_PLACEMENT_3D ( 'NONE', #7138, #8771, #2406 ) ;
#6282 = ORIENTED_EDGE ( 'NONE', *, *, #1183, .T. ) ;
#6283 = DIRECTION ( 'NONE',  ( 0.0000000000000000000, -0.0000000000000000000, 1.000000000000000000 ) ) ;
#6284 = LINE ( 'NONE', #495, #9645 ) ;
#6285 = ORIENTED_EDGE ( 'NONE', *, *, #7627, .T. ) ;
#6286 = CARTESIAN_POINT ( 'NONE',  ( -6.599999999999997900, -8.000000000000000000, -13.82000000000000200 ) ) ;
#6287 = CARTESIAN_POINT ( 'NONE',  ( 24.63000000000000600, 1.300000000000000000, 14.12000000000000300 ) ) ;
#6288 = FILL_AREA_STYLE ('',( #8618 ) ) ;
#6289 = EDGE_CURVE ( 'NONE', #8279, #5066, #5109, .T. ) ;
#6290 = AXIS2_PLACEMENT_3D ( 'NONE', #4743, #4084, #10271 ) ;
#6291 = FACE_OUTER_BOUND ( 'NONE', #7733, .T. ) ;
#6292 = PLANE ( 'NONE',  #6559 ) ;
#6293 = CARTESIAN_POINT ( 'NONE',  ( -24.37999999999999900, 0.2000000000000000900, 14.12000000000000100 ) ) ;
#6294 = LINE ( 'NONE', #6315, #9152 ) ;
#6295 = FILL_AREA_STYLE_COLOUR ( '', #2095 ) ;
#6296 = ADVANCED_FACE ( 'NONE', ( #9691 ), #1711, .F. ) ;
#6297 = FACE_OUTER_BOUND ( 'NONE', #3270, .T. ) ;
#6298 = FILL_AREA_STYLE ('',( #2475 ) ) ;
#6299 = VERTEX_POINT ( 'NONE', #6367 ) ;
#6300 = CARTESIAN_POINT ( 'NONE',  ( 16.01000000000000500, 0.0000000000000000000, 0.0000000000000000000 ) ) ;
#6301 = EDGE_CURVE ( 'NONE', #1275, #1459, #5348, .T. ) ;
#6302 = ORIENTED_EDGE ( 'NONE', *, *, #10253, .F. ) ;
#6303 = VECTOR ( 'NONE', #4274, 1000.000000000000000 ) ;
#6304 = DIRECTION ( 'NONE',  ( -0.0000000000000000000, 1.000000000000000000, 0.0000000000000000000 ) ) ;
#6305 = EDGE_CURVE ( 'NONE', #4855, #3803, #2409, .T. ) ;
#6306 = LINE ( 'NONE', #6466, #769 ) ;
#6307 = AXIS2_PLACEMENT_3D ( 'NONE', #3135, #9438, #6182 ) ;
#6308 = PRESENTATION_LAYER_ASSIGNMENT (  '', '', ( #7033 ) ) ;
#6309 = CARTESIAN_POINT ( 'NONE',  ( -11.92999999999999800, 0.2000000000000000100, -14.12000000000000100 ) ) ;
#6310 = UNCERTAINTY_MEASURE_WITH_UNIT (LENGTH_MEASURE( 1.000000000000000100E-005 ), #2388, 'distance_accuracy_value', 'NONE');
#6311 = LINE ( 'NONE', #5529, #10051 ) ;
#6312 = DIRECTION ( 'NONE',  ( -0.0000000000000000000, 1.000000000000000000, -0.0000000000000000000 ) ) ;
#6313 = VECTOR ( 'NONE', #8423, 1000.000000000000000 ) ;
#6314 = FACE_OUTER_BOUND ( 'NONE', #9355, .T. ) ;
#6315 = CARTESIAN_POINT ( 'NONE',  ( 10.93000000000000100, 1.300000000000000000, -13.52000000000000300 ) ) ;
#6316 = CARTESIAN_POINT ( 'NONE',  ( -13.71999999999999700, -8.000000000000000000, -13.82000000000000200 ) ) ;
#6317 = LINE ( 'NONE', #3983, #21 ) ;
#6318 = FACE_OUTER_BOUND ( 'NONE', #8099, .T. ) ;
#6319 = AXIS2_PLACEMENT_3D ( 'NONE', #5663, #1677, #105 ) ;
#6320 = FACE_OUTER_BOUND ( 'NONE', #8625, .T. ) ;
#6321 = ORIENTED_EDGE ( 'NONE', *, *, #2378, .F. ) ;
#6322 = SURFACE_STYLE_FILL_AREA ( #7257 ) ;
#6323 = CARTESIAN_POINT ( 'NONE',  ( 6.850000000000002300, 0.2000000000000000100, -13.81999999999999900 ) ) ;
#6324 = CARTESIAN_POINT ( 'NONE',  ( 21.09000000000000300, 0.2000000000000000900, 13.82000000000000200 ) ) ;
#6325 = ORIENTED_EDGE ( 'NONE', *, *, #7521, .F. ) ;
#6326 = ORIENTED_EDGE ( 'NONE', *, *, #10273, .F. ) ;
#6327 = CARTESIAN_POINT ( 'NONE',  ( 13.47000000000000200, 1.300000000000000000, -14.12000000000000300 ) ) ;
#6328 = DIRECTION ( 'NONE',  ( 0.0000000000000000000, 0.0000000000000000000, -1.000000000000000000 ) ) ;
#6329 = VECTOR ( 'NONE', #9043, 1000.000000000000000 ) ;
#6330 = EDGE_LOOP ( 'NONE', ( #5041, #5285, #4284, #4388 ) ) ;
#6331 = CARTESIAN_POINT ( 'NONE',  ( 28.30000000000000800, 0.0000000000000000000, 0.0000000000000000000 ) ) ;
#6332 = ORIENTED_EDGE ( 'NONE', *, *, #7531, .T. ) ;
#6333 = LINE ( 'NONE', #1152, #7568 ) ;
#6334 = ORIENTED_EDGE ( 'NONE', *, *, #1076, .T. ) ;
#6335 = DIRECTION ( 'NONE',  ( 0.0000000000000000000, -0.0000000000000000000, 1.000000000000000000 ) ) ;
#6336 = EDGE_CURVE ( 'NONE', #9700, #9836, #1530, .T. ) ;
#6337 = LINE ( 'NONE', #7747, #2042 ) ;
#6338 = AXIS2_PLACEMENT_3D ( 'NONE', #4458, #501, #7546 ) ;
#6339 = CARTESIAN_POINT ( 'NONE',  ( -19.54999999999999700, 0.2000000000000000100, -13.81999999999999900 ) ) ;
#6340 = ORIENTED_EDGE ( 'NONE', *, *, #6901, .F. ) ;
#6341 = ORIENTED_EDGE ( 'NONE', *, *, #1035, .F. ) ;
#6342 = CARTESIAN_POINT ( 'NONE',  ( -0.7699999999999963500, 0.2000000000000000100, -13.81999999999999900 ) ) ;
#6343 = EDGE_LOOP ( 'NONE', ( #441, #1833, #2063, #5660 ) ) ;
#6344 = ORIENTED_EDGE ( 'NONE', *, *, #8239, .T. ) ;
#6345 = LINE ( 'NONE', #8662, #1686 ) ;
#6346 = VERTEX_POINT ( 'NONE', #4860 ) ;
#6347 = CARTESIAN_POINT ( 'NONE',  ( -5.849999999999997900, 0.2000000000000000100, -13.81999999999999900 ) ) ;
#6348 = DIRECTION ( 'NONE',  ( 1.000000000000000000, 0.0000000000000000000, -0.0000000000000000000 ) ) ;
#6349 = VECTOR ( 'NONE', #3968, 1000.000000000000000 ) ;
#6350 = ADVANCED_FACE ( 'NONE', ( #5828 ), #4900, .F. ) ;
#6351 = LINE ( 'NONE', #9050, #61 ) ;
#6352 = ORIENTED_EDGE ( 'NONE', *, *, #8869, .F. ) ;
#6353 = CARTESIAN_POINT ( 'NONE',  ( 23.88000000000000600, 1.300000000000000000, -14.12000000000000300 ) ) ;
#6354 = ORIENTED_EDGE ( 'NONE', *, *, #1120, .F. ) ;
#6355 = EDGE_LOOP ( 'NONE', ( #7088, #3419, #1113, #7938 ) ) ;
#6356 = CARTESIAN_POINT ( 'NONE',  ( -21.33999999999999600, -8.000000000000000000, 14.12000000000000300 ) ) ;
#6357 = CARTESIAN_POINT ( 'NONE',  ( 22.09000000000000700, 1.300000000000000000, 13.52000000000000300 ) ) ;
#6358 = ORIENTED_EDGE ( 'NONE', *, *, #864, .F. ) ;
#6359 = VERTEX_POINT ( 'NONE', #4142 ) ;
#6360 = ORIENTED_EDGE ( 'NONE', *, *, #10195, .T. ) ;
#6361 = EDGE_CURVE ( 'NONE', #4759, #4008, #6933, .T. ) ;
#6362 = CARTESIAN_POINT ( 'NONE',  ( -14.21999999999999900, 1.300000000000000000, -14.12000000000000300 ) ) ;
#6363 = VECTOR ( 'NONE', #7327, 1000.000000000000000 ) ;
#6364 = DIRECTION ( 'NONE',  ( -1.000000000000000000, 0.0000000000000000000, -0.0000000000000000000 ) ) ;
#6365 = DIRECTION ( 'NONE',  ( 0.0000000000000000000, -0.0000000000000000000, -1.000000000000000000 ) ) ;
#6366 = EDGE_LOOP ( 'NONE', ( #2306, #6209, #1745, #2877 ) ) ;
#6367 = CARTESIAN_POINT ( 'NONE',  ( 14.47000000000000400, 0.2000000000000000100, -13.81999999999999900 ) ) ;
#6368 = LINE ( 'NONE', #1377, #3072 ) ;
#6369 = CARTESIAN_POINT ( 'NONE',  ( 4.310000000000004900, 1.300000000000000000, -14.12000000000000300 ) ) ;
#6370 = VERTEX_POINT ( 'NONE', #940 ) ;
#6371 = EDGE_CURVE ( 'NONE', #2442, #5318, #5587, .T. ) ;
#6372 = EDGE_LOOP ( 'NONE', ( #209, #2856, #9716, #7233 ) ) ;
#6373 = PLANE ( 'NONE',  #5422 ) ;
#6374 = PLANE ( 'NONE',  #6319 ) ;
#6375 = VECTOR ( 'NONE', #6793, 1000.000000000000000 ) ;
#6376 = EDGE_CURVE ( 'NONE', #800, #2485, #2529, .T. ) ;
#6377 = CARTESIAN_POINT ( 'NONE',  ( -21.08999999999999600, 0.2000000000000000900, 13.82000000000000200 ) ) ;
#6378 = CARTESIAN_POINT ( 'NONE',  ( 23.88000000000000600, 1.300000000000000000, 14.12000000000000300 ) ) ;
#6379 = ORIENTED_EDGE ( 'NONE', *, *, #1717, .T. ) ;
#6380 = ORIENTED_EDGE ( 'NONE', *, *, #4834, .T. ) ;
#6381 = CARTESIAN_POINT ( 'NONE',  ( -19.29999999999999700, 0.2000000000000000100, -13.81999999999999900 ) ) ;
#6382 = VERTEX_POINT ( 'NONE', #9858 ) ;
#6383 = ORIENTED_EDGE ( 'NONE', *, *, #5947, .T. ) ;
#6384 = ORIENTED_EDGE ( 'NONE', *, *, #7800, .T. ) ;
#6385 = LINE ( 'NONE', #4032, #6504 ) ;
#6386 = AXIS2_PLACEMENT_3D ( 'NONE', #3960, #1620, #7896 ) ;
#6387 = PRODUCT_DEFINITION ( 'UNKNOWN', '', #8853, #9339 ) ;
#6388 = FILL_AREA_STYLE ('',( #6413 ) ) ;
#6389 = CARTESIAN_POINT ( 'NONE',  ( -23.62999999999999900, 0.2000000000000000900, 13.82000000000000200 ) ) ;
#6390 = DIRECTION ( 'NONE',  ( 0.0000000000000000000, 0.0000000000000000000, 1.000000000000000000 ) ) ;
#6391 = ORIENTED_EDGE ( 'NONE', *, *, #3792, .T. ) ;
#6392 = CARTESIAN_POINT ( 'NONE',  ( 24.38000000000000600, -8.000000000000000000, 13.82000000000000200 ) ) ;
#6393 = VERTEX_POINT ( 'NONE', #1005 ) ;
#6394 = CARTESIAN_POINT ( 'NONE',  ( 0.0000000000000000000, 1.700000000000000000, 0.0000000000000000000 ) ) ;
#6395 = EDGE_CURVE ( 'NONE', #8085, #3568, #3506, .T. ) ;
#6396 = AXIS2_PLACEMENT_3D ( 'NONE', #4693, #10233, #1631 ) ;
#6397 = ADVANCED_FACE ( 'NONE', ( #9560, #5462 ), #7293, .F. ) ;
#6398 = ORIENTED_EDGE ( 'NONE', *, *, #7512, .T. ) ;
#6399 = PLANE ( 'NONE',  #7806 ) ;
#6400 = CARTESIAN_POINT ( 'NONE',  ( 17.01000000000000500, 1.300000000000000000, -14.12000000000000300 ) ) ;
#6401 = CARTESIAN_POINT ( 'NONE',  ( 16.01000000000000500, 1.000000000000000000, -13.82000000000000200 ) ) ;
#6402 = ORIENTED_EDGE ( 'NONE', *, *, #3173, .F. ) ;
#6403 = ORIENTED_EDGE ( 'NONE', *, *, #9442, .T. ) ;
#6404 = DIRECTION ( 'NONE',  ( 1.000000000000000000, 0.0000000000000000000, 0.0000000000000000000 ) ) ;
#6405 = LINE ( 'NONE', #8821, #4441 ) ;
#6406 = CARTESIAN_POINT ( 'NONE',  ( -17.00999999999999800, 1.000000000000000000, -13.52000000000000300 ) ) ;
#6407 = DIRECTION ( 'NONE',  ( -0.0000000000000000000, -1.000000000000000000, -0.0000000000000000000 ) ) ;
#6408 = EDGE_LOOP ( 'NONE', ( #3580, #10121, #4326, #8261 ) ) ;
#6409 = AXIS2_PLACEMENT_3D ( 'NONE', #6687, #4358, #9910 ) ;
#6410 = LINE ( 'NONE', #2284, #8904 ) ;
#6411 = CARTESIAN_POINT ( 'NONE',  ( -0.7699999999999963500, 1.300000000000000000, -13.52000000000000300 ) ) ;
#6412 = VERTEX_POINT ( 'NONE', #5063 ) ;
#6413 = FILL_AREA_STYLE_COLOUR ( '', #5381 ) ;
#6414 = PLANE ( 'NONE',  #1127 ) ;
#6415 = DIRECTION ( 'NONE',  ( 0.0000000000000000000, -0.0000000000000000000, 1.000000000000000000 ) ) ;
#6416 = ADVANCED_FACE ( 'NONE', ( #154 ), #3488, .F. ) ;
#6417 = EDGE_CURVE ( 'NONE', #4883, #4916, #9679, .T. ) ;
#6418 = VECTOR ( 'NONE', #2855, 1000.000000000000000 ) ;
#6419 = VECTOR ( 'NONE', #3212, 1000.000000000000000 ) ;
#6420 = PLANE ( 'NONE',  #6084 ) ;
#6421 = LINE ( 'NONE', #7680, #7529 ) ;
#6422 =( LENGTH_UNIT ( ) NAMED_UNIT ( * ) SI_UNIT ( .MILLI., .METRE. ) );
#6423 = FILL_AREA_STYLE ('',( #97 ) ) ;
#6424 = VECTOR ( 'NONE', #9475, 1000.000000000000000 ) ;
#6425 = ORIENTED_EDGE ( 'NONE', *, *, #3173, .T. ) ;
#6426 = EDGE_CURVE ( 'NONE', #10132, #5844, #3263, .T. ) ;
#6427 = PRESENTATION_STYLE_ASSIGNMENT (( #4069 ) ) ;
#6428 = PLANE ( 'NONE',  #5439 ) ;
#6429 = LINE ( 'NONE', #8498, #3742 ) ;
#6430 = CARTESIAN_POINT ( 'NONE',  ( 23.63000000000000600, 1.000000000000000000, -13.82000000000000200 ) ) ;
#6431 = EDGE_CURVE ( 'NONE', #2238, #1928, #8181, .T. ) ;
#6432 = VECTOR ( 'NONE', #5957, 1000.000000000000000 ) ;
#6433 = DIRECTION ( 'NONE',  ( 0.0000000000000000000, -0.0000000000000000000, 1.000000000000000000 ) ) ;
#6434 = UNCERTAINTY_MEASURE_WITH_UNIT (LENGTH_MEASURE( 1.000000000000000100E-005 ), #920, 'distance_accuracy_value', 'NONE');
#6435 = DIRECTION ( 'NONE',  ( -0.0000000000000000000, -1.000000000000000000, -0.0000000000000000000 ) ) ;
#6436 = LINE ( 'NONE', #3429, #2285 ) ;
#6437 = FACE_OUTER_BOUND ( 'NONE', #2736, .T. ) ;
#6438 = VERTEX_POINT ( 'NONE', #6638 ) ;
#6439 = LINE ( 'NONE', #2798, #2288 ) ;
#6440 = PLANE ( 'NONE',  #4784 ) ;
#6441 = LINE ( 'NONE', #8082, #2668 ) ;
#6442 = AXIS2_PLACEMENT_3D ( 'NONE', #8436, #10144, #646 ) ;
#6443 = CARTESIAN_POINT ( 'NONE',  ( -3.309999999999996900, 1.300000000000000000, -13.52000000000000300 ) ) ;
#6444 = VECTOR ( 'NONE', #8070, 1000.000000000000000 ) ;
#6445 = ADVANCED_FACE ( 'NONE', ( #1784 ), #4964, .F. ) ;
#6446 = VECTOR ( 'NONE', #5524, 1000.000000000000000 ) ;
#6447 = ORIENTED_EDGE ( 'NONE', *, *, #3780, .F. ) ;
#6448 = VECTOR ( 'NONE', #126, 1000.000000000000000 ) ;
#6449 = VECTOR ( 'NONE', #8733, 1000.000000000000000 ) ;
#6450 = DIRECTION ( 'NONE',  ( 0.0000000000000000000, 0.0000000000000000000, -1.000000000000000000 ) ) ;
#6451 = ORIENTED_EDGE ( 'NONE', *, *, #5202, .F. ) ;
#6452 = CARTESIAN_POINT ( 'NONE',  ( -21.08999999999999600, 1.000000000000000000, 13.52000000000000300 ) ) ;
#6453 = DIRECTION ( 'NONE',  ( 0.0000000000000000000, -1.000000000000000000, 0.0000000000000000000 ) ) ;
#6454 = CARTESIAN_POINT ( 'NONE',  ( 22.09000000000000700, 1.300000000000000000, -14.12000000000000300 ) ) ;
#6455 = ORIENTED_EDGE ( 'NONE', *, *, #6094, .T. ) ;
#6456 = DIRECTION ( 'NONE',  ( 0.0000000000000000000, 0.0000000000000000000, -1.000000000000000000 ) ) ;
#6457 = EDGE_LOOP ( 'NONE', ( #2365, #8105, #9757, #7123 ) ) ;
#6458 = EDGE_CURVE ( 'NONE', #863, #4796, #1657, .T. ) ;
#6459 = VERTEX_POINT ( 'NONE', #8932 ) ;
#6460 = ORIENTED_EDGE ( 'NONE', *, *, #4418, .T. ) ;
#6461 = LINE ( 'NONE', #1640, #3775 ) ;
#6462 = VECTOR ( 'NONE', #1593, 1000.000000000000000 ) ;
#6463 = ORIENTED_EDGE ( 'NONE', *, *, #2110, .F. ) ;
#6464 = CARTESIAN_POINT ( 'NONE',  ( 14.22000000000000400, 1.300000000000000000, -13.52000000000000300 ) ) ;
#6465 = LINE ( 'NONE', #5852, #2315 ) ;
#6466 = CARTESIAN_POINT ( 'NONE',  ( -27.00000000000000400, 0.2000000000000000100, -7.320000000000002100 ) ) ;
#6467 = VECTOR ( 'NONE', #6590, 1000.000000000000000 ) ;
#6468 = ORIENTED_EDGE ( 'NONE', *, *, #6840, .F. ) ;
#6469 = DIRECTION ( 'NONE',  ( -1.000000000000000000, 0.0000000000000000000, -0.0000000000000000000 ) ) ;
#6470 = ORIENTED_EDGE ( 'NONE', *, *, #1665, .T. ) ;
#6471 = VERTEX_POINT ( 'NONE', #6505 ) ;
#6472 = EDGE_CURVE ( 'NONE', #7240, #9593, #4235, .T. ) ;
#6473 = ORIENTED_EDGE ( 'NONE', *, *, #2314, .F. ) ;
#6474 = PLANE ( 'NONE',  #3642 ) ;
#6475 = ADVANCED_FACE ( 'NONE', ( #6320 ), #303, .T. ) ;
#6476 = AXIS2_PLACEMENT_3D ( 'NONE', #7599, #6877, #5282 ) ;
#6477 = DIRECTION ( 'NONE',  ( 0.0000000000000000000, -0.0000000000000000000, 1.000000000000000000 ) ) ;
#6478 = LINE ( 'NONE', #9900, #5861 ) ;
#6479 = ORIENTED_EDGE ( 'NONE', *, *, #6210, .F. ) ;
#6480 = CARTESIAN_POINT ( 'NONE',  ( -9.389999999999998800, 1.000000000000000000, -13.82000000000000200 ) ) ;
#6481 = ORIENTED_EDGE ( 'NONE', *, *, #9605, .T. ) ;
#6482 = DIRECTION ( 'NONE',  ( -0.0000000000000000000, -1.000000000000000000, -0.0000000000000000000 ) ) ;
#6483 = FACE_OUTER_BOUND ( 'NONE', #1193, .T. ) ;
#6484 = CARTESIAN_POINT ( 'NONE',  ( 18.80000000000000400, -8.000000000000000000, -14.12000000000000300 ) ) ;
#6485 = EDGE_CURVE ( 'NONE', #4506, #10228, #6093, .T. ) ;
#6486 = AXIS2_PLACEMENT_3D ( 'NONE', #3307, #8026, #5557 ) ;
#6487 = PLANE ( 'NONE',  #984 ) ;
#6488 = VERTEX_POINT ( 'NONE', #5004 ) ;
#6489 = PLANE ( 'NONE',  #6230 ) ;
#6490 = VERTEX_POINT ( 'NONE', #1815 ) ;
#6491 = CARTESIAN_POINT ( 'NONE',  ( 23.63000000000000600, 1.300000000000000000, -13.52000000000000300 ) ) ;
#6492 = CARTESIAN_POINT ( 'NONE',  ( 24.38000000000000600, -8.000000000000000000, -14.12000000000000300 ) ) ;
#6493 = DIRECTION ( 'NONE',  ( -0.0000000000000000000, 0.0000000000000000000, 1.000000000000000000 ) ) ;
#6494 = ORIENTED_EDGE ( 'NONE', *, *, #3390, .F. ) ;
#6495 = LINE ( 'NONE', #1769, #3441 ) ;
#6496 = ORIENTED_EDGE ( 'NONE', *, *, #4443, .F. ) ;
#6497 = DIRECTION ( 'NONE',  ( 1.000000000000000000, 0.0000000000000000000, 0.0000000000000000000 ) ) ;
#6498 = ORIENTED_EDGE ( 'NONE', *, *, #9226, .T. ) ;
#6499 = VERTEX_POINT ( 'NONE', #1114 ) ;
#6500 = EDGE_CURVE ( 'NONE', #4152, #8956, #9937, .T. ) ;
#6501 =( NAMED_UNIT ( * ) PLANE_ANGLE_UNIT ( ) SI_UNIT ( $, .RADIAN. ) );
#6502 = DIRECTION ( 'NONE',  ( -0.0000000000000000000, -0.0000000000000000000, -1.000000000000000000 ) ) ;
#6503 = ADVANCED_FACE ( 'NONE', ( #6437 ), #8129, .F. ) ;
#6504 = VECTOR ( 'NONE', #3211, 1000.000000000000000 ) ;
#6505 = CARTESIAN_POINT ( 'NONE',  ( 22.09000000000000700, 0.2000000000000000900, 13.82000000000000200 ) ) ;
#6506 = EDGE_CURVE ( 'NONE', #1597, #6984, #2155, .T. ) ;
#6507 = PRESENTATION_LAYER_ASSIGNMENT (  '', '', ( #5406 ) ) ;
#6508 = ORIENTED_EDGE ( 'NONE', *, *, #6949, .F. ) ;
#6509 = AXIS2_PLACEMENT_3D ( 'NONE', #1529, #5480, #830 ) ;
#6510 = EDGE_LOOP ( 'NONE', ( #2117, #3172, #9962, #948 ) ) ;
#6511 = EDGE_CURVE ( 'NONE', #5564, #1097, #7678, .T. ) ;
#6512 = ORIENTED_EDGE ( 'NONE', *, *, #9515, .F. ) ;
#6513 = CARTESIAN_POINT ( 'NONE',  ( -25.50000000000000700, 1.700000000000000000, -5.319999999999996700 ) ) ;
#6514 = EDGE_CURVE ( 'NONE', #5273, #8946, #1908, .T. ) ;
#6515 = ORIENTED_EDGE ( 'NONE', *, *, #229, .F. ) ;
#6516 = ORIENTED_EDGE ( 'NONE', *, *, #5880, .T. ) ;
#6517 = DIRECTION ( 'NONE',  ( 0.0000000000000000000, -0.0000000000000000000, 1.000000000000000000 ) ) ;
#6518 = CARTESIAN_POINT ( 'NONE',  ( -10.92999999999999600, 1.300000000000000000, -14.12000000000000300 ) ) ;
#6519 = PLANE ( 'NONE',  #4433 ) ;
#6520 = ADVANCED_FACE ( 'NONE', ( #3996 ), #1260, .T. ) ;
#6521 = DIRECTION ( 'NONE',  ( 0.0000000000000000000, 1.000000000000000000, 0.0000000000000000000 ) ) ;
#6522 = ORIENTED_EDGE ( 'NONE', *, *, #4202, .F. ) ;
#6523 = DIRECTION ( 'NONE',  ( 0.0000000000000000000, 0.0000000000000000000, -1.000000000000000000 ) ) ;
#6524 = ORIENTED_EDGE ( 'NONE', *, *, #5492, .T. ) ;
#6525 = EDGE_CURVE ( 'NONE', #623, #6393, #9811, .T. ) ;
#6526 = DIRECTION ( 'NONE',  ( 1.000000000000000000, 0.0000000000000000000, 0.0000000000000000000 ) ) ;
#6527 = PLANE ( 'NONE',  #2140 ) ;
#6528 = EDGE_CURVE ( 'NONE', #6438, #5135, #10062, .T. ) ;
#6529 = PLANE ( 'NONE',  #8636 ) ;
#6530 = DIRECTION ( 'NONE',  ( 0.0000000000000000000, 0.0000000000000000000, -1.000000000000000000 ) ) ;
#6531 = CARTESIAN_POINT ( 'NONE',  ( 11.93000000000000300, 0.2000000000000000100, -13.81999999999999900 ) ) ;
#6532 = ORIENTED_EDGE ( 'NONE', *, *, #7854, .T. ) ;
#6533 = DIRECTION ( 'NONE',  ( -0.0000000000000000000, 0.0000000000000000000, 1.000000000000000000 ) ) ;
#6534 = LINE ( 'NONE', #2463, #8022 ) ;
#6535 = CARTESIAN_POINT ( 'NONE',  ( -21.33999999999999600, 0.2000000000000000900, -14.12000000000000300 ) ) ;
#6536 = AXIS2_PLACEMENT_3D ( 'NONE', #7399, #7478, #1161 ) ;
#6537 = VECTOR ( 'NONE', #3109, 1000.000000000000000 ) ;
#6538 = ORIENTED_EDGE ( 'NONE', *, *, #5787, .T. ) ;
#6539 = DIRECTION ( 'NONE',  ( 0.0000000000000000000, -0.0000000000000000000, 1.000000000000000000 ) ) ;
#6540 = AXIS2_PLACEMENT_3D ( 'NONE', #3624, #8414, #9896 ) ;
#6541 = LINE ( 'NONE', #2127, #3976 ) ;
#6542 = PLANE ( 'NONE',  #3961 ) ;
#6543 = ADVANCED_FACE ( 'NONE', ( #1414 ), #8357, .T. ) ;
#6544 = ORIENTED_EDGE ( 'NONE', *, *, #1405, .F. ) ;
#6545 = VECTOR ( 'NONE', #5949, 1000.000000000000000 ) ;
#6546 = DIRECTION ( 'NONE',  ( -0.0000000000000000000, 1.000000000000000000, 0.0000000000000000000 ) ) ;
#6547 = LINE ( 'NONE', #1004, #1523 ) ;
#6548 = DIRECTION ( 'NONE',  ( -0.0000000000000000000, 0.0000000000000000000, 1.000000000000000000 ) ) ;
#6549 = CARTESIAN_POINT ( 'NONE',  ( -0.7699999999999963500, 1.000000000000000000, -13.82000000000000200 ) ) ;
#6550 = EDGE_CURVE ( 'NONE', #3503, #8690, #9297, .T. ) ;
#6551 = COLOUR_RGB ( '',0.7921568627450980000, 0.8196078431372548800, 0.9333333333333333500 ) ;
#6552 = CARTESIAN_POINT ( 'NONE',  ( -24.37999999999999900, -8.000000000000000000, -14.12000000000000300 ) ) ;
#6553 = EDGE_CURVE ( 'NONE', #4906, #3786, #907, .T. ) ;
#6554 = FACE_OUTER_BOUND ( 'NONE', #9772, .T. ) ;
#6555 = DIRECTION ( 'NONE',  ( -0.0000000000000000000, -1.000000000000000000, -0.0000000000000000000 ) ) ;
#6556 = EDGE_CURVE ( 'NONE', #2071, #1520, #5706, .T. ) ;
#6557 = DIRECTION ( 'NONE',  ( 1.000000000000000000, -0.0000000000000000000, 0.0000000000000000000 ) ) ;
#6558 = LINE ( 'NONE', #5934, #2151 ) ;
#6559 = AXIS2_PLACEMENT_3D ( 'NONE', #3120, #8590, #7015 ) ;
#6560 = CARTESIAN_POINT ( 'NONE',  ( -13.46999999999999700, 1.000000000000000000, -13.82000000000000200 ) ) ;
#6561 = FACE_OUTER_BOUND ( 'NONE', #3368, .T. ) ;
#6562 = DIRECTION ( 'NONE',  ( 0.0000000000000000000, 0.0000000000000000000, -1.000000000000000000 ) ) ;
#6563 = EDGE_CURVE ( 'NONE', #6299, #3657, #8806, .T. ) ;
#6564 = CARTESIAN_POINT ( 'NONE',  ( -5.849999999999997900, 1.000000000000000000, -13.82000000000000200 ) ) ;
#6565 = VECTOR ( 'NONE', #3900, 1000.000000000000000 ) ;
#6566 = LINE ( 'NONE', #2126, #5966 ) ;
#6567 = ORIENTED_EDGE ( 'NONE', *, *, #663, .F. ) ;
#6568 = CARTESIAN_POINT ( 'NONE',  ( -24.37999999999999900, -8.000000000000000000, -13.82000000000000200 ) ) ;
#6569 = ADVANCED_FACE ( 'NONE', ( #2789 ), #2829, .F. ) ;
#6570 = EDGE_CURVE ( 'NONE', #604, #807, #4604, .T. ) ;
#6571 = VECTOR ( 'NONE', #6521, 1000.000000000000000 ) ;
#6572 = CARTESIAN_POINT ( 'NONE',  ( -8.639999999999998800, 1.000000000000000000, -13.52000000000000300 ) ) ;
#6573 = VERTEX_POINT ( 'NONE', #4409 ) ;
#6574 = VERTEX_POINT ( 'NONE', #3562 ) ;
#6575 = CARTESIAN_POINT ( 'NONE',  ( 23.88000000000000600, 0.2000000000000000100, -14.12000000000000100 ) ) ;
#6576 = EDGE_LOOP ( 'NONE', ( #2557, #2019, #1971, #9878 ) ) ;
#6577 = VERTEX_POINT ( 'NONE', #5924 ) ;
#6578 = EDGE_LOOP ( 'NONE', ( #8478, #4457, #4633, #6945 ) ) ;
#6579 = VECTOR ( 'NONE', #3496, 1000.000000000000000 ) ;
#6580 = AXIS2_PLACEMENT_3D ( 'NONE', #7374, #6546, #4884 ) ;
#6581 = VECTOR ( 'NONE', #5689, 1000.000000000000000 ) ;
#6582 = ORIENTED_EDGE ( 'NONE', *, *, #588, .T. ) ;
#6583 = CARTESIAN_POINT ( 'NONE',  ( -25.50000000000000700, 1.700000000000000000, -5.319999999999996700 ) ) ;
#6584 = AXIS2_PLACEMENT_3D ( 'NONE', #9484, #812, #3921 ) ;
#6585 = CARTESIAN_POINT ( 'NONE',  ( -16.00999999999999800, 1.000000000000000000, -13.82000000000000200 ) ) ;
#6586 = DIRECTION ( 'NONE',  ( 0.0000000000000000000, -0.0000000000000000000, 1.000000000000000000 ) ) ;
#6587 = LINE ( 'NONE', #9005, #689 ) ;
#6588 = EDGE_LOOP ( 'NONE', ( #178, #4239, #549, #929 ) ) ;
#6589 = VERTEX_POINT ( 'NONE', #448 ) ;
#6590 = DIRECTION ( 'NONE',  ( 0.0000000000000000000, -1.000000000000000000, 4.336808689942017700E-015 ) ) ;
#6591 = ORIENTED_EDGE ( 'NONE', *, *, #4509, .T. ) ;
#6592 = ORIENTED_EDGE ( 'NONE', *, *, #5918, .F. ) ;
#6593 = ORIENTED_EDGE ( 'NONE', *, *, #6371, .T. ) ;
#6594 = CARTESIAN_POINT ( 'NONE',  ( -11.17999999999999800, 1.300000000000000000, -14.12000000000000300 ) ) ;
#6595 = LINE ( 'NONE', #3364, #1805 ) ;
#6596 = LINE ( 'NONE', #4297, #7448 ) ;
#6597 = PLANE ( 'NONE',  #9538 ) ;
#6598 = DIRECTION ( 'NONE',  ( 0.0000000000000000000, 0.0000000000000000000, -1.000000000000000000 ) ) ;
#6599 = LINE ( 'NONE', #2199, #5743 ) ;
#6600 = EDGE_CURVE ( 'NONE', #824, #4666, #7425, .T. ) ;
#6601 = FACE_OUTER_BOUND ( 'NONE', #566, .T. ) ;
#6602 = ORIENTED_EDGE ( 'NONE', *, *, #7101, .F. ) ;
#6603 = DIRECTION ( 'NONE',  ( 0.0000000000000000000, -0.0000000000000000000, 1.000000000000000000 ) ) ;
#6604 = ORIENTED_EDGE ( 'NONE', *, *, #5837, .T. ) ;
#6605 = LINE ( 'NONE', #147, #7717 ) ;
#6606 = DIRECTION ( 'NONE',  ( 0.0000000000000000000, 0.0000000000000000000, -1.000000000000000000 ) ) ;
#6607 = ADVANCED_FACE ( 'NONE', ( #6683 ), #9109, .F. ) ;
#6608 = DIRECTION ( 'NONE',  ( 0.0000000000000000000, 0.0000000000000000000, -1.000000000000000000 ) ) ;
#6609 = CARTESIAN_POINT ( 'NONE',  ( -21.33999999999999600, -8.000000000000000000, -13.82000000000000200 ) ) ;
#6610 = VECTOR ( 'NONE', #5903, 1000.000000000000000 ) ;
#6611 = ORIENTED_EDGE ( 'NONE', *, *, #2112, .T. ) ;
#6612 = EDGE_CURVE ( 'NONE', #787, #2919, #3140, .T. ) ;
#6613 = ORIENTED_EDGE ( 'NONE', *, *, #88, .T. ) ;
#6614 = VECTOR ( 'NONE', #5446, 1000.000000000000000 ) ;
#6615 = PLANE ( 'NONE',  #7150 ) ;
#6616 = VERTEX_POINT ( 'NONE', #1364 ) ;
#6617 = VECTOR ( 'NONE', #4597, 1000.000000000000000 ) ;
#6618 = EDGE_LOOP ( 'NONE', ( #5668, #6782, #6013, #1061, #7735, #5848, #6136, #4448 ) ) ;
#6619 = ORIENTED_EDGE ( 'NONE', *, *, #738, .F. ) ;
#6620 = CARTESIAN_POINT ( 'NONE',  ( -6.099999999999997900, -8.000000000000000000, -14.12000000000000300 ) ) ;
#6621 = CARTESIAN_POINT ( 'NONE',  ( -3.000000000000017300, 1.000000000000000000, -9.650000000000000400 ) ) ;
#6622 = EDGE_CURVE ( 'NONE', #6219, #4259, #1291, .T. ) ;
#6623 = CARTESIAN_POINT ( 'NONE',  ( 17.01000000000000500, 0.2000000000000000100, -13.81999999999999900 ) ) ;
#6624 = CLOSED_SHELL ( 'NONE', ( #435, #99, #6800, #1581, #5702, #3372, #9587, #7195, #5498, #7452, #2322, #1486 ) ) ;
#6625 = CARTESIAN_POINT ( 'NONE',  ( 19.30000000000000400, -8.000000000000000000, -14.12000000000000300 ) ) ;
#6626 = AXIS2_PLACEMENT_3D ( 'NONE', #2333, #10183, #2293 ) ;
#6628 = CLOSED_SHELL ( 'NONE', ( #3329, #377, #8048, #2954, #1306, #5397, #3696, #9751, #2478, #5914, #2525, #9486 ) ) ;
#6627 = DIRECTION ( 'NONE',  ( 1.000000000000000000, 0.0000000000000000000, 0.0000000000000000000 ) ) ;
#6629 = ADVANCED_FACE ( 'NONE', ( #3383 ), #7772, .F. ) ;
#6630 = UNCERTAINTY_MEASURE_WITH_UNIT (LENGTH_MEASURE( 1.000000000000000100E-005 ), #9827, 'distance_accuracy_value', 'NONE');
#6631 = DIRECTION ( 'NONE',  ( -0.0000000000000000000, -0.0000000000000000000, -1.000000000000000000 ) ) ;
#6632 = EDGE_LOOP ( 'NONE', ( #7985, #8575, #5974, #2091 ) ) ;
#6633 = EDGE_CURVE ( 'NONE', #3022, #5975, #8505, .T. ) ;
#6634 = EDGE_CURVE ( 'NONE', #6133, #863, #1976, .T. ) ;
#6635 = DIRECTION ( 'NONE',  ( 0.0000000000000000000, 0.0000000000000000000, -1.000000000000000000 ) ) ;
#6636 = DIRECTION ( 'NONE',  ( 0.0000000000000000000, 0.0000000000000000000, -1.000000000000000000 ) ) ;
#6637 = ORIENTED_EDGE ( 'NONE', *, *, #4127, .T. ) ;
#6638 = CARTESIAN_POINT ( 'NONE',  ( -9.139999999999998800, 0.2000000000000000100, -13.81999999999999900 ) ) ;
#6639 = CARTESIAN_POINT ( 'NONE',  ( -11.67999999999999800, -8.000000000000000000, -14.12000000000000300 ) ) ;
#6640 = EDGE_CURVE ( 'NONE', #6589, #7459, #4179, .T. ) ;
#6641 = AXIS2_PLACEMENT_3D ( 'NONE', #3338, #2697, #1956 ) ;
#6642 = ORIENTED_EDGE ( 'NONE', *, *, #488, .F. ) ;
#6643 = CARTESIAN_POINT ( 'NONE',  ( 21.09000000000000300, 0.2000000000000000900, 14.12000000000000100 ) ) ;
#6644 = PLANE ( 'NONE',  #9864 ) ;
#6645 = DIRECTION ( 'NONE',  ( -1.000000000000000000, -0.0000000000000000000, -0.0000000000000000000 ) ) ;
#6646 = PLANE ( 'NONE',  #811 ) ;
#6647 = DIRECTION ( 'NONE',  ( 0.0000000000000000000, -0.0000000000000000000, 1.000000000000000000 ) ) ;
#6648 = DIRECTION ( 'NONE',  ( -0.0000000000000000000, -0.0000000000000000000, -1.000000000000000000 ) ) ;
#6650 = ADVANCED_FACE ( 'NONE', ( #848 ), #6063, .T. ) ;
#6649 = EDGE_LOOP ( 'NONE', ( #5034, #7831, #2709, #5858, #1641, #933 ) ) ;
#6651 = VECTOR ( 'NONE', #1174, 1000.000000000000000 ) ;
#6652 = DIRECTION ( 'NONE',  ( 1.000000000000000000, 0.0000000000000000000, 0.0000000000000000000 ) ) ;
#6653 = EDGE_LOOP ( 'NONE', ( #9579, #2934, #8596, #4622, #33, #2765, #4872, #442 ) ) ;
#6654 = CARTESIAN_POINT ( 'NONE',  ( 3.310000000000004100, 0.0000000000000000000, 0.0000000000000000000 ) ) ;
#6655 = DIRECTION ( 'NONE',  ( 0.0000000000000000000, -0.0000000000000000000, 1.000000000000000000 ) ) ;
#6656 = CARTESIAN_POINT ( 'NONE',  ( 18.55000000000000400, 0.2000000000000000100, -13.81999999999999900 ) ) ;
#6657 = CARTESIAN_POINT ( 'NONE',  ( 17.01000000000000500, 0.0000000000000000000, 0.0000000000000000000 ) ) ;
#6658 = VECTOR ( 'NONE', #185, 1000.000000000000000 ) ;
#6659 = ORIENTED_EDGE ( 'NONE', *, *, #5516, .T. ) ;
#6660 = EDGE_CURVE ( 'NONE', #9157, #9337, #3090, .T. ) ;
#6661 = CARTESIAN_POINT ( 'NONE',  ( -0.7699999999999963500, 0.2000000000000000100, -14.12000000000000100 ) ) ;
#6662 = CARTESIAN_POINT ( 'NONE',  ( 21.84000000000000700, 0.2000000000000000900, 0.0000000000000000000 ) ) ;
#6663 = CARTESIAN_POINT ( 'NONE',  ( 19.55000000000000400, 0.2000000000000000100, -14.12000000000000100 ) ) ;
#6664 = DIRECTION ( 'NONE',  ( 0.0000000000000000000, 0.0000000000000000000, -1.000000000000000000 ) ) ;
#6665 = LINE ( 'NONE', #4710, #7660 ) ;
#6666 = CARTESIAN_POINT ( 'NONE',  ( -17.00999999999999800, 1.300000000000000000, -13.52000000000000300 ) ) ;
#6667 = LINE ( 'NONE', #9240, #128 ) ;
#6668 = ADVANCED_FACE ( 'NONE', ( #2474 ), #9248, .F. ) ;
#6669 = LINE ( 'NONE', #8206, #10040 ) ;
#6670 = CARTESIAN_POINT ( 'NONE',  ( -3.309999999999996900, 0.2000000000000000100, -14.12000000000000100 ) ) ;
#6671 = CARTESIAN_POINT ( 'NONE',  ( -5.849999999999997900, 1.000000000000000000, -13.52000000000000300 ) ) ;
#6672 = FACE_OUTER_BOUND ( 'NONE', #9988, .T. ) ;
#6673 = CARTESIAN_POINT ( 'NONE',  ( 14.22000000000000400, 0.2000000000000000900, -14.12000000000000300 ) ) ;
#6674 = ORIENTED_EDGE ( 'NONE', *, *, #4937, .F. ) ;
#6675 = LINE ( 'NONE', #3903, #7411 ) ;
#6676 = CARTESIAN_POINT ( 'NONE',  ( -10.92999999999999600, 0.2000000000000000100, -13.81999999999999900 ) ) ;
#6677 = LINE ( 'NONE', #3433, #6199 ) ;
#6678 = MECHANICAL_DESIGN_GEOMETRIC_PRESENTATION_REPRESENTATION (  '', ( #4790 ), #8299 ) ;
#6679 = PLANE ( 'NONE',  #2935 ) ;
#6680 = CARTESIAN_POINT ( 'NONE',  ( -13.71999999999999700, 0.0000000000000000000, 0.0000000000000000000 ) ) ;
#6681 = FACE_OUTER_BOUND ( 'NONE', #5942, .T. ) ;
#6682 = VECTOR ( 'NONE', #1189, 1000.000000000000000 ) ;
#6683 = FACE_OUTER_BOUND ( 'NONE', #317, .T. ) ;
#6684 = CARTESIAN_POINT ( 'NONE',  ( 4.060000000000004900, -8.000000000000000000, -14.12000000000000300 ) ) ;
#6685 = ORIENTED_EDGE ( 'NONE', *, *, #8896, .F. ) ;
#6686 = VECTOR ( 'NONE', #9358, 1000.000000000000000 ) ;
#6687 = CARTESIAN_POINT ( 'NONE',  ( -8.639999999999998800, 1.300000000000000000, -13.52000000000000300 ) ) ;
#6688 = FILL_AREA_STYLE_COLOUR ( '', #2005 ) ;
#6689 = CARTESIAN_POINT ( 'NONE',  ( 23.63000000000000600, 1.300000000000000000, -14.12000000000000300 ) ) ;
#6690 = VECTOR ( 'NONE', #2269, 1000.000000000000000 ) ;
#6691 = VECTOR ( 'NONE', #3839, 1000.000000000000000 ) ;
#6692 = ORIENTED_EDGE ( 'NONE', *, *, #4824, .F. ) ;
#6693 = VECTOR ( 'NONE', #1806, 1000.000000000000000 ) ;
#6694 = VECTOR ( 'NONE', #2205, 1000.000000000000000 ) ;
#6695 = ORIENTED_EDGE ( 'NONE', *, *, #5947, .F. ) ;
#6696 = EDGE_CURVE ( 'NONE', #10168, #5116, #3209, .T. ) ;
#6697 = CARTESIAN_POINT ( 'NONE',  ( -23.87999999999999900, 1.000000000000000000, 13.52000000000000300 ) ) ;
#6698 = FACE_OUTER_BOUND ( 'NONE', #4534, .T. ) ;
#6699 = ADVANCED_FACE ( 'NONE', ( #610 ), #7666, .F. ) ;
#6700 = ORIENTED_EDGE ( 'NONE', *, *, #4524, .F. ) ;
#6701 = ORIENTED_EDGE ( 'NONE', *, *, #3332, .T. ) ;
#6702 = CARTESIAN_POINT ( 'NONE',  ( -8.389999999999998800, 0.2000000000000000100, -13.81999999999999900 ) ) ;
#6703 = EDGE_CURVE ( 'NONE', #5979, #5756, #4059, .T. ) ;
#6704 = CARTESIAN_POINT ( 'NONE',  ( 16.76000000000000500, 1.300000000000000000, -14.12000000000000300 ) ) ;
#6705 = ORIENTED_EDGE ( 'NONE', *, *, #4460, .F. ) ;
#6706 = VERTEX_POINT ( 'NONE', #2963 ) ;
#6707 = ORIENTED_EDGE ( 'NONE', *, *, #766, .F. ) ;
#6708 = LINE ( 'NONE', #5324, #4875 ) ;
#6709 = ORIENTED_EDGE ( 'NONE', *, *, #8088, .T. ) ;
#6710 = PLANE ( 'NONE',  #9733 ) ;
#6711 = FACE_OUTER_BOUND ( 'NONE', #107, .T. ) ;
#6712 = FILL_AREA_STYLE ('',( #5185 ) ) ;
#6713 = CARTESIAN_POINT ( 'NONE',  ( -18.79999999999999700, 1.300000000000000000, -14.12000000000000300 ) ) ;
#6714 = VECTOR ( 'NONE', #5910, 1000.000000000000000 ) ;
#6715 = VERTEX_POINT ( 'NONE', #2994 ) ;
#6716 = ORIENTED_EDGE ( 'NONE', *, *, #1255, .T. ) ;
#6717 = ORIENTED_EDGE ( 'NONE', *, *, #6514, .T. ) ;
#6718 = DIRECTION ( 'NONE',  ( -1.000000000000000000, -0.0000000000000000000, -0.0000000000000000000 ) ) ;
#6719 = DIRECTION ( 'NONE',  ( 0.0000000000000000000, 0.0000000000000000000, 1.000000000000000000 ) ) ;
#6720 = ORIENTED_EDGE ( 'NONE', *, *, #4330, .F. ) ;
#6721 =( GEOMETRIC_REPRESENTATION_CONTEXT ( 3 ) GLOBAL_UNCERTAINTY_ASSIGNED_CONTEXT ( ( #6809 ) ) GLOBAL_UNIT_ASSIGNED_CONTEXT ( ( #537, #5231, #502 ) ) REPRESENTATION_CONTEXT ( 'NONE', 'WORKASPACE' ) );
#6722 = VECTOR ( 'NONE', #8671, 1000.000000000000000 ) ;
#6723 = DIRECTION ( 'NONE',  ( -0.0000000000000000000, -1.000000000000000000, -0.0000000000000000000 ) ) ;
#6724 = VECTOR ( 'NONE', #1881, 1000.000000000000000 ) ;
#6725 = DIRECTION ( 'NONE',  ( -1.000000000000000000, -0.0000000000000000000, -0.0000000000000000000 ) ) ;
#6726 = ORIENTED_EDGE ( 'NONE', *, *, #1712, .F. ) ;
#6727 = DIRECTION ( 'NONE',  ( 0.0000000000000000000, 1.000000000000000000, -1.577021341797097600E-015 ) ) ;
#6728 = DIRECTION ( 'NONE',  ( -1.000000000000000000, -0.0000000000000000000, -0.0000000000000000000 ) ) ;
#6729 = CARTESIAN_POINT ( 'NONE',  ( -3.559999999999997400, -8.000000000000000000, -14.12000000000000300 ) ) ;
#6730 = ADVANCED_FACE ( 'NONE', ( #4558 ), #2260, .F. ) ;
#6731 = EDGE_CURVE ( 'NONE', #4088, #5159, #7492, .T. ) ;
#6732 = ORIENTED_EDGE ( 'NONE', *, *, #5534, .F. ) ;
#6733 = LINE ( 'NONE', #2115, #2569 ) ;
#6734 = DIRECTION ( 'NONE',  ( -1.000000000000000000, -0.0000000000000000000, -0.0000000000000000000 ) ) ;
#6735 = EDGE_CURVE ( 'NONE', #3899, #2480, #7989, .T. ) ;
#6736 = AXIS2_PLACEMENT_3D ( 'NONE', #3084, #1552, #5436 ) ;
#6737 = ORIENTED_EDGE ( 'NONE', *, *, #5577, .T. ) ;
#6738 = EDGE_LOOP ( 'NONE', ( #5789, #7609, #8098, #9186, #5874, #3801 ) ) ;
#6739 = DIRECTION ( 'NONE',  ( 0.0000000000000000000, 0.0000000000000000000, 1.000000000000000000 ) ) ;
#6740 = EDGE_LOOP ( 'NONE', ( #5390, #8163, #36, #8762, #10256, #6692, #9769, #3449 ) ) ;
#6741 = ORIENTED_EDGE ( 'NONE', *, *, #10242, .F. ) ;
#6742 = PLANE ( 'NONE',  #8057 ) ;
#6743 = COLOUR_RGB ( '',0.7921568627450980000, 0.8196078431372548800, 0.9333333333333333500 ) ;
#6744 = DIRECTION ( 'NONE',  ( -0.0000000000000000000, -0.0000000000000000000, -1.000000000000000000 ) ) ;
#6745 = DIRECTION ( 'NONE',  ( 0.0000000000000000000, -0.0000000000000000000, 1.000000000000000000 ) ) ;
#6746 = ORIENTED_EDGE ( 'NONE', *, *, #1255, .F. ) ;
#6747 = ORIENTED_EDGE ( 'NONE', *, *, #7032, .T. ) ;
#6748 = ORIENTED_EDGE ( 'NONE', *, *, #4929, .F. ) ;
#6749 = ORIENTED_EDGE ( 'NONE', *, *, #8095, .T. ) ;
#6750 = CARTESIAN_POINT ( 'NONE',  ( 11.68000000000000300, -8.000000000000000000, -14.12000000000000300 ) ) ;
#6751 = LINE ( 'NONE', #4683, #4919 ) ;
#6752 = DIRECTION ( 'NONE',  ( -0.0000000000000000000, -0.0000000000000000000, 1.000000000000000000 ) ) ;
#6753 = CARTESIAN_POINT ( 'NONE',  ( 21.34000000000000300, 0.2000000000000000100, -14.12000000000000100 ) ) ;
#6754 = CARTESIAN_POINT ( 'NONE',  ( 6.600000000000001400, 1.000000000000000000, -13.52000000000000300 ) ) ;
#6755 = CARTESIAN_POINT ( 'NONE',  ( 9.140000000000002300, -8.000000000000000000, -13.82000000000000200 ) ) ;
#6756 = VERTEX_POINT ( 'NONE', #6942 ) ;
#6757 = EDGE_CURVE ( 'NONE', #2426, #1437, #9888, .T. ) ;
#6758 = ADVANCED_FACE ( 'NONE', ( #975 ), #7746, .F. ) ;
#6759 = MANIFOLD_SOLID_BREP ( 'LPattern1[18]', #7272 ) ;
#6760 = EDGE_LOOP ( 'NONE', ( #2966, #2864, #6716, #5363, #6120, #4905 ) ) ;
#6761 = CARTESIAN_POINT ( 'NONE',  ( 16.26000000000000500, -8.000000000000000000, -14.12000000000000300 ) ) ;
#6762 = EDGE_CURVE ( 'NONE', #3803, #3294, #1731, .T. ) ;
#6763 = ORIENTED_EDGE ( 'NONE', *, *, #4452, .F. ) ;
#6764 = VECTOR ( 'NONE', #8407, 1000.000000000000000 ) ;
#6765 = ORIENTED_EDGE ( 'NONE', *, *, #3296, .F. ) ;
#6766 = EDGE_CURVE ( 'NONE', #2987, #5512, #6385, .T. ) ;
#6767 = ORIENTED_EDGE ( 'NONE', *, *, #8281, .F. ) ;
#6768 = EDGE_CURVE ( 'NONE', #4377, #800, #2853, .T. ) ;
#6769 = CARTESIAN_POINT ( 'NONE',  ( -8.389999999999998800, 0.2000000000000000100, -14.12000000000000100 ) ) ;
#6770 = CARTESIAN_POINT ( 'NONE',  ( -23.87999999999999900, 1.300000000000000000, -14.12000000000000300 ) ) ;
#6771 = EDGE_LOOP ( 'NONE', ( #50, #9969, #4014, #10276, #7596, #1433 ) ) ;
#6772 = DIRECTION ( 'NONE',  ( 0.0000000000000000000, 1.000000000000000000, 0.0000000000000000000 ) ) ;
#6773 = DIRECTION ( 'NONE',  ( -1.000000000000000000, -0.0000000000000000000, -0.0000000000000000000 ) ) ;
#6774 = PLANE ( 'NONE',  #4601 ) ;
#6775 = PRESENTATION_STYLE_ASSIGNMENT (( #5086 ) ) ;
#6776 = CARTESIAN_POINT ( 'NONE',  ( 24.38000000000000600, 1.000000000000000000, 13.52000000000000300 ) ) ;
#6777 = ORIENTED_EDGE ( 'NONE', *, *, #2532, .T. ) ;
#6778 = ADVANCED_FACE ( 'NONE', ( #2232 ), #10222, .F. ) ;
#6779 = DIRECTION ( 'NONE',  ( 0.0000000000000000000, 0.0000000000000000000, 1.000000000000000000 ) ) ;
#6780 = DIRECTION ( 'NONE',  ( 0.0000000000000000000, 0.0000000000000000000, 1.000000000000000000 ) ) ;
#6781 = LINE ( 'NONE', #8110, #1006 ) ;
#6782 = ORIENTED_EDGE ( 'NONE', *, *, #7366, .F. ) ;
#6783 = CARTESIAN_POINT ( 'NONE',  ( -4.309999999999997800, 1.300000000000000000, -14.12000000000000300 ) ) ;
#6784 = CARTESIAN_POINT ( 'NONE',  ( 27.50000000000001100, 0.9500000000000002900, 3.429999999999999300 ) ) ;
#6785 = DIRECTION ( 'NONE',  ( 0.0000000000000000000, -1.000000000000000000, 4.336808689942017700E-015 ) ) ;
#6786 = PLANE ( 'NONE',  #9009 ) ;
#6787 = VECTOR ( 'NONE', #2597, 1000.000000000000000 ) ;
#6788 = EDGE_CURVE ( 'NONE', #2209, #6886, #8621, .T. ) ;
#6789 = PLANE ( 'NONE',  #322 ) ;
#6790 = LINE ( 'NONE', #1411, #6180 ) ;
#6791 =( LENGTH_UNIT ( ) NAMED_UNIT ( * ) SI_UNIT ( .MILLI., .METRE. ) );
#6792 = ORIENTED_EDGE ( 'NONE', *, *, #4904, .T. ) ;
#6793 = DIRECTION ( 'NONE',  ( -1.000000000000000000, -0.0000000000000000000, -0.0000000000000000000 ) ) ;
#6794 = LINE ( 'NONE', #7476, #2513 ) ;
#6795 = VECTOR ( 'NONE', #6739, 1000.000000000000000 ) ;
#6796 = EDGE_CURVE ( 'NONE', #2204, #7988, #8262, .T. ) ;
#6797 = PLANE ( 'NONE',  #6029 ) ;
#6798 = CARTESIAN_POINT ( 'NONE',  ( 17.01000000000000500, 1.000000000000000000, -13.52000000000000300 ) ) ;
#6799 = MECHANICAL_DESIGN_GEOMETRIC_PRESENTATION_REPRESENTATION (  '', ( #4184 ), #9621 ) ;
#6800 = ADVANCED_FACE ( 'NONE', ( #2592 ), #3143, .F. ) ;
#6801 = LINE ( 'NONE', #8174, #1894 ) ;
#6802 = CARTESIAN_POINT ( 'NONE',  ( -9.389999999999998800, 1.300000000000000000, -14.12000000000000300 ) ) ;
#6803 = CARTESIAN_POINT ( 'NONE',  ( 21.84000000000000700, -8.000000000000000000, -13.82000000000000200 ) ) ;
#6804 = ORIENTED_EDGE ( 'NONE', *, *, #6868, .T. ) ;
#6805 = PLANE ( 'NONE',  #2295 ) ;
#6806 = VECTOR ( 'NONE', #6951, 1000.000000000000000 ) ;
#6807 = LINE ( 'NONE', #7754, #4114 ) ;
#6808 = VECTOR ( 'NONE', #9829, 1000.000000000000000 ) ;
#6809 = UNCERTAINTY_MEASURE_WITH_UNIT (LENGTH_MEASURE( 1.000000000000000100E-005 ), #537, 'distance_accuracy_value', 'NONE');
#6810 = EDGE_CURVE ( 'NONE', #3200, #1124, #6998, .T. ) ;
#6811 = PLANE ( 'NONE',  #6057 ) ;
#6812 = FACE_OUTER_BOUND ( 'NONE', #6948, .T. ) ;
#6813 = LINE ( 'NONE', #624, #2917 ) ;
#6814 = LINE ( 'NONE', #4768, #4982 ) ;
#6815 = ORIENTED_EDGE ( 'NONE', *, *, #5236, .F. ) ;
#6816 = CARTESIAN_POINT ( 'NONE',  ( -18.54999999999999700, 0.0000000000000000000, 0.0000000000000000000 ) ) ;
#6817 = DIRECTION ( 'NONE',  ( 0.0000000000000000000, -1.000000000000000000, 4.336808689942017700E-015 ) ) ;
#6818 = PLANE ( 'NONE',  #144 ) ;
#6819 = LINE ( 'NONE', #5647, #9302 ) ;
#6820 = EDGE_LOOP ( 'NONE', ( #4795, #2217, #5218, #2317 ) ) ;
#6821 = ORIENTED_EDGE ( 'NONE', *, *, #2988, .F. ) ;
#6822 = DIRECTION ( 'NONE',  ( 0.0000000000000000000, -0.0000000000000000000, 1.000000000000000000 ) ) ;
#6823 = ORIENTED_EDGE ( 'NONE', *, *, #6622, .T. ) ;
#6824 = ORIENTED_EDGE ( 'NONE', *, *, #1684, .T. ) ;
#6825 = ORIENTED_EDGE ( 'NONE', *, *, #3936, .F. ) ;
#6826 = CARTESIAN_POINT ( 'NONE',  ( 14.22000000000000400, -8.000000000000000000, -13.82000000000000200 ) ) ;
#6827 = CARTESIAN_POINT ( 'NONE',  ( -0.7699999999999963500, 1.000000000000000000, -13.52000000000000300 ) ) ;
#6828 = LINE ( 'NONE', #7428, #7823 ) ;
#6829 = VECTOR ( 'NONE', #2581, 1000.000000000000000 ) ;
#6830 = VERTEX_POINT ( 'NONE', #2422 ) ;
#6831 = DIRECTION ( 'NONE',  ( -1.000000000000000000, 0.0000000000000000000, -0.0000000000000000000 ) ) ;
#6832 = ADVANCED_FACE ( 'NONE', ( #5171 ), #7120, .F. ) ;
#6833 = CARTESIAN_POINT ( 'NONE',  ( 5.850000000000001400, 1.300000000000000000, -13.52000000000000300 ) ) ;
#6834 = EDGE_CURVE ( 'NONE', #7723, #6715, #6751, .T. ) ;
#6835 = LINE ( 'NONE', #1229, #4754 ) ;
#6836 = ORIENTED_EDGE ( 'NONE', *, *, #5997, .F. ) ;
#6837 = ORIENTED_EDGE ( 'NONE', *, *, #8976, .F. ) ;
#6838 = EDGE_LOOP ( 'NONE', ( #4897, #2561, #3283, #1814 ) ) ;
#6839 = ORIENTED_EDGE ( 'NONE', *, *, #5431, .F. ) ;
#6840 = EDGE_CURVE ( 'NONE', #6971, #7474, #4672, .T. ) ;
#6841 = PRESENTATION_STYLE_ASSIGNMENT (( #8816 ) ) ;
#6842 = LINE ( 'NONE', #1612, #2692 ) ;
#6843 = CARTESIAN_POINT ( 'NONE',  ( 14.47000000000000400, 0.0000000000000000000, 0.0000000000000000000 ) ) ;
#6844 = CARTESIAN_POINT ( 'NONE',  ( 9.140000000000002300, -8.000000000000000000, -13.82000000000000200 ) ) ;
#6845 = DIRECTION ( 'NONE',  ( 1.000000000000000000, 0.0000000000000000000, 0.0000000000000000000 ) ) ;
#6846 = CARTESIAN_POINT ( 'NONE',  ( 24.38000000000000600, -8.000000000000000000, -13.82000000000000200 ) ) ;
#6847 = LINE ( 'NONE', #4525, #5502 ) ;
#6848 = VECTOR ( 'NONE', #4355, 1000.000000000000000 ) ;
#6849 = ORIENTED_EDGE ( 'NONE', *, *, #8252, .F. ) ;
#6850 = ORIENTED_EDGE ( 'NONE', *, *, #10148, .T. ) ;
#6851 = ORIENTED_EDGE ( 'NONE', *, *, #935, .T. ) ;
#6852 = CARTESIAN_POINT ( 'NONE',  ( 4.310000000000004900, 0.2000000000000000100, -13.81999999999999900 ) ) ;
#6853 = VECTOR ( 'NONE', #8184, 1000.000000000000000 ) ;
#6854 = CARTESIAN_POINT ( 'NONE',  ( 1.520000000000004000, 1.300000000000000000, -13.52000000000000300 ) ) ;
#6855 = LINE ( 'NONE', #9145, #9092 ) ;
#6856 = AXIS2_PLACEMENT_3D ( 'NONE', #8489, #7776, #8420 ) ;
#6857 = ORIENTED_EDGE ( 'NONE', *, *, #836, .F. ) ;
#6858 = DIRECTION ( 'NONE',  ( -1.000000000000000000, -0.0000000000000000000, -0.0000000000000000000 ) ) ;
#6859 = CARTESIAN_POINT ( 'NONE',  ( 22.09000000000000700, 0.2000000000000000100, -14.12000000000000100 ) ) ;
#6860 = DIRECTION ( 'NONE',  ( 0.0000000000000000000, -0.0000000000000000000, 1.000000000000000000 ) ) ;
#6861 = VERTEX_POINT ( 'NONE', #6287 ) ;
#6862 = VECTOR ( 'NONE', #263, 1000.000000000000000 ) ;
#6863 = DIRECTION ( 'NONE',  ( 0.0000000000000000000, 0.0000000000000000000, -1.000000000000000000 ) ) ;
#6864 = EDGE_LOOP ( 'NONE', ( #4189, #4004, #1832, #4162 ) ) ;
#6865 = LINE ( 'NONE', #1721, #4785 ) ;
#6866 = PLANE ( 'NONE',  #9719 ) ;
#6867 = ORIENTED_EDGE ( 'NONE', *, *, #7035, .T. ) ;
#6868 = EDGE_CURVE ( 'NONE', #10043, #7420, #6267, .T. ) ;
#6869 = VERTEX_POINT ( 'NONE', #4712 ) ;
#6870 = EDGE_LOOP ( 'NONE', ( #7217, #4031, #6479, #3299 ) ) ;
#6871 = EDGE_LOOP ( 'NONE', ( #3171, #797, #5972, #1542 ) ) ;
#6872 = AXIS2_PLACEMENT_3D ( 'NONE', #4335, #9892, #5141 ) ;
#6873 = CARTESIAN_POINT ( 'NONE',  ( 5.850000000000001400, 0.2000000000000000100, -13.81999999999999900 ) ) ;
#6874 = FACE_OUTER_BOUND ( 'NONE', #7818, .T. ) ;
#6875 = VERTEX_POINT ( 'NONE', #2360 ) ;
#6876 = ORIENTED_EDGE ( 'NONE', *, *, #58, .F. ) ;
#6877 = DIRECTION ( 'NONE',  ( 1.000000000000000000, 0.0000000000000000000, 0.0000000000000000000 ) ) ;
#6878 = VERTEX_POINT ( 'NONE', #7871 ) ;
#6879 = DIRECTION ( 'NONE',  ( -0.0000000000000000000, -1.000000000000000000, -0.0000000000000000000 ) ) ;
#6880 = ORIENTED_EDGE ( 'NONE', *, *, #9768, .T. ) ;
#6881 = SURFACE_STYLE_FILL_AREA ( #8784 ) ;
#6882 = AXIS2_PLACEMENT_3D ( 'NONE', #6079, #8425, #6860 ) ;
#6883 = CARTESIAN_POINT ( 'NONE',  ( 24.38000000000000600, 1.000000000000000000, -13.82000000000000200 ) ) ;
#6884 = CARTESIAN_POINT ( 'NONE',  ( -25.50000000000000700, 1.700000000000000000, 9.180000000000003300 ) ) ;
#6885 = ORIENTED_EDGE ( 'NONE', *, *, #8383, .F. ) ;
#6886 = VERTEX_POINT ( 'NONE', #5508 ) ;
#6887 = DIRECTION ( 'NONE',  ( 0.0000000000000000000, -0.0000000000000000000, 1.000000000000000000 ) ) ;
#6888 = DIRECTION ( 'NONE',  ( 0.0000000000000000000, 0.0000000000000000000, -1.000000000000000000 ) ) ;
#6889 =( LENGTH_UNIT ( ) NAMED_UNIT ( * ) SI_UNIT ( .MILLI., .METRE. ) );
#6890 = DIRECTION ( 'NONE',  ( 0.0000000000000000000, 1.000000000000000000, -1.577021341797097600E-015 ) ) ;
#6891 = DIRECTION ( 'NONE',  ( 5.400758019853073800E-017, -0.0000000000000000000, 1.000000000000000000 ) ) ;
#6892 = EDGE_CURVE ( 'NONE', #5016, #8634, #8870, .T. ) ;
#6893 = ORIENTED_EDGE ( 'NONE', *, *, #6506, .T. ) ;
#6894 = DIRECTION ( 'NONE',  ( -0.0000000000000000000, 0.0000000000000000000, 1.000000000000000000 ) ) ;
#6895 = EDGE_CURVE ( 'NONE', #686, #9084, #7132, .T. ) ;
#6896 = DIRECTION ( 'NONE',  ( -1.000000000000000000, -0.0000000000000000000, -0.0000000000000000000 ) ) ;
#6897 = EDGE_LOOP ( 'NONE', ( #8747, #9610, #6148, #691, #9396, #4047, #2997, #2960 ) ) ;
#6898 = ORIENTED_EDGE ( 'NONE', *, *, #6255, .F. ) ;
#6899 = CARTESIAN_POINT ( 'NONE',  ( 8.640000000000002300, 1.300000000000000000, -14.12000000000000300 ) ) ;
#6900 = CARTESIAN_POINT ( 'NONE',  ( 21.84000000000000700, 0.0000000000000000000, 0.0000000000000000000 ) ) ;
#6901 = EDGE_CURVE ( 'NONE', #5066, #4068, #8236, .T. ) ;
#6902 = AXIS2_PLACEMENT_3D ( 'NONE', #558, #2094, #2122 ) ;
#6903 = CARTESIAN_POINT ( 'NONE',  ( -10.92999999999999600, 0.2000000000000000100, -14.12000000000000100 ) ) ;
#6904 = EDGE_CURVE ( 'NONE', #719, #9134, #67, .T. ) ;
#6905 = VECTOR ( 'NONE', #78, 1000.000000000000000 ) ;
#6906 = ORIENTED_EDGE ( 'NONE', *, *, #573, .T. ) ;
#6907 = CARTESIAN_POINT ( 'NONE',  ( -23.62999999999999900, 0.2000000000000000100, -13.81999999999999900 ) ) ;
#6908 = CARTESIAN_POINT ( 'NONE',  ( -1.019999999999996700, 1.000000000000000000, -13.52000000000000300 ) ) ;
#6909 = DIRECTION ( 'NONE',  ( -0.0000000000000000000, 0.0000000000000000000, 1.000000000000000000 ) ) ;
#6910 = DIRECTION ( 'NONE',  ( -1.000000000000000000, -0.0000000000000000000, -0.0000000000000000000 ) ) ;
#6911 = FACE_OUTER_BOUND ( 'NONE', #7395, .T. ) ;
#6912 = AXIS2_PLACEMENT_3D ( 'NONE', #2739, #184, #4248 ) ;
#6913 = ORIENTED_EDGE ( 'NONE', *, *, #6640, .T. ) ;
#6914 = CARTESIAN_POINT ( 'NONE',  ( -3.309999999999996900, 0.2000000000000000100, -13.81999999999999900 ) ) ;
#6915 = DIRECTION ( 'NONE',  ( 0.0000000000000000000, -0.0000000000000000000, 1.000000000000000000 ) ) ;
#6916 = VECTOR ( 'NONE', #2990, 1000.000000000000000 ) ;
#6917 = DIRECTION ( 'NONE',  ( 0.0000000000000000000, 0.0000000000000000000, 1.000000000000000000 ) ) ;
#6918 = CARTESIAN_POINT ( 'NONE',  ( 8.640000000000002300, -8.000000000000000000, -14.12000000000000300 ) ) ;
#6919 = VECTOR ( 'NONE', #6096, 1000.000000000000000 ) ;
#6920 = CARTESIAN_POINT ( 'NONE',  ( -5.849999999999997900, 0.0000000000000000000, 0.0000000000000000000 ) ) ;
#6921 = VECTOR ( 'NONE', #3469, 1000.000000000000000 ) ;
#6922 = PLANE ( 'NONE',  #7319 ) ;
#6923 = EDGE_CURVE ( 'NONE', #5610, #2452, #8578, .T. ) ;
#6924 = FACE_OUTER_BOUND ( 'NONE', #2494, .T. ) ;
#6925 = AXIS2_PLACEMENT_3D ( 'NONE', #9564, #5476, #7052 ) ;
#6926 = DIRECTION ( 'NONE',  ( -0.0000000000000000000, 1.000000000000000000, -0.0000000000000000000 ) ) ;
#6927 = ORIENTED_EDGE ( 'NONE', *, *, #3870, .F. ) ;
#6928 = LINE ( 'NONE', #6324, #3858 ) ;
#6929 = SURFACE_STYLE_USAGE ( .BOTH. , #2910 ) ;
#6930 = LINE ( 'NONE', #1399, #276 ) ;
#6931 = ORIENTED_EDGE ( 'NONE', *, *, #10109, .T. ) ;
#6932 = LINE ( 'NONE', #75, #2026 ) ;
#6933 = LINE ( 'NONE', #2536, #3865 ) ;
#6934 = ORIENTED_EDGE ( 'NONE', *, *, #2508, .T. ) ;
#6935 = AXIS2_PLACEMENT_3D ( 'NONE', #8224, #3501, #2023 ) ;
#6936 = LINE ( 'NONE', #4446, #7303 ) ;
#6937 = DIRECTION ( 'NONE',  ( 0.0000000000000000000, -1.000000000000000000, 0.0000000000000000000 ) ) ;
#6938 = VECTOR ( 'NONE', #9219, 1000.000000000000000 ) ;
#6939 = DIRECTION ( 'NONE',  ( -1.000000000000000000, -0.0000000000000000000, -0.0000000000000000000 ) ) ;
#6940 = AXIS2_PLACEMENT_3D ( 'NONE', #7863, #3951, #802 ) ;
#6941 = VECTOR ( 'NONE', #8949, 1000.000000000000000 ) ;
#6942 = CARTESIAN_POINT ( 'NONE',  ( -13.71999999999999700, 0.2000000000000005100, -13.82000000000000200 ) ) ;
#6943 = DIRECTION ( 'NONE',  ( 0.0000000000000000000, 0.0000000000000000000, -1.000000000000000000 ) ) ;
#6944 = VECTOR ( 'NONE', #4967, 1000.000000000000000 ) ;
#6945 = ORIENTED_EDGE ( 'NONE', *, *, #1978, .T. ) ;
#6946 = FACE_OUTER_BOUND ( 'NONE', #3339, .T. ) ;
#6947 = LINE ( 'NONE', #5319, #6694 ) ;
#6948 = EDGE_LOOP ( 'NONE', ( #4435, #8954, #7198, #4923 ) ) ;
#6949 = EDGE_CURVE ( 'NONE', #6346, #6573, #917, .T. ) ;
#6950 = LINE ( 'NONE', #5374, #1798 ) ;
#6951 = DIRECTION ( 'NONE',  ( 0.0000000000000000000, -0.0000000000000000000, 1.000000000000000000 ) ) ;
#6952 = VERTEX_POINT ( 'NONE', #9692 ) ;
#6953 = EDGE_LOOP ( 'NONE', ( #3038, #7715, #4374, #8975 ) ) ;
#6954 = CARTESIAN_POINT ( 'NONE',  ( -24.09000000000000700, 1.800000000000000000, 7.935000000000006700 ) ) ;
#6955 = ORIENTED_EDGE ( 'NONE', *, *, #2138, .F. ) ;
#6956 = EDGE_LOOP ( 'NONE', ( #5033, #3111, #2748, #6898 ) ) ;
#6957 = CARTESIAN_POINT ( 'NONE',  ( 0.0000000000000000000, 1.800000000000000000, 0.0000000000000000000 ) ) ;
#6958 = ORIENTED_EDGE ( 'NONE', *, *, #101, .T. ) ;
#6959 = VECTOR ( 'NONE', #345, 1000.000000000000000 ) ;
#6960 = LINE ( 'NONE', #1376, #9205 ) ;
#6961 = ORIENTED_EDGE ( 'NONE', *, *, #1009, .T. ) ;
#6962 = DIRECTION ( 'NONE',  ( 0.0000000000000000000, -0.0000000000000000000, 1.000000000000000000 ) ) ;
#6963 = VECTOR ( 'NONE', #9140, 1000.000000000000000 ) ;
#6964 = CARTESIAN_POINT ( 'NONE',  ( -8.389999999999998800, 1.000000000000000000, -13.52000000000000300 ) ) ;
#6965 = VECTOR ( 'NONE', #5939, 1000.000000000000000 ) ;
#6966 = ORIENTED_EDGE ( 'NONE', *, *, #903, .T. ) ;
#6967 = EDGE_CURVE ( 'NONE', #9876, #7203, #10178, .T. ) ;
#6968 =( NAMED_UNIT ( * ) PLANE_ANGLE_UNIT ( ) SI_UNIT ( $, .RADIAN. ) );
#6969 = CARTESIAN_POINT ( 'NONE',  ( -8.389999999999998800, 0.0000000000000000000, 0.0000000000000000000 ) ) ;
#6970 = VERTEX_POINT ( 'NONE', #42 ) ;
#6971 = VERTEX_POINT ( 'NONE', #7975 ) ;
#6972 = ORIENTED_EDGE ( 'NONE', *, *, #5851, .T. ) ;
#6973 = EDGE_CURVE ( 'NONE', #236, #6438, #7302, .T. ) ;
#6974 = DIRECTION ( 'NONE',  ( -0.0000000000000000000, -1.000000000000000000, -0.0000000000000000000 ) ) ;
#6975 = VECTOR ( 'NONE', #8104, 1000.000000000000000 ) ;
#6976 = ORIENTED_EDGE ( 'NONE', *, *, #7043, .F. ) ;
#6977 = DIRECTION ( 'NONE',  ( -1.000000000000000000, -0.0000000000000000000, -0.0000000000000000000 ) ) ;
#6978 = AXIS2_PLACEMENT_3D ( 'NONE', #5635, #3269, #8746 ) ;
#6979 = VECTOR ( 'NONE', #2227, 1000.000000000000000 ) ;
#6980 = VECTOR ( 'NONE', #9371, 1000.000000000000000 ) ;
#6981 = VERTEX_POINT ( 'NONE', #6518 ) ;
#6982 = ADVANCED_FACE ( 'NONE', ( #3184 ), #4843, .F. ) ;
#6983 = ORIENTED_EDGE ( 'NONE', *, *, #3218, .T. ) ;
#6984 = VERTEX_POINT ( 'NONE', #2489 ) ;
#6985 = CARTESIAN_POINT ( 'NONE',  ( -24.62999999999999900, 1.300000000000000000, -14.12000000000000300 ) ) ;
#6986 = LINE ( 'NONE', #5888, #715 ) ;
#6987 = EDGE_CURVE ( 'NONE', #6991, #2426, #9326, .T. ) ;
#6988 = DIRECTION ( 'NONE',  ( 0.0000000000000000000, 0.0000000000000000000, -1.000000000000000000 ) ) ;
#6989 = PRESENTATION_LAYER_ASSIGNMENT (  '', '', ( #7855 ) ) ;
#6990 = DIRECTION ( 'NONE',  ( 0.0000000000000000000, 0.0000000000000000000, 1.000000000000000000 ) ) ;
#6991 = VERTEX_POINT ( 'NONE', #6491 ) ;
#6992 = VECTOR ( 'NONE', #7219, 1000.000000000000000 ) ;
#6993 = DIRECTION ( 'NONE',  ( -1.000000000000000000, -0.0000000000000000000, -0.0000000000000000000 ) ) ;
#6994 = ORIENTED_EDGE ( 'NONE', *, *, #7193, .F. ) ;
#6995 = ORIENTED_EDGE ( 'NONE', *, *, #6556, .F. ) ;
#6996 = DIRECTION ( 'NONE',  ( -0.0000000000000000000, 1.000000000000000000, -0.0000000000000000000 ) ) ;
#6997 = EDGE_LOOP ( 'NONE', ( #7016, #2109, #3817, #2604, #4886, #7460 ) ) ;
#6998 = LINE ( 'NONE', #1555, #8382 ) ;
#6999 = CARTESIAN_POINT ( 'NONE',  ( 24.08999999999999300, 1.700000000000000000, 7.934999999999997800 ) ) ;
#7000 = PLANE ( 'NONE',  #2647 ) ;
#7001 = EDGE_CURVE ( 'NONE', #3899, #627, #569, .T. ) ;
#7002 = ORIENTED_EDGE ( 'NONE', *, *, #2733, .T. ) ;
#7003 = CLOSED_SHELL ( 'NONE', ( #119, #8114, #8406, #7864, #9388, #3302, #2001, #9635, #5221, #1207, #2129, #5995 ) ) ;
#7004 = ORIENTED_EDGE ( 'NONE', *, *, #3588, .F. ) ;
#7005 = DIRECTION ( 'NONE',  ( -0.0000000000000000000, 1.000000000000000000, -0.0000000000000000000 ) ) ;
#7006 = FILL_AREA_STYLE ('',( #3850 ) ) ;
#7007 = VERTEX_POINT ( 'NONE', #994 ) ;
#7008 = CARTESIAN_POINT ( 'NONE',  ( 21.09000000000000300, 0.0000000000000000000, 0.0000000000000000000 ) ) ;
#7009 = DIRECTION ( 'NONE',  ( 0.0000000000000000000, 0.0000000000000000000, -1.000000000000000000 ) ) ;
#7010 = VECTOR ( 'NONE', #3685, 1000.000000000000000 ) ;
#7011 = EDGE_CURVE ( 'NONE', #8137, #878, #4639, .T. ) ;
#7012 = ORIENTED_EDGE ( 'NONE', *, *, #6757, .F. ) ;
#7013 = ORIENTED_EDGE ( 'NONE', *, *, #9196, .T. ) ;
#7014 = DIRECTION ( 'NONE',  ( -1.000000000000000000, -0.0000000000000000000, -0.0000000000000000000 ) ) ;
#7015 = DIRECTION ( 'NONE',  ( 0.0000000000000000000, -0.0000000000000000000, 1.000000000000000000 ) ) ;
#7016 = ORIENTED_EDGE ( 'NONE', *, *, #7147, .F. ) ;
#7017 = DIRECTION ( 'NONE',  ( -1.000000000000000000, -0.0000000000000000000, -0.0000000000000000000 ) ) ;
#7018 = VECTOR ( 'NONE', #925, 1000.000000000000000 ) ;
#7019 = CARTESIAN_POINT ( 'NONE',  ( 4.310000000000004900, 1.000000000000000000, -13.82000000000000200 ) ) ;
#7020 = SURFACE_STYLE_USAGE ( .BOTH. , #5447 ) ;
#7021 = ADVANCED_FACE ( 'NONE', ( #2661 ), #8035, .F. ) ;
#7022 = ORIENTED_EDGE ( 'NONE', *, *, #1209, .F. ) ;
#7023 = CARTESIAN_POINT ( 'NONE',  ( -6.849999999999998800, 0.2000000000000000100, -14.12000000000000100 ) ) ;
#7024 = DIRECTION ( 'NONE',  ( -1.000000000000000000, -0.0000000000000000000, -0.0000000000000000000 ) ) ;
#7025 = DIRECTION ( 'NONE',  ( 0.0000000000000000000, 0.0000000000000000000, -1.000000000000000000 ) ) ;
#7026 = EDGE_CURVE ( 'NONE', #4518, #5622, #5405, .T. ) ;
#7027 = DIRECTION ( 'NONE',  ( -1.000000000000000000, -0.0000000000000000000, -0.0000000000000000000 ) ) ;
#7028 = VECTOR ( 'NONE', #1826, 1000.000000000000000 ) ;
#7029 = CARTESIAN_POINT ( 'NONE',  ( 21.84000000000000700, 1.300000000000000000, -13.52000000000000300 ) ) ;
#7030 = ORIENTED_EDGE ( 'NONE', *, *, #4462, .T. ) ;
#7031 = ADVANCED_FACE ( 'NONE', ( #5651 ), #2626, .F. ) ;
#7032 = EDGE_CURVE ( 'NONE', #5756, #6176, #9879, .T. ) ;
#7033 = STYLED_ITEM ( 'NONE', ( #7049 ), #9047 ) ;
#7034 = CARTESIAN_POINT ( 'NONE',  ( -1.769999999999997400, 1.000000000000000000, -13.52000000000000300 ) ) ;
#7035 = EDGE_CURVE ( 'NONE', #2683, #5156, #5162, .T. ) ;
#7036 = FACE_OUTER_BOUND ( 'NONE', #9518, .T. ) ;
#7037 = VECTOR ( 'NONE', #1488, 1000.000000000000000 ) ;
#7038 = EDGE_LOOP ( 'NONE', ( #9572, #1344, #6097, #2430 ) ) ;
#7039 = CARTESIAN_POINT ( 'NONE',  ( 21.84000000000000700, 1.000000000000000000, 13.52000000000000300 ) ) ;
#7040 = ORIENTED_EDGE ( 'NONE', *, *, #5713, .T. ) ;
#7041 = CARTESIAN_POINT ( 'NONE',  ( -24.62999999999999900, 1.300000000000000000, -13.52000000000000300 ) ) ;
#7042 = VECTOR ( 'NONE', #9323, 1000.000000000000000 ) ;
#7043 = EDGE_CURVE ( 'NONE', #1741, #8369, #6020, .T. ) ;
#7044 = DIRECTION ( 'NONE',  ( 1.000000000000000000, -0.0000000000000000000, 0.0000000000000000000 ) ) ;
#7045 = DIRECTION ( 'NONE',  ( 0.0000000000000000000, 0.0000000000000000000, 1.000000000000000000 ) ) ;
#7046 = ORIENTED_EDGE ( 'NONE', *, *, #8593, .F. ) ;
#7047 = LINE ( 'NONE', #6661, #4216 ) ;
#7048 = AXIS2_PLACEMENT_3D ( 'NONE', #7993, #8804, #9613 ) ;
#7049 = PRESENTATION_STYLE_ASSIGNMENT (( #7386 ) ) ;
#7050 = CARTESIAN_POINT ( 'NONE',  ( 28.30000000000000800, 0.2500000000000003300, 3.429999999999999300 ) ) ;
#7051 = LINE ( 'NONE', #7924, #7406 ) ;
#7052 = DIRECTION ( 'NONE',  ( 0.0000000000000000000, 0.0000000000000000000, 1.000000000000000000 ) ) ;
#7053 = DIRECTION ( 'NONE',  ( -0.0000000000000000000, 0.0000000000000000000, 1.000000000000000000 ) ) ;
#7054 = VECTOR ( 'NONE', #8428, 1000.000000000000000 ) ;
#7055 = CARTESIAN_POINT ( 'NONE',  ( -11.17999999999999800, 1.300000000000000000, -14.12000000000000300 ) ) ;
#7056 = SURFACE_STYLE_FILL_AREA ( #2236 ) ;
#7057 = CARTESIAN_POINT ( 'NONE',  ( 23.63000000000000600, 0.2000000000000000100, -13.81999999999999900 ) ) ;
#7058 = EDGE_CURVE ( 'NONE', #5622, #2480, #9229, .T. ) ;
#7059 = VECTOR ( 'NONE', #3223, 1000.000000000000000 ) ;
#7060 = DIRECTION ( 'NONE',  ( 0.0000000000000000000, 0.0000000000000000000, -1.000000000000000000 ) ) ;
#7061 = EDGE_CURVE ( 'NONE', #6861, #5483, #1723, .T. ) ;
#7062 = PRESENTATION_LAYER_ASSIGNMENT (  '', '', ( #4961 ) ) ;
#7063 = LINE ( 'NONE', #3331, #9567 ) ;
#7064 = CARTESIAN_POINT ( 'NONE',  ( 4.060000000000004900, -8.000000000000000000, -14.12000000000000300 ) ) ;
#7065 = DIRECTION ( 'NONE',  ( -0.0000000000000000000, 1.000000000000000000, -0.0000000000000000000 ) ) ;
#7066 = CARTESIAN_POINT ( 'NONE',  ( 19.30000000000000400, 0.0000000000000000000, 0.0000000000000000000 ) ) ;
#7067 = VECTOR ( 'NONE', #4522, 1000.000000000000000 ) ;
#7068 = LINE ( 'NONE', #7023, #7810 ) ;
#7069 = VERTEX_POINT ( 'NONE', #9624 ) ;
#7070 = MANIFOLD_SOLID_BREP ( 'LPattern1[37]', #3409 ) ;
#7071 = ORIENTED_EDGE ( 'NONE', *, *, #7826, .F. ) ;
#7072 = ADVANCED_FACE ( 'NONE', ( #9361 ), #9053, .T. ) ;
#7073 = VERTEX_POINT ( 'NONE', #5831 ) ;
#7074 = PRESENTATION_LAYER_ASSIGNMENT (  '', '', ( #2011 ) ) ;
#7075 = VERTEX_POINT ( 'NONE', #3476 ) ;
#7076 = LINE ( 'NONE', #556, #7322 ) ;
#7077 = VECTOR ( 'NONE', #869, 1000.000000000000000 ) ;
#7078 = CARTESIAN_POINT ( 'NONE',  ( 4.060000000000004900, -8.000000000000000000, -14.12000000000000300 ) ) ;
#7079 = EDGE_LOOP ( 'NONE', ( #6893, #7112, #4643, #7330 ) ) ;
#7080 = CARTESIAN_POINT ( 'NONE',  ( 11.68000000000000300, -8.000000000000000000, -13.82000000000000200 ) ) ;
#7081 = AXIS2_PLACEMENT_3D ( 'NONE', #6331, #862, #8763 ) ;
#7082 = SURFACE_SIDE_STYLE ('',( #4094 ) ) ;
#7083 = SURFACE_SIDE_STYLE ('',( #923 ) ) ;
#7084 = VECTOR ( 'NONE', #1630, 1000.000000000000000 ) ;
#7085 = ORIENTED_EDGE ( 'NONE', *, *, #7058, .T. ) ;
#7086 = ORIENTED_EDGE ( 'NONE', *, *, #3387, .F. ) ;
#7087 = ORIENTED_EDGE ( 'NONE', *, *, #4955, .T. ) ;
#7088 = ORIENTED_EDGE ( 'NONE', *, *, #625, .T. ) ;
#7089 = ORIENTED_EDGE ( 'NONE', *, *, #7032, .F. ) ;
#7090 = CARTESIAN_POINT ( 'NONE',  ( 24.38000000000000600, 0.2000000000000000900, -14.12000000000000300 ) ) ;
#7091 = VECTOR ( 'NONE', #7586, 1000.000000000000000 ) ;
#7092 = EDGE_CURVE ( 'NONE', #7514, #623, #9487, .T. ) ;
#7093 = DIRECTION ( 'NONE',  ( 0.0000000000000000000, 0.0000000000000000000, -1.000000000000000000 ) ) ;
#7094 = LINE ( 'NONE', #9033, #8964 ) ;
#7095 = CARTESIAN_POINT ( 'NONE',  ( -3.000000000000017300, 0.9499999999999999600, -10.35000000000000000 ) ) ;
#7096 = DIRECTION ( 'NONE',  ( -1.000000000000000000, -0.0000000000000000000, -0.0000000000000000000 ) ) ;
#7097 = VECTOR ( 'NONE', #5873, 1000.000000000000000 ) ;
#7098 = ORIENTED_EDGE ( 'NONE', *, *, #1183, .F. ) ;
#7099 =( NAMED_UNIT ( * ) PLANE_ANGLE_UNIT ( ) SI_UNIT ( $, .RADIAN. ) );
#7100 = VERTEX_POINT ( 'NONE', #8231 ) ;
#7101 = EDGE_CURVE ( 'NONE', #2616, #2822, #1842, .T. ) ;
#7102 = ORIENTED_EDGE ( 'NONE', *, *, #2251, .F. ) ;
#7103 = LINE ( 'NONE', #298, #2833 ) ;
#7104 = CARTESIAN_POINT ( 'NONE',  ( 25.49999999999998900, 1.800000000000000000, -5.319999999999996700 ) ) ;
#7105 = STYLED_ITEM ( 'NONE', ( #4384 ), #8301 ) ;
#7106 = EDGE_CURVE ( 'NONE', #7956, #481, #9998, .T. ) ;
#7107 = CARTESIAN_POINT ( 'NONE',  ( -18.54999999999999700, 1.300000000000000000, -14.12000000000000300 ) ) ;
#7108 = DIRECTION ( 'NONE',  ( -0.0000000000000000000, 1.000000000000000000, 0.0000000000000000000 ) ) ;
#7109 = ORIENTED_EDGE ( 'NONE', *, *, #4271, .F. ) ;
#7110 = EDGE_CURVE ( 'NONE', #1459, #4997, #7114, .T. ) ;
#7111 = PLANE ( 'NONE',  #6486 ) ;
#7112 = ORIENTED_EDGE ( 'NONE', *, *, #3556, .F. ) ;
#7113 = VECTOR ( 'NONE', #127, 1000.000000000000000 ) ;
#7114 = LINE ( 'NONE', #8273, #718 ) ;
#7115 = CARTESIAN_POINT ( 'NONE',  ( 11.93000000000000300, 0.2000000000000000100, -13.81999999999999900 ) ) ;
#7116 = VERTEX_POINT ( 'NONE', #7485 ) ;
#7117 = PRESENTATION_LAYER_ASSIGNMENT (  '', '', ( #8391 ) ) ;
#7118 = PLANE ( 'NONE',  #7664 ) ;
#7119 = ORIENTED_EDGE ( 'NONE', *, *, #8054, .T. ) ;
#7120 = PLANE ( 'NONE',  #1724 ) ;
#7121 = ORIENTED_EDGE ( 'NONE', *, *, #10157, .F. ) ;
#7122 = PLANE ( 'NONE',  #2324 ) ;
#7123 = ORIENTED_EDGE ( 'NONE', *, *, #9178, .T. ) ;
#7124 = CARTESIAN_POINT ( 'NONE',  ( -10.92999999999999600, 1.000000000000000000, -13.52000000000000300 ) ) ;
#7125 = EDGE_LOOP ( 'NONE', ( #9445, #5926, #8754, #9580 ) ) ;
#7126 = DIRECTION ( 'NONE',  ( -1.000000000000000000, -0.0000000000000000000, -0.0000000000000000000 ) ) ;
#7127 = CARTESIAN_POINT ( 'NONE',  ( 23.88000000000000600, -8.000000000000000000, -13.82000000000000200 ) ) ;
#7128 = EDGE_CURVE ( 'NONE', #191, #8279, #4413, .T. ) ;
#7129 = DIRECTION ( 'NONE',  ( 0.0000000000000000000, -0.0000000000000000000, 1.000000000000000000 ) ) ;
#7130 = AXIS2_PLACEMENT_3D ( 'NONE', #10136, #6179, #7759 ) ;
#7131 = ADVANCED_FACE ( 'NONE', ( #7741 ), #7353, .F. ) ;
#7132 = LINE ( 'NONE', #10251, #2982 ) ;
#7133 = DIRECTION ( 'NONE',  ( 0.0000000000000000000, 0.0000000000000000000, -1.000000000000000000 ) ) ;
#7134 = DIRECTION ( 'NONE',  ( 0.0000000000000000000, -0.0000000000000000000, 1.000000000000000000 ) ) ;
#7135 = DIRECTION ( 'NONE',  ( -1.000000000000000000, -0.0000000000000000000, -0.0000000000000000000 ) ) ;
#7136 = ORIENTED_EDGE ( 'NONE', *, *, #1812, .F. ) ;
#7137 = VERTEX_POINT ( 'NONE', #1999 ) ;
#7138 = CARTESIAN_POINT ( 'NONE',  ( -1.019999999999996700, -8.000000000000000000, -13.82000000000000200 ) ) ;
#7139 = EDGE_CURVE ( 'NONE', #2169, #9263, #3566, .T. ) ;
#7140 = DIRECTION ( 'NONE',  ( -1.000000000000000000, -0.0000000000000000000, -0.0000000000000000000 ) ) ;
#7141 = ORIENTED_EDGE ( 'NONE', *, *, #4593, .F. ) ;
#7142 = ORIENTED_EDGE ( 'NONE', *, *, #5322, .F. ) ;
#7143 = ORIENTED_EDGE ( 'NONE', *, *, #7826, .T. ) ;
#7144 = PLANE ( 'NONE',  #2585 ) ;
#7145 = CARTESIAN_POINT ( 'NONE',  ( -18.54999999999999700, 0.2000000000000000100, -13.81999999999999900 ) ) ;
#7146 = DIRECTION ( 'NONE',  ( -0.0000000000000000000, -1.000000000000000000, -0.0000000000000000000 ) ) ;
#7147 = EDGE_CURVE ( 'NONE', #7457, #3068, #8612, .T. ) ;
#7148 = VECTOR ( 'NONE', #8141, 1000.000000000000000 ) ;
#7149 = EDGE_LOOP ( 'NONE', ( #1793, #6637, #8686, #2832 ) ) ;
#7150 = AXIS2_PLACEMENT_3D ( 'NONE', #1916, #2762, #7393 ) ;
#7151 = CARTESIAN_POINT ( 'NONE',  ( -22.09000000000000000, 1.000000000000000000, 13.52000000000000300 ) ) ;
#7152 = DIRECTION ( 'NONE',  ( 0.0000000000000000000, 0.0000000000000000000, -1.000000000000000000 ) ) ;
#7153 = COLOUR_RGB ( '',0.7921568627450980000, 0.8196078431372548800, 0.9333333333333333500 ) ;
#7154 = DIRECTION ( 'NONE',  ( -0.0000000000000000000, -1.000000000000000000, -0.0000000000000000000 ) ) ;
#7155 = EDGE_CURVE ( 'NONE', #8337, #1359, #3680, .T. ) ;
#7156 = LINE ( 'NONE', #6309, #5562 ) ;
#7157 = DIRECTION ( 'NONE',  ( -0.0000000000000000000, 1.000000000000000000, 0.0000000000000000000 ) ) ;
#7158 = ORIENTED_EDGE ( 'NONE', *, *, #2024, .F. ) ;
#7159 = CARTESIAN_POINT ( 'NONE',  ( -16.25999999999999800, 0.0000000000000000000, 0.0000000000000000000 ) ) ;
#7160 = EDGE_CURVE ( 'NONE', #2076, #191, #7484, .T. ) ;
#7161 = CARTESIAN_POINT ( 'NONE',  ( -21.33999999999999600, 1.300000000000000000, -13.52000000000000300 ) ) ;
#7162 = LINE ( 'NONE', #367, #6303 ) ;
#7163 = DIRECTION ( 'NONE',  ( -1.000000000000000000, -0.0000000000000000000, -0.0000000000000000000 ) ) ;
#7164 = DIRECTION ( 'NONE',  ( 0.0000000000000000000, 0.0000000000000000000, 1.000000000000000000 ) ) ;
#7165 = EDGE_CURVE ( 'NONE', #1803, #53, #7241, .T. ) ;
#7166 = VECTOR ( 'NONE', #9522, 1000.000000000000000 ) ;
#7167 = AXIS2_PLACEMENT_3D ( 'NONE', #5817, #8136, #8983 ) ;
#7168 = AXIS2_PLACEMENT_3D ( 'NONE', #3694, #4468, #6845 ) ;
#7169 = DIRECTION ( 'NONE',  ( 1.000000000000000000, 0.0000000000000000000, -1.800252673284357700E-016 ) ) ;
#7170 = LINE ( 'NONE', #9867, #5087 ) ;
#7171 = ADVANCED_FACE ( 'NONE', ( #471 ), #9881, .F. ) ;
#7172 = CARTESIAN_POINT ( 'NONE',  ( 23.63000000000000600, 0.0000000000000000000, 0.0000000000000000000 ) ) ;
#7173 = VECTOR ( 'NONE', #5421, 1000.000000000000000 ) ;
#7174 = LINE ( 'NONE', #10237, #6101 ) ;
#7175 = DIRECTION ( 'NONE',  ( 0.0000000000000000000, 1.000000000000000000, 0.0000000000000000000 ) ) ;
#7176 = DIRECTION ( 'NONE',  ( -1.000000000000000000, -0.0000000000000000000, -0.0000000000000000000 ) ) ;
#7177 = LINE ( 'NONE', #6347, #7918 ) ;
#7178 = DIRECTION ( 'NONE',  ( -1.000000000000000000, -0.0000000000000000000, -0.0000000000000000000 ) ) ;
#7179 = AXIS2_PLACEMENT_3D ( 'NONE', #8967, #9773, #6603 ) ;
#7180 = VECTOR ( 'NONE', #1773, 1000.000000000000000 ) ;
#7181 = LINE ( 'NONE', #5384, #6806 ) ;
#7182 = CARTESIAN_POINT ( 'NONE',  ( 21.84000000000000700, -8.000000000000000000, -13.82000000000000200 ) ) ;
#7183 = LINE ( 'NONE', #3243, #4989 ) ;
#7184 = VECTOR ( 'NONE', #1728, 1000.000000000000000 ) ;
#7185 = DIRECTION ( 'NONE',  ( 0.0000000000000000000, -0.0000000000000000000, 1.000000000000000000 ) ) ;
#7186 = PRESENTATION_STYLE_ASSIGNMENT (( #4864 ) ) ;
#7187 = ORIENTED_EDGE ( 'NONE', *, *, #10266, .F. ) ;
#7188 = DIRECTION ( 'NONE',  ( -0.0000000000000000000, 0.0000000000000000000, 1.000000000000000000 ) ) ;
#7189 = FACE_OUTER_BOUND ( 'NONE', #486, .T. ) ;
#7190 = VECTOR ( 'NONE', #3704, 1000.000000000000000 ) ;
#7191 = ORIENTED_EDGE ( 'NONE', *, *, #7630, .T. ) ;
#7192 = DIRECTION ( 'NONE',  ( 0.0000000000000000000, -1.000000000000000000, 0.0000000000000000000 ) ) ;
#7193 = EDGE_CURVE ( 'NONE', #5168, #2442, #7357, .T. ) ;
#7194 = CARTESIAN_POINT ( 'NONE',  ( 1.770000000000004200, 0.2000000000000000100, -13.81999999999999900 ) ) ;
#7195 = ADVANCED_FACE ( 'NONE', ( #3195 ), #4256, .F. ) ;
#7196 = LINE ( 'NONE', #2424, #5847 ) ;
#7197 = DIRECTION ( 'NONE',  ( 0.0000000000000000000, 0.0000000000000000000, -1.000000000000000000 ) ) ;
#7198 = ORIENTED_EDGE ( 'NONE', *, *, #8922, .F. ) ;
#7199 = MANIFOLD_SOLID_BREP ( 'LPattern1[25]', #2860 ) ;
#7200 = ORIENTED_EDGE ( 'NONE', *, *, #5567, .F. ) ;
#7201 = CARTESIAN_POINT ( 'NONE',  ( 4.310000000000004900, 0.2000000000000000100, -13.81999999999999900 ) ) ;
#7202 = CARTESIAN_POINT ( 'NONE',  ( -6.849999999999998800, 1.000000000000000000, -13.52000000000000300 ) ) ;
#7203 = VERTEX_POINT ( 'NONE', #9191 ) ;
#7204 = VERTEX_POINT ( 'NONE', #8404 ) ;
#7205 = EDGE_LOOP ( 'NONE', ( #1673, #4301, #1313, #3844, #1098, #1238 ) ) ;
#7206 = VECTOR ( 'NONE', #5628, 1000.000000000000000 ) ;
#7207 = VECTOR ( 'NONE', #3583, 1000.000000000000000 ) ;
#7208 = ORIENTED_EDGE ( 'NONE', *, *, #5222, .T. ) ;
#7209 = DIRECTION ( 'NONE',  ( -0.0000000000000000000, 1.000000000000000000, 0.0000000000000000000 ) ) ;
#7210 = DIRECTION ( 'NONE',  ( 0.0000000000000000000, 1.000000000000000000, 0.0000000000000000000 ) ) ;
#7211 = FACE_OUTER_BOUND ( 'NONE', #4749, .T. ) ;
#7212 = VECTOR ( 'NONE', #8143, 1000.000000000000000 ) ;
#7213 = EDGE_LOOP ( 'NONE', ( #4362, #5132, #9581, #2049 ) ) ;
#7214 = DIRECTION ( 'NONE',  ( 0.0000000000000000000, 0.0000000000000000000, -1.000000000000000000 ) ) ;
#7215 = ORIENTED_EDGE ( 'NONE', *, *, #3166, .T. ) ;
#7216 = ORIENTED_EDGE ( 'NONE', *, *, #3094, .F. ) ;
#7217 = ORIENTED_EDGE ( 'NONE', *, *, #3430, .F. ) ;
#7218 = DIRECTION ( 'NONE',  ( 0.0000000000000000000, -1.000000000000000000, 4.336808689942017700E-015 ) ) ;
#7219 = DIRECTION ( 'NONE',  ( 0.0000000000000000000, -1.000000000000000000, -1.577021341797097600E-015 ) ) ;
#7220 = LINE ( 'NONE', #7145, #8589 ) ;
#7221 = DIRECTION ( 'NONE',  ( 0.0000000000000000000, 1.000000000000000000, 0.0000000000000000000 ) ) ;
#7222 = PLANE ( 'NONE',  #9374 ) ;
#7223 = EDGE_LOOP ( 'NONE', ( #2676, #9185, #1610, #8941, #8260, #4628 ) ) ;
#7224 = ORIENTED_EDGE ( 'NONE', *, *, #10104, .T. ) ;
#7225 = VECTOR ( 'NONE', #720, 1000.000000000000000 ) ;
#7226 = CARTESIAN_POINT ( 'NONE',  ( -4.309999999999997800, 1.300000000000000000, -13.52000000000000300 ) ) ;
#7227 = ADVANCED_FACE ( 'NONE', ( #9112 ), #7654, .F. ) ;
#7228 = DIRECTION ( 'NONE',  ( -1.000000000000000000, -0.0000000000000000000, -0.0000000000000000000 ) ) ;
#7229 = CARTESIAN_POINT ( 'NONE',  ( 27.50000000000001100, 0.2500000000000003300, 0.4299999999999991600 ) ) ;
#7230 = ORIENTED_EDGE ( 'NONE', *, *, #1855, .F. ) ;
#7231 = EDGE_CURVE ( 'NONE', #8279, #9352, #6368, .T. ) ;
#7232 = ORIENTED_EDGE ( 'NONE', *, *, #4334, .T. ) ;
#7233 = ORIENTED_EDGE ( 'NONE', *, *, #7618, .T. ) ;
#7234 = DIRECTION ( 'NONE',  ( -1.000000000000000000, -0.0000000000000000000, 5.400758019853073200E-017 ) ) ;
#7235 = ORIENTED_EDGE ( 'NONE', *, *, #8839, .T. ) ;
#7236 = AXIS2_PLACEMENT_3D ( 'NONE', #10023, #4515, #6943 ) ;
#7237 = VECTOR ( 'NONE', #5913, 1000.000000000000000 ) ;
#7238 = EDGE_CURVE ( 'NONE', #4132, #5727, #5638, .T. ) ;
#7239 = CARTESIAN_POINT ( 'NONE',  ( -27.49999999999999600, 1.000000000000000000, -6.819999999999994100 ) ) ;
#7240 = VERTEX_POINT ( 'NONE', #6827 ) ;
#7241 = LINE ( 'NONE', #9911, #1588 ) ;
#7242 = ORIENTED_EDGE ( 'NONE', *, *, #8774, .T. ) ;
#7243 = DIRECTION ( 'NONE',  ( -1.000000000000000000, -0.0000000000000000000, -0.0000000000000000000 ) ) ;
#7244 = EDGE_LOOP ( 'NONE', ( #1867, #9971, #7753, #1211 ) ) ;
#7245 = SURFACE_SIDE_STYLE ('',( #1882 ) ) ;
#7246 = CARTESIAN_POINT ( 'NONE',  ( 11.68000000000000300, 0.2000000000000005100, -13.82000000000000200 ) ) ;
#7247 = VERTEX_POINT ( 'NONE', #2879 ) ;
#7248 = VERTEX_POINT ( 'NONE', #2135 ) ;
#7249 = VECTOR ( 'NONE', #778, 1000.000000000000000 ) ;
#7250 = AXIS2_PLACEMENT_3D ( 'NONE', #4110, #172, #6477 ) ;
#7251 = CARTESIAN_POINT ( 'NONE',  ( -24.37999999999999900, 0.0000000000000000000, 0.0000000000000000000 ) ) ;
#7252 = PLANE ( 'NONE',  #3600 ) ;
#7253 = DIRECTION ( 'NONE',  ( 0.0000000000000000000, 1.000000000000000000, -1.577021341797097600E-015 ) ) ;
#7254 = DIRECTION ( 'NONE',  ( 0.0000000000000000000, -1.000000000000000000, 0.0000000000000000000 ) ) ;
#7255 = ORIENTED_EDGE ( 'NONE', *, *, #3013, .F. ) ;
#7256 = ADVANCED_FACE ( 'NONE', ( #9987 ), #2106, .F. ) ;
#7257 = FILL_AREA_STYLE ('',( #8886 ) ) ;
#7258 = EDGE_LOOP ( 'NONE', ( #426, #4058, #6050, #4911 ) ) ;
#7259 = CARTESIAN_POINT ( 'NONE',  ( 9.390000000000002300, 0.2000000000000000100, -13.81999999999999900 ) ) ;
#7260 = CARTESIAN_POINT ( 'NONE',  ( 27.50000000000001100, 1.000000000000000000, 13.82000000000000200 ) ) ;
#7261 = EDGE_CURVE ( 'NONE', #1688, #3022, #954, .T. ) ;
#7262 = ORIENTED_EDGE ( 'NONE', *, *, #3877, .F. ) ;
#7263 = CARTESIAN_POINT ( 'NONE',  ( -21.08999999999999600, 1.000000000000000000, -13.82000000000000200 ) ) ;
#7264 = EDGE_CURVE ( 'NONE', #2635, #8525, #2215, .T. ) ;
#7265 = ORIENTED_EDGE ( 'NONE', *, *, #6660, .T. ) ;
#7266 = ORIENTED_EDGE ( 'NONE', *, *, #3136, .T. ) ;
#7267 = DIRECTION ( 'NONE',  ( 0.0000000000000000000, 0.0000000000000000000, -1.000000000000000000 ) ) ;
#7268 = ORIENTED_EDGE ( 'NONE', *, *, #3733, .F. ) ;
#7269 = DIRECTION ( 'NONE',  ( 0.0000000000000000000, -0.0000000000000000000, -1.000000000000000000 ) ) ;
#7270 = VECTOR ( 'NONE', #8786, 1000.000000000000000 ) ;
#7271 = DIRECTION ( 'NONE',  ( 0.0000000000000000000, 0.0000000000000000000, -1.000000000000000000 ) ) ;
#7272 = CLOSED_SHELL ( 'NONE', ( #7391, #4778, #2771, #4233, #5959, #5175, #225, #3081, #5801, #5730, #9274, #1667 ) ) ;
#7273 = EDGE_CURVE ( 'NONE', #6438, #10235, #9099, .T. ) ;
#7274 = AXIS2_PLACEMENT_3D ( 'NONE', #892, #976, #7133 ) ;
#7275 = CARTESIAN_POINT ( 'NONE',  ( 8.640000000000002300, 0.2000000000000000100, -14.12000000000000100 ) ) ;
#7276 = ADVANCED_FACE ( 'NONE', ( #4158 ), #9941, .T. ) ;
#7277 = VECTOR ( 'NONE', #1128, 1000.000000000000000 ) ;
#7278 = CARTESIAN_POINT ( 'NONE',  ( 6.850000000000002300, 1.300000000000000000, -14.12000000000000300 ) ) ;
#7279 = ORIENTED_EDGE ( 'NONE', *, *, #1557, .F. ) ;
#7280 = DIRECTION ( 'NONE',  ( -1.000000000000000000, -0.0000000000000000000, -0.0000000000000000000 ) ) ;
#7281 = CARTESIAN_POINT ( 'NONE',  ( 16.01000000000000500, 0.2000000000000000100, -14.12000000000000100 ) ) ;
#7282 = DIRECTION ( 'NONE',  ( -1.000000000000000000, -0.0000000000000000000, -0.0000000000000000000 ) ) ;
#7283 = CARTESIAN_POINT ( 'NONE',  ( 19.30000000000000400, -8.000000000000000000, -13.82000000000000200 ) ) ;
#7284 =( NAMED_UNIT ( * ) PLANE_ANGLE_UNIT ( ) SI_UNIT ( $, .RADIAN. ) );
#7285 = EDGE_CURVE ( 'NONE', #1594, #10248, #4402, .T. ) ;
#7286 = VECTOR ( 'NONE', #1700, 1000.000000000000000 ) ;
#7287 = VECTOR ( 'NONE', #7282, 1000.000000000000000 ) ;
#7288 = PLANE ( 'NONE',  #3575 ) ;
#7289 = VERTEX_POINT ( 'NONE', #3739 ) ;
#7290 = EDGE_CURVE ( 'NONE', #5032, #2953, #8366, .T. ) ;
#7291 = FACE_OUTER_BOUND ( 'NONE', #6343, .T. ) ;
#7292 = VERTEX_POINT ( 'NONE', #7516 ) ;
#7293 = PLANE ( 'NONE',  #7608 ) ;
#7294 = EDGE_CURVE ( 'NONE', #7420, #604, #6007, .T. ) ;
#7295 = VECTOR ( 'NONE', #7629, 1000.000000000000000 ) ;
#7296 = VECTOR ( 'NONE', #7950, 1000.000000000000000 ) ;
#7297 = ADVANCED_FACE ( 'NONE', ( #5882 ), #6866, .F. ) ;
#7298 = EDGE_CURVE ( 'NONE', #7561, #76, #2075, .T. ) ;
#7299 = FACE_OUTER_BOUND ( 'NONE', #5792, .T. ) ;
#7300 = DIRECTION ( 'NONE',  ( 0.0000000000000000000, -1.000000000000000000, 0.0000000000000000000 ) ) ;
#7301 = VECTOR ( 'NONE', #1977, 1000.000000000000000 ) ;
#7302 = LINE ( 'NONE', #4921, #2354 ) ;
#7303 = VECTOR ( 'NONE', #7534, 1000.000000000000000 ) ;
#7304 = AXIS2_PLACEMENT_3D ( 'NONE', #6623, #3542, #1246 ) ;
#7305 = CARTESIAN_POINT ( 'NONE',  ( -5.849999999999997900, 1.300000000000000000, -14.12000000000000300 ) ) ;
#7306 = DIRECTION ( 'NONE',  ( 0.0000000000000000000, -0.0000000000000000000, 1.000000000000000000 ) ) ;
#7307 = FILL_AREA_STYLE ('',( #9732 ) ) ;
#7308 = LINE ( 'NONE', #3371, #3035 ) ;
#7309 = FACE_OUTER_BOUND ( 'NONE', #6588, .T. ) ;
#7310 = VECTOR ( 'NONE', #2064, 1000.000000000000000 ) ;
#7311 = EDGE_LOOP ( 'NONE', ( #3191, #9609, #2183, #3060 ) ) ;
#7312 = CARTESIAN_POINT ( 'NONE',  ( -21.08999999999999600, 0.2000000000000000100, -13.81999999999999900 ) ) ;
#7313 = CARTESIAN_POINT ( 'NONE',  ( -1.019999999999996700, 0.2000000000000000100, 0.0000000000000000000 ) ) ;
#7314 = DIRECTION ( 'NONE',  ( 0.0000000000000000000, 0.0000000000000000000, -1.000000000000000000 ) ) ;
#7315 = LINE ( 'NONE', #9740, #6571 ) ;
#7316 = VERTEX_POINT ( 'NONE', #2171 ) ;
#7317 = VERTEX_POINT ( 'NONE', #708 ) ;
#7318 = EDGE_CURVE ( 'NONE', #4302, #5008, #9607, .T. ) ;
#7319 = AXIS2_PLACEMENT_3D ( 'NONE', #2245, #6894, #8465 ) ;
#7320 = ORIENTED_EDGE ( 'NONE', *, *, #8157, .T. ) ;
#7321 = EDGE_LOOP ( 'NONE', ( #2742, #2102, #7820, #4783 ) ) ;
#7322 = VECTOR ( 'NONE', #6200, 1000.000000000000000 ) ;
#7323 = CARTESIAN_POINT ( 'NONE',  ( -19.54999999999999700, 1.300000000000000000, -14.12000000000000300 ) ) ;
#7324 = VECTOR ( 'NONE', #4015, 1000.000000000000000 ) ;
#7325 = VERTEX_POINT ( 'NONE', #5395 ) ;
#7326 = LINE ( 'NONE', #9997, #1196 ) ;
#7327 = DIRECTION ( 'NONE',  ( -1.000000000000000000, -0.0000000000000000000, -0.0000000000000000000 ) ) ;
#7328 = ADVANCED_FACE ( 'NONE', ( #80 ), #6214, .F. ) ;
#7329 = ORIENTED_EDGE ( 'NONE', *, *, #7865, .T. ) ;
#7330 = ORIENTED_EDGE ( 'NONE', *, *, #2786, .T. ) ;
#7331 = DIRECTION ( 'NONE',  ( 0.0000000000000000000, -1.000000000000000000, 4.336808689942017700E-015 ) ) ;
#7332 = CARTESIAN_POINT ( 'NONE',  ( 28.30000000000000800, 0.2500000000000003300, 0.4299999999999991600 ) ) ;
#7333 = VERTEX_POINT ( 'NONE', #4642 ) ;
#7334 = ORIENTED_EDGE ( 'NONE', *, *, #2807, .F. ) ;
#7335 = EDGE_CURVE ( 'NONE', #5170, #8286, #4901, .T. ) ;
#7336 = ORIENTED_EDGE ( 'NONE', *, *, #836, .T. ) ;
#7337 = FACE_OUTER_BOUND ( 'NONE', #9648, .T. ) ;
#7338 = CARTESIAN_POINT ( 'NONE',  ( 24.63000000000000600, 0.2000000000000000100, -14.12000000000000100 ) ) ;
#7339 = LINE ( 'NONE', #489, #8592 ) ;
#7340 = DIRECTION ( 'NONE',  ( 0.0000000000000000000, -1.000000000000000000, 4.336808689942017700E-015 ) ) ;
#7341 = LINE ( 'NONE', #4218, #3179 ) ;
#7342 = ORIENTED_EDGE ( 'NONE', *, *, #7572, .F. ) ;
#7343 = VERTEX_POINT ( 'NONE', #1509 ) ;
#7344 = CARTESIAN_POINT ( 'NONE',  ( 18.80000000000000400, 0.0000000000000000000, 0.0000000000000000000 ) ) ;
#7345 = VERTEX_POINT ( 'NONE', #2279 ) ;
#7346 = CARTESIAN_POINT ( 'NONE',  ( -8.639999999999998800, 1.300000000000000000, -14.12000000000000300 ) ) ;
#7347 = VECTOR ( 'NONE', #590, 1000.000000000000000 ) ;
#7348 = EDGE_CURVE ( 'NONE', #10168, #243, #706, .T. ) ;
#7349 = COLOUR_RGB ( '',0.7921568627450980000, 0.8196078431372548800, 0.9333333333333333500 ) ;
#7350 = DIRECTION ( 'NONE',  ( 0.0000000000000000000, 1.000000000000000000, -1.577021341797097600E-015 ) ) ;
#7351 = ORIENTED_EDGE ( 'NONE', *, *, #7493, .F. ) ;
#7352 = CARTESIAN_POINT ( 'NONE',  ( 4.310000000000004900, 0.2000000000000000100, -14.12000000000000100 ) ) ;
#7353 = PLANE ( 'NONE',  #8097 ) ;
#7354 = ADVANCED_FACE ( 'NONE', ( #4043 ), #7000, .T. ) ;
#7355 = ORIENTED_EDGE ( 'NONE', *, *, #9261, .T. ) ;
#7356 = CARTESIAN_POINT ( 'NONE',  ( 19.30000000000000400, -8.000000000000000000, -14.12000000000000300 ) ) ;
#7357 = LINE ( 'NONE', #5799, #1232 ) ;
#7358 = ORIENTED_EDGE ( 'NONE', *, *, #2093, .F. ) ;
#7359 = CLOSED_SHELL ( 'NONE', ( #7276, #9611, #5935, #10027, #4707, #6051, #2999, #3622, #5890, #5637 ) ) ;
#7360 = DIRECTION ( 'NONE',  ( 1.000000000000000000, 0.0000000000000000000, -0.0000000000000000000 ) ) ;
#7361 = EDGE_LOOP ( 'NONE', ( #5257, #9254, #9235, #7597, #230, #7109 ) ) ;
#7362 = EDGE_CURVE ( 'NONE', #627, #2701, #1958, .T. ) ;
#7363 = ORIENTED_EDGE ( 'NONE', *, *, #8125, .T. ) ;
#7364 = CARTESIAN_POINT ( 'NONE',  ( 14.22000000000000400, -8.000000000000000000, -14.12000000000000300 ) ) ;
#7365 = DIRECTION ( 'NONE',  ( 0.0000000000000000000, 1.000000000000000000, -1.577021341797097600E-015 ) ) ;
#7366 = EDGE_CURVE ( 'NONE', #7100, #2204, #8734, .T. ) ;
#7367 = ORIENTED_EDGE ( 'NONE', *, *, #8570, .F. ) ;
#7368 = ORIENTED_EDGE ( 'NONE', *, *, #8511, .F. ) ;
#7369 =( GEOMETRIC_REPRESENTATION_CONTEXT ( 3 ) GLOBAL_UNCERTAINTY_ASSIGNED_CONTEXT ( ( #378 ) ) GLOBAL_UNIT_ASSIGNED_CONTEXT ( ( #7560, #482, #5994 ) ) REPRESENTATION_CONTEXT ( 'NONE', 'WORKASPACE' ) );
#7370 = EDGE_LOOP ( 'NONE', ( #5946, #3535, #4963, #219 ) ) ;
#7371 = PLANE ( 'NONE',  #9212 ) ;
#7372 = ADVANCED_FACE ( 'NONE', ( #7473 ), #7833, .F. ) ;
#7373 = VERTEX_POINT ( 'NONE', #4572 ) ;
#7374 = CARTESIAN_POINT ( 'NONE',  ( 11.93000000000000300, 0.2000000000000000100, -13.81999999999999900 ) ) ;
#7375 = CARTESIAN_POINT ( 'NONE',  ( 4.060000000000004900, 1.000000000000000000, -13.82000000000000200 ) ) ;
#7376 = PLANE ( 'NONE',  #8581 ) ;
#7377 = VERTEX_POINT ( 'NONE', #2355 ) ;
#7378 = UNCERTAINTY_MEASURE_WITH_UNIT (LENGTH_MEASURE( 1.000000000000000100E-005 ), #2493, 'distance_accuracy_value', 'NONE');
#7379 = PLANE ( 'NONE',  #6012 ) ;
#7380 = COLOUR_RGB ( '',0.7921568627450980000, 0.8196078431372548800, 0.9333333333333333500 ) ;
#7381 = ORIENTED_EDGE ( 'NONE', *, *, #4865, .F. ) ;
#7382 = CARTESIAN_POINT ( 'NONE',  ( 27.00000000000001100, 0.0000000000000000000, -7.320000000000002100 ) ) ;
#7383 = EDGE_CURVE ( 'NONE', #7204, #4152, #7845, .T. ) ;
#7384 = CARTESIAN_POINT ( 'NONE',  ( 18.80000000000000400, -8.000000000000000000, -13.82000000000000200 ) ) ;
#7385 = CARTESIAN_POINT ( 'NONE',  ( 18.55000000000000400, 1.300000000000000000, -14.12000000000000300 ) ) ;
#7386 = SURFACE_STYLE_USAGE ( .BOTH. , #1079 ) ;
#7387 = DIRECTION ( 'NONE',  ( 0.0000000000000000000, -1.000000000000000000, 4.336808689942017700E-015 ) ) ;
#7388 = VECTOR ( 'NONE', #1374, 1000.000000000000000 ) ;
#7389 = CARTESIAN_POINT ( 'NONE',  ( 17.01000000000000500, 1.000000000000000000, -13.52000000000000300 ) ) ;
#7390 = ORIENTED_EDGE ( 'NONE', *, *, #3834, .T. ) ;
#7391 = ADVANCED_FACE ( 'NONE', ( #2836 ), #8601, .T. ) ;
#7392 = VECTOR ( 'NONE', #8737, 1000.000000000000000 ) ;
#7393 = DIRECTION ( 'NONE',  ( 0.0000000000000000000, -0.0000000000000000000, 1.000000000000000000 ) ) ;
#7394 = AXIS2_PLACEMENT_3D ( 'NONE', #7344, #8908, #4154 ) ;
#7395 = EDGE_LOOP ( 'NONE', ( #1817, #288, #7566, #837 ) ) ;
#7396 = CARTESIAN_POINT ( 'NONE',  ( -21.84000000000000000, -8.000000000000000000, 13.82000000000000200 ) ) ;
#7397 = VECTOR ( 'NONE', #8780, 1000.000000000000000 ) ;
#7398 = DIRECTION ( 'NONE',  ( -1.000000000000000000, -0.0000000000000000000, -0.0000000000000000000 ) ) ;
#7399 = CARTESIAN_POINT ( 'NONE',  ( -24.09000000000000700, 2.000000000000000000, 7.935000000000006700 ) ) ;
#7400 = VECTOR ( 'NONE', #1182, 1000.000000000000000 ) ;
#7401 = CARTESIAN_POINT ( 'NONE',  ( -23.87999999999999900, -8.000000000000000000, -13.82000000000000200 ) ) ;
#7402 = VECTOR ( 'NONE', #8036, 1000.000000000000000 ) ;
#7403 = CARTESIAN_POINT ( 'NONE',  ( -6.099999999999997900, -8.000000000000000000, -13.82000000000000200 ) ) ;
#7404 = DIRECTION ( 'NONE',  ( -1.000000000000000000, -0.0000000000000000000, -0.0000000000000000000 ) ) ;
#7405 = EDGE_CURVE ( 'NONE', #7581, #5032, #4539, .T. ) ;
#7406 = VECTOR ( 'NONE', #8809, 1000.000000000000000 ) ;
#7407 = PLANE ( 'NONE',  #3061 ) ;
#7408 = EDGE_CURVE ( 'NONE', #1683, #2868, #334, .T. ) ;
#7409 = VECTOR ( 'NONE', #5490, 1000.000000000000000 ) ;
#7410 = ORIENTED_EDGE ( 'NONE', *, *, #5420, .T. ) ;
#7411 = VECTOR ( 'NONE', #4724, 1000.000000000000000 ) ;
#7412 = PLANE ( 'NONE',  #2808 ) ;
#7413 = EDGE_CURVE ( 'NONE', #1861, #4771, #4654, .T. ) ;
#7414 = LINE ( 'NONE', #6274, #4976 ) ;
#7415 = CARTESIAN_POINT ( 'NONE',  ( 8.390000000000002300, 1.000000000000000000, -13.52000000000000300 ) ) ;
#7416 = LINE ( 'NONE', #570, #2785 ) ;
#7417 = CARTESIAN_POINT ( 'NONE',  ( 8.640000000000002300, -8.000000000000000000, -13.82000000000000200 ) ) ;
#7418 = PLANE ( 'NONE',  #5281 ) ;
#7419 = ADVANCED_FACE ( 'NONE', ( #10225 ), #4674, .F. ) ;
#7420 = VERTEX_POINT ( 'NONE', #3106 ) ;
#7421 = LINE ( 'NONE', #1951, #3504 ) ;
#7422 = DIRECTION ( 'NONE',  ( -1.000000000000000000, -0.0000000000000000000, -0.0000000000000000000 ) ) ;
#7423 = EDGE_CURVE ( 'NONE', #2428, #3443, #8092, .T. ) ;
#7424 = COLOUR_RGB ( '',0.7921568627450980000, 0.8196078431372548800, 0.9333333333333333500 ) ;
#7425 = LINE ( 'NONE', #1228, #2028 ) ;
#7426 = EDGE_LOOP ( 'NONE', ( #1482, #10011, #3592, #48 ) ) ;
#7427 = VECTOR ( 'NONE', #8038, 1000.000000000000000 ) ;
#7428 = CARTESIAN_POINT ( 'NONE',  ( -3.000000000000017300, 0.9499999999999999600, -9.650000000000000400 ) ) ;
#7429 = LINE ( 'NONE', #3448, #6941 ) ;
#7430 =( NAMED_UNIT ( * ) PLANE_ANGLE_UNIT ( ) SI_UNIT ( $, .RADIAN. ) );
#7431 = LINE ( 'NONE', #9640, #6211 ) ;
#7432 = CARTESIAN_POINT ( 'NONE',  ( 4.060000000000004900, 1.300000000000000000, -13.52000000000000300 ) ) ;
#7433 = ORIENTED_EDGE ( 'NONE', *, *, #5556, .T. ) ;
#7434 = VECTOR ( 'NONE', #1820, 1000.000000000000000 ) ;
#7435 = LINE ( 'NONE', #2943, #4615 ) ;
#7436 = ORIENTED_EDGE ( 'NONE', *, *, #2508, .F. ) ;
#7437 = DIRECTION ( 'NONE',  ( -1.000000000000000000, -0.0000000000000000000, -0.0000000000000000000 ) ) ;
#7438 = DIRECTION ( 'NONE',  ( -1.000000000000000000, -0.0000000000000000000, -0.0000000000000000000 ) ) ;
#7439 = CARTESIAN_POINT ( 'NONE',  ( -24.62999999999999900, 0.2000000000000000100, -13.81999999999999900 ) ) ;
#7440 = DIRECTION ( 'NONE',  ( 0.0000000000000000000, 0.0000000000000000000, -1.000000000000000000 ) ) ;
#7441 = ORIENTED_EDGE ( 'NONE', *, *, #7884, .T. ) ;
#7442 = VERTEX_POINT ( 'NONE', #7690 ) ;
#7443 = ORIENTED_EDGE ( 'NONE', *, *, #3818, .T. ) ;
#7444 = ORIENTED_EDGE ( 'NONE', *, *, #4466, .F. ) ;
#7445 = VERTEX_POINT ( 'NONE', #870 ) ;
#7446 = CARTESIAN_POINT ( 'NONE',  ( -8.639999999999998800, -8.000000000000000000, -14.12000000000000300 ) ) ;
#7447 = LINE ( 'NONE', #7064, #2309 ) ;
#7448 = VECTOR ( 'NONE', #5875, 1000.000000000000000 ) ;
#7449 = EDGE_LOOP ( 'NONE', ( #5478, #1736, #2504, #4020, #347, #8352 ) ) ;
#7450 = DIRECTION ( 'NONE',  ( -1.000000000000000000, -0.0000000000000000000, -0.0000000000000000000 ) ) ;
#7451 = DIRECTION ( 'NONE',  ( 1.000000000000000000, 0.0000000000000000000, 0.0000000000000000000 ) ) ;
#7452 = ADVANCED_FACE ( 'NONE', ( #5394 ), #1579, .F. ) ;
#7453 = DIRECTION ( 'NONE',  ( 0.0000000000000000000, -1.000000000000000000, 0.0000000000000000000 ) ) ;
#7454 = VECTOR ( 'NONE', #5893, 1000.000000000000000 ) ;
#7455 = EDGE_CURVE ( 'NONE', #8634, #9444, #9868, .T. ) ;
#7456 = VECTOR ( 'NONE', #9908, 1000.000000000000000 ) ;
#7457 = VERTEX_POINT ( 'NONE', #7920 ) ;
#7458 = CARTESIAN_POINT ( 'NONE',  ( 16.26000000000000500, 0.2000000000000000100, 0.0000000000000000000 ) ) ;
#7459 = VERTEX_POINT ( 'NONE', #134 ) ;
#7460 = ORIENTED_EDGE ( 'NONE', *, *, #7618, .F. ) ;
#7461 = VECTOR ( 'NONE', #7870, 1000.000000000000000 ) ;
#7462 = CARTESIAN_POINT ( 'NONE',  ( 22.09000000000000700, 0.2000000000000000900, 13.82000000000000200 ) ) ;
#7463 = CARTESIAN_POINT ( 'NONE',  ( 10.93000000000000100, 0.2000000000000000100, -14.12000000000000100 ) ) ;
#7464 = CARTESIAN_POINT ( 'NONE',  ( -21.08999999999999600, 1.000000000000000000, -13.52000000000000300 ) ) ;
#7465 = VECTOR ( 'NONE', #7271, 1000.000000000000000 ) ;
#7466 = CARTESIAN_POINT ( 'NONE',  ( -6.849999999999998800, 1.300000000000000000, -13.52000000000000300 ) ) ;
#7467 = ORIENTED_EDGE ( 'NONE', *, *, #5060, .T. ) ;
#7468 = EDGE_CURVE ( 'NONE', #32, #240, #458, .T. ) ;
#7469 = CLOSED_SHELL ( 'NONE', ( #34, #3397, #1234, #4918, #9207, #2398, #6758, #3091, #1277, #585, #330, #2628 ) ) ;
#7470 = AXIS2_PLACEMENT_3D ( 'NONE', #4427, #5326, #611 ) ;
#7471 = CARTESIAN_POINT ( 'NONE',  ( 11.68000000000000300, 1.000000000000000000, -13.52000000000000300 ) ) ;
#7472 = CARTESIAN_POINT ( 'NONE',  ( 1.520000000000004000, 0.2000000000000000900, -14.12000000000000300 ) ) ;
#7473 = FACE_OUTER_BOUND ( 'NONE', #5404, .T. ) ;
#7474 = VERTEX_POINT ( 'NONE', #3205 ) ;
#7475 = CARTESIAN_POINT ( 'NONE',  ( 16.76000000000000500, -8.000000000000000000, -13.82000000000000200 ) ) ;
#7476 = CARTESIAN_POINT ( 'NONE',  ( 4.310000000000004900, 0.2000000000000000100, -14.12000000000000100 ) ) ;
#7477 = ORIENTED_EDGE ( 'NONE', *, *, #5779, .T. ) ;
#7478 = DIRECTION ( 'NONE',  ( -1.800252673284358000E-016, 0.0000000000000000000, -1.000000000000000000 ) ) ;
#7479 = EDGE_LOOP ( 'NONE', ( #8580, #7012, #8460, #1945, #2305, #10226 ) ) ;
#7480 = EDGE_CURVE ( 'NONE', #10228, #3640, #8599, .T. ) ;
#7481 = ADVANCED_FACE ( 'NONE', ( #207 ), #4871, .T. ) ;
#7482 = LINE ( 'NONE', #9942, #5403 ) ;
#7483 = VERTEX_POINT ( 'NONE', #3170 ) ;
#7484 = LINE ( 'NONE', #430, #3322 ) ;
#7485 = CARTESIAN_POINT ( 'NONE',  ( 10.93000000000000100, 1.300000000000000000, -13.52000000000000300 ) ) ;
#7487 = EDGE_LOOP ( 'NONE', ( #8238, #3327, #1725, #2383, #8209, #5798 ) ) ;
#7486 = DIRECTION ( 'NONE',  ( -1.000000000000000000, 0.0000000000000000000, 5.400758019853073200E-017 ) ) ;
#7488 = ORIENTED_EDGE ( 'NONE', *, *, #1209, .T. ) ;
#7489 = EDGE_LOOP ( 'NONE', ( #9895, #9306, #4805, #698 ) ) ;
#7490 = APPLICATION_CONTEXT ( 'automotive_design' ) ;
#7491 = ORIENTED_EDGE ( 'NONE', *, *, #4941, .T. ) ;
#7492 = LINE ( 'NONE', #6165, #10126 ) ;
#7493 = EDGE_CURVE ( 'NONE', #2389, #3437, #6865, .T. ) ;
#7494 = ORIENTED_EDGE ( 'NONE', *, *, #5049, .F. ) ;
#7495 = EDGE_CURVE ( 'NONE', #845, #93, #2719, .T. ) ;
#7496 = PLANE ( 'NONE',  #5069 ) ;
#7497 = ORIENTED_EDGE ( 'NONE', *, *, #1869, .T. ) ;
#7498 = DIRECTION ( 'NONE',  ( 0.0000000000000000000, 0.0000000000000000000, -1.000000000000000000 ) ) ;
#7499 = ORIENTED_EDGE ( 'NONE', *, *, #903, .F. ) ;
#7500 = CARTESIAN_POINT ( 'NONE',  ( 24.63000000000000600, 0.2000000000000000900, 14.12000000000000100 ) ) ;
#7501 = AXIS2_PLACEMENT_3D ( 'NONE', #5327, #1274, #4500 ) ;
#7502 = ADVANCED_FACE ( 'NONE', ( #8850 ), #5631, .F. ) ;
#7503 = ORIENTED_EDGE ( 'NONE', *, *, #8639, .T. ) ;
#7504 = DIRECTION ( 'NONE',  ( 0.0000000000000000000, -0.0000000000000000000, 1.000000000000000000 ) ) ;
#7505 = CARTESIAN_POINT ( 'NONE',  ( -23.87999999999999900, -8.000000000000000000, -13.82000000000000200 ) ) ;
#7506 = ORIENTED_EDGE ( 'NONE', *, *, #5458, .F. ) ;
#7507 = DIRECTION ( 'NONE',  ( 0.0000000000000000000, 0.0000000000000000000, 1.000000000000000000 ) ) ;
#7508 = CARTESIAN_POINT ( 'NONE',  ( -1.519999999999997100, -8.000000000000000000, -13.82000000000000200 ) ) ;
#7509 = ORIENTED_EDGE ( 'NONE', *, *, #307, .T. ) ;
#7510 = UNCERTAINTY_MEASURE_WITH_UNIT (LENGTH_MEASURE( 1.000000000000000100E-005 ), #1355, 'distance_accuracy_value', 'NONE');
#7511 = VECTOR ( 'NONE', #881, 1000.000000000000000 ) ;
#7512 = EDGE_CURVE ( 'NONE', #9116, #96, #1456, .T. ) ;
#7513 = CARTESIAN_POINT ( 'NONE',  ( 13.72000000000000200, -8.000000000000000000, -13.82000000000000200 ) ) ;
#7514 = VERTEX_POINT ( 'NONE', #9541 ) ;
#7515 = DIRECTION ( 'NONE',  ( 1.000000000000000000, 0.0000000000000000000, 0.0000000000000000000 ) ) ;
#7516 = CARTESIAN_POINT ( 'NONE',  ( 19.55000000000000400, 1.000000000000000000, -13.82000000000000200 ) ) ;
#7517 = CARTESIAN_POINT ( 'NONE',  ( -19.54999999999999700, 1.000000000000000000, -13.82000000000000200 ) ) ;
#7518 = SURFACE_SIDE_STYLE ('',( #1987 ) ) ;
#7519 = VECTOR ( 'NONE', #7210, 1000.000000000000000 ) ;
#7520 = VERTEX_POINT ( 'NONE', #9478 ) ;
#7521 = EDGE_CURVE ( 'NONE', #9342, #2790, #1208, .T. ) ;
#7522 = PLANE ( 'NONE',  #8980 ) ;
#7523 = ADVANCED_FACE ( 'NONE', ( #1950 ), #1613, .F. ) ;
#7524 = DIRECTION ( 'NONE',  ( 0.0000000000000000000, -1.000000000000000000, 0.0000000000000000000 ) ) ;
#7525 = CARTESIAN_POINT ( 'NONE',  ( -24.37999999999999900, -8.000000000000000000, -14.12000000000000300 ) ) ;
#7526 = CARTESIAN_POINT ( 'NONE',  ( -11.17999999999999800, 0.2000000000000000100, 0.0000000000000000000 ) ) ;
#7527 = VECTOR ( 'NONE', #7450, 1000.000000000000000 ) ;
#7528 = VERTEX_POINT ( 'NONE', #7202 ) ;
#7529 = VECTOR ( 'NONE', #7756, 1000.000000000000000 ) ;
#7530 = DIRECTION ( 'NONE',  ( 0.0000000000000000000, -0.0000000000000000000, 1.000000000000000000 ) ) ;
#7531 = EDGE_CURVE ( 'NONE', #4489, #4658, #1338, .T. ) ;
#7532 = DIRECTION ( 'NONE',  ( 0.0000000000000000000, 1.000000000000000000, 0.0000000000000000000 ) ) ;
#7533 = LINE ( 'NONE', #3131, #6083 ) ;
#7534 = DIRECTION ( 'NONE',  ( -0.0000000000000000000, -1.000000000000000000, -0.0000000000000000000 ) ) ;
#7535 = VERTEX_POINT ( 'NONE', #9514 ) ;
#7536 = AXIS2_PLACEMENT_3D ( 'NONE', #3297, #798, #9573 ) ;
#7537 = LINE ( 'NONE', #4040, #9037 ) ;
#7538 = DIRECTION ( 'NONE',  ( 1.000000000000000000, 0.0000000000000000000, 0.0000000000000000000 ) ) ;
#7539 = FACE_OUTER_BOUND ( 'NONE', #5753, .T. ) ;
#7540 = CARTESIAN_POINT ( 'NONE',  ( -8.389999999999998800, 1.000000000000000000, -13.82000000000000200 ) ) ;
#7541 = COLOUR_RGB ( '',0.7921568627450980000, 0.8196078431372548800, 0.9333333333333333500 ) ;
#7542 = VECTOR ( 'NONE', #5750, 1000.000000000000000 ) ;
#7543 = PLANE ( 'NONE',  #9999 ) ;
#7544 = VECTOR ( 'NONE', #2059, 1000.000000000000000 ) ;
#7545 = CARTESIAN_POINT ( 'NONE',  ( -17.00999999999999800, 1.000000000000000000, -13.82000000000000200 ) ) ;
#7546 = DIRECTION ( 'NONE',  ( 0.0000000000000000000, -0.0000000000000000000, -1.000000000000000000 ) ) ;
#7547 = ADVANCED_FACE ( 'NONE', ( #2957 ), #109, .F. ) ;
#7548 = PRESENTATION_STYLE_ASSIGNMENT (( #7020 ) ) ;
#7549 = VECTOR ( 'NONE', #6648, 1000.000000000000000 ) ;
#7550 = EDGE_CURVE ( 'NONE', #3640, #3788, #584, .T. ) ;
#7551 = FACE_OUTER_BOUND ( 'NONE', #4278, .T. ) ;
#7552 = LINE ( 'NONE', #2468, #3875 ) ;
#7553 = LINE ( 'NONE', #8049, #2918 ) ;
#7554 = EDGE_CURVE ( 'NONE', #5370, #1478, #4775, .T. ) ;
#7555 = STYLED_ITEM ( 'NONE', ( #6132 ), #7708 ) ;
#7556 = DIRECTION ( 'NONE',  ( -1.000000000000000000, -0.0000000000000000000, -0.0000000000000000000 ) ) ;
#7557 = LINE ( 'NONE', #9308, #4128 ) ;
#7558 = AXIS2_PLACEMENT_3D ( 'NONE', #7909, #3097, #4662 ) ;
#7559 = DIRECTION ( 'NONE',  ( -1.000000000000000000, 0.0000000000000000000, -0.0000000000000000000 ) ) ;
#7560 =( LENGTH_UNIT ( ) NAMED_UNIT ( * ) SI_UNIT ( .MILLI., .METRE. ) );
#7561 = VERTEX_POINT ( 'NONE', #3467 ) ;
#7562 = VERTEX_POINT ( 'NONE', #3367 ) ;
#7563 = EDGE_CURVE ( 'NONE', #4535, #6359, #2446, .T. ) ;
#7564 = CARTESIAN_POINT ( 'NONE',  ( 24.63000000000000600, 0.2000000000000000900, 13.82000000000000200 ) ) ;
#7565 = ORIENTED_EDGE ( 'NONE', *, *, #1642, .T. ) ;
#7566 = ORIENTED_EDGE ( 'NONE', *, *, #2372, .F. ) ;
#7567 = ORIENTED_EDGE ( 'NONE', *, *, #6208, .F. ) ;
#7568 = VECTOR ( 'NONE', #1954, 1000.000000000000000 ) ;
#7569 = FACE_OUTER_BOUND ( 'NONE', #791, .T. ) ;
#7570 = ORIENTED_EDGE ( 'NONE', *, *, #5704, .T. ) ;
#7571 = CARTESIAN_POINT ( 'NONE',  ( 21.34000000000000300, 1.300000000000000000, 14.12000000000000300 ) ) ;
#7572 = EDGE_CURVE ( 'NONE', #5676, #3508, #5751, .T. ) ;
#7573 = LINE ( 'NONE', #239, #557 ) ;
#7574 = DIRECTION ( 'NONE',  ( 0.0000000000000000000, -0.0000000000000000000, 1.000000000000000000 ) ) ;
#7575 = VERTEX_POINT ( 'NONE', #1013 ) ;
#7576 = ORIENTED_EDGE ( 'NONE', *, *, #7298, .T. ) ;
#7577 = AXIS2_PLACEMENT_3D ( 'NONE', #7637, #3725, #598 ) ;
#7578 = ORIENTED_EDGE ( 'NONE', *, *, #6273, .T. ) ;
#7579 = ORIENTED_EDGE ( 'NONE', *, *, #3953, .F. ) ;
#7580 = CARTESIAN_POINT ( 'NONE',  ( -11.17999999999999800, -8.000000000000000000, -13.82000000000000200 ) ) ;
#7581 = VERTEX_POINT ( 'NONE', #4210 ) ;
#7582 = ADVANCED_FACE ( 'NONE', ( #9600 ), #9725, .F. ) ;
#7583 = VECTOR ( 'NONE', #9390, 1000.000000000000000 ) ;
#7584 = CARTESIAN_POINT ( 'NONE',  ( -21.84000000000000000, 0.2000000000000000900, 14.12000000000000100 ) ) ;
#7585 = VERTEX_POINT ( 'NONE', #6575 ) ;
#7586 = DIRECTION ( 'NONE',  ( -0.0000000000000000000, -1.000000000000000000, -0.0000000000000000000 ) ) ;
#7587 = CARTESIAN_POINT ( 'NONE',  ( 18.55000000000000400, 1.000000000000000000, -13.52000000000000300 ) ) ;
#7588 = DIRECTION ( 'NONE',  ( -0.0000000000000000000, 0.0000000000000000000, 1.000000000000000000 ) ) ;
#7589 = EDGE_CURVE ( 'NONE', #9458, #8906, #3305, .T. ) ;
#7590 = FACE_OUTER_BOUND ( 'NONE', #62, .T. ) ;
#7591 = CARTESIAN_POINT ( 'NONE',  ( -23.87999999999999900, -8.000000000000000000, -14.12000000000000300 ) ) ;
#7592 = EDGE_CURVE ( 'NONE', #3151, #8484, #9477, .T. ) ;
#7593 = AXIS2_PLACEMENT_3D ( 'NONE', #5467, #9455, #8752 ) ;
#7594 = LINE ( 'NONE', #8876, #8477 ) ;
#7595 = VERTEX_POINT ( 'NONE', #1049 ) ;
#7596 = ORIENTED_EDGE ( 'NONE', *, *, #8164, .T. ) ;
#7597 = ORIENTED_EDGE ( 'NONE', *, *, #842, .F. ) ;
#7598 = VERTEX_POINT ( 'NONE', #6535 ) ;
#7599 = CARTESIAN_POINT ( 'NONE',  ( -24.09000000000000700, 2.000000000000000000, -4.074999999999995700 ) ) ;
#7600 = VECTOR ( 'NONE', #1664, 1000.000000000000000 ) ;
#7601 = DIRECTION ( 'NONE',  ( -0.0000000000000000000, -0.0000000000000000000, -1.000000000000000000 ) ) ;
#7602 = DIRECTION ( 'NONE',  ( 0.0000000000000000000, 0.0000000000000000000, 1.000000000000000000 ) ) ;
#7603 = DIRECTION ( 'NONE',  ( 0.0000000000000000000, -1.000000000000000000, 0.0000000000000000000 ) ) ;
#7604 = EDGE_CURVE ( 'NONE', #2701, #4518, #5276, .T. ) ;
#7605 = ORIENTED_EDGE ( 'NONE', *, *, #1665, .F. ) ;
#7606 = ADVANCED_FACE ( 'NONE', ( #1083 ), #1858, .T. ) ;
#7607 = VERTEX_POINT ( 'NONE', #2545 ) ;
#7608 = AXIS2_PLACEMENT_3D ( 'NONE', #9713, #5850, #3463 ) ;
#7609 = ORIENTED_EDGE ( 'NONE', *, *, #1177, .T. ) ;
#7610 = DIRECTION ( 'NONE',  ( 0.0000000000000000000, -0.0000000000000000000, 1.000000000000000000 ) ) ;
#7611 = FACE_OUTER_BOUND ( 'NONE', #5246, .T. ) ;
#7612 = DIRECTION ( 'NONE',  ( -0.0000000000000000000, 0.0000000000000000000, 1.000000000000000000 ) ) ;
#7613 =( NAMED_UNIT ( * ) SI_UNIT ( $, .STERADIAN. ) SOLID_ANGLE_UNIT ( ) );
#7614 = DIRECTION ( 'NONE',  ( 0.0000000000000000000, 0.0000000000000000000, 1.000000000000000000 ) ) ;
#7615 = CARTESIAN_POINT ( 'NONE',  ( -8.639999999999998800, 0.2000000000000005100, -13.82000000000000200 ) ) ;
#7616 = DIRECTION ( 'NONE',  ( 0.0000000000000000000, 0.0000000000000000000, -1.000000000000000000 ) ) ;
#7617 = ORIENTED_EDGE ( 'NONE', *, *, #3210, .T. ) ;
#7618 = EDGE_CURVE ( 'NONE', #3068, #3321, #5386, .T. ) ;
#7619 = DIRECTION ( 'NONE',  ( 0.0000000000000000000, 1.000000000000000000, 0.0000000000000000000 ) ) ;
#7620 = ORIENTED_EDGE ( 'NONE', *, *, #2450, .F. ) ;
#7621 = CARTESIAN_POINT ( 'NONE',  ( -13.71999999999999700, 1.000000000000000000, -13.52000000000000300 ) ) ;
#7622 = DIRECTION ( 'NONE',  ( -1.000000000000000000, -0.0000000000000000000, -0.0000000000000000000 ) ) ;
#7623 = EDGE_CURVE ( 'NONE', #5379, #1222, #823, .T. ) ;
#7624 = CARTESIAN_POINT ( 'NONE',  ( 16.76000000000000500, 1.000000000000000000, -13.52000000000000300 ) ) ;
#7625 = CARTESIAN_POINT ( 'NONE',  ( 10.93000000000000100, 0.0000000000000000000, 0.0000000000000000000 ) ) ;
#7626 = ORIENTED_EDGE ( 'NONE', *, *, #9401, .F. ) ;
#7627 = EDGE_CURVE ( 'NONE', #2006, #9007, #7594, .T. ) ;
#7628 = ORIENTED_EDGE ( 'NONE', *, *, #9660, .F. ) ;
#7629 = DIRECTION ( 'NONE',  ( 0.0000000000000000000, 0.0000000000000000000, -1.000000000000000000 ) ) ;
#7630 = EDGE_CURVE ( 'NONE', #9220, #2237, #8723, .T. ) ;
#7631 = PLANE ( 'NONE',  #1750 ) ;
#7632 = DIRECTION ( 'NONE',  ( -0.0000000000000000000, -0.0000000000000000000, -1.000000000000000000 ) ) ;
#7633 = ORIENTED_EDGE ( 'NONE', *, *, #9234, .T. ) ;
#7634 = DIRECTION ( 'NONE',  ( 0.0000000000000000000, -0.0000000000000000000, 1.000000000000000000 ) ) ;
#7635 = CARTESIAN_POINT ( 'NONE',  ( -5.849999999999997900, 1.300000000000000000, -14.12000000000000300 ) ) ;
#7636 = AXIS2_PLACEMENT_3D ( 'NONE', #4159, #2623, #8913 ) ;
#7637 = CARTESIAN_POINT ( 'NONE',  ( -23.62999999999999900, 0.2000000000000000100, -13.81999999999999900 ) ) ;
#7638 = DIRECTION ( 'NONE',  ( 0.0000000000000000000, -0.0000000000000000000, 1.000000000000000000 ) ) ;
#7639 = SURFACE_STYLE_USAGE ( .BOTH. , #3832 ) ;
#7640 = VECTOR ( 'NONE', #2903, 1000.000000000000000 ) ;
#7641 = CARTESIAN_POINT ( 'NONE',  ( -16.00999999999999800, 1.300000000000000000, -14.12000000000000300 ) ) ;
#7642 = ADVANCED_FACE ( 'NONE', ( #3790 ), #1090, .F. ) ;
#7643 = ORIENTED_EDGE ( 'NONE', *, *, #9290, .F. ) ;
#7644 = PLANE ( 'NONE',  #5112 ) ;
#7645 = CARTESIAN_POINT ( 'NONE',  ( -18.54999999999999700, 0.2000000000000000100, -14.12000000000000100 ) ) ;
#7646 = CARTESIAN_POINT ( 'NONE',  ( 1.770000000000004200, 0.2000000000000000100, -14.12000000000000100 ) ) ;
#7647 = DIRECTION ( 'NONE',  ( -0.0000000000000000000, 1.000000000000000000, -0.0000000000000000000 ) ) ;
#7648 = VECTOR ( 'NONE', #4062, 1000.000000000000000 ) ;
#7649 = EDGE_CURVE ( 'NONE', #6981, #1431, #9218, .T. ) ;
#7650 = MECHANICAL_DESIGN_GEOMETRIC_PRESENTATION_REPRESENTATION (  '', ( #7855 ), #9661 ) ;
#7651 = PLANE ( 'NONE',  #726 ) ;
#7652 = LINE ( 'NONE', #8667, #7895 ) ;
#7653 = PLANE ( 'NONE',  #8745 ) ;
#7654 = PLANE ( 'NONE',  #1584 ) ;
#7655 = EDGE_LOOP ( 'NONE', ( #5009, #7098, #4648, #2805 ) ) ;
#7656 = ADVANCED_FACE ( 'NONE', ( #7963 ), #6644, .F. ) ;
#7657 = VECTOR ( 'NONE', #6896, 1000.000000000000000 ) ;
#7658 = PLANE ( 'NONE',  #5214 ) ;
#7659 = ORIENTED_EDGE ( 'NONE', *, *, #7888, .F. ) ;
#7660 = VECTOR ( 'NONE', #8613, 1000.000000000000000 ) ;
#7661 = EDGE_CURVE ( 'NONE', #6098, #6490, #1578, .T. ) ;
#7662 = LINE ( 'NONE', #4817, #6419 ) ;
#7663 = CARTESIAN_POINT ( 'NONE',  ( -13.71999999999999700, -8.000000000000000000, -14.12000000000000300 ) ) ;
#7664 = AXIS2_PLACEMENT_3D ( 'NONE', #1732, #8718, #2488 ) ;
#7665 = VECTOR ( 'NONE', #9087, 1000.000000000000000 ) ;
#7666 = PLANE ( 'NONE',  #1296 ) ;
#7667 = CARTESIAN_POINT ( 'NONE',  ( -9.139999999999998800, -8.000000000000000000, -14.12000000000000300 ) ) ;
#7668 = VECTOR ( 'NONE', #1155, 1000.000000000000000 ) ;
#7669 = VECTOR ( 'NONE', #233, 1000.000000000000000 ) ;
#7670 = VECTOR ( 'NONE', #733, 1000.000000000000000 ) ;
#7671 = LINE ( 'NONE', #2769, #779 ) ;
#7672 = EDGE_CURVE ( 'NONE', #3085, #8942, #5872, .T. ) ;
#7673 = PLANE ( 'NONE',  #6902 ) ;
#7674 = VECTOR ( 'NONE', #8321, 1000.000000000000000 ) ;
#7675 =( LENGTH_UNIT ( ) NAMED_UNIT ( * ) SI_UNIT ( .MILLI., .METRE. ) );
#7676 = LINE ( 'NONE', #5392, #5586 ) ;
#7677 = DIRECTION ( 'NONE',  ( -0.0000000000000000000, 0.0000000000000000000, 1.000000000000000000 ) ) ;
#7678 = LINE ( 'NONE', #1289, #4852 ) ;
#7679 = EDGE_LOOP ( 'NONE', ( #956, #1087, #3856, #7643 ) ) ;
#7680 = CARTESIAN_POINT ( 'NONE',  ( -10.92999999999999600, 0.2000000000000000100, -13.81999999999999900 ) ) ;
#7681 = PLANE ( 'NONE',  #8294 ) ;
#7682 = LINE ( 'NONE', #996, #2412 ) ;
#7683 = FACE_OUTER_BOUND ( 'NONE', #960, .T. ) ;
#7684 = ORIENTED_EDGE ( 'NONE', *, *, #3233, .T. ) ;
#7685 = LINE ( 'NONE', #3582, #4850 ) ;
#7686 = DIRECTION ( 'NONE',  ( -0.0000000000000000000, 0.0000000000000000000, 1.000000000000000000 ) ) ;
#7687 = ORIENTED_EDGE ( 'NONE', *, *, #2093, .T. ) ;
#7688 = EDGE_CURVE ( 'NONE', #5156, #9182, #9860, .T. ) ;
#7689 = PLANE ( 'NONE',  #7470 ) ;
#7690 = CARTESIAN_POINT ( 'NONE',  ( -0.7699999999999963500, 0.2000000000000000100, -13.81999999999999900 ) ) ;
#7691 = PRESENTATION_STYLE_ASSIGNMENT (( #8330 ) ) ;
#7692 = EDGE_CURVE ( 'NONE', #7520, #7850, #6855, .T. ) ;
#7693 = VECTOR ( 'NONE', #8006, 1000.000000000000000 ) ;
#7694 = PLANE ( 'NONE',  #9452 ) ;
#7695 = ORIENTED_EDGE ( 'NONE', *, *, #1221, .T. ) ;
#7696 = VERTEX_POINT ( 'NONE', #7472 ) ;
#7697 = ADVANCED_FACE ( 'NONE', ( #3541 ), #5072, .F. ) ;
#7698 = VERTEX_POINT ( 'NONE', #2796 ) ;
#7699 = VERTEX_POINT ( 'NONE', #6671 ) ;
#7700 = EDGE_CURVE ( 'NONE', #5844, #10043, #4527, .T. ) ;
#7701 = LINE ( 'NONE', #2579, #5612 ) ;
#7702 = LINE ( 'NONE', #10269, #9464 ) ;
#7703 = CARTESIAN_POINT ( 'NONE',  ( -4.309999999999997800, 1.300000000000000000, -13.52000000000000300 ) ) ;
#7704 = ORIENTED_EDGE ( 'NONE', *, *, #9245, .F. ) ;
#7705 = STYLED_ITEM ( 'NONE', ( #5960 ), #8792 ) ;
#7706 = PLANE ( 'NONE',  #1150 ) ;
#7707 = PLANE ( 'NONE',  #4156 ) ;
#7708 = MANIFOLD_SOLID_BREP ( 'LPattern1[30]', #6624 ) ;
#7709 = CARTESIAN_POINT ( 'NONE',  ( 21.84000000000000700, 0.0000000000000000000, 0.0000000000000000000 ) ) ;
#7710 = CARTESIAN_POINT ( 'NONE',  ( 1.770000000000004200, 1.000000000000000000, -13.52000000000000300 ) ) ;
#7711 = FACE_OUTER_BOUND ( 'NONE', #9051, .T. ) ;
#7712 = LINE ( 'NONE', #5080, #10090 ) ;
#7713 = EDGE_LOOP ( 'NONE', ( #580, #1185, #3076, #6270, #4954, #9373 ) ) ;
#7714 = VERTEX_POINT ( 'NONE', #2016 ) ;
#7715 = ORIENTED_EDGE ( 'NONE', *, *, #73, .T. ) ;
#7716 = CARTESIAN_POINT ( 'NONE',  ( 21.09000000000000300, 1.000000000000000000, -13.82000000000000200 ) ) ;
#7717 = VECTOR ( 'NONE', #5768, 1000.000000000000000 ) ;
#7718 = DIRECTION ( 'NONE',  ( 0.0000000000000000000, 0.0000000000000000000, -1.000000000000000000 ) ) ;
#7719 = PLANE ( 'NONE',  #5745 ) ;
#7720 = VECTOR ( 'NONE', #349, 1000.000000000000000 ) ;
#7721 = DIRECTION ( 'NONE',  ( 0.0000000000000000000, 0.0000000000000000000, -1.000000000000000000 ) ) ;
#7722 = STYLED_ITEM ( 'NONE', ( #8923 ), #3007 ) ;
#7723 = VERTEX_POINT ( 'NONE', #3572 ) ;
#7724 = DIRECTION ( 'NONE',  ( 1.000000000000000000, 0.0000000000000000000, 0.0000000000000000000 ) ) ;
#7725 = CARTESIAN_POINT ( 'NONE',  ( -11.92999999999999800, 1.300000000000000000, -13.52000000000000300 ) ) ;
#7726 = PLANE ( 'NONE',  #491 ) ;
#7727 = ORIENTED_EDGE ( 'NONE', *, *, #1346, .F. ) ;
#7728 = PRESENTATION_STYLE_ASSIGNMENT (( #8582 ) ) ;
#7729 = CARTESIAN_POINT ( 'NONE',  ( -21.33999999999999600, -8.000000000000000000, -14.12000000000000300 ) ) ;
#7730 = DIRECTION ( 'NONE',  ( 0.0000000000000000000, -0.0000000000000000000, 1.000000000000000000 ) ) ;
#7731 = VECTOR ( 'NONE', #2847, 1000.000000000000000 ) ;
#7732 = CARTESIAN_POINT ( 'NONE',  ( -23.62999999999999900, 1.300000000000000000, -13.52000000000000300 ) ) ;
#7733 = EDGE_LOOP ( 'NONE', ( #9473, #357, #462, #6481 ) ) ;
#7734 = EDGE_CURVE ( 'NONE', #4992, #725, #7948, .T. ) ;
#7735 = ORIENTED_EDGE ( 'NONE', *, *, #2916, .T. ) ;
#7736 = VERTEX_POINT ( 'NONE', #6750 ) ;
#7737 = VERTEX_POINT ( 'NONE', #5929 ) ;
#7738 = DIRECTION ( 'NONE',  ( 0.0000000000000000000, 0.0000000000000000000, -1.000000000000000000 ) ) ;
#7739 = LINE ( 'NONE', #788, #10004 ) ;
#7740 = ORIENTED_EDGE ( 'NONE', *, *, #3228, .F. ) ;
#7741 = FACE_OUTER_BOUND ( 'NONE', #328, .T. ) ;
#7742 = DIRECTION ( 'NONE',  ( 1.000000000000000000, -0.0000000000000000000, 0.0000000000000000000 ) ) ;
#7743 = VERTEX_POINT ( 'NONE', #9081 ) ;
#7744 = CARTESIAN_POINT ( 'NONE',  ( -9.389999999999998800, 1.300000000000000000, -14.12000000000000300 ) ) ;
#7745 = VERTEX_POINT ( 'NONE', #8325 ) ;
#7746 = PLANE ( 'NONE',  #6170 ) ;
#7747 = CARTESIAN_POINT ( 'NONE',  ( -23.62999999999999900, 1.300000000000000000, -14.12000000000000300 ) ) ;
#7748 = AXIS2_PLACEMENT_3D ( 'NONE', #3208, #7209, #3954 ) ;
#7749 = AXIS2_PLACEMENT_3D ( 'NONE', #6816, #9280, #4530 ) ;
#7750 = DIRECTION ( 'NONE',  ( -1.000000000000000000, -0.0000000000000000000, -0.0000000000000000000 ) ) ;
#7751 = ORIENTED_EDGE ( 'NONE', *, *, #9245, .T. ) ;
#7752 = CARTESIAN_POINT ( 'NONE',  ( 27.00000000000001100, 0.2000000000000000100, -7.320000000000002100 ) ) ;
#7753 = ORIENTED_EDGE ( 'NONE', *, *, #1252, .T. ) ;
#7754 = CARTESIAN_POINT ( 'NONE',  ( 23.63000000000000600, 1.300000000000000000, 14.12000000000000300 ) ) ;
#7755 = DIRECTION ( 'NONE',  ( 0.0000000000000000000, 1.000000000000000000, -1.577021341797097600E-015 ) ) ;
#7756 = DIRECTION ( 'NONE',  ( -1.000000000000000000, -0.0000000000000000000, -0.0000000000000000000 ) ) ;
#7757 = CARTESIAN_POINT ( 'NONE',  ( -25.50000000000000700, 1.800000000000000000, 9.180000000000003300 ) ) ;
#7758 = EDGE_LOOP ( 'NONE', ( #7978, #5247, #8825, #2688 ) ) ;
#7759 = DIRECTION ( 'NONE',  ( 1.000000000000000000, 0.0000000000000000000, -0.0000000000000000000 ) ) ;
#7760 = EDGE_CURVE ( 'NONE', #5483, #505, #7339, .T. ) ;
#7761 = CARTESIAN_POINT ( 'NONE',  ( 24.63000000000000600, 1.300000000000000000, -13.52000000000000300 ) ) ;
#7762 = EDGE_LOOP ( 'NONE', ( #5654, #2328, #10092, #9391 ) ) ;
#7763 = CARTESIAN_POINT ( 'NONE',  ( 24.63000000000000600, 1.000000000000000000, 13.52000000000000300 ) ) ;
#7764 = ADVANCED_FACE ( 'NONE', ( #4150 ), #6615, .F. ) ;
#7765 = EDGE_CURVE ( 'NONE', #3531, #2690, #7094, .T. ) ;
#7766 = ORIENTED_EDGE ( 'NONE', *, *, #1878, .T. ) ;
#7767 = SURFACE_STYLE_USAGE ( .BOTH. , #5500 ) ;
#7768 = EDGE_CURVE ( 'NONE', #427, #8195, #6478, .T. ) ;
#7769 = LINE ( 'NONE', #10007, #4938 ) ;
#7770 = ORIENTED_EDGE ( 'NONE', *, *, #6038, .F. ) ;
#7771 = PLANE ( 'NONE',  #8731 ) ;
#7772 = PLANE ( 'NONE',  #9965 ) ;
#7773 = CARTESIAN_POINT ( 'NONE',  ( 24.63000000000000600, 1.300000000000000000, -14.12000000000000300 ) ) ;
#7774 = LINE ( 'NONE', #7439, #8898 ) ;
#7775 = ORIENTED_EDGE ( 'NONE', *, *, #6126, .T. ) ;
#7776 = DIRECTION ( 'NONE',  ( -0.0000000000000000000, 1.000000000000000000, 0.0000000000000000000 ) ) ;
#7777 = CARTESIAN_POINT ( 'NONE',  ( 24.38000000000000600, 0.2000000000000000100, 0.0000000000000000000 ) ) ;
#7778 = LINE ( 'NONE', #7829, #7392 ) ;
#7779 = DIRECTION ( 'NONE',  ( -1.000000000000000000, 0.0000000000000000000, -0.0000000000000000000 ) ) ;
#7780 = VECTOR ( 'NONE', #4791, 1000.000000000000000 ) ;
#7781 = PLANE ( 'NONE',  #4243 ) ;
#7782 = ORIENTED_EDGE ( 'NONE', *, *, #488, .T. ) ;
#7783 = EDGE_CURVE ( 'NONE', #4406, #7248, #813, .T. ) ;
#7784 = DIRECTION ( 'NONE',  ( 1.000000000000000000, 0.0000000000000000000, 0.0000000000000000000 ) ) ;
#7785 = EDGE_CURVE ( 'NONE', #9470, #5204, #6847, .T. ) ;
#7786 = LINE ( 'NONE', #10068, #655 ) ;
#7787 = PLANE ( 'NONE',  #2335 ) ;
#7788 = ORIENTED_EDGE ( 'NONE', *, *, #2882, .F. ) ;
#7789 = LINE ( 'NONE', #3558, #4227 ) ;
#7790 = DIRECTION ( 'NONE',  ( 0.0000000000000000000, 1.000000000000000000, -1.577021341797097600E-015 ) ) ;
#7791 = DIRECTION ( 'NONE',  ( 0.0000000000000000000, 1.000000000000000000, 0.0000000000000000000 ) ) ;
#7792 = LINE ( 'NONE', #1143, #269 ) ;
#7793 = VECTOR ( 'NONE', #8108, 1000.000000000000000 ) ;
#7794 = PLANE ( 'NONE',  #7843 ) ;
#7795 = DIRECTION ( 'NONE',  ( -1.000000000000000000, -0.0000000000000000000, -0.0000000000000000000 ) ) ;
#7796 = LINE ( 'NONE', #2675, #7301 ) ;
#7797 = ADVANCED_FACE ( 'NONE', ( #3904 ), #6811, .F. ) ;
#7798 = VECTOR ( 'NONE', #6035, 1000.000000000000000 ) ;
#7799 = EDGE_LOOP ( 'NONE', ( #7499, #979, #4519, #6340, #3676, #1075 ) ) ;
#7800 = EDGE_CURVE ( 'NONE', #5379, #1409, #2190, .T. ) ;
#7801 = LINE ( 'NONE', #6492, #5698 ) ;
#7802 = DIRECTION ( 'NONE',  ( -0.0000000000000000000, -1.000000000000000000, -0.0000000000000000000 ) ) ;
#7803 = VECTOR ( 'NONE', #523, 1000.000000000000000 ) ;
#7804 = CARTESIAN_POINT ( 'NONE',  ( 24.38000000000000600, 1.300000000000000000, 14.12000000000000300 ) ) ;
#7805 = CARTESIAN_POINT ( 'NONE',  ( -23.62999999999999900, 1.000000000000000000, 13.82000000000000200 ) ) ;
#7806 = AXIS2_PLACEMENT_3D ( 'NONE', #1670, #6469, #7188 ) ;
#7807 = CARTESIAN_POINT ( 'NONE',  ( -18.79999999999999700, -8.000000000000000000, -14.12000000000000300 ) ) ;
#7808 = LINE ( 'NONE', #1007, #1917 ) ;
#7809 = FACE_OUTER_BOUND ( 'NONE', #10207, .T. ) ;
#7810 = VECTOR ( 'NONE', #7755, 1000.000000000000000 ) ;
#7811 = ADVANCED_FACE ( 'NONE', ( #4396 ), #2972, .F. ) ;
#7812 = DIRECTION ( 'NONE',  ( 0.0000000000000000000, 0.0000000000000000000, -1.000000000000000000 ) ) ;
#7813 = EDGE_CURVE ( 'NONE', #7585, #1580, #8359, .T. ) ;
#7814 = VECTOR ( 'NONE', #5244, 1000.000000000000000 ) ;
#7815 = DIRECTION ( 'NONE',  ( -1.000000000000000000, 0.0000000000000000000, -0.0000000000000000000 ) ) ;
#7816 = DIRECTION ( 'NONE',  ( 0.0000000000000000000, 0.0000000000000000000, 1.000000000000000000 ) ) ;
#7817 = ORIENTED_EDGE ( 'NONE', *, *, #9433, .T. ) ;
#7818 = EDGE_LOOP ( 'NONE', ( #4290, #10129, #4779, #8907 ) ) ;
#7819 =( NAMED_UNIT ( * ) PLANE_ANGLE_UNIT ( ) SI_UNIT ( $, .RADIAN. ) );
#7820 = ORIENTED_EDGE ( 'NONE', *, *, #736, .F. ) ;
#7821 = EDGE_LOOP ( 'NONE', ( #6851, #2980, #2884, #490 ) ) ;
#7822 = ORIENTED_EDGE ( 'NONE', *, *, #3357, .F. ) ;
#7823 = VECTOR ( 'NONE', #2734, 1000.000000000000000 ) ;
#7824 = ORIENTED_EDGE ( 'NONE', *, *, #639, .T. ) ;
#7825 = DIRECTION ( 'NONE',  ( -0.0000000000000000000, -0.0000000000000000000, -1.000000000000000000 ) ) ;
#7826 = EDGE_CURVE ( 'NONE', #8938, #3744, #5014, .T. ) ;
#7827 = DIRECTION ( 'NONE',  ( -0.0000000000000000000, 1.000000000000000000, -0.0000000000000000000 ) ) ;
#7828 = VECTOR ( 'NONE', #7387, 1000.000000000000000 ) ;
#7829 = CARTESIAN_POINT ( 'NONE',  ( -17.00999999999999800, 0.2000000000000000100, -13.81999999999999900 ) ) ;
#7830 = ORIENTED_EDGE ( 'NONE', *, *, #9913, .F. ) ;
#7831 = ORIENTED_EDGE ( 'NONE', *, *, #8225, .T. ) ;
#7832 = EDGE_CURVE ( 'NONE', #2287, #7745, #2436, .T. ) ;
#7833 = PLANE ( 'NONE',  #6307 ) ;
#7834 = ORIENTED_EDGE ( 'NONE', *, *, #6005, .T. ) ;
#7835 = ORIENTED_EDGE ( 'NONE', *, *, #8887, .F. ) ;
#7836 = ORIENTED_EDGE ( 'NONE', *, *, #5713, .F. ) ;
#7837 = LINE ( 'NONE', #8272, #5738 ) ;
#7838 = EDGE_CURVE ( 'NONE', #6237, #7743, #2327, .T. ) ;
#7839 = VECTOR ( 'NONE', #2235, 1000.000000000000000 ) ;
#7840 = ORIENTED_EDGE ( 'NONE', *, *, #10246, .F. ) ;
#7841 = PLANE ( 'NONE',  #2004 ) ;
#7842 = ORIENTED_EDGE ( 'NONE', *, *, #9072, .F. ) ;
#7843 = AXIS2_PLACEMENT_3D ( 'NONE', #745, #1545, #1615 ) ;
#7844 = DIRECTION ( 'NONE',  ( 0.0000000000000000000, -0.0000000000000000000, 1.000000000000000000 ) ) ;
#7845 = LINE ( 'NONE', #3074, #7970 ) ;
#7846 = VERTEX_POINT ( 'NONE', #4445 ) ;
#7847 = ORIENTED_EDGE ( 'NONE', *, *, #9104, .T. ) ;
#7848 = CARTESIAN_POINT ( 'NONE',  ( 27.50000000000001100, 1.000000000000000000, -13.81999999999999900 ) ) ;
#7849 = VERTEX_POINT ( 'NONE', #3698 ) ;
#7850 = VERTEX_POINT ( 'NONE', #5254 ) ;
#7851 = DIRECTION ( 'NONE',  ( 0.0000000000000000000, -1.000000000000000000, 0.0000000000000000000 ) ) ;
#7852 = FACE_OUTER_BOUND ( 'NONE', #3837, .T. ) ;
#7853 = DIRECTION ( 'NONE',  ( 0.0000000000000000000, -0.0000000000000000000, 1.000000000000000000 ) ) ;
#7854 = EDGE_CURVE ( 'NONE', #218, #3337, #8084, .T. ) ;
#7855 = STYLED_ITEM ( 'NONE', ( #4974 ), #3561 ) ;
#7856 = ADVANCED_FACE ( 'NONE', ( #1691 ), #1393, .F. ) ;
#7857 = DIRECTION ( 'NONE',  ( -1.000000000000000000, -0.0000000000000000000, -0.0000000000000000000 ) ) ;
#7858 = CARTESIAN_POINT ( 'NONE',  ( -13.71999999999999700, 1.300000000000000000, -14.12000000000000300 ) ) ;
#7859 = EDGE_LOOP ( 'NONE', ( #9203, #8388, #2369, #678 ) ) ;
#7860 = ORIENTED_EDGE ( 'NONE', *, *, #1115, .T. ) ;
#7861 = ORIENTED_EDGE ( 'NONE', *, *, #7155, .T. ) ;
#7862 = FACE_OUTER_BOUND ( 'NONE', #3656, .T. ) ;
#7863 = CARTESIAN_POINT ( 'NONE',  ( 4.060000000000004900, 1.300000000000000000, -14.12000000000000300 ) ) ;
#7864 = ADVANCED_FACE ( 'NONE', ( #4647 ), #7673, .F. ) ;
#7865 = EDGE_CURVE ( 'NONE', #6616, #7137, #6599, .T. ) ;
#7866 = EDGE_LOOP ( 'NONE', ( #6524, #6972, #6592, #3692 ) ) ;
#7867 = PLANE ( 'NONE',  #6069 ) ;
#7868 = VERTEX_POINT ( 'NONE', #4479 ) ;
#7869 = DIRECTION ( 'NONE',  ( 0.0000000000000000000, 0.0000000000000000000, -1.000000000000000000 ) ) ;
#7870 = DIRECTION ( 'NONE',  ( 0.0000000000000000000, 1.000000000000000000, -1.577021341797097600E-015 ) ) ;
#7871 = CARTESIAN_POINT ( 'NONE',  ( 0.7700000000000033500, 1.000000000000000000, -13.82000000000000200 ) ) ;
#7872 = ORIENTED_EDGE ( 'NONE', *, *, #1358, .T. ) ;
#7873 = PLANE ( 'NONE',  #9402 ) ;
#7874 =( NAMED_UNIT ( * ) SI_UNIT ( $, .STERADIAN. ) SOLID_ANGLE_UNIT ( ) );
#7875 = EDGE_CURVE ( 'NONE', #5168, #4244, #1329, .T. ) ;
#7876 = ORIENTED_EDGE ( 'NONE', *, *, #1177, .F. ) ;
#7877 = DIRECTION ( 'NONE',  ( -0.0000000000000000000, 0.0000000000000000000, 1.000000000000000000 ) ) ;
#7878 = PLANE ( 'NONE',  #9283 ) ;
#7879 = VERTEX_POINT ( 'NONE', #2392 ) ;
#7880 = VECTOR ( 'NONE', #5606, 1000.000000000000000 ) ;
#7881 = CARTESIAN_POINT ( 'NONE',  ( 23.88000000000000600, -8.000000000000000000, -14.12000000000000300 ) ) ;
#7882 = CARTESIAN_POINT ( 'NONE',  ( -27.00000000000000400, 0.2000000000000000100, -7.320000000000002100 ) ) ;
#7883 = ORIENTED_EDGE ( 'NONE', *, *, #3588, .T. ) ;
#7884 = EDGE_CURVE ( 'NONE', #8283, #5035, #1821, .T. ) ;
#7885 = CARTESIAN_POINT ( 'NONE',  ( 24.08999999999999300, 1.700000000000000000, -4.074999999999997500 ) ) ;
#7886 = DIRECTION ( 'NONE',  ( -0.0000000000000000000, 1.000000000000000000, -0.0000000000000000000 ) ) ;
#7887 = EDGE_LOOP ( 'NONE', ( #7633, #188, #4727, #3715 ) ) ;
#7888 = EDGE_CURVE ( 'NONE', #9352, #4068, #4025, .T. ) ;
#7889 = AXIS2_PLACEMENT_3D ( 'NONE', #1681, #7965, #2407 ) ;
#7890 = CARTESIAN_POINT ( 'NONE',  ( 14.22000000000000400, 1.300000000000000000, -14.12000000000000300 ) ) ;
#7891 = AXIS2_PLACEMENT_3D ( 'NONE', #2202, #10061, #9319 ) ;
#7892 = DIRECTION ( 'NONE',  ( 0.0000000000000000000, 0.0000000000000000000, 1.000000000000000000 ) ) ;
#7893 = LINE ( 'NONE', #1735, #5210 ) ;
#7894 = ADVANCED_FACE ( 'NONE', ( #1568 ), #6292, .F. ) ;
#7895 = VECTOR ( 'NONE', #9375, 1000.000000000000000 ) ;
#7896 = DIRECTION ( 'NONE',  ( 1.000000000000000000, 0.0000000000000000000, -0.0000000000000000000 ) ) ;
#7897 = ORIENTED_EDGE ( 'NONE', *, *, #3780, .T. ) ;
#7898 = LINE ( 'NONE', #4729, #5808 ) ;
#7899 = FILL_AREA_STYLE ('',( #9555 ) ) ;
#7900 = PLANE ( 'NONE',  #4934 ) ;
#7901 = LINE ( 'NONE', #7703, #5813 ) ;
#7902 = LINE ( 'NONE', #687, #3730 ) ;
#7903 = PLANE ( 'NONE',  #1991 ) ;
#7904 = DIRECTION ( 'NONE',  ( 1.000000000000000000, 0.0000000000000000000, 0.0000000000000000000 ) ) ;
#7905 = LINE ( 'NONE', #7305, #3623 ) ;
#7906 = CARTESIAN_POINT ( 'NONE',  ( -14.46999999999999900, 0.2000000000000000100, -14.12000000000000100 ) ) ;
#7907 = DIRECTION ( 'NONE',  ( -0.0000000000000000000, -0.0000000000000000000, -1.000000000000000000 ) ) ;
#7908 = FACE_OUTER_BOUND ( 'NONE', #10110, .T. ) ;
#7909 = CARTESIAN_POINT ( 'NONE',  ( 24.08999999999999300, 2.000000000000000000, -4.074999999999997500 ) ) ;
#7910 = CARTESIAN_POINT ( 'NONE',  ( -21.08999999999999600, 1.300000000000000000, 13.52000000000000300 ) ) ;
#7911 = LINE ( 'NONE', #828, #893 ) ;
#7912 = EDGE_CURVE ( 'NONE', #383, #8738, #3662, .T. ) ;
#7913 = VECTOR ( 'NONE', #1634, 1000.000000000000000 ) ;
#7914 = VECTOR ( 'NONE', #5449, 1000.000000000000000 ) ;
#7915 = DIRECTION ( 'NONE',  ( 0.0000000000000000000, 0.0000000000000000000, 1.000000000000000000 ) ) ;
#7916 = STYLED_ITEM ( 'NONE', ( #7728 ), #5266 ) ;
#7917 = ORIENTED_EDGE ( 'NONE', *, *, #8500, .F. ) ;
#7918 = VECTOR ( 'NONE', #7243, 1000.000000000000000 ) ;
#7919 = PLANE ( 'NONE',  #952 ) ;
#7920 = CARTESIAN_POINT ( 'NONE',  ( 3.310000000000004100, 1.000000000000000000, -13.82000000000000200 ) ) ;
#7921 = VECTOR ( 'NONE', #157, 1000.000000000000000 ) ;
#7922 = VECTOR ( 'NONE', #513, 1000.000000000000000 ) ;
#7923 = VERTEX_POINT ( 'NONE', #5418 ) ;
#7924 = CARTESIAN_POINT ( 'NONE',  ( -3.559999999999997400, -8.000000000000000000, -13.82000000000000200 ) ) ;
#7925 = VECTOR ( 'NONE', #258, 1000.000000000000000 ) ;
#7926 =( NAMED_UNIT ( * ) PLANE_ANGLE_UNIT ( ) SI_UNIT ( $, .RADIAN. ) );
#7927 = ORIENTED_EDGE ( 'NONE', *, *, #3970, .F. ) ;
#7928 = ORIENTED_EDGE ( 'NONE', *, *, #3465, .T. ) ;
#7929 = FACE_OUTER_BOUND ( 'NONE', #1322, .T. ) ;
#7930 = ORIENTED_EDGE ( 'NONE', *, *, #7147, .T. ) ;
#7931 = PRESENTATION_LAYER_ASSIGNMENT (  '', '', ( #5819 ) ) ;
#7932 = ORIENTED_EDGE ( 'NONE', *, *, #6336, .T. ) ;
#7933 = LINE ( 'NONE', #9250, #5841 ) ;
#7934 = DIRECTION ( 'NONE',  ( 1.000000000000000000, -0.0000000000000000000, 0.0000000000000000000 ) ) ;
#7935 = EDGE_LOOP ( 'NONE', ( #5609, #8742, #9242, #1695 ) ) ;
#7936 =( GEOMETRIC_REPRESENTATION_CONTEXT ( 3 ) GLOBAL_UNCERTAINTY_ASSIGNED_CONTEXT ( ( #6630 ) ) GLOBAL_UNIT_ASSIGNED_CONTEXT ( ( #9827, #4422, #5076 ) ) REPRESENTATION_CONTEXT ( 'NONE', 'WORKASPACE' ) );
#7937 = DIRECTION ( 'NONE',  ( 1.000000000000000000, 0.0000000000000000000, 0.0000000000000000000 ) ) ;
#7938 = ORIENTED_EDGE ( 'NONE', *, *, #4959, .F. ) ;
#7939 = ORIENTED_EDGE ( 'NONE', *, *, #3641, .T. ) ;
#7940 = ORIENTED_EDGE ( 'NONE', *, *, #9422, .F. ) ;
#7941 = ORIENTED_EDGE ( 'NONE', *, *, #2223, .F. ) ;
#7942 = ORIENTED_EDGE ( 'NONE', *, *, #2268, .F. ) ;
#7943 = FACE_OUTER_BOUND ( 'NONE', #560, .T. ) ;
#7944 = PLANE ( 'NONE',  #8270 ) ;
#7945 = ORIENTED_EDGE ( 'NONE', *, *, #4148, .T. ) ;
#7946 = EDGE_CURVE ( 'NONE', #2350, #10198, #6122, .T. ) ;
#7947 = DIRECTION ( 'NONE',  ( 0.0000000000000000000, 1.000000000000000000, 0.0000000000000000000 ) ) ;
#7948 = LINE ( 'NONE', #7505, #9724 ) ;
#7949 = SURFACE_STYLE_USAGE ( .BOTH. , #1527 ) ;
#7950 = DIRECTION ( 'NONE',  ( 0.0000000000000000000, 0.0000000000000000000, -1.000000000000000000 ) ) ;
#7951 = ADVANCED_FACE ( 'NONE', ( #9845 ), #1566, .F. ) ;
#7952 = VECTOR ( 'NONE', #1890, 1000.000000000000000 ) ;
#7953 = EDGE_LOOP ( 'NONE', ( #9711, #4689, #6111, #5213 ) ) ;
#7954 = DIRECTION ( 'NONE',  ( 0.0000000000000000000, -0.0000000000000000000, 1.000000000000000000 ) ) ;
#7955 = ORIENTED_EDGE ( 'NONE', *, *, #6458, .F. ) ;
#7956 = VERTEX_POINT ( 'NONE', #8683 ) ;
#7957 = EDGE_CURVE ( 'NONE', #8641, #4562, #9467, .T. ) ;
#7958 = ORIENTED_EDGE ( 'NONE', *, *, #6640, .F. ) ;
#7959 = PLANE ( 'NONE',  #1347 ) ;
#7960 = CARTESIAN_POINT ( 'NONE',  ( 4.060000000000004900, -8.000000000000000000, -13.82000000000000200 ) ) ;
#7961 = UNCERTAINTY_MEASURE_WITH_UNIT (LENGTH_MEASURE( 1.000000000000000100E-005 ), #714, 'distance_accuracy_value', 'NONE');
#7962 = EDGE_CURVE ( 'NONE', #3684, #942, #9209, .T. ) ;
#7963 = FACE_OUTER_BOUND ( 'NONE', #10219, .T. ) ;
#7964 = PLANE ( 'NONE',  #4115 ) ;
#7965 = DIRECTION ( 'NONE',  ( 1.000000000000000000, 0.0000000000000000000, 0.0000000000000000000 ) ) ;
#7966 = ORIENTED_EDGE ( 'NONE', *, *, #4797, .T. ) ;
#7967 = DIRECTION ( 'NONE',  ( -0.0000000000000000000, 1.000000000000000000, -0.0000000000000000000 ) ) ;
#7968 = ORIENTED_EDGE ( 'NONE', *, *, #9890, .T. ) ;
#7969 = CARTESIAN_POINT ( 'NONE',  ( 24.08999999999999300, 1.800000000000000000, -4.074999999999997500 ) ) ;
#7970 = VECTOR ( 'NONE', #3785, 1000.000000000000000 ) ;
#7971 = AXIS2_PLACEMENT_3D ( 'NONE', #5111, #4391, #384 ) ;
#7972 = DIRECTION ( 'NONE',  ( -1.000000000000000000, 0.0000000000000000000, -0.0000000000000000000 ) ) ;
#7973 = EDGE_LOOP ( 'NONE', ( #8067, #2806, #4272, #2573 ) ) ;
#7974 = ORIENTED_EDGE ( 'NONE', *, *, #7521, .T. ) ;
#7975 = CARTESIAN_POINT ( 'NONE',  ( 0.7700000000000033500, 0.2000000000000000100, -14.12000000000000100 ) ) ;
#7976 = DIRECTION ( 'NONE',  ( 0.0000000000000000000, -1.000000000000000000, 0.0000000000000000000 ) ) ;
#7977 = ADVANCED_FACE ( 'NONE', ( #7711 ), #7878, .F. ) ;
#7978 = ORIENTED_EDGE ( 'NONE', *, *, #7962, .F. ) ;
#7979 = VECTOR ( 'NONE', #5127, 1000.000000000000000 ) ;
#7980 = ORIENTED_EDGE ( 'NONE', *, *, #3405, .F. ) ;
#7981 = VECTOR ( 'NONE', #3584, 1000.000000000000000 ) ;
#7982 = PLANE ( 'NONE',  #4614 ) ;
#7983 = VERTEX_POINT ( 'NONE', #5443 ) ;
#7984 = ORIENTED_EDGE ( 'NONE', *, *, #1944, .T. ) ;
#7985 = ORIENTED_EDGE ( 'NONE', *, *, #3686, .F. ) ;
#7986 = DIRECTION ( 'NONE',  ( 0.0000000000000000000, 0.0000000000000000000, -1.000000000000000000 ) ) ;
#7987 = EDGE_CURVE ( 'NONE', #6573, #5153, #1071, .T. ) ;
#7988 = VERTEX_POINT ( 'NONE', #756 ) ;
#7989 = LINE ( 'NONE', #10088, #100 ) ;
#7990 = CARTESIAN_POINT ( 'NONE',  ( -23.87999999999999900, 1.000000000000000000, 13.82000000000000200 ) ) ;
#7991 = CARTESIAN_POINT ( 'NONE',  ( -21.84000000000000000, 1.300000000000000000, -14.12000000000000300 ) ) ;
#7992 = ORIENTED_EDGE ( 'NONE', *, *, #1018, .F. ) ;
#7993 = CARTESIAN_POINT ( 'NONE',  ( -27.00000000000000400, 0.2000000000000000100, 11.18000000000000300 ) ) ;
#7994 = CARTESIAN_POINT ( 'NONE',  ( 21.09000000000000300, 0.0000000000000000000, 0.0000000000000000000 ) ) ;
#7995 = EDGE_CURVE ( 'NONE', #7595, #9298, #1939, .T. ) ;
#7996 = DIRECTION ( 'NONE',  ( -1.000000000000000000, -0.0000000000000000000, -0.0000000000000000000 ) ) ;
#7997 = AXIS2_PLACEMENT_3D ( 'NONE', #8600, #2249, #8537 ) ;
#7998 = ORIENTED_EDGE ( 'NONE', *, *, #9605, .F. ) ;
#7999 = SURFACE_SIDE_STYLE ('',( #3144 ) ) ;
#8000 = LINE ( 'NONE', #7624, #9519 ) ;
#8001 = ADVANCED_FACE ( 'NONE', ( #2696 ), #3902, .F. ) ;
#8002 = VERTEX_POINT ( 'NONE', #10158 ) ;
#8003 = CARTESIAN_POINT ( 'NONE',  ( 1.020000000000003600, -8.000000000000000000, -13.82000000000000200 ) ) ;
#8004 = CARTESIAN_POINT ( 'NONE',  ( -14.46999999999999900, 1.300000000000000000, -13.52000000000000300 ) ) ;
#8005 = SURFACE_SIDE_STYLE ('',( #5071 ) ) ;
#8006 = DIRECTION ( 'NONE',  ( -1.000000000000000000, -0.0000000000000000000, -0.0000000000000000000 ) ) ;
#8007 = EDGE_CURVE ( 'NONE', #8956, #9701, #4516, .T. ) ;
#8008 = ORIENTED_EDGE ( 'NONE', *, *, #8409, .T. ) ;
#8009 = CARTESIAN_POINT ( 'NONE',  ( -21.84000000000000000, -8.000000000000000000, 14.12000000000000300 ) ) ;
#8010 = SURFACE_STYLE_FILL_AREA ( #5802 ) ;
#8011 = VERTEX_POINT ( 'NONE', #6985 ) ;
#8012 = DIRECTION ( 'NONE',  ( 0.0000000000000000000, 0.0000000000000000000, -1.000000000000000000 ) ) ;
#8013 = CARTESIAN_POINT ( 'NONE',  ( 21.84000000000000700, 1.000000000000000000, -13.82000000000000200 ) ) ;
#8014 = CARTESIAN_POINT ( 'NONE',  ( -10.92999999999999600, 1.000000000000000000, -13.52000000000000300 ) ) ;
#8015 = EDGE_CURVE ( 'NONE', #2998, #7069, #5616, .T. ) ;
#8016 = LINE ( 'NONE', #4745, #6066 ) ;
#8017 = ORIENTED_EDGE ( 'NONE', *, *, #3425, .T. ) ;
#8018 = CARTESIAN_POINT ( 'NONE',  ( -6.099999999999997900, 0.2000000000000000100, 0.0000000000000000000 ) ) ;
#8019 = ADVANCED_FACE ( 'NONE', ( #8216 ), #3937, .T. ) ;
#8020 = EDGE_CURVE ( 'NONE', #5528, #4868, #8712, .T. ) ;
#8021 = CARTESIAN_POINT ( 'NONE',  ( 1.020000000000003600, 0.2000000000000000100, 0.0000000000000000000 ) ) ;
#8022 = VECTOR ( 'NONE', #1556, 1000.000000000000000 ) ;
#8023 = DIRECTION ( 'NONE',  ( 0.0000000000000000000, 0.0000000000000000000, -1.000000000000000000 ) ) ;
#8024 = CARTESIAN_POINT ( 'NONE',  ( 2.999999999999982200, 0.9499999999999999600, -9.650000000000000400 ) ) ;
#8025 = LINE ( 'NONE', #3713, #883 ) ;
#8026 = DIRECTION ( 'NONE',  ( 0.0000000000000000000, 1.000000000000000000, 0.0000000000000000000 ) ) ;
#8027 = VECTOR ( 'NONE', #2487, 1000.000000000000000 ) ;
#8028 = PLANE ( 'NONE',  #6978 ) ;
#8029 = LINE ( 'NONE', #4010, #7409 ) ;
#8030 = ORIENTED_EDGE ( 'NONE', *, *, #3556, .T. ) ;
#8031 = LINE ( 'NONE', #1661, #10170 ) ;
#8032 = CARTESIAN_POINT ( 'NONE',  ( 0.7700000000000033500, 1.000000000000000000, -13.52000000000000300 ) ) ;
#8033 = VECTOR ( 'NONE', #1902, 1000.000000000000000 ) ;
#8034 =( NAMED_UNIT ( * ) PLANE_ANGLE_UNIT ( ) SI_UNIT ( $, .RADIAN. ) );
#8035 = PLANE ( 'NONE',  #4742 ) ;
#8036 = DIRECTION ( 'NONE',  ( -1.000000000000000000, -0.0000000000000000000, -0.0000000000000000000 ) ) ;
#8037 = DIRECTION ( 'NONE',  ( -1.000000000000000000, -0.0000000000000000000, -0.0000000000000000000 ) ) ;
#8038 = DIRECTION ( 'NONE',  ( 0.0000000000000000000, 0.0000000000000000000, 1.000000000000000000 ) ) ;
#8039 = LINE ( 'NONE', #9861, #4602 ) ;
#8040 = DIRECTION ( 'NONE',  ( -1.000000000000000000, -0.0000000000000000000, -0.0000000000000000000 ) ) ;
#8041 = EDGE_CURVE ( 'NONE', #1489, #1861, #4266, .T. ) ;
#8042 = VECTOR ( 'NONE', #3554, 1000.000000000000000 ) ;
#8043 = VECTOR ( 'NONE', #7253, 1000.000000000000000 ) ;
#8044 = LINE ( 'NONE', #3669, #3266 ) ;
#8045 = CARTESIAN_POINT ( 'NONE',  ( 24.63000000000000600, 1.300000000000000000, 13.52000000000000300 ) ) ;
#8046 = LINE ( 'NONE', #3577, #7549 ) ;
#8047 = DIRECTION ( 'NONE',  ( -1.000000000000000000, -0.0000000000000000000, -0.0000000000000000000 ) ) ;
#8048 = ADVANCED_FACE ( 'NONE', ( #3167 ), #9778, .F. ) ;
#8049 = CARTESIAN_POINT ( 'NONE',  ( 8.390000000000002300, 1.000000000000000000, -13.82000000000000200 ) ) ;
#8050 = FACE_OUTER_BOUND ( 'NONE', #6026, .T. ) ;
#8051 = LINE ( 'NONE', #10006, #3275 ) ;
#8052 = ORIENTED_EDGE ( 'NONE', *, *, #366, .T. ) ;
#8053 = DIRECTION ( 'NONE',  ( -1.000000000000000000, -0.0000000000000000000, -0.0000000000000000000 ) ) ;
#8054 = EDGE_CURVE ( 'NONE', #5159, #8693, #8072, .T. ) ;
#8055 = CARTESIAN_POINT ( 'NONE',  ( -21.33999999999999600, 0.0000000000000000000, 0.0000000000000000000 ) ) ;
#8056 = VECTOR ( 'NONE', #8647, 1000.000000000000000 ) ;
#8057 = AXIS2_PLACEMENT_3D ( 'NONE', #8355, #9952, #7559 ) ;
#8058 = DIRECTION ( 'NONE',  ( 0.0000000000000000000, -1.000000000000000000, 0.0000000000000000000 ) ) ;
#8059 = ORIENTED_EDGE ( 'NONE', *, *, #4079, .F. ) ;
#8060 = VERTEX_POINT ( 'NONE', #3219 ) ;
#8061 = CARTESIAN_POINT ( 'NONE',  ( 3.310000000000004100, 0.2000000000000000100, -13.81999999999999900 ) ) ;
#8062 = ORIENTED_EDGE ( 'NONE', *, *, #583, .F. ) ;
#8063 = ORIENTED_EDGE ( 'NONE', *, *, #9758, .T. ) ;
#8064 = ORIENTED_EDGE ( 'NONE', *, *, #9199, .F. ) ;
#8065 = FACE_OUTER_BOUND ( 'NONE', #9097, .T. ) ;
#8066 = LINE ( 'NONE', #3536, #6829 ) ;
#8067 = ORIENTED_EDGE ( 'NONE', *, *, #3518, .T. ) ;
#8068 = CARTESIAN_POINT ( 'NONE',  ( -8.389999999999998800, 1.300000000000000000, -13.52000000000000300 ) ) ;
#8069 = CARTESIAN_POINT ( 'NONE',  ( -21.33999999999999600, 1.000000000000000000, -13.82000000000000200 ) ) ;
#8070 = DIRECTION ( 'NONE',  ( 0.0000000000000000000, 0.0000000000000000000, 1.000000000000000000 ) ) ;
#8071 = EDGE_CURVE ( 'NONE', #2701, #2848, #7573, .T. ) ;
#8072 = LINE ( 'NONE', #857, #9708 ) ;
#8073 = ORIENTED_EDGE ( 'NONE', *, *, #2268, .T. ) ;
#8074 = VERTEX_POINT ( 'NONE', #2610 ) ;
#8075 = CARTESIAN_POINT ( 'NONE',  ( 6.600000000000001400, -8.000000000000000000, -13.82000000000000200 ) ) ;
#8076 = ORIENTED_EDGE ( 'NONE', *, *, #8252, .T. ) ;
#8077 = ORIENTED_EDGE ( 'NONE', *, *, #8440, .T. ) ;
#8078 = ORIENTED_EDGE ( 'NONE', *, *, #503, .T. ) ;
#8079 = DIRECTION ( 'NONE',  ( 0.0000000000000000000, -0.0000000000000000000, 1.000000000000000000 ) ) ;
#8080 = LINE ( 'NONE', #3611, #6853 ) ;
#8081 = ADVANCED_FACE ( 'NONE', ( #1057 ), #1039, .F. ) ;
#8082 = CARTESIAN_POINT ( 'NONE',  ( 24.08999999999999300, 1.800000000000000000, -4.074999999999997500 ) ) ;
#8083 = CARTESIAN_POINT ( 'NONE',  ( 24.38000000000000600, 1.000000000000000000, -13.52000000000000300 ) ) ;
#8084 = LINE ( 'NONE', #8491, #5999 ) ;
#8085 = VERTEX_POINT ( 'NONE', #5006 ) ;
#8086 = DIRECTION ( 'NONE',  ( -1.000000000000000000, -0.0000000000000000000, -0.0000000000000000000 ) ) ;
#8087 = EDGE_LOOP ( 'NONE', ( #1308, #4582, #9851, #1853, #4017, #8296, #5624, #10213 ) ) ;
#8088 = EDGE_CURVE ( 'NONE', #7846, #1563, #934, .T. ) ;
#8089 = CARTESIAN_POINT ( 'NONE',  ( -6.099999999999997900, 1.000000000000000000, -13.82000000000000200 ) ) ;
#8090 = CARTESIAN_POINT ( 'NONE',  ( -10.92999999999999600, 1.000000000000000000, -13.82000000000000200 ) ) ;
#8091 = CARTESIAN_POINT ( 'NONE',  ( -4.309999999999997800, 0.2000000000000000100, -14.12000000000000100 ) ) ;
#8092 = LINE ( 'NONE', #10172, #1713 ) ;
#8093 = DIRECTION ( 'NONE',  ( -1.000000000000000000, -0.0000000000000000000, -0.0000000000000000000 ) ) ;
#8094 = ORIENTED_EDGE ( 'NONE', *, *, #1780, .T. ) ;
#8095 = EDGE_CURVE ( 'NONE', #3750, #2237, #5491, .T. ) ;
#8096 = ORIENTED_EDGE ( 'NONE', *, *, #8635, .T. ) ;
#8097 = AXIS2_PLACEMENT_3D ( 'NONE', #5164, #5083, #326 ) ;
#8098 = ORIENTED_EDGE ( 'NONE', *, *, #6892, .T. ) ;
#8099 = EDGE_LOOP ( 'NONE', ( #2969, #2337, #5634, #8864 ) ) ;
#8100 = AXIS2_PLACEMENT_3D ( 'NONE', #6205, #6988, #7779 ) ;
#8101 = CARTESIAN_POINT ( 'NONE',  ( 14.47000000000000400, 0.2000000000000000100, -13.81999999999999900 ) ) ;
#8102 = LINE ( 'NONE', #9748, #3922 ) ;
#8103 = EDGE_CURVE ( 'NONE', #4666, #7988, #1316, .T. ) ;
#8104 = DIRECTION ( 'NONE',  ( -0.0000000000000000000, 1.000000000000000000, -0.0000000000000000000 ) ) ;
#8105 = ORIENTED_EDGE ( 'NONE', *, *, #204, .F. ) ;
#8106 = COLOUR_RGB ( '',0.7921568627450980000, 0.8196078431372548800, 0.9333333333333333500 ) ;
#8107 = ORIENTED_EDGE ( 'NONE', *, *, #4649, .T. ) ;
#8108 = DIRECTION ( 'NONE',  ( -1.000000000000000000, -0.0000000000000000000, -0.0000000000000000000 ) ) ;
#8109 = VERTEX_POINT ( 'NONE', #8091 ) ;
#8110 = CARTESIAN_POINT ( 'NONE',  ( -24.62999999999999900, 1.000000000000000000, -13.82000000000000200 ) ) ;
#8111 = EDGE_CURVE ( 'NONE', #7316, #8756, #2554, .T. ) ;
#8112 = DIRECTION ( 'NONE',  ( 0.0000000000000000000, 0.0000000000000000000, -1.000000000000000000 ) ) ;
#8113 = VERTEX_POINT ( 'NONE', #8727 ) ;
#8114 = ADVANCED_FACE ( 'NONE', ( #6711 ), #8933, .F. ) ;
#8115 = VECTOR ( 'NONE', #9883, 1000.000000000000000 ) ;
#8116 = CARTESIAN_POINT ( 'NONE',  ( 24.08999999999999300, 1.700000000000000000, 7.934999999999997800 ) ) ;
#8118 = ORIENTED_EDGE ( 'NONE', *, *, #9425, .T. ) ;
#8117 = CARTESIAN_POINT ( 'NONE',  ( -8.639999999999998800, 1.000000000000000000, -13.82000000000000200 ) ) ;
#8119 = DIRECTION ( 'NONE',  ( 0.0000000000000000000, 0.0000000000000000000, -1.000000000000000000 ) ) ;
#8120 = ORIENTED_EDGE ( 'NONE', *, *, #2988, .T. ) ;
#8121 = DIRECTION ( 'NONE',  ( 0.0000000000000000000, 0.0000000000000000000, -1.000000000000000000 ) ) ;
#8122 = EDGE_CURVE ( 'NONE', #9698, #2287, #5253, .T. ) ;
#8123 = ORIENTED_EDGE ( 'NONE', *, *, #3747, .F. ) ;
#8124 = SURFACE_SIDE_STYLE ('',( #657 ) ) ;
#8125 = EDGE_CURVE ( 'NONE', #5975, #3700, #799, .T. ) ;
#8126 = DIRECTION ( 'NONE',  ( -0.0000000000000000000, 1.000000000000000000, -0.0000000000000000000 ) ) ;
#8127 = MECHANICAL_DESIGN_GEOMETRIC_PRESENTATION_REPRESENTATION (  '', ( #4961 ), #3014 ) ;
#8128 = ORIENTED_EDGE ( 'NONE', *, *, #2326, .F. ) ;
#8129 = PLANE ( 'NONE',  #8673 ) ;
#8130 = DIRECTION ( 'NONE',  ( 0.0000000000000000000, -1.000000000000000000, 0.0000000000000000000 ) ) ;
#8131 = DIRECTION ( 'NONE',  ( 0.0000000000000000000, 0.0000000000000000000, -1.000000000000000000 ) ) ;
#8132 = ADVANCED_FACE ( 'NONE', ( #3291 ), #9528, .F. ) ;
#8133 = ORIENTED_EDGE ( 'NONE', *, *, #615, .T. ) ;
#8134 = DIRECTION ( 'NONE',  ( 0.0000000000000000000, 0.0000000000000000000, -1.000000000000000000 ) ) ;
#8135 = LINE ( 'NONE', #9599, #746 ) ;
#8136 = DIRECTION ( 'NONE',  ( 0.0000000000000000000, 1.000000000000000000, 0.0000000000000000000 ) ) ;
#8137 = VERTEX_POINT ( 'NONE', #1082 ) ;
#8138 = EDGE_CURVE ( 'NONE', #9701, #4990, #9080, .T. ) ;
#8139 = DIRECTION ( 'NONE',  ( 0.0000000000000000000, -1.000000000000000000, 4.336808689942017700E-015 ) ) ;
#8140 = AXIS2_PLACEMENT_3D ( 'NONE', #3729, #6177, #8496 ) ;
#8141 = DIRECTION ( 'NONE',  ( 0.0000000000000000000, -0.0000000000000000000, 1.000000000000000000 ) ) ;
#8142 = FACE_OUTER_BOUND ( 'NONE', #9620, .T. ) ;
#8143 = DIRECTION ( 'NONE',  ( 0.0000000000000000000, 0.0000000000000000000, -1.000000000000000000 ) ) ;
#8144 = EDGE_LOOP ( 'NONE', ( #1015, #4521, #2670, #7089 ) ) ;
#8145 = CARTESIAN_POINT ( 'NONE',  ( -24.09000000000000700, 1.700000000000000000, 7.935000000000006700 ) ) ;
#8146 =( NAMED_UNIT ( * ) SI_UNIT ( $, .STERADIAN. ) SOLID_ANGLE_UNIT ( ) );
#8147 = CARTESIAN_POINT ( 'NONE',  ( -8.639999999999998800, -8.000000000000000000, -13.82000000000000200 ) ) ;
#8148 = DIRECTION ( 'NONE',  ( 0.0000000000000000000, 1.000000000000000000, 0.0000000000000000000 ) ) ;
#8149 = CARTESIAN_POINT ( 'NONE',  ( 22.09000000000000700, 0.2000000000000000900, 13.82000000000000200 ) ) ;
#8150 = EDGE_CURVE ( 'NONE', #8335, #7923, #8583, .T. ) ;
#8151 = UNCERTAINTY_MEASURE_WITH_UNIT (LENGTH_MEASURE( 1.000000000000000100E-005 ), #5133, 'distance_accuracy_value', 'NONE');
#8152 = EDGE_CURVE ( 'NONE', #2452, #5116, #6587, .T. ) ;
#8153 = FACE_OUTER_BOUND ( 'NONE', #3078, .T. ) ;
#8154 = LINE ( 'NONE', #6513, #6658 ) ;
#8155 = PLANE ( 'NONE',  #7179 ) ;
#8156 = ORIENTED_EDGE ( 'NONE', *, *, #7661, .F. ) ;
#8157 = EDGE_CURVE ( 'NONE', #1415, #5764, #4635, .T. ) ;
#8158 = FACE_OUTER_BOUND ( 'NONE', #2542, .T. ) ;
#8159 = CARTESIAN_POINT ( 'NONE',  ( 16.01000000000000500, 0.2000000000000000100, -13.81999999999999900 ) ) ;
#8160 = DIRECTION ( 'NONE',  ( 0.0000000000000000000, -1.000000000000000000, 4.336808689942017700E-015 ) ) ;
#8161 = DIRECTION ( 'NONE',  ( 0.0000000000000000000, -0.0000000000000000000, 1.000000000000000000 ) ) ;
#8162 = ADVANCED_FACE ( 'NONE', ( #4504 ), #9859, .F. ) ;
#8163 = ORIENTED_EDGE ( 'NONE', *, *, #3249, .T. ) ;
#8164 = EDGE_CURVE ( 'NONE', #2898, #7699, #3414, .T. ) ;
#8165 = DIRECTION ( 'NONE',  ( -0.0000000000000000000, 1.000000000000000000, 0.0000000000000000000 ) ) ;
#8166 = LINE ( 'NONE', #9301, #4718 ) ;
#8167 = CARTESIAN_POINT ( 'NONE',  ( -8.389999999999998800, 0.2000000000000000100, -13.81999999999999900 ) ) ;
#8168 = EDGE_CURVE ( 'NONE', #9955, #7203, #9198, .T. ) ;
#8169 = LINE ( 'NONE', #6011, #9665 ) ;
#8170 = CARTESIAN_POINT ( 'NONE',  ( 21.84000000000000700, -8.000000000000000000, -14.12000000000000300 ) ) ;
#8171 = LINE ( 'NONE', #6248, #2395 ) ;
#8172 = LINE ( 'NONE', #5092, #6085 ) ;
#8173 = MECHANICAL_DESIGN_GEOMETRIC_PRESENTATION_REPRESENTATION (  '', ( #1859 ), #10127 ) ;
#8174 = CARTESIAN_POINT ( 'NONE',  ( 19.55000000000000400, 1.000000000000000000, -13.82000000000000200 ) ) ;
#8175 = FACE_OUTER_BOUND ( 'NONE', #6457, .T. ) ;
#8176 = AXIS2_PLACEMENT_3D ( 'NONE', #9013, #9828, #9787 ) ;
#8177 = CARTESIAN_POINT ( 'NONE',  ( 6.850000000000002300, 1.000000000000000000, -13.82000000000000200 ) ) ;
#8178 = VECTOR ( 'NONE', #6048, 1000.000000000000000 ) ;
#8179 = LINE ( 'NONE', #2863, #5345 ) ;
#8180 = VECTOR ( 'NONE', #5545, 1000.000000000000000 ) ;
#8181 = LINE ( 'NONE', #341, #3749 ) ;
#8182 = DIRECTION ( 'NONE',  ( 0.0000000000000000000, -1.000000000000000000, 0.0000000000000000000 ) ) ;
#8183 = EDGE_LOOP ( 'NONE', ( #2743, #7279, #3993, #2978 ) ) ;
#8184 = DIRECTION ( 'NONE',  ( -1.000000000000000000, -0.0000000000000000000, -0.0000000000000000000 ) ) ;
#8185 = DIRECTION ( 'NONE',  ( 0.0000000000000000000, 1.000000000000000000, 0.0000000000000000000 ) ) ;
#8186 = DIRECTION ( 'NONE',  ( -1.000000000000000000, -0.0000000000000000000, -0.0000000000000000000 ) ) ;
#8187 = ADVANCED_FACE ( 'NONE', ( #7211 ), #1145, .F. ) ;
#8188 = LINE ( 'NONE', #8858, #3034 ) ;
#8189 = EDGE_LOOP ( 'NONE', ( #91, #10039, #6767, #8602 ) ) ;
#8190 = CARTESIAN_POINT ( 'NONE',  ( 21.09000000000000300, 1.300000000000000000, 13.52000000000000300 ) ) ;
#8191 = ORIENTED_EDGE ( 'NONE', *, *, #6249, .T. ) ;
#8192 = EDGE_CURVE ( 'NONE', #10080, #4666, #1444, .T. ) ;
#8193 = PRESENTATION_LAYER_ASSIGNMENT (  '', '', ( #3781 ) ) ;
#8194 = LINE ( 'NONE', #7540, #4241 ) ;
#8195 = VERTEX_POINT ( 'NONE', #5572 ) ;
#8196 = EDGE_LOOP ( 'NONE', ( #9310, #9837, #2103, #826 ) ) ;
#8197 = LINE ( 'NONE', #5148, #1311 ) ;
#8198 = CARTESIAN_POINT ( 'NONE',  ( 24.38000000000000600, -8.000000000000000000, 13.82000000000000200 ) ) ;
#8199 = VECTOR ( 'NONE', #176, 1000.000000000000000 ) ;
#8200 = ORIENTED_EDGE ( 'NONE', *, *, #7688, .F. ) ;
#8201 = VECTOR ( 'NONE', #6910, 1000.000000000000000 ) ;
#8202 = CARTESIAN_POINT ( 'NONE',  ( 24.63000000000000600, 1.000000000000000000, -13.82000000000000200 ) ) ;
#8203 = ORIENTED_EDGE ( 'NONE', *, *, #7408, .T. ) ;
#8204 = ORIENTED_EDGE ( 'NONE', *, *, #5766, .T. ) ;
#8205 = DIRECTION ( 'NONE',  ( -1.000000000000000000, -0.0000000000000000000, -0.0000000000000000000 ) ) ;
#8206 = CARTESIAN_POINT ( 'NONE',  ( -18.79999999999999700, 1.000000000000000000, -13.52000000000000300 ) ) ;
#8207 = CARTESIAN_POINT ( 'NONE',  ( -10.92999999999999600, 0.2000000000000000100, -14.12000000000000100 ) ) ;
#8208 = ORIENTED_EDGE ( 'NONE', *, *, #5665, .F. ) ;
#8209 = ORIENTED_EDGE ( 'NONE', *, *, #2577, .F. ) ;
#8210 = EDGE_CURVE ( 'NONE', #4771, #4935, #2936, .T. ) ;
#8211 = ORIENTED_EDGE ( 'NONE', *, *, #3362, .T. ) ;
#8212 = LINE ( 'NONE', #3203, #9839 ) ;
#8213 = FACE_OUTER_BOUND ( 'NONE', #5378, .T. ) ;
#8214 = ORIENTED_EDGE ( 'NONE', *, *, #9991, .T. ) ;
#8215 = CARTESIAN_POINT ( 'NONE',  ( -13.71999999999999700, -8.000000000000000000, -14.12000000000000300 ) ) ;
#8216 = FACE_OUTER_BOUND ( 'NONE', #8418, .T. ) ;
#8217 = LINE ( 'NONE', #8228, #2438 ) ;
#8218 = VERTEX_POINT ( 'NONE', #6639 ) ;
#8219 = ORIENTED_EDGE ( 'NONE', *, *, #2248, .F. ) ;
#8220 = DIRECTION ( 'NONE',  ( 0.0000000000000000000, 0.0000000000000000000, 1.000000000000000000 ) ) ;
#8221 = ORIENTED_EDGE ( 'NONE', *, *, #1747, .T. ) ;
#8222 = PLANE ( 'NONE',  #2384 ) ;
#8223 = VECTOR ( 'NONE', #1591, 1000.000000000000000 ) ;
#8224 = CARTESIAN_POINT ( 'NONE',  ( -3.559999999999997400, 1.300000000000000000, -13.52000000000000300 ) ) ;
#8225 = EDGE_CURVE ( 'NONE', #8906, #5985, #7326, .T. ) ;
#8226 = ADVANCED_FACE ( 'NONE', ( #8951 ), #3564, .F. ) ;
#8227 = VECTOR ( 'NONE', #5554, 1000.000000000000000 ) ;
#8228 = CARTESIAN_POINT ( 'NONE',  ( -4.309999999999997800, 1.000000000000000000, -13.82000000000000200 ) ) ;
#8229 = ORIENTED_EDGE ( 'NONE', *, *, #1703, .T. ) ;
#8230 = CARTESIAN_POINT ( 'NONE',  ( -22.09000000000000000, 0.2000000000000000900, 13.82000000000000200 ) ) ;
#8231 = CARTESIAN_POINT ( 'NONE',  ( 24.63000000000000600, 0.2000000000000000900, 13.82000000000000200 ) ) ;
#8232 = AXIS2_PLACEMENT_3D ( 'NONE', #3393, #7904, #1906 ) ;
#8233 = ORIENTED_EDGE ( 'NONE', *, *, #4352, .T. ) ;
#8234 = CARTESIAN_POINT ( 'NONE',  ( -18.79999999999999700, -8.000000000000000000, -14.12000000000000300 ) ) ;
#8235 = ORIENTED_EDGE ( 'NONE', *, *, #1221, .F. ) ;
#8236 = LINE ( 'NONE', #10278, #3912 ) ;
#8237 = DIRECTION ( 'NONE',  ( -0.0000000000000000000, -0.0000000000000000000, -1.000000000000000000 ) ) ;
#8238 = ORIENTED_EDGE ( 'NONE', *, *, #4113, .F. ) ;
#8239 = EDGE_CURVE ( 'NONE', #6256, #3880, #2057, .T. ) ;
#8240 = VECTOR ( 'NONE', #3612, 1000.000000000000000 ) ;
#8241 = FILL_AREA_STYLE_COLOUR ( '', #7541 ) ;
#8242 = ORIENTED_EDGE ( 'NONE', *, *, #5709, .F. ) ;
#8243 = ORIENTED_EDGE ( 'NONE', *, *, #5030, .T. ) ;
#8244 = CARTESIAN_POINT ( 'NONE',  ( -21.08999999999999600, 0.0000000000000000000, 0.0000000000000000000 ) ) ;
#8245 = ORIENTED_EDGE ( 'NONE', *, *, #3166, .F. ) ;
#8246 = EDGE_CURVE ( 'NONE', #729, #9872, #6465, .T. ) ;
#8247 = ORIENTED_EDGE ( 'NONE', *, *, #445, .T. ) ;
#8248 = CARTESIAN_POINT ( 'NONE',  ( -24.62999999999999900, 0.2000000000000000100, -14.12000000000000100 ) ) ;
#8249 = FACE_OUTER_BOUND ( 'NONE', #9061, .T. ) ;
#8250 = DIRECTION ( 'NONE',  ( 1.000000000000000000, 0.0000000000000000000, 0.0000000000000000000 ) ) ;
#8251 = CARTESIAN_POINT ( 'NONE',  ( -18.54999999999999700, 1.300000000000000000, -14.12000000000000300 ) ) ;
#8252 = EDGE_CURVE ( 'NONE', #6244, #4489, #6835, .T. ) ;
#8253 = ORIENTED_EDGE ( 'NONE', *, *, #2700, .F. ) ;
#8254 = AXIS2_PLACEMENT_3D ( 'NONE', #9967, #1123, #5216 ) ;
#8255 = EDGE_LOOP ( 'NONE', ( #3920, #6260, #6741, #3800 ) ) ;
#8256 = ADVANCED_FACE ( 'NONE', ( #9329 ), #9110, .T. ) ;
#8257 = ORIENTED_EDGE ( 'NONE', *, *, #421, .F. ) ;
#8258 = PLANE ( 'NONE',  #5796 ) ;
#8259 = EDGE_LOOP ( 'NONE', ( #10063, #8561, #6496, #9664 ) ) ;
#8260 = ORIENTED_EDGE ( 'NONE', *, *, #1973, .F. ) ;
#8261 = ORIENTED_EDGE ( 'NONE', *, *, #3365, .T. ) ;
#8262 = LINE ( 'NONE', #3929, #3330 ) ;
#8263 = DIRECTION ( 'NONE',  ( 0.0000000000000000000, -1.000000000000000000, 0.0000000000000000000 ) ) ;
#8264 = DIRECTION ( 'NONE',  ( 0.0000000000000000000, 0.0000000000000000000, 1.000000000000000000 ) ) ;
#8265 = SURFACE_STYLE_USAGE ( .BOTH. , #1242 ) ;
#8266 = CARTESIAN_POINT ( 'NONE',  ( 16.01000000000000500, 0.2000000000000000100, -14.12000000000000100 ) ) ;
#8267 = CARTESIAN_POINT ( 'NONE',  ( 2.999999999999982200, 1.000000000000000000, -9.650000000000000400 ) ) ;
#8268 = VERTEX_POINT ( 'NONE', #7525 ) ;
#8269 = ORIENTED_EDGE ( 'NONE', *, *, #4524, .T. ) ;
#8270 = AXIS2_PLACEMENT_3D ( 'NONE', #7260, #4096, #970 ) ;
#8271 = CARTESIAN_POINT ( 'NONE',  ( -6.099999999999997900, 1.000000000000000000, -13.82000000000000200 ) ) ;
#8272 = CARTESIAN_POINT ( 'NONE',  ( 23.63000000000000600, 1.000000000000000000, 13.52000000000000300 ) ) ;
#8273 = CARTESIAN_POINT ( 'NONE',  ( -13.46999999999999700, 1.000000000000000000, -13.52000000000000300 ) ) ;
#8274 = CARTESIAN_POINT ( 'NONE',  ( -21.08999999999999600, 0.0000000000000000000, 0.0000000000000000000 ) ) ;
#8275 = CARTESIAN_POINT ( 'NONE',  ( -3.000000000000017300, 0.9499999999999999600, -9.650000000000000400 ) ) ;
#8276 = ORIENTED_EDGE ( 'NONE', *, *, #9574, .F. ) ;
#8277 = CARTESIAN_POINT ( 'NONE',  ( 4.310000000000004900, 1.300000000000000000, -14.12000000000000300 ) ) ;
#8278 = VECTOR ( 'NONE', #2002, 1000.000000000000000 ) ;
#8279 = VERTEX_POINT ( 'NONE', #449 ) ;
#8280 = CARTESIAN_POINT ( 'NONE',  ( 28.30000000000000800, 0.2500000000000003300, 3.429999999999999300 ) ) ;
#8281 = EDGE_CURVE ( 'NONE', #7442, #2683, #8346, .T. ) ;
#8282 = CARTESIAN_POINT ( 'NONE',  ( -16.25999999999999800, 0.2000000000000005100, -13.82000000000000200 ) ) ;
#8283 = VERTEX_POINT ( 'NONE', #1949 ) ;
#8284 = DIRECTION ( 'NONE',  ( 0.0000000000000000000, 0.0000000000000000000, -1.000000000000000000 ) ) ;
#8285 = PRESENTATION_LAYER_ASSIGNMENT (  '', '', ( #483 ) ) ;
#8287 = ADVANCED_FACE ( 'NONE', ( #8831 ), #6774, .F. ) ;
#8286 = VERTEX_POINT ( 'NONE', #5954 ) ;
#8288 = DIRECTION ( 'NONE',  ( 0.0000000000000000000, -0.0000000000000000000, 1.000000000000000000 ) ) ;
#8289 = LINE ( 'NONE', #4130, #9907 ) ;
#8290 = DIRECTION ( 'NONE',  ( -1.000000000000000000, -0.0000000000000000000, -0.0000000000000000000 ) ) ;
#8291 = EDGE_LOOP ( 'NONE', ( #7830, #10098, #8891, #8873 ) ) ;
#8292 = DIRECTION ( 'NONE',  ( 0.0000000000000000000, -0.0000000000000000000, -1.000000000000000000 ) ) ;
#8293 = DIRECTION ( 'NONE',  ( 0.0000000000000000000, -0.0000000000000000000, -1.000000000000000000 ) ) ;
#8294 = AXIS2_PLACEMENT_3D ( 'NONE', #4424, #6014, #2904 ) ;
#8295 = LINE ( 'NONE', #6161, #7037 ) ;
#8296 = ORIENTED_EDGE ( 'NONE', *, *, #8020, .T. ) ;
#8297 = DIRECTION ( 'NONE',  ( -1.000000000000000000, 0.0000000000000000000, 0.0000000000000000000 ) ) ;
#8298 = CARTESIAN_POINT ( 'NONE',  ( -22.09000000000000000, 1.300000000000000000, -14.12000000000000300 ) ) ;
#8299 =( GEOMETRIC_REPRESENTATION_CONTEXT ( 3 ) GLOBAL_UNCERTAINTY_ASSIGNED_CONTEXT ( ( #6434 ) ) GLOBAL_UNIT_ASSIGNED_CONTEXT ( ( #920, #641, #768 ) ) REPRESENTATION_CONTEXT ( 'NONE', 'WORKASPACE' ) );
#8300 = DIRECTION ( 'NONE',  ( 1.000000000000000000, 0.0000000000000000000, 0.0000000000000000000 ) ) ;
#8301 = MANIFOLD_SOLID_BREP ( 'Boss-Extrude9', #7359 ) ;
#8302 = VECTOR ( 'NONE', #613, 1000.000000000000000 ) ;
#8303 = CARTESIAN_POINT ( 'NONE',  ( -16.25999999999999800, 0.2000000000000000100, 0.0000000000000000000 ) ) ;
#8304 = CARTESIAN_POINT ( 'NONE',  ( 4.060000000000004900, 1.300000000000000000, -13.52000000000000300 ) ) ;
#8305 = ORIENTED_EDGE ( 'NONE', *, *, #3950, .F. ) ;
#8306 = DIRECTION ( 'NONE',  ( 0.0000000000000000000, 0.0000000000000000000, -1.000000000000000000 ) ) ;
#8307 = ADVANCED_FACE ( 'NONE', ( #4881 ), #2144, .F. ) ;
#8308 = VECTOR ( 'NONE', #6858, 1000.000000000000000 ) ;
#8309 = CARTESIAN_POINT ( 'NONE',  ( 21.84000000000000700, 1.300000000000000000, -14.12000000000000300 ) ) ;
#8310 = EDGE_CURVE ( 'NONE', #1434, #2071, #5604, .T. ) ;
#8311 = VECTOR ( 'NONE', #7234, 1000.000000000000000 ) ;
#8312 = VERTEX_POINT ( 'NONE', #7667 ) ;
#8313 = LINE ( 'NONE', #1847, #145 ) ;
#8314 = EDGE_CURVE ( 'NONE', #3406, #2953, #1544, .T. ) ;
#8315 = PLANE ( 'NONE',  #2533 ) ;
#8316 = LINE ( 'NONE', #7890, #6090 ) ;
#8317 = EDGE_CURVE ( 'NONE', #4088, #7595, #6218, .T. ) ;
#8318 = LINE ( 'NONE', #637, #6204 ) ;
#8319 = VECTOR ( 'NONE', #1328, 1000.000000000000000 ) ;
#8320 = ORIENTED_EDGE ( 'NONE', *, *, #3405, .T. ) ;
#8321 = DIRECTION ( 'NONE',  ( 0.0000000000000000000, 0.0000000000000000000, -1.000000000000000000 ) ) ;
#8322 = VECTOR ( 'NONE', #10095, 1000.000000000000000 ) ;
#8323 = VECTOR ( 'NONE', #2396, 1000.000000000000000 ) ;
#8324 = ORIENTED_EDGE ( 'NONE', *, *, #8839, .F. ) ;
#8325 = CARTESIAN_POINT ( 'NONE',  ( 21.09000000000000300, 0.2000000000000000900, 13.82000000000000200 ) ) ;
#8326 = FACE_OUTER_BOUND ( 'NONE', #6771, .T. ) ;
#8327 = DIRECTION ( 'NONE',  ( -1.000000000000000000, 0.0000000000000000000, 0.0000000000000000000 ) ) ;
#8328 = LINE ( 'NONE', #2432, #4981 ) ;
#8329 = VECTOR ( 'NONE', #3907, 1000.000000000000000 ) ;
#8330 = SURFACE_STYLE_USAGE ( .BOTH. , #9903 ) ;
#8331 = AXIS2_PLACEMENT_3D ( 'NONE', #5835, #5879, #1868 ) ;
#8332 = FACE_OUTER_BOUND ( 'NONE', #9850, .T. ) ;
#8333 = ADVANCED_FACE ( 'NONE', ( #3638 ), #8517, .F. ) ;
#8334 = ORIENTED_EDGE ( 'NONE', *, *, #9985, .T. ) ;
#8335 = VERTEX_POINT ( 'NONE', #6036 ) ;
#8336 = ORIENTED_EDGE ( 'NONE', *, *, #1252, .F. ) ;
#8337 = VERTEX_POINT ( 'NONE', #7635 ) ;
#8338 = VERTEX_POINT ( 'NONE', #10123 ) ;
#8339 = DIRECTION ( 'NONE',  ( -1.000000000000000000, -0.0000000000000000000, -0.0000000000000000000 ) ) ;
#8340 = DIRECTION ( 'NONE',  ( 1.000000000000000000, 0.0000000000000000000, 0.0000000000000000000 ) ) ;
#8341 = VECTOR ( 'NONE', #6433, 1000.000000000000000 ) ;
#8342 = FACE_OUTER_BOUND ( 'NONE', #3787, .T. ) ;
#8343 = VERTEX_POINT ( 'NONE', #3757 ) ;
#8344 = DIRECTION ( 'NONE',  ( -0.0000000000000000000, -0.0000000000000000000, -1.000000000000000000 ) ) ;
#8345 = EDGE_CURVE ( 'NONE', #3722, #8371, #6950, .T. ) ;
#8346 = LINE ( 'NONE', #3625, #6963 ) ;
#8347 = EDGE_CURVE ( 'NONE', #1548, #6490, #3044, .T. ) ;
#8348 = LINE ( 'NONE', #281, #7952 ) ;
#8349 = EDGE_LOOP ( 'NONE', ( #1729, #3774, #1073, #2181, #7835, #8208 ) ) ;
#8350 = ADVANCED_FACE ( 'NONE', ( #8332 ), #654, .F. ) ;
#8351 = VERTEX_POINT ( 'NONE', #9208 ) ;
#8352 = ORIENTED_EDGE ( 'NONE', *, *, #710, .F. ) ;
#8353 = ORIENTED_EDGE ( 'NONE', *, *, #2646, .T. ) ;
#8354 = VECTOR ( 'NONE', #7218, 1000.000000000000000 ) ;
#8355 = CARTESIAN_POINT ( 'NONE',  ( 21.84000000000000700, 1.300000000000000000, 14.12000000000000300 ) ) ;
#8356 = DIRECTION ( 'NONE',  ( -0.0000000000000000000, 1.000000000000000000, -0.0000000000000000000 ) ) ;
#8357 = PLANE ( 'NONE',  #6540 ) ;
#8358 = CARTESIAN_POINT ( 'NONE',  ( 16.76000000000000500, 0.0000000000000000000, 0.0000000000000000000 ) ) ;
#8359 = LINE ( 'NONE', #8524, #197 ) ;
#8360 = VERTEX_POINT ( 'NONE', #7710 ) ;
#8361 = EDGE_CURVE ( 'NONE', #3294, #41, #4866, .T. ) ;
#8362 = ADVANCED_FACE ( 'NONE', ( #3766 ), #4471, .F. ) ;
#8363 = PLANE ( 'NONE',  #8851 ) ;
#8364 = VECTOR ( 'NONE', #2259, 1000.000000000000000 ) ;
#8365 = PLANE ( 'NONE',  #4170 ) ;
#8366 = LINE ( 'NONE', #9156, #6141 ) ;
#8367 = ORIENTED_EDGE ( 'NONE', *, *, #6660, .F. ) ;
#8368 = DIRECTION ( 'NONE',  ( 0.0000000000000000000, 0.0000000000000000000, -1.000000000000000000 ) ) ;
#8369 = VERTEX_POINT ( 'NONE', #5313 ) ;
#8370 = CARTESIAN_POINT ( 'NONE',  ( 9.390000000000002300, 1.300000000000000000, -13.52000000000000300 ) ) ;
#8371 = VERTEX_POINT ( 'NONE', #2119 ) ;
#8372 = EDGE_CURVE ( 'NONE', #4046, #4379, #7557, .T. ) ;
#8373 = FACE_OUTER_BOUND ( 'NONE', #7935, .T. ) ;
#8374 = CARTESIAN_POINT ( 'NONE',  ( -6.099999999999997900, 1.300000000000000000, -13.52000000000000300 ) ) ;
#8375 = ORIENTED_EDGE ( 'NONE', *, *, #2041, .F. ) ;
#8376 = CARTESIAN_POINT ( 'NONE',  ( 27.49999999999999600, 1.800000000000000000, -6.820000000000001200 ) ) ;
#8378 = EDGE_LOOP ( 'NONE', ( #9886, #4212, #3768, #1283 ) ) ;
#8377 = CARTESIAN_POINT ( 'NONE',  ( -21.33999999999999600, 1.000000000000000000, -13.82000000000000200 ) ) ;
#8379 = EDGE_CURVE ( 'NONE', #2752, #5170, #6337, .T. ) ;
#8380 = ORIENTED_EDGE ( 'NONE', *, *, #9749, .F. ) ;
#8381 = ORIENTED_EDGE ( 'NONE', *, *, #4418, .F. ) ;
#8382 = VECTOR ( 'NONE', #3115, 1000.000000000000000 ) ;
#8383 = EDGE_CURVE ( 'NONE', #505, #9036, #676, .T. ) ;
#8384 = DIRECTION ( 'NONE',  ( 0.0000000000000000000, 1.000000000000000000, -1.577021341797097600E-015 ) ) ;
#8385 = ORIENTED_EDGE ( 'NONE', *, *, #6305, .F. ) ;
#8386 = EDGE_CURVE ( 'NONE', #7581, #1520, #3280, .T. ) ;
#8387 = ADVANCED_FACE ( 'NONE', ( #6698 ), #4714, .T. ) ;
#8388 = ORIENTED_EDGE ( 'NONE', *, *, #3667, .T. ) ;
#8389 = CARTESIAN_POINT ( 'NONE',  ( -17.00999999999999800, 1.300000000000000000, -13.52000000000000300 ) ) ;
#8390 = DIRECTION ( 'NONE',  ( 0.0000000000000000000, 0.0000000000000000000, -1.000000000000000000 ) ) ;
#8391 = STYLED_ITEM ( 'NONE', ( #8536 ), #9697 ) ;
#8392 = VERTEX_POINT ( 'NONE', #3991 ) ;
#8393 = CARTESIAN_POINT ( 'NONE',  ( 13.72000000000000200, -8.000000000000000000, -13.82000000000000200 ) ) ;
#8394 = DIRECTION ( 'NONE',  ( -1.000000000000000000, -0.0000000000000000000, -0.0000000000000000000 ) ) ;
#8395 = CARTESIAN_POINT ( 'NONE',  ( -9.389999999999998800, 0.2000000000000000100, -14.12000000000000100 ) ) ;
#8396 = CARTESIAN_POINT ( 'NONE',  ( 0.7700000000000033500, 1.300000000000000000, -14.12000000000000300 ) ) ;
#8397 = DIRECTION ( 'NONE',  ( -1.000000000000000000, -0.0000000000000000000, -0.0000000000000000000 ) ) ;
#8398 = CARTESIAN_POINT ( 'NONE',  ( 11.68000000000000300, -8.000000000000000000, -14.12000000000000300 ) ) ;
#8399 = ORIENTED_EDGE ( 'NONE', *, *, #4271, .T. ) ;
#8400 = EDGE_CURVE ( 'NONE', #9790, #9964, #9065, .T. ) ;
#8401 = CARTESIAN_POINT ( 'NONE',  ( -23.87999999999999900, -8.000000000000000000, 14.12000000000000300 ) ) ;
#8402 = ORIENTED_EDGE ( 'NONE', *, *, #8434, .T. ) ;
#8403 = CARTESIAN_POINT ( 'NONE',  ( 2.999999999999982200, 0.9499999999999999600, -9.650000000000000400 ) ) ;
#8404 = CARTESIAN_POINT ( 'NONE',  ( 25.49999999999998900, 1.700000000000000000, -5.319999999999996700 ) ) ;
#8405 = DIRECTION ( 'NONE',  ( 0.0000000000000000000, -0.0000000000000000000, 1.000000000000000000 ) ) ;
#8406 = ADVANCED_FACE ( 'NONE', ( #9315 ), #4653, .F. ) ;
#8407 = DIRECTION ( 'NONE',  ( -1.000000000000000000, -0.0000000000000000000, -0.0000000000000000000 ) ) ;
#8408 = ORIENTED_EDGE ( 'NONE', *, *, #8566, .T. ) ;
#8409 = EDGE_CURVE ( 'NONE', #7377, #2088, #8819, .T. ) ;
#8410 = DIRECTION ( 'NONE',  ( -1.000000000000000000, -0.0000000000000000000, -0.0000000000000000000 ) ) ;
#8411 = DIRECTION ( 'NONE',  ( 0.0000000000000000000, 1.000000000000000000, 0.0000000000000000000 ) ) ;
#8412 = PLANE ( 'NONE',  #7168 ) ;
#8413 = AXIS2_PLACEMENT_3D ( 'NONE', #1781, #8297, #2766 ) ;
#8414 = DIRECTION ( 'NONE',  ( 1.000000000000000000, 0.0000000000000000000, 0.0000000000000000000 ) ) ;
#8415 = DIRECTION ( 'NONE',  ( 1.000000000000000000, 0.0000000000000000000, -0.0000000000000000000 ) ) ;
#8416 = LINE ( 'NONE', #9626, #4209 ) ;
#8417 = CARTESIAN_POINT ( 'NONE',  ( 19.30000000000000400, 1.000000000000000000, -13.52000000000000300 ) ) ;
#8418 = EDGE_LOOP ( 'NONE', ( #7087, #7509, #4037, #8008, #753, #1547 ) ) ;
#8419 = VECTOR ( 'NONE', #10064, 1000.000000000000000 ) ;
#8420 = DIRECTION ( 'NONE',  ( 0.0000000000000000000, -0.0000000000000000000, 1.000000000000000000 ) ) ;
#8421 = EDGE_CURVE ( 'NONE', #4535, #9441, #4619, .T. ) ;
#8422 = LINE ( 'NONE', #6060, #6795 ) ;
#8423 = DIRECTION ( 'NONE',  ( -0.0000000000000000000, 1.000000000000000000, -0.0000000000000000000 ) ) ;
#8424 = CARTESIAN_POINT ( 'NONE',  ( -19.54999999999999700, 1.300000000000000000, -13.52000000000000300 ) ) ;
#8425 = DIRECTION ( 'NONE',  ( -0.0000000000000000000, 1.000000000000000000, 0.0000000000000000000 ) ) ;
#8426 = ADVANCED_FACE ( 'NONE', ( #5361 ), #1518, .T. ) ;
#8427 = LINE ( 'NONE', #1860, #1028 ) ;
#8428 = DIRECTION ( 'NONE',  ( 1.000000000000000000, -0.0000000000000000000, -1.261617073437678000E-016 ) ) ;
#8429 = CARTESIAN_POINT ( 'NONE',  ( -21.08999999999999600, 1.300000000000000000, -13.52000000000000300 ) ) ;
#8430 = VECTOR ( 'NONE', #8653, 1000.000000000000000 ) ;
#8431 = DIRECTION ( 'NONE',  ( 1.000000000000000000, -0.0000000000000000000, 0.0000000000000000000 ) ) ;
#8432 = LINE ( 'NONE', #9255, #6313 ) ;
#8433 = VECTOR ( 'NONE', #1343, 1000.000000000000000 ) ;
#8434 = EDGE_CURVE ( 'NONE', #6886, #6183, #9695, .T. ) ;
#8435 = VECTOR ( 'NONE', #3267, 1000.000000000000000 ) ;
#8436 = CARTESIAN_POINT ( 'NONE',  ( -24.09000000000000700, 1.700000000000000000, -4.074999999999995700 ) ) ;
#8437 = LINE ( 'NONE', #9389, #165 ) ;
#8438 = VECTOR ( 'NONE', #3392, 1000.000000000000000 ) ;
#8439 = ORIENTED_EDGE ( 'NONE', *, *, #4401, .F. ) ;
#8440 = EDGE_CURVE ( 'NONE', #1478, #3683, #45, .T. ) ;
#8441 = MECHANICAL_DESIGN_GEOMETRIC_PRESENTATION_REPRESENTATION (  '', ( #3690 ), #310 ) ;
#8442 = VECTOR ( 'NONE', #1737, 1000.000000000000000 ) ;
#8443 = CARTESIAN_POINT ( 'NONE',  ( -0.7699999999999963500, 1.000000000000000000, -13.52000000000000300 ) ) ;
#8444 = ORIENTED_EDGE ( 'NONE', *, *, #7092, .T. ) ;
#8445 = VERTEX_POINT ( 'NONE', #5468 ) ;
#8446 = CARTESIAN_POINT ( 'NONE',  ( 24.38000000000000600, -8.000000000000000000, 13.82000000000000200 ) ) ;
#8447 = DIRECTION ( 'NONE',  ( 1.000000000000000000, 0.0000000000000000000, -0.0000000000000000000 ) ) ;
#8448 = FACE_OUTER_BOUND ( 'NONE', #2703, .T. ) ;
#8449 = ORIENTED_EDGE ( 'NONE', *, *, #2620, .T. ) ;
#8450 = ORIENTED_EDGE ( 'NONE', *, *, #9731, .T. ) ;
#8451 = LINE ( 'NONE', #1986, #2419 ) ;
#8452 = VECTOR ( 'NONE', #4833, 1000.000000000000000 ) ;
#8453 = ORIENTED_EDGE ( 'NONE', *, *, #10224, .T. ) ;
#8454 = ADVANCED_FACE ( 'NONE', ( #5114 ), #3088, .F. ) ;
#8455 = VECTOR ( 'NONE', #593, 1000.000000000000000 ) ;
#8456 = ORIENTED_EDGE ( 'NONE', *, *, #2721, .T. ) ;
#8457 = ORIENTED_EDGE ( 'NONE', *, *, #8830, .T. ) ;
#8458 = PLANE ( 'NONE',  #713 ) ;
#8459 = ORIENTED_EDGE ( 'NONE', *, *, #3981, .T. ) ;
#8460 = ORIENTED_EDGE ( 'NONE', *, *, #6987, .F. ) ;
#8461 = DIRECTION ( 'NONE',  ( -1.000000000000000000, -0.0000000000000000000, -0.0000000000000000000 ) ) ;
#8462 = ORIENTED_EDGE ( 'NONE', *, *, #361, .F. ) ;
#8463 = FACE_OUTER_BOUND ( 'NONE', #46, .T. ) ;
#8464 = ORIENTED_EDGE ( 'NONE', *, *, #3484, .F. ) ;
#8465 = DIRECTION ( 'NONE',  ( 1.000000000000000000, 0.0000000000000000000, 0.0000000000000000000 ) ) ;
#8466 = VECTOR ( 'NONE', #8897, 1000.000000000000000 ) ;
#8467 = DIRECTION ( 'NONE',  ( -0.0000000000000000000, 1.000000000000000000, 0.0000000000000000000 ) ) ;
#8468 = LINE ( 'NONE', #1272, #6714 ) ;
#8469 = EDGE_LOOP ( 'NONE', ( #1250, #8487, #1307, #6285, #7998, #302, #2046, #6512 ) ) ;
#8470 = PLANE ( 'NONE',  #77 ) ;
#8471 = DIRECTION ( 'NONE',  ( 0.0000000000000000000, 0.0000000000000000000, 1.000000000000000000 ) ) ;
#8472 = ORIENTED_EDGE ( 'NONE', *, *, #5754, .T. ) ;
#8473 = ORIENTED_EDGE ( 'NONE', *, *, #6082, .F. ) ;
#8474 = EDGE_CURVE ( 'NONE', #3683, #10080, #170, .T. ) ;
#8475 = LINE ( 'NONE', #7352, #194 ) ;
#8476 = DIRECTION ( 'NONE',  ( -1.000000000000000000, -0.0000000000000000000, -0.0000000000000000000 ) ) ;
#8477 = VECTOR ( 'NONE', #177, 1000.000000000000000 ) ;
#8478 = ORIENTED_EDGE ( 'NONE', *, *, #6895, .T. ) ;
#8479 = ORIENTED_EDGE ( 'NONE', *, *, #5779, .F. ) ;
#8480 = EDGE_LOOP ( 'NONE', ( #5414, #4049, #5120, #6931 ) ) ;
#8481 = DIRECTION ( 'NONE',  ( -1.000000000000000000, 0.0000000000000000000, -0.0000000000000000000 ) ) ;
#8482 = MANIFOLD_SOLID_BREP ( 'LPattern1[23]', #7003 ) ;
#8483 = CARTESIAN_POINT ( 'NONE',  ( -21.33999999999999600, -8.000000000000000000, -13.82000000000000200 ) ) ;
#8484 = VERTEX_POINT ( 'NONE', #9456 ) ;
#8485 = VECTOR ( 'NONE', #7886, 1000.000000000000000 ) ;
#8486 = ORIENTED_EDGE ( 'NONE', *, *, #7838, .T. ) ;
#8487 = ORIENTED_EDGE ( 'NONE', *, *, #3741, .T. ) ;
#8488 = AXIS2_PLACEMENT_3D ( 'NONE', #6045, #9221, #524 ) ;
#8489 = CARTESIAN_POINT ( 'NONE',  ( 19.55000000000000400, 0.2000000000000000100, -13.81999999999999900 ) ) ;
#8490 = ORIENTED_EDGE ( 'NONE', *, *, #1642, .F. ) ;
#8491 = CARTESIAN_POINT ( 'NONE',  ( -24.09000000000000700, 1.700000000000000000, -4.074999999999995700 ) ) ;
#8492 = VECTOR ( 'NONE', #8344, 1000.000000000000000 ) ;
#8493 = DIRECTION ( 'NONE',  ( -1.000000000000000000, -0.0000000000000000000, -0.0000000000000000000 ) ) ;
#8494 =( NAMED_UNIT ( * ) PLANE_ANGLE_UNIT ( ) SI_UNIT ( $, .RADIAN. ) );
#8495 = ADVANCED_FACE ( 'NONE', ( #1428 ), #7122, .F. ) ;
#8496 = DIRECTION ( 'NONE',  ( 0.0000000000000000000, -0.0000000000000000000, -1.000000000000000000 ) ) ;
#8497 = ORIENTED_EDGE ( 'NONE', *, *, #9234, .F. ) ;
#8498 = CARTESIAN_POINT ( 'NONE',  ( -16.00999999999999800, 0.2000000000000000100, -13.81999999999999900 ) ) ;
#8499 = ORIENTED_EDGE ( 'NONE', *, *, #1148, .F. ) ;
#8500 = EDGE_CURVE ( 'NONE', #5116, #2869, #7196, .T. ) ;
#8501 = EDGE_LOOP ( 'NONE', ( #190, #3220, #7659, #339 ) ) ;
#8502 = ORIENTED_EDGE ( 'NONE', *, *, #8534, .F. ) ;
#8503 = EDGE_LOOP ( 'NONE', ( #8586, #82, #2547, #7355 ) ) ;
#8504 = DIRECTION ( 'NONE',  ( -1.000000000000000000, 0.0000000000000000000, -0.0000000000000000000 ) ) ;
#8505 = LINE ( 'NONE', #6846, #6157 ) ;
#8506 = CARTESIAN_POINT ( 'NONE',  ( 27.49999999999999600, 1.000000000000000000, -6.820000000000001200 ) ) ;
#8507 = CARTESIAN_POINT ( 'NONE',  ( 6.600000000000001400, 1.300000000000000000, -14.12000000000000300 ) ) ;
#8508 = ADVANCED_FACE ( 'NONE', ( #9831 ), #7900, .F. ) ;
#8509 = EDGE_CURVE ( 'NONE', #9499, #180, #1676, .T. ) ;
#8510 = EDGE_LOOP ( 'NONE', ( #6259, #6515, #2942, #7265 ) ) ;
#8511 = EDGE_CURVE ( 'NONE', #6756, #2125, #1659, .T. ) ;
#8512 = CARTESIAN_POINT ( 'NONE',  ( -21.84000000000000000, 0.0000000000000000000, 0.0000000000000000000 ) ) ;
#8513 = CARTESIAN_POINT ( 'NONE',  ( 13.47000000000000200, 1.300000000000000000, -13.52000000000000300 ) ) ;
#8514 = CARTESIAN_POINT ( 'NONE',  ( 13.72000000000000200, 0.0000000000000000000, 0.0000000000000000000 ) ) ;
#8515 = ORIENTED_EDGE ( 'NONE', *, *, #1911, .F. ) ;
#8516 = DIRECTION ( 'NONE',  ( 1.000000000000000000, 0.0000000000000000000, 0.0000000000000000000 ) ) ;
#8517 = PLANE ( 'NONE',  #6186 ) ;
#8518 = FACE_OUTER_BOUND ( 'NONE', #8859, .T. ) ;
#8519 = ORIENTED_EDGE ( 'NONE', *, *, #7957, .F. ) ;
#8520 = EDGE_LOOP ( 'NONE', ( #1816, #6151, #4664, #2844 ) ) ;
#8521 = AXIS2_PLACEMENT_3D ( 'NONE', #7580, #2839, #1268 ) ;
#8522 = MECHANICAL_DESIGN_GEOMETRIC_PRESENTATION_REPRESENTATION (  '', ( #8650 ), #1993 ) ;
#8523 = DIRECTION ( 'NONE',  ( 0.0000000000000000000, -1.000000000000000000, -1.577021341797097600E-015 ) ) ;
#8524 = CARTESIAN_POINT ( 'NONE',  ( 23.88000000000000600, 0.2000000000000000100, 0.0000000000000000000 ) ) ;
#8525 = VERTEX_POINT ( 'NONE', #3278 ) ;
#8526 = EDGE_LOOP ( 'NONE', ( #7782, #4072, #3549, #5450 ) ) ;
#8527 = CARTESIAN_POINT ( 'NONE',  ( 11.68000000000000300, 1.300000000000000000, -13.52000000000000300 ) ) ;
#8528 = VECTOR ( 'NONE', #8040, 1000.000000000000000 ) ;
#8529 = SURFACE_SIDE_STYLE ('',( #1033 ) ) ;
#8530 = ORIENTED_EDGE ( 'NONE', *, *, #8660, .T. ) ;
#8531 = CARTESIAN_POINT ( 'NONE',  ( 3.560000000000004100, -8.000000000000000000, -14.12000000000000300 ) ) ;
#8532 = CARTESIAN_POINT ( 'NONE',  ( 24.08999999999999300, 1.800000000000000000, -4.074999999999997500 ) ) ;
#8533 = DIRECTION ( 'NONE',  ( -1.000000000000000000, -0.0000000000000000000, -0.0000000000000000000 ) ) ;
#8534 = EDGE_CURVE ( 'NONE', #7879, #53, #8682, .T. ) ;
#8535 = AXIS2_PLACEMENT_3D ( 'NONE', #6843, #10019, #2114 ) ;
#8536 = PRESENTATION_STYLE_ASSIGNMENT (( #1756 ) ) ;
#8537 = DIRECTION ( 'NONE',  ( 0.0000000000000000000, -0.0000000000000000000, 1.000000000000000000 ) ) ;
#8538 = ORIENTED_EDGE ( 'NONE', *, *, #2323, .F. ) ;
#8539 = CARTESIAN_POINT ( 'NONE',  ( 1.770000000000004200, 1.000000000000000000, -13.82000000000000200 ) ) ;
#8540 = FACE_OUTER_BOUND ( 'NONE', #1002, .T. ) ;
#8541 = EDGE_CURVE ( 'NONE', #2350, #2467, #4361, .T. ) ;
#8542 = LINE ( 'NONE', #3851, #9542 ) ;
#8543 =( NAMED_UNIT ( * ) SI_UNIT ( $, .STERADIAN. ) SOLID_ANGLE_UNIT ( ) );
#8544 = SURFACE_STYLE_FILL_AREA ( #565 ) ;
#8545 = SURFACE_SIDE_STYLE ('',( #5130 ) ) ;
#8546 = LINE ( 'NONE', #8631, #6424 ) ;
#8547 = ORIENTED_EDGE ( 'NONE', *, *, #5623, .F. ) ;
#8548 = VECTOR ( 'NONE', #7816, 1000.000000000000000 ) ;
#8549 = FACE_OUTER_BOUND ( 'NONE', #2224, .T. ) ;
#8550 = EDGE_CURVE ( 'NONE', #3788, #4506, #6819, .T. ) ;
#8551 = DIRECTION ( 'NONE',  ( 0.0000000000000000000, -0.0000000000000000000, 1.000000000000000000 ) ) ;
#8552 = LINE ( 'NONE', #4537, #7657 ) ;
#8553 = DIRECTION ( 'NONE',  ( -1.000000000000000000, -0.0000000000000000000, -0.0000000000000000000 ) ) ;
#8554 = VECTOR ( 'NONE', #8121, 1000.000000000000000 ) ;
#8555 = CARTESIAN_POINT ( 'NONE',  ( -16.00999999999999800, 0.2000000000000000100, -13.81999999999999900 ) ) ;
#8556 = VECTOR ( 'NONE', #237, 1000.000000000000000 ) ;
#8557 = ORIENTED_EDGE ( 'NONE', *, *, #1768, .T. ) ;
#8558 = CARTESIAN_POINT ( 'NONE',  ( -21.08999999999999600, 0.2000000000000000900, 13.82000000000000200 ) ) ;
#8559 = LINE ( 'NONE', #1394, #5463 ) ;
#8560 = VECTOR ( 'NONE', #8818, 1000.000000000000000 ) ;
#8561 = ORIENTED_EDGE ( 'NONE', *, *, #5567, .T. ) ;
#8562 = CARTESIAN_POINT ( 'NONE',  ( -27.00000000000000400, -0.0000000000000000000, -7.320000000000002100 ) ) ;
#8563 = LINE ( 'NONE', #8532, #6691 ) ;
#8564 = CARTESIAN_POINT ( 'NONE',  ( -8.389999999999998800, 0.2000000000000000100, -13.81999999999999900 ) ) ;
#8565 = ORIENTED_EDGE ( 'NONE', *, *, #5382, .T. ) ;
#8566 = EDGE_CURVE ( 'NONE', #308, #8109, #5238, .T. ) ;
#8567 = PLANE ( 'NONE',  #7997 ) ;
#8568 = LINE ( 'NONE', #1707, #4366 ) ;
#8569 = FACE_OUTER_BOUND ( 'NONE', #7866, .T. ) ;
#8570 = EDGE_CURVE ( 'NONE', #595, #878, #7183, .T. ) ;
#8571 = DIRECTION ( 'NONE',  ( -1.000000000000000000, -0.0000000000000000000, -0.0000000000000000000 ) ) ;
#8572 = ORIENTED_EDGE ( 'NONE', *, *, #6301, .T. ) ;
#8573 = ORIENTED_EDGE ( 'NONE', *, *, #5090, .F. ) ;
#8574 = CLOSED_SHELL ( 'NONE', ( #4564, #9176, #5683, #6569, #693, #8952, #3548, #4830, #4395, #9953, #937, #4063 ) ) ;
#8575 = ORIENTED_EDGE ( 'NONE', *, *, #9563, .F. ) ;
#8576 = ORIENTED_EDGE ( 'NONE', *, *, #1000, .F. ) ;
#8577 = LINE ( 'NONE', #2104, #4021 ) ;
#8578 = LINE ( 'NONE', #2461, #6462 ) ;
#8579 = CARTESIAN_POINT ( 'NONE',  ( -3.559999999999997400, 1.300000000000000000, -14.12000000000000300 ) ) ;
#8580 = ORIENTED_EDGE ( 'NONE', *, *, #3425, .F. ) ;
#8581 = AXIS2_PLACEMENT_3D ( 'NONE', #8147, #2746, #2627 ) ;
#8582 = SURFACE_STYLE_USAGE ( .BOTH. , #3086 ) ;
#8583 = LINE ( 'NONE', #8207, #5729 ) ;
#8584 = LINE ( 'NONE', #2662, #6467 ) ;
#8585 = ORIENTED_EDGE ( 'NONE', *, *, #88, .F. ) ;
#8586 = ORIENTED_EDGE ( 'NONE', *, *, #2959, .F. ) ;
#8587 = ORIENTED_EDGE ( 'NONE', *, *, #4113, .T. ) ;
#8588 = CARTESIAN_POINT ( 'NONE',  ( -23.62999999999999900, 1.300000000000000000, -14.12000000000000300 ) ) ;
#8589 = VECTOR ( 'NONE', #818, 1000.000000000000000 ) ;
#8590 = DIRECTION ( 'NONE',  ( -0.0000000000000000000, 1.000000000000000000, 0.0000000000000000000 ) ) ;
#8591 = CARTESIAN_POINT ( 'NONE',  ( -16.25999999999999800, -8.000000000000000000, -14.12000000000000300 ) ) ;
#8592 = VECTOR ( 'NONE', #5962, 1000.000000000000000 ) ;
#8593 = EDGE_CURVE ( 'NONE', #3077, #9489, #3153, .T. ) ;
#8594 = MECHANICAL_DESIGN_GEOMETRIC_PRESENTATION_REPRESENTATION (  '', ( #7722 ), #8924 ) ;
#8595 = ADVANCED_FACE ( 'NONE', ( #668 ), #5703, .T. ) ;
#8596 = ORIENTED_EDGE ( 'NONE', *, *, #2751, .T. ) ;
#8597 = DIRECTION ( 'NONE',  ( 0.0000000000000000000, 0.0000000000000000000, -1.000000000000000000 ) ) ;
#8598 = VECTOR ( 'NONE', #652, 1000.000000000000000 ) ;
#8599 = LINE ( 'NONE', #4737, #3915 ) ;
#8600 = CARTESIAN_POINT ( 'NONE',  ( 22.09000000000000700, 0.2000000000000000900, 13.82000000000000200 ) ) ;
#8601 = PLANE ( 'NONE',  #3175 ) ;
#8602 = ORIENTED_EDGE ( 'NONE', *, *, #9961, .T. ) ;
#8603 = ADVANCED_FACE ( 'NONE', ( #5101 ), #7222, .F. ) ;
#8604 = EDGE_CURVE ( 'NONE', #4990, #4152, #5833, .T. ) ;
#8605 = ORIENTED_EDGE ( 'NONE', *, *, #7783, .T. ) ;
#8606 = ORIENTED_EDGE ( 'NONE', *, *, #4229, .F. ) ;
#8607 = ORIENTED_EDGE ( 'NONE', *, *, #8347, .F. ) ;
#8608 = AXIS2_PLACEMENT_3D ( 'NONE', #6163, #1460, #5409 ) ;
#8609 = FACE_OUTER_BOUND ( 'NONE', #3160, .T. ) ;
#8610 = MANIFOLD_SOLID_BREP ( 'LPattern1[26]', #3384 ) ;
#8611 = EDGE_LOOP ( 'NONE', ( #2308, #3534, #8063, #129 ) ) ;
#8612 = LINE ( 'NONE', #1170, #7981 ) ;
#8613 = DIRECTION ( 'NONE',  ( 0.0000000000000000000, 0.0000000000000000000, -1.000000000000000000 ) ) ;
#8614 = EDGE_LOOP ( 'NONE', ( #1824, #943, #7121, #8605 ) ) ;
#8615 = DIRECTION ( 'NONE',  ( -1.000000000000000000, 0.0000000000000000000, -0.0000000000000000000 ) ) ;
#8616 = ORIENTED_EDGE ( 'NONE', *, *, #16, .T. ) ;
#8617 = SURFACE_STYLE_USAGE ( .BOTH. , #7082 ) ;
#8618 = FILL_AREA_STYLE_COLOUR ( '', #2541 ) ;
#8619 = ORIENTED_EDGE ( 'NONE', *, *, #9707, .F. ) ;
#8620 = EDGE_CURVE ( 'NONE', #9298, #9700, #6441, .T. ) ;
#8621 = LINE ( 'NONE', #880, #7249 ) ;
#8622 = DIRECTION ( 'NONE',  ( 0.0000000000000000000, 0.0000000000000000000, -1.000000000000000000 ) ) ;
#8623 = ORIENTED_EDGE ( 'NONE', *, *, #1278, .T. ) ;
#8624 = PLANE ( 'NONE',  #10138 ) ;
#8625 = EDGE_LOOP ( 'NONE', ( #7215, #4839, #4669, #2089, #5884, #6824 ) ) ;
#8626 = ORIENTED_EDGE ( 'NONE', *, *, #2807, .T. ) ;
#8627 = CARTESIAN_POINT ( 'NONE',  ( -8.639999999999998800, -8.000000000000000000, -13.82000000000000200 ) ) ;
#8628 = PLANE ( 'NONE',  #7558 ) ;
#8629 = CARTESIAN_POINT ( 'NONE',  ( -16.75999999999999800, 0.2000000000000000100, -13.81999999999999900 ) ) ;
#8630 = EDGE_LOOP ( 'NONE', ( #173, #9211, #94, #1614 ) ) ;
#8631 = CARTESIAN_POINT ( 'NONE',  ( -9.389999999999998800, 1.000000000000000000, -13.82000000000000200 ) ) ;
#8632 = EDGE_CURVE ( 'NONE', #5599, #8943, #4237, .T. ) ;
#8633 = ORIENTED_EDGE ( 'NONE', *, *, #8976, .T. ) ;
#8634 = VERTEX_POINT ( 'NONE', #6454 ) ;
#8635 = EDGE_CURVE ( 'NONE', #9557, #5811, #9816, .T. ) ;
#8636 = AXIS2_PLACEMENT_3D ( 'NONE', #5037, #3391, #2726 ) ;
#8637 = EDGE_LOOP ( 'NONE', ( #6145, #9070, #7268, #5773 ) ) ;
#8638 = PLANE ( 'NONE',  #777 ) ;
#8639 = EDGE_CURVE ( 'NONE', #4403, #9834, #7682, .T. ) ;
#8640 = ADVANCED_FACE ( 'NONE', ( #2161 ), #1027, .F. ) ;
#8641 = VERTEX_POINT ( 'NONE', #1763 ) ;
#8642 = DIRECTION ( 'NONE',  ( 0.0000000000000000000, -1.000000000000000000, 0.0000000000000000000 ) ) ;
#8643 = SURFACE_SIDE_STYLE ('',( #1205 ) ) ;
#8644 = DIRECTION ( 'NONE',  ( 0.0000000000000000000, 1.000000000000000000, -1.577021341797097600E-015 ) ) ;
#8645 = EDGE_CURVE ( 'NONE', #6589, #5419, #7315, .T. ) ;
#8646 = CARTESIAN_POINT ( 'NONE',  ( -16.25999999999999800, -8.000000000000000000, -13.82000000000000200 ) ) ;
#8647 = DIRECTION ( 'NONE',  ( 0.0000000000000000000, 0.0000000000000000000, -1.000000000000000000 ) ) ;
#8648 = LINE ( 'NONE', #1056, #7277 ) ;
#8649 = ORIENTED_EDGE ( 'NONE', *, *, #9961, .F. ) ;
#8650 = STYLED_ITEM ( 'NONE', ( #6775 ), #10145 ) ;
#8651 = CARTESIAN_POINT ( 'NONE',  ( 18.55000000000000400, 1.300000000000000000, -13.52000000000000300 ) ) ;
#8652 = DIRECTION ( 'NONE',  ( -1.000000000000000000, -0.0000000000000000000, -0.0000000000000000000 ) ) ;
#8653 = DIRECTION ( 'NONE',  ( 0.0000000000000000000, 0.0000000000000000000, -1.000000000000000000 ) ) ;
#8654 = VECTOR ( 'NONE', #8186, 1000.000000000000000 ) ;
#8655 = DIRECTION ( 'NONE',  ( 0.0000000000000000000, 1.000000000000000000, 0.0000000000000000000 ) ) ;
#8656 = CARTESIAN_POINT ( 'NONE',  ( -24.37999999999999900, 0.0000000000000000000, 0.0000000000000000000 ) ) ;
#8657 = ORIENTED_EDGE ( 'NONE', *, *, #2425, .F. ) ;
#8658 = EDGE_CURVE ( 'NONE', #1431, #6266, #8188, .T. ) ;
#8659 = PLANE ( 'NONE',  #3458 ) ;
#8660 = EDGE_CURVE ( 'NONE', #3042, #6471, #3999, .T. ) ;
#8661 = AXIS2_PLACEMENT_3D ( 'NONE', #1602, #4798, #5519 ) ;
#8662 = CARTESIAN_POINT ( 'NONE',  ( -27.49999999999999600, 1.800000000000000000, 10.68000000000000700 ) ) ;
#8663 = ORIENTED_EDGE ( 'NONE', *, *, #7589, .F. ) ;
#8664 = FACE_OUTER_BOUND ( 'NONE', #5527, .T. ) ;
#8665 = DIRECTION ( 'NONE',  ( 0.0000000000000000000, -0.0000000000000000000, 1.000000000000000000 ) ) ;
#8666 = VECTOR ( 'NONE', #9973, 1000.000000000000000 ) ;
#8667 = CARTESIAN_POINT ( 'NONE',  ( -21.33999999999999600, -8.000000000000000000, 14.12000000000000300 ) ) ;
#8668 = LINE ( 'NONE', #670, #5955 ) ;
#8669 = CARTESIAN_POINT ( 'NONE',  ( 5.850000000000001400, 1.300000000000000000, -14.12000000000000300 ) ) ;
#8670 = VECTOR ( 'NONE', #4586, 1000.000000000000000 ) ;
#8671 = DIRECTION ( 'NONE',  ( 0.0000000000000000000, 0.0000000000000000000, -1.000000000000000000 ) ) ;
#8672 = CARTESIAN_POINT ( 'NONE',  ( 4.060000000000004900, -8.000000000000000000, -13.82000000000000200 ) ) ;
#8673 = AXIS2_PLACEMENT_3D ( 'NONE', #9808, #5892, #5208 ) ;
#8674 = VECTOR ( 'NONE', #2159, 1000.000000000000000 ) ;
#8675 =( LENGTH_UNIT ( ) NAMED_UNIT ( * ) SI_UNIT ( .MILLI., .METRE. ) );
#8676 = LINE ( 'NONE', #846, #10058 ) ;
#8677 = LINE ( 'NONE', #7151, #3394 ) ;
#8678 = FACE_OUTER_BOUND ( 'NONE', #5697, .T. ) ;
#8679 = ORIENTED_EDGE ( 'NONE', *, *, #8896, .T. ) ;
#8680 = CARTESIAN_POINT ( 'NONE',  ( 24.38000000000000600, 1.000000000000000000, 13.52000000000000300 ) ) ;
#8681 = EDGE_CURVE ( 'NONE', #10081, #7575, #1912, .T. ) ;
#8682 = LINE ( 'NONE', #1653, #9056 ) ;
#8683 = CARTESIAN_POINT ( 'NONE',  ( -8.639999999999998800, -8.000000000000000000, -13.82000000000000200 ) ) ;
#8684 = CARTESIAN_POINT ( 'NONE',  ( -3.559999999999997400, -8.000000000000000000, -14.12000000000000300 ) ) ;
#8685 = ORIENTED_EDGE ( 'NONE', *, *, #2367, .F. ) ;
#8686 = ORIENTED_EDGE ( 'NONE', *, *, #4509, .F. ) ;
#8687 = PLANE ( 'NONE',  #10215 ) ;
#8688 = PLANE ( 'NONE',  #1256 ) ;
#8689 = ADVANCED_FACE ( 'NONE', ( #6095 ), #4987, .T. ) ;
#8690 = VERTEX_POINT ( 'NONE', #8962 ) ;
#8691 = DIRECTION ( 'NONE',  ( 0.0000000000000000000, 0.0000000000000000000, -1.000000000000000000 ) ) ;
#8692 = ORIENTED_EDGE ( 'NONE', *, *, #4715, .T. ) ;
#8693 = VERTEX_POINT ( 'NONE', #1866 ) ;
#8694 = LINE ( 'NONE', #7338, #9570 ) ;
#8695 = ORIENTED_EDGE ( 'NONE', *, *, #1305, .T. ) ;
#8696 = EDGE_CURVE ( 'NONE', #4166, #9836, #1416, .T. ) ;
#8697 = CARTESIAN_POINT ( 'NONE',  ( -1.019999999999996700, -8.000000000000000000, -13.82000000000000200 ) ) ;
#8698 = VECTOR ( 'NONE', #3489, 1000.000000000000000 ) ;
#8699 = AXIS2_PLACEMENT_3D ( 'NONE', #3064, #2265, #9502 ) ;
#8700 = CARTESIAN_POINT ( 'NONE',  ( 28.30000000000000800, 0.9500000000000002900, 3.429999999999999300 ) ) ;
#8701 = ORIENTED_EDGE ( 'NONE', *, *, #9059, .T. ) ;
#8702 = ORIENTED_EDGE ( 'NONE', *, *, #6550, .F. ) ;
#8703 = EDGE_CURVE ( 'NONE', #686, #6499, #2794, .T. ) ;
#8704 = DIRECTION ( 'NONE',  ( 0.0000000000000000000, 0.0000000000000000000, -1.000000000000000000 ) ) ;
#8705 = ORIENTED_EDGE ( 'NONE', *, *, #8157, .F. ) ;
#8706 = ORIENTED_EDGE ( 'NONE', *, *, #2180, .T. ) ;
#8707 = ADVANCED_FACE ( 'NONE', ( #3511 ), #8458, .T. ) ;
#8708 = ORIENTED_EDGE ( 'NONE', *, *, #4312, .F. ) ;
#8709 = LINE ( 'NONE', #638, #10200 ) ;
#8710 = LINE ( 'NONE', #3134, #5264 ) ;
#8711 = EDGE_CURVE ( 'NONE', #2822, #6133, #1172, .T. ) ;
#8712 = LINE ( 'NONE', #6362, #8466 ) ;
#8713 = FACE_OUTER_BOUND ( 'NONE', #5722, .T. ) ;
#8714 = VERTEX_POINT ( 'NONE', #7641 ) ;
#8715 = VERTEX_POINT ( 'NONE', #630 ) ;
#8716 = VERTEX_POINT ( 'NONE', #9179 ) ;
#8717 = AXIS2_PLACEMENT_3D ( 'NONE', #4838, #953, #112 ) ;
#8718 = DIRECTION ( 'NONE',  ( 0.0000000000000000000, -1.000000000000000000, 0.0000000000000000000 ) ) ;
#8719 = DIRECTION ( 'NONE',  ( 0.0000000000000000000, 0.0000000000000000000, -1.000000000000000000 ) ) ;
#8720 = VECTOR ( 'NONE', #2664, 1000.000000000000000 ) ;
#8721 = CARTESIAN_POINT ( 'NONE',  ( 11.68000000000000300, -8.000000000000000000, -14.12000000000000300 ) ) ;
#8722 = CARTESIAN_POINT ( 'NONE',  ( -23.87999999999999900, 1.300000000000000000, 13.52000000000000300 ) ) ;
#8723 = LINE ( 'NONE', #8940, #3670 ) ;
#8724 = VERTEX_POINT ( 'NONE', #6044 ) ;
#8725 = DIRECTION ( 'NONE',  ( 0.0000000000000000000, -1.000000000000000000, 0.0000000000000000000 ) ) ;
#8726 = ORIENTED_EDGE ( 'NONE', *, *, #7995, .F. ) ;
#8727 = CARTESIAN_POINT ( 'NONE',  ( 8.390000000000002300, 0.2000000000000000100, -13.81999999999999900 ) ) ;
#8728 = LINE ( 'NONE', #6327, #6614 ) ;
#8729 = EDGE_CURVE ( 'NONE', #1572, #6114, #910, .T. ) ;
#8730 = PLANE ( 'NONE',  #1913 ) ;
#8731 = AXIS2_PLACEMENT_3D ( 'NONE', #10149, #10220, #6135 ) ;
#8732 = ORIENTED_EDGE ( 'NONE', *, *, #8310, .F. ) ;
#8733 = DIRECTION ( 'NONE',  ( -1.000000000000000000, -0.0000000000000000000, -0.0000000000000000000 ) ) ;
#8734 = LINE ( 'NONE', #2250, #3553 ) ;
#8735 = ORIENTED_EDGE ( 'NONE', *, *, #4045, .T. ) ;
#8736 = EDGE_LOOP ( 'NONE', ( #1054, #183, #1062, #6765, #6282, #3687, #5042, #8191 ) ) ;
#8737 = DIRECTION ( 'NONE',  ( 0.0000000000000000000, 0.0000000000000000000, -1.000000000000000000 ) ) ;
#8738 = VERTEX_POINT ( 'NONE', #6954 ) ;
#8739 = DIRECTION ( 'NONE',  ( -0.0000000000000000000, -1.000000000000000000, -0.0000000000000000000 ) ) ;
#8740 = CARTESIAN_POINT ( 'NONE',  ( 21.84000000000000700, -8.000000000000000000, -13.82000000000000200 ) ) ;
#8741 = EDGE_CURVE ( 'NONE', #3443, #3657, #410, .T. ) ;
#8742 = ORIENTED_EDGE ( 'NONE', *, *, #2037, .F. ) ;
#8743 = ORIENTED_EDGE ( 'NONE', *, *, #6038, .T. ) ;
#8744 = CARTESIAN_POINT ( 'NONE',  ( 19.55000000000000400, 0.2000000000000000100, -14.12000000000000100 ) ) ;
#8745 = AXIS2_PLACEMENT_3D ( 'NONE', #1349, #6086, #4456 ) ;
#8746 = DIRECTION ( 'NONE',  ( 0.0000000000000000000, -0.0000000000000000000, 1.000000000000000000 ) ) ;
#8747 = ORIENTED_EDGE ( 'NONE', *, *, #5918, .T. ) ;
#8748 = ORIENTED_EDGE ( 'NONE', *, *, #168, .T. ) ;
#8749 = ORIENTED_EDGE ( 'NONE', *, *, #8246, .F. ) ;
#8750 = ADVANCED_FACE ( 'NONE', ( #8926 ), #5258, .F. ) ;
#8751 = CARTESIAN_POINT ( 'NONE',  ( 6.600000000000001400, 0.2000000000000005100, -13.82000000000000200 ) ) ;
#8752 = DIRECTION ( 'NONE',  ( 0.0000000000000000000, 0.0000000000000000000, -1.000000000000000000 ) ) ;
#8753 = EDGE_CURVE ( 'NONE', #9461, #3884, #2149, .T. ) ;
#8754 = ORIENTED_EDGE ( 'NONE', *, *, #6094, .F. ) ;
#8755 = CARTESIAN_POINT ( 'NONE',  ( 21.84000000000000700, -8.000000000000000000, 14.12000000000000300 ) ) ;
#8756 = VERTEX_POINT ( 'NONE', #562 ) ;
#8757 = AXIS2_PLACEMENT_3D ( 'NONE', #1188, #9172, #3594 ) ;
#8758 = ORIENTED_EDGE ( 'NONE', *, *, #7700, .F. ) ;
#8759 = LINE ( 'NONE', #2749, #4687 ) ;
#8760 = DIRECTION ( 'NONE',  ( -1.000000000000000000, -0.0000000000000000000, -0.0000000000000000000 ) ) ;
#8761 = CARTESIAN_POINT ( 'NONE',  ( -14.46999999999999900, 0.2000000000000000100, -13.81999999999999900 ) ) ;
#8762 = ORIENTED_EDGE ( 'NONE', *, *, #7273, .T. ) ;
#8763 = DIRECTION ( 'NONE',  ( 0.0000000000000000000, 0.0000000000000000000, 1.000000000000000000 ) ) ;
#8764 = EDGE_CURVE ( 'NONE', #5783, #824, #6807, .T. ) ;
#8765 = ORIENTED_EDGE ( 'NONE', *, *, #7734, .F. ) ;
#8766 = ADVANCED_FACE ( 'NONE', ( #1899 ), #602, .F. ) ;
#8767 = EDGE_CURVE ( 'NONE', #8312, #236, #8432, .T. ) ;
#8768 = ORIENTED_EDGE ( 'NONE', *, *, #8400, .F. ) ;
#8769 = DIRECTION ( 'NONE',  ( 0.0000000000000000000, 0.0000000000000000000, -1.000000000000000000 ) ) ;
#8770 = LINE ( 'NONE', #1839, #6651 ) ;
#8771 = DIRECTION ( 'NONE',  ( 0.0000000000000000000, 0.0000000000000000000, -1.000000000000000000 ) ) ;
#8772 = CARTESIAN_POINT ( 'NONE',  ( 4.310000000000004900, 0.2000000000000000100, -13.81999999999999900 ) ) ;
#8773 = ORIENTED_EDGE ( 'NONE', *, *, #8632, .T. ) ;
#8774 = EDGE_CURVE ( 'NONE', #1359, #815, #3500, .T. ) ;
#8775 = PRESENTATION_LAYER_ASSIGNMENT (  '', '', ( #7555 ) ) ;
#8776 = DIRECTION ( 'NONE',  ( 0.0000000000000000000, -0.0000000000000000000, 1.000000000000000000 ) ) ;
#8777 = MECHANICAL_DESIGN_GEOMETRIC_PRESENTATION_REPRESENTATION (  '', ( #1384 ), #9303 ) ;
#8778 = CARTESIAN_POINT ( 'NONE',  ( 21.09000000000000300, 1.300000000000000000, 14.12000000000000300 ) ) ;
#8779 = VECTOR ( 'NONE', #2325, 1000.000000000000000 ) ;
#8780 = DIRECTION ( 'NONE',  ( -0.0000000000000000000, 1.000000000000000000, -0.0000000000000000000 ) ) ;
#8781 = ORIENTED_EDGE ( 'NONE', *, *, #6376, .F. ) ;
#8782 = CARTESIAN_POINT ( 'NONE',  ( 27.50000000000001100, 0.2500000000000003300, 3.429999999999999300 ) ) ;
#8783 = CARTESIAN_POINT ( 'NONE',  ( 23.63000000000000600, 0.2000000000000000100, -14.12000000000000100 ) ) ;
#8784 = FILL_AREA_STYLE ('',( #3756 ) ) ;
#8785 = CARTESIAN_POINT ( 'NONE',  ( 9.140000000000002300, 0.0000000000000000000, 0.0000000000000000000 ) ) ;
#8786 = DIRECTION ( 'NONE',  ( 0.0000000000000000000, 1.000000000000000000, -1.577021341797097600E-015 ) ) ;
#8787 = LINE ( 'NONE', #3691, #6545 ) ;
#8788 = PRESENTATION_LAYER_ASSIGNMENT (  '', '', ( #7722 ) ) ;
#8789 = LINE ( 'NONE', #3348, #1644 ) ;
#8790 = CARTESIAN_POINT ( 'NONE',  ( -1.769999999999997400, 1.000000000000000000, -13.52000000000000300 ) ) ;
#8791 = LINE ( 'NONE', #2100, #4591 ) ;
#8792 = MANIFOLD_SOLID_BREP ( 'Boss-Extrude8', #4293 ) ;
#8793 =( LENGTH_UNIT ( ) NAMED_UNIT ( * ) SI_UNIT ( .MILLI., .METRE. ) );
#8794 = LINE ( 'NONE', #2376, #1648 ) ;
#8795 = ADVANCED_FACE ( 'NONE', ( #17 ), #5387, .F. ) ;
#8796 = EDGE_LOOP ( 'NONE', ( #2243, #6823, #7187, #619 ) ) ;
#8797 = DIRECTION ( 'NONE',  ( 0.0000000000000000000, 1.000000000000000000, -1.577021341797097600E-015 ) ) ;
#8798 = EDGE_CURVE ( 'NONE', #4883, #4434, #1295, .T. ) ;
#8799 = LINE ( 'NONE', #6770, #4 ) ;
#8800 = VECTOR ( 'NONE', #4632, 1000.000000000000000 ) ;
#8801 = CARTESIAN_POINT ( 'NONE',  ( -24.37999999999999900, 1.300000000000000000, -14.12000000000000300 ) ) ;
#8802 = AXIS2_PLACEMENT_3D ( 'NONE', #5657, #2501, #7185 ) ;
#8803 = VECTOR ( 'NONE', #8290, 1000.000000000000000 ) ;
#8804 = DIRECTION ( 'NONE',  ( 0.0000000000000000000, 0.0000000000000000000, 1.000000000000000000 ) ) ;
#8805 = CARTESIAN_POINT ( 'NONE',  ( -11.92999999999999800, 1.300000000000000000, -14.12000000000000300 ) ) ;
#8806 = LINE ( 'NONE', #2118, #280 ) ;
#8807 = EDGE_LOOP ( 'NONE', ( #6334, #5119, #4205, #2449, #6360, #8633 ) ) ;
#8808 = VECTOR ( 'NONE', #1748, 1000.000000000000000 ) ;
#8809 = DIRECTION ( 'NONE',  ( -1.000000000000000000, -0.0000000000000000000, -0.0000000000000000000 ) ) ;
#8810 = CARTESIAN_POINT ( 'NONE',  ( -9.389999999999998800, 1.300000000000000000, -13.52000000000000300 ) ) ;
#8811 = ORIENTED_EDGE ( 'NONE', *, *, #7700, .T. ) ;
#8812 = LINE ( 'NONE', #9527, #3748 ) ;
#8813 = LINE ( 'NONE', #9256, #2039 ) ;
#8814 = DIRECTION ( 'NONE',  ( 0.0000000000000000000, 0.0000000000000000000, -1.000000000000000000 ) ) ;
#8815 = DIRECTION ( 'NONE',  ( -0.0000000000000000000, -0.0000000000000000000, -1.000000000000000000 ) ) ;
#8816 = SURFACE_STYLE_USAGE ( .BOTH. , #8005 ) ;
#8817 = ADVANCED_FACE ( 'NONE', ( #4475 ), #6146, .F. ) ;
#8818 = DIRECTION ( 'NONE',  ( 0.0000000000000000000, 1.000000000000000000, -1.577021341797097600E-015 ) ) ;
#8819 = LINE ( 'NONE', #7773, #3398 ) ;
#8820 = ORIENTED_EDGE ( 'NONE', *, *, #3071, .T. ) ;
#8821 = CARTESIAN_POINT ( 'NONE',  ( -22.09000000000000000, 1.000000000000000000, -13.52000000000000300 ) ) ;
#8822 = ORIENTED_EDGE ( 'NONE', *, *, #2638, .F. ) ;
#8823 = ORIENTED_EDGE ( 'NONE', *, *, #7563, .T. ) ;
#8824 = ORIENTED_EDGE ( 'NONE', *, *, #9199, .T. ) ;
#8825 = ORIENTED_EDGE ( 'NONE', *, *, #366, .F. ) ;
#8826 = LINE ( 'NONE', #1779, #4629 ) ;
#8827 = DIRECTION ( 'NONE',  ( 0.0000000000000000000, 0.0000000000000000000, -1.000000000000000000 ) ) ;
#8828 = ORIENTED_EDGE ( 'NONE', *, *, #6249, .F. ) ;
#8829 = CARTESIAN_POINT ( 'NONE',  ( -13.46999999999999700, 1.300000000000000000, -14.12000000000000300 ) ) ;
#8830 = EDGE_CURVE ( 'NONE', #2714, #9342, #3868, .T. ) ;
#8831 = FACE_OUTER_BOUND ( 'NONE', #1919, .T. ) ;
#8832 = DIRECTION ( 'NONE',  ( -0.0000000000000000000, -1.000000000000000000, -0.0000000000000000000 ) ) ;
#8833 = CARTESIAN_POINT ( 'NONE',  ( 14.22000000000000400, 1.300000000000000000, -13.52000000000000300 ) ) ;
#8834 = VECTOR ( 'NONE', #7350, 1000.000000000000000 ) ;
#8835 = ORIENTED_EDGE ( 'NONE', *, *, #3230, .F. ) ;
#8836 = CARTESIAN_POINT ( 'NONE',  ( 19.30000000000000400, 1.300000000000000000, -14.12000000000000300 ) ) ;
#8837 =( LENGTH_UNIT ( ) NAMED_UNIT ( * ) SI_UNIT ( .MILLI., .METRE. ) );
#8838 = ORIENTED_EDGE ( 'NONE', *, *, #9717, .T. ) ;
#8839 = EDGE_CURVE ( 'NONE', #7483, #3157, #7414, .T. ) ;
#8840 = ORIENTED_EDGE ( 'NONE', *, *, #9294, .F. ) ;
#8841 = LINE ( 'NONE', #9736, #10214 ) ;
#8842 = AXIS2_PLACEMENT_3D ( 'NONE', #2992, #3717, #10047 ) ;
#8843 = CARTESIAN_POINT ( 'NONE',  ( 10.93000000000000100, 0.2000000000000000100, -13.81999999999999900 ) ) ;
#8844 = EDGE_CURVE ( 'NONE', #2684, #180, #5229, .T. ) ;
#8845 = VECTOR ( 'NONE', #5862, 1000.000000000000000 ) ;
#8846 = CARTESIAN_POINT ( 'NONE',  ( -16.25999999999999800, 1.000000000000000000, -13.82000000000000200 ) ) ;
#8847 = ORIENTED_EDGE ( 'NONE', *, *, #3641, .F. ) ;
#8848 = VECTOR ( 'NONE', #2858, 1000.000000000000000 ) ;
#8849 = ADVANCED_FACE ( 'NONE', ( #8175 ), #8628, .F. ) ;
#8850 = FACE_OUTER_BOUND ( 'NONE', #8189, .T. ) ;
#8851 = AXIS2_PLACEMENT_3D ( 'NONE', #3601, #3665, #8292 ) ;
#8852 = ORIENTED_EDGE ( 'NONE', *, *, #5577, .F. ) ;
#8853 = PRODUCT_DEFINITION_FORMATION_WITH_SPECIFIED_SOURCE ( 'ANY', '', #4556, .NOT_KNOWN. ) ;
#8854 = DIRECTION ( 'NONE',  ( -0.0000000000000000000, -0.0000000000000000000, -1.000000000000000000 ) ) ;
#8855 = ORIENTED_EDGE ( 'NONE', *, *, #4169, .F. ) ;
#8856 = DIRECTION ( 'NONE',  ( 0.0000000000000000000, 0.0000000000000000000, 1.000000000000000000 ) ) ;
#8857 = FILL_AREA_STYLE ('',( #922 ) ) ;
#8858 = CARTESIAN_POINT ( 'NONE',  ( -10.92999999999999600, 1.300000000000000000, -13.52000000000000300 ) ) ;
#8859 = EDGE_LOOP ( 'NONE', ( #65, #7576, #5919, #8229 ) ) ;
#8860 = PRESENTATION_STYLE_ASSIGNMENT (( #974 ) ) ;
#8861 = CARTESIAN_POINT ( 'NONE',  ( -23.62999999999999900, 1.000000000000000000, 13.82000000000000200 ) ) ;
#8862 = ORIENTED_EDGE ( 'NONE', *, *, #5202, .T. ) ;
#8863 = VECTOR ( 'NONE', #8856, 1000.000000000000000 ) ;
#8864 = ORIENTED_EDGE ( 'NONE', *, *, #6600, .T. ) ;
#8865 = EDGE_CURVE ( 'NONE', #2467, #9698, #5710, .T. ) ;
#8866 = ORIENTED_EDGE ( 'NONE', *, *, #10253, .T. ) ;
#8867 = DIRECTION ( 'NONE',  ( 0.0000000000000000000, -1.000000000000000000, 0.0000000000000000000 ) ) ;
#8868 = CARTESIAN_POINT ( 'NONE',  ( -27.49999999999999600, 1.800000000000000000, -6.819999999999994100 ) ) ;
#8869 = EDGE_CURVE ( 'NONE', #1168, #8956, #10053, .T. ) ;
#8870 = LINE ( 'NONE', #4753, #5047 ) ;
#8871 = CARTESIAN_POINT ( 'NONE',  ( 2.999999999999982200, 0.9499999999999999600, -9.650000000000000400 ) ) ;
#8872 = DIRECTION ( 'NONE',  ( 1.000000000000000000, 0.0000000000000000000, 0.0000000000000000000 ) ) ;
#8873 = ORIENTED_EDGE ( 'NONE', *, *, #7238, .T. ) ;
#8874 = ADVANCED_FACE ( 'NONE', ( #9550, #9682 ), #1570, .T. ) ;
#8875 = EDGE_LOOP ( 'NONE', ( #344, #5736, #6720, #4625 ) ) ;
#8876 = CARTESIAN_POINT ( 'NONE',  ( -21.84000000000000000, 1.300000000000000000, 14.12000000000000300 ) ) ;
#8877 = AXIS2_PLACEMENT_3D ( 'NONE', #6680, #1243, #7440 ) ;
#8878 = DIRECTION ( 'NONE',  ( 0.0000000000000000000, 0.0000000000000000000, -1.000000000000000000 ) ) ;
#8879 = AXIS2_PLACEMENT_3D ( 'NONE', #164, #9606, #9669 ) ;
#8880 = EDGE_LOOP ( 'NONE', ( #6263, #7320, #1199, #9083 ) ) ;
#8881 = CARTESIAN_POINT ( 'NONE',  ( -8.389999999999998800, 0.2000000000000000100, -13.81999999999999900 ) ) ;
#8882 = CARTESIAN_POINT ( 'NONE',  ( -3.000000000000017300, 0.9499999999999999600, -10.35000000000000000 ) ) ;
#8883 = DIRECTION ( 'NONE',  ( 0.0000000000000000000, 0.0000000000000000000, -1.000000000000000000 ) ) ;
#8884 = CARTESIAN_POINT ( 'NONE',  ( -23.87999999999999900, 0.2000000000000000900, -14.12000000000000300 ) ) ;
#8885 = DIRECTION ( 'NONE',  ( 1.000000000000000000, 0.0000000000000000000, 0.0000000000000000000 ) ) ;
#8886 = FILL_AREA_STYLE_COLOUR ( '', #10066 ) ;
#8887 = EDGE_CURVE ( 'NONE', #4895, #1996, #9944, .T. ) ;
#8888 = VERTEX_POINT ( 'NONE', #3835 ) ;
#8889 = EDGE_CURVE ( 'NONE', #9157, #4505, #3255, .T. ) ;
#8890 = VECTOR ( 'NONE', #3426, 1000.000000000000000 ) ;
#8891 = ORIENTED_EDGE ( 'NONE', *, *, #9686, .F. ) ;
#8892 = DIRECTION ( 'NONE',  ( -1.000000000000000000, -0.0000000000000000000, -0.0000000000000000000 ) ) ;
#8893 = EDGE_CURVE ( 'NONE', #4759, #6299, #3988, .T. ) ;
#8894 = DIRECTION ( 'NONE',  ( 0.0000000000000000000, -0.0000000000000000000, -1.000000000000000000 ) ) ;
#8895 = ADVANCED_FACE ( 'NONE', ( #5342 ), #8688, .F. ) ;
#8896 = EDGE_CURVE ( 'NONE', #2053, #7075, #158, .T. ) ;
#8897 = DIRECTION ( 'NONE',  ( -0.0000000000000000000, 1.000000000000000000, -0.0000000000000000000 ) ) ;
#8898 = VECTOR ( 'NONE', #2768, 1000.000000000000000 ) ;
#8899 = CARTESIAN_POINT ( 'NONE',  ( 23.88000000000000600, 0.0000000000000000000, 0.0000000000000000000 ) ) ;
#8900 = ORIENTED_EDGE ( 'NONE', *, *, #8210, .F. ) ;
#8901 = EDGE_CURVE ( 'NONE', #942, #179, #1406, .T. ) ;
#8902 = CARTESIAN_POINT ( 'NONE',  ( 17.01000000000000500, 0.2000000000000000100, -14.12000000000000100 ) ) ;
#8903 = VECTOR ( 'NONE', #4197, 1000.000000000000000 ) ;
#8904 = VECTOR ( 'NONE', #8476, 1000.000000000000000 ) ;
#8905 = AXIS2_PLACEMENT_3D ( 'NONE', #8271, #425, #5196 ) ;
#8906 = VERTEX_POINT ( 'NONE', #6243 ) ;
#8907 = ORIENTED_EDGE ( 'NONE', *, *, #1043, .T. ) ;
#8908 = DIRECTION ( 'NONE',  ( 1.000000000000000000, 0.0000000000000000000, 0.0000000000000000000 ) ) ;
#8909 = LINE ( 'NONE', #7115, #3483 ) ;
#8910 = CARTESIAN_POINT ( 'NONE',  ( -3.309999999999996900, 1.000000000000000000, -13.52000000000000300 ) ) ;
#8911 = EDGE_LOOP ( 'NONE', ( #8473, #5983, #2311, #9318 ) ) ;
#8912 = LINE ( 'NONE', #5464, #4585 ) ;
#8913 = DIRECTION ( 'NONE',  ( 0.0000000000000000000, -0.0000000000000000000, 1.000000000000000000 ) ) ;
#8914 = FACE_OUTER_BOUND ( 'NONE', #6871, .T. ) ;
#8915 = CARTESIAN_POINT ( 'NONE',  ( -1.019999999999996700, 1.000000000000000000, -13.82000000000000200 ) ) ;
#8916 = CARTESIAN_POINT ( 'NONE',  ( 21.84000000000000700, 0.2000000000000005100, -13.82000000000000200 ) ) ;
#8917 = PLANE ( 'NONE',  #4826 ) ;
#8918 = ADVANCED_FACE ( 'NONE', ( #1533 ), #697, .F. ) ;
#8919 = FACE_OUTER_BOUND ( 'NONE', #2156, .T. ) ;
#8920 = MANIFOLD_SOLID_BREP ( 'Boss-Extrude11[2]', #5312 ) ;
#8921 = FILL_AREA_STYLE_COLOUR ( '', #2875 ) ;
#8922 = EDGE_CURVE ( 'NONE', #4878, #4562, #2402, .T. ) ;
#8923 = PRESENTATION_STYLE_ASSIGNMENT (( #9889 ) ) ;
#8924 =( GEOMETRIC_REPRESENTATION_CONTEXT ( 3 ) GLOBAL_UNCERTAINTY_ASSIGNED_CONTEXT ( ( #8151 ) ) GLOBAL_UNIT_ASSIGNED_CONTEXT ( ( #5133, #5920, #365 ) ) REPRESENTATION_CONTEXT ( 'NONE', 'WORKASPACE' ) );
#8925 = LINE ( 'NONE', #9901, #3033 ) ;
#8926 = FACE_OUTER_BOUND ( 'NONE', #5454, .T. ) ;
#8927 = FILL_AREA_STYLE ('',( #4099 ) ) ;
#8928 = FACE_OUTER_BOUND ( 'NONE', #6820, .T. ) ;
#8929 = CARTESIAN_POINT ( 'NONE',  ( -23.87999999999999900, 0.2000000000000005100, 13.82000000000000200 ) ) ;
#8930 = FILL_AREA_STYLE ('',( #5061 ) ) ;
#8931 = VECTOR ( 'NONE', #7603, 1000.000000000000000 ) ;
#8932 = CARTESIAN_POINT ( 'NONE',  ( 14.22000000000000400, -8.000000000000000000, -13.82000000000000200 ) ) ;
#8933 = PLANE ( 'NONE',  #8232 ) ;
#8934 = LINE ( 'NONE', #7124, #8180 ) ;
#8935 = LINE ( 'NONE', #2097, #417 ) ;
#8936 = DIRECTION ( 'NONE',  ( -0.0000000000000000000, 1.000000000000000000, -0.0000000000000000000 ) ) ;
#8937 = EDGE_CURVE ( 'NONE', #2599, #2238, #4350, .T. ) ;
#8938 = VERTEX_POINT ( 'NONE', #8761 ) ;
#8939 = ORIENTED_EDGE ( 'NONE', *, *, #10078, .F. ) ;
#8940 = CARTESIAN_POINT ( 'NONE',  ( -23.87999999999999900, -8.000000000000000000, 14.12000000000000300 ) ) ;
#8941 = ORIENTED_EDGE ( 'NONE', *, *, #7285, .F. ) ;
#8942 = VERTEX_POINT ( 'NONE', #2606 ) ;
#8943 = VERTEX_POINT ( 'NONE', #98 ) ;
#8944 = LINE ( 'NONE', #8981, #916 ) ;
#8945 = VECTOR ( 'NONE', #9870, 1000.000000000000000 ) ;
#8946 = VERTEX_POINT ( 'NONE', #3328 ) ;
#8947 = DIRECTION ( 'NONE',  ( 0.0000000000000000000, 1.000000000000000000, -1.577021341797097600E-015 ) ) ;
#8948 = DIRECTION ( 'NONE',  ( 0.0000000000000000000, -1.000000000000000000, 4.336808689942017700E-015 ) ) ;
#8949 = DIRECTION ( 'NONE',  ( 0.0000000000000000000, -1.000000000000000000, 0.0000000000000000000 ) ) ;
#8950 = EDGE_CURVE ( 'NONE', #5483, #7100, #6547, .T. ) ;
#8951 = FACE_OUTER_BOUND ( 'NONE', #7973, .T. ) ;
#8952 = ADVANCED_FACE ( 'NONE', ( #5091 ), #8730, .F. ) ;
#8953 = ORIENTED_EDGE ( 'NONE', *, *, #5181, .T. ) ;
#8954 = ORIENTED_EDGE ( 'NONE', *, *, #7957, .T. ) ;
#8955 = CARTESIAN_POINT ( 'NONE',  ( 24.63000000000000600, 0.2000000000000000100, -13.81999999999999900 ) ) ;
#8956 = VERTEX_POINT ( 'NONE', #4102 ) ;
#8957 = ORIENTED_EDGE ( 'NONE', *, *, #1163, .F. ) ;
#8958 = ORIENTED_EDGE ( 'NONE', *, *, #5393, .F. ) ;
#8959 = CARTESIAN_POINT ( 'NONE',  ( -19.54999999999999700, 0.2000000000000000100, -14.12000000000000100 ) ) ;
#8960 = FACE_OUTER_BOUND ( 'NONE', #804, .T. ) ;
#8961 = LINE ( 'NONE', #6899, #52 ) ;
#8962 = CARTESIAN_POINT ( 'NONE',  ( 0.7700000000000033500, 1.000000000000000000, -13.52000000000000300 ) ) ;
#8963 = DIRECTION ( 'NONE',  ( 0.0000000000000000000, 0.0000000000000000000, -1.000000000000000000 ) ) ;
#8964 = VECTOR ( 'NONE', #4317, 1000.000000000000000 ) ;
#8965 = FACE_OUTER_BOUND ( 'NONE', #4529, .T. ) ;
#8966 = EDGE_LOOP ( 'NONE', ( #1390, #9824, #4549, #4821 ) ) ;
#8967 = CARTESIAN_POINT ( 'NONE',  ( -21.33999999999999600, -8.000000000000000000, -14.12000000000000300 ) ) ;
#8968 = ORIENTED_EDGE ( 'NONE', *, *, #10045, .F. ) ;
#8969 = ORIENTED_EDGE ( 'NONE', *, *, #9722, .F. ) ;
#8970 = LINE ( 'NONE', #4920, #2443 ) ;
#8971 = EDGE_CURVE ( 'NONE', #2256, #9157, #6306, .T. ) ;
#8972 = DIRECTION ( 'NONE',  ( -1.000000000000000000, -0.0000000000000000000, -0.0000000000000000000 ) ) ;
#8973 = VECTOR ( 'NONE', #9866, 1000.000000000000000 ) ;
#8974 = CARTESIAN_POINT ( 'NONE',  ( -18.79999999999999700, 0.2000000000000005100, -13.82000000000000200 ) ) ;
#8975 = ORIENTED_EDGE ( 'NONE', *, *, #4932, .F. ) ;
#8976 = EDGE_CURVE ( 'NONE', #3707, #7292, #4219, .T. ) ;
#8977 = AXIS2_PLACEMENT_3D ( 'NONE', #7066, #9616, #4016 ) ;
#8978 = ADVANCED_FACE ( 'NONE', ( #5220 ), #6529, .F. ) ;
#8979 = ORIENTED_EDGE ( 'NONE', *, *, #2068, .T. ) ;
#8980 = AXIS2_PLACEMENT_3D ( 'NONE', #6033, #4438, #8284 ) ;
#8981 = CARTESIAN_POINT ( 'NONE',  ( -13.46999999999999700, 1.000000000000000000, -13.82000000000000200 ) ) ;
#8982 = VECTOR ( 'NONE', #9855, 1000.000000000000000 ) ;
#8983 = DIRECTION ( 'NONE',  ( 0.0000000000000000000, -0.0000000000000000000, 1.000000000000000000 ) ) ;
#8984 = EDGE_LOOP ( 'NONE', ( #4903, #6763, #1679, #1200 ) ) ;
#8985 = ORIENTED_EDGE ( 'NONE', *, *, #8317, .F. ) ;
#8986 = CARTESIAN_POINT ( 'NONE',  ( 0.0000000000000000000, 2.000000000000000000, 0.0000000000000000000 ) ) ;
#8987 = ORIENTED_EDGE ( 'NONE', *, *, #6622, .F. ) ;
#8988 = DIRECTION ( 'NONE',  ( 0.0000000000000000000, 1.000000000000000000, 0.0000000000000000000 ) ) ;
#8989 = DIRECTION ( 'NONE',  ( -1.000000000000000000, 0.0000000000000000000, -0.0000000000000000000 ) ) ;
#8990 = EDGE_LOOP ( 'NONE', ( #7367, #6906, #5618, #2050 ) ) ;
#8991 = SURFACE_STYLE_FILL_AREA ( #11 ) ;
#8992 = AXIS2_PLACEMENT_3D ( 'NONE', #5045, #1914, #2615 ) ;
#8993 = EDGE_LOOP ( 'NONE', ( #7984, #10147, #8557, #9561 ) ) ;
#8995 = ORIENTED_EDGE ( 'NONE', *, *, #9617, .F. ) ;
#8994 = PLANE ( 'NONE',  #1947 ) ;
#8996 = VERTEX_POINT ( 'NONE', #4178 ) ;
#8997 = VECTOR ( 'NONE', #1462, 1000.000000000000000 ) ;
#8998 = CARTESIAN_POINT ( 'NONE',  ( -24.37999999999999900, 0.2000000000000000100, -14.12000000000000100 ) ) ;
#8999 = EDGE_CURVE ( 'NONE', #4868, #5915, #896, .T. ) ;
#9000 = DIRECTION ( 'NONE',  ( 0.0000000000000000000, 0.0000000000000000000, 1.000000000000000000 ) ) ;
#9001 = CARTESIAN_POINT ( 'NONE',  ( 19.30000000000000400, 1.000000000000000000, -13.82000000000000200 ) ) ;
#9002 = ADVANCED_FACE ( 'NONE', ( #2281 ), #2640, .F. ) ;
#9003 = ORIENTED_EDGE ( 'NONE', *, *, #9830, .F. ) ;
#9004 = DIRECTION ( 'NONE',  ( -0.0000000000000000000, 0.0000000000000000000, 1.000000000000000000 ) ) ;
#9005 = CARTESIAN_POINT ( 'NONE',  ( 6.100000000000001400, -8.000000000000000000, -14.12000000000000300 ) ) ;
#9006 = CARTESIAN_POINT ( 'NONE',  ( 24.63000000000000600, 0.2000000000000000100, -13.81999999999999900 ) ) ;
#9007 = VERTEX_POINT ( 'NONE', #3461 ) ;
#9008 = CARTESIAN_POINT ( 'NONE',  ( 1.520000000000004000, 0.2000000000000000100, 0.0000000000000000000 ) ) ;
#9009 = AXIS2_PLACEMENT_3D ( 'NONE', #8398, #3675, #9150 ) ;
#9010 = EDGE_LOOP ( 'NONE', ( #484, #6821, #6155, #4308 ) ) ;
#9011 = FILL_AREA_STYLE_COLOUR ( '', #4751 ) ;
#9012 = PRESENTATION_LAYER_ASSIGNMENT (  '', '', ( #271 ) ) ;
#9013 = CARTESIAN_POINT ( 'NONE',  ( 17.01000000000000500, 0.2000000000000000100, -13.81999999999999900 ) ) ;
#9014 = FACE_OUTER_BOUND ( 'NONE', #7859, .T. ) ;
#9015 = CARTESIAN_POINT ( 'NONE',  ( 8.390000000000002300, 1.000000000000000000, -13.52000000000000300 ) ) ;
#9016 = VERTEX_POINT ( 'NONE', #9710 ) ;
#9017 = CARTESIAN_POINT ( 'NONE',  ( 14.22000000000000400, 1.000000000000000000, -13.52000000000000300 ) ) ;
#9018 = DIRECTION ( 'NONE',  ( -0.0000000000000000000, 1.000000000000000000, -0.0000000000000000000 ) ) ;
#9019 = ADVANCED_FACE ( 'NONE', ( #3376 ), #5809, .F. ) ;
#9020 = EDGE_CURVE ( 'NONE', #6128, #2672, #6677, .T. ) ;
#9021 = CARTESIAN_POINT ( 'NONE',  ( -8.639999999999998800, 0.2000000000000000100, 0.0000000000000000000 ) ) ;
#9022 = LINE ( 'NONE', #2492, #1137 ) ;
#9023 = VERTEX_POINT ( 'NONE', #7463 ) ;
#9024 = EDGE_CURVE ( 'NONE', #7373, #1715, #5699, .T. ) ;
#9025 = CARTESIAN_POINT ( 'NONE',  ( 22.09000000000000700, 0.2000000000000000100, -14.12000000000000100 ) ) ;
#9026 = DIRECTION ( 'NONE',  ( 0.0000000000000000000, -0.0000000000000000000, -1.000000000000000000 ) ) ;
#9027 = EDGE_CURVE ( 'NONE', #481, #8312, #10174, .T. ) ;
#9028 = DIRECTION ( 'NONE',  ( -0.0000000000000000000, -0.0000000000000000000, -1.000000000000000000 ) ) ;
#9029 = FACE_OUTER_BOUND ( 'NONE', #8993, .T. ) ;
#9030 = CARTESIAN_POINT ( 'NONE',  ( 19.30000000000000400, -8.000000000000000000, -14.12000000000000300 ) ) ;
#9031 = FACE_OUTER_BOUND ( 'NONE', #1663, .T. ) ;
#9032 = CARTESIAN_POINT ( 'NONE',  ( 14.47000000000000400, 0.2000000000000000100, -14.12000000000000100 ) ) ;
#9033 = CARTESIAN_POINT ( 'NONE',  ( -25.50000000000000700, 1.700000000000000000, 9.180000000000003300 ) ) ;
#9034 = LINE ( 'NONE', #10204, #2516 ) ;
#9035 = PLANE ( 'NONE',  #2270 ) ;
#9036 = VERTEX_POINT ( 'NONE', #5001 ) ;
#9037 = VECTOR ( 'NONE', #7017, 1000.000000000000000 ) ;
#9038 = STYLED_ITEM ( 'NONE', ( #4956 ), #1412 ) ;
#9039 =( LENGTH_UNIT ( ) NAMED_UNIT ( * ) SI_UNIT ( .MILLI., .METRE. ) );
#9040 = LINE ( 'NONE', #3591, #9673 ) ;
#9041 = PRESENTATION_LAYER_ASSIGNMENT (  '', '', ( #1269 ) ) ;
#9042 = DIRECTION ( 'NONE',  ( 0.0000000000000000000, -1.000000000000000000, 4.336808689942017700E-015 ) ) ;
#9043 = DIRECTION ( 'NONE',  ( -0.0000000000000000000, -1.000000000000000000, -0.0000000000000000000 ) ) ;
#9044 = VECTOR ( 'NONE', #3732, 1000.000000000000000 ) ;
#9045 = ADVANCED_FACE ( 'NONE', ( #4464 ), #7418, .T. ) ;
#9046 = LINE ( 'NONE', #1330, #8931 ) ;
#9047 = MANIFOLD_SOLID_BREP ( 'LPattern1[24]', #7469 ) ;
#9048 = LINE ( 'NONE', #10166, #9559 ) ;
#9049 = VECTOR ( 'NONE', #9533, 1000.000000000000000 ) ;
#9050 = CARTESIAN_POINT ( 'NONE',  ( -23.62999999999999900, 0.2000000000000000100, -14.12000000000000100 ) ) ;
#9051 = EDGE_LOOP ( 'NONE', ( #4145, #9289, #2349, #2061, #6695, #10230, #8847, #964 ) ) ;
#9052 = VECTOR ( 'NONE', #8553, 1000.000000000000000 ) ;
#9053 = PLANE ( 'NONE',  #844 ) ;
#9054 = DIRECTION ( 'NONE',  ( 0.0000000000000000000, 0.0000000000000000000, -1.000000000000000000 ) ) ;
#9055 = DIRECTION ( 'NONE',  ( -0.0000000000000000000, 0.0000000000000000000, 1.000000000000000000 ) ) ;
#9056 = VECTOR ( 'NONE', #2464, 1000.000000000000000 ) ;
#9057 = LINE ( 'NONE', #9684, #5230 ) ;
#9058 = PLANE ( 'NONE',  #5155 ) ;
#9059 = EDGE_CURVE ( 'NONE', #7698, #453, #7792, .T. ) ;
#9060 = LINE ( 'NONE', #2401, #163 ) ;
#9061 = EDGE_LOOP ( 'NONE', ( #8211, #10252, #3658, #3182 ) ) ;
#9062 = CARTESIAN_POINT ( 'NONE',  ( 16.26000000000000500, 1.300000000000000000, -14.12000000000000300 ) ) ;
#9063 = LINE ( 'NONE', #2900, #7190 ) ;
#9064 = EDGE_LOOP ( 'NONE', ( #3513, #5555, #5356, #6103 ) ) ;
#9065 = LINE ( 'NONE', #9524, #2176 ) ;
#9066 = DIRECTION ( 'NONE',  ( -0.0000000000000000000, -1.000000000000000000, -0.0000000000000000000 ) ) ;
#9067 = ORIENTED_EDGE ( 'NONE', *, *, #4998, .F. ) ;
#9068 = ORIENTED_EDGE ( 'NONE', *, *, #7888, .T. ) ;
#9069 = CARTESIAN_POINT ( 'NONE',  ( -23.87999999999999900, 1.300000000000000000, 13.52000000000000300 ) ) ;
#9070 = ORIENTED_EDGE ( 'NONE', *, *, #6696, .F. ) ;
#9071 = ORIENTED_EDGE ( 'NONE', *, *, #534, .T. ) ;
#9072 = EDGE_CURVE ( 'NONE', #8060, #76, #4106, .T. ) ;
#9073 = EDGE_LOOP ( 'NONE', ( #5866, #6402, #4194, #8305 ) ) ;
#9074 = VECTOR ( 'NONE', #2761, 1000.000000000000000 ) ;
#9075 = LINE ( 'NONE', #2031, #2946 ) ;
#9076 = ORIENTED_EDGE ( 'NONE', *, *, #3619, .T. ) ;
#9077 = ADVANCED_FACE ( 'NONE', ( #8914 ), #7496, .T. ) ;
#9078 = AXIS2_PLACEMENT_3D ( 'NONE', #7994, #9513, #8704 ) ;
#9079 = DIRECTION ( 'NONE',  ( -1.000000000000000000, -0.0000000000000000000, -0.0000000000000000000 ) ) ;
#9080 = LINE ( 'NONE', #2686, #8698 ) ;
#9081 = CARTESIAN_POINT ( 'NONE',  ( 0.7700000000000033500, 0.2000000000000000100, -13.81999999999999900 ) ) ;
#9082 = LINE ( 'NONE', #9015, #7097 ) ;
#9083 = ORIENTED_EDGE ( 'NONE', *, *, #7832, .T. ) ;
#9084 = VERTEX_POINT ( 'NONE', #1361 ) ;
#9085 = ORIENTED_EDGE ( 'NONE', *, *, #5526, .T. ) ;
#9086 = CARTESIAN_POINT ( 'NONE',  ( -1.519999999999997100, -8.000000000000000000, -14.12000000000000300 ) ) ;
#9087 = DIRECTION ( 'NONE',  ( -1.000000000000000000, -0.0000000000000000000, -0.0000000000000000000 ) ) ;
#9088 = CARTESIAN_POINT ( 'NONE',  ( -21.33999999999999600, -8.000000000000000000, 14.12000000000000300 ) ) ;
#9089 = LINE ( 'NONE', #2594, #1698 ) ;
#9090 = DIRECTION ( 'NONE',  ( 0.0000000000000000000, 0.0000000000000000000, -1.000000000000000000 ) ) ;
#9091 = EDGE_CURVE ( 'NONE', #2752, #8011, #8799, .T. ) ;
#9092 = VECTOR ( 'NONE', #4282, 1000.000000000000000 ) ;
#9093 = CARTESIAN_POINT ( 'NONE',  ( -13.71999999999999700, -8.000000000000000000, -13.82000000000000200 ) ) ;
#9094 = EDGE_LOOP ( 'NONE', ( #7358, #7704, #6604, #1831, #4253, #3487, #9632, #1354 ) ) ;
#9095 = DIRECTION ( 'NONE',  ( 0.0000000000000000000, 0.0000000000000000000, -1.000000000000000000 ) ) ;
#9096 = DIRECTION ( 'NONE',  ( 0.0000000000000000000, 0.0000000000000000000, 1.000000000000000000 ) ) ;
#9097 = EDGE_LOOP ( 'NONE', ( #9385, #6498, #5761, #2941 ) ) ;
#9098 = EDGE_CURVE ( 'NONE', #2780, #10132, #9040, .T. ) ;
#9099 = LINE ( 'NONE', #1350, #7731 ) ;
#9100 = ORIENTED_EDGE ( 'NONE', *, *, #4741, .T. ) ;
#9101 = ORIENTED_EDGE ( 'NONE', *, *, #2500, .F. ) ;
#9102 = DIRECTION ( 'NONE',  ( -0.0000000000000000000, -1.000000000000000000, -0.0000000000000000000 ) ) ;
#9103 = ORIENTED_EDGE ( 'NONE', *, *, #9771, .F. ) ;
#9104 = EDGE_CURVE ( 'NONE', #9909, #807, #2783, .T. ) ;
#9105 = ORIENTED_EDGE ( 'NONE', *, *, #9366, .T. ) ;
#9106 = DIRECTION ( 'NONE',  ( 0.0000000000000000000, -0.0000000000000000000, 1.000000000000000000 ) ) ;
#9107 = ADVANCED_FACE ( 'NONE', ( #7539 ), #7522, .F. ) ;
#9108 = LINE ( 'NONE', #9604, #5028 ) ;
#9109 = PLANE ( 'NONE',  #555 ) ;
#9110 = PLANE ( 'NONE',  #5140 ) ;
#9111 = VERTEX_POINT ( 'NONE', #9994 ) ;
#9112 = FACE_OUTER_BOUND ( 'NONE', #1583, .T. ) ;
#9113 = PRESENTATION_LAYER_ASSIGNMENT (  '', '', ( #1859 ) ) ;
#9114 = VERTEX_POINT ( 'NONE', #6062 ) ;
#9115 = MECHANICAL_DESIGN_GEOMETRIC_PRESENTATION_REPRESENTATION (  '', ( #4879 ), #4289 ) ;
#9116 = VERTEX_POINT ( 'NONE', #1327 ) ;
#9117 = CARTESIAN_POINT ( 'NONE',  ( 22.09000000000000700, 1.300000000000000000, 14.12000000000000300 ) ) ;
#9118 = VERTEX_POINT ( 'NONE', #6798 ) ;
#9119 =( NAMED_UNIT ( * ) SI_UNIT ( $, .STERADIAN. ) SOLID_ANGLE_UNIT ( ) );
#9120 = PRESENTATION_STYLE_ASSIGNMENT (( #4232 ) ) ;
#9121 = DIRECTION ( 'NONE',  ( -0.0000000000000000000, 1.000000000000000000, 0.0000000000000000000 ) ) ;
#9122 = CARTESIAN_POINT ( 'NONE',  ( 14.47000000000000400, 1.000000000000000000, -13.52000000000000300 ) ) ;
#9123 = DIRECTION ( 'NONE',  ( -1.000000000000000000, -0.0000000000000000000, -0.0000000000000000000 ) ) ;
#9124 = ORIENTED_EDGE ( 'NONE', *, *, #1878, .F. ) ;
#9125 = ORIENTED_EDGE ( 'NONE', *, *, #9854, .F. ) ;
#9126 = EDGE_CURVE ( 'NONE', #1685, #3132, #398, .T. ) ;
#9127 = DIRECTION ( 'NONE',  ( 0.0000000000000000000, 1.000000000000000000, -1.577021341797097600E-015 ) ) ;
#9128 = DIRECTION ( 'NONE',  ( 0.0000000000000000000, 0.0000000000000000000, -1.000000000000000000 ) ) ;
#9129 = CARTESIAN_POINT ( 'NONE',  ( 24.63000000000000600, 1.000000000000000000, -13.52000000000000300 ) ) ;
#9130 = DIRECTION ( 'NONE',  ( -1.000000000000000000, -0.0000000000000000000, -0.0000000000000000000 ) ) ;
#9131 = ADVANCED_FACE ( 'NONE', ( #2142 ), #8412, .F. ) ;
#9132 = ORIENTED_EDGE ( 'NONE', *, *, #4704, .T. ) ;
#9133 = LINE ( 'NONE', #9197, #6764 ) ;
#9134 = VERTEX_POINT ( 'NONE', #3559 ) ;
#9135 = EDGE_CURVE ( 'NONE', #942, #2178, #3859, .T. ) ;
#9136 = DIRECTION ( 'NONE',  ( 1.000000000000000000, 0.0000000000000000000, 0.0000000000000000000 ) ) ;
#9137 = DIRECTION ( 'NONE',  ( 0.0000000000000000000, 0.0000000000000000000, -1.000000000000000000 ) ) ;
#9138 = ORIENTED_EDGE ( 'NONE', *, *, #3107, .T. ) ;
#9139 = DIRECTION ( 'NONE',  ( 0.0000000000000000000, 0.0000000000000000000, -1.000000000000000000 ) ) ;
#9140 = DIRECTION ( 'NONE',  ( 0.0000000000000000000, 0.0000000000000000000, -1.000000000000000000 ) ) ;
#9141 = LINE ( 'NONE', #8083, #374 ) ;
#9142 = CARTESIAN_POINT ( 'NONE',  ( 23.63000000000000600, 0.2000000000000000900, 14.12000000000000100 ) ) ;
#9143 = VERTEX_POINT ( 'NONE', #2924 ) ;
#9144 = EDGE_CURVE ( 'NONE', #623, #7535, #1023, .T. ) ;
#9145 = CARTESIAN_POINT ( 'NONE',  ( -22.09000000000000000, 1.300000000000000000, -13.52000000000000300 ) ) ;
#9146 = DIRECTION ( 'NONE',  ( 0.0000000000000000000, -0.0000000000000000000, 1.000000000000000000 ) ) ;
#9147 = FACE_OUTER_BOUND ( 'NONE', #6649, .T. ) ;
#9148 = ORIENTED_EDGE ( 'NONE', *, *, #5465, .F. ) ;
#9149 = FILL_AREA_STYLE ('',( #2767 ) ) ;
#9150 = DIRECTION ( 'NONE',  ( 0.0000000000000000000, -0.0000000000000000000, 1.000000000000000000 ) ) ;
#9151 = ADVANCED_FACE ( 'NONE', ( #5948 ), #9346, .F. ) ;
#9152 = VECTOR ( 'NONE', #3145, 1000.000000000000000 ) ;
#9153 = PLANE ( 'NONE',  #8905 ) ;
#9154 = VECTOR ( 'NONE', #4221, 1000.000000000000000 ) ;
#9155 = DIRECTION ( 'NONE',  ( 0.0000000000000000000, 1.000000000000000000, 0.0000000000000000000 ) ) ;
#9156 = CARTESIAN_POINT ( 'NONE',  ( -21.84000000000000000, -8.000000000000000000, -13.82000000000000200 ) ) ;
#9157 = VERTEX_POINT ( 'NONE', #1225 ) ;
#9158 = DIRECTION ( 'NONE',  ( 1.000000000000000000, 0.0000000000000000000, 0.0000000000000000000 ) ) ;
#9159 = VECTOR ( 'NONE', #9288, 1000.000000000000000 ) ;
#9160 = CARTESIAN_POINT ( 'NONE',  ( 11.68000000000000300, 1.300000000000000000, -13.52000000000000300 ) ) ;
#9161 = EDGE_CURVE ( 'NONE', #3771, #9593, #5940, .T. ) ;
#9162 = ORIENTED_EDGE ( 'NONE', *, *, #7294, .F. ) ;
#9163 = LINE ( 'NONE', #9268, #7295 ) ;
#9164 = EDGE_CURVE ( 'NONE', #9945, #9263, #9282, .T. ) ;
#9165 = VECTOR ( 'NONE', #7632, 1000.000000000000000 ) ;
#9166 = PLANE ( 'NONE',  #8535 ) ;
#9167 = MECHANICAL_DESIGN_GEOMETRIC_PRESENTATION_REPRESENTATION (  '', ( #7033 ), #7369 ) ;
#9168 = CARTESIAN_POINT ( 'NONE',  ( 11.93000000000000300, 0.2000000000000000100, -13.81999999999999900 ) ) ;
#9169 = LINE ( 'NONE', #1016, #886 ) ;
#9170 = CARTESIAN_POINT ( 'NONE',  ( 14.22000000000000400, -8.000000000000000000, -14.12000000000000300 ) ) ;
#9171 = EDGE_CURVE ( 'NONE', #3744, #9016, #4589, .T. ) ;
#9172 = DIRECTION ( 'NONE',  ( 0.0000000000000000000, 1.000000000000000000, 0.0000000000000000000 ) ) ;
#9173 = LINE ( 'NONE', #2633, #4726 ) ;
#9174 = CARTESIAN_POINT ( 'NONE',  ( -24.62999999999999900, 1.000000000000000000, -13.52000000000000300 ) ) ;
#9175 = LINE ( 'NONE', #8591, #8322 ) ;
#9176 = ADVANCED_FACE ( 'NONE', ( #10046 ), #7707, .F. ) ;
#9177 = DIRECTION ( 'NONE',  ( 0.0000000000000000000, 0.0000000000000000000, -1.000000000000000000 ) ) ;
#9178 = EDGE_CURVE ( 'NONE', #5159, #9298, #8542, .T. ) ;
#9179 = CARTESIAN_POINT ( 'NONE',  ( -11.17999999999999800, 0.2000000000000005100, -13.82000000000000200 ) ) ;
#9180 = AXIS2_PLACEMENT_3D ( 'NONE', #5102, #5900, #7530 ) ;
#9181 = FACE_OUTER_BOUND ( 'NONE', #3709, .T. ) ;
#9182 = VERTEX_POINT ( 'NONE', #1493 ) ;
#9183 = DIRECTION ( 'NONE',  ( -1.000000000000000000, -0.0000000000000000000, -0.0000000000000000000 ) ) ;
#9184 = DIRECTION ( 'NONE',  ( 0.0000000000000000000, 0.0000000000000000000, -1.000000000000000000 ) ) ;
#9185 = ORIENTED_EDGE ( 'NONE', *, *, #704, .F. ) ;
#9186 = ORIENTED_EDGE ( 'NONE', *, *, #7455, .T. ) ;
#9187 = DIRECTION ( 'NONE',  ( 0.0000000000000000000, 0.0000000000000000000, -1.000000000000000000 ) ) ;
#9188 = ORIENTED_EDGE ( 'NONE', *, *, #242, .F. ) ;
#9189 = ORIENTED_EDGE ( 'NONE', *, *, #8696, .T. ) ;
#9190 = DIRECTION ( 'NONE',  ( 1.000000000000000000, 0.0000000000000000000, 0.0000000000000000000 ) ) ;
#9191 = CARTESIAN_POINT ( 'NONE',  ( 16.01000000000000500, 1.300000000000000000, -14.12000000000000300 ) ) ;
#9192 = LINE ( 'NONE', #5719, #7434 ) ;
#9193 = LINE ( 'NONE', #7201, #7077 ) ;
#9194 = ORIENTED_EDGE ( 'NONE', *, *, #7692, .F. ) ;
#9195 = CARTESIAN_POINT ( 'NONE',  ( 21.84000000000000700, -8.000000000000000000, 14.12000000000000300 ) ) ;
#9196 = EDGE_CURVE ( 'NONE', #5147, #2389, #7902, .T. ) ;
#9197 = CARTESIAN_POINT ( 'NONE',  ( 1.770000000000004200, 0.2000000000000000100, -14.12000000000000100 ) ) ;
#9198 = LINE ( 'NONE', #6704, #3532 ) ;
#9199 = EDGE_CURVE ( 'NONE', #5156, #1585, #389, .T. ) ;
#9200 = AXIS2_PLACEMENT_3D ( 'NONE', #6697, #9000, #7360 ) ;
#9201 = ORIENTED_EDGE ( 'NONE', *, *, #7264, .T. ) ;
#9202 = EDGE_LOOP ( 'NONE', ( #8623, #6717, #5646, #9575 ) ) ;
#9203 = ORIENTED_EDGE ( 'NONE', *, *, #9020, .T. ) ;
#9204 = ORIENTED_EDGE ( 'NONE', *, *, #7261, .T. ) ;
#9205 = VECTOR ( 'NONE', #6158, 1000.000000000000000 ) ;
#9206 = CARTESIAN_POINT ( 'NONE',  ( -24.09000000000000700, 2.000000000000000000, 7.935000000000006700 ) ) ;
#9207 = ADVANCED_FACE ( 'NONE', ( #3127 ), #4650, .F. ) ;
#9208 = CARTESIAN_POINT ( 'NONE',  ( -8.389999999999998800, 1.000000000000000000, -13.82000000000000200 ) ) ;
#9209 = LINE ( 'NONE', #1601, #3779 ) ;
#9210 = FACE_OUTER_BOUND ( 'NONE', #6236, .T. ) ;
#9211 = ORIENTED_EDGE ( 'NONE', *, *, #2881, .T. ) ;
#9212 = AXIS2_PLACEMENT_3D ( 'NONE', #1995, #9090, #8989 ) ;
#9213 = ORIENTED_EDGE ( 'NONE', *, *, #5492, .F. ) ;
#9214 = MECHANICAL_DESIGN_GEOMETRIC_PRESENTATION_REPRESENTATION (  '', ( #271 ), #7936 ) ;
#9215 = CARTESIAN_POINT ( 'NONE',  ( -25.50000000000000700, 1.700000000000000000, -5.319999999999996700 ) ) ;
#9216 = LINE ( 'NONE', #7364, #1336 ) ;
#9217 = CARTESIAN_POINT ( 'NONE',  ( -23.87999999999999900, 0.2000000000000000900, 14.12000000000000300 ) ) ;
#9218 = LINE ( 'NONE', #9929, #6610 ) ;
#9219 = DIRECTION ( 'NONE',  ( -0.0000000000000000000, -1.000000000000000000, -0.0000000000000000000 ) ) ;
#9220 = VERTEX_POINT ( 'NONE', #1699 ) ;
#9221 = DIRECTION ( 'NONE',  ( -0.0000000000000000000, 0.0000000000000000000, 1.000000000000000000 ) ) ;
#9222 = CARTESIAN_POINT ( 'NONE',  ( -6.849999999999998800, 1.300000000000000000, -14.12000000000000300 ) ) ;
#9223 = DIRECTION ( 'NONE',  ( 0.0000000000000000000, 1.000000000000000000, 0.0000000000000000000 ) ) ;
#9224 = ORIENTED_EDGE ( 'NONE', *, *, #4734, .T. ) ;
#9225 = EDGE_LOOP ( 'NONE', ( #7467, #7958, #3567, #1321 ) ) ;
#9226 = EDGE_CURVE ( 'NONE', #4140, #3682, #1891, .T. ) ;
#9227 = VECTOR ( 'NONE', #9066, 1000.000000000000000 ) ;
#9228 = EDGE_CURVE ( 'NONE', #2204, #1683, #3848, .T. ) ;
#9229 = LINE ( 'NONE', #4985, #2845 ) ;
#9230 = DIRECTION ( 'NONE',  ( -1.000000000000000000, -0.0000000000000000000, -0.0000000000000000000 ) ) ;
#9231 =( NAMED_UNIT ( * ) PLANE_ANGLE_UNIT ( ) SI_UNIT ( $, .RADIAN. ) );
#9232 = ORIENTED_EDGE ( 'NONE', *, *, #8566, .F. ) ;
#9233 = ADVANCED_FACE ( 'NONE', ( #6190 ), #6414, .F. ) ;
#9234 = EDGE_CURVE ( 'NONE', #6574, #1409, #8789, .T. ) ;
#9235 = ORIENTED_EDGE ( 'NONE', *, *, #6612, .F. ) ;
#9236 = ORIENTED_EDGE ( 'NONE', *, *, #3616, .T. ) ;
#9237 = PLANE ( 'NONE',  #727 ) ;
#9238 = ORIENTED_EDGE ( 'NONE', *, *, #9977, .T. ) ;
#9239 = AXIS2_PLACEMENT_3D ( 'NONE', #6803, #2964, #3695 ) ;
#9240 = CARTESIAN_POINT ( 'NONE',  ( -1.519999999999997100, -8.000000000000000000, -13.82000000000000200 ) ) ;
#9241 = EDGE_CURVE ( 'NONE', #9263, #2263, #4835, .T. ) ;
#9242 = ORIENTED_EDGE ( 'NONE', *, *, #3439, .F. ) ;
#9243 = CARTESIAN_POINT ( 'NONE',  ( 9.140000000000002300, -8.000000000000000000, -13.82000000000000200 ) ) ;
#9244 = ORIENTED_EDGE ( 'NONE', *, *, #2077, .T. ) ;
#9245 = EDGE_CURVE ( 'NONE', #7445, #9557, #7662, .T. ) ;
#9246 = CARTESIAN_POINT ( 'NONE',  ( -4.059999999999997800, -8.000000000000000000, -14.12000000000000300 ) ) ;
#9247 = UNCERTAINTY_MEASURE_WITH_UNIT (LENGTH_MEASURE( 1.000000000000000100E-005 ), #8837, 'distance_accuracy_value', 'NONE');
#9248 = PLANE ( 'NONE',  #9760 ) ;
#9249 = VECTOR ( 'NONE', #3890, 1000.000000000000000 ) ;
#9250 = CARTESIAN_POINT ( 'NONE',  ( 6.600000000000001400, 1.300000000000000000, -13.52000000000000300 ) ) ;
#9251 = CARTESIAN_POINT ( 'NONE',  ( -18.79999999999999700, 1.000000000000000000, -13.52000000000000300 ) ) ;
#9252 = DIRECTION ( 'NONE',  ( 0.0000000000000000000, 0.0000000000000000000, -1.000000000000000000 ) ) ;
#9253 = ORIENTED_EDGE ( 'NONE', *, *, #6570, .F. ) ;
#9254 = ORIENTED_EDGE ( 'NONE', *, *, #5851, .F. ) ;
#9255 = CARTESIAN_POINT ( 'NONE',  ( -9.139999999999998800, 1.300000000000000000, -14.12000000000000300 ) ) ;
#9256 = CARTESIAN_POINT ( 'NONE',  ( -21.08999999999999600, 0.2000000000000000900, 13.82000000000000200 ) ) ;
#9257 = CARTESIAN_POINT ( 'NONE',  ( -23.87999999999999900, -8.000000000000000000, -13.82000000000000200 ) ) ;
#9258 = DIRECTION ( 'NONE',  ( -0.0000000000000000000, -1.000000000000000000, -0.0000000000000000000 ) ) ;
#9259 = ORIENTED_EDGE ( 'NONE', *, *, #6336, .F. ) ;
#9260 = CARTESIAN_POINT ( 'NONE',  ( 9.390000000000002300, 0.2000000000000000100, -14.12000000000000100 ) ) ;
#9261 = EDGE_CURVE ( 'NONE', #10009, #4439, #4341, .T. ) ;
#9262 = CARTESIAN_POINT ( 'NONE',  ( 16.76000000000000500, 0.2000000000000000900, -14.12000000000000300 ) ) ;
#9263 = VERTEX_POINT ( 'NONE', #4845 ) ;
#9264 = VERTEX_POINT ( 'NONE', #8783 ) ;
#9265 = DIRECTION ( 'NONE',  ( -0.0000000000000000000, -1.000000000000000000, -0.0000000000000000000 ) ) ;
#9266 = VERTEX_POINT ( 'NONE', #3241 ) ;
#9267 = EDGE_CURVE ( 'NONE', #3808, #5050, #9924, .T. ) ;
#9268 = CARTESIAN_POINT ( 'NONE',  ( 21.09000000000000300, 1.000000000000000000, 13.82000000000000200 ) ) ;
#9269 = CARTESIAN_POINT ( 'NONE',  ( -21.33999999999999600, 1.300000000000000000, -14.12000000000000300 ) ) ;
#9270 =( LENGTH_UNIT ( ) NAMED_UNIT ( * ) SI_UNIT ( .MILLI., .METRE. ) );
#9271 = LINE ( 'NONE', #4125, #3009 ) ;
#9272 = LINE ( 'NONE', #3956, #5804 ) ;
#9273 = EDGE_LOOP ( 'NONE', ( #6701, #2469, #6593, #2357, #6125, #4242 ) ) ;
#9274 = ADVANCED_FACE ( 'NONE', ( #5691 ), #995, .F. ) ;
#9275 = CARTESIAN_POINT ( 'NONE',  ( 16.26000000000000500, 0.2000000000000000100, -14.12000000000000100 ) ) ;
#9276 = EDGE_CURVE ( 'NONE', #8338, #9383, #9662, .T. ) ;
#9277 = DIRECTION ( 'NONE',  ( -0.0000000000000000000, 1.000000000000000000, 0.0000000000000000000 ) ) ;
#9278 = CARTESIAN_POINT ( 'NONE',  ( 19.30000000000000400, 0.2000000000000000900, -14.12000000000000300 ) ) ;
#9279 = VECTOR ( 'NONE', #338, 1000.000000000000000 ) ;
#9280 = DIRECTION ( 'NONE',  ( 1.000000000000000000, 0.0000000000000000000, 0.0000000000000000000 ) ) ;
#9281 =( NAMED_UNIT ( * ) SI_UNIT ( $, .STERADIAN. ) SOLID_ANGLE_UNIT ( ) );
#9282 = LINE ( 'NONE', #591, #6919 ) ;
#9283 = AXIS2_PLACEMENT_3D ( 'NONE', #2368, #660, #7815 ) ;
#9284 = DIRECTION ( 'NONE',  ( 1.000000000000000000, 0.0000000000000000000, -5.400758019853073800E-017 ) ) ;
#9285 = LINE ( 'NONE', #3444, #7793 ) ;
#9286 = DIRECTION ( 'NONE',  ( 0.0000000000000000000, -0.0000000000000000000, 1.000000000000000000 ) ) ;
#9287 = FACE_OUTER_BOUND ( 'NONE', #10187, .T. ) ;
#9288 = DIRECTION ( 'NONE',  ( 1.000000000000000000, 0.0000000000000000000, -1.800252673284357700E-016 ) ) ;
#9289 = ORIENTED_EDGE ( 'NONE', *, *, #2882, .T. ) ;
#9290 = EDGE_CURVE ( 'NONE', #3336, #9143, #1273, .T. ) ;
#9291 = LINE ( 'NONE', #3193, #1521 ) ;
#9292 = DIRECTION ( 'NONE',  ( -1.000000000000000000, -0.0000000000000000000, -0.0000000000000000000 ) ) ;
#9293 = LINE ( 'NONE', #9398, #5355 ) ;
#9294 = EDGE_CURVE ( 'NONE', #72, #2993, #5570, .T. ) ;
#9295 = FACE_OUTER_BOUND ( 'NONE', #3475, .T. ) ;
#9296 = CARTESIAN_POINT ( 'NONE',  ( 22.09000000000000700, 1.300000000000000000, -13.52000000000000300 ) ) ;
#9297 = LINE ( 'NONE', #4470, #4354 ) ;
#9298 = VERTEX_POINT ( 'NONE', #9554 ) ;
#9299 = EDGE_CURVE ( 'NONE', #5985, #7696, #9793, .T. ) ;
#9300 = LINE ( 'NONE', #6854, #9052 ) ;
#9301 = CARTESIAN_POINT ( 'NONE',  ( 13.47000000000000200, 1.000000000000000000, -13.82000000000000200 ) ) ;
#9302 = VECTOR ( 'NONE', #7146, 1000.000000000000000 ) ;
#9303 =( GEOMETRIC_REPRESENTATION_CONTEXT ( 3 ) GLOBAL_UNCERTAINTY_ASSIGNED_CONTEXT ( ( #5560 ) ) GLOBAL_UNIT_ASSIGNED_CONTEXT ( ( #2344, #7819, #1744 ) ) REPRESENTATION_CONTEXT ( 'NONE', 'WORKASPACE' ) );
#9304 = CARTESIAN_POINT ( 'NONE',  ( 21.09000000000000300, 1.300000000000000000, -14.12000000000000300 ) ) ;
#9305 = DIRECTION ( 'NONE',  ( 0.0000000000000000000, 0.0000000000000000000, -1.000000000000000000 ) ) ;
#9306 = ORIENTED_EDGE ( 'NONE', *, *, #5690, .T. ) ;
#9307 = CARTESIAN_POINT ( 'NONE',  ( -27.00000000000000400, 0.2000000000000000100, -7.320000000000002100 ) ) ;
#9308 = CARTESIAN_POINT ( 'NONE',  ( -21.33999999999999600, 1.300000000000000000, 14.12000000000000300 ) ) ;
#9309 = VECTOR ( 'NONE', #3227, 1000.000000000000000 ) ;
#9310 = ORIENTED_EDGE ( 'NONE', *, *, #2861, .F. ) ;
#9311 = VECTOR ( 'NONE', #2150, 1000.000000000000000 ) ;
#9312 = LINE ( 'NONE', #633, #4863 ) ;
#9313 = CLOSED_SHELL ( 'NONE', ( #3845, #5661, #4617, #4675, #1796, #206, #9019, #7131, #9107, #7764, #7227, #5303 ) ) ;
#9314 = CARTESIAN_POINT ( 'NONE',  ( 13.47000000000000200, 0.2000000000000000100, -14.12000000000000100 ) ) ;
#9315 = FACE_OUTER_BOUND ( 'NONE', #3344, .T. ) ;
#9316 = CARTESIAN_POINT ( 'NONE',  ( 1.770000000000004200, 0.2000000000000000100, -13.81999999999999900 ) ) ;
#9317 = VERTEX_POINT ( 'NONE', #285 ) ;
#9318 = ORIENTED_EDGE ( 'NONE', *, *, #1506, .F. ) ;
#9319 = DIRECTION ( 'NONE',  ( 0.0000000000000000000, -0.0000000000000000000, 1.000000000000000000 ) ) ;
#9320 = AXIS2_PLACEMENT_3D ( 'NONE', #3813, #7619, #9286 ) ;
#9321 = ORIENTED_EDGE ( 'NONE', *, *, #7413, .F. ) ;
#9322 = ORIENTED_EDGE ( 'NONE', *, *, #8281, .T. ) ;
#9323 = DIRECTION ( 'NONE',  ( -0.0000000000000000000, -0.0000000000000000000, -1.000000000000000000 ) ) ;
#9324 = ORIENTED_EDGE ( 'NONE', *, *, #200, .F. ) ;
#9325 = LINE ( 'NONE', #902, #6225 ) ;
#9326 = LINE ( 'NONE', #9738, #5472 ) ;
#9327 = ORIENTED_EDGE ( 'NONE', *, *, #6834, .F. ) ;
#9328 = CARTESIAN_POINT ( 'NONE',  ( -23.62999999999999900, 0.2000000000000000900, 13.82000000000000200 ) ) ;
#9329 = FACE_OUTER_BOUND ( 'NONE', #7213, .T. ) ;
#9330 = VECTOR ( 'NONE', #4121, 1000.000000000000000 ) ;
#9331 = ORIENTED_EDGE ( 'NONE', *, *, #2165, .F. ) ;
#9332 = DIRECTION ( 'NONE',  ( -0.0000000000000000000, 1.000000000000000000, -0.0000000000000000000 ) ) ;
#9333 = DIRECTION ( 'NONE',  ( 0.0000000000000000000, 1.000000000000000000, 0.0000000000000000000 ) ) ;
#9334 = ORIENTED_EDGE ( 'NONE', *, *, #1319, .T. ) ;
#9335 = ORIENTED_EDGE ( 'NONE', *, *, #1543, .T. ) ;
#9336 = EDGE_CURVE ( 'NONE', #8369, #3406, #135, .T. ) ;
#9337 = VERTEX_POINT ( 'NONE', #921 ) ;
#9338 = FACE_OUTER_BOUND ( 'NONE', #9273, .T. ) ;
#9339 = PRODUCT_DEFINITION_CONTEXT ( 'detailed design', #3654, 'design' ) ;
#9340 = AXIS2_PLACEMENT_3D ( 'NONE', #5272, #1249, #6831 ) ;
#9341 = CARTESIAN_POINT ( 'NONE',  ( -23.62999999999999900, 0.2000000000000000900, 13.82000000000000200 ) ) ;
#9342 = VERTEX_POINT ( 'NONE', #8916 ) ;
#9343 = CARTESIAN_POINT ( 'NONE',  ( 25.49999999999998900, 1.800000000000000000, -5.319999999999996700 ) ) ;
#9344 = EDGE_LOOP ( 'NONE', ( #7840, #1696, #973, #643, #5075, #1468, #9244, #2689 ) ) ;
#9345 = CARTESIAN_POINT ( 'NONE',  ( -6.099999999999997900, 0.2000000000000000900, -14.12000000000000300 ) ) ;
#9346 = PLANE ( 'NONE',  #8842 ) ;
#9347 = LINE ( 'NONE', #9776, #4400 ) ;
#9348 = CARTESIAN_POINT ( 'NONE',  ( -11.17999999999999800, 1.000000000000000000, -13.52000000000000300 ) ) ;
#9349 =( NAMED_UNIT ( * ) PLANE_ANGLE_UNIT ( ) SI_UNIT ( $, .RADIAN. ) );
#9350 = MECHANICAL_DESIGN_GEOMETRIC_PRESENTATION_REPRESENTATION (  '', ( #5819 ), #5107 ) ;
#9351 = VECTOR ( 'NONE', #7164, 1000.000000000000000 ) ;
#9352 = VERTEX_POINT ( 'NONE', #9795 ) ;
#9353 = EDGE_LOOP ( 'NONE', ( #8748, #4250, #6154, #232 ) ) ;
#9354 = ORIENTED_EDGE ( 'NONE', *, *, #1280, .F. ) ;
#9355 = EDGE_LOOP ( 'NONE', ( #4426, #8607, #3404, #6224 ) ) ;
#9356 = CARTESIAN_POINT ( 'NONE',  ( 24.08999999999999300, 1.700000000000000000, -4.074999999999997500 ) ) ;
#9357 = LINE ( 'NONE', #1135, #10115 ) ;
#9358 = DIRECTION ( 'NONE',  ( -1.000000000000000000, -0.0000000000000000000, -0.0000000000000000000 ) ) ;
#9359 = CARTESIAN_POINT ( 'NONE',  ( -22.09000000000000000, 1.000000000000000000, -13.82000000000000200 ) ) ;
#9360 = ORIENTED_EDGE ( 'NONE', *, *, #5922, .F. ) ;
#9361 = FACE_OUTER_BOUND ( 'NONE', #7713, .T. ) ;
#9362 = CARTESIAN_POINT ( 'NONE',  ( 4.060000000000004900, 0.2000000000000000900, -14.12000000000000300 ) ) ;
#9363 = EDGE_LOOP ( 'NONE', ( #7684, #5176, #1822, #6726 ) ) ;
#9364 = ORIENTED_EDGE ( 'NONE', *, *, #2577, .T. ) ;
#9365 = PLANE ( 'NONE',  #7130 ) ;
#9366 = EDGE_CURVE ( 'NONE', #6471, #1420, #1149, .T. ) ;
#9367 = ORIENTED_EDGE ( 'NONE', *, *, #3712, .F. ) ;
#9368 = PLANE ( 'NONE',  #5471 ) ;
#9369 = COLOUR_RGB ( '',0.7921568627450980000, 0.8196078431372548800, 0.9333333333333333500 ) ;
#9370 = CARTESIAN_POINT ( 'NONE',  ( -23.87999999999999900, 0.2000000000000005100, -13.82000000000000200 ) ) ;
#9371 = DIRECTION ( 'NONE',  ( 0.0000000000000000000, -1.000000000000000000, 0.0000000000000000000 ) ) ;
#9372 = EDGE_CURVE ( 'NONE', #240, #7483, #3610, .T. ) ;
#9373 = ORIENTED_EDGE ( 'NONE', *, *, #2223, .T. ) ;
#9374 = AXIS2_PLACEMENT_3D ( 'NONE', #9598, #6493, #7937 ) ;
#9375 = DIRECTION ( 'NONE',  ( -1.000000000000000000, -0.0000000000000000000, -0.0000000000000000000 ) ) ;
#9376 = UNCERTAINTY_MEASURE_WITH_UNIT (LENGTH_MEASURE( 1.000000000000000100E-005 ), #4199, 'distance_accuracy_value', 'NONE');
#9377 = ORIENTED_EDGE ( 'NONE', *, *, #8164, .F. ) ;
#9378 = EDGE_CURVE ( 'NONE', #6207, #7562, #2272, .T. ) ;
#9379 = ADVANCED_FACE ( 'NONE', ( #10162 ), #7376, .F. ) ;
#9380 = DIRECTION ( 'NONE',  ( 0.0000000000000000000, -1.000000000000000000, 4.336808689942017700E-015 ) ) ;
#9381 = DIRECTION ( 'NONE',  ( 0.0000000000000000000, -1.000000000000000000, 0.0000000000000000000 ) ) ;
#9382 = DIRECTION ( 'NONE',  ( -0.0000000000000000000, -1.000000000000000000, -0.0000000000000000000 ) ) ;
#9383 = VERTEX_POINT ( 'NONE', #8884 ) ;
#9384 = DIRECTION ( 'NONE',  ( -1.000000000000000000, -0.0000000000000000000, -0.0000000000000000000 ) ) ;
#9385 = ORIENTED_EDGE ( 'NONE', *, *, #9854, .T. ) ;
#9386 = ORIENTED_EDGE ( 'NONE', *, *, #1035, .T. ) ;
#9387 = AXIS2_PLACEMENT_3D ( 'NONE', #9500, #5571, #8622 ) ;
#9388 = ADVANCED_FACE ( 'NONE', ( #3246 ), #256, .F. ) ;
#9389 = CARTESIAN_POINT ( 'NONE',  ( -6.599999999999997900, -8.000000000000000000, -14.12000000000000300 ) ) ;
#9390 = DIRECTION ( 'NONE',  ( -1.000000000000000000, -0.0000000000000000000, -0.0000000000000000000 ) ) ;
#9391 = ORIENTED_EDGE ( 'NONE', *, *, #5460, .T. ) ;
#9392 =( NAMED_UNIT ( * ) PLANE_ANGLE_UNIT ( ) SI_UNIT ( $, .RADIAN. ) );
#9393 = LINE ( 'NONE', #8755, #7880 ) ;
#9394 = CARTESIAN_POINT ( 'NONE',  ( -14.21999999999999900, 0.2000000000000000100, -14.12000000000000100 ) ) ;
#9395 = CARTESIAN_POINT ( 'NONE',  ( 11.68000000000000300, 1.000000000000000000, -13.82000000000000200 ) ) ;
#9396 = ORIENTED_EDGE ( 'NONE', *, *, #3804, .F. ) ;
#9397 = CARTESIAN_POINT ( 'NONE',  ( -9.389999999999998800, 0.2000000000000000100, -14.12000000000000100 ) ) ;
#9398 = CARTESIAN_POINT ( 'NONE',  ( 24.63000000000000600, 0.2000000000000000900, 13.82000000000000200 ) ) ;
#9399 = EDGE_CURVE ( 'NONE', #6002, #9747, #5448, .T. ) ;
#9400 = DIRECTION ( 'NONE',  ( 1.000000000000000000, 0.0000000000000000000, 0.0000000000000000000 ) ) ;
#9401 = EDGE_CURVE ( 'NONE', #7459, #1415, #5212, .T. ) ;
#9402 = AXIS2_PLACEMENT_3D ( 'NONE', #2387, #7044, #3213 ) ;
#9403 = DIRECTION ( 'NONE',  ( -0.0000000000000000000, -1.000000000000000000, -0.0000000000000000000 ) ) ;
#9404 = LINE ( 'NONE', #4914, #7028 ) ;
#9405 = PLANE ( 'NONE',  #10151 ) ;
#9406 = CARTESIAN_POINT ( 'NONE',  ( 19.30000000000000400, 1.300000000000000000, -13.52000000000000300 ) ) ;
#9407 = ORIENTED_EDGE ( 'NONE', *, *, #7092, .F. ) ;
#9408 = LINE ( 'NONE', #1026, #7286 ) ;
#9409 = EDGE_CURVE ( 'NONE', #7292, #8525, #5081, .T. ) ;
#9410 = VECTOR ( 'NONE', #3477, 1000.000000000000000 ) ;
#9411 = VERTEX_POINT ( 'NONE', #6549 ) ;
#9412 = CARTESIAN_POINT ( 'NONE',  ( -3.309999999999996900, 1.300000000000000000, -14.12000000000000300 ) ) ;
#9413 = DIRECTION ( 'NONE',  ( 0.0000000000000000000, 1.000000000000000000, 0.0000000000000000000 ) ) ;
#9414 = FACE_OUTER_BOUND ( 'NONE', #843, .T. ) ;
#9415 = CARTESIAN_POINT ( 'NONE',  ( 21.84000000000000700, 1.000000000000000000, 13.82000000000000200 ) ) ;
#9416 = DIRECTION ( 'NONE',  ( 1.000000000000000000, -0.0000000000000000000, 0.0000000000000000000 ) ) ;
#9417 = LINE ( 'NONE', #1300, #909 ) ;
#9418 = ORIENTED_EDGE ( 'NONE', *, *, #9442, .F. ) ;
#9419 = FACE_OUTER_BOUND ( 'NONE', #7758, .T. ) ;
#9420 = VECTOR ( 'NONE', #2825, 1000.000000000000000 ) ;
#9421 = DIRECTION ( 'NONE',  ( 1.000000000000000000, 0.0000000000000000000, -0.0000000000000000000 ) ) ;
#9422 = EDGE_CURVE ( 'NONE', #6459, #1803, #3982, .T. ) ;
#9423 = FACE_OUTER_BOUND ( 'NONE', #9446, .T. ) ;
#9424 = DIRECTION ( 'NONE',  ( -0.0000000000000000000, -0.0000000000000000000, -1.000000000000000000 ) ) ;
#9425 = EDGE_CURVE ( 'NONE', #6952, #383, #6077, .T. ) ;
#9426 = DIRECTION ( 'NONE',  ( 0.0000000000000000000, -1.000000000000000000, 0.0000000000000000000 ) ) ;
#9427 = LINE ( 'NONE', #1140, #8042 ) ;
#9428 = CARTESIAN_POINT ( 'NONE',  ( 21.84000000000000700, 1.300000000000000000, 14.12000000000000300 ) ) ;
#9429 = ADVANCED_FACE ( 'NONE', ( #9031 ), #2985, .T. ) ;
#9430 = VECTOR ( 'NONE', #3020, 1000.000000000000000 ) ;
#9431 = COLOUR_RGB ( '',0.7921568627450980000, 0.8196078431372548800, 0.9333333333333333500 ) ;
#9432 = CARTESIAN_POINT ( 'NONE',  ( 13.72000000000000200, 1.300000000000000000, -14.12000000000000300 ) ) ;
#9433 = EDGE_CURVE ( 'NONE', #6359, #729, #8025, .T. ) ;
#9434 = LINE ( 'NONE', #2590, #7184 ) ;
#9435 = DIRECTION ( 'NONE',  ( 0.0000000000000000000, 0.0000000000000000000, -1.000000000000000000 ) ) ;
#9436 = EDGE_CURVE ( 'NONE', #1931, #224, #6667, .T. ) ;
#9437 = CARTESIAN_POINT ( 'NONE',  ( 11.18000000000000300, 0.0000000000000000000, 0.0000000000000000000 ) ) ;
#9438 = DIRECTION ( 'NONE',  ( 0.0000000000000000000, -1.000000000000000000, 0.0000000000000000000 ) ) ;
#9439 = VECTOR ( 'NONE', #8725, 1000.000000000000000 ) ;
#9440 = LINE ( 'NONE', #6076, #5598 ) ;
#9441 = VERTEX_POINT ( 'NONE', #4546 ) ;
#9442 = EDGE_CURVE ( 'NONE', #9836, #7595, #8295, .T. ) ;
#9443 = VECTOR ( 'NONE', #6917, 1000.000000000000000 ) ;
#9444 = VERTEX_POINT ( 'NONE', #9296 ) ;
#9445 = ORIENTED_EDGE ( 'NONE', *, *, #445, .F. ) ;
#9446 = EDGE_LOOP ( 'NONE', ( #7119, #8320, #362, #4787 ) ) ;
#9447 = ORIENTED_EDGE ( 'NONE', *, *, #2367, .T. ) ;
#9448 = VECTOR ( 'NONE', #2897, 1000.000000000000000 ) ;
#9449 = LINE ( 'NONE', #1508, #8452 ) ;
#9450 = CARTESIAN_POINT ( 'NONE',  ( 24.38000000000000600, 1.300000000000000000, 13.52000000000000300 ) ) ;
#9451 = ORIENTED_EDGE ( 'NONE', *, *, #10018, .F. ) ;
#9452 = AXIS2_PLACEMENT_3D ( 'NONE', #3789, #4575, #6187 ) ;
#9453 = SURFACE_STYLE_USAGE ( .BOTH. , #8643 ) ;
#9454 = DIRECTION ( 'NONE',  ( -1.000000000000000000, 0.0000000000000000000, -0.0000000000000000000 ) ) ;
#9455 = DIRECTION ( 'NONE',  ( 1.000000000000000000, 0.0000000000000000000, 0.0000000000000000000 ) ) ;
#9456 = CARTESIAN_POINT ( 'NONE',  ( -6.599999999999997900, 0.2000000000000000100, -14.12000000000000100 ) ) ;
#9457 = VECTOR ( 'NONE', #9921, 1000.000000000000000 ) ;
#9458 = VERTEX_POINT ( 'NONE', #8539 ) ;
#9459 = EDGE_LOOP ( 'NONE', ( #1216, #3569, #928, #2168 ) ) ;
#9460 = ORIENTED_EDGE ( 'NONE', *, *, #5534, .T. ) ;
#9461 = VERTEX_POINT ( 'NONE', #5126 ) ;
#9462 = ORIENTED_EDGE ( 'NONE', *, *, #8604, .F. ) ;
#9463 = CARTESIAN_POINT ( 'NONE',  ( -11.17999999999999800, -8.000000000000000000, -14.12000000000000300 ) ) ;
#9464 = VECTOR ( 'NONE', #7065, 1000.000000000000000 ) ;
#9465 = DIRECTION ( 'NONE',  ( 0.0000000000000000000, 0.0000000000000000000, -1.000000000000000000 ) ) ;
#9466 = CARTESIAN_POINT ( 'NONE',  ( 21.09000000000000300, 1.300000000000000000, -13.52000000000000300 ) ) ;
#9467 = LINE ( 'NONE', #4620, #5267 ) ;
#9468 = EDGE_CURVE ( 'NONE', #7528, #7345, #4952, .T. ) ;
#9469 = CARTESIAN_POINT ( 'NONE',  ( -25.50000000000000700, 1.700000000000000000, -5.319999999999996700 ) ) ;
#9470 = VERTEX_POINT ( 'NONE', #2177 ) ;
#9471 = CARTESIAN_POINT ( 'NONE',  ( 4.310000000000004900, 1.000000000000000000, -13.52000000000000300 ) ) ;
#9472 = PLANE ( 'NONE',  #4717 ) ;
#9473 = ORIENTED_EDGE ( 'NONE', *, *, #10018, .T. ) ;
#9474 = VECTOR ( 'NONE', #4578, 1000.000000000000000 ) ;
#9475 = DIRECTION ( 'NONE',  ( 0.0000000000000000000, -1.000000000000000000, 4.336808689942017700E-015 ) ) ;
#9476 = DIRECTION ( 'NONE',  ( 6.195440985631462200E-016, 0.0000000000000000000, -1.000000000000000000 ) ) ;
#9477 = LINE ( 'NONE', #4970, #6975 ) ;
#9478 = CARTESIAN_POINT ( 'NONE',  ( -22.09000000000000000, 1.300000000000000000, -13.52000000000000300 ) ) ;
#9479 = ORIENTED_EDGE ( 'NONE', *, *, #7273, .F. ) ;
#9480 = EDGE_CURVE ( 'NONE', #5187, #5583, #6410, .T. ) ;
#9481 = ORIENTED_EDGE ( 'NONE', *, *, #5193, .F. ) ;
#9482 = PLANE ( 'NONE',  #7748 ) ;
#9483 = ORIENTED_EDGE ( 'NONE', *, *, #5537, .F. ) ;
#9484 = CARTESIAN_POINT ( 'NONE',  ( -25.50000000000000700, 1.700000000000000000, 9.180000000000003300 ) ) ;
#9485 = SURFACE_STYLE_FILL_AREA ( #6423 ) ;
#9486 = ADVANCED_FACE ( 'NONE', ( #2262 ), #5912, .T. ) ;
#9487 = LINE ( 'NONE', #7403, #5031 ) ;
#9488 = CARTESIAN_POINT ( 'NONE',  ( 27.49999999999999600, 1.800000000000000000, 10.68000000000000000 ) ) ;
#9489 = VERTEX_POINT ( 'NONE', #582 ) ;
#9490 = ORIENTED_EDGE ( 'NONE', *, *, #3598, .F. ) ;
#9491 = ORIENTED_EDGE ( 'NONE', *, *, #6553, .T. ) ;
#9492 = DIRECTION ( 'NONE',  ( -0.0000000000000000000, -0.0000000000000000000, 1.000000000000000000 ) ) ;
#9493 = CARTESIAN_POINT ( 'NONE',  ( -16.00999999999999800, 0.2000000000000000100, -14.12000000000000100 ) ) ;
#9494 = CARTESIAN_POINT ( 'NONE',  ( 16.26000000000000500, 0.0000000000000000000, 0.0000000000000000000 ) ) ;
#9495 = VERTEX_POINT ( 'NONE', #5402 ) ;
#9496 = EDGE_CURVE ( 'NONE', #5915, #8938, #5074, .T. ) ;
#9497 = LINE ( 'NONE', #6761, #8492 ) ;
#9498 = ADVANCED_FACE ( 'NONE', ( #6297 ), #7658, .F. ) ;
#9499 = VERTEX_POINT ( 'NONE', #6903 ) ;
#9500 = CARTESIAN_POINT ( 'NONE',  ( 6.850000000000002300, 0.0000000000000000000, 0.0000000000000000000 ) ) ;
#9501 = ORIENTED_EDGE ( 'NONE', *, *, #9126, .F. ) ;
#9502 = DIRECTION ( 'NONE',  ( 0.0000000000000000000, -0.0000000000000000000, 1.000000000000000000 ) ) ;
#9503 = CARTESIAN_POINT ( 'NONE',  ( -1.769999999999997400, 1.300000000000000000, -13.52000000000000300 ) ) ;
#9504 = VERTEX_POINT ( 'NONE', #4328 ) ;
#9505 = DIRECTION ( 'NONE',  ( 0.0000000000000000000, -1.000000000000000000, 4.336808689942017700E-015 ) ) ;
#9506 = DIRECTION ( 'NONE',  ( -0.0000000000000000000, 1.000000000000000000, -0.0000000000000000000 ) ) ;
#9507 = PLANE ( 'NONE',  #7536 ) ;
#9508 = CARTESIAN_POINT ( 'NONE',  ( 6.600000000000001400, 1.300000000000000000, -14.12000000000000300 ) ) ;
#9509 = EDGE_CURVE ( 'NONE', #1580, #3700, #1389, .T. ) ;
#9510 = DIRECTION ( 'NONE',  ( -1.000000000000000000, -0.0000000000000000000, -0.0000000000000000000 ) ) ;
#9511 = ORIENTED_EDGE ( 'NONE', *, *, #9916, .F. ) ;
#9512 = ORIENTED_EDGE ( 'NONE', *, *, #6762, .F. ) ;
#9513 = DIRECTION ( 'NONE',  ( 1.000000000000000000, -0.0000000000000000000, 0.0000000000000000000 ) ) ;
#9514 = CARTESIAN_POINT ( 'NONE',  ( -6.099999999999997900, -8.000000000000000000, -14.12000000000000300 ) ) ;
#9515 = EDGE_CURVE ( 'NONE', #1059, #563, #6790, .T. ) ;
#9516 = PLANE ( 'NONE',  #5314 ) ;
#9517 = AXIS2_PLACEMENT_3D ( 'NONE', #8785, #4035, #4093 ) ;
#9518 = EDGE_LOOP ( 'NONE', ( #6140, #492, #6354, #3514 ) ) ;
#9519 = VECTOR ( 'NONE', #6734, 1000.000000000000000 ) ;
#9520 = CARTESIAN_POINT ( 'NONE',  ( -19.54999999999999700, 1.000000000000000000, -13.82000000000000200 ) ) ;
#9521 =( LENGTH_UNIT ( ) NAMED_UNIT ( * ) SI_UNIT ( .MILLI., .METRE. ) );
#9522 = DIRECTION ( 'NONE',  ( -1.000000000000000000, -0.0000000000000000000, -0.0000000000000000000 ) ) ;
#9523 = DIRECTION ( 'NONE',  ( -1.000000000000000000, -0.0000000000000000000, -0.0000000000000000000 ) ) ;
#9524 = CARTESIAN_POINT ( 'NONE',  ( 21.84000000000000700, 1.300000000000000000, 14.12000000000000300 ) ) ;
#9525 = VECTOR ( 'NONE', #8948, 1000.000000000000000 ) ;
#9526 = ORIENTED_EDGE ( 'NONE', *, *, #8660, .F. ) ;
#9527 = CARTESIAN_POINT ( 'NONE',  ( 24.08999999999999300, 1.800000000000000000, 7.934999999999997800 ) ) ;
#9528 = PLANE ( 'NONE',  #1979 ) ;
#9529 = DIRECTION ( 'NONE',  ( 0.0000000000000000000, 0.0000000000000000000, -1.000000000000000000 ) ) ;
#9530 = VECTOR ( 'NONE', #9492, 1000.000000000000000 ) ;
#9531 = PLANE ( 'NONE',  #5951 ) ;
#9532 = ADVANCED_FACE ( 'NONE', ( #2892 ), #7694, .F. ) ;
#9533 = DIRECTION ( 'NONE',  ( 0.0000000000000000000, 0.0000000000000000000, -1.000000000000000000 ) ) ;
#9534 = CARTESIAN_POINT ( 'NONE',  ( -16.75999999999999800, -8.000000000000000000, -14.12000000000000300 ) ) ;
#9535 = VERTEX_POINT ( 'NONE', #3819 ) ;
#9536 = EDGE_CURVE ( 'NONE', #7289, #3273, #10038, .T. ) ;
#9537 = FACE_OUTER_BOUND ( 'NONE', #4138, .T. ) ;
#9538 = AXIS2_PLACEMENT_3D ( 'NONE', #3452, #8148, #360 ) ;
#9539 = VECTOR ( 'NONE', #6977, 1000.000000000000000 ) ;
#9540 = CARTESIAN_POINT ( 'NONE',  ( 11.93000000000000300, 0.2000000000000000100, -14.12000000000000100 ) ) ;
#9541 = CARTESIAN_POINT ( 'NONE',  ( -6.099999999999997900, 0.2000000000000005100, -13.82000000000000200 ) ) ;
#9542 = VECTOR ( 'NONE', #9382, 1000.000000000000000 ) ;
#9543 = DIRECTION ( 'NONE',  ( 0.0000000000000000000, 0.0000000000000000000, -1.000000000000000000 ) ) ;
#9544 = LINE ( 'NONE', #5190, #7665 ) ;
#9545 = PLANE ( 'NONE',  #8717 ) ;
#9546 = VECTOR ( 'NONE', #6645, 1000.000000000000000 ) ;
#9547 = AXIS2_PLACEMENT_3D ( 'NONE', #10065, #4488, #7616 ) ;
#9548 = FACE_OUTER_BOUND ( 'NONE', #3755, .T. ) ;
#9549 = CARTESIAN_POINT ( 'NONE',  ( 23.88000000000000600, 0.2000000000000000100, -13.81999999999999900 ) ) ;
#9550 = FACE_BOUND ( 'NONE', #7311, .T. ) ;
#9551 = DIRECTION ( 'NONE',  ( 0.0000000000000000000, 1.000000000000000000, -1.577021341797097600E-015 ) ) ;
#9552 = AXIS2_PLACEMENT_3D ( 'NONE', #418, #5867, #2838 ) ;
#9553 = LINE ( 'NONE', #528, #8178 ) ;
#9554 = CARTESIAN_POINT ( 'NONE',  ( 24.08999999999999300, 1.800000000000000000, 7.934999999999997800 ) ) ;
#9555 = FILL_AREA_STYLE_COLOUR ( '', #9783 ) ;
#9556 = DIRECTION ( 'NONE',  ( 0.0000000000000000000, -0.0000000000000000000, -1.000000000000000000 ) ) ;
#9557 = VERTEX_POINT ( 'NONE', #10114 ) ;
#9558 = VECTOR ( 'NONE', #8053, 1000.000000000000000 ) ;
#9559 = VECTOR ( 'NONE', #3778, 1000.000000000000000 ) ;
#9560 = FACE_BOUND ( 'NONE', #7125, .T. ) ;
#9561 = ORIENTED_EDGE ( 'NONE', *, *, #10242, .T. ) ;
#9562 = DIRECTION ( 'NONE',  ( 0.0000000000000000000, 1.000000000000000000, -1.577021341797097600E-015 ) ) ;
#9563 = EDGE_CURVE ( 'NONE', #5844, #5035, #4331, .T. ) ;
#9564 = CARTESIAN_POINT ( 'NONE',  ( 27.50000000000001100, 0.0000000000000000000, 0.0000000000000000000 ) ) ;
#9565 = MANIFOLD_SOLID_BREP ( 'LPattern1[21]', #2583 ) ;
#9566 = ORIENTED_EDGE ( 'NONE', *, *, #2620, .F. ) ;
#9567 = VECTOR ( 'NONE', #8797, 1000.000000000000000 ) ;
#9568 = ORIENTED_EDGE ( 'NONE', *, *, #2323, .T. ) ;
#9569 = CARTESIAN_POINT ( 'NONE',  ( -24.09000000000000700, 1.800000000000000000, -4.074999999999995700 ) ) ;
#9570 = VECTOR ( 'NONE', #3399, 1000.000000000000000 ) ;
#9571 = LINE ( 'NONE', #1158, #674 ) ;
#9572 = ORIENTED_EDGE ( 'NONE', *, *, #5582, .F. ) ;
#9573 = DIRECTION ( 'NONE',  ( 0.0000000000000000000, 0.0000000000000000000, -1.000000000000000000 ) ) ;
#9574 = EDGE_CURVE ( 'NONE', #6616, #787, #5325, .T. ) ;
#9575 = ORIENTED_EDGE ( 'NONE', *, *, #3659, .F. ) ;
#9576 = ORIENTED_EDGE ( 'NONE', *, *, #6246, .F. ) ;
#9577 = EDGE_CURVE ( 'NONE', #5594, #5497, #260, .T. ) ;
#9578 = PLANE ( 'NONE',  #9078 ) ;
#9579 = ORIENTED_EDGE ( 'NONE', *, *, #3362, .F. ) ;
#9580 = ORIENTED_EDGE ( 'NONE', *, *, #161, .F. ) ;
#9581 = ORIENTED_EDGE ( 'NONE', *, *, #2715, .T. ) ;
#9582 = VECTOR ( 'NONE', #7135, 1000.000000000000000 ) ;
#9583 = FACE_OUTER_BOUND ( 'NONE', #8880, .T. ) ;
#9584 = EDGE_LOOP ( 'NONE', ( #3911, #8852, #9451, #1943 ) ) ;
#9585 = CARTESIAN_POINT ( 'NONE',  ( 11.68000000000000300, 1.000000000000000000, -13.82000000000000200 ) ) ;
#9586 = VECTOR ( 'NONE', #2862, 1000.000000000000000 ) ;
#9587 = ADVANCED_FACE ( 'NONE', ( #2764 ), #7867, .F. ) ;
#9588 = LINE ( 'NONE', #1210, #2818 ) ;
#9589 = VERTEX_POINT ( 'NONE', #4678 ) ;
#9590 = MECHANICAL_DESIGN_GEOMETRIC_PRESENTATION_REPRESENTATION (  '', ( #9038 ), #3959 ) ;
#9591 = VERTEX_POINT ( 'NONE', #5559 ) ;
#9592 = EDGE_LOOP ( 'NONE', ( #6228, #10155, #8123, #7620 ) ) ;
#9593 = VERTEX_POINT ( 'NONE', #7034 ) ;
#9594 = DIRECTION ( 'NONE',  ( 0.0000000000000000000, 0.0000000000000000000, -1.000000000000000000 ) ) ;
#9595 = LINE ( 'NONE', #83, #7461 ) ;
#9596 = DIRECTION ( 'NONE',  ( 0.0000000000000000000, 0.0000000000000000000, -1.000000000000000000 ) ) ;
#9597 = DIRECTION ( 'NONE',  ( -0.0000000000000000000, -1.000000000000000000, -0.0000000000000000000 ) ) ;
#9598 = CARTESIAN_POINT ( 'NONE',  ( -16.25999999999999800, 1.300000000000000000, -14.12000000000000300 ) ) ;
#9599 = CARTESIAN_POINT ( 'NONE',  ( 21.84000000000000700, -8.000000000000000000, -14.12000000000000300 ) ) ;
#9600 = FACE_OUTER_BOUND ( 'NONE', #9627, .T. ) ;
#9601 = ORIENTED_EDGE ( 'NONE', *, *, #1138, .F. ) ;
#9602 = CARTESIAN_POINT ( 'NONE',  ( -11.17999999999999800, -8.000000000000000000, -14.12000000000000300 ) ) ;
#9603 = LINE ( 'NONE', #6844, #6247 ) ;
#9604 = CARTESIAN_POINT ( 'NONE',  ( -8.639999999999998800, 1.000000000000000000, -13.52000000000000300 ) ) ;
#9605 = EDGE_CURVE ( 'NONE', #4379, #9007, #7652, .T. ) ;
#9606 = DIRECTION ( 'NONE',  ( 1.000000000000000000, 0.0000000000000000000, 0.0000000000000000000 ) ) ;
#9607 = LINE ( 'NONE', #9129, #594 ) ;
#9608 = CARTESIAN_POINT ( 'NONE',  ( -21.08999999999999600, 0.2000000000000000900, 14.12000000000000100 ) ) ;
#9609 = ORIENTED_EDGE ( 'NONE', *, *, #8971, .F. ) ;
#9610 = ORIENTED_EDGE ( 'NONE', *, *, #1845, .T. ) ;
#9611 = ADVANCED_FACE ( 'NONE', ( #3721 ), #3985, .T. ) ;
#9612 = ORIENTED_EDGE ( 'NONE', *, *, #3950, .T. ) ;
#9613 = DIRECTION ( 'NONE',  ( 1.000000000000000000, 0.0000000000000000000, -0.0000000000000000000 ) ) ;
#9614 = LINE ( 'NONE', #532, #3805 ) ;
#9615 = CARTESIAN_POINT ( 'NONE',  ( 11.93000000000000300, 1.300000000000000000, -13.52000000000000300 ) ) ;
#9616 = DIRECTION ( 'NONE',  ( 1.000000000000000000, 0.0000000000000000000, 0.0000000000000000000 ) ) ;
#9617 = EDGE_CURVE ( 'NONE', #9872, #179, #9272, .T. ) ;
#9618 = ORIENTED_EDGE ( 'NONE', *, *, #7912, .F. ) ;
#9619 = CLOSED_SHELL ( 'NONE', ( #2925, #4208, #8162, #1617, #5602, #3678, #9906, #9657, #3599, #773, #5434, #3943 ) ) ;
#9620 = EDGE_LOOP ( 'NONE', ( #744, #4747, #4496, #8900 ) ) ;
#9621 =( GEOMETRIC_REPRESENTATION_CONTEXT ( 3 ) GLOBAL_UNCERTAINTY_ASSIGNED_CONTEXT ( ( #1738 ) ) GLOBAL_UNIT_ASSIGNED_CONTEXT ( ( #9521, #8034, #221 ) ) REPRESENTATION_CONTEXT ( 'NONE', 'WORKASPACE' ) );
#9622 = DIRECTION ( 'NONE',  ( -0.0000000000000000000, 1.000000000000000000, -0.0000000000000000000 ) ) ;
#9623 = CARTESIAN_POINT ( 'NONE',  ( 21.84000000000000700, 0.2000000000000005100, 13.82000000000000200 ) ) ;
#9624 = CARTESIAN_POINT ( 'NONE',  ( 27.50000000000001100, 0.2500000000000003300, 3.429999999999999300 ) ) ;
#9625 = CARTESIAN_POINT ( 'NONE',  ( -18.54999999999999700, 1.300000000000000000, -13.52000000000000300 ) ) ;
#9627 = EDGE_LOOP ( 'NONE', ( #10179, #6379, #1964, #8855 ) ) ;
#9626 = CARTESIAN_POINT ( 'NONE',  ( 14.22000000000000400, -8.000000000000000000, -13.82000000000000200 ) ) ;
#9628 = CARTESIAN_POINT ( 'NONE',  ( 25.49999999999998900, 1.800000000000000000, 9.180000000000003300 ) ) ;
#9629 = EDGE_CURVE ( 'NONE', #7923, #5834, #7156, .T. ) ;
#9630 = ORIENTED_EDGE ( 'NONE', *, *, #8570, .T. ) ;
#9631 = PLANE ( 'NONE',  #2196 ) ;
#9632 = ORIENTED_EDGE ( 'NONE', *, *, #5452, .T. ) ;
#9633 = CARTESIAN_POINT ( 'NONE',  ( 13.72000000000000200, 0.2000000000000000100, -14.12000000000000100 ) ) ;
#9634 = DIRECTION ( 'NONE',  ( 0.0000000000000000000, -0.0000000000000000000, 1.000000000000000000 ) ) ;
#9635 = ADVANCED_FACE ( 'NONE', ( #6911 ), #7794, .F. ) ;
#9636 = ORIENTED_EDGE ( 'NONE', *, *, #2445, .T. ) ;
#9637 = CARTESIAN_POINT ( 'NONE',  ( 25.49999999999998900, 1.700000000000000000, 9.180000000000003300 ) ) ;
#9638 = EDGE_CURVE ( 'NONE', #1928, #3589, #640, .T. ) ;
#9639 = ORIENTED_EDGE ( 'NONE', *, *, #8937, .F. ) ;
#9640 = CARTESIAN_POINT ( 'NONE',  ( -0.7699999999999963500, 1.300000000000000000, -13.52000000000000300 ) ) ;
#9641 = DIRECTION ( 'NONE',  ( 0.0000000000000000000, 0.0000000000000000000, -1.000000000000000000 ) ) ;
#9642 = EDGE_CURVE ( 'NONE', #4777, #427, #10154, .T. ) ;
#9643 = ORIENTED_EDGE ( 'NONE', *, *, #5659, .T. ) ;
#9644 = DIRECTION ( 'NONE',  ( 0.0000000000000000000, -1.000000000000000000, 0.0000000000000000000 ) ) ;
#9645 = VECTOR ( 'NONE', #6785, 1000.000000000000000 ) ;
#9646 = DIRECTION ( 'NONE',  ( -1.000000000000000000, -0.0000000000000000000, -0.0000000000000000000 ) ) ;
#9647 = DIRECTION ( 'NONE',  ( -0.0000000000000000000, 1.000000000000000000, -0.0000000000000000000 ) ) ;
#9648 = EDGE_LOOP ( 'NONE', ( #6043, #8587, #4510, #1818, #7940, #1500, #3906, #2927 ) ) ;
#9649 = AXIS2_PLACEMENT_3D ( 'NONE', #3451, #9762, #6450 ) ;
#9650 = AXIS2_PLACEMENT_3D ( 'NONE', #6047, #5296, #1994 ) ;
#9651 = DIRECTION ( 'NONE',  ( 0.0000000000000000000, 1.000000000000000000, -1.577021341797097600E-015 ) ) ;
#9652 = DIRECTION ( 'NONE',  ( 0.0000000000000000000, -1.000000000000000000, 0.0000000000000000000 ) ) ;
#9653 = CARTESIAN_POINT ( 'NONE',  ( -21.08999999999999600, 0.2000000000000000100, -13.81999999999999900 ) ) ;
#9654 = ORIENTED_EDGE ( 'NONE', *, *, #9717, .F. ) ;
#9655 = DIRECTION ( 'NONE',  ( 1.000000000000000000, 0.0000000000000000000, 0.0000000000000000000 ) ) ;
#9656 = CARTESIAN_POINT ( 'NONE',  ( 27.00000000000001100, 0.2000000000000000100, -7.320000000000002100 ) ) ;
#9657 = ADVANCED_FACE ( 'NONE', ( #4211 ), #8638, .F. ) ;
#9658 = DIRECTION ( 'NONE',  ( -1.000000000000000000, 0.0000000000000000000, -0.0000000000000000000 ) ) ;
#9659 = FACE_OUTER_BOUND ( 'NONE', #7487, .T. ) ;
#9660 = EDGE_CURVE ( 'NONE', #2848, #1722, #2133, .T. ) ;
#9661 =( GEOMETRIC_REPRESENTATION_CONTEXT ( 3 ) GLOBAL_UNCERTAINTY_ASSIGNED_CONTEXT ( ( #829 ) ) GLOBAL_UNIT_ASSIGNED_CONTEXT ( ( #7675, #9392, #4561 ) ) REPRESENTATION_CONTEXT ( 'NONE', 'WORKASPACE' ) );
#9662 = LINE ( 'NONE', #2564, #7402 ) ;
#9663 = CARTESIAN_POINT ( 'NONE',  ( 27.49999999999999600, 1.800000000000000000, 10.68000000000000000 ) ) ;
#9664 = ORIENTED_EDGE ( 'NONE', *, *, #7408, .F. ) ;
#9665 = VECTOR ( 'NONE', #6719, 1000.000000000000000 ) ;
#9666 = DIRECTION ( 'NONE',  ( 0.0000000000000000000, -1.000000000000000000, 0.0000000000000000000 ) ) ;
#9667 = LINE ( 'NONE', #1505, #3021 ) ;
#9668 = ORIENTED_EDGE ( 'NONE', *, *, #6188, .T. ) ;
#9669 = DIRECTION ( 'NONE',  ( 0.0000000000000000000, 0.0000000000000000000, -1.000000000000000000 ) ) ;
#9670 = VECTOR ( 'NONE', #5139, 1000.000000000000000 ) ;
#9671 = CARTESIAN_POINT ( 'NONE',  ( -25.50000000000000700, 1.700000000000000000, 9.180000000000003300 ) ) ;
#9672 = EDGE_CURVE ( 'NONE', #3571, #41, #8154, .T. ) ;
#9673 = VECTOR ( 'NONE', #2081, 1000.000000000000000 ) ;
#9674 = AXIS2_PLACEMENT_3D ( 'NONE', #6908, #1492, #8481 ) ;
#9675 = VECTOR ( 'NONE', #3576, 1000.000000000000000 ) ;
#9676 = DIRECTION ( 'NONE',  ( 0.0000000000000000000, 0.0000000000000000000, 1.000000000000000000 ) ) ;
#9677 = CARTESIAN_POINT ( 'NONE',  ( 9.140000000000002300, 1.300000000000000000, -14.12000000000000300 ) ) ;
#9678 = LINE ( 'NONE', #8198, #3382 ) ;
#9679 = LINE ( 'NONE', #8090, #5956 ) ;
#9680 = VECTOR ( 'NONE', #2835, 1000.000000000000000 ) ;
#9681 = DIRECTION ( 'NONE',  ( -1.000000000000000000, -0.0000000000000000000, -0.0000000000000000000 ) ) ;
#9682 = FACE_OUTER_BOUND ( 'NONE', #5367, .T. ) ;
#9683 = DIRECTION ( 'NONE',  ( 0.0000000000000000000, -0.0000000000000000000, 1.000000000000000000 ) ) ;
#9684 = CARTESIAN_POINT ( 'NONE',  ( 22.09000000000000700, 1.000000000000000000, -13.52000000000000300 ) ) ;
#9685 = ORIENTED_EDGE ( 'NONE', *, *, #9098, .F. ) ;
#9686 = EDGE_CURVE ( 'NONE', #4132, #8338, #8016, .T. ) ;
#9687 = ADVANCED_FACE ( 'NONE', ( #3973 ), #8028, .F. ) ;
#9688 = VECTOR ( 'NONE', #5716, 1000.000000000000000 ) ;
#9689 = AXIS2_PLACEMENT_3D ( 'NONE', #9030, #5894, #2831 ) ;
#9690 = LINE ( 'NONE', #8651, #9439 ) ;
#9691 = FACE_OUTER_BOUND ( 'NONE', #6578, .T. ) ;
#9692 = CARTESIAN_POINT ( 'NONE',  ( -24.09000000000000700, 1.700000000000000000, -4.074999999999995700 ) ) ;
#9693 = CARTESIAN_POINT ( 'NONE',  ( -11.92999999999999800, 1.000000000000000000, -13.82000000000000200 ) ) ;
#9694 = CARTESIAN_POINT ( 'NONE',  ( 28.30000000000000800, 0.2500000000000003300, 0.4299999999999991600 ) ) ;
#9695 = LINE ( 'NONE', #3964, #10189 ) ;
#9696 = ORIENTED_EDGE ( 'NONE', *, *, #8345, .T. ) ;
#9697 = MANIFOLD_SOLID_BREP ( 'LPattern1[33]', #1883 ) ;
#9698 = VERTEX_POINT ( 'NONE', #8778 ) ;
#9699 = ORIENTED_EDGE ( 'NONE', *, *, #9777, .F. ) ;
#9700 = VERTEX_POINT ( 'NONE', #7969 ) ;
#9701 = VERTEX_POINT ( 'NONE', #3340 ) ;
#9702 = VECTOR ( 'NONE', #6003, 1000.000000000000000 ) ;
#9703 = CARTESIAN_POINT ( 'NONE',  ( -5.849999999999997900, 1.300000000000000000, -13.52000000000000300 ) ) ;
#9704 = LINE ( 'NONE', #2447, #7324 ) ;
#9705 = ORIENTED_EDGE ( 'NONE', *, *, #3945, .F. ) ;
#9706 = DIRECTION ( 'NONE',  ( 0.0000000000000000000, 1.000000000000000000, 0.0000000000000000000 ) ) ;
#9707 = EDGE_CURVE ( 'NONE', #2428, #3085, #2503, .T. ) ;
#9708 = VECTOR ( 'NONE', #1851, 1000.000000000000000 ) ;
#9709 = DIRECTION ( 'NONE',  ( 1.000000000000000000, -0.0000000000000000000, 0.0000000000000000000 ) ) ;
#9710 = CARTESIAN_POINT ( 'NONE',  ( -14.46999999999999900, 1.300000000000000000, -14.12000000000000300 ) ) ;
#9711 = ORIENTED_EDGE ( 'NONE', *, *, #3439, .T. ) ;
#9712 = VERTEX_POINT ( 'NONE', #7275 ) ;
#9713 = CARTESIAN_POINT ( 'NONE',  ( 0.0000000000000000000, 1.000000000000000000, 0.0000000000000000000 ) ) ;
#9714 = CARTESIAN_POINT ( 'NONE',  ( 27.50000000000001100, 1.000000000000000000, 13.82000000000000200 ) ) ;
#9715 = ORIENTED_EDGE ( 'NONE', *, *, #9091, .F. ) ;
#9716 = ORIENTED_EDGE ( 'NONE', *, *, #5908, .T. ) ;
#9717 = EDGE_CURVE ( 'NONE', #4916, #8716, #9404, .T. ) ;
#9718 = ORIENTED_EDGE ( 'NONE', *, *, #588, .F. ) ;
#9719 = AXIS2_PLACEMENT_3D ( 'NONE', #4541, #8340, #5302 ) ;
#9720 = VECTOR ( 'NONE', #7622, 1000.000000000000000 ) ;
#9721 = ADVANCED_FACE ( 'NONE', ( #1507 ), #2589, .F. ) ;
#9722 = EDGE_CURVE ( 'NONE', #8724, #3750, #5065, .T. ) ;
#9723 = ORIENTED_EDGE ( 'NONE', *, *, #663, .T. ) ;
#9724 = VECTOR ( 'NONE', #2834, 1000.000000000000000 ) ;
#9725 = PLANE ( 'NONE',  #7167 ) ;
#9726 = ORIENTED_EDGE ( 'NONE', *, *, #3923, .F. ) ;
#9727 = PLANE ( 'NONE',  #4153 ) ;
#9728 = ORIENTED_EDGE ( 'NONE', *, *, #1346, .T. ) ;
#9729 = DIRECTION ( 'NONE',  ( -0.0000000000000000000, 1.000000000000000000, -0.0000000000000000000 ) ) ;
#9730 = FACE_OUTER_BOUND ( 'NONE', #5401, .T. ) ;
#9731 = EDGE_CURVE ( 'NONE', #8888, #8724, #504, .T. ) ;
#9732 = FILL_AREA_STYLE_COLOUR ( '', #5353 ) ;
#9733 = AXIS2_PLACEMENT_3D ( 'NONE', #2015, #5215, #7504 ) ;
#9734 = DIRECTION ( 'NONE',  ( 0.0000000000000000000, 0.0000000000000000000, 1.000000000000000000 ) ) ;
#9735 = EDGE_LOOP ( 'NONE', ( #5777, #1360, #2220, #8701 ) ) ;
#9736 = CARTESIAN_POINT ( 'NONE',  ( -16.25999999999999800, 1.000000000000000000, -13.52000000000000300 ) ) ;
#9737 = ORIENTED_EDGE ( 'NONE', *, *, #9863, .F. ) ;
#9738 = CARTESIAN_POINT ( 'NONE',  ( 23.63000000000000600, 1.300000000000000000, -13.52000000000000300 ) ) ;
#9739 = CARTESIAN_POINT ( 'NONE',  ( 24.08999999999999300, 1.700000000000000000, 7.934999999999997800 ) ) ;
#9740 = CARTESIAN_POINT ( 'NONE',  ( 21.84000000000000700, -8.000000000000000000, 13.82000000000000200 ) ) ;
#9741 = EDGE_LOOP ( 'NONE', ( #9715, #143, #4057, #5410, #7945, #470, #4577, #9847 ) ) ;
#9742 = PRESENTATION_STYLE_ASSIGNMENT (( #6087 ) ) ;
#9743 = ORIENTED_EDGE ( 'NONE', *, *, #7884, .F. ) ;
#9744 = EDGE_CURVE ( 'NONE', #8343, #1375, #3965, .T. ) ;
#9745 = ORIENTED_EDGE ( 'NONE', *, *, #3834, .F. ) ;
#9746 =( NAMED_UNIT ( * ) PLANE_ANGLE_UNIT ( ) SI_UNIT ( $, .RADIAN. ) );
#9747 = VERTEX_POINT ( 'NONE', #2514 ) ;
#9748 = CARTESIAN_POINT ( 'NONE',  ( 6.850000000000002300, 0.2000000000000000100, -13.81999999999999900 ) ) ;
#9749 = EDGE_CURVE ( 'NONE', #8738, #4175, #3842, .T. ) ;
#9750 =( GEOMETRIC_REPRESENTATION_CONTEXT ( 3 ) GLOBAL_UNCERTAINTY_ASSIGNED_CONTEXT ( ( #2495 ) ) GLOBAL_UNIT_ASSIGNED_CONTEXT ( ( #6422, #9746, #2499 ) ) REPRESENTATION_CONTEXT ( 'NONE', 'WORKASPACE' ) );
#9751 = ADVANCED_FACE ( 'NONE', ( #8142 ), #987, .F. ) ;
#9752 = LINE ( 'NONE', #8275, #1227 ) ;
#9753 = CARTESIAN_POINT ( 'NONE',  ( -3.309999999999996900, 0.2000000000000000100, -14.12000000000000100 ) ) ;
#9754 = CARTESIAN_POINT ( 'NONE',  ( 3.560000000000004100, -8.000000000000000000, -13.82000000000000200 ) ) ;
#9755 = ORIENTED_EDGE ( 'NONE', *, *, #8753, .T. ) ;
#9756 = CARTESIAN_POINT ( 'NONE',  ( 17.01000000000000500, 1.300000000000000000, -13.52000000000000300 ) ) ;
#9757 = ORIENTED_EDGE ( 'NONE', *, *, #8054, .F. ) ;
#9758 = EDGE_CURVE ( 'NONE', #3048, #2062, #3714, .T. ) ;
#9759 = DIRECTION ( 'NONE',  ( -0.0000000000000000000, 1.000000000000000000, 0.0000000000000000000 ) ) ;
#9760 = AXIS2_PLACEMENT_3D ( 'NONE', #4652, #10182, #5373 ) ;
#9761 = ORIENTED_EDGE ( 'NONE', *, *, #9744, .T. ) ;
#9762 = DIRECTION ( 'NONE',  ( 1.000000000000000000, -0.0000000000000000000, 0.0000000000000000000 ) ) ;
#9763 = DIRECTION ( 'NONE',  ( 0.0000000000000000000, -0.0000000000000000000, 1.000000000000000000 ) ) ;
#9764 = CARTESIAN_POINT ( 'NONE',  ( 19.55000000000000400, 0.2000000000000000100, -14.12000000000000100 ) ) ;
#9765 = DIRECTION ( 'NONE',  ( 1.000000000000000000, 0.0000000000000000000, 0.0000000000000000000 ) ) ;
#9766 = DIRECTION ( 'NONE',  ( 0.0000000000000000000, 0.0000000000000000000, -1.000000000000000000 ) ) ;
#9767 = ADVANCED_FACE ( 'NONE', ( #9014 ), #9545, .T. ) ;
#9768 = EDGE_CURVE ( 'NONE', #6875, #8996, #1758, .T. ) ;
#9769 = ORIENTED_EDGE ( 'NONE', *, *, #9744, .F. ) ;
#9770 = DIRECTION ( 'NONE',  ( 1.000000000000000000, 0.0000000000000000000, 0.0000000000000000000 ) ) ;
#9771 = EDGE_CURVE ( 'NONE', #3645, #72, #1625, .T. ) ;
#9772 = EDGE_LOOP ( 'NONE', ( #3207, #5121, #5477, #2174, #8708, #1132 ) ) ;
#9773 = DIRECTION ( 'NONE',  ( 0.0000000000000000000, 1.000000000000000000, 0.0000000000000000000 ) ) ;
#9774 = EDGE_CURVE ( 'NONE', #7345, #7698, #3359, .T. ) ;
#9775 = AXIS2_PLACEMENT_3D ( 'NONE', #3892, #3146, #7009 ) ;
#9776 = CARTESIAN_POINT ( 'NONE',  ( 21.34000000000000300, -8.000000000000000000, 14.12000000000000300 ) ) ;
#9777 = EDGE_CURVE ( 'NONE', #9266, #8113, #2123, .T. ) ;
#9778 = PLANE ( 'NONE',  #4327 ) ;
#9779 = DIRECTION ( 'NONE',  ( 1.000000000000000000, 0.0000000000000000000, 0.0000000000000000000 ) ) ;
#9780 = ORIENTED_EDGE ( 'NONE', *, *, #2476, .T. ) ;
#9781 = EDGE_CURVE ( 'NONE', #7607, #9461, #9914, .T. ) ;
#9782 = DIRECTION ( 'NONE',  ( 0.0000000000000000000, 0.0000000000000000000, -1.000000000000000000 ) ) ;
#9783 = COLOUR_RGB ( '',0.7921568627450980000, 0.8196078431372548800, 0.9333333333333333500 ) ;
#9784 = VECTOR ( 'NONE', #7738, 1000.000000000000000 ) ;
#9785 = ORIENTED_EDGE ( 'NONE', *, *, #6107, .F. ) ;
#9786 = DIRECTION ( 'NONE',  ( -1.000000000000000000, 0.0000000000000000000, 5.400758019853073200E-017 ) ) ;
#9787 = DIRECTION ( 'NONE',  ( 0.0000000000000000000, -0.0000000000000000000, 1.000000000000000000 ) ) ;
#9788 = PLANE ( 'NONE',  #6536 ) ;
#9789 = ADVANCED_FACE ( 'NONE', ( #2379 ), #8222, .F. ) ;
#9790 = VERTEX_POINT ( 'NONE', #3470 ) ;
#9791 = VECTOR ( 'NONE', #3053, 1000.000000000000000 ) ;
#9792 = CARTESIAN_POINT ( 'NONE',  ( -11.92999999999999800, 0.2000000000000000100, -13.81999999999999900 ) ) ;
#9793 = LINE ( 'NONE', #2596, #2512 ) ;
#9794 = DIRECTION ( 'NONE',  ( -0.0000000000000000000, -0.0000000000000000000, -1.000000000000000000 ) ) ;
#9795 = CARTESIAN_POINT ( 'NONE',  ( 19.55000000000000400, 1.300000000000000000, -13.52000000000000300 ) ) ;
#9796 = FACE_OUTER_BOUND ( 'NONE', #656, .T. ) ;
#9797 = DIRECTION ( 'NONE',  ( 0.0000000000000000000, -1.000000000000000000, 0.0000000000000000000 ) ) ;
#9798 = EDGE_CURVE ( 'NONE', #845, #2079, #8648, .T. ) ;
#9799 = LINE ( 'NONE', #3947, #394 ) ;
#9800 = FACE_OUTER_BOUND ( 'NONE', #8469, .T. ) ;
#9801 = CARTESIAN_POINT ( 'NONE',  ( -21.08999999999999600, 0.2000000000000000100, -13.81999999999999900 ) ) ;
#9802 = VECTOR ( 'NONE', #3942, 1000.000000000000000 ) ;
#9803 = CARTESIAN_POINT ( 'NONE',  ( -3.559999999999997400, -8.000000000000000000, -13.82000000000000200 ) ) ;
#9804 = FACE_OUTER_BOUND ( 'NONE', #3051, .T. ) ;
#9805 = DIRECTION ( 'NONE',  ( 0.0000000000000000000, 1.000000000000000000, 0.0000000000000000000 ) ) ;
#9806 = CARTESIAN_POINT ( 'NONE',  ( -3.559999999999997400, 1.000000000000000000, -13.52000000000000300 ) ) ;
#9807 = LINE ( 'NONE', #5245, #901 ) ;
#9808 = CARTESIAN_POINT ( 'NONE',  ( 16.76000000000000500, 1.300000000000000000, -14.12000000000000300 ) ) ;
#9809 = CARTESIAN_POINT ( 'NONE',  ( -24.37999999999999900, 1.300000000000000000, 14.12000000000000300 ) ) ;
#9810 = VECTOR ( 'NONE', #1843, 1000.000000000000000 ) ;
#9811 = LINE ( 'NONE', #5177, #665 ) ;
#9812 = EDGE_LOOP ( 'NONE', ( #721, #4497, #9568, #3096 ) ) ;
#9813 = CARTESIAN_POINT ( 'NONE',  ( -17.00999999999999800, 1.300000000000000000, -14.12000000000000300 ) ) ;
#9814 = EDGE_CURVE ( 'NONE', #481, #7868, #10268, .T. ) ;
#9815 = ADVANCED_FACE ( 'NONE', ( #2622 ), #3538, .F. ) ;
#9816 = LINE ( 'NONE', #150, #7427 ) ;
#9817 = AXIS2_PLACEMENT_3D ( 'NONE', #9981, #9190, #499 ) ;
#9818 = DIRECTION ( 'NONE',  ( -1.000000000000000000, -0.0000000000000000000, -0.0000000000000000000 ) ) ;
#9819 = VECTOR ( 'NONE', #9652, 1000.000000000000000 ) ;
#9820 = ORIENTED_EDGE ( 'NONE', *, *, #161, .T. ) ;
#9821 = CARTESIAN_POINT ( 'NONE',  ( -23.62999999999999900, 0.2000000000000000900, 13.82000000000000200 ) ) ;
#9822 = VECTOR ( 'NONE', #2730, 1000.000000000000000 ) ;
#9823 = CARTESIAN_POINT ( 'NONE',  ( 8.640000000000002300, 0.2000000000000000100, 0.0000000000000000000 ) ) ;
#9824 = ORIENTED_EDGE ( 'NONE', *, *, #2921, .T. ) ;
#9825 = LINE ( 'NONE', #9928, #5597 ) ;
#9826 = LINE ( 'NONE', #2802, #3888 ) ;
#9827 =( LENGTH_UNIT ( ) NAMED_UNIT ( * ) SI_UNIT ( .MILLI., .METRE. ) );
#9828 = DIRECTION ( 'NONE',  ( -0.0000000000000000000, 1.000000000000000000, 0.0000000000000000000 ) ) ;
#9829 = DIRECTION ( 'NONE',  ( -0.0000000000000000000, -0.0000000000000000000, 1.000000000000000000 ) ) ;
#9830 = EDGE_CURVE ( 'NONE', #2485, #5583, #6781, .T. ) ;
#9831 = FACE_OUTER_BOUND ( 'NONE', #6956, .T. ) ;
#9832 = EDGE_LOOP ( 'NONE', ( #4213, #8657, #2441, #9755 ) ) ;
#9833 = UNCERTAINTY_MEASURE_WITH_UNIT (LENGTH_MEASURE( 1.000000000000000100E-005 ), #9270, 'distance_accuracy_value', 'NONE');
#9834 = VERTEX_POINT ( 'NONE', #2704 ) ;
#9835 = CARTESIAN_POINT ( 'NONE',  ( -21.33999999999999600, 0.2000000000000005100, 13.82000000000000200 ) ) ;
#9836 = VERTEX_POINT ( 'NONE', #1204 ) ;
#9837 = ORIENTED_EDGE ( 'NONE', *, *, #479, .F. ) ;
#9838 = CARTESIAN_POINT ( 'NONE',  ( 1.520000000000004000, -8.000000000000000000, -13.82000000000000200 ) ) ;
#9839 = VECTOR ( 'NONE', #10205, 1000.000000000000000 ) ;
#9840 = AXIS2_PLACEMENT_3D ( 'NONE', #9251, #3025, #10003 ) ;
#9841 = LINE ( 'NONE', #7029, #4512 ) ;
#9842 = ORIENTED_EDGE ( 'NONE', *, *, #4460, .T. ) ;
#9843 = CARTESIAN_POINT ( 'NONE',  ( 19.30000000000000400, 1.000000000000000000, -13.82000000000000200 ) ) ;
#9844 =( NAMED_UNIT ( * ) SI_UNIT ( $, .STERADIAN. ) SOLID_ANGLE_UNIT ( ) );
#9845 = FACE_OUTER_BOUND ( 'NONE', #3824, .T. ) ;
#9846 = VECTOR ( 'NONE', #2744, 1000.000000000000000 ) ;
#9847 = ORIENTED_EDGE ( 'NONE', *, *, #1107, .T. ) ;
#9848 = EDGE_CURVE ( 'NONE', #7203, #6219, #5203, .T. ) ;
#9849 = PLANE ( 'NONE',  #3125 ) ;
#9850 = EDGE_LOOP ( 'NONE', ( #5672, #8706, #8375, #6747, #3827, #6325, #944, #554 ) ) ;
#9851 = ORIENTED_EDGE ( 'NONE', *, *, #3923, .T. ) ;
#9852 = PRESENTATION_STYLE_ASSIGNMENT (( #9453 ) ) ;
#9853 = CARTESIAN_POINT ( 'NONE',  ( -6.099999999999997900, -8.000000000000000000, -13.82000000000000200 ) ) ;
#9854 = EDGE_CURVE ( 'NONE', #1275, #4140, #752, .T. ) ;
#9855 = DIRECTION ( 'NONE',  ( -0.0000000000000000000, 0.0000000000000000000, 1.000000000000000000 ) ) ;
#9856 = DIRECTION ( 'NONE',  ( 0.0000000000000000000, 0.0000000000000000000, -1.000000000000000000 ) ) ;
#9857 = ADVANCED_FACE ( 'NONE', ( #9147 ), #6679, .T. ) ;
#9858 = CARTESIAN_POINT ( 'NONE',  ( 10.93000000000000100, 1.300000000000000000, -14.12000000000000300 ) ) ;
#9859 = PLANE ( 'NONE',  #2725 ) ;
#9860 = LINE ( 'NONE', #379, #7720 ) ;
#9861 = CARTESIAN_POINT ( 'NONE',  ( 23.63000000000000600, 1.300000000000000000, 13.52000000000000300 ) ) ;
#9862 = ORIENTED_EDGE ( 'NONE', *, *, #2971, .T. ) ;
#9863 = EDGE_CURVE ( 'NONE', #5583, #5022, #7774, .T. ) ;
#9864 = AXIS2_PLACEMENT_3D ( 'NONE', #1264, #1988, #4421 ) ;
#9865 = ORIENTED_EDGE ( 'NONE', *, *, #9480, .F. ) ;
#9866 = DIRECTION ( 'NONE',  ( -1.000000000000000000, -0.0000000000000000000, -0.0000000000000000000 ) ) ;
#9867 = CARTESIAN_POINT ( 'NONE',  ( -24.62999999999999900, 1.300000000000000000, 13.52000000000000300 ) ) ;
#9868 = LINE ( 'NONE', #71, #9351 ) ;
#9869 = ORIENTED_EDGE ( 'NONE', *, *, #4988, .F. ) ;
#9870 = DIRECTION ( 'NONE',  ( 0.0000000000000000000, 0.0000000000000000000, -1.000000000000000000 ) ) ;
#9871 = PLANE ( 'NONE',  #3631 ) ;
#9872 = VERTEX_POINT ( 'NONE', #1963 ) ;
#9873 = CARTESIAN_POINT ( 'NONE',  ( 21.09000000000000300, 0.2000000000000000100, -13.81999999999999900 ) ) ;
#9874 = DIRECTION ( 'NONE',  ( -0.0000000000000000000, -0.0000000000000000000, -1.000000000000000000 ) ) ;
#9875 = EDGE_LOOP ( 'NONE', ( #2229, #7955, #4756, #3759, #6602, #5525 ) ) ;
#9876 = VERTEX_POINT ( 'NONE', #8266 ) ;
#9877 = VECTOR ( 'NONE', #9130, 1000.000000000000000 ) ;
#9878 = ORIENTED_EDGE ( 'NONE', *, *, #8347, .T. ) ;
#9879 = LINE ( 'NONE', #4124, #1091 ) ;
#9880 = PLANE ( 'NONE',  #5372 ) ;
#9881 = PLANE ( 'NONE',  #4022 ) ;
#9882 = CARTESIAN_POINT ( 'NONE',  ( 23.88000000000000600, -8.000000000000000000, -13.82000000000000200 ) ) ;
#9884 = VERTEX_POINT ( 'NONE', #9873 ) ;
#9883 = DIRECTION ( 'NONE',  ( 0.0000000000000000000, -1.000000000000000000, 0.0000000000000000000 ) ) ;
#9885 = ADVANCED_FACE ( 'NONE', ( #252 ), #5077, .F. ) ;
#9886 = ORIENTED_EDGE ( 'NONE', *, *, #1455, .T. ) ;
#9887 = VERTEX_POINT ( 'NONE', #4320 ) ;
#9888 = LINE ( 'NONE', #4579, #8997 ) ;
#9889 = SURFACE_STYLE_USAGE ( .BOTH. , #5089 ) ;
#9890 = EDGE_CURVE ( 'NONE', #732, #4244, #5440, .T. ) ;
#9891 = ORIENTED_EDGE ( 'NONE', *, *, #5908, .F. ) ;
#9892 = DIRECTION ( 'NONE',  ( 0.0000000000000000000, 1.000000000000000000, 0.0000000000000000000 ) ) ;
#9893 = CARTESIAN_POINT ( 'NONE',  ( -1.769999999999997400, 1.300000000000000000, -13.52000000000000300 ) ) ;
#9894 = MECHANICAL_DESIGN_GEOMETRIC_PRESENTATION_REPRESENTATION (  '', ( #483 ), #1080 ) ;
#9895 = ORIENTED_EDGE ( 'NONE', *, *, #2188, .T. ) ;
#9896 = DIRECTION ( 'NONE',  ( 0.0000000000000000000, 0.0000000000000000000, -1.000000000000000000 ) ) ;
#9897 = CARTESIAN_POINT ( 'NONE',  ( 24.38000000000000600, -8.000000000000000000, -14.12000000000000300 ) ) ;
#9898 = ORIENTED_EDGE ( 'NONE', *, *, #9059, .F. ) ;
#9899 = CARTESIAN_POINT ( 'NONE',  ( 11.93000000000000300, 1.000000000000000000, -13.52000000000000300 ) ) ;
#9900 = CARTESIAN_POINT ( 'NONE',  ( -16.75999999999999800, -8.000000000000000000, -13.82000000000000200 ) ) ;
#9901 = CARTESIAN_POINT ( 'NONE',  ( -21.33999999999999600, -8.000000000000000000, 13.82000000000000200 ) ) ;
#9902 = ORIENTED_EDGE ( 'NONE', *, *, #977, .T. ) ;
#9903 = SURFACE_SIDE_STYLE ('',( #1312 ) ) ;
#9904 = CARTESIAN_POINT ( 'NONE',  ( -19.29999999999999700, -8.000000000000000000, -13.82000000000000200 ) ) ;
#9906 = ADVANCED_FACE ( 'NONE', ( #6291 ), #6542, .F. ) ;
#9905 = VERTEX_POINT ( 'NONE', #5793 ) ;
#9907 = VECTOR ( 'NONE', #3381, 1000.000000000000000 ) ;
#9908 = DIRECTION ( 'NONE',  ( -1.000000000000000000, -0.0000000000000000000, -0.0000000000000000000 ) ) ;
#9909 = VERTEX_POINT ( 'NONE', #4977 ) ;
#9910 = DIRECTION ( 'NONE',  ( 0.0000000000000000000, -0.0000000000000000000, -1.000000000000000000 ) ) ;
#9911 = CARTESIAN_POINT ( 'NONE',  ( 13.72000000000000200, -8.000000000000000000, -14.12000000000000300 ) ) ;
#9912 = DIRECTION ( 'NONE',  ( -0.0000000000000000000, -1.000000000000000000, -0.0000000000000000000 ) ) ;
#9913 = EDGE_CURVE ( 'NONE', #9383, #5727, #1876, .T. ) ;
#9914 = LINE ( 'NONE', #6585, #9525 ) ;
#9915 = EDGE_LOOP ( 'NONE', ( #908, #8726, #9418, #9259 ) ) ;
#9916 = EDGE_CURVE ( 'NONE', #5915, #5399, #4700, .T. ) ;
#9917 = DIRECTION ( 'NONE',  ( -0.0000000000000000000, -0.0000000000000000000, -1.000000000000000000 ) ) ;
#9918 = CARTESIAN_POINT ( 'NONE',  ( -3.000000000000017300, 0.9499999999999999600, -10.35000000000000000 ) ) ;
#9919 = CARTESIAN_POINT ( 'NONE',  ( 1.020000000000003600, -8.000000000000000000, -14.12000000000000300 ) ) ;
#9920 = EDGE_CURVE ( 'NONE', #1244, #5147, #3474, .T. ) ;
#9921 = DIRECTION ( 'NONE',  ( -1.000000000000000000, -0.0000000000000000000, -0.0000000000000000000 ) ) ;
#9922 = LINE ( 'NONE', #2332, #10037 ) ;
#9923 = CARTESIAN_POINT ( 'NONE',  ( -1.769999999999997400, 0.2000000000000000100, -14.12000000000000100 ) ) ;
#9924 = LINE ( 'NONE', #4889, #7780 ) ;
#9925 = EDGE_LOOP ( 'NONE', ( #1862, #5161, #10032, #2417, #4280, #9236, #1440, #4365 ) ) ;
#9926 = ADVANCED_FACE ( 'NONE', ( #2255 ), #527, .F. ) ;
#9927 = VECTOR ( 'NONE', #3908, 1000.000000000000000 ) ;
#9928 = CARTESIAN_POINT ( 'NONE',  ( -3.309999999999996900, 0.2000000000000000100, -13.81999999999999900 ) ) ;
#9929 = CARTESIAN_POINT ( 'NONE',  ( -10.92999999999999600, 1.300000000000000000, -14.12000000000000300 ) ) ;
#9930 = FACE_OUTER_BOUND ( 'NONE', #5482, .T. ) ;
#9931 = PLANE ( 'NONE',  #5608 ) ;
#9932 = ORIENTED_EDGE ( 'NONE', *, *, #8658, .T. ) ;
#9933 = VECTOR ( 'NONE', #399, 1000.000000000000000 ) ;
#9934 = AXIS2_PLACEMENT_3D ( 'NONE', #1628, #6238, #1524 ) ;
#9935 = CARTESIAN_POINT ( 'NONE',  ( -13.46999999999999700, 0.2000000000000000100, -13.81999999999999900 ) ) ;
#9936 = VECTOR ( 'NONE', #5883, 1000.000000000000000 ) ;
#9937 = LINE ( 'NONE', #371, #8438 ) ;
#9938 = ORIENTED_EDGE ( 'NONE', *, *, #6735, .T. ) ;
#9939 = VECTOR ( 'NONE', #2096, 1000.000000000000000 ) ;
#9940 = DIRECTION ( 'NONE',  ( 0.0000000000000000000, -1.000000000000000000, 0.0000000000000000000 ) ) ;
#9941 = PLANE ( 'NONE',  #5788 ) ;
#9942 = CARTESIAN_POINT ( 'NONE',  ( -14.46999999999999900, 1.000000000000000000, -13.82000000000000200 ) ) ;
#9943 = EDGE_CURVE ( 'NONE', #6830, #8137, #6284, .T. ) ;
#9944 = LINE ( 'NONE', #3194, #7670 ) ;
#9945 = VERTEX_POINT ( 'NONE', #2099 ) ;
#9946 = CARTESIAN_POINT ( 'NONE',  ( 0.0000000000000000000, 0.0000000000000000000, 0.0000000000000000000 ) ) ;
#9947 = EDGE_CURVE ( 'NONE', #10112, #3889, #7769, .T. ) ;
#9948 = AXIS2_PLACEMENT_3D ( 'NONE', #7039, #1515, #3112 ) ;
#9949 = LINE ( 'NONE', #8871, #914 ) ;
#9950 = LINE ( 'NONE', #4896, #7921 ) ;
#9951 = LINE ( 'NONE', #4728, #3041 ) ;
#9952 = DIRECTION ( 'NONE',  ( 0.0000000000000000000, 0.0000000000000000000, -1.000000000000000000 ) ) ;
#9953 = ADVANCED_FACE ( 'NONE', ( #10146 ), #568, .F. ) ;
#9954 = ORIENTED_EDGE ( 'NONE', *, *, #6923, .F. ) ;
#9955 = VERTEX_POINT ( 'NONE', #10034 ) ;
#9956 = DIRECTION ( 'NONE',  ( 1.000000000000000000, -0.0000000000000000000, 0.0000000000000000000 ) ) ;
#9957 = DIRECTION ( 'NONE',  ( 0.0000000000000000000, -0.0000000000000000000, 1.000000000000000000 ) ) ;
#9958 = DIRECTION ( 'NONE',  ( 0.0000000000000000000, 0.0000000000000000000, -1.000000000000000000 ) ) ;
#9959 = ORIENTED_EDGE ( 'NONE', *, *, #3013, .T. ) ;
#9960 = ORIENTED_EDGE ( 'NONE', *, *, #5012, .F. ) ;
#9961 = EDGE_CURVE ( 'NONE', #7442, #7483, #4324, .T. ) ;
#9962 = ORIENTED_EDGE ( 'NONE', *, *, #4019, .T. ) ;
#9963 = VECTOR ( 'NONE', #1297, 1000.000000000000000 ) ;
#9964 = VERTEX_POINT ( 'NONE', #605 ) ;
#9965 = AXIS2_PLACEMENT_3D ( 'NONE', #8446, #2230, #546 ) ;
#9966 = CARTESIAN_POINT ( 'NONE',  ( -27.49999999999999600, 0.2000000000000000100, 13.82000000000000200 ) ) ;
#9967 = CARTESIAN_POINT ( 'NONE',  ( 25.49999999999998900, 1.700000000000000000, 9.180000000000003300 ) ) ;
#9968 = VERTEX_POINT ( 'NONE', #3006 ) ;
#9969 = ORIENTED_EDGE ( 'NONE', *, *, #6210, .T. ) ;
#9970 = EDGE_LOOP ( 'NONE', ( #737, #10265, #7141, #8156 ) ) ;
#9971 = ORIENTED_EDGE ( 'NONE', *, *, #6766, .T. ) ;
#9972 = CARTESIAN_POINT ( 'NONE',  ( 24.38000000000000600, -8.000000000000000000, -13.82000000000000200 ) ) ;
#9973 = DIRECTION ( 'NONE',  ( -1.000000000000000000, -0.0000000000000000000, -0.0000000000000000000 ) ) ;
#9974 = ORIENTED_EDGE ( 'NONE', *, *, #3667, .F. ) ;
#9975 = VECTOR ( 'NONE', #325, 1000.000000000000000 ) ;
#9976 = DIRECTION ( 'NONE',  ( 0.0000000000000000000, 0.0000000000000000000, -1.000000000000000000 ) ) ;
#9977 = EDGE_CURVE ( 'NONE', #3565, #2256, #3110, .T. ) ;
#9978 = EDGE_CURVE ( 'NONE', #5985, #9470, #5433, .T. ) ;
#9979 = VECTOR ( 'NONE', #7718, 1000.000000000000000 ) ;
#9980 = ORIENTED_EDGE ( 'NONE', *, *, #2612, .F. ) ;
#9981 = CARTESIAN_POINT ( 'NONE',  ( -4.059999999999997800, 0.0000000000000000000, 0.0000000000000000000 ) ) ;
#9982 = DIRECTION ( 'NONE',  ( -0.0000000000000000000, 1.000000000000000000, 0.0000000000000000000 ) ) ;
#9983 = PLANE ( 'NONE',  #9340 ) ;
#9984 = ADVANCED_FACE ( 'NONE', ( #5678 ), #9631, .T. ) ;
#9985 = EDGE_CURVE ( 'NONE', #4302, #2426, #9141, .T. ) ;
#9986 = EDGE_CURVE ( 'NONE', #5016, #8996, #123, .T. ) ;
#9987 = FACE_OUTER_BOUND ( 'NONE', #9735, .T. ) ;
#9988 = EDGE_LOOP ( 'NONE', ( #7695, #4193, #5256, #4711 ) ) ;
#9989 = ORIENTED_EDGE ( 'NONE', *, *, #168, .F. ) ;
#9990 = DIRECTION ( 'NONE',  ( 0.0000000000000000000, 0.0000000000000000000, -1.000000000000000000 ) ) ;
#9991 = EDGE_CURVE ( 'NONE', #41, #474, #497, .T. ) ;
#9992 = EDGE_LOOP ( 'NONE', ( #3431, #324, #9335, #10240 ) ) ;
#9993 = CARTESIAN_POINT ( 'NONE',  ( -9.389999999999998800, 0.2000000000000000100, -13.81999999999999900 ) ) ;
#9994 = CARTESIAN_POINT ( 'NONE',  ( -21.84000000000000000, -8.000000000000000000, -14.12000000000000300 ) ) ;
#9995 = FACE_OUTER_BOUND ( 'NONE', #2671, .T. ) ;
#9996 = CARTESIAN_POINT ( 'NONE',  ( 16.01000000000000500, 1.300000000000000000, -13.52000000000000300 ) ) ;
#9997 = CARTESIAN_POINT ( 'NONE',  ( 1.770000000000004200, 0.2000000000000000100, -13.81999999999999900 ) ) ;
#9998 = LINE ( 'NONE', #7446, #969 ) ;
#9999 = AXIS2_PLACEMENT_3D ( 'NONE', #10015, #4569, #10071 ) ;
#10000 = EDGE_LOOP ( 'NONE', ( #5270, #2732, #5125, #6532 ) ) ;
#10001 = ORIENTED_EDGE ( 'NONE', *, *, #6058, .F. ) ;
#10002 = CARTESIAN_POINT ( 'NONE',  ( 6.100000000000001400, -8.000000000000000000, -13.82000000000000200 ) ) ;
#10003 = DIRECTION ( 'NONE',  ( -1.000000000000000000, 0.0000000000000000000, -0.0000000000000000000 ) ) ;
#10004 = VECTOR ( 'NONE', #8655, 1000.000000000000000 ) ;
#10005 = DIRECTION ( 'NONE',  ( 0.0000000000000000000, 1.000000000000000000, 0.0000000000000000000 ) ) ;
#10006 = CARTESIAN_POINT ( 'NONE',  ( -27.49999999999999600, 1.000000000000000000, 10.68000000000000700 ) ) ;
#10007 = CARTESIAN_POINT ( 'NONE',  ( 24.38000000000000600, -8.000000000000000000, 13.82000000000000200 ) ) ;
#10008 = CARTESIAN_POINT ( 'NONE',  ( 11.93000000000000300, 1.000000000000000000, -13.82000000000000200 ) ) ;
#10009 = VERTEX_POINT ( 'NONE', #7259 ) ;
#10010 = ADVANCED_FACE ( 'NONE', ( #4200 ), #4065, .F. ) ;
#10011 = ORIENTED_EDGE ( 'NONE', *, *, #895, .T. ) ;
#10012 = EDGE_LOOP ( 'NONE', ( #3355, #3468, #2718, #6567 ) ) ;
#10013 = EDGE_CURVE ( 'NONE', #1580, #440, #3957, .T. ) ;
#10014 =( GEOMETRIC_REPRESENTATION_CONTEXT ( 3 ) GLOBAL_UNCERTAINTY_ASSIGNED_CONTEXT ( ( #2371 ) ) GLOBAL_UNIT_ASSIGNED_CONTEXT ( ( #4568, #10103, #703 ) ) REPRESENTATION_CONTEXT ( 'NONE', 'WORKASPACE' ) );
#10015 = CARTESIAN_POINT ( 'NONE',  ( -5.849999999999997900, 0.2000000000000000100, -13.81999999999999900 ) ) ;
#10016 = ORIENTED_EDGE ( 'NONE', *, *, #5665, .T. ) ;
#10017 = ORIENTED_EDGE ( 'NONE', *, *, #4677, .F. ) ;
#10018 = EDGE_CURVE ( 'NONE', #9007, #1117, #5791, .T. ) ;
#10019 = DIRECTION ( 'NONE',  ( 1.000000000000000000, 0.0000000000000000000, 0.0000000000000000000 ) ) ;
#10020 = DIRECTION ( 'NONE',  ( -0.0000000000000000000, -1.000000000000000000, -0.0000000000000000000 ) ) ;
#10021 = ORIENTED_EDGE ( 'NONE', *, *, #2041, .T. ) ;
#10022 = UNCERTAINTY_MEASURE_WITH_UNIT (LENGTH_MEASURE( 1.000000000000000100E-005 ), #2330, 'distance_accuracy_value', 'NONE');
#10023 = CARTESIAN_POINT ( 'NONE',  ( -6.599999999999997900, 0.0000000000000000000, 0.0000000000000000000 ) ) ;
#10024 = LINE ( 'NONE', #2465, #1997 ) ;
#10025 = DIRECTION ( 'NONE',  ( -1.000000000000000000, 0.0000000000000000000, -0.0000000000000000000 ) ) ;
#10026 = ORIENTED_EDGE ( 'NONE', *, *, #608, .F. ) ;
#10027 = ADVANCED_FACE ( 'NONE', ( #1752 ), #152, .T. ) ;
#10028 = EDGE_CURVE ( 'NONE', #7850, #1434, #6405, .T. ) ;
#10029 = CARTESIAN_POINT ( 'NONE',  ( 24.08999999999999300, 1.700000000000000000, -4.074999999999997500 ) ) ;
#10030 = VECTOR ( 'NONE', #5191, 1000.000000000000000 ) ;
#10031 = DIRECTION ( 'NONE',  ( 0.0000000000000000000, -1.000000000000000000, -1.577021341797097600E-015 ) ) ;
#10032 = ORIENTED_EDGE ( 'NONE', *, *, #2425, .T. ) ;
#10033 = DIRECTION ( 'NONE',  ( 0.0000000000000000000, -1.000000000000000000, 4.336808689942017700E-015 ) ) ;
#10034 = CARTESIAN_POINT ( 'NONE',  ( 17.01000000000000500, 1.300000000000000000, -14.12000000000000300 ) ) ;
#10035 = CARTESIAN_POINT ( 'NONE',  ( -11.17999999999999800, -8.000000000000000000, -13.82000000000000200 ) ) ;
#10036 = FILL_AREA_STYLE_COLOUR ( '', #7424 ) ;
#10037 = VECTOR ( 'NONE', #3116, 1000.000000000000000 ) ;
#10038 = LINE ( 'NONE', #6873, #9784 ) ;
#10039 = ORIENTED_EDGE ( 'NONE', *, *, #3981, .F. ) ;
#10040 = VECTOR ( 'NONE', #6773, 1000.000000000000000 ) ;
#10041 = EDGE_CURVE ( 'NONE', #9337, #2987, #1501, .T. ) ;
#10042 = CARTESIAN_POINT ( 'NONE',  ( -6.849999999999998800, 1.000000000000000000, -13.52000000000000300 ) ) ;
#10043 = VERTEX_POINT ( 'NONE', #8861 ) ;
#10044 = VECTOR ( 'NONE', #5407, 1000.000000000000000 ) ;
#10045 = EDGE_CURVE ( 'NONE', #2209, #1877, #8289, .T. ) ;
#10046 = FACE_OUTER_BOUND ( 'NONE', #4972, .T. ) ;
#10047 = DIRECTION ( 'NONE',  ( 0.0000000000000000000, -0.0000000000000000000, -1.000000000000000000 ) ) ;
#10048 = VECTOR ( 'NONE', #4188, 1000.000000000000000 ) ;
#10049 = DIRECTION ( 'NONE',  ( 1.000000000000000000, 0.0000000000000000000, 0.0000000000000000000 ) ) ;
#10050 = CARTESIAN_POINT ( 'NONE',  ( 24.38000000000000600, 1.300000000000000000, 14.12000000000000300 ) ) ;
#10051 = VECTOR ( 'NONE', #3977, 1000.000000000000000 ) ;
#10052 = FACE_OUTER_BOUND ( 'NONE', #4055, .T. ) ;
#10053 = LINE ( 'NONE', #9469, #9802 ) ;
#10054 = DIRECTION ( 'NONE',  ( 0.0000000000000000000, 0.0000000000000000000, -1.000000000000000000 ) ) ;
#10055 = LINE ( 'NONE', #420, #5093 ) ;
#10056 = CARTESIAN_POINT ( 'NONE',  ( -14.46999999999999900, 0.2000000000000000100, -13.81999999999999900 ) ) ;
#10057 = ORIENTED_EDGE ( 'NONE', *, *, #9126, .T. ) ;
#10058 = VECTOR ( 'NONE', #4836, 1000.000000000000000 ) ;
#10059 = PLANE ( 'NONE',  #6275 ) ;
#10060 = VECTOR ( 'NONE', #9562, 1000.000000000000000 ) ;
#10061 = DIRECTION ( 'NONE',  ( 0.0000000000000000000, 1.000000000000000000, 0.0000000000000000000 ) ) ;
#10062 = LINE ( 'NONE', #6702, #7922 ) ;
#10063 = ORIENTED_EDGE ( 'NONE', *, *, #736, .T. ) ;
#10064 = DIRECTION ( 'NONE',  ( 0.0000000000000000000, 0.0000000000000000000, -1.000000000000000000 ) ) ;
#10065 = CARTESIAN_POINT ( 'NONE',  ( 1.020000000000003600, 0.0000000000000000000, 0.0000000000000000000 ) ) ;
#10066 = COLOUR_RGB ( '',0.7921568627450980000, 0.8196078431372548800, 0.9333333333333333500 ) ;
#10067 = ORIENTED_EDGE ( 'NONE', *, *, #6967, .T. ) ;
#10068 = CARTESIAN_POINT ( 'NONE',  ( -16.00999999999999800, 1.300000000000000000, -14.12000000000000300 ) ) ;
#10069 = ORIENTED_EDGE ( 'NONE', *, *, #8314, .F. ) ;
#10070 = FACE_OUTER_BOUND ( 'NONE', #4571, .T. ) ;
#10071 = DIRECTION ( 'NONE',  ( 0.0000000000000000000, -0.0000000000000000000, 1.000000000000000000 ) ) ;
#10072 = ORIENTED_EDGE ( 'NONE', *, *, #6766, .F. ) ;
#10073 = ORIENTED_EDGE ( 'NONE', *, *, #7962, .T. ) ;
#10074 = CARTESIAN_POINT ( 'NONE',  ( 16.76000000000000500, -8.000000000000000000, -14.12000000000000300 ) ) ;
#10075 = DIRECTION ( 'NONE',  ( 0.0000000000000000000, -0.0000000000000000000, 1.000000000000000000 ) ) ;
#10076 = LINE ( 'NONE', #5070, #1671 ) ;
#10077 = LINE ( 'NONE', #7475, #4246 ) ;
#10078 = EDGE_CURVE ( 'NONE', #475, #521, #6175, .T. ) ;
#10079 = ADVANCED_BREP_SHAPE_REPRESENTATION ( 'EA DOGM163W-A', ( #5266, #8792, #512, #4812, #8301, #5385, #8920, #4307, #6759, #3561, #3007, #9565, #3121, #8482, #9047, #7199, #8610, #1288, #4936, #3863, #7708, #10145, #6017, #9697, #1412, #5687, #4490, #7070, #55, #3377 ), #526 ) ;
#10080 = VERTEX_POINT ( 'NONE', #998 ) ;
#10081 = VERTEX_POINT ( 'NONE', #2496 ) ;
#10082 = EDGE_LOOP ( 'NONE', ( #4155, #3896, #3917, #8679 ) ) ;
#10083 = ORIENTED_EDGE ( 'NONE', *, *, #8122, .T. ) ;
#10084 = ORIENTED_EDGE ( 'NONE', *, *, #5520, .F. ) ;
#10085 = LINE ( 'NONE', #4907, #5368 ) ;
#10086 = ORIENTED_EDGE ( 'NONE', *, *, #7912, .T. ) ;
#10087 = CARTESIAN_POINT ( 'NONE',  ( -14.46999999999999900, 0.2000000000000000100, -14.12000000000000100 ) ) ;
#10088 = CARTESIAN_POINT ( 'NONE',  ( -27.49999999999999600, 1.000000000000000000, 13.82000000000000200 ) ) ;
#10089 = CARTESIAN_POINT ( 'NONE',  ( -25.50000000000000700, 1.800000000000000000, -5.319999999999996700 ) ) ;
#10090 = VECTOR ( 'NONE', #2070, 1000.000000000000000 ) ;
#10091 = ORIENTED_EDGE ( 'NONE', *, *, #7383, .F. ) ;
#10092 = ORIENTED_EDGE ( 'NONE', *, *, #242, .T. ) ;
#10093 = ORIENTED_EDGE ( 'NONE', *, *, #885, .F. ) ;
#10094 = CARTESIAN_POINT ( 'NONE',  ( -19.54999999999999700, 0.2000000000000000100, -14.12000000000000100 ) ) ;
#10095 = DIRECTION ( 'NONE',  ( -0.0000000000000000000, -0.0000000000000000000, -1.000000000000000000 ) ) ;
#10096 = VECTOR ( 'NONE', #905, 1000.000000000000000 ) ;
#10097 = DIRECTION ( 'NONE',  ( 1.000000000000000000, 0.0000000000000000000, 0.0000000000000000000 ) ) ;
#10098 = ORIENTED_EDGE ( 'NONE', *, *, #9276, .F. ) ;
#10099 = CARTESIAN_POINT ( 'NONE',  ( -6.599999999999997900, 0.2000000000000000100, 0.0000000000000000000 ) ) ;
#10100 = CARTESIAN_POINT ( 'NONE',  ( 23.63000000000000600, 1.000000000000000000, -13.82000000000000200 ) ) ;
#10101 = VERTEX_POINT ( 'NONE', #1800 ) ;
#10102 = EDGE_CURVE ( 'NONE', #2480, #1722, #3595, .T. ) ;
#10103 =( NAMED_UNIT ( * ) PLANE_ANGLE_UNIT ( ) SI_UNIT ( $, .RADIAN. ) );
#10104 = EDGE_CURVE ( 'NONE', #1353, #6359, #10024, .T. ) ;
#10105 = PLANE ( 'NONE',  #3703 ) ;
#10106 = VECTOR ( 'NONE', #8471, 1000.000000000000000 ) ;
#10107 = DIRECTION ( 'NONE',  ( -0.0000000000000000000, 1.000000000000000000, -0.0000000000000000000 ) ) ;
#10108 = ORIENTED_EDGE ( 'NONE', *, *, #5322, .T. ) ;
#10109 = EDGE_CURVE ( 'NONE', #9964, #6589, #9393, .T. ) ;
#10110 = EDGE_LOOP ( 'NONE', ( #794, #4640, #3933, #1008 ) ) ;
#10111 = ORIENTED_EDGE ( 'NONE', *, *, #4941, .F. ) ;
#10112 = VERTEX_POINT ( 'NONE', #6392 ) ;
#10113 =( GEOMETRIC_REPRESENTATION_CONTEXT ( 3 ) GLOBAL_UNCERTAINTY_ASSIGNED_CONTEXT ( ( #6310 ) ) GLOBAL_UNIT_ASSIGNED_CONTEXT ( ( #2388, #1496, #7874 ) ) REPRESENTATION_CONTEXT ( 'NONE', 'WORKASPACE' ) );
#10114 = CARTESIAN_POINT ( 'NONE',  ( 11.93000000000000300, 1.300000000000000000, -14.12000000000000300 ) ) ;
#10115 = VECTOR ( 'NONE', #7404, 1000.000000000000000 ) ;
#10116 = EDGE_CURVE ( 'NONE', #9023, #6382, #2497, .T. ) ;
#10117 = ORIENTED_EDGE ( 'NONE', *, *, #980, .F. ) ;
#10118 = CARTESIAN_POINT ( 'NONE',  ( 27.49999999999999600, 1.800000000000000000, -6.820000000000001200 ) ) ;
#10119 = ORIENTED_EDGE ( 'NONE', *, *, #2188, .F. ) ;
#10120 = CARTESIAN_POINT ( 'NONE',  ( -23.87999999999999900, 1.000000000000000000, -13.82000000000000200 ) ) ;
#10121 = ORIENTED_EDGE ( 'NONE', *, *, #4806, .F. ) ;
#10122 = ORIENTED_EDGE ( 'NONE', *, *, #9629, .F. ) ;
#10123 = CARTESIAN_POINT ( 'NONE',  ( -23.62999999999999900, 0.2000000000000000100, -14.12000000000000100 ) ) ;
#10124 = ORIENTED_EDGE ( 'NONE', *, *, #6600, .F. ) ;
#10125 = ORIENTED_EDGE ( 'NONE', *, *, #1481, .F. ) ;
#10126 = VECTOR ( 'NONE', #6099, 1000.000000000000000 ) ;
#10127 =( GEOMETRIC_REPRESENTATION_CONTEXT ( 3 ) GLOBAL_UNCERTAINTY_ASSIGNED_CONTEXT ( ( #2695 ) ) GLOBAL_UNIT_ASSIGNED_CONTEXT ( ( #9039, #3537, #1202 ) ) REPRESENTATION_CONTEXT ( 'NONE', 'WORKASPACE' ) );
#10128 = ADVANCED_FACE ( 'NONE', ( #1262 ), #2600, .T. ) ;
#10129 = ORIENTED_EDGE ( 'NONE', *, *, #9920, .F. ) ;
#10130 = DIRECTION ( 'NONE',  ( -1.000000000000000000, -0.0000000000000000000, -0.0000000000000000000 ) ) ;
#10131 = ORIENTED_EDGE ( 'NONE', *, *, #7623, .F. ) ;
#10132 = VERTEX_POINT ( 'NONE', #289 ) ;
#10133 = CARTESIAN_POINT ( 'NONE',  ( 22.09000000000000700, 0.2000000000000000100, -13.81999999999999900 ) ) ;
#10134 = DIRECTION ( 'NONE',  ( 0.0000000000000000000, 0.0000000000000000000, -1.000000000000000000 ) ) ;
#10135 = ORIENTED_EDGE ( 'NONE', *, *, #3735, .T. ) ;
#10136 = CARTESIAN_POINT ( 'NONE',  ( 21.84000000000000700, -8.000000000000000000, 13.82000000000000200 ) ) ;
#10137 = EDGE_CURVE ( 'NONE', #2790, #6875, #8135, .T. ) ;
#10138 = AXIS2_PLACEMENT_3D ( 'NONE', #2370, #7093, #6364 ) ;
#10139 = CARTESIAN_POINT ( 'NONE',  ( 22.09000000000000700, 0.2000000000000000100, -13.81999999999999900 ) ) ;
#10140 = EDGE_LOOP ( 'NONE', ( #6116, #7443, #2162, #9377 ) ) ;
#10141 = DIRECTION ( 'NONE',  ( 1.000000000000000000, 0.0000000000000000000, 0.0000000000000000000 ) ) ;
#10142 = CARTESIAN_POINT ( 'NONE',  ( -21.08999999999999600, 1.300000000000000000, -13.52000000000000300 ) ) ;
#10143 = ORIENTED_EDGE ( 'NONE', *, *, #9774, .T. ) ;
#10144 = DIRECTION ( 'NONE',  ( -1.000000000000000000, 0.0000000000000000000, 0.0000000000000000000 ) ) ;
#10145 = MANIFOLD_SOLID_BREP ( 'LPattern1[31]', #1176 ) ;
#10146 = FACE_OUTER_BOUND ( 'NONE', #8611, .T. ) ;
#10147 = ORIENTED_EDGE ( 'NONE', *, *, #9913, .T. ) ;
#10148 = EDGE_CURVE ( 'NONE', #2263, #7457, #8770, .T. ) ;
#10149 = CARTESIAN_POINT ( 'NONE',  ( 28.30000000000000800, 0.2500000000000003300, 3.429999999999999300 ) ) ;
#10150 = CARTESIAN_POINT ( 'NONE',  ( -18.54999999999999700, 0.2000000000000000100, -14.12000000000000100 ) ) ;
#10151 = AXIS2_PLACEMENT_3D ( 'NONE', #9437, #4701, #10244 ) ;
#10152 = DIRECTION ( 'NONE',  ( -1.000000000000000000, -0.0000000000000000000, -0.0000000000000000000 ) ) ;
#10153 = DIRECTION ( 'NONE',  ( 1.000000000000000000, 0.0000000000000000000, -0.0000000000000000000 ) ) ;
#10154 = LINE ( 'NONE', #3079, #876 ) ;
#10155 = ORIENTED_EDGE ( 'NONE', *, *, #6810, .T. ) ;
#10156 = DIRECTION ( 'NONE',  ( 0.0000000000000000000, 0.0000000000000000000, -1.000000000000000000 ) ) ;
#10157 = EDGE_CURVE ( 'NONE', #4406, #6952, #4576, .T. ) ;
#10158 = CARTESIAN_POINT ( 'NONE',  ( -13.46999999999999700, 0.2000000000000000100, -14.12000000000000100 ) ) ;
#10159 = CARTESIAN_POINT ( 'NONE',  ( 23.63000000000000600, 1.300000000000000000, -14.12000000000000300 ) ) ;
#10160 = LINE ( 'NONE', #4793, #5445 ) ;
#10161 = ADVANCED_FACE ( 'NONE', ( #8518 ), #7379, .T. ) ;
#10162 = FACE_OUTER_BOUND ( 'NONE', #6740, .T. ) ;
#10163 = DIRECTION ( 'NONE',  ( 0.0000000000000000000, 0.0000000000000000000, -1.000000000000000000 ) ) ;
#10164 = ORIENTED_EDGE ( 'NONE', *, *, #238, .T. ) ;
#10165 = LINE ( 'NONE', #4627, #1885 ) ;
#10166 = CARTESIAN_POINT ( 'NONE',  ( -1.019999999999996700, 1.000000000000000000, -13.82000000000000200 ) ) ;
#10167 = CARTESIAN_POINT ( 'NONE',  ( 13.47000000000000200, 0.2000000000000000100, -13.81999999999999900 ) ) ;
#10168 = VERTEX_POINT ( 'NONE', #4225 ) ;
#10169 = EDGE_CURVE ( 'NONE', #7868, #1375, #5056, .T. ) ;
#10170 = VECTOR ( 'NONE', #2435, 1000.000000000000000 ) ;
#10171 = CARTESIAN_POINT ( 'NONE',  ( -19.29999999999999700, 1.300000000000000000, -14.12000000000000300 ) ) ;
#10172 = CARTESIAN_POINT ( 'NONE',  ( 14.47000000000000400, 0.2000000000000000100, -14.12000000000000100 ) ) ;
#10173 = ADVANCED_FACE ( 'NONE', ( #989 ), #7407, .F. ) ;
#10174 = LINE ( 'NONE', #4960, #8033 ) ;
#10175 = EDGE_CURVE ( 'NONE', #5610, #7289, #2996, .T. ) ;
#10176 = LINE ( 'NONE', #5180, #6682 ) ;
#10177 =( NAMED_UNIT ( * ) PLANE_ANGLE_UNIT ( ) SI_UNIT ( $, .RADIAN. ) );
#10178 = LINE ( 'NONE', #7281, #8043 ) ;
#10179 = ORIENTED_EDGE ( 'NONE', *, *, #1379, .T. ) ;
#10180 = CARTESIAN_POINT ( 'NONE',  ( 1.770000000000004200, 1.300000000000000000, -13.52000000000000300 ) ) ;
#10181 = FACE_OUTER_BOUND ( 'NONE', #10082, .T. ) ;
#10182 = DIRECTION ( 'NONE',  ( 0.0000000000000000000, 0.0000000000000000000, -1.000000000000000000 ) ) ;
#10183 = DIRECTION ( 'NONE',  ( 0.0000000000000000000, 0.0000000000000000000, -1.000000000000000000 ) ) ;
#10184 = FACE_OUTER_BOUND ( 'NONE', #290, .T. ) ;
#10185 = VECTOR ( 'NONE', #3092, 1000.000000000000000 ) ;
#10186 = VECTOR ( 'NONE', #1960, 1000.000000000000000 ) ;
#10187 = EDGE_LOOP ( 'NONE', ( #5614, #3927, #9331, #5588, #8257, #8585 ) ) ;
#10188 = CARTESIAN_POINT ( 'NONE',  ( 25.49999999999998900, 1.700000000000000000, 9.180000000000003300 ) ) ;
#10189 = VECTOR ( 'NONE', #4686, 1000.000000000000000 ) ;
#10190 = DIRECTION ( 'NONE',  ( -1.000000000000000000, -0.0000000000000000000, -0.0000000000000000000 ) ) ;
#10191 = CARTESIAN_POINT ( 'NONE',  ( -24.09000000000000700, 1.700000000000000000, 7.935000000000006700 ) ) ;
#10192 = EDGE_LOOP ( 'NONE', ( #4748, #6470, #3928, #9723, #5027, #1235, #6494, #8663 ) ) ;
#10193 = ORIENTED_EDGE ( 'NONE', *, *, #6757, .T. ) ;
#10194 = CARTESIAN_POINT ( 'NONE',  ( -16.75999999999999800, 0.2000000000000000100, -14.12000000000000100 ) ) ;
#10195 = EDGE_CURVE ( 'NONE', #9352, #3707, #8759, .T. ) ;
#10196 = DIRECTION ( 'NONE',  ( 1.000000000000000000, 0.0000000000000000000, 0.0000000000000000000 ) ) ;
#10197 = ORIENTED_EDGE ( 'NONE', *, *, #1280, .T. ) ;
#10198 = VERTEX_POINT ( 'NONE', #8190 ) ;
#10199 = EDGE_LOOP ( 'NONE', ( #9068, #7002, #7444, #4645 ) ) ;
#10200 = VECTOR ( 'NONE', #3679, 1000.000000000000000 ) ;
#10201 = FACE_OUTER_BOUND ( 'NONE', #2418, .T. ) ;
#10202 = ORIENTED_EDGE ( 'NONE', *, *, #9496, .F. ) ;
#10203 = DIRECTION ( 'NONE',  ( 1.000000000000000000, 0.0000000000000000000, 0.0000000000000000000 ) ) ;
#10204 = CARTESIAN_POINT ( 'NONE',  ( 25.49999999999998900, 1.700000000000000000, 9.180000000000003300 ) ) ;
#10205 = DIRECTION ( 'NONE',  ( -1.000000000000000000, -0.0000000000000000000, -0.0000000000000000000 ) ) ;
#10206 = ORIENTED_EDGE ( 'NONE', *, *, #1278, .F. ) ;
#10207 = EDGE_LOOP ( 'NONE', ( #10164, #8221, #7751, #8096, #9224, #9636 ) ) ;
#10208 = CARTESIAN_POINT ( 'NONE',  ( 23.63000000000000600, 1.000000000000000000, 13.52000000000000300 ) ) ;
#10209 = DIRECTION ( 'NONE',  ( 0.0000000000000000000, -0.0000000000000000000, -1.000000000000000000 ) ) ;
#10210 = ORIENTED_EDGE ( 'NONE', *, *, #8071, .F. ) ;
#10211 = ORIENTED_EDGE ( 'NONE', *, *, #4802, .T. ) ;
#10212 = EDGE_CURVE ( 'NONE', #725, #8268, #1253, .T. ) ;
#10213 = ORIENTED_EDGE ( 'NONE', *, *, #9171, .T. ) ;
#10214 = VECTOR ( 'NONE', #5163, 1000.000000000000000 ) ;
#10215 = AXIS2_PLACEMENT_3D ( 'NONE', #7095, #10234, #860 ) ;
#10216 =( NAMED_UNIT ( * ) SI_UNIT ( $, .STERADIAN. ) SOLID_ANGLE_UNIT ( ) );
#10217 = VECTOR ( 'NONE', #8394, 1000.000000000000000 ) ;
#10218 = ADVANCED_FACE ( 'NONE', ( #2246 ), #1070, .F. ) ;
#10219 = EDGE_LOOP ( 'NONE', ( #8242, #2559, #5539, #2641, #8030, #2187, #8866, #871 ) ) ;
#10220 = DIRECTION ( 'NONE',  ( -0.0000000000000000000, 1.000000000000000000, 0.0000000000000000000 ) ) ;
#10221 = ORIENTED_EDGE ( 'NONE', *, *, #639, .F. ) ;
#10222 = PLANE ( 'NONE',  #3411 ) ;
#10223 = FACE_OUTER_BOUND ( 'NONE', #8875, .T. ) ;
#10224 = EDGE_CURVE ( 'NONE', #544, #2169, #3826, .T. ) ;
#10225 = FACE_OUTER_BOUND ( 'NONE', #8501, .T. ) ;
#10226 = ORIENTED_EDGE ( 'NONE', *, *, #5304, .F. ) ;
#10227 = ADVANCED_FACE ( 'NONE', ( #3341 ), #9058, .F. ) ;
#10228 = VERTEX_POINT ( 'NONE', #7356 ) ;
#10229 = PLANE ( 'NONE',  #2519 ) ;
#10230 = ORIENTED_EDGE ( 'NONE', *, *, #2715, .F. ) ;
#10231 = CARTESIAN_POINT ( 'NONE',  ( 19.30000000000000400, 1.300000000000000000, -13.52000000000000300 ) ) ;
#10232 = FACE_BOUND ( 'NONE', #1970, .T. ) ;
#10233 = DIRECTION ( 'NONE',  ( 0.0000000000000000000, 0.0000000000000000000, -1.000000000000000000 ) ) ;
#10234 = DIRECTION ( 'NONE',  ( 0.0000000000000000000, 0.0000000000000000000, -1.000000000000000000 ) ) ;
#10235 = VERTEX_POINT ( 'NONE', #5029 ) ;
#10236 = VECTOR ( 'NONE', #284, 1000.000000000000000 ) ;
#10237 = CARTESIAN_POINT ( 'NONE',  ( 25.49999999999998900, 1.700000000000000000, 9.180000000000003300 ) ) ;
#10238 = ORIENTED_EDGE ( 'NONE', *, *, #8798, .F. ) ;
#10239 = ORIENTED_EDGE ( 'NONE', *, *, #3457, .F. ) ;
#10240 = ORIENTED_EDGE ( 'NONE', *, *, #2110, .T. ) ;
#10241 = CARTESIAN_POINT ( 'NONE',  ( 8.390000000000002300, 0.0000000000000000000, 0.0000000000000000000 ) ) ;
#10242 = EDGE_CURVE ( 'NONE', #4992, #5839, #5184, .T. ) ;
#10243 = LINE ( 'NONE', #4222, #601 ) ;
#10244 = DIRECTION ( 'NONE',  ( 0.0000000000000000000, 0.0000000000000000000, -1.000000000000000000 ) ) ;
#10245 = CARTESIAN_POINT ( 'NONE',  ( -21.84000000000000000, 0.2000000000000000100, 0.0000000000000000000 ) ) ;
#10246 = EDGE_CURVE ( 'NONE', #8634, #1996, #2484, .T. ) ;
#10247 = ORIENTED_EDGE ( 'NONE', *, *, #4848, .T. ) ;
#10248 = VERTEX_POINT ( 'NONE', #6833 ) ;
#10249 = EDGE_CURVE ( 'NONE', #2586, #9876, #622, .T. ) ;
#10250 = CARTESIAN_POINT ( 'NONE',  ( -16.00999999999999800, 0.2000000000000000100, -13.81999999999999900 ) ) ;
#10251 = CARTESIAN_POINT ( 'NONE',  ( 28.30000000000000800, 0.2500000000000003300, 0.4299999999999991600 ) ) ;
#10252 = ORIENTED_EDGE ( 'NONE', *, *, #4636, .T. ) ;
#10253 = EDGE_CURVE ( 'NONE', #407, #6971, #9133, .T. ) ;
#10254 = DIRECTION ( 'NONE',  ( -1.000000000000000000, -0.0000000000000000000, -0.0000000000000000000 ) ) ;
#10255 = CARTESIAN_POINT ( 'NONE',  ( 28.30000000000000800, 0.2500000000000003300, 0.4299999999999991600 ) ) ;
#10256 = ORIENTED_EDGE ( 'NONE', *, *, #5332, .F. ) ;
#10257 = ORIENTED_EDGE ( 'NONE', *, *, #9777, .T. ) ;
#10258 = AXIS2_PLACEMENT_3D ( 'NONE', #1335, #1236, #4316 ) ;
#10259 = CARTESIAN_POINT ( 'NONE',  ( -0.7699999999999963500, 0.2000000000000000100, -14.12000000000000100 ) ) ;
#10260 = ORIENTED_EDGE ( 'NONE', *, *, #4312, .T. ) ;
#10261 = PLANE ( 'NONE',  #6396 ) ;
#10262 = CARTESIAN_POINT ( 'NONE',  ( 21.34000000000000300, 0.0000000000000000000, 0.0000000000000000000 ) ) ;
#10263 = CARTESIAN_POINT ( 'NONE',  ( -19.29999999999999700, -8.000000000000000000, -13.82000000000000200 ) ) ;
#10264 = ADVANCED_FACE ( 'NONE', ( #6167 ), #9237, .F. ) ;
#10265 = ORIENTED_EDGE ( 'NONE', *, *, #268, .F. ) ;
#10266 = EDGE_CURVE ( 'NONE', #9118, #4259, #8000, .T. ) ;
#10267 = AXIS2_PLACEMENT_3D ( 'NONE', #5205, #4436, #587 ) ;
#10268 = LINE ( 'NONE', #7346, #1130 ) ;
#10269 = CARTESIAN_POINT ( 'NONE',  ( 1.520000000000004000, 1.300000000000000000, -14.12000000000000300 ) ) ;
#10270 = EDGE_LOOP ( 'NONE', ( #2470, #4485, #7433, #1754 ) ) ;
#10271 = DIRECTION ( 'NONE',  ( -1.000000000000000000, 0.0000000000000000000, -0.0000000000000000000 ) ) ;
#10272 = LINE ( 'NONE', #3277, #7648 ) ;
#10273 = EDGE_CURVE ( 'NONE', #3437, #4077, #1122, .T. ) ;
#10274 = VECTOR ( 'NONE', #6482, 1000.000000000000000 ) ;
#10275 = DIRECTION ( 'NONE',  ( -1.000000000000000000, -0.0000000000000000000, -0.0000000000000000000 ) ) ;
#10276 = ORIENTED_EDGE ( 'NONE', *, *, #1163, .T. ) ;
#10277 = DIRECTION ( 'NONE',  ( -1.000000000000000000, -0.0000000000000000000, -0.0000000000000000000 ) ) ;
#10278 = CARTESIAN_POINT ( 'NONE',  ( 18.55000000000000400, 1.300000000000000000, -14.12000000000000300 ) ) ;
ENDSEC;
END-ISO-10303-21;
