ISO-10303-21;
HEADER;
FILE_DESCRIPTION(('SolidDesigner STEP Export'),'1');
FILE_NAME('pc_6-2-g-10.16.stp','2000-11-15T 9:47:13',(''),(''),
   'SolidDesigner STEP processor Version: 7.0(Mar 1999)for AP214(CD)
(Solid Model)',
   'CoCreate SolidDesigner: 08.01  19-Jun-2000(C) CoCreate Software 
GmbH','');
FILE_SCHEMA(('AUTOMOTIVE_DESIGN_CC2 {1 2 10303 214 -1 1 5 1}'));
ENDSEC;
/* ISO 10303-21 file written by PSstep_Caselib, ProSTEP GmbH, Germany */
DATA;
#10=CARTESIAN_POINT('',(5.1998899999997983E-01,3.9212559752217668E+00,
   6.3500000000000059E+00));
#20=DIRECTION('',(-1.0000000000000000E+00,0.0000000000000000E+00,
   0.0000000000000000E+00));
#30=DIRECTION('',(0.0000000000000000E+00,1.0000000000000000E+00,
   0.0000000000000000E+00));
#40=AXIS2_PLACEMENT_3D('',#10,#20,#30);
#50=PLANE('',#40);
#60=CARTESIAN_POINT('',(5.1998899999997983E-01,4.3231797638684508E+00,
   6.3500000000000059E+00));
#70=DIRECTION('',(0.0000000000000000E+00,0.0000000000000000E+00,
   -1.0000000000000000E+00));
#80=VECTOR('',#70,1.0000000000000000E+00);
#90=LINE('',#60,#80);
#100=CARTESIAN_POINT('',(5.1998899999997983E-01,4.3231797638684508E+00,
   6.6636409636363725E+00));
#110=VERTEX_POINT('',#100);
#120=CARTESIAN_POINT('',(5.1998899999997983E-01,4.3231797638684508E+00,
   6.2500000000000053E+00));
#130=VERTEX_POINT('',#120);
#140=EDGE_CURVE('',#110,#130,#90,.T.);
#150=ORIENTED_EDGE('',*,*,#140,.F.);
#160=CARTESIAN_POINT('',(5.1998899999997983E-01,4.3231797638684508E+00,
   6.2500000000000053E+00));
#170=DIRECTION('',(0.0000000000000000E+00,-1.0000000000000000E+00,
   0.0000000000000000E+00));
#180=VECTOR('',#170,1.0000000000000000E+00);
#190=LINE('',#160,#180);
#200=CARTESIAN_POINT('',(5.1998899999997983E-01,3.9212559752217668E+00,
   6.2500000000000053E+00));
#210=VERTEX_POINT('',#200);
#220=EDGE_CURVE('',#130,#210,#190,.T.);
#230=ORIENTED_EDGE('',*,*,#220,.F.);
#240=CARTESIAN_POINT('',(5.1998899999997983E-01,3.9212559752217668E+00,
   6.3500000000000059E+00));
#250=DIRECTION('',(0.0000000000000000E+00,0.0000000000000000E+00,
   -1.0000000000000000E+00));
#260=VECTOR('',#250,1.0000000000000000E+00);
#270=LINE('',#240,#260);
#280=CARTESIAN_POINT('',(5.1998899999997983E-01,3.9212559752217668E+00,
   6.6636409636363725E+00));
#290=VERTEX_POINT('',#280);
#300=EDGE_CURVE('',#290,#210,#270,.T.);
#310=ORIENTED_EDGE('',*,*,#300,.T.);
#320=CARTESIAN_POINT('',(5.1998899999997983E-01,-5.7909557635968714E+00,
   6.6636409636363725E+00));
#330=DIRECTION('',(0.0000000000000000E+00,1.0000000000000000E+00,
   0.0000000000000000E+00));
#340=VECTOR('',#330,1.0000000000000000E+00);
#350=LINE('',#320,#340);
#360=EDGE_CURVE('',#290,#110,#350,.T.);
#370=ORIENTED_EDGE('',*,*,#360,.F.);
#380=EDGE_LOOP('',(#370,#310,#230,#150));
#390=FACE_OUTER_BOUND('',#380,.T.);
#400=ADVANCED_FACE('',(#390),#50,.F.);
#410=COLOUR_RGB('',5.0196081399917603E-01,1.0000000000000000E+00,
   5.0196081399917603E-01);
#420=FILL_AREA_STYLE_COLOUR('',#410);
#430=FILL_AREA_STYLE('',(#420));
#440=SURFACE_STYLE_FILL_AREA(#430);
#450=SURFACE_SIDE_STYLE('',(#440));
#460=SURFACE_STYLE_USAGE(.BOTH.,#450);
#470=PRESENTATION_STYLE_ASSIGNMENT((#460));
#480=CARTESIAN_POINT('',(5.1998899999997983E-01,4.3231797638684508E+00,
   6.3500000000000059E+00));
#490=DIRECTION('',(2.5881904510252074E-01,9.6592582628906831E-01,
   0.0000000000000000E+00));
#500=DIRECTION('',(9.6592582628906831E-01,-2.5881904510252074E-01,
   0.0000000000000000E+00));
#510=AXIS2_PLACEMENT_3D('',#480,#490,#500);
#520=PLANE('',#510);
#530=CARTESIAN_POINT('',(1.2699889999999798E+00,4.1222178695451088E+00,
   6.3500000000000059E+00));
#540=DIRECTION('',(0.0000000000000000E+00,0.0000000000000000E+00,
   -1.0000000000000000E+00));
#550=VECTOR('',#540,1.0000000000000000E+00);
#560=LINE('',#530,#550);
#570=CARTESIAN_POINT('',(1.2699889999999798E+00,4.1222178695451088E+00,
   6.3500046000000099E+00));
#580=VERTEX_POINT('',#570);
#590=CARTESIAN_POINT('',(1.2699889999999798E+00,4.1222178695451088E+00,
   6.2500000000000053E+00));
#600=VERTEX_POINT('',#590);
#610=EDGE_CURVE('',#580,#600,#560,.T.);
#620=ORIENTED_EDGE('',*,*,#610,.F.);
#630=CARTESIAN_POINT('',(1.2699889999999798E+00,4.1222178695451088E+00,
   6.2500000000000053E+00));
#640=DIRECTION('',(-9.6592582628906831E-01,2.5881904510252074E-01,
   0.0000000000000000E+00));
#650=VECTOR('',#640,1.0000000000000000E+00);
#660=LINE('',#630,#650);
#670=EDGE_CURVE('',#600,#130,#660,.T.);
#680=ORIENTED_EDGE('',*,*,#670,.F.);
#690=ORIENTED_EDGE('',*,*,#140,.T.);
#700=CARTESIAN_POINT('',(-2.2300000000000204E+00,5.0600370956129215E+00,
   7.8136363636363679E+00));
#710=DIRECTION('',(8.9561994691379609E-01,-2.3998064150075663E-01,
   -3.7453197780031328E-01));
#720=VECTOR('',#710,1.0000000000000000E+00);
#730=LINE('',#700,#720);
#740=EDGE_CURVE('',#110,#580,#730,.T.);
#750=ORIENTED_EDGE('',*,*,#740,.F.);
#760=EDGE_LOOP('',(#750,#690,#680,#620));
#770=FACE_OUTER_BOUND('',#760,.T.);
#780=ADVANCED_FACE('',(#770),#520,.F.);
#790=COLOUR_RGB('',5.0196081399917603E-01,1.0000000000000000E+00,
   5.0196081399917603E-01);
#800=FILL_AREA_STYLE_COLOUR('',#790);
#810=FILL_AREA_STYLE('',(#800));
#820=SURFACE_STYLE_FILL_AREA(#810);
#830=SURFACE_SIDE_STYLE('',(#820));
#840=SURFACE_STYLE_USAGE(.BOTH.,#830);
#850=PRESENTATION_STYLE_ASSIGNMENT((#840));
#860=CARTESIAN_POINT('',(2.6999999999997959E-01,-6.9577821304549055E+00,
   1.0000000000000004E+00));
#870=DIRECTION('',(-1.0000000000000000E+00,0.0000000000000000E+00,
   0.0000000000000000E+00));
#880=DIRECTION('',(0.0000000000000000E+00,0.0000000000000000E+00,
   1.0000000000000000E+00));
#890=AXIS2_PLACEMENT_3D('',#860,#870,#880);
#900=PLANE('',#890);
#910=CARTESIAN_POINT('',(2.6999999999997959E-01,-6.9577821304549028E+00,
   3.0170423393406152E+00));
#920=DIRECTION('',(0.0000000000000000E+00,0.0000000000000000E+00,
   1.0000000000000000E+00));
#930=VECTOR('',#920,1.0000000000000000E+00);
#940=LINE('',#910,#930);
#950=CARTESIAN_POINT('',(2.6999999999997959E-01,-6.9577821304549028E+00,
   1.5000000000000004E+00));
#960=VERTEX_POINT('',#950);
#970=CARTESIAN_POINT('',(2.6999999999997959E-01,-6.9577821304549028E+00,
   5.0000000000000000E+00));
#980=VERTEX_POINT('',#970);
#990=EDGE_CURVE('',#960,#980,#940,.T.);
#1000=ORIENTED_EDGE('',*,*,#990,.F.);
#1010=CARTESIAN_POINT('',(2.6999999999997959E-01,-5.7909557635968714E+00
   ,5.0000000000000000E+00));
#1020=DIRECTION('',(0.0000000000000000E+00,-1.0000000000000000E+00,
   0.0000000000000000E+00));
#1030=VECTOR('',#1020,1.0000000000000000E+00);
#1040=LINE('',#1010,#1030);
#1050=CARTESIAN_POINT('',(2.6999999999997959E-01,-7.5577821304549060E+00
   ,5.0000000000000000E+00));
#1060=VERTEX_POINT('',#1050);
#1070=EDGE_CURVE('',#980,#1060,#1040,.T.);
#1080=ORIENTED_EDGE('',*,*,#1070,.F.);
#1090=CARTESIAN_POINT('',(2.6999999999997959E-01,-7.5577821304549060E+00
   ,3.0170423393406152E+00));
#1100=DIRECTION('',(0.0000000000000000E+00,0.0000000000000000E+00,
   1.0000000000000000E+00));
#1110=VECTOR('',#1100,1.0000000000000000E+00);
#1120=LINE('',#1090,#1110);
#1130=CARTESIAN_POINT('',(2.6999999999997959E-01,-7.5577821304549060E+00
   ,1.5000000000000004E+00));
#1140=VERTEX_POINT('',#1130);
#1150=EDGE_CURVE('',#1140,#1060,#1120,.T.);
#1160=ORIENTED_EDGE('',*,*,#1150,.T.);
#1170=CARTESIAN_POINT('',(2.6999999999997959E-01,-5.7909557635968714E+00
   ,1.5000000000000004E+00));
#1180=DIRECTION('',(0.0000000000000000E+00,-1.0000000000000000E+00,
   0.0000000000000000E+00));
#1190=VECTOR('',#1180,1.0000000000000000E+00);
#1200=LINE('',#1170,#1190);
#1210=EDGE_CURVE('',#960,#1140,#1200,.T.);
#1220=ORIENTED_EDGE('',*,*,#1210,.T.);
#1230=EDGE_LOOP('',(#1220,#1160,#1080,#1000));
#1240=FACE_OUTER_BOUND('',#1230,.T.);
#1250=ADVANCED_FACE('',(#1240),#900,.T.);
#1260=COLOUR_RGB('',5.0196081399917603E-01,1.0000000000000000E+00,
   5.0196081399917603E-01);
#1270=FILL_AREA_STYLE_COLOUR('',#1260);
#1280=FILL_AREA_STYLE('',(#1270));
#1290=SURFACE_STYLE_FILL_AREA(#1280);
#1300=SURFACE_SIDE_STYLE('',(#1290));
#1310=SURFACE_STYLE_USAGE(.BOTH.,#1300);
#1320=PRESENTATION_STYLE_ASSIGNMENT((#1310));
#1330=CARTESIAN_POINT('',(1.8028326809999942E+00,-7.7577821304549053E+00
   ,-4.5000000000000000E+00));
#1340=DIRECTION('',(0.0000000000000000E+00,0.0000000000000000E+00,
   1.0000000000000000E+00));
#1350=DIRECTION('',(1.0000000000000000E+00,0.0000000000000000E+00,
   0.0000000000000000E+00));
#1360=AXIS2_PLACEMENT_3D('',#1330,#1340,#1350);
#1370=PLANE('',#1360);
#1380=CARTESIAN_POINT('',(-2.2300000000000204E+00,
   -7.5577821304549060E+00,-4.5000000000000000E+00));
#1390=DIRECTION('',(1.0000000000000000E+00,0.0000000000000000E+00,
   0.0000000000000000E+00));
#1400=VECTOR('',#1390,1.0000000000000000E+00);
#1410=LINE('',#1380,#1400);
#1420=CARTESIAN_POINT('',(7.6999999999997970E-01,-7.5577821304549060E+00
   ,-4.5000000000000000E+00));
#1430=VERTEX_POINT('',#1420);
#1440=CARTESIAN_POINT('',(1.2699999999999796E+00,-7.5577821304549060E+00
   ,-4.5000000000000000E+00));
#1450=VERTEX_POINT('',#1440);
#1460=EDGE_CURVE('',#1430,#1450,#1410,.T.);
#1470=ORIENTED_EDGE('',*,*,#1460,.F.);
#1480=CARTESIAN_POINT('',(1.2699999999999796E+00,-5.7909557635968714E+00
   ,-4.5000000000000000E+00));
#1490=DIRECTION('',(0.0000000000000000E+00,1.0000000000000000E+00,
   0.0000000000000000E+00));
#1500=VECTOR('',#1490,1.0000000000000000E+00);
#1510=LINE('',#1480,#1500);
#1520=CARTESIAN_POINT('',(1.2699999999999796E+00,-6.9577821304549028E+00
   ,-4.5000000000000000E+00));
#1530=VERTEX_POINT('',#1520);
#1540=EDGE_CURVE('',#1450,#1530,#1510,.T.);
#1550=ORIENTED_EDGE('',*,*,#1540,.F.);
#1560=CARTESIAN_POINT('',(-2.2300000000000204E+00,
   -6.9577821304549028E+00,-4.5000000000000000E+00));
#1570=DIRECTION('',(1.0000000000000000E+00,0.0000000000000000E+00,
   0.0000000000000000E+00));
#1580=VECTOR('',#1570,1.0000000000000000E+00);
#1590=LINE('',#1560,#1580);
#1600=CARTESIAN_POINT('',(7.6999999999997970E-01,-6.9577821304549028E+00
   ,-4.5000000000000000E+00));
#1610=VERTEX_POINT('',#1600);
#1620=EDGE_CURVE('',#1610,#1530,#1590,.T.);
#1630=ORIENTED_EDGE('',*,*,#1620,.T.);
#1640=CARTESIAN_POINT('',(7.6999999999997970E-01,-5.7909557635968714E+00
   ,-4.5000000000000000E+00));
#1650=DIRECTION('',(0.0000000000000000E+00,1.0000000000000000E+00,
   0.0000000000000000E+00));
#1660=VECTOR('',#1650,1.0000000000000000E+00);
#1670=LINE('',#1640,#1660);
#1680=EDGE_CURVE('',#1430,#1610,#1670,.T.);
#1690=ORIENTED_EDGE('',*,*,#1680,.T.);
#1700=EDGE_LOOP('',(#1690,#1630,#1550,#1470));
#1710=FACE_OUTER_BOUND('',#1700,.T.);
#1720=ADVANCED_FACE('',(#1710),#1370,.F.);
#1730=COLOUR_RGB('',5.0196081399917603E-01,1.0000000000000000E+00,
   5.0196081399917603E-01);
#1740=FILL_AREA_STYLE_COLOUR('',#1730);
#1750=FILL_AREA_STYLE('',(#1740));
#1760=SURFACE_STYLE_FILL_AREA(#1750);
#1770=SURFACE_SIDE_STYLE('',(#1760));
#1780=SURFACE_STYLE_USAGE(.BOTH.,#1770);
#1790=PRESENTATION_STYLE_ASSIGNMENT((#1780));
#1800=CARTESIAN_POINT('',(-2.3000000000002041E-01,
   -5.7909557635968714E+00,1.5000000000000004E+00));
#1810=DIRECTION('',(0.0000000000000000E+00,-1.0000000000000000E+00,
   0.0000000000000000E+00));
#1820=DIRECTION('',(0.0000000000000000E+00,0.0000000000000000E+00,
   -1.0000000000000000E+00));
#1830=AXIS2_PLACEMENT_3D('',#1800,#1810,#1820);
#1840=CYLINDRICAL_SURFACE('',#1830,5.0000000000000000E-01);
#1850=CARTESIAN_POINT('',(-2.3000000000002041E-01,
   -7.5577821304549060E+00,1.5000000000000004E+00));
#1860=DIRECTION('',(0.0000000000000000E+00,-1.0000000000000000E+00,
   0.0000000000000000E+00));
#1870=DIRECTION('',(0.0000000000000000E+00,0.0000000000000000E+00,
   -1.0000000000000000E+00));
#1880=AXIS2_PLACEMENT_3D('',#1850,#1860,#1870);
#1890=CIRCLE('',#1880,5.0000000000000000E-01);
#1900=CARTESIAN_POINT('',(-2.3000000000002041E-01,
   -7.5577821304549060E+00,1.0000000000000004E+00));
#1910=VERTEX_POINT('',#1900);
#1920=EDGE_CURVE('',#1910,#1140,#1890,.T.);
#1930=ORIENTED_EDGE('',*,*,#1920,.T.);
#1940=CARTESIAN_POINT('',(-2.3000000000002041E-01,
   -5.7909557635968714E+00,1.0000000000000004E+00));
#1950=DIRECTION('',(0.0000000000000000E+00,-1.0000000000000000E+00,
   0.0000000000000000E+00));
#1960=VECTOR('',#1950,1.0000000000000000E+00);
#1970=LINE('',#1940,#1960);
#1980=CARTESIAN_POINT('',(-2.3000000000002041E-01,
   -6.9577821304549028E+00,1.0000000000000004E+00));
#1990=VERTEX_POINT('',#1980);
#2000=EDGE_CURVE('',#1990,#1910,#1970,.T.);
#2010=ORIENTED_EDGE('',*,*,#2000,.T.);
#2020=CARTESIAN_POINT('',(-2.3000000000002041E-01,
   -6.9577821304549028E+00,1.5000000000000004E+00));
#2030=DIRECTION('',(0.0000000000000000E+00,-1.0000000000000000E+00,
   0.0000000000000000E+00));
#2040=DIRECTION('',(0.0000000000000000E+00,0.0000000000000000E+00,
   -1.0000000000000000E+00));
#2050=AXIS2_PLACEMENT_3D('',#2020,#2030,#2040);
#2060=CIRCLE('',#2050,5.0000000000000000E-01);
#2070=EDGE_CURVE('',#1990,#960,#2060,.T.);
#2080=ORIENTED_EDGE('',*,*,#2070,.F.);
#2090=ORIENTED_EDGE('',*,*,#1210,.F.);
#2100=EDGE_LOOP('',(#2090,#2080,#2010,#1930));
#2110=FACE_OUTER_BOUND('',#2100,.T.);
#2120=ADVANCED_FACE('',(#2110),#1840,.F.);
#2130=COLOUR_RGB('',5.0196081399917603E-01,1.0000000000000000E+00,
   5.0196081399917603E-01);
#2140=FILL_AREA_STYLE_COLOUR('',#2130);
#2150=FILL_AREA_STYLE('',(#2140));
#2160=SURFACE_STYLE_FILL_AREA(#2150);
#2170=SURFACE_SIDE_STYLE('',(#2160));
#2180=SURFACE_STYLE_USAGE(.BOTH.,#2170);
#2190=PRESENTATION_STYLE_ASSIGNMENT((#2180));
#2200=CARTESIAN_POINT('',(-2.3048554944639459E+01,2.6426435960597878E+01
   ,6.0999999999999996E+00));
#2210=DIRECTION('',(0.0000000000000000E+00,0.0000000000000000E+00,
   1.0000000000000000E+00));
#2220=DIRECTION('',(1.0000000000000000E+00,0.0000000000000000E+00,
   0.0000000000000000E+00));
#2230=AXIS2_PLACEMENT_3D('',#2200,#2210,#2220);
#2240=PLANE('',#2230);
#2250=CARTESIAN_POINT('',(-1.8330000000000023E+01,
   -9.5778213045487615E-01,6.0999999999999996E+00));
#2260=DIRECTION('',(0.0000000000000000E+00,-6.1230317691118863E-17,
   -1.0000000000000000E+00));
#2270=DIRECTION('',(-1.0000000000000000E+00,0.0000000000000000E+00,
   0.0000000000000000E+00));
#2280=AXIS2_PLACEMENT_3D('',#2250,#2260,#2270);
#2290=CIRCLE('',#2280,8.4999999999999998E-01);
#2300=CARTESIAN_POINT('',(-1.7480000000000022E+01,
   -9.5778213045488858E-01,6.0999999999999996E+00));
#2310=VERTEX_POINT('',#2300);
#2320=CARTESIAN_POINT('',(-1.9180000000000025E+01,
   -9.5778213045489125E-01,6.0999999999999996E+00));
#2330=VERTEX_POINT('',#2320);
#2340=EDGE_CURVE('',#2310,#2330,#2290,.T.);
#2350=ORIENTED_EDGE('',*,*,#2340,.T.);
#2360=CARTESIAN_POINT('',(-1.8330000000000023E+01,
   -9.5778213045487615E-01,6.0999999999999996E+00));
#2370=DIRECTION('',(0.0000000000000000E+00,-6.1230317691118863E-17,
   -1.0000000000000000E+00));
#2380=DIRECTION('',(-1.0000000000000000E+00,0.0000000000000000E+00,
   0.0000000000000000E+00));
#2390=AXIS2_PLACEMENT_3D('',#2360,#2370,#2380);
#2400=CIRCLE('',#2390,8.4999999999999998E-01);
#2410=EDGE_CURVE('',#2330,#2310,#2400,.T.);
#2420=ORIENTED_EDGE('',*,*,#2410,.T.);
#2430=EDGE_LOOP('',(#2420,#2350));
#2440=FACE_BOUND('',#2430,.T.);
#2450=CARTESIAN_POINT('',(-1.5430000000000021E+01,
   -1.5950955763596887E+01,6.0999999999999996E+00));
#2460=DIRECTION('',(0.0000000000000000E+00,-1.0000000000000000E+00,
   0.0000000000000000E+00));
#2470=VECTOR('',#2460,1.0000000000000000E+00);
#2480=LINE('',#2450,#2470);
#2490=CARTESIAN_POINT('',(-1.5430000000000021E+01,8.4880750266907938E+00
   ,6.0999999999999988E+00));
#2500=VERTEX_POINT('',#2490);
#2510=CARTESIAN_POINT('',(-1.5430000000000021E+01,
   -2.4363928760065079E-01,6.0999999999999996E+00));
#2520=VERTEX_POINT('',#2510);
#2530=EDGE_CURVE('',#2500,#2520,#2480,.T.);
#2540=ORIENTED_EDGE('',*,*,#2530,.F.);
#2550=CARTESIAN_POINT('',(-1.5430000000000021E+01,
   -9.5778213045493565E-01,6.0999999999999996E+00));
#2560=DIRECTION('',(0.0000000000000000E+00,0.0000000000000000E+00,
   1.0000000000000000E+00));
#2570=DIRECTION('',(0.0000000000000000E+00,-1.0000000000000000E+00,
   0.0000000000000000E+00));
#2580=AXIS2_PLACEMENT_3D('',#2550,#2560,#2570);
#2590=CIRCLE('',#2580,7.1414284285428486E-01);
#2600=CARTESIAN_POINT('',(-1.6144142842854308E+01,
   -9.5778213045493565E-01,6.0999999999999988E+00));
#2610=VERTEX_POINT('',#2600);
#2620=EDGE_CURVE('',#2520,#2610,#2590,.T.);
#2630=ORIENTED_EDGE('',*,*,#2620,.F.);
#2640=CARTESIAN_POINT('',(-1.5430000000000021E+01,
   -1.6719249733091872E+00,6.1000000000000334E+00));
#2650=VERTEX_POINT('',#2640);
#2660=EDGE_CURVE('',#2610,#2650,#2590,.T.);
#2670=ORIENTED_EDGE('',*,*,#2660,.F.);
#2680=CARTESIAN_POINT('',(-1.5430000000000021E+01,
   -5.7909557635968714E+00,6.0999999999999996E+00));
#2690=DIRECTION('',(0.0000000000000000E+00,-1.0000000000000000E+00,
   0.0000000000000000E+00));
#2700=VECTOR('',#2690,1.0000000000000000E+00);
#2710=LINE('',#2680,#2700);
#2720=CARTESIAN_POINT('',(-1.5430000000000028E+01,
   -6.9577821304549028E+00,6.0999999999999943E+00));
#2730=VERTEX_POINT('',#2720);
#2740=EDGE_CURVE('',#2650,#2730,#2710,.T.);
#2750=ORIENTED_EDGE('',*,*,#2740,.F.);
#2760=CARTESIAN_POINT('',(-2.2300000000000204E+00,
   -6.9577821304549028E+00,6.0999999999999996E+00));
#2770=DIRECTION('',(1.0000000000000000E+00,0.0000000000000000E+00,
   0.0000000000000000E+00));
#2780=VECTOR('',#2770,1.0000000000000000E+00);
#2790=LINE('',#2760,#2780);
#2800=CARTESIAN_POINT('',(-2.0997949192431140E+01,
   -6.9577821304549028E+00,6.0999999999999988E+00));
#2810=VERTEX_POINT('',#2800);
#2820=EDGE_CURVE('',#2810,#2730,#2790,.T.);
#2830=ORIENTED_EDGE('',*,*,#2820,.T.);
#2840=CARTESIAN_POINT('',(-2.0997949192431140E+01,
   -5.7909557635968714E+00,6.0999999999999996E+00));
#2850=DIRECTION('',(0.0000000000000000E+00,-1.0000000000000000E+00,
   0.0000000000000000E+00));
#2860=VECTOR('',#2850,1.0000000000000000E+00);
#2870=LINE('',#2840,#2860);
#2880=CARTESIAN_POINT('',(-2.0997949192431140E+01,1.5202217869545114E+01
   ,6.0999999999999996E+00));
#2890=VERTEX_POINT('',#2880);
#2900=EDGE_CURVE('',#2890,#2810,#2870,.T.);
#2910=ORIENTED_EDGE('',*,*,#2900,.T.);
#2920=CARTESIAN_POINT('',(-2.2300000000000204E+00,1.5202217869545114E+01
   ,6.0999999999999996E+00));
#2930=DIRECTION('',(-1.0000000000000000E+00,0.0000000000000000E+00,
   0.0000000000000000E+00));
#2940=VECTOR('',#2930,1.0000000000000000E+00);
#2950=LINE('',#2920,#2940);
#2960=CARTESIAN_POINT('',(-1.5430000000000028E+01,1.5202217869545114E+01
   ,6.0999999999999996E+00));
#2970=VERTEX_POINT('',#2960);
#2980=EDGE_CURVE('',#2970,#2890,#2950,.T.);
#2990=ORIENTED_EDGE('',*,*,#2980,.T.);
#3000=CARTESIAN_POINT('',(-1.5430000000000021E+01,
   -1.5950955763596887E+01,6.0999999999999996E+00));
#3010=DIRECTION('',(0.0000000000000000E+00,-1.0000000000000000E+00,
   0.0000000000000000E+00));
#3020=VECTOR('',#3010,1.0000000000000000E+00);
#3030=LINE('',#3000,#3020);
#3040=CARTESIAN_POINT('',(-1.5430000000000021E+01,9.9163607123993671E+00
   ,6.0999999999999979E+00));
#3050=VERTEX_POINT('',#3040);
#3060=EDGE_CURVE('',#2970,#3050,#3030,.T.);
#3070=ORIENTED_EDGE('',*,*,#3060,.F.);
#3080=CARTESIAN_POINT('',(-1.5430000000000021E+01,9.2022178695450805E+00
   ,6.0999999999999996E+00));
#3090=DIRECTION('',(0.0000000000000000E+00,0.0000000000000000E+00,
   1.0000000000000000E+00));
#3100=DIRECTION('',(0.0000000000000000E+00,-1.0000000000000000E+00,
   0.0000000000000000E+00));
#3110=AXIS2_PLACEMENT_3D('',#3080,#3090,#3100);
#3120=CIRCLE('',#3110,7.1414284285428486E-01);
#3130=CARTESIAN_POINT('',(-1.6144142842854308E+01,9.2022178695450805E+00
   ,6.0999999999999988E+00));
#3140=VERTEX_POINT('',#3130);
#3150=EDGE_CURVE('',#3050,#3140,#3120,.T.);
#3160=ORIENTED_EDGE('',*,*,#3150,.F.);
#3170=EDGE_CURVE('',#3140,#2500,#3120,.T.);
#3180=ORIENTED_EDGE('',*,*,#3170,.F.);
#3190=EDGE_LOOP('',(#3180,#3160,#3070,#2990,#2910,#2830,#2750,#2670,
   #2630,#2540));
#3200=FACE_OUTER_BOUND('',#3190,.T.);
#3210=CARTESIAN_POINT('',(-1.8330000000000027E+01,9.2022178695451231E+00
   ,6.0999999999999996E+00));
#3220=DIRECTION('',(0.0000000000000000E+00,-6.1230317691118863E-17,
   -1.0000000000000000E+00));
#3230=DIRECTION('',(-1.0000000000000000E+00,0.0000000000000000E+00,
   0.0000000000000000E+00));
#3240=AXIS2_PLACEMENT_3D('',#3210,#3220,#3230);
#3250=CIRCLE('',#3240,8.4999999999999998E-01);
#3260=CARTESIAN_POINT('',(-1.9180000000000028E+01,9.2022178695451213E+00
   ,6.0999999999999996E+00));
#3270=VERTEX_POINT('',#3260);
#3280=CARTESIAN_POINT('',(-1.7480000000000025E+01,9.2022178695451213E+00
   ,6.0999999999999996E+00));
#3290=VERTEX_POINT('',#3280);
#3300=EDGE_CURVE('',#3270,#3290,#3250,.T.);
#3310=ORIENTED_EDGE('',*,*,#3300,.T.);
#3320=CARTESIAN_POINT('',(-1.8330000000000027E+01,9.2022178695451231E+00
   ,6.0999999999999996E+00));
#3330=DIRECTION('',(0.0000000000000000E+00,-6.1230317691118863E-17,
   -1.0000000000000000E+00));
#3340=DIRECTION('',(-1.0000000000000000E+00,0.0000000000000000E+00,
   0.0000000000000000E+00));
#3350=AXIS2_PLACEMENT_3D('',#3320,#3330,#3340);
#3360=CIRCLE('',#3350,8.4999999999999998E-01);
#3370=EDGE_CURVE('',#3290,#3270,#3360,.T.);
#3380=ORIENTED_EDGE('',*,*,#3370,.T.);
#3390=EDGE_LOOP('',(#3380,#3310));
#3400=FACE_BOUND('',#3390,.T.);
#3410=ADVANCED_FACE('',(#2440,#3200,#3400),#2240,.T.);
#3420=COLOUR_RGB('',5.0196081399917603E-01,1.0000000000000000E+00,
   5.0196081399917603E-01);
#3430=FILL_AREA_STYLE_COLOUR('',#3420);
#3440=FILL_AREA_STYLE('',(#3430));
#3450=SURFACE_STYLE_FILL_AREA(#3440);
#3460=SURFACE_SIDE_STYLE('',(#3450));
#3470=SURFACE_STYLE_USAGE(.BOTH.,#3460);
#3480=PRESENTATION_STYLE_ASSIGNMENT((#3470));
#3490=CARTESIAN_POINT('',(-2.3313731900000589E-01,
   -7.7577821304549053E+00,5.5000000000000000E+00));
#3500=DIRECTION('',(0.0000000000000000E+00,0.0000000000000000E+00,
   -1.0000000000000000E+00));
#3510=DIRECTION('',(-1.0000000000000000E+00,0.0000000000000000E+00,
   0.0000000000000000E+00));
#3520=AXIS2_PLACEMENT_3D('',#3490,#3500,#3510);
#3530=PLANE('',#3520);
#3540=CARTESIAN_POINT('',(-2.2300000000000204E+00,
   -6.9577821304549028E+00,5.5000000000000000E+00));
#3550=DIRECTION('',(-1.0000000000000000E+00,0.0000000000000000E+00,
   0.0000000000000000E+00));
#3560=VECTOR('',#3550,1.0000000000000000E+00);
#3570=LINE('',#3540,#3560);
#3580=CARTESIAN_POINT('',(1.2699999999999796E+00,-6.9577821304549028E+00
   ,5.5000000000000000E+00));
#3590=VERTEX_POINT('',#3580);
#3600=CARTESIAN_POINT('',(7.6999999999997970E-01,-6.9577821304549028E+00
   ,5.5000000000000000E+00));
#3610=VERTEX_POINT('',#3600);
#3620=EDGE_CURVE('',#3590,#3610,#3570,.T.);
#3630=ORIENTED_EDGE('',*,*,#3620,.T.);
#3640=CARTESIAN_POINT('',(1.2699999999999796E+00,-5.7909557635968714E+00
   ,5.5000000000000000E+00));
#3650=DIRECTION('',(0.0000000000000000E+00,-1.0000000000000000E+00,
   0.0000000000000000E+00));
#3660=VECTOR('',#3650,1.0000000000000000E+00);
#3670=LINE('',#3640,#3660);
#3680=CARTESIAN_POINT('',(1.2699999999999796E+00,-7.5577821304549060E+00
   ,5.5000000000000000E+00));
#3690=VERTEX_POINT('',#3680);
#3700=EDGE_CURVE('',#3590,#3690,#3670,.T.);
#3710=ORIENTED_EDGE('',*,*,#3700,.F.);
#3720=CARTESIAN_POINT('',(-2.2300000000000204E+00,
   -7.5577821304549060E+00,5.5000000000000000E+00));
#3730=DIRECTION('',(-1.0000000000000000E+00,0.0000000000000000E+00,
   0.0000000000000000E+00));
#3740=VECTOR('',#3730,1.0000000000000000E+00);
#3750=LINE('',#3720,#3740);
#3760=CARTESIAN_POINT('',(7.6999999999997970E-01,-7.5577821304549060E+00
   ,5.5000000000000000E+00));
#3770=VERTEX_POINT('',#3760);
#3780=EDGE_CURVE('',#3690,#3770,#3750,.T.);
#3790=ORIENTED_EDGE('',*,*,#3780,.F.);
#3800=CARTESIAN_POINT('',(7.6999999999997970E-01,-5.7909557635968714E+00
   ,5.5000000000000000E+00));
#3810=DIRECTION('',(0.0000000000000000E+00,-1.0000000000000000E+00,
   0.0000000000000000E+00));
#3820=VECTOR('',#3810,1.0000000000000000E+00);
#3830=LINE('',#3800,#3820);
#3840=EDGE_CURVE('',#3610,#3770,#3830,.T.);
#3850=ORIENTED_EDGE('',*,*,#3840,.T.);
#3860=EDGE_LOOP('',(#3850,#3790,#3710,#3630));
#3870=FACE_OUTER_BOUND('',#3860,.T.);
#3880=ADVANCED_FACE('',(#3870),#3530,.F.);
#3890=COLOUR_RGB('',5.0196081399917603E-01,1.0000000000000000E+00,
   5.0196081399917603E-01);
#3900=FILL_AREA_STYLE_COLOUR('',#3890);
#3910=FILL_AREA_STYLE('',(#3900));
#3920=SURFACE_STYLE_FILL_AREA(#3910);
#3930=SURFACE_SIDE_STYLE('',(#3920));
#3940=SURFACE_STYLE_USAGE(.BOTH.,#3930);
#3950=PRESENTATION_STYLE_ASSIGNMENT((#3940));
#3960=CARTESIAN_POINT('',(-1.4800000000000262E+00,
   -6.4577821304548966E+00,7.5000000000000062E+00));
#3970=DIRECTION('',(0.0000000000000000E+00,0.0000000000000000E+00,
   1.0000000000000000E+00));
#3980=DIRECTION('',(1.0000000000000000E+00,0.0000000000000000E+00,
   0.0000000000000000E+00));
#3990=AXIS2_PLACEMENT_3D('',#3960,#3970,#3980);
#4000=PLANE('',#3990);
#4010=CARTESIAN_POINT('',(-2.2300000000000204E+00,1.5202217869545114E+01
   ,7.5000000000000062E+00));
#4020=DIRECTION('',(-1.0000000000000000E+00,0.0000000000000000E+00,
   0.0000000000000000E+00));
#4030=VECTOR('',#4020,1.0000000000000000E+00);
#4040=LINE('',#4010,#4030);
#4050=CARTESIAN_POINT('',(-1.4800000000000200E+00,1.5202217869545114E+01
   ,7.5000000000000053E+00));
#4060=VERTEX_POINT('',#4050);
#4070=CARTESIAN_POINT('',(-1.7300000000000262E+00,1.5202217869545114E+01
   ,7.5000000000000062E+00));
#4080=VERTEX_POINT('',#4070);
#4090=EDGE_CURVE('',#4060,#4080,#4040,.T.);
#4100=ORIENTED_EDGE('',*,*,#4090,.T.);
#4110=CARTESIAN_POINT('',(-1.4800000000000222E+00,
   -1.5950955763596887E+01,7.5000000000000062E+00));
#4120=DIRECTION('',(0.0000000000000000E+00,-1.0000000000000000E+00,
   0.0000000000000000E+00));
#4130=VECTOR('',#4120,1.0000000000000000E+00);
#4140=LINE('',#4110,#4130);
#4150=CARTESIAN_POINT('',(-1.4800000000000200E+00,
   -6.9577821304549028E+00,7.5000000000000062E+00));
#4160=VERTEX_POINT('',#4150);
#4170=EDGE_CURVE('',#4060,#4160,#4140,.T.);
#4180=ORIENTED_EDGE('',*,*,#4170,.F.);
#4190=CARTESIAN_POINT('',(-2.2300000000000204E+00,
   -6.9577821304549028E+00,7.5000000000000062E+00));
#4200=DIRECTION('',(1.0000000000000000E+00,0.0000000000000000E+00,
   0.0000000000000000E+00));
#4210=VECTOR('',#4200,1.0000000000000000E+00);
#4220=LINE('',#4190,#4210);
#4230=CARTESIAN_POINT('',(-1.7300000000000262E+00,
   -6.9577821304549028E+00,7.5000000000000062E+00));
#4240=VERTEX_POINT('',#4230);
#4250=EDGE_CURVE('',#4240,#4160,#4220,.T.);
#4260=ORIENTED_EDGE('',*,*,#4250,.T.);
#4270=CARTESIAN_POINT('',(-1.7300000000000262E+00,
   -1.5950955763596887E+01,7.5000000000000062E+00));
#4280=DIRECTION('',(0.0000000000000000E+00,-1.0000000000000000E+00,
   0.0000000000000000E+00));
#4290=VECTOR('',#4280,1.0000000000000000E+00);
#4300=LINE('',#4270,#4290);
#4310=EDGE_CURVE('',#4080,#4240,#4300,.T.);
#4320=ORIENTED_EDGE('',*,*,#4310,.T.);
#4330=EDGE_LOOP('',(#4320,#4260,#4180,#4100));
#4340=FACE_OUTER_BOUND('',#4330,.T.);
#4350=ADVANCED_FACE('',(#4340),#4000,.T.);
#4360=COLOUR_RGB('',5.0196081399917603E-01,1.0000000000000000E+00,
   5.0196081399917603E-01);
#4370=FILL_AREA_STYLE_COLOUR('',#4360);
#4380=FILL_AREA_STYLE('',(#4370));
#4390=SURFACE_STYLE_FILL_AREA(#4380);
#4400=SURFACE_SIDE_STYLE('',(#4390));
#4410=SURFACE_STYLE_USAGE(.BOTH.,#4400);
#4420=PRESENTATION_STYLE_ASSIGNMENT((#4410));
#4430=CARTESIAN_POINT('',(1.2699889999999798E+00,4.1222178695451088E+00,
   6.3500000000000059E+00));
#4440=DIRECTION('',(2.5881904510252074E-01,-9.6592582628906831E-01,
   0.0000000000000000E+00));
#4450=DIRECTION('',(-9.6592582628906831E-01,-2.5881904510252074E-01,
   0.0000000000000000E+00));
#4460=AXIS2_PLACEMENT_3D('',#4430,#4440,#4450);
#4470=PLANE('',#4460);
#4480=ORIENTED_EDGE('',*,*,#300,.F.);
#4490=CARTESIAN_POINT('',(5.1998899999997983E-01,3.9212559752217668E+00,
   6.2500000000000053E+00));
#4500=DIRECTION('',(9.6592582628906831E-01,2.5881904510252074E-01,
   0.0000000000000000E+00));
#4510=VECTOR('',#4500,1.0000000000000000E+00);
#4520=LINE('',#4490,#4510);
#4530=EDGE_CURVE('',#210,#600,#4520,.T.);
#4540=ORIENTED_EDGE('',*,*,#4530,.F.);
#4550=ORIENTED_EDGE('',*,*,#610,.T.);
#4560=CARTESIAN_POINT('',(-2.2300000000000204E+00,3.1843986434772962E+00
   ,7.8136363636363679E+00));
#4570=DIRECTION('',(-8.9561994691379609E-01,-2.3998064150075663E-01,
   3.7453197780031328E-01));
#4580=VECTOR('',#4570,1.0000000000000000E+00);
#4590=LINE('',#4560,#4580);
#4600=EDGE_CURVE('',#580,#290,#4590,.T.);
#4610=ORIENTED_EDGE('',*,*,#4600,.F.);
#4620=EDGE_LOOP('',(#4610,#4550,#4540,#4480));
#4630=FACE_OUTER_BOUND('',#4620,.T.);
#4640=ADVANCED_FACE('',(#4630),#4470,.F.);
#4650=COLOUR_RGB('',5.0196081399917603E-01,1.0000000000000000E+00,
   5.0196081399917603E-01);
#4660=FILL_AREA_STYLE_COLOUR('',#4650);
#4670=FILL_AREA_STYLE('',(#4660));
#4680=SURFACE_STYLE_FILL_AREA(#4670);
#4690=SURFACE_SIDE_STYLE('',(#4680));
#4700=SURFACE_STYLE_USAGE(.BOTH.,#4690);
#4710=PRESENTATION_STYLE_ASSIGNMENT((#4700));
#4720=CARTESIAN_POINT('',(-3.7300000000000200E+00,
   -6.9577821304549055E+00,1.0000000000000004E+00));
#4730=DIRECTION('',(0.0000000000000000E+00,0.0000000000000000E+00,
   1.0000000000000000E+00));
#4740=DIRECTION('',(1.0000000000000000E+00,0.0000000000000000E+00,
   0.0000000000000000E+00));
#4750=AXIS2_PLACEMENT_3D('',#4720,#4730,#4740);
#4760=PLANE('',#4750);
#4770=CARTESIAN_POINT('',(-2.2300000000000204E+00,
   -6.9577821304549028E+00,1.0000000000000004E+00));
#4780=DIRECTION('',(1.0000000000000000E+00,0.0000000000000000E+00,
   0.0000000000000000E+00));
#4790=VECTOR('',#4780,1.0000000000000000E+00);
#4800=LINE('',#4770,#4790);
#4810=CARTESIAN_POINT('',(-3.2300000000000200E+00,
   -6.9577821304549028E+00,1.0000000000000004E+00));
#4820=VERTEX_POINT('',#4810);
#4830=EDGE_CURVE('',#4820,#1990,#4800,.T.);
#4840=ORIENTED_EDGE('',*,*,#4830,.F.);
#4850=ORIENTED_EDGE('',*,*,#2000,.F.);
#4860=CARTESIAN_POINT('',(-2.2300000000000204E+00,
   -7.5577821304549060E+00,1.0000000000000004E+00));
#4870=DIRECTION('',(1.0000000000000000E+00,0.0000000000000000E+00,
   0.0000000000000000E+00));
#4880=VECTOR('',#4870,1.0000000000000000E+00);
#4890=LINE('',#4860,#4880);
#4900=CARTESIAN_POINT('',(-3.2300000000000200E+00,
   -7.5577821304549060E+00,1.0000000000000004E+00));
#4910=VERTEX_POINT('',#4900);
#4920=EDGE_CURVE('',#4910,#1910,#4890,.T.);
#4930=ORIENTED_EDGE('',*,*,#4920,.T.);
#4940=CARTESIAN_POINT('',(-3.2300000000000200E+00,
   -5.7909557635968714E+00,1.0000000000000004E+00));
#4950=DIRECTION('',(0.0000000000000000E+00,-1.0000000000000000E+00,
   0.0000000000000000E+00));
#4960=VECTOR('',#4950,1.0000000000000000E+00);
#4970=LINE('',#4940,#4960);
#4980=EDGE_CURVE('',#4820,#4910,#4970,.T.);
#4990=ORIENTED_EDGE('',*,*,#4980,.T.);
#5000=EDGE_LOOP('',(#4990,#4930,#4850,#4840));
#5010=FACE_OUTER_BOUND('',#5000,.T.);
#5020=ADVANCED_FACE('',(#5010),#4760,.T.);
#5030=COLOUR_RGB('',5.0196081399917603E-01,1.0000000000000000E+00,
   5.0196081399917603E-01);
#5040=FILL_AREA_STYLE_COLOUR('',#5030);
#5050=FILL_AREA_STYLE('',(#5040));
#5060=SURFACE_STYLE_FILL_AREA(#5050);
#5070=SURFACE_SIDE_STYLE('',(#5060));
#5080=SURFACE_STYLE_USAGE(.BOTH.,#5070);
#5090=PRESENTATION_STYLE_ASSIGNMENT((#5080));
#5100=CARTESIAN_POINT('',(7.6999999999997959E-01,-5.7909557635968714E+00
   ,5.0000000000000000E+00));
#5110=DIRECTION('',(0.0000000000000000E+00,-1.0000000000000000E+00,
   0.0000000000000000E+00));
#5120=DIRECTION('',(0.0000000000000000E+00,0.0000000000000000E+00,
   -1.0000000000000000E+00));
#5130=AXIS2_PLACEMENT_3D('',#5100,#5110,#5120);
#5140=CYLINDRICAL_SURFACE('',#5130,5.0000000000000000E-01);
#5150=CARTESIAN_POINT('',(7.6999999999997959E-01,-7.5577821304549060E+00
   ,5.0000000000000000E+00));
#5160=DIRECTION('',(0.0000000000000000E+00,-1.0000000000000000E+00,
   0.0000000000000000E+00));
#5170=DIRECTION('',(0.0000000000000000E+00,0.0000000000000000E+00,
   -1.0000000000000000E+00));
#5180=AXIS2_PLACEMENT_3D('',#5150,#5160,#5170);
#5190=CIRCLE('',#5180,5.0000000000000000E-01);
#5200=EDGE_CURVE('',#3770,#1060,#5190,.T.);
#5210=ORIENTED_EDGE('',*,*,#5200,.F.);
#5220=ORIENTED_EDGE('',*,*,#1070,.T.);
#5230=CARTESIAN_POINT('',(7.6999999999997959E-01,-6.9577821304549028E+00
   ,5.0000000000000000E+00));
#5240=DIRECTION('',(0.0000000000000000E+00,-1.0000000000000000E+00,
   0.0000000000000000E+00));
#5250=DIRECTION('',(0.0000000000000000E+00,0.0000000000000000E+00,
   -1.0000000000000000E+00));
#5260=AXIS2_PLACEMENT_3D('',#5230,#5240,#5250);
#5270=CIRCLE('',#5260,5.0000000000000000E-01);
#5280=EDGE_CURVE('',#3610,#980,#5270,.T.);
#5290=ORIENTED_EDGE('',*,*,#5280,.T.);
#5300=ORIENTED_EDGE('',*,*,#3840,.F.);
#5310=EDGE_LOOP('',(#5300,#5290,#5220,#5210));
#5320=FACE_OUTER_BOUND('',#5310,.T.);
#5330=ADVANCED_FACE('',(#5320),#5140,.T.);
#5340=COLOUR_RGB('',5.0196081399917603E-01,1.0000000000000000E+00,
   5.0196081399917603E-01);
#5350=FILL_AREA_STYLE_COLOUR('',#5340);
#5360=FILL_AREA_STYLE('',(#5350));
#5370=SURFACE_STYLE_FILL_AREA(#5360);
#5380=SURFACE_SIDE_STYLE('',(#5370));
#5390=SURFACE_STYLE_USAGE(.BOTH.,#5380);
#5400=PRESENTATION_STYLE_ASSIGNMENT((#5390));
#5410=CARTESIAN_POINT('',(-2.3000000000002041E-01,
   -5.7909557635968714E+00,-4.9999999999999956E-01));
#5420=DIRECTION('',(0.0000000000000000E+00,-1.0000000000000000E+00,
   0.0000000000000000E+00));
#5430=DIRECTION('',(0.0000000000000000E+00,0.0000000000000000E+00,
   -1.0000000000000000E+00));
#5440=AXIS2_PLACEMENT_3D('',#5410,#5420,#5430);
#5450=CYLINDRICAL_SURFACE('',#5440,5.0000000000000000E-01);
#5460=CARTESIAN_POINT('',(-2.3000000000002041E-01,
   -6.9577821304549028E+00,-4.9999999999999956E-01));
#5470=DIRECTION('',(0.0000000000000000E+00,-1.0000000000000000E+00,
   0.0000000000000000E+00));
#5480=DIRECTION('',(0.0000000000000000E+00,0.0000000000000000E+00,
   -1.0000000000000000E+00));
#5490=AXIS2_PLACEMENT_3D('',#5460,#5470,#5480);
#5500=CIRCLE('',#5490,5.0000000000000000E-01);
#5510=CARTESIAN_POINT('',(2.6999999999997959E-01,-6.9577821304549028E+00
   ,-4.9999999999999956E-01));
#5520=VERTEX_POINT('',#5510);
#5530=CARTESIAN_POINT('',(-2.3000000000002035E-01,
   -6.9577821304549028E+00,4.4408920985006262E-16));
#5540=VERTEX_POINT('',#5530);
#5550=EDGE_CURVE('',#5520,#5540,#5500,.T.);
#5560=ORIENTED_EDGE('',*,*,#5550,.F.);
#5570=CARTESIAN_POINT('',(-2.3000000000002035E-01,
   -5.7909557635968714E+00,4.4408920985006262E-16));
#5580=DIRECTION('',(0.0000000000000000E+00,-1.0000000000000000E+00,
   0.0000000000000000E+00));
#5590=VECTOR('',#5580,1.0000000000000000E+00);
#5600=LINE('',#5570,#5590);
#5610=CARTESIAN_POINT('',(-2.3000000000002035E-01,
   -7.5577821304549060E+00,4.4408920985006262E-16));
#5620=VERTEX_POINT('',#5610);
#5630=EDGE_CURVE('',#5540,#5620,#5600,.T.);
#5640=ORIENTED_EDGE('',*,*,#5630,.F.);
#5650=CARTESIAN_POINT('',(-2.3000000000002041E-01,
   -7.5577821304549060E+00,-4.9999999999999956E-01));
#5660=DIRECTION('',(0.0000000000000000E+00,-1.0000000000000000E+00,
   0.0000000000000000E+00));
#5670=DIRECTION('',(0.0000000000000000E+00,0.0000000000000000E+00,
   -1.0000000000000000E+00));
#5680=AXIS2_PLACEMENT_3D('',#5650,#5660,#5670);
#5690=CIRCLE('',#5680,5.0000000000000000E-01);
#5700=CARTESIAN_POINT('',(2.6999999999997959E-01,-7.5577821304549060E+00
   ,-4.9999999999999956E-01));
#5710=VERTEX_POINT('',#5700);
#5720=EDGE_CURVE('',#5710,#5620,#5690,.T.);
#5730=ORIENTED_EDGE('',*,*,#5720,.T.);
#5740=CARTESIAN_POINT('',(2.6999999999997959E-01,-5.7909557635968714E+00
   ,-4.9999999999999956E-01));
#5750=DIRECTION('',(0.0000000000000000E+00,-1.0000000000000000E+00,
   0.0000000000000000E+00));
#5760=VECTOR('',#5750,1.0000000000000000E+00);
#5770=LINE('',#5740,#5760);
#5780=EDGE_CURVE('',#5520,#5710,#5770,.T.);
#5790=ORIENTED_EDGE('',*,*,#5780,.T.);
#5800=EDGE_LOOP('',(#5790,#5730,#5640,#5560));
#5810=FACE_OUTER_BOUND('',#5800,.T.);
#5820=ADVANCED_FACE('',(#5810),#5450,.F.);
#5830=COLOUR_RGB('',5.0196081399917603E-01,1.0000000000000000E+00,
   5.0196081399917603E-01);
#5840=FILL_AREA_STYLE_COLOUR('',#5830);
#5850=FILL_AREA_STYLE('',(#5840));
#5860=SURFACE_STYLE_FILL_AREA(#5850);
#5870=SURFACE_SIDE_STYLE('',(#5860));
#5880=SURFACE_STYLE_USAGE(.BOTH.,#5870);
#5890=PRESENTATION_STYLE_ASSIGNMENT((#5880));
#5900=CARTESIAN_POINT('',(2.6999999999997959E-01,-6.9577821304549055E+00
   ,-6.2000000000000002E+00));
#5910=DIRECTION('',(-1.0000000000000000E+00,0.0000000000000000E+00,
   0.0000000000000000E+00));
#5920=DIRECTION('',(0.0000000000000000E+00,0.0000000000000000E+00,
   1.0000000000000000E+00));
#5930=AXIS2_PLACEMENT_3D('',#5900,#5910,#5920);
#5940=PLANE('',#5930);
#5950=CARTESIAN_POINT('',(2.6999999999997959E-01,-7.5577821304549060E+00
   ,3.0170423393406152E+00));
#5960=DIRECTION('',(0.0000000000000000E+00,0.0000000000000000E+00,
   1.0000000000000000E+00));
#5970=VECTOR('',#5960,1.0000000000000000E+00);
#5980=LINE('',#5950,#5970);
#5990=CARTESIAN_POINT('',(2.6999999999997959E-01,-7.5577821304549060E+00
   ,-4.0000000000000000E+00));
#6000=VERTEX_POINT('',#5990);
#6010=EDGE_CURVE('',#6000,#5710,#5980,.T.);
#6020=ORIENTED_EDGE('',*,*,#6010,.T.);
#6030=CARTESIAN_POINT('',(2.6999999999997959E-01,-5.7909557635968714E+00
   ,-4.0000000000000000E+00));
#6040=DIRECTION('',(0.0000000000000000E+00,1.0000000000000000E+00,
   0.0000000000000000E+00));
#6050=VECTOR('',#6040,1.0000000000000000E+00);
#6060=LINE('',#6030,#6050);
#6070=CARTESIAN_POINT('',(2.6999999999997959E-01,-6.9577821304549028E+00
   ,-4.0000000000000000E+00));
#6080=VERTEX_POINT('',#6070);
#6090=EDGE_CURVE('',#6000,#6080,#6060,.T.);
#6100=ORIENTED_EDGE('',*,*,#6090,.F.);
#6110=CARTESIAN_POINT('',(2.6999999999997959E-01,-6.9577821304549028E+00
   ,3.0170423393406152E+00));
#6120=DIRECTION('',(0.0000000000000000E+00,0.0000000000000000E+00,
   1.0000000000000000E+00));
#6130=VECTOR('',#6120,1.0000000000000000E+00);
#6140=LINE('',#6110,#6130);
#6150=EDGE_CURVE('',#6080,#5520,#6140,.T.);
#6160=ORIENTED_EDGE('',*,*,#6150,.F.);
#6170=ORIENTED_EDGE('',*,*,#5780,.F.);
#6180=EDGE_LOOP('',(#6170,#6160,#6100,#6020));
#6190=FACE_OUTER_BOUND('',#6180,.T.);
#6200=ADVANCED_FACE('',(#6190),#5940,.T.);
#6210=COLOUR_RGB('',5.0196081399917603E-01,1.0000000000000000E+00,
   5.0196081399917603E-01);
#6220=FILL_AREA_STYLE_COLOUR('',#6210);
#6230=FILL_AREA_STYLE('',(#6220));
#6240=SURFACE_STYLE_FILL_AREA(#6230);
#6250=SURFACE_SIDE_STYLE('',(#6240));
#6260=SURFACE_STYLE_USAGE(.BOTH.,#6250);
#6270=PRESENTATION_STYLE_ASSIGNMENT((#6260));
#6280=CARTESIAN_POINT('',(2.6999999999997959E-01,-6.9577821304549055E+00
   ,4.4408920985006262E-16));
#6290=DIRECTION('',(0.0000000000000000E+00,0.0000000000000000E+00,
   -1.0000000000000000E+00));
#6300=DIRECTION('',(-1.0000000000000000E+00,0.0000000000000000E+00,
   0.0000000000000000E+00));
#6310=AXIS2_PLACEMENT_3D('',#6280,#6290,#6300);
#6320=PLANE('',#6310);
#6330=CARTESIAN_POINT('',(-3.2300000000000200E+00,
   -5.7909557635968714E+00,4.4408920985006262E-16));
#6340=DIRECTION('',(0.0000000000000000E+00,-1.0000000000000000E+00,
   0.0000000000000000E+00));
#6350=VECTOR('',#6340,1.0000000000000000E+00);
#6360=LINE('',#6330,#6350);
#6370=CARTESIAN_POINT('',(-3.2300000000000200E+00,
   -6.9577821304549028E+00,4.4408920985006262E-16));
#6380=VERTEX_POINT('',#6370);
#6390=CARTESIAN_POINT('',(-3.2300000000000200E+00,
   -7.5577821304549060E+00,4.4408920985006262E-16));
#6400=VERTEX_POINT('',#6390);
#6410=EDGE_CURVE('',#6380,#6400,#6360,.T.);
#6420=ORIENTED_EDGE('',*,*,#6410,.F.);
#6430=CARTESIAN_POINT('',(-2.2300000000000204E+00,
   -7.5577821304549060E+00,4.4408920985006262E-16));
#6440=DIRECTION('',(-1.0000000000000000E+00,0.0000000000000000E+00,
   0.0000000000000000E+00));
#6450=VECTOR('',#6440,1.0000000000000000E+00);
#6460=LINE('',#6430,#6450);
#6470=EDGE_CURVE('',#5620,#6400,#6460,.T.);
#6480=ORIENTED_EDGE('',*,*,#6470,.T.);
#6490=ORIENTED_EDGE('',*,*,#5630,.T.);
#6500=CARTESIAN_POINT('',(-2.2300000000000204E+00,
   -6.9577821304549028E+00,4.4408920985006262E-16));
#6510=DIRECTION('',(-1.0000000000000000E+00,0.0000000000000000E+00,
   0.0000000000000000E+00));
#6520=VECTOR('',#6510,1.0000000000000000E+00);
#6530=LINE('',#6500,#6520);
#6540=EDGE_CURVE('',#5540,#6380,#6530,.T.);
#6550=ORIENTED_EDGE('',*,*,#6540,.F.);
#6560=EDGE_LOOP('',(#6550,#6490,#6480,#6420));
#6570=FACE_OUTER_BOUND('',#6560,.T.);
#6580=ADVANCED_FACE('',(#6570),#6320,.T.);
#6590=COLOUR_RGB('',5.0196081399917603E-01,1.0000000000000000E+00,
   5.0196081399917603E-01);
#6600=FILL_AREA_STYLE_COLOUR('',#6590);
#6610=FILL_AREA_STYLE('',(#6600));
#6620=SURFACE_STYLE_FILL_AREA(#6610);
#6630=SURFACE_SIDE_STYLE('',(#6620));
#6640=SURFACE_STYLE_USAGE(.BOTH.,#6630);
#6650=PRESENTATION_STYLE_ASSIGNMENT((#6640));
#6660=CARTESIAN_POINT('',(-3.2300000000000200E+00,
   -5.7909557635968714E+00,5.0000000000000044E-01));
#6670=DIRECTION('',(0.0000000000000000E+00,-1.0000000000000000E+00,
   0.0000000000000000E+00));
#6680=DIRECTION('',(0.0000000000000000E+00,0.0000000000000000E+00,
   -1.0000000000000000E+00));
#6690=AXIS2_PLACEMENT_3D('',#6660,#6670,#6680);
#6700=CYLINDRICAL_SURFACE('',#6690,5.0000000000000000E-01);
#6710=ORIENTED_EDGE('',*,*,#4980,.F.);
#6720=CARTESIAN_POINT('',(-3.2300000000000200E+00,
   -7.5577821304549060E+00,5.0000000000000044E-01));
#6730=DIRECTION('',(0.0000000000000000E+00,-1.0000000000000000E+00,
   0.0000000000000000E+00));
#6740=DIRECTION('',(0.0000000000000000E+00,0.0000000000000000E+00,
   -1.0000000000000000E+00));
#6750=AXIS2_PLACEMENT_3D('',#6720,#6730,#6740);
#6760=CIRCLE('',#6750,5.0000000000000000E-01);
#6770=EDGE_CURVE('',#4910,#6400,#6760,.T.);
#6780=ORIENTED_EDGE('',*,*,#6770,.F.);
#6790=ORIENTED_EDGE('',*,*,#6410,.T.);
#6800=CARTESIAN_POINT('',(-3.2300000000000200E+00,
   -6.9577821304549028E+00,5.0000000000000044E-01));
#6810=DIRECTION('',(0.0000000000000000E+00,-1.0000000000000000E+00,
   0.0000000000000000E+00));
#6820=DIRECTION('',(0.0000000000000000E+00,0.0000000000000000E+00,
   -1.0000000000000000E+00));
#6830=AXIS2_PLACEMENT_3D('',#6800,#6810,#6820);
#6840=CIRCLE('',#6830,5.0000000000000000E-01);
#6850=EDGE_CURVE('',#4820,#6380,#6840,.T.);
#6860=ORIENTED_EDGE('',*,*,#6850,.T.);
#6870=EDGE_LOOP('',(#6860,#6790,#6780,#6710));
#6880=FACE_OUTER_BOUND('',#6870,.T.);
#6890=ADVANCED_FACE('',(#6880),#6700,.T.);
#6900=COLOUR_RGB('',5.0196081399917603E-01,1.0000000000000000E+00,
   5.0196081399917603E-01);
#6910=FILL_AREA_STYLE_COLOUR('',#6900);
#6920=FILL_AREA_STYLE('',(#6910));
#6930=SURFACE_STYLE_FILL_AREA(#6920);
#6940=SURFACE_SIDE_STYLE('',(#6930));
#6950=SURFACE_STYLE_USAGE(.BOTH.,#6940);
#6960=PRESENTATION_STYLE_ASSIGNMENT((#6950));
#6970=CARTESIAN_POINT('',(7.6999999999997959E-01,-5.7909557635968714E+00
   ,-4.0000000000000000E+00));
#6980=DIRECTION('',(0.0000000000000000E+00,1.0000000000000000E+00,
   0.0000000000000000E+00));
#6990=DIRECTION('',(0.0000000000000000E+00,0.0000000000000000E+00,
   1.0000000000000000E+00));
#7000=AXIS2_PLACEMENT_3D('',#6970,#6980,#6990);
#7010=CYLINDRICAL_SURFACE('',#7000,5.0000000000000000E-01);
#7020=CARTESIAN_POINT('',(7.6999999999997959E-01,-6.9577821304549028E+00
   ,-4.0000000000000000E+00));
#7030=DIRECTION('',(0.0000000000000000E+00,1.0000000000000000E+00,
   0.0000000000000000E+00));
#7040=DIRECTION('',(0.0000000000000000E+00,0.0000000000000000E+00,
   1.0000000000000000E+00));
#7050=AXIS2_PLACEMENT_3D('',#7020,#7030,#7040);
#7060=CIRCLE('',#7050,5.0000000000000000E-01);
#7070=EDGE_CURVE('',#1610,#6080,#7060,.T.);
#7080=ORIENTED_EDGE('',*,*,#7070,.F.);
#7090=ORIENTED_EDGE('',*,*,#6090,.T.);
#7100=CARTESIAN_POINT('',(7.6999999999997959E-01,-7.5577821304549060E+00
   ,-4.0000000000000000E+00));
#7110=DIRECTION('',(0.0000000000000000E+00,1.0000000000000000E+00,
   0.0000000000000000E+00));
#7120=DIRECTION('',(0.0000000000000000E+00,0.0000000000000000E+00,
   1.0000000000000000E+00));
#7130=AXIS2_PLACEMENT_3D('',#7100,#7110,#7120);
#7140=CIRCLE('',#7130,5.0000000000000000E-01);
#7150=EDGE_CURVE('',#1430,#6000,#7140,.T.);
#7160=ORIENTED_EDGE('',*,*,#7150,.T.);
#7170=ORIENTED_EDGE('',*,*,#1680,.F.);
#7180=EDGE_LOOP('',(#7170,#7160,#7090,#7080));
#7190=FACE_OUTER_BOUND('',#7180,.T.);
#7200=ADVANCED_FACE('',(#7190),#7010,.T.);
#7210=COLOUR_RGB('',5.0196081399917603E-01,1.0000000000000000E+00,
   5.0196081399917603E-01);
#7220=FILL_AREA_STYLE_COLOUR('',#7210);
#7230=FILL_AREA_STYLE('',(#7220));
#7240=SURFACE_STYLE_FILL_AREA(#7230);
#7250=SURFACE_SIDE_STYLE('',(#7240));
#7260=SURFACE_STYLE_USAGE(.BOTH.,#7250);
#7270=PRESENTATION_STYLE_ASSIGNMENT((#7260));
#7280=CARTESIAN_POINT('',(-1.9066824216161351E+01,1.9154220269545121E+01
   ,7.2149355248881761E+00));
#7290=DIRECTION('',(5.0000000000000178E-01,0.0000000000000000E+00,
   -8.6602540378443760E-01));
#7300=DIRECTION('',(-8.6602540378443760E-01,0.0000000000000000E+00,
   -5.0000000000000178E-01));
#7310=AXIS2_PLACEMENT_3D('',#7280,#7290,#7300);
#7320=PLANE('',#7310);
#7330=CARTESIAN_POINT('',(-2.2300000000000204E+00,1.5202217869545114E+01
   ,1.6935680518387375E+01));
#7340=DIRECTION('',(8.6602540378443760E-01,0.0000000000000000E+00,
   5.0000000000000178E-01));
#7350=VECTOR('',#7340,1.0000000000000000E+00);
#7360=LINE('',#7330,#7350);
#7370=CARTESIAN_POINT('',(-2.2383589838486238E+01,1.5202217869545114E+01
   ,5.2999999999999980E+00));
#7380=VERTEX_POINT('',#7370);
#7390=EDGE_CURVE('',#7380,#2890,#7360,.T.);
#7400=ORIENTED_EDGE('',*,*,#7390,.F.);
#7410=ORIENTED_EDGE('',*,*,#2900,.F.);
#7420=CARTESIAN_POINT('',(-2.2300000000000204E+00,
   -6.9577821304549028E+00,1.6935680518387375E+01));
#7430=DIRECTION('',(-8.6602540378443760E-01,0.0000000000000000E+00,
   -5.0000000000000178E-01));
#7440=VECTOR('',#7430,1.0000000000000000E+00);
#7450=LINE('',#7420,#7440);
#7460=CARTESIAN_POINT('',(-2.2383589838486238E+01,
   -6.9577821304549028E+00,5.2999999999999980E+00));
#7470=VERTEX_POINT('',#7460);
#7480=EDGE_CURVE('',#2810,#7470,#7450,.T.);
#7490=ORIENTED_EDGE('',*,*,#7480,.F.);
#7500=CARTESIAN_POINT('',(-2.2383589838486238E+01,
   -5.7909557635968714E+00,5.2999999999999980E+00));
#7510=DIRECTION('',(0.0000000000000000E+00,-1.0000000000000000E+00,
   0.0000000000000000E+00));
#7520=VECTOR('',#7510,1.0000000000000000E+00);
#7530=LINE('',#7500,#7520);
#7540=EDGE_CURVE('',#7380,#7470,#7530,.T.);
#7550=ORIENTED_EDGE('',*,*,#7540,.T.);
#7560=EDGE_LOOP('',(#7550,#7490,#7410,#7400));
#7570=FACE_OUTER_BOUND('',#7560,.T.);
#7580=ADVANCED_FACE('',(#7570),#7320,.F.);
#7590=COLOUR_RGB('',5.0196081399917603E-01,1.0000000000000000E+00,
   5.0196081399917603E-01);
#7600=FILL_AREA_STYLE_COLOUR('',#7590);
#7610=FILL_AREA_STYLE('',(#7600));
#7620=SURFACE_STYLE_FILL_AREA(#7610);
#7630=SURFACE_SIDE_STYLE('',(#7620));
#7640=SURFACE_STYLE_USAGE(.BOTH.,#7630);
#7650=PRESENTATION_STYLE_ASSIGNMENT((#7640));
#7660=CARTESIAN_POINT('',(-1.7297687653753846E+00,
   -7.5577821304549060E+00,-1.1366001328071702E+00));
#7670=DIRECTION('',(0.0000000000000000E+00,-1.0000000000000000E+00,
   0.0000000000000000E+00));
#7680=DIRECTION('',(1.0000000000000000E+00,0.0000000000000000E+00,
   0.0000000000000000E+00));
#7690=AXIS2_PLACEMENT_3D('',#7660,#7670,#7680);
#7700=PLANE('',#7690);
#7710=CARTESIAN_POINT('',(1.2699999999999796E+00,-7.5577821304549060E+00
   ,3.0170423393406152E+00));
#7720=DIRECTION('',(0.0000000000000000E+00,0.0000000000000000E+00,
   -1.0000000000000000E+00));
#7730=VECTOR('',#7720,1.0000000000000000E+00);
#7740=LINE('',#7710,#7730);
#7750=EDGE_CURVE('',#3690,#1450,#7740,.T.);
#7760=ORIENTED_EDGE('',*,*,#7750,.F.);
#7770=ORIENTED_EDGE('',*,*,#1460,.T.);
#7780=ORIENTED_EDGE('',*,*,#7150,.F.);
#7790=ORIENTED_EDGE('',*,*,#6010,.F.);
#7800=ORIENTED_EDGE('',*,*,#5720,.F.);
#7810=ORIENTED_EDGE('',*,*,#6470,.F.);
#7820=ORIENTED_EDGE('',*,*,#6770,.T.);
#7830=ORIENTED_EDGE('',*,*,#4920,.F.);
#7840=ORIENTED_EDGE('',*,*,#1920,.F.);
#7850=ORIENTED_EDGE('',*,*,#1150,.F.);
#7860=ORIENTED_EDGE('',*,*,#5200,.T.);
#7870=ORIENTED_EDGE('',*,*,#3780,.T.);
#7880=EDGE_LOOP('',(#7870,#7860,#7850,#7840,#7830,#7820,#7810,#7800,
   #7790,#7780,#7770,#7760));
#7890=FACE_OUTER_BOUND('',#7880,.T.);
#7900=ADVANCED_FACE('',(#7890),#7700,.T.);
#7910=COLOUR_RGB('',5.0196081399917603E-01,1.0000000000000000E+00,
   5.0196081399917603E-01);
#7920=FILL_AREA_STYLE_COLOUR('',#7910);
#7930=FILL_AREA_STYLE('',(#7920));
#7940=SURFACE_STYLE_FILL_AREA(#7930);
#7950=SURFACE_SIDE_STYLE('',(#7940));
#7960=SURFACE_STYLE_USAGE(.BOTH.,#7950);
#7970=PRESENTATION_STYLE_ASSIGNMENT((#7960));
#7980=CARTESIAN_POINT('',(-2.2300000000000204E+00,
   -9.5778213045489125E-01,6.0999999999999996E+00));
#7990=DIRECTION('',(-1.0000000000000000E+00,0.0000000000000000E+00,
   0.0000000000000000E+00));
#8000=VECTOR('',#7990,1.0000000000000000E+00);
#8010=LINE('',#7980,#8000);
#8020=EDGE_CURVE('',#2310,#2330,#8010,.T.);
#8030=ORIENTED_EDGE('',*,*,#8020,.F.);
#8040=ORIENTED_EDGE('',*,*,#2410,.F.);
#8050=EDGE_LOOP('',(#8040,#8030));
#8060=FACE_OUTER_BOUND('',#8050,.T.);
#8070=ADVANCED_FACE('',(#8060),#2240,.T.);
#8080=COLOUR_RGB('',5.0196081399917603E-01,1.0000000000000000E+00,
   5.0196081399917603E-01);
#8090=FILL_AREA_STYLE_COLOUR('',#8080);
#8100=FILL_AREA_STYLE('',(#8090));
#8110=SURFACE_STYLE_FILL_AREA(#8100);
#8120=SURFACE_SIDE_STYLE('',(#8110));
#8130=SURFACE_STYLE_USAGE(.BOTH.,#8120);
#8140=PRESENTATION_STYLE_ASSIGNMENT((#8130));
#8150=CARTESIAN_POINT('',(-2.3048554944639459E+01,2.6426435960597878E+01
   ,6.0999999999999996E+00));
#8160=DIRECTION('',(0.0000000000000000E+00,0.0000000000000000E+00,
   1.0000000000000000E+00));
#8170=DIRECTION('',(1.0000000000000000E+00,0.0000000000000000E+00,
   0.0000000000000000E+00));
#8180=AXIS2_PLACEMENT_3D('',#8150,#8160,#8170);
#8190=PLANE('',#8180);
#8200=ORIENTED_EDGE('',*,*,#8020,.T.);
#8210=ORIENTED_EDGE('',*,*,#2340,.F.);
#8220=EDGE_LOOP('',(#8210,#8200));
#8230=FACE_OUTER_BOUND('',#8220,.T.);
#8240=ADVANCED_FACE('',(#8230),#8190,.T.);
#8250=COLOUR_RGB('',5.0196081399917603E-01,1.0000000000000000E+00,
   5.0196081399917603E-01);
#8260=FILL_AREA_STYLE_COLOUR('',#8250);
#8270=FILL_AREA_STYLE('',(#8260));
#8280=SURFACE_STYLE_FILL_AREA(#8270);
#8290=SURFACE_SIDE_STYLE('',(#8280));
#8300=SURFACE_STYLE_USAGE(.BOTH.,#8290);
#8310=PRESENTATION_STYLE_ASSIGNMENT((#8300));
#8320=CARTESIAN_POINT('',(-1.4390769515458693E+01,9.2022178695451053E+00
   ,6.6999999999999993E+00));
#8330=DIRECTION('',(5.0000000000000022E-01,0.0000000000000000E+00,
   -8.6602540378443860E-01));
#8340=DIRECTION('',(-8.6602540378443860E-01,0.0000000000000000E+00,
   -5.0000000000000022E-01));
#8350=AXIS2_PLACEMENT_3D('',#8320,#8330,#8340);
#8360=PLANE('',#8350);
#8370=CARTESIAN_POINT('',(-2.2300000000000204E+00,
   -6.9577821304549028E+00,1.3721023553303063E+01));
#8380=DIRECTION('',(-8.6602540378443860E-01,0.0000000000000000E+00,
   -5.0000000000000022E-01));
#8390=VECTOR('',#8380,1.0000000000000000E+00);
#8400=LINE('',#8370,#8390);
#8410=CARTESIAN_POINT('',(-1.4217564434701808E+01,
   -6.9577821304549028E+00,6.7999999999999989E+00));
#8420=VERTEX_POINT('',#8410);
#8430=EDGE_CURVE('',#8420,#2730,#8400,.T.);
#8440=ORIENTED_EDGE('',*,*,#8430,.F.);
#8450=ORIENTED_EDGE('',*,*,#2740,.T.);
#8460=CARTESIAN_POINT('',(-1.6642435565298236E+01,
   -9.5778213045486815E-01,5.3999999999999986E+00));
#8470=DIRECTION('',(5.0000000000000022E-01,-0.0000000000000000E+00,
   -8.6602540378443860E-01));
#8480=DIRECTION('',(-8.6602540378443860E-01,0.0000000000000000E+00,
   -5.0000000000000022E-01));
#8490=AXIS2_PLACEMENT_3D('',#8460,#8470,#8480);
#8500=ELLIPSE('',#8490,2.0000000000000000E+00,1.0000000000000004E+00);
#8510=CARTESIAN_POINT('',(-1.4910384757729359E+01,
   -9.5778213045486815E-01,6.3999999999999986E+00));
#8520=VERTEX_POINT('',#8510);
#8530=EDGE_CURVE('',#8520,#2650,#8500,.T.);
#8540=ORIENTED_EDGE('',*,*,#8530,.T.);
#8550=EDGE_CURVE('',#2520,#8520,#8500,.T.);
#8560=ORIENTED_EDGE('',*,*,#8550,.T.);
#8570=ORIENTED_EDGE('',*,*,#2530,.T.);
#8580=CARTESIAN_POINT('',(-1.6642435565298236E+01,9.2022178695450805E+00
   ,5.3999999999999986E+00));
#8590=DIRECTION('',(-5.0000000000000022E-01,0.0000000000000000E+00,
   8.6602540378443860E-01));
#8600=DIRECTION('',(-8.6602540378443860E-01,0.0000000000000000E+00,
   -5.0000000000000022E-01));
#8610=AXIS2_PLACEMENT_3D('',#8580,#8590,#8600);
#8620=ELLIPSE('',#8610,2.0000000000000000E+00,1.0000000000000004E+00);
#8630=CARTESIAN_POINT('',(-1.4910384757729359E+01,9.2022178695450805E+00
   ,6.3999999999999986E+00));
#8640=VERTEX_POINT('',#8630);
#8650=EDGE_CURVE('',#2500,#8640,#8620,.T.);
#8660=ORIENTED_EDGE('',*,*,#8650,.F.);
#8670=EDGE_CURVE('',#8640,#3050,#8620,.T.);
#8680=ORIENTED_EDGE('',*,*,#8670,.F.);
#8690=ORIENTED_EDGE('',*,*,#3060,.T.);
#8700=CARTESIAN_POINT('',(-2.2300000000000204E+00,1.5202217869545114E+01
   ,1.3721023553303063E+01));
#8710=DIRECTION('',(8.6602540378443860E-01,0.0000000000000000E+00,
   5.0000000000000022E-01));
#8720=VECTOR('',#8710,1.0000000000000000E+00);
#8730=LINE('',#8700,#8720);
#8740=CARTESIAN_POINT('',(-1.4217564434701808E+01,1.5202217869545114E+01
   ,6.7999999999999989E+00));
#8750=VERTEX_POINT('',#8740);
#8760=EDGE_CURVE('',#2970,#8750,#8730,.T.);
#8770=ORIENTED_EDGE('',*,*,#8760,.F.);
#8780=CARTESIAN_POINT('',(-1.4217564434701808E+01,
   -5.7909557635968714E+00,6.7999999999999989E+00));
#8790=DIRECTION('',(0.0000000000000000E+00,1.0000000000000000E+00,
   0.0000000000000000E+00));
#8800=VECTOR('',#8790,1.0000000000000000E+00);
#8810=LINE('',#8780,#8800);
#8820=EDGE_CURVE('',#8420,#8750,#8810,.T.);
#8830=ORIENTED_EDGE('',*,*,#8820,.T.);
#8840=EDGE_LOOP('',(#8830,#8770,#8690,#8680,#8660,#8570,#8560,#8540,
   #8450,#8440));
#8850=FACE_OUTER_BOUND('',#8840,.T.);
#8860=ADVANCED_FACE('',(#8850),#8360,.F.);
#8870=COLOUR_RGB('',5.0196081399917603E-01,1.0000000000000000E+00,
   5.0196081399917603E-01);
#8880=FILL_AREA_STYLE_COLOUR('',#8870);
#8890=FILL_AREA_STYLE('',(#8880));
#8900=SURFACE_STYLE_FILL_AREA(#8890);
#8910=SURFACE_SIDE_STYLE('',(#8900));
#8920=SURFACE_STYLE_USAGE(.BOTH.,#8910);
#8930=PRESENTATION_STYLE_ASSIGNMENT((#8920));
#8940=CARTESIAN_POINT('',(-2.2300000000000204E+00,9.2022178695451213E+00
   ,6.0999999999999996E+00));
#8950=DIRECTION('',(1.0000000000000000E+00,0.0000000000000000E+00,
   0.0000000000000000E+00));
#8960=VECTOR('',#8950,1.0000000000000000E+00);
#8970=LINE('',#8940,#8960);
#8980=EDGE_CURVE('',#3270,#3290,#8970,.T.);
#8990=ORIENTED_EDGE('',*,*,#8980,.F.);
#9000=ORIENTED_EDGE('',*,*,#3370,.F.);
#9010=EDGE_LOOP('',(#9000,#8990));
#9020=FACE_OUTER_BOUND('',#9010,.T.);
#9030=ADVANCED_FACE('',(#9020),#2240,.T.);
#9040=COLOUR_RGB('',5.0196081399917603E-01,1.0000000000000000E+00,
   5.0196081399917603E-01);
#9050=FILL_AREA_STYLE_COLOUR('',#9040);
#9060=FILL_AREA_STYLE('',(#9050));
#9070=SURFACE_STYLE_FILL_AREA(#9060);
#9080=SURFACE_SIDE_STYLE('',(#9070));
#9090=SURFACE_STYLE_USAGE(.BOTH.,#9080);
#9100=PRESENTATION_STYLE_ASSIGNMENT((#9090));
#9110=CARTESIAN_POINT('',(-1.5080724500000011E+01,9.2022178695450805E+00
   ,5.3999999999999986E+00));
#9120=DIRECTION('',(-1.0000000000000000E+00,0.0000000000000000E+00,
   0.0000000000000000E+00));
#9130=DIRECTION('',(0.0000000000000000E+00,0.0000000000000000E+00,
   1.0000000000000000E+00));
#9140=AXIS2_PLACEMENT_3D('',#9110,#9120,#9130);
#9150=CYLINDRICAL_SURFACE('',#9140,1.0000000000000004E+00);
#9160=CARTESIAN_POINT('',(-1.5080724500000011E+01,9.2022178695450805E+00
   ,6.3999999999999986E+00));
#9170=DIRECTION('',(-1.0000000000000000E+00,0.0000000000000000E+00,
   0.0000000000000000E+00));
#9180=VECTOR('',#9170,1.0000000000000000E+00);
#9190=LINE('',#9160,#9180);
#9200=CARTESIAN_POINT('',(-1.5430000000000021E+01,9.2022178695450805E+00
   ,6.3999999999999995E+00));
#9210=VERTEX_POINT('',#9200);
#9220=EDGE_CURVE('',#8640,#9210,#9190,.T.);
#9230=ORIENTED_EDGE('',*,*,#9220,.T.);
#9240=ORIENTED_EDGE('',*,*,#8650,.T.);
#9250=CARTESIAN_POINT('',(-1.5430000000000021E+01,9.2022178695450805E+00
   ,5.3999999999999995E+00));
#9260=DIRECTION('',(1.0000000000000000E+00,0.0000000000000000E+00,
   0.0000000000000000E+00));
#9270=DIRECTION('',(0.0000000000000000E+00,-1.0000000000000000E+00,
   0.0000000000000000E+00));
#9280=AXIS2_PLACEMENT_3D('',#9250,#9260,#9270);
#9290=CIRCLE('',#9280,1.0000000000000000E+00);
#9300=EDGE_CURVE('',#9210,#2500,#9290,.T.);
#9310=ORIENTED_EDGE('',*,*,#9300,.T.);
#9320=EDGE_LOOP('',(#9310,#9240,#9230));
#9330=FACE_OUTER_BOUND('',#9320,.T.);
#9340=ADVANCED_FACE('',(#9330),#9150,.T.);
#9350=COLOUR_RGB('',5.0196081399917603E-01,1.0000000000000000E+00,
   5.0196081399917603E-01);
#9360=FILL_AREA_STYLE_COLOUR('',#9350);
#9370=FILL_AREA_STYLE('',(#9360));
#9380=SURFACE_STYLE_FILL_AREA(#9370);
#9390=SURFACE_SIDE_STYLE('',(#9380));
#9400=SURFACE_STYLE_USAGE(.BOTH.,#9390);
#9410=PRESENTATION_STYLE_ASSIGNMENT((#9400));
#9420=CARTESIAN_POINT('',(-1.6451625421160296E+00,
   -7.2630393434366525E-01,6.2500000000000053E+00));
#9430=DIRECTION('',(0.0000000000000000E+00,0.0000000000000000E+00,
   1.0000000000000000E+00));
#9440=DIRECTION('',(1.0000000000000000E+00,0.0000000000000000E+00,
   0.0000000000000000E+00));
#9450=AXIS2_PLACEMENT_3D('',#9420,#9430,#9440);
#9460=PLANE('',#9450);
#9470=ORIENTED_EDGE('',*,*,#670,.T.);
#9480=ORIENTED_EDGE('',*,*,#4530,.T.);
#9490=ORIENTED_EDGE('',*,*,#220,.T.);
#9500=EDGE_LOOP('',(#9490,#9480,#9470));
#9510=FACE_OUTER_BOUND('',#9500,.T.);
#9520=ADVANCED_FACE('',(#9510),#9460,.T.);
#9530=COLOUR_RGB('',5.0196081399917603E-01,1.0000000000000000E+00,
   5.0196081399917603E-01);
#9540=FILL_AREA_STYLE_COLOUR('',#9530);
#9550=FILL_AREA_STYLE('',(#9540));
#9560=SURFACE_STYLE_FILL_AREA(#9550);
#9570=SURFACE_SIDE_STYLE('',(#9560));
#9580=SURFACE_STYLE_USAGE(.BOTH.,#9570);
#9590=PRESENTATION_STYLE_ASSIGNMENT((#9580));
#9600=CARTESIAN_POINT('',(-1.5430000000000021E+01,9.2022178695450805E+00
   ,5.3999999999999995E+00));
#9610=DIRECTION('',(1.0000000000000000E+00,0.0000000000000000E+00,
   0.0000000000000000E+00));
#9620=DIRECTION('',(1.0000000000000000E+00,0.0000000000000000E+00,
   0.0000000000000000E+00));
#9630=AXIS2_PLACEMENT_3D('',#9600,#9610,#9620);
#9640=SPHERICAL_SURFACE('',#9630,1.0000000000000000E+00);
#9650=ORIENTED_EDGE('',*,*,#3170,.T.);
#9660=CARTESIAN_POINT('',(-1.5430000000000021E+01,9.2022178695450805E+00
   ,5.3999999999999995E+00));
#9670=DIRECTION('',(0.0000000000000000E+00,1.0000000000000000E+00,
   0.0000000000000000E+00));
#9680=DIRECTION('',(1.0000000000000000E+00,0.0000000000000000E+00,
   0.0000000000000000E+00));
#9690=AXIS2_PLACEMENT_3D('',#9660,#9670,#9680);
#9700=CIRCLE('',#9690,1.0000000000000000E+00);
#9710=EDGE_CURVE('',#3140,#9210,#9700,.T.);
#9720=ORIENTED_EDGE('',*,*,#9710,.F.);
#9730=ORIENTED_EDGE('',*,*,#9300,.F.);
#9740=EDGE_LOOP('',(#9730,#9720,#9650));
#9750=FACE_OUTER_BOUND('',#9740,.T.);
#9760=ADVANCED_FACE('',(#9750),#9640,.T.);
#9770=COLOUR_RGB('',5.0196081399917603E-01,1.0000000000000000E+00,
   5.0196081399917603E-01);
#9780=FILL_AREA_STYLE_COLOUR('',#9770);
#9790=FILL_AREA_STYLE('',(#9780));
#9800=SURFACE_STYLE_FILL_AREA(#9790);
#9810=SURFACE_SIDE_STYLE('',(#9800));
#9820=SURFACE_STYLE_USAGE(.BOTH.,#9810);
#9830=PRESENTATION_STYLE_ASSIGNMENT((#9820));
#9840=CARTESIAN_POINT('',(-7.8631674798819962E+00,2.8876406081617084E+01
   ,6.7999999999999989E+00));
#9850=DIRECTION('',(0.0000000000000000E+00,0.0000000000000000E+00,
   1.0000000000000000E+00));
#9860=DIRECTION('',(1.0000000000000000E+00,0.0000000000000000E+00,
   0.0000000000000000E+00));
#9870=AXIS2_PLACEMENT_3D('',#9840,#9850,#9860);
#9880=PLANE('',#9870);
#9890=CARTESIAN_POINT('',(-2.2300000000000204E+00,1.5202217869545114E+01
   ,6.7999999999999989E+00));
#9900=DIRECTION('',(-1.0000000000000000E+00,0.0000000000000000E+00,
   0.0000000000000000E+00));
#9910=VECTOR('',#9900,1.0000000000000000E+00);
#9920=LINE('',#9890,#9910);
#9930=CARTESIAN_POINT('',(-1.7300000000000262E+00,1.5202217869545114E+01
   ,6.7999999999999989E+00));
#9940=VERTEX_POINT('',#9930);
#9950=EDGE_CURVE('',#9940,#8750,#9920,.T.);
#9960=ORIENTED_EDGE('',*,*,#9950,.T.);
#9970=CARTESIAN_POINT('',(-1.7300000000000262E+00,
   -5.7909557635968714E+00,6.7999999999999989E+00));
#9980=DIRECTION('',(0.0000000000000000E+00,-1.0000000000000000E+00,
   0.0000000000000000E+00));
#9990=VECTOR('',#9980,1.0000000000000000E+00);
#10000=LINE('',#9970,#9990);
#10010=CARTESIAN_POINT('',(-1.7300000000000262E+00,
   -6.9577821304549028E+00,6.7999999999999989E+00));
#10020=VERTEX_POINT('',#10010);
#10030=EDGE_CURVE('',#9940,#10020,#10000,.T.);
#10040=ORIENTED_EDGE('',*,*,#10030,.F.);
#10050=CARTESIAN_POINT('',(-2.2300000000000204E+00,
   -6.9577821304549028E+00,6.7999999999999989E+00));
#10060=DIRECTION('',(1.0000000000000000E+00,0.0000000000000000E+00,
   0.0000000000000000E+00));
#10070=VECTOR('',#10060,1.0000000000000000E+00);
#10080=LINE('',#10050,#10070);
#10090=EDGE_CURVE('',#8420,#10020,#10080,.T.);
#10100=ORIENTED_EDGE('',*,*,#10090,.T.);
#10110=ORIENTED_EDGE('',*,*,#8820,.F.);
#10120=EDGE_LOOP('',(#10110,#10100,#10040,#9960));
#10130=FACE_OUTER_BOUND('',#10120,.T.);
#10140=ADVANCED_FACE('',(#10130),#9880,.T.);
#10150=COLOUR_RGB('',5.0196081399917603E-01,1.0000000000000000E+00,
   5.0196081399917603E-01);
#10160=FILL_AREA_STYLE_COLOUR('',#10150);
#10170=FILL_AREA_STYLE('',(#10160));
#10180=SURFACE_STYLE_FILL_AREA(#10170);
#10190=SURFACE_SIDE_STYLE('',(#10180));
#10200=SURFACE_STYLE_USAGE(.BOTH.,#10190);
#10210=PRESENTATION_STYLE_ASSIGNMENT((#10200));
#10220=CARTESIAN_POINT('',(-2.3048554944639459E+01,
   2.6426435960597878E+01,6.0999999999999996E+00));
#10230=DIRECTION('',(0.0000000000000000E+00,0.0000000000000000E+00,
   1.0000000000000000E+00));
#10240=DIRECTION('',(1.0000000000000000E+00,0.0000000000000000E+00,
   0.0000000000000000E+00));
#10250=AXIS2_PLACEMENT_3D('',#10220,#10230,#10240);
#10260=PLANE('',#10250);
#10270=ORIENTED_EDGE('',*,*,#8980,.T.);
#10280=ORIENTED_EDGE('',*,*,#3300,.F.);
#10290=EDGE_LOOP('',(#10280,#10270));
#10300=FACE_OUTER_BOUND('',#10290,.T.);
#10310=ADVANCED_FACE('',(#10300),#10260,.T.);
#10320=COLOUR_RGB('',5.0196081399917603E-01,1.0000000000000000E+00,
   5.0196081399917603E-01);
#10330=FILL_AREA_STYLE_COLOUR('',#10320);
#10340=FILL_AREA_STYLE('',(#10330));
#10350=SURFACE_STYLE_FILL_AREA(#10340);
#10360=SURFACE_SIDE_STYLE('',(#10350));
#10370=SURFACE_STYLE_USAGE(.BOTH.,#10360);
#10380=PRESENTATION_STYLE_ASSIGNMENT((#10370));
#10390=CARTESIAN_POINT('',(-1.9399868639406240E+01,
   1.5202217869545114E+01,-4.4658740000000039E+00));
#10400=DIRECTION('',(0.0000000000000000E+00,1.0000000000000000E+00,
   -0.0000000000000000E+00));
#10410=DIRECTION('',(-1.0000000000000000E+00,0.0000000000000000E+00,
   0.0000000000000000E+00));
#10420=AXIS2_PLACEMENT_3D('',#10390,#10400,#10410);
#10430=PLANE('',#10420);
#10440=CARTESIAN_POINT('',(-2.2300000000000204E+00,
   1.5202217869545114E+01,-6.2000000000000002E+00));
#10450=DIRECTION('',(-1.0000000000000000E+00,0.0000000000000000E+00,
   0.0000000000000000E+00));
#10460=VECTOR('',#10450,1.0000000000000000E+00);
#10470=LINE('',#10440,#10460);
#10480=CARTESIAN_POINT('',(1.2699999999999796E+00,1.5202217869545114E+01
   ,-6.2000000000000002E+00));
#10490=VERTEX_POINT('',#10480);
#10500=CARTESIAN_POINT('',(-3.0730000000000022E+01,
   1.5202217869545114E+01,-6.2000000000000002E+00));
#10510=VERTEX_POINT('',#10500);
#10520=EDGE_CURVE('',#10490,#10510,#10470,.T.);
#10530=ORIENTED_EDGE('',*,*,#10520,.T.);
#10540=CARTESIAN_POINT('',(1.2699999999999796E+00,1.5202217869545114E+01
   ,3.0170423393406152E+00));
#10550=DIRECTION('',(0.0000000000000000E+00,0.0000000000000000E+00,
   1.0000000000000000E+00));
#10560=VECTOR('',#10550,1.0000000000000000E+00);
#10570=LINE('',#10540,#10560);
#10580=CARTESIAN_POINT('',(1.2699999999999796E+00,1.5202217869545114E+01
   ,-4.5000000000000000E+00));
#10590=VERTEX_POINT('',#10580);
#10600=EDGE_CURVE('',#10490,#10590,#10570,.T.);
#10610=ORIENTED_EDGE('',*,*,#10600,.F.);
#10620=CARTESIAN_POINT('',(-2.2300000000000204E+00,
   1.5202217869545114E+01,-4.5000000000000000E+00));
#10630=DIRECTION('',(1.0000000000000000E+00,0.0000000000000000E+00,
   0.0000000000000000E+00));
#10640=VECTOR('',#10630,1.0000000000000000E+00);
#10650=LINE('',#10620,#10640);
#10660=CARTESIAN_POINT('',(7.6999999999997970E-01,1.5202217869545114E+01
   ,-4.5000000000000000E+00));
#10670=VERTEX_POINT('',#10660);
#10680=EDGE_CURVE('',#10670,#10590,#10650,.T.);
#10690=ORIENTED_EDGE('',*,*,#10680,.T.);
#10700=CARTESIAN_POINT('',(7.6999999999997959E-01,1.5202217869545114E+01
   ,-4.0000000000000000E+00));
#10710=DIRECTION('',(0.0000000000000000E+00,1.0000000000000000E+00,
   0.0000000000000000E+00));
#10720=DIRECTION('',(0.0000000000000000E+00,0.0000000000000000E+00,
   1.0000000000000000E+00));
#10730=AXIS2_PLACEMENT_3D('',#10700,#10710,#10720);
#10740=CIRCLE('',#10730,5.0000000000000000E-01);
#10750=CARTESIAN_POINT('',(2.6999999999997959E-01,1.5202217869545114E+01
   ,-4.0000000000000000E+00));
#10760=VERTEX_POINT('',#10750);
#10770=EDGE_CURVE('',#10670,#10760,#10740,.T.);
#10780=ORIENTED_EDGE('',*,*,#10770,.F.);
#10790=CARTESIAN_POINT('',(2.6999999999997959E-01,1.5202217869545114E+01
   ,3.0170423393406152E+00));
#10800=DIRECTION('',(0.0000000000000000E+00,0.0000000000000000E+00,
   1.0000000000000000E+00));
#10810=VECTOR('',#10800,1.0000000000000000E+00);
#10820=LINE('',#10790,#10810);
#10830=CARTESIAN_POINT('',(2.6999999999997959E-01,1.5202217869545114E+01
   ,-4.9999999999999956E-01));
#10840=VERTEX_POINT('',#10830);
#10850=EDGE_CURVE('',#10760,#10840,#10820,.T.);
#10860=ORIENTED_EDGE('',*,*,#10850,.F.);
#10870=CARTESIAN_POINT('',(-2.3000000000002041E-01,
   1.5202217869545114E+01,-4.9999999999999956E-01));
#10880=DIRECTION('',(0.0000000000000000E+00,-1.0000000000000000E+00,
   0.0000000000000000E+00));
#10890=DIRECTION('',(0.0000000000000000E+00,0.0000000000000000E+00,
   -1.0000000000000000E+00));
#10900=AXIS2_PLACEMENT_3D('',#10870,#10880,#10890);
#10910=CIRCLE('',#10900,5.0000000000000000E-01);
#10920=CARTESIAN_POINT('',(-2.3000000000002035E-01,
   1.5202217869545114E+01,4.4408920985006262E-16));
#10930=VERTEX_POINT('',#10920);
#10940=EDGE_CURVE('',#10840,#10930,#10910,.T.);
#10950=ORIENTED_EDGE('',*,*,#10940,.F.);
#10960=CARTESIAN_POINT('',(-2.2300000000000204E+00,
   1.5202217869545114E+01,4.4408920985006262E-16));
#10970=DIRECTION('',(-1.0000000000000000E+00,0.0000000000000000E+00,
   0.0000000000000000E+00));
#10980=VECTOR('',#10970,1.0000000000000000E+00);
#10990=LINE('',#10960,#10980);
#11000=CARTESIAN_POINT('',(-3.2300000000000200E+00,
   1.5202217869545114E+01,4.4408920985006262E-16));
#11010=VERTEX_POINT('',#11000);
#11020=EDGE_CURVE('',#10930,#11010,#10990,.T.);
#11030=ORIENTED_EDGE('',*,*,#11020,.F.);
#11040=CARTESIAN_POINT('',(-3.2300000000000200E+00,
   1.5202217869545114E+01,5.0000000000000044E-01));
#11050=DIRECTION('',(0.0000000000000000E+00,-1.0000000000000000E+00,
   0.0000000000000000E+00));
#11060=DIRECTION('',(0.0000000000000000E+00,0.0000000000000000E+00,
   -1.0000000000000000E+00));
#11070=AXIS2_PLACEMENT_3D('',#11040,#11050,#11060);
#11080=CIRCLE('',#11070,5.0000000000000000E-01);
#11090=CARTESIAN_POINT('',(-3.2300000000000200E+00,
   1.5202217869545114E+01,1.0000000000000004E+00));
#11100=VERTEX_POINT('',#11090);
#11110=EDGE_CURVE('',#11100,#11010,#11080,.T.);
#11120=ORIENTED_EDGE('',*,*,#11110,.T.);
#11130=CARTESIAN_POINT('',(-2.2300000000000204E+00,
   1.5202217869545114E+01,1.0000000000000004E+00));
#11140=DIRECTION('',(1.0000000000000000E+00,0.0000000000000000E+00,
   0.0000000000000000E+00));
#11150=VECTOR('',#11140,1.0000000000000000E+00);
#11160=LINE('',#11130,#11150);
#11170=CARTESIAN_POINT('',(-2.3000000000002041E-01,
   1.5202217869545114E+01,1.0000000000000004E+00));
#11180=VERTEX_POINT('',#11170);
#11190=EDGE_CURVE('',#11100,#11180,#11160,.T.);
#11200=ORIENTED_EDGE('',*,*,#11190,.F.);
#11210=CARTESIAN_POINT('',(-2.3000000000002041E-01,
   1.5202217869545114E+01,1.5000000000000004E+00));
#11220=DIRECTION('',(0.0000000000000000E+00,-1.0000000000000000E+00,
   0.0000000000000000E+00));
#11230=DIRECTION('',(0.0000000000000000E+00,0.0000000000000000E+00,
   -1.0000000000000000E+00));
#11240=AXIS2_PLACEMENT_3D('',#11210,#11220,#11230);
#11250=CIRCLE('',#11240,5.0000000000000000E-01);
#11260=CARTESIAN_POINT('',(2.6999999999997959E-01,1.5202217869545114E+01
   ,1.5000000000000004E+00));
#11270=VERTEX_POINT('',#11260);
#11280=EDGE_CURVE('',#11180,#11270,#11250,.T.);
#11290=ORIENTED_EDGE('',*,*,#11280,.F.);
#11300=CARTESIAN_POINT('',(2.6999999999997959E-01,1.5202217869545114E+01
   ,3.0170423393406152E+00));
#11310=DIRECTION('',(0.0000000000000000E+00,0.0000000000000000E+00,
   1.0000000000000000E+00));
#11320=VECTOR('',#11310,1.0000000000000000E+00);
#11330=LINE('',#11300,#11320);
#11340=CARTESIAN_POINT('',(2.6999999999997959E-01,1.5202217869545114E+01
   ,5.0000000000000000E+00));
#11350=VERTEX_POINT('',#11340);
#11360=EDGE_CURVE('',#11270,#11350,#11330,.T.);
#11370=ORIENTED_EDGE('',*,*,#11360,.F.);
#11380=CARTESIAN_POINT('',(7.6999999999997959E-01,1.5202217869545114E+01
   ,5.0000000000000000E+00));
#11390=DIRECTION('',(0.0000000000000000E+00,-1.0000000000000000E+00,
   0.0000000000000000E+00));
#11400=DIRECTION('',(0.0000000000000000E+00,0.0000000000000000E+00,
   -1.0000000000000000E+00));
#11410=AXIS2_PLACEMENT_3D('',#11380,#11390,#11400);
#11420=CIRCLE('',#11410,5.0000000000000000E-01);
#11430=CARTESIAN_POINT('',(7.6999999999997970E-01,1.5202217869545114E+01
   ,5.5000000000000000E+00));
#11440=VERTEX_POINT('',#11430);
#11450=EDGE_CURVE('',#11440,#11350,#11420,.T.);
#11460=ORIENTED_EDGE('',*,*,#11450,.T.);
#11470=CARTESIAN_POINT('',(-2.2300000000000204E+00,
   1.5202217869545114E+01,5.5000000000000000E+00));
#11480=DIRECTION('',(-1.0000000000000000E+00,0.0000000000000000E+00,
   0.0000000000000000E+00));
#11490=VECTOR('',#11480,1.0000000000000000E+00);
#11500=LINE('',#11470,#11490);
#11510=CARTESIAN_POINT('',(1.2699999999999796E+00,1.5202217869545114E+01
   ,5.5000000000000000E+00));
#11520=VERTEX_POINT('',#11510);
#11530=EDGE_CURVE('',#11520,#11440,#11500,.T.);
#11540=ORIENTED_EDGE('',*,*,#11530,.T.);
#11550=CARTESIAN_POINT('',(1.2699999999999800E+00,1.5202217869545114E+01
   ,6.3500000000000094E+00));
#11560=VERTEX_POINT('',#11550);
#11570=EDGE_CURVE('',#11520,#11560,#10570,.T.);
#11580=ORIENTED_EDGE('',*,*,#11570,.F.);
#11590=CARTESIAN_POINT('',(-2.2300000000000204E+00,
   1.5202217869545114E+01,7.8136363636363679E+00));
#11600=DIRECTION('',(9.2257987714506351E-01,-0.0000000000000000E+00,
   -3.8580613044247963E-01));
#11610=VECTOR('',#11600,1.0000000000000000E+00);
#11620=LINE('',#11590,#11610);
#11630=EDGE_CURVE('',#4060,#11560,#11620,.T.);
#11640=ORIENTED_EDGE('',*,*,#11630,.T.);
#11650=ORIENTED_EDGE('',*,*,#4090,.F.);
#11660=CARTESIAN_POINT('',(-1.7300000000000262E+00,
   1.5202217869545114E+01,3.0170423393406152E+00));
#11670=DIRECTION('',(0.0000000000000000E+00,0.0000000000000000E+00,
   -1.0000000000000000E+00));
#11680=VECTOR('',#11670,1.0000000000000000E+00);
#11690=LINE('',#11660,#11680);
#11700=EDGE_CURVE('',#4080,#9940,#11690,.T.);
#11710=ORIENTED_EDGE('',*,*,#11700,.F.);
#11720=ORIENTED_EDGE('',*,*,#9950,.F.);
#11730=ORIENTED_EDGE('',*,*,#8760,.T.);
#11740=ORIENTED_EDGE('',*,*,#2980,.F.);
#11750=ORIENTED_EDGE('',*,*,#7390,.T.);
#11760=CARTESIAN_POINT('',(-2.2300000000000204E+00,
   1.5202217869545114E+01,5.2999999999999980E+00));
#11770=DIRECTION('',(1.0000000000000000E+00,0.0000000000000000E+00,
   0.0000000000000000E+00));
#11780=VECTOR('',#11770,1.0000000000000000E+00);
#11790=LINE('',#11760,#11780);
#11800=CARTESIAN_POINT('',(-3.0730000000000022E+01,
   1.5202217869545114E+01,5.2999999999999980E+00));
#11810=VERTEX_POINT('',#11800);
#11820=EDGE_CURVE('',#11810,#7380,#11790,.T.);
#11830=ORIENTED_EDGE('',*,*,#11820,.T.);
#11840=CARTESIAN_POINT('',(-3.0730000000000022E+01,
   1.5202217869545114E+01,3.0170423393406152E+00));
#11850=DIRECTION('',(0.0000000000000000E+00,0.0000000000000000E+00,
   -1.0000000000000000E+00));
#11860=VECTOR('',#11850,1.0000000000000000E+00);
#11870=LINE('',#11840,#11860);
#11880=EDGE_CURVE('',#11810,#10510,#11870,.T.);
#11890=ORIENTED_EDGE('',*,*,#11880,.F.);
#11900=EDGE_LOOP('',(#11890,#11830,#11750,#11740,#11730,#11720,#11710,
   #11650,#11640,#11580,#11540,#11460,#11370,#11290,#11200,#11120,#11030
   ,#10950,#10860,#10780,#10690,#10610,#10530));
#11910=FACE_OUTER_BOUND('',#11900,.T.);
#11920=CARTESIAN_POINT('',(-3.0019204187422030E+01,
   1.5202217869545114E+01,4.5892041874220757E+00));
#11930=DIRECTION('',(0.0000000000000000E+00,1.0000000000000000E+00,
   0.0000000000000000E+00));
#11940=DIRECTION('',(-1.0000000000000000E+00,0.0000000000000000E+00,
   0.0000000000000000E+00));
#11950=AXIS2_PLACEMENT_3D('',#11920,#11930,#11940);
#11960=CIRCLE('',#11950,2.1079581257799873E-01);
#11970=CARTESIAN_POINT('',(-3.0230000000000029E+01,
   1.5202217869545114E+01,4.5892041874220757E+00));
#11980=VERTEX_POINT('',#11970);
#11990=CARTESIAN_POINT('',(-3.0019204187422030E+01,
   1.5202217869545114E+01,4.8000000000000744E+00));
#12000=VERTEX_POINT('',#11990);
#12010=EDGE_CURVE('',#11980,#12000,#11960,.T.);
#12020=ORIENTED_EDGE('',*,*,#12010,.F.);
#12030=CARTESIAN_POINT('',(-2.2300000000000204E+00,
   1.5202217869545114E+01,4.7999999999999963E+00));
#12040=DIRECTION('',(-1.0000000000000000E+00,0.0000000000000000E+00,
   0.0000000000000000E+00));
#12050=VECTOR('',#12040,1.0000000000000000E+00);
#12060=LINE('',#12030,#12050);
#12070=CARTESIAN_POINT('',(-2.7440795812578028E+01,
   1.5202217869545114E+01,4.7999999999999963E+00));
#12080=VERTEX_POINT('',#12070);
#12090=EDGE_CURVE('',#12080,#12000,#12060,.T.);
#12100=ORIENTED_EDGE('',*,*,#12090,.T.);
#12110=CARTESIAN_POINT('',(-2.7440795812578028E+01,
   1.5202217869545114E+01,4.5892041874220757E+00));
#12120=DIRECTION('',(0.0000000000000000E+00,1.0000000000000000E+00,
   0.0000000000000000E+00));
#12130=DIRECTION('',(-1.0000000000000000E+00,0.0000000000000000E+00,
   0.0000000000000000E+00));
#12140=AXIS2_PLACEMENT_3D('',#12110,#12120,#12130);
#12150=CIRCLE('',#12140,2.1079581257792057E-01);
#12160=CARTESIAN_POINT('',(-2.7230000000000107E+01,
   1.5202217869545114E+01,4.5892041874220757E+00));
#12170=VERTEX_POINT('',#12160);
#12180=EDGE_CURVE('',#12080,#12170,#12150,.T.);
#12190=ORIENTED_EDGE('',*,*,#12180,.F.);
#12200=CARTESIAN_POINT('',(-2.7230000000000029E+01,
   1.5202217869545114E+01,3.0170423393406152E+00));
#12210=DIRECTION('',(0.0000000000000000E+00,0.0000000000000000E+00,
   1.0000000000000000E+00));
#12220=VECTOR('',#12210,1.0000000000000000E+00);
#12230=LINE('',#12200,#12220);
#12240=CARTESIAN_POINT('',(-2.7230000000000029E+01,
   1.5202217869545114E+01,2.0107958125779168E+00));
#12250=VERTEX_POINT('',#12240);
#12260=EDGE_CURVE('',#12250,#12170,#12230,.T.);
#12270=ORIENTED_EDGE('',*,*,#12260,.T.);
#12280=CARTESIAN_POINT('',(-2.7440795812578028E+01,
   1.5202217869545114E+01,2.0107958125779168E+00));
#12290=DIRECTION('',(0.0000000000000000E+00,1.0000000000000000E+00,
   0.0000000000000000E+00));
#12300=DIRECTION('',(-1.0000000000000000E+00,0.0000000000000000E+00,
   0.0000000000000000E+00));
#12310=AXIS2_PLACEMENT_3D('',#12280,#12290,#12300);
#12320=CIRCLE('',#12310,2.1079581257799873E-01);
#12330=CARTESIAN_POINT('',(-2.7440795812578028E+01,
   1.5202217869545114E+01,1.7999999999999963E+00));
#12340=VERTEX_POINT('',#12330);
#12350=EDGE_CURVE('',#12250,#12340,#12320,.T.);
#12360=ORIENTED_EDGE('',*,*,#12350,.F.);
#12370=CARTESIAN_POINT('',(-2.2300000000000204E+00,
   1.5202217869545114E+01,1.7999999999999963E+00));
#12380=DIRECTION('',(1.0000000000000000E+00,0.0000000000000000E+00,
   0.0000000000000000E+00));
#12390=VECTOR('',#12380,1.0000000000000000E+00);
#12400=LINE('',#12370,#12390);
#12410=CARTESIAN_POINT('',(-3.0019204187422030E+01,
   1.5202217869545114E+01,1.7999999999999963E+00));
#12420=VERTEX_POINT('',#12410);
#12430=EDGE_CURVE('',#12420,#12340,#12400,.T.);
#12440=ORIENTED_EDGE('',*,*,#12430,.T.);
#12450=CARTESIAN_POINT('',(-3.0019204187422030E+01,
   1.5202217869545114E+01,2.0107958125779168E+00));
#12460=DIRECTION('',(0.0000000000000000E+00,1.0000000000000000E+00,
   0.0000000000000000E+00));
#12470=DIRECTION('',(-1.0000000000000000E+00,0.0000000000000000E+00,
   0.0000000000000000E+00));
#12480=AXIS2_PLACEMENT_3D('',#12450,#12460,#12470);
#12490=CIRCLE('',#12480,2.1079581257792057E-01);
#12500=CARTESIAN_POINT('',(-3.0229999999999951E+01,
   1.5202217869545114E+01,2.0107958125779168E+00));
#12510=VERTEX_POINT('',#12500);
#12520=EDGE_CURVE('',#12420,#12510,#12490,.T.);
#12530=ORIENTED_EDGE('',*,*,#12520,.F.);
#12540=CARTESIAN_POINT('',(-3.0230000000000029E+01,
   1.5202217869545114E+01,3.0170423393406152E+00));
#12550=DIRECTION('',(0.0000000000000000E+00,0.0000000000000000E+00,
   -1.0000000000000000E+00));
#12560=VECTOR('',#12550,1.0000000000000000E+00);
#12570=LINE('',#12540,#12560);
#12580=EDGE_CURVE('',#11980,#12510,#12570,.T.);
#12590=ORIENTED_EDGE('',*,*,#12580,.T.);
#12600=EDGE_LOOP('',(#12590,#12530,#12440,#12360,#12270,#12190,#12100,
   #12020));
#12610=FACE_BOUND('',#12600,.T.);
#12620=ADVANCED_FACE('',(#11910,#12610),#10430,.T.);
#12630=COLOUR_RGB('',5.0196081399917603E-01,1.0000000000000000E+00,
   5.0196081399917603E-01);
#12640=FILL_AREA_STYLE_COLOUR('',#12630);
#12650=FILL_AREA_STYLE('',(#12640));
#12660=SURFACE_STYLE_FILL_AREA(#12650);
#12670=SURFACE_SIDE_STYLE('',(#12660));
#12680=SURFACE_STYLE_USAGE(.BOTH.,#12670);
#12690=PRESENTATION_STYLE_ASSIGNMENT((#12680));
#12700=CARTESIAN_POINT('',(-2.7440795812578028E+01,
   1.5202217869545114E+01,4.5892041874220757E+00));
#12710=DIRECTION('',(0.0000000000000000E+00,1.0000000000000000E+00,
   0.0000000000000000E+00));
#12720=DIRECTION('',(-1.0000000000000000E+00,0.0000000000000000E+00,
   0.0000000000000000E+00));
#12730=AXIS2_PLACEMENT_3D('',#12700,#12710,#12720);
#12740=CYLINDRICAL_SURFACE('',#12730,2.1079581257792057E-01);
#12750=ORIENTED_EDGE('',*,*,#12180,.T.);
#12760=CARTESIAN_POINT('',(-2.7440795812578028E+01,
   1.5202217869545114E+01,4.7999999999999963E+00));
#12770=DIRECTION('',(0.0000000000000000E+00,-1.0000000000000000E+00,
   0.0000000000000000E+00));
#12780=VECTOR('',#12770,1.0000000000000000E+00);
#12790=LINE('',#12760,#12780);
#12800=CARTESIAN_POINT('',(-2.7440795812578028E+01,
   1.5102217869545113E+01,4.7999999999999963E+00));
#12810=VERTEX_POINT('',#12800);
#12820=EDGE_CURVE('',#12080,#12810,#12790,.T.);
#12830=ORIENTED_EDGE('',*,*,#12820,.F.);
#12840=CARTESIAN_POINT('',(-2.7440795812578028E+01,
   1.5102217869545113E+01,4.5892041874220757E+00));
#12850=DIRECTION('',(0.0000000000000000E+00,1.0000000000000000E+00,
   0.0000000000000000E+00));
#12860=DIRECTION('',(-1.0000000000000000E+00,0.0000000000000000E+00,
   0.0000000000000000E+00));
#12870=AXIS2_PLACEMENT_3D('',#12840,#12850,#12860);
#12880=CIRCLE('',#12870,2.1079581257792057E-01);
#12890=CARTESIAN_POINT('',(-2.7230000000000107E+01,
   1.5102217869545113E+01,4.5892041874220757E+00));
#12900=VERTEX_POINT('',#12890);
#12910=EDGE_CURVE('',#12810,#12900,#12880,.T.);
#12920=ORIENTED_EDGE('',*,*,#12910,.F.);
#12930=CARTESIAN_POINT('',(-2.7230000000000107E+01,
   1.5202217869545114E+01,4.5892041874220757E+00));
#12940=DIRECTION('',(0.0000000000000000E+00,1.0000000000000000E+00,
   0.0000000000000000E+00));
#12950=VECTOR('',#12940,1.0000000000000000E+00);
#12960=LINE('',#12930,#12950);
#12970=EDGE_CURVE('',#12900,#12170,#12960,.T.);
#12980=ORIENTED_EDGE('',*,*,#12970,.F.);
#12990=EDGE_LOOP('',(#12980,#12920,#12830,#12750));
#13000=FACE_OUTER_BOUND('',#12990,.T.);
#13010=ADVANCED_FACE('',(#13000),#12740,.F.);
#13020=COLOUR_RGB('',5.0196081399917603E-01,1.0000000000000000E+00,
   5.0196081399917603E-01);
#13030=FILL_AREA_STYLE_COLOUR('',#13020);
#13040=FILL_AREA_STYLE('',(#13030));
#13050=SURFACE_STYLE_FILL_AREA(#13040);
#13060=SURFACE_SIDE_STYLE('',(#13050));
#13070=SURFACE_STYLE_USAGE(.BOTH.,#13060);
#13080=PRESENTATION_STYLE_ASSIGNMENT((#13070));
#13090=CARTESIAN_POINT('',(-2.7440795812578028E+01,
   1.5202217869545114E+01,1.7999999999999963E+00));
#13100=DIRECTION('',(0.0000000000000000E+00,0.0000000000000000E+00,
   -1.0000000000000000E+00));
#13110=DIRECTION('',(1.0000000000000000E+00,0.0000000000000000E+00,
   0.0000000000000000E+00));
#13120=AXIS2_PLACEMENT_3D('',#13090,#13100,#13110);
#13130=PLANE('',#13120);
#13140=ORIENTED_EDGE('',*,*,#12430,.F.);
#13150=CARTESIAN_POINT('',(-2.7440795812578028E+01,
   1.5202217869545114E+01,1.7999999999999963E+00));
#13160=DIRECTION('',(0.0000000000000000E+00,-1.0000000000000000E+00,
   0.0000000000000000E+00));
#13170=VECTOR('',#13160,1.0000000000000000E+00);
#13180=LINE('',#13150,#13170);
#13190=CARTESIAN_POINT('',(-2.7440795812578028E+01,
   1.5102217869545113E+01,1.7999999999999963E+00));
#13200=VERTEX_POINT('',#13190);
#13210=EDGE_CURVE('',#12340,#13200,#13180,.T.);
#13220=ORIENTED_EDGE('',*,*,#13210,.F.);
#13230=CARTESIAN_POINT('',(-3.0019204187422030E+01,
   1.5102217869545113E+01,1.7999999999999963E+00));
#13240=DIRECTION('',(1.0000000000000000E+00,0.0000000000000000E+00,
   0.0000000000000000E+00));
#13250=VECTOR('',#13240,1.0000000000000000E+00);
#13260=LINE('',#13230,#13250);
#13270=CARTESIAN_POINT('',(-3.0019204187422030E+01,
   1.5102217869545113E+01,1.7999999999999963E+00));
#13280=VERTEX_POINT('',#13270);
#13290=EDGE_CURVE('',#13280,#13200,#13260,.T.);
#13300=ORIENTED_EDGE('',*,*,#13290,.T.);
#13310=CARTESIAN_POINT('',(-3.0019204187422030E+01,
   1.5202217869545114E+01,1.7999999999999963E+00));
#13320=DIRECTION('',(0.0000000000000000E+00,-1.0000000000000000E+00,
   0.0000000000000000E+00));
#13330=VECTOR('',#13320,1.0000000000000000E+00);
#13340=LINE('',#13310,#13330);
#13350=EDGE_CURVE('',#12420,#13280,#13340,.T.);
#13360=ORIENTED_EDGE('',*,*,#13350,.T.);
#13370=EDGE_LOOP('',(#13360,#13300,#13220,#13140));
#13380=FACE_OUTER_BOUND('',#13370,.T.);
#13390=ADVANCED_FACE('',(#13380),#13130,.F.);
#13400=COLOUR_RGB('',5.0196081399917603E-01,1.0000000000000000E+00,
   5.0196081399917603E-01);
#13410=FILL_AREA_STYLE_COLOUR('',#13400);
#13420=FILL_AREA_STYLE('',(#13410));
#13430=SURFACE_STYLE_FILL_AREA(#13420);
#13440=SURFACE_SIDE_STYLE('',(#13430));
#13450=SURFACE_STYLE_USAGE(.BOTH.,#13440);
#13460=PRESENTATION_STYLE_ASSIGNMENT((#13450));
#13470=CARTESIAN_POINT('',(-2.7440795812578028E+01,
   1.5202217869545114E+01,2.0107958125779168E+00));
#13480=DIRECTION('',(0.0000000000000000E+00,1.0000000000000000E+00,
   0.0000000000000000E+00));
#13490=DIRECTION('',(-1.0000000000000000E+00,0.0000000000000000E+00,
   0.0000000000000000E+00));
#13500=AXIS2_PLACEMENT_3D('',#13470,#13480,#13490);
#13510=CYLINDRICAL_SURFACE('',#13500,2.1079581257799873E-01);
#13520=ORIENTED_EDGE('',*,*,#12350,.T.);
#13530=CARTESIAN_POINT('',(-2.7230000000000029E+01,
   1.5202217869545114E+01,2.0107958125779168E+00));
#13540=DIRECTION('',(0.0000000000000000E+00,1.0000000000000000E+00,
   0.0000000000000000E+00));
#13550=VECTOR('',#13540,1.0000000000000000E+00);
#13560=LINE('',#13530,#13550);
#13570=CARTESIAN_POINT('',(-2.7230000000000029E+01,
   1.5102217869545113E+01,2.0107958125779168E+00));
#13580=VERTEX_POINT('',#13570);
#13590=EDGE_CURVE('',#13580,#12250,#13560,.T.);
#13600=ORIENTED_EDGE('',*,*,#13590,.T.);
#13610=CARTESIAN_POINT('',(-2.7440795812578028E+01,
   1.5102217869545113E+01,2.0107958125779168E+00));
#13620=DIRECTION('',(0.0000000000000000E+00,1.0000000000000000E+00,
   0.0000000000000000E+00));
#13630=DIRECTION('',(-1.0000000000000000E+00,0.0000000000000000E+00,
   0.0000000000000000E+00));
#13640=AXIS2_PLACEMENT_3D('',#13610,#13620,#13630);
#13650=CIRCLE('',#13640,2.1079581257799873E-01);
#13660=EDGE_CURVE('',#13580,#13200,#13650,.T.);
#13670=ORIENTED_EDGE('',*,*,#13660,.F.);
#13680=ORIENTED_EDGE('',*,*,#13210,.T.);
#13690=EDGE_LOOP('',(#13680,#13670,#13600,#13520));
#13700=FACE_OUTER_BOUND('',#13690,.T.);
#13710=ADVANCED_FACE('',(#13700),#13510,.F.);
#13720=COLOUR_RGB('',5.0196081399917603E-01,1.0000000000000000E+00,
   5.0196081399917603E-01);
#13730=FILL_AREA_STYLE_COLOUR('',#13720);
#13740=FILL_AREA_STYLE('',(#13730));
#13750=SURFACE_STYLE_FILL_AREA(#13740);
#13760=SURFACE_SIDE_STYLE('',(#13750));
#13770=SURFACE_STYLE_USAGE(.BOTH.,#13760);
#13780=PRESENTATION_STYLE_ASSIGNMENT((#13770));
#13790=CARTESIAN_POINT('',(-2.7230000000000029E+01,
   1.5202217869545114E+01,4.5892041874220757E+00));
#13800=DIRECTION('',(1.0000000000000000E+00,0.0000000000000000E+00,
   -0.0000000000000000E+00));
#13810=DIRECTION('',(0.0000000000000000E+00,0.0000000000000000E+00,
   1.0000000000000000E+00));
#13820=AXIS2_PLACEMENT_3D('',#13790,#13800,#13810);
#13830=PLANE('',#13820);
#13840=ORIENTED_EDGE('',*,*,#12260,.F.);
#13850=ORIENTED_EDGE('',*,*,#12970,.T.);
#13860=CARTESIAN_POINT('',(-2.7230000000000029E+01,
   1.5102217869545113E+01,4.5892041874220757E+00));
#13870=DIRECTION('',(0.0000000000000000E+00,0.0000000000000000E+00,
   -1.0000000000000000E+00));
#13880=VECTOR('',#13870,1.0000000000000000E+00);
#13890=LINE('',#13860,#13880);
#13900=EDGE_CURVE('',#12900,#13580,#13890,.T.);
#13910=ORIENTED_EDGE('',*,*,#13900,.F.);
#13920=ORIENTED_EDGE('',*,*,#13590,.F.);
#13930=EDGE_LOOP('',(#13920,#13910,#13850,#13840));
#13940=FACE_OUTER_BOUND('',#13930,.T.);
#13950=ADVANCED_FACE('',(#13940),#13830,.F.);
#13960=COLOUR_RGB('',5.0196081399917603E-01,1.0000000000000000E+00,
   5.0196081399917603E-01);
#13970=FILL_AREA_STYLE_COLOUR('',#13960);
#13980=FILL_AREA_STYLE('',(#13970));
#13990=SURFACE_STYLE_FILL_AREA(#13980);
#14000=SURFACE_SIDE_STYLE('',(#13990));
#14010=SURFACE_STYLE_USAGE(.BOTH.,#14000);
#14020=PRESENTATION_STYLE_ASSIGNMENT((#14010));
#14030=CARTESIAN_POINT('',(-3.0019204187422030E+01,
   1.5202217869545114E+01,4.7999999999999963E+00));
#14040=DIRECTION('',(0.0000000000000000E+00,0.0000000000000000E+00,
   1.0000000000000000E+00));
#14050=DIRECTION('',(-1.0000000000000000E+00,0.0000000000000000E+00,
   0.0000000000000000E+00));
#14060=AXIS2_PLACEMENT_3D('',#14030,#14040,#14050);
#14070=PLANE('',#14060);
#14080=ORIENTED_EDGE('',*,*,#12090,.F.);
#14090=CARTESIAN_POINT('',(-3.0019204187422030E+01,
   1.5202217869545114E+01,4.7999999999999963E+00));
#14100=DIRECTION('',(0.0000000000000000E+00,-1.0000000000000000E+00,
   0.0000000000000000E+00));
#14110=VECTOR('',#14100,1.0000000000000000E+00);
#14120=LINE('',#14090,#14110);
#14130=CARTESIAN_POINT('',(-3.0019204187422030E+01,
   1.5102217869545113E+01,4.7999999999999963E+00));
#14140=VERTEX_POINT('',#14130);
#14150=EDGE_CURVE('',#12000,#14140,#14120,.T.);
#14160=ORIENTED_EDGE('',*,*,#14150,.F.);
#14170=CARTESIAN_POINT('',(-2.7440795812578028E+01,
   1.5102217869545113E+01,4.7999999999999963E+00));
#14180=DIRECTION('',(-1.0000000000000000E+00,0.0000000000000000E+00,
   0.0000000000000000E+00));
#14190=VECTOR('',#14180,1.0000000000000000E+00);
#14200=LINE('',#14170,#14190);
#14210=EDGE_CURVE('',#12810,#14140,#14200,.T.);
#14220=ORIENTED_EDGE('',*,*,#14210,.T.);
#14230=ORIENTED_EDGE('',*,*,#12820,.T.);
#14240=EDGE_LOOP('',(#14230,#14220,#14160,#14080));
#14250=FACE_OUTER_BOUND('',#14240,.T.);
#14260=ADVANCED_FACE('',(#14250),#14070,.F.);
#14270=COLOUR_RGB('',5.0196081399917603E-01,1.0000000000000000E+00,
   5.0196081399917603E-01);
#14280=FILL_AREA_STYLE_COLOUR('',#14270);
#14290=FILL_AREA_STYLE('',(#14280));
#14300=SURFACE_STYLE_FILL_AREA(#14290);
#14310=SURFACE_SIDE_STYLE('',(#14300));
#14320=SURFACE_STYLE_USAGE(.BOTH.,#14310);
#14330=PRESENTATION_STYLE_ASSIGNMENT((#14320));
#14340=CARTESIAN_POINT('',(-3.0019204187422030E+01,
   1.5202217869545114E+01,4.5892041874220757E+00));
#14350=DIRECTION('',(0.0000000000000000E+00,1.0000000000000000E+00,
   0.0000000000000000E+00));
#14360=DIRECTION('',(-1.0000000000000000E+00,0.0000000000000000E+00,
   0.0000000000000000E+00));
#14370=AXIS2_PLACEMENT_3D('',#14340,#14350,#14360);
#14380=CYLINDRICAL_SURFACE('',#14370,2.1079581257799873E-01);
#14390=ORIENTED_EDGE('',*,*,#12010,.T.);
#14400=CARTESIAN_POINT('',(-3.0230000000000029E+01,
   1.5202217869545114E+01,4.5892041874220757E+00));
#14410=DIRECTION('',(0.0000000000000000E+00,1.0000000000000000E+00,
   0.0000000000000000E+00));
#14420=VECTOR('',#14410,1.0000000000000000E+00);
#14430=LINE('',#14400,#14420);
#14440=CARTESIAN_POINT('',(-3.0230000000000029E+01,
   1.5102217869545113E+01,4.5892041874220757E+00));
#14450=VERTEX_POINT('',#14440);
#14460=EDGE_CURVE('',#14450,#11980,#14430,.T.);
#14470=ORIENTED_EDGE('',*,*,#14460,.T.);
#14480=CARTESIAN_POINT('',(-3.0019204187422030E+01,
   1.5102217869545113E+01,4.5892041874220757E+00));
#14490=DIRECTION('',(0.0000000000000000E+00,1.0000000000000000E+00,
   0.0000000000000000E+00));
#14500=DIRECTION('',(-1.0000000000000000E+00,0.0000000000000000E+00,
   0.0000000000000000E+00));
#14510=AXIS2_PLACEMENT_3D('',#14480,#14490,#14500);
#14520=CIRCLE('',#14510,2.1079581257799873E-01);
#14530=EDGE_CURVE('',#14450,#14140,#14520,.T.);
#14540=ORIENTED_EDGE('',*,*,#14530,.F.);
#14550=ORIENTED_EDGE('',*,*,#14150,.T.);
#14560=EDGE_LOOP('',(#14550,#14540,#14470,#14390));
#14570=FACE_OUTER_BOUND('',#14560,.T.);
#14580=ADVANCED_FACE('',(#14570),#14380,.F.);
#14590=COLOUR_RGB('',5.0196081399917603E-01,1.0000000000000000E+00,
   5.0196081399917603E-01);
#14600=FILL_AREA_STYLE_COLOUR('',#14590);
#14610=FILL_AREA_STYLE('',(#14600));
#14620=SURFACE_STYLE_FILL_AREA(#14610);
#14630=SURFACE_SIDE_STYLE('',(#14620));
#14640=SURFACE_STYLE_USAGE(.BOTH.,#14630);
#14650=PRESENTATION_STYLE_ASSIGNMENT((#14640));
#14660=CARTESIAN_POINT('',(-3.0230000000000029E+01,
   1.5202217869545114E+01,2.0107958125779168E+00));
#14670=DIRECTION('',(-1.0000000000000000E+00,-0.0000000000000000E+00,
   -0.0000000000000000E+00));
#14680=DIRECTION('',(0.0000000000000000E+00,0.0000000000000000E+00,
   -1.0000000000000000E+00));
#14690=AXIS2_PLACEMENT_3D('',#14660,#14670,#14680);
#14700=PLANE('',#14690);
#14710=ORIENTED_EDGE('',*,*,#12580,.F.);
#14720=CARTESIAN_POINT('',(-3.0229999999999951E+01,
   1.5202217869545114E+01,2.0107958125779168E+00));
#14730=DIRECTION('',(0.0000000000000000E+00,1.0000000000000000E+00,
   0.0000000000000000E+00));
#14740=VECTOR('',#14730,1.0000000000000000E+00);
#14750=LINE('',#14720,#14740);
#14760=CARTESIAN_POINT('',(-3.0229999999999951E+01,
   1.5102217869545113E+01,2.0107958125779168E+00));
#14770=VERTEX_POINT('',#14760);
#14780=EDGE_CURVE('',#14770,#12510,#14750,.T.);
#14790=ORIENTED_EDGE('',*,*,#14780,.T.);
#14800=CARTESIAN_POINT('',(-3.0230000000000029E+01,
   1.5102217869545113E+01,4.5892041874220757E+00));
#14810=DIRECTION('',(0.0000000000000000E+00,0.0000000000000000E+00,
   -1.0000000000000000E+00));
#14820=VECTOR('',#14810,1.0000000000000000E+00);
#14830=LINE('',#14800,#14820);
#14840=EDGE_CURVE('',#14450,#14770,#14830,.T.);
#14850=ORIENTED_EDGE('',*,*,#14840,.T.);
#14860=ORIENTED_EDGE('',*,*,#14460,.F.);
#14870=EDGE_LOOP('',(#14860,#14850,#14790,#14710));
#14880=FACE_OUTER_BOUND('',#14870,.T.);
#14890=ADVANCED_FACE('',(#14880),#14700,.F.);
#14900=COLOUR_RGB('',5.0196081399917603E-01,1.0000000000000000E+00,
   5.0196081399917603E-01);
#14910=FILL_AREA_STYLE_COLOUR('',#14900);
#14920=FILL_AREA_STYLE('',(#14910));
#14930=SURFACE_STYLE_FILL_AREA(#14920);
#14940=SURFACE_SIDE_STYLE('',(#14930));
#14950=SURFACE_STYLE_USAGE(.BOTH.,#14940);
#14960=PRESENTATION_STYLE_ASSIGNMENT((#14950));
#14970=CARTESIAN_POINT('',(-3.0019204187422030E+01,
   1.5202217869545114E+01,2.0107958125779168E+00));
#14980=DIRECTION('',(0.0000000000000000E+00,1.0000000000000000E+00,
   0.0000000000000000E+00));
#14990=DIRECTION('',(-1.0000000000000000E+00,0.0000000000000000E+00,
   0.0000000000000000E+00));
#15000=AXIS2_PLACEMENT_3D('',#14970,#14980,#14990);
#15010=CYLINDRICAL_SURFACE('',#15000,2.1079581257792057E-01);
#15020=ORIENTED_EDGE('',*,*,#12520,.T.);
#15030=ORIENTED_EDGE('',*,*,#13350,.F.);
#15040=CARTESIAN_POINT('',(-3.0019204187422030E+01,
   1.5102217869545113E+01,2.0107958125779168E+00));
#15050=DIRECTION('',(0.0000000000000000E+00,1.0000000000000000E+00,
   0.0000000000000000E+00));
#15060=DIRECTION('',(-1.0000000000000000E+00,0.0000000000000000E+00,
   0.0000000000000000E+00));
#15070=AXIS2_PLACEMENT_3D('',#15040,#15050,#15060);
#15080=CIRCLE('',#15070,2.1079581257792057E-01);
#15090=EDGE_CURVE('',#13280,#14770,#15080,.T.);
#15100=ORIENTED_EDGE('',*,*,#15090,.F.);
#15110=ORIENTED_EDGE('',*,*,#14780,.F.);
#15120=EDGE_LOOP('',(#15110,#15100,#15030,#15020));
#15130=FACE_OUTER_BOUND('',#15120,.T.);
#15140=ADVANCED_FACE('',(#15130),#15010,.F.);
#15150=COLOUR_RGB('',5.0196081399917603E-01,1.0000000000000000E+00,
   5.0196081399917603E-01);
#15160=FILL_AREA_STYLE_COLOUR('',#15150);
#15170=FILL_AREA_STYLE('',(#15160));
#15180=SURFACE_STYLE_FILL_AREA(#15170);
#15190=SURFACE_SIDE_STYLE('',(#15180));
#15200=SURFACE_STYLE_USAGE(.BOTH.,#15190);
#15210=PRESENTATION_STYLE_ASSIGNMENT((#15200));
#15220=CARTESIAN_POINT('',(-2.7950882267384355E+01,
   1.5102217869545113E+01,-3.8461948511254374E-01));
#15230=DIRECTION('',(0.0000000000000000E+00,1.0000000000000000E+00,
   -0.0000000000000000E+00));
#15240=DIRECTION('',(-1.0000000000000000E+00,0.0000000000000000E+00,
   0.0000000000000000E+00));
#15250=AXIS2_PLACEMENT_3D('',#15220,#15230,#15240);
#15260=PLANE('',#15250);
#15270=ORIENTED_EDGE('',*,*,#13290,.F.);
#15280=ORIENTED_EDGE('',*,*,#13660,.T.);
#15290=ORIENTED_EDGE('',*,*,#13900,.T.);
#15300=ORIENTED_EDGE('',*,*,#12910,.T.);
#15310=ORIENTED_EDGE('',*,*,#14210,.F.);
#15320=ORIENTED_EDGE('',*,*,#14530,.T.);
#15330=ORIENTED_EDGE('',*,*,#14840,.F.);
#15340=ORIENTED_EDGE('',*,*,#15090,.T.);
#15350=EDGE_LOOP('',(#15340,#15330,#15320,#15310,#15300,#15290,#15280,
   #15270));
#15360=FACE_OUTER_BOUND('',#15350,.T.);
#15370=CARTESIAN_POINT('',(-2.8674843712905425E+01,
   1.5102217869545113E+01,3.5238078997741757E+00));
#15380=DIRECTION('',(0.0000000000000000E+00,1.0000000000000000E+00,
   0.0000000000000000E+00));
#15390=DIRECTION('',(-1.0000000000000000E+00,0.0000000000000000E+00,
   0.0000000000000000E+00));
#15400=AXIS2_PLACEMENT_3D('',#15370,#15380,#15390);
#15410=CIRCLE('',#15400,4.5672426058546239E-01);
#15420=CARTESIAN_POINT('',(-2.8874233577882631E+01,
   1.5102217869545113E+01,3.1129055610710372E+00));
#15430=VERTEX_POINT('',#15420);
#15440=CARTESIAN_POINT('',(-2.9131567973490888E+01,
   1.5102217869545113E+01,3.5238078997741757E+00));
#15450=VERTEX_POINT('',#15440);
#15460=EDGE_CURVE('',#15430,#15450,#15410,.T.);
#15470=ORIENTED_EDGE('',*,*,#15460,.T.);
#15480=CARTESIAN_POINT('',(-2.8943253146528615E+01,
   1.5102217869545113E+01,2.9706701361353369E+00));
#15490=DIRECTION('',(0.0000000000000000E+00,1.0000000000000000E+00,
   0.0000000000000000E+00));
#15500=DIRECTION('',(-1.0000000000000000E+00,0.0000000000000000E+00,
   0.0000000000000000E+00));
#15510=AXIS2_PLACEMENT_3D('',#15480,#15490,#15500);
#15520=CIRCLE('',#15510,1.5809685943344035E-01);
#15530=CARTESIAN_POINT('',(-2.8785156287095177E+01,
   1.5102217869545113E+01,2.9706701361353369E+00));
#15540=VERTEX_POINT('',#15530);
#15550=EDGE_CURVE('',#15430,#15540,#15520,.T.);
#15560=ORIENTED_EDGE('',*,*,#15550,.F.);
#15570=CARTESIAN_POINT('',(-2.8785156287095230E+01,
   1.5102217869545113E+01,2.7307211851624773E+00));
#15580=DIRECTION('',(0.0000000000000000E+00,0.0000000000000000E+00,
   1.0000000000000000E+00));
#15590=VECTOR('',#15580,1.0000000000000000E+00);
#15600=LINE('',#15570,#15590);
#15610=CARTESIAN_POINT('',(-2.8785156287095230E+01,
   1.5102217869545113E+01,2.7307211851624169E+00));
#15620=VERTEX_POINT('',#15610);
#15630=EDGE_CURVE('',#15620,#15540,#15600,.T.);
#15640=ORIENTED_EDGE('',*,*,#15630,.T.);
#15650=CARTESIAN_POINT('',(-2.8943253146528615E+01,
   1.5102217869545113E+01,2.7307211851624169E+00));
#15660=DIRECTION('',(0.0000000000000000E+00,1.0000000000000000E+00,
   0.0000000000000000E+00));
#15670=DIRECTION('',(-1.0000000000000000E+00,0.0000000000000000E+00,
   0.0000000000000000E+00));
#15680=AXIS2_PLACEMENT_3D('',#15650,#15660,#15670);
#15690=CIRCLE('',#15680,1.5809685943338536E-01);
#15700=CARTESIAN_POINT('',(-2.8943253146528615E+01,
   1.5102217869545113E+01,2.5726243257289765E+00));
#15710=VERTEX_POINT('',#15700);
#15720=EDGE_CURVE('',#15620,#15710,#15690,.T.);
#15730=ORIENTED_EDGE('',*,*,#15720,.F.);
#15740=CARTESIAN_POINT('',(-2.8955904796342633E+01,
   1.5102217869545113E+01,2.5726243257289765E+00));
#15750=DIRECTION('',(1.0000000000000000E+00,0.0000000000000000E+00,
   0.0000000000000000E+00));
#15760=VECTOR('',#15750,1.0000000000000000E+00);
#15770=LINE('',#15740,#15760);
#15780=CARTESIAN_POINT('',(-2.8955904796342633E+01,
   1.5102217869545113E+01,2.5726243257289765E+00));
#15790=VERTEX_POINT('',#15780);
#15800=EDGE_CURVE('',#15790,#15710,#15770,.T.);
#15810=ORIENTED_EDGE('',*,*,#15800,.T.);
#15820=CARTESIAN_POINT('',(-2.8955904796342633E+01,
   1.5102217869545113E+01,3.5238078997741757E+00));
#15830=DIRECTION('',(0.0000000000000000E+00,1.0000000000000000E+00,
   0.0000000000000000E+00));
#15840=DIRECTION('',(-1.0000000000000000E+00,0.0000000000000000E+00,
   0.0000000000000000E+00));
#15850=AXIS2_PLACEMENT_3D('',#15820,#15830,#15840);
#15860=CIRCLE('',#15850,9.5118357404519926E-01);
#15870=CARTESIAN_POINT('',(-2.9907088370387832E+01,
   1.5102217869545113E+01,3.5238078997741757E+00));
#15880=VERTEX_POINT('',#15870);
#15890=EDGE_CURVE('',#15790,#15880,#15860,.T.);
#15900=ORIENTED_EDGE('',*,*,#15890,.F.);
#15910=CARTESIAN_POINT('',(-2.8955904796342633E+01,
   1.5102217869545113E+01,4.4749914738193572E+00));
#15920=VERTEX_POINT('',#15910);
#15930=EDGE_CURVE('',#15880,#15920,#15860,.T.);
#15940=ORIENTED_EDGE('',*,*,#15930,.F.);
#15950=CARTESIAN_POINT('',(-2.8955904796342633E+01,
   1.5102217869545113E+01,4.4749914738193572E+00));
#15960=DIRECTION('',(1.0000000000000000E+00,0.0000000000000000E+00,
   0.0000000000000000E+00));
#15970=VECTOR('',#15960,1.0000000000000000E+00);
#15980=LINE('',#15950,#15970);
#15990=CARTESIAN_POINT('',(-2.8943253146528615E+01,
   1.5102217869545113E+01,4.4749914738193572E+00));
#16000=VERTEX_POINT('',#15990);
#16010=EDGE_CURVE('',#15920,#16000,#15980,.T.);
#16020=ORIENTED_EDGE('',*,*,#16010,.F.);
#16030=CARTESIAN_POINT('',(-2.8943253146528615E+01,
   1.5102217869545113E+01,4.3168946143859168E+00));
#16040=DIRECTION('',(0.0000000000000000E+00,1.0000000000000000E+00,
   0.0000000000000000E+00));
#16050=DIRECTION('',(-1.0000000000000000E+00,0.0000000000000000E+00,
   0.0000000000000000E+00));
#16060=AXIS2_PLACEMENT_3D('',#16030,#16040,#16050);
#16070=CIRCLE('',#16060,1.5809685943344043E-01);
#16080=CARTESIAN_POINT('',(-2.8785156287095177E+01,
   1.5102217869545113E+01,4.3168946143859168E+00));
#16090=VERTEX_POINT('',#16080);
#16100=EDGE_CURVE('',#16000,#16090,#16070,.T.);
#16110=ORIENTED_EDGE('',*,*,#16100,.F.);
#16120=CARTESIAN_POINT('',(-2.8785156287095031E+01,
   1.5102217869545113E+01,4.0769456634130963E+00));
#16130=DIRECTION('',(0.0000000000000000E+00,0.0000000000000000E+00,
   1.0000000000000000E+00));
#16140=VECTOR('',#16130,1.0000000000000000E+00);
#16150=LINE('',#16120,#16140);
#16160=CARTESIAN_POINT('',(-2.8785156287095031E+01,
   1.5102217869545113E+01,4.0769456634130963E+00));
#16170=VERTEX_POINT('',#16160);
#16180=EDGE_CURVE('',#16170,#16090,#16150,.T.);
#16190=ORIENTED_EDGE('',*,*,#16180,.T.);
#16200=CARTESIAN_POINT('',(-2.8943253146528615E+01,
   1.5102217869545113E+01,4.0769456634130963E+00));
#16210=DIRECTION('',(0.0000000000000000E+00,1.0000000000000000E+00,
   0.0000000000000000E+00));
#16220=DIRECTION('',(-1.0000000000000000E+00,0.0000000000000000E+00,
   0.0000000000000000E+00));
#16230=AXIS2_PLACEMENT_3D('',#16200,#16210,#16220);
#16240=CIRCLE('',#16230,1.5809685943358431E-01);
#16250=CARTESIAN_POINT('',(-2.8874233577882631E+01,
   1.5102217869545113E+01,3.9347102384773764E+00));
#16260=VERTEX_POINT('',#16250);
#16270=EDGE_CURVE('',#16170,#16260,#16240,.T.);
#16280=ORIENTED_EDGE('',*,*,#16270,.F.);
#16290=EDGE_CURVE('',#15450,#16260,#15410,.T.);
#16300=ORIENTED_EDGE('',*,*,#16290,.T.);
#16310=EDGE_LOOP('',(#16300,#16280,#16190,#16110,#16020,#15940,#15900,
   #15810,#15730,#15640,#15560,#15470));
#16320=FACE_BOUND('',#16310,.T.);
#16330=CARTESIAN_POINT('',(-2.8406434279282319E+01,
   1.5102217869545113E+01,4.3168946143859168E+00));
#16340=DIRECTION('',(0.0000000000000000E+00,1.0000000000000000E+00,
   0.0000000000000000E+00));
#16350=DIRECTION('',(-1.0000000000000000E+00,0.0000000000000000E+00,
   0.0000000000000000E+00));
#16360=AXIS2_PLACEMENT_3D('',#16330,#16340,#16350);
#16370=CIRCLE('',#16360,1.5809685943361274E-01);
#16380=CARTESIAN_POINT('',(-2.8564531138715932E+01,
   1.5102217869545113E+01,4.3168946143859168E+00));
#16390=VERTEX_POINT('',#16380);
#16400=CARTESIAN_POINT('',(-2.8406434279282319E+01,
   1.5102217869545113E+01,4.4749914738193572E+00));
#16410=VERTEX_POINT('',#16400);
#16420=EDGE_CURVE('',#16390,#16410,#16370,.T.);
#16430=ORIENTED_EDGE('',*,*,#16420,.F.);
#16440=CARTESIAN_POINT('',(-2.7729814830441210E+01,
   1.5102217869545113E+01,4.4749914738193768E+00));
#16450=DIRECTION('',(-1.0000000000000000E+00,0.0000000000000000E+00,
   -2.8878751958534577E-14));
#16460=VECTOR('',#16450,1.0000000000000000E+00);
#16470=LINE('',#16440,#16460);
#16480=CARTESIAN_POINT('',(-2.7729814830441210E+01,
   1.5102217869545113E+01,4.4749914738193768E+00));
#16490=VERTEX_POINT('',#16480);
#16500=EDGE_CURVE('',#16490,#16410,#16470,.T.);
#16510=ORIENTED_EDGE('',*,*,#16500,.T.);
#16520=CARTESIAN_POINT('',(-2.7729814830441210E+01,
   1.5102217869545113E+01,4.3168946143859364E+00));
#16530=DIRECTION('',(0.0000000000000000E+00,1.0000000000000000E+00,
   0.0000000000000000E+00));
#16540=DIRECTION('',(-1.0000000000000000E+00,0.0000000000000000E+00,
   0.0000000000000000E+00));
#16550=AXIS2_PLACEMENT_3D('',#16520,#16530,#16540);
#16560=CIRCLE('',#16550,1.5809685943344043E-01);
#16570=CARTESIAN_POINT('',(-2.7571717971007772E+01,
   1.5102217869545113E+01,4.3168946143859364E+00));
#16580=VERTEX_POINT('',#16570);
#16590=EDGE_CURVE('',#16490,#16580,#16560,.T.);
#16600=ORIENTED_EDGE('',*,*,#16590,.F.);
#16610=CARTESIAN_POINT('',(-2.7571717971007711E+01,
   1.5102217869545113E+01,4.3168946143859364E+00));
#16620=DIRECTION('',(0.0000000000000000E+00,0.0000000000000000E+00,
   -1.0000000000000000E+00));
#16630=VECTOR('',#16620,1.0000000000000000E+00);
#16640=LINE('',#16610,#16630);
#16650=CARTESIAN_POINT('',(-2.7571717971007711E+01,
   1.5102217869545113E+01,2.2831053856218757E+00));
#16660=VERTEX_POINT('',#16650);
#16670=EDGE_CURVE('',#16580,#16660,#16640,.T.);
#16680=ORIENTED_EDGE('',*,*,#16670,.F.);
#16690=CARTESIAN_POINT('',(-2.7729814830441210E+01,
   1.5102217869545113E+01,2.2831053856218757E+00));
#16700=DIRECTION('',(0.0000000000000000E+00,1.0000000000000000E+00,
   0.0000000000000000E+00));
#16710=DIRECTION('',(-1.0000000000000000E+00,0.0000000000000000E+00,
   0.0000000000000000E+00));
#16720=AXIS2_PLACEMENT_3D('',#16690,#16700,#16710);
#16730=CIRCLE('',#16720,1.5809685943349905E-01);
#16740=CARTESIAN_POINT('',(-2.7729814830441210E+01,
   1.5102217869545113E+01,2.1250085261884371E+00));
#16750=VERTEX_POINT('',#16740);
#16760=EDGE_CURVE('',#16660,#16750,#16730,.T.);
#16770=ORIENTED_EDGE('',*,*,#16760,.F.);
#16780=CARTESIAN_POINT('',(-2.8406434279282319E+01,
   1.5102217869545113E+01,2.1250085261884371E+00));
#16790=DIRECTION('',(1.0000000000000000E+00,0.0000000000000000E+00,
   0.0000000000000000E+00));
#16800=VECTOR('',#16790,1.0000000000000000E+00);
#16810=LINE('',#16780,#16800);
#16820=CARTESIAN_POINT('',(-2.8406434279282319E+01,
   1.5102217869545113E+01,2.1250085261884371E+00));
#16830=VERTEX_POINT('',#16820);
#16840=EDGE_CURVE('',#16830,#16750,#16810,.T.);
#16850=ORIENTED_EDGE('',*,*,#16840,.T.);
#16860=CARTESIAN_POINT('',(-2.8406434279282319E+01,
   1.5102217869545113E+01,2.2831053856218757E+00));
#16870=DIRECTION('',(0.0000000000000000E+00,1.0000000000000000E+00,
   0.0000000000000000E+00));
#16880=DIRECTION('',(-1.0000000000000000E+00,0.0000000000000000E+00,
   0.0000000000000000E+00));
#16890=AXIS2_PLACEMENT_3D('',#16860,#16870,#16880);
#16900=CIRCLE('',#16890,1.5809685943343865E-01);
#16910=CARTESIAN_POINT('',(-2.8564531138715758E+01,
   1.5102217869545113E+01,2.2831053856218757E+00));
#16920=VERTEX_POINT('',#16910);
#16930=EDGE_CURVE('',#16830,#16920,#16900,.T.);
#16940=ORIENTED_EDGE('',*,*,#16930,.F.);
#16950=CARTESIAN_POINT('',(-2.8564531138715619E+01,
   1.5102217869545113E+01,2.9706701361353369E+00));
#16960=DIRECTION('',(0.0000000000000000E+00,0.0000000000000000E+00,
   -1.0000000000000000E+00));
#16970=VECTOR('',#16960,1.0000000000000000E+00);
#16980=LINE('',#16950,#16970);
#16990=CARTESIAN_POINT('',(-2.8564531138715619E+01,
   1.5102217869545113E+01,2.9706701361353369E+00));
#17000=VERTEX_POINT('',#16990);
#17010=EDGE_CURVE('',#17000,#16920,#16980,.T.);
#17020=ORIENTED_EDGE('',*,*,#17010,.T.);
#17030=CARTESIAN_POINT('',(-2.8406434279282319E+01,
   1.5102217869545113E+01,2.9706701361353369E+00));
#17040=DIRECTION('',(0.0000000000000000E+00,1.0000000000000000E+00,
   0.0000000000000000E+00));
#17050=DIRECTION('',(-1.0000000000000000E+00,0.0000000000000000E+00,
   0.0000000000000000E+00));
#17060=AXIS2_PLACEMENT_3D('',#17030,#17040,#17050);
#17070=CIRCLE('',#17060,1.5809685943330010E-01);
#17080=CARTESIAN_POINT('',(-2.8475453847928218E+01,
   1.5102217869545113E+01,3.1129055610710372E+00));
#17090=VERTEX_POINT('',#17080);
#17100=EDGE_CURVE('',#17000,#17090,#17070,.T.);
#17110=ORIENTED_EDGE('',*,*,#17100,.F.);
#17120=CARTESIAN_POINT('',(-2.8674843712905425E+01,
   1.5102217869545113E+01,3.5238078997741757E+00));
#17130=DIRECTION('',(0.0000000000000000E+00,1.0000000000000000E+00,
   0.0000000000000000E+00));
#17140=DIRECTION('',(-1.0000000000000000E+00,0.0000000000000000E+00,
   0.0000000000000000E+00));
#17150=AXIS2_PLACEMENT_3D('',#17120,#17130,#17140);
#17160=CIRCLE('',#17150,4.5672426058551835E-01);
#17170=CARTESIAN_POINT('',(-2.8218119452319907E+01,
   1.5102217869545113E+01,3.5238078997741757E+00));
#17180=VERTEX_POINT('',#17170);
#17190=EDGE_CURVE('',#17180,#17090,#17160,.T.);
#17200=ORIENTED_EDGE('',*,*,#17190,.T.);
#17210=CARTESIAN_POINT('',(-2.8475453847928218E+01,
   1.5102217869545113E+01,3.9347102384773764E+00));
#17220=VERTEX_POINT('',#17210);
#17230=EDGE_CURVE('',#17220,#17180,#17160,.T.);
#17240=ORIENTED_EDGE('',*,*,#17230,.T.);
#17250=CARTESIAN_POINT('',(-2.8406434279282319E+01,
   1.5102217869545113E+01,4.0769456634130963E+00));
#17260=DIRECTION('',(0.0000000000000000E+00,1.0000000000000000E+00,
   0.0000000000000000E+00));
#17270=DIRECTION('',(-1.0000000000000000E+00,0.0000000000000000E+00,
   0.0000000000000000E+00));
#17280=AXIS2_PLACEMENT_3D('',#17250,#17260,#17270);
#17290=CIRCLE('',#17280,1.5809685943342069E-01);
#17300=CARTESIAN_POINT('',(-2.8564531138715740E+01,
   1.5102217869545113E+01,4.0769456634130963E+00));
#17310=VERTEX_POINT('',#17300);
#17320=EDGE_CURVE('',#17220,#17310,#17290,.T.);
#17330=ORIENTED_EDGE('',*,*,#17320,.F.);
#17340=CARTESIAN_POINT('',(-2.8564531138715932E+01,
   1.5102217869545113E+01,4.3168946143858369E+00));
#17350=DIRECTION('',(0.0000000000000000E+00,0.0000000000000000E+00,
   -1.0000000000000000E+00));
#17360=VECTOR('',#17350,1.0000000000000000E+00);
#17370=LINE('',#17340,#17360);
#17380=EDGE_CURVE('',#16390,#17310,#17370,.T.);
#17390=ORIENTED_EDGE('',*,*,#17380,.T.);
#17400=EDGE_LOOP('',(#17390,#17330,#17240,#17200,#17110,#17020,#16940,
   #16850,#16770,#16680,#16600,#16510,#16430));
#17410=FACE_BOUND('',#17400,.T.);
#17420=CARTESIAN_POINT('',(-2.8674843712905425E+01,
   1.5102217869545113E+01,3.5238078997741757E+00));
#17430=DIRECTION('',(0.0000000000000000E+00,1.0000000000000000E+00,
   0.0000000000000000E+00));
#17440=DIRECTION('',(-1.0000000000000000E+00,0.0000000000000000E+00,
   0.0000000000000000E+00));
#17450=AXIS2_PLACEMENT_3D('',#17420,#17430,#17440);
#17460=CIRCLE('',#17450,2.2836213029279406E-01);
#17470=CARTESIAN_POINT('',(-2.8903205843198219E+01,
   1.5102217869545113E+01,3.5238078997741757E+00));
#17480=VERTEX_POINT('',#17470);
#17490=CARTESIAN_POINT('',(-2.8446481582612630E+01,
   1.5102217869545113E+01,3.5238078997741757E+00));
#17500=VERTEX_POINT('',#17490);
#17510=EDGE_CURVE('',#17480,#17500,#17460,.T.);
#17520=ORIENTED_EDGE('',*,*,#17510,.F.);
#17530=EDGE_CURVE('',#17500,#17480,#17460,.T.);
#17540=ORIENTED_EDGE('',*,*,#17530,.F.);
#17550=EDGE_LOOP('',(#17540,#17520));
#17560=FACE_BOUND('',#17550,.T.);
#17570=ADVANCED_FACE('',(#15360,#16320,#17410,#17560),#15260,.T.);
#17580=COLOUR_RGB('',5.0196081399917603E-01,1.0000000000000000E+00,
   5.0196081399917603E-01);
#17590=FILL_AREA_STYLE_COLOUR('',#17580);
#17600=FILL_AREA_STYLE('',(#17590));
#17610=SURFACE_STYLE_FILL_AREA(#17600);
#17620=SURFACE_SIDE_STYLE('',(#17610));
#17630=SURFACE_STYLE_USAGE(.BOTH.,#17620);
#17640=PRESENTATION_STYLE_ASSIGNMENT((#17630));
#17650=CARTESIAN_POINT('',(-2.8674843712905425E+01,
   1.5202217869545114E+01,3.5238078997741757E+00));
#17660=DIRECTION('',(0.0000000000000000E+00,1.0000000000000000E+00,
   0.0000000000000000E+00));
#17670=DIRECTION('',(-1.0000000000000000E+00,0.0000000000000000E+00,
   0.0000000000000000E+00));
#17680=AXIS2_PLACEMENT_3D('',#17650,#17660,#17670);
#17690=CYLINDRICAL_SURFACE('',#17680,4.5672426058546239E-01);
#17700=CARTESIAN_POINT('',(-2.8674843712905425E+01,
   1.5202217869545114E+01,3.5238078997741757E+00));
#17710=DIRECTION('',(0.0000000000000000E+00,1.0000000000000000E+00,
   0.0000000000000000E+00));
#17720=DIRECTION('',(-1.0000000000000000E+00,0.0000000000000000E+00,
   0.0000000000000000E+00));
#17730=AXIS2_PLACEMENT_3D('',#17700,#17710,#17720);
#17740=CIRCLE('',#17730,4.5672426058546239E-01);
#17750=CARTESIAN_POINT('',(-2.9131567973490888E+01,
   1.5202217869545114E+01,3.5238078997741757E+00));
#17760=VERTEX_POINT('',#17750);
#17770=CARTESIAN_POINT('',(-2.8874233577882606E+01,
   1.5202217869545114E+01,3.9347102384773263E+00));
#17780=VERTEX_POINT('',#17770);
#17790=EDGE_CURVE('',#17760,#17780,#17740,.T.);
#17800=ORIENTED_EDGE('',*,*,#17790,.T.);
#17810=CARTESIAN_POINT('',(-2.9131567973490888E+01,
   1.5202217869545114E+01,3.5238078997741757E+00));
#17820=DIRECTION('',(0.0000000000000000E+00,1.0000000000000000E+00,
   0.0000000000000000E+00));
#17830=VECTOR('',#17820,1.0000000000000000E+00);
#17840=LINE('',#17810,#17830);
#17850=EDGE_CURVE('',#15450,#17760,#17840,.T.);
#17860=ORIENTED_EDGE('',*,*,#17850,.T.);
#17870=ORIENTED_EDGE('',*,*,#16290,.F.);
#17880=CARTESIAN_POINT('',(-2.8874233577882631E+01,
   1.5202217869545114E+01,3.9347102384773764E+00));
#17890=DIRECTION('',(0.0000000000000000E+00,-1.0000000000000000E+00,
   0.0000000000000000E+00));
#17900=VECTOR('',#17890,1.0000000000000000E+00);
#17910=LINE('',#17880,#17900);
#17920=EDGE_CURVE('',#17780,#16260,#17910,.T.);
#17930=ORIENTED_EDGE('',*,*,#17920,.T.);
#17940=EDGE_LOOP('',(#17930,#17870,#17860,#17800));
#17950=FACE_OUTER_BOUND('',#17940,.T.);
#17960=ADVANCED_FACE('',(#17950),#17690,.F.);
#17970=COLOUR_RGB('',5.0196081399917603E-01,1.0000000000000000E+00,
   5.0196081399917603E-01);
#17980=FILL_AREA_STYLE_COLOUR('',#17970);
#17990=FILL_AREA_STYLE('',(#17980));
#18000=SURFACE_STYLE_FILL_AREA(#17990);
#18010=SURFACE_SIDE_STYLE('',(#18000));
#18020=SURFACE_STYLE_USAGE(.BOTH.,#18010);
#18030=PRESENTATION_STYLE_ASSIGNMENT((#18020));
#18040=CARTESIAN_POINT('',(-2.8943253146528615E+01,
   1.5202217869545114E+01,4.0769456634130963E+00));
#18050=DIRECTION('',(0.0000000000000000E+00,1.0000000000000000E+00,
   0.0000000000000000E+00));
#18060=DIRECTION('',(-1.0000000000000000E+00,0.0000000000000000E+00,
   0.0000000000000000E+00));
#18070=AXIS2_PLACEMENT_3D('',#18040,#18050,#18060);
#18080=CYLINDRICAL_SURFACE('',#18070,1.5809685943358431E-01);
#18090=CARTESIAN_POINT('',(-2.8943253146528615E+01,
   1.5202217869545114E+01,4.0769456634130963E+00));
#18100=DIRECTION('',(0.0000000000000000E+00,1.0000000000000000E+00,
   0.0000000000000000E+00));
#18110=DIRECTION('',(-1.0000000000000000E+00,0.0000000000000000E+00,
   0.0000000000000000E+00));
#18120=AXIS2_PLACEMENT_3D('',#18090,#18100,#18110);
#18130=CIRCLE('',#18120,1.5809685943358431E-01);
#18140=CARTESIAN_POINT('',(-2.8785156287095031E+01,
   1.5202217869545114E+01,4.0769456634130963E+00));
#18150=VERTEX_POINT('',#18140);
#18160=EDGE_CURVE('',#18150,#17780,#18130,.T.);
#18170=ORIENTED_EDGE('',*,*,#18160,.F.);
#18180=ORIENTED_EDGE('',*,*,#17920,.F.);
#18190=ORIENTED_EDGE('',*,*,#16270,.T.);
#18200=CARTESIAN_POINT('',(-2.8785156287095031E+01,
   1.5202217869545114E+01,4.0769456634130963E+00));
#18210=DIRECTION('',(0.0000000000000000E+00,1.0000000000000000E+00,
   0.0000000000000000E+00));
#18220=VECTOR('',#18210,1.0000000000000000E+00);
#18230=LINE('',#18200,#18220);
#18240=EDGE_CURVE('',#16170,#18150,#18230,.T.);
#18250=ORIENTED_EDGE('',*,*,#18240,.F.);
#18260=EDGE_LOOP('',(#18250,#18190,#18180,#18170));
#18270=FACE_OUTER_BOUND('',#18260,.T.);
#18280=ADVANCED_FACE('',(#18270),#18080,.T.);
#18290=COLOUR_RGB('',5.0196081399917603E-01,1.0000000000000000E+00,
   5.0196081399917603E-01);
#18300=FILL_AREA_STYLE_COLOUR('',#18290);
#18310=FILL_AREA_STYLE('',(#18300));
#18320=SURFACE_STYLE_FILL_AREA(#18310);
#18330=SURFACE_SIDE_STYLE('',(#18320));
#18340=SURFACE_STYLE_USAGE(.BOTH.,#18330);
#18350=PRESENTATION_STYLE_ASSIGNMENT((#18340));
#18360=CARTESIAN_POINT('',(-2.8943253146528615E+01,
   1.5202217869545114E+01,2.9706701361353369E+00));
#18370=DIRECTION('',(0.0000000000000000E+00,1.0000000000000000E+00,
   0.0000000000000000E+00));
#18380=DIRECTION('',(-1.0000000000000000E+00,0.0000000000000000E+00,
   0.0000000000000000E+00));
#18390=AXIS2_PLACEMENT_3D('',#18360,#18370,#18380);
#18400=CYLINDRICAL_SURFACE('',#18390,1.5809685943344035E-01);
#18410=CARTESIAN_POINT('',(-2.8943253146528615E+01,
   1.5202217869545114E+01,2.9706701361353369E+00));
#18420=DIRECTION('',(0.0000000000000000E+00,1.0000000000000000E+00,
   0.0000000000000000E+00));
#18430=DIRECTION('',(-1.0000000000000000E+00,0.0000000000000000E+00,
   0.0000000000000000E+00));
#18440=AXIS2_PLACEMENT_3D('',#18410,#18420,#18430);
#18450=CIRCLE('',#18440,1.5809685943344035E-01);
#18460=CARTESIAN_POINT('',(-2.8874233577882631E+01,
   1.5202217869545114E+01,3.1129055610710372E+00));
#18470=VERTEX_POINT('',#18460);
#18480=CARTESIAN_POINT('',(-2.8785156287095177E+01,
   1.5202217869545114E+01,2.9706701361353369E+00));
#18490=VERTEX_POINT('',#18480);
#18500=EDGE_CURVE('',#18470,#18490,#18450,.T.);
#18510=ORIENTED_EDGE('',*,*,#18500,.F.);
#18520=CARTESIAN_POINT('',(-2.8785156287095177E+01,
   1.5202217869545114E+01,2.9706701361353369E+00));
#18530=DIRECTION('',(0.0000000000000000E+00,1.0000000000000000E+00,
   0.0000000000000000E+00));
#18540=VECTOR('',#18530,1.0000000000000000E+00);
#18550=LINE('',#18520,#18540);
#18560=EDGE_CURVE('',#15540,#18490,#18550,.T.);
#18570=ORIENTED_EDGE('',*,*,#18560,.T.);
#18580=ORIENTED_EDGE('',*,*,#15550,.T.);
#18590=CARTESIAN_POINT('',(-2.8874233577882631E+01,
   1.5202217869545114E+01,3.1129055610710372E+00));
#18600=DIRECTION('',(0.0000000000000000E+00,-1.0000000000000000E+00,
   0.0000000000000000E+00));
#18610=VECTOR('',#18600,1.0000000000000000E+00);
#18620=LINE('',#18590,#18610);
#18630=EDGE_CURVE('',#18470,#15430,#18620,.T.);
#18640=ORIENTED_EDGE('',*,*,#18630,.T.);
#18650=EDGE_LOOP('',(#18640,#18580,#18570,#18510));
#18660=FACE_OUTER_BOUND('',#18650,.T.);
#18670=ADVANCED_FACE('',(#18660),#18400,.T.);
#18680=COLOUR_RGB('',5.0196081399917603E-01,1.0000000000000000E+00,
   5.0196081399917603E-01);
#18690=FILL_AREA_STYLE_COLOUR('',#18680);
#18700=FILL_AREA_STYLE('',(#18690));
#18710=SURFACE_STYLE_FILL_AREA(#18700);
#18720=SURFACE_SIDE_STYLE('',(#18710));
#18730=SURFACE_STYLE_USAGE(.BOTH.,#18720);
#18740=PRESENTATION_STYLE_ASSIGNMENT((#18730));
#18750=CARTESIAN_POINT('',(-2.8785156287095230E+01,
   1.5202217869545114E+01,2.7307211851624773E+00));
#18760=DIRECTION('',(-1.0000000000000000E+00,-0.0000000000000000E+00,
   -0.0000000000000000E+00));
#18770=DIRECTION('',(0.0000000000000000E+00,0.0000000000000000E+00,
   -1.0000000000000000E+00));
#18780=AXIS2_PLACEMENT_3D('',#18750,#18760,#18770);
#18790=PLANE('',#18780);
#18800=CARTESIAN_POINT('',(-2.8785156287095230E+01,
   1.5202217869545114E+01,3.0170423393406152E+00));
#18810=DIRECTION('',(0.0000000000000000E+00,0.0000000000000000E+00,
   1.0000000000000000E+00));
#18820=VECTOR('',#18810,1.0000000000000000E+00);
#18830=LINE('',#18800,#18820);
#18840=CARTESIAN_POINT('',(-2.8785156287095230E+01,
   1.5202217869545114E+01,2.7307211851624169E+00));
#18850=VERTEX_POINT('',#18840);
#18860=EDGE_CURVE('',#18850,#18490,#18830,.T.);
#18870=ORIENTED_EDGE('',*,*,#18860,.T.);
#18880=CARTESIAN_POINT('',(-2.8785156287095230E+01,
   1.5202217869545114E+01,2.7307211851624169E+00));
#18890=DIRECTION('',(0.0000000000000000E+00,1.0000000000000000E+00,
   0.0000000000000000E+00));
#18900=VECTOR('',#18890,1.0000000000000000E+00);
#18910=LINE('',#18880,#18900);
#18920=EDGE_CURVE('',#15620,#18850,#18910,.T.);
#18930=ORIENTED_EDGE('',*,*,#18920,.T.);
#18940=ORIENTED_EDGE('',*,*,#15630,.F.);
#18950=ORIENTED_EDGE('',*,*,#18560,.F.);
#18960=EDGE_LOOP('',(#18950,#18940,#18930,#18870));
#18970=FACE_OUTER_BOUND('',#18960,.T.);
#18980=ADVANCED_FACE('',(#18970),#18790,.F.);
#18990=COLOUR_RGB('',5.0196081399917603E-01,1.0000000000000000E+00,
   5.0196081399917603E-01);
#19000=FILL_AREA_STYLE_COLOUR('',#18990);
#19010=FILL_AREA_STYLE('',(#19000));
#19020=SURFACE_STYLE_FILL_AREA(#19010);
#19030=SURFACE_SIDE_STYLE('',(#19020));
#19040=SURFACE_STYLE_USAGE(.BOTH.,#19030);
#19050=PRESENTATION_STYLE_ASSIGNMENT((#19040));
#19060=CARTESIAN_POINT('',(-2.8943253146528615E+01,
   1.5202217869545114E+01,2.7307211851624169E+00));
#19070=DIRECTION('',(0.0000000000000000E+00,1.0000000000000000E+00,
   0.0000000000000000E+00));
#19080=DIRECTION('',(-1.0000000000000000E+00,0.0000000000000000E+00,
   0.0000000000000000E+00));
#19090=AXIS2_PLACEMENT_3D('',#19060,#19070,#19080);
#19100=CYLINDRICAL_SURFACE('',#19090,1.5809685943338536E-01);
#19110=CARTESIAN_POINT('',(-2.8943253146528615E+01,
   1.5202217869545114E+01,2.7307211851624169E+00));
#19120=DIRECTION('',(0.0000000000000000E+00,1.0000000000000000E+00,
   0.0000000000000000E+00));
#19130=DIRECTION('',(-1.0000000000000000E+00,0.0000000000000000E+00,
   0.0000000000000000E+00));
#19140=AXIS2_PLACEMENT_3D('',#19110,#19120,#19130);
#19150=CIRCLE('',#19140,1.5809685943338536E-01);
#19160=CARTESIAN_POINT('',(-2.8943253146528615E+01,
   1.5202217869545114E+01,2.5726243257290315E+00));
#19170=VERTEX_POINT('',#19160);
#19180=EDGE_CURVE('',#18850,#19170,#19150,.T.);
#19190=ORIENTED_EDGE('',*,*,#19180,.F.);
#19200=CARTESIAN_POINT('',(-2.8943253146528615E+01,
   1.5202217869545114E+01,2.5726243257289765E+00));
#19210=DIRECTION('',(0.0000000000000000E+00,-1.0000000000000000E+00,
   0.0000000000000000E+00));
#19220=VECTOR('',#19210,1.0000000000000000E+00);
#19230=LINE('',#19200,#19220);
#19240=EDGE_CURVE('',#19170,#15710,#19230,.T.);
#19250=ORIENTED_EDGE('',*,*,#19240,.F.);
#19260=ORIENTED_EDGE('',*,*,#15720,.T.);
#19270=ORIENTED_EDGE('',*,*,#18920,.F.);
#19280=EDGE_LOOP('',(#19270,#19260,#19250,#19190));
#19290=FACE_OUTER_BOUND('',#19280,.T.);
#19300=ADVANCED_FACE('',(#19290),#19100,.T.);
#19310=COLOUR_RGB('',5.0196081399917603E-01,1.0000000000000000E+00,
   5.0196081399917603E-01);
#19320=FILL_AREA_STYLE_COLOUR('',#19310);
#19330=FILL_AREA_STYLE('',(#19320));
#19340=SURFACE_STYLE_FILL_AREA(#19330);
#19350=SURFACE_SIDE_STYLE('',(#19340));
#19360=SURFACE_STYLE_USAGE(.BOTH.,#19350);
#19370=PRESENTATION_STYLE_ASSIGNMENT((#19360));
#19380=CARTESIAN_POINT('',(-2.8955904796342633E+01,
   1.5202217869545114E+01,2.5726243257289765E+00));
#19390=DIRECTION('',(0.0000000000000000E+00,0.0000000000000000E+00,
   1.0000000000000000E+00));
#19400=DIRECTION('',(-1.0000000000000000E+00,0.0000000000000000E+00,
   0.0000000000000000E+00));
#19410=AXIS2_PLACEMENT_3D('',#19380,#19390,#19400);
#19420=PLANE('',#19410);
#19430=CARTESIAN_POINT('',(-2.2300000000000204E+00,
   1.5202217869545114E+01,2.5726243257289765E+00));
#19440=DIRECTION('',(1.0000000000000000E+00,0.0000000000000000E+00,
   0.0000000000000000E+00));
#19450=VECTOR('',#19440,1.0000000000000000E+00);
#19460=LINE('',#19430,#19450);
#19470=CARTESIAN_POINT('',(-2.8955904796342633E+01,
   1.5202217869545114E+01,2.5726243257289765E+00));
#19480=VERTEX_POINT('',#19470);
#19490=EDGE_CURVE('',#19480,#19170,#19460,.T.);
#19500=ORIENTED_EDGE('',*,*,#19490,.T.);
#19510=CARTESIAN_POINT('',(-2.8955904796342633E+01,
   1.5202217869545114E+01,2.5726243257289765E+00));
#19520=DIRECTION('',(0.0000000000000000E+00,-1.0000000000000000E+00,
   0.0000000000000000E+00));
#19530=VECTOR('',#19520,1.0000000000000000E+00);
#19540=LINE('',#19510,#19530);
#19550=EDGE_CURVE('',#19480,#15790,#19540,.T.);
#19560=ORIENTED_EDGE('',*,*,#19550,.F.);
#19570=ORIENTED_EDGE('',*,*,#15800,.F.);
#19580=ORIENTED_EDGE('',*,*,#19240,.T.);
#19590=EDGE_LOOP('',(#19580,#19570,#19560,#19500));
#19600=FACE_OUTER_BOUND('',#19590,.T.);
#19610=ADVANCED_FACE('',(#19600),#19420,.F.);
#19620=COLOUR_RGB('',5.0196081399917603E-01,1.0000000000000000E+00,
   5.0196081399917603E-01);
#19630=FILL_AREA_STYLE_COLOUR('',#19620);
#19640=FILL_AREA_STYLE('',(#19630));
#19650=SURFACE_STYLE_FILL_AREA(#19640);
#19660=SURFACE_SIDE_STYLE('',(#19650));
#19670=SURFACE_STYLE_USAGE(.BOTH.,#19660);
#19680=PRESENTATION_STYLE_ASSIGNMENT((#19670));
#19690=CARTESIAN_POINT('',(-2.8955904796342633E+01,
   1.5202217869545114E+01,3.5238078997741757E+00));
#19700=DIRECTION('',(0.0000000000000000E+00,1.0000000000000000E+00,
   0.0000000000000000E+00));
#19710=DIRECTION('',(-1.0000000000000000E+00,0.0000000000000000E+00,
   0.0000000000000000E+00));
#19720=AXIS2_PLACEMENT_3D('',#19690,#19700,#19710);
#19730=CYLINDRICAL_SURFACE('',#19720,9.5118357404519926E-01);
#19740=CARTESIAN_POINT('',(-2.8955904796342633E+01,
   1.5202217869545114E+01,3.5238078997741757E+00));
#19750=DIRECTION('',(0.0000000000000000E+00,1.0000000000000000E+00,
   0.0000000000000000E+00));
#19760=DIRECTION('',(-1.0000000000000000E+00,0.0000000000000000E+00,
   0.0000000000000000E+00));
#19770=AXIS2_PLACEMENT_3D('',#19740,#19750,#19760);
#19780=CIRCLE('',#19770,9.5118357404519926E-01);
#19790=CARTESIAN_POINT('',(-2.9907088370387832E+01,
   1.5202217869545114E+01,3.5238078997741757E+00));
#19800=VERTEX_POINT('',#19790);
#19810=EDGE_CURVE('',#19480,#19800,#19780,.T.);
#19820=ORIENTED_EDGE('',*,*,#19810,.F.);
#19830=CARTESIAN_POINT('',(-2.9907088370387832E+01,
   1.5202217869545114E+01,3.5238078997741757E+00));
#19840=DIRECTION('',(0.0000000000000000E+00,1.0000000000000000E+00,
   0.0000000000000000E+00));
#19850=VECTOR('',#19840,1.0000000000000000E+00);
#19860=LINE('',#19830,#19850);
#19870=EDGE_CURVE('',#15880,#19800,#19860,.T.);
#19880=ORIENTED_EDGE('',*,*,#19870,.T.);
#19890=ORIENTED_EDGE('',*,*,#15890,.T.);
#19900=ORIENTED_EDGE('',*,*,#19550,.T.);
#19910=EDGE_LOOP('',(#19900,#19890,#19880,#19820));
#19920=FACE_OUTER_BOUND('',#19910,.T.);
#19930=ADVANCED_FACE('',(#19920),#19730,.T.);
#19940=COLOUR_RGB('',5.0196081399917603E-01,1.0000000000000000E+00,
   5.0196081399917603E-01);
#19950=FILL_AREA_STYLE_COLOUR('',#19940);
#19960=FILL_AREA_STYLE('',(#19950));
#19970=SURFACE_STYLE_FILL_AREA(#19960);
#19980=SURFACE_SIDE_STYLE('',(#19970));
#19990=SURFACE_STYLE_USAGE(.BOTH.,#19980);
#20000=PRESENTATION_STYLE_ASSIGNMENT((#19990));
#20010=CARTESIAN_POINT('',(-2.8943253146528615E+01,
   1.5202217869545114E+01,4.4749914738193572E+00));
#20020=DIRECTION('',(0.0000000000000000E+00,0.0000000000000000E+00,
   -1.0000000000000000E+00));
#20030=DIRECTION('',(1.0000000000000000E+00,0.0000000000000000E+00,
   0.0000000000000000E+00));
#20040=AXIS2_PLACEMENT_3D('',#20010,#20020,#20030);
#20050=PLANE('',#20040);
#20060=CARTESIAN_POINT('',(-2.2300000000000204E+00,
   1.5202217869545114E+01,4.4749914738193572E+00));
#20070=DIRECTION('',(-1.0000000000000000E+00,0.0000000000000000E+00,
   0.0000000000000000E+00));
#20080=VECTOR('',#20070,1.0000000000000000E+00);
#20090=LINE('',#20060,#20080);
#20100=CARTESIAN_POINT('',(-2.8943253146528615E+01,
   1.5202217869545114E+01,4.4749914738193572E+00));
#20110=VERTEX_POINT('',#20100);
#20120=CARTESIAN_POINT('',(-2.8955904796342633E+01,
   1.5202217869545114E+01,4.4749914738193750E+00));
#20130=VERTEX_POINT('',#20120);
#20140=EDGE_CURVE('',#20110,#20130,#20090,.T.);
#20150=ORIENTED_EDGE('',*,*,#20140,.T.);
#20160=CARTESIAN_POINT('',(-2.8943253146528615E+01,
   1.5202217869545114E+01,4.4749914738193572E+00));
#20170=DIRECTION('',(0.0000000000000000E+00,-1.0000000000000000E+00,
   0.0000000000000000E+00));
#20180=VECTOR('',#20170,1.0000000000000000E+00);
#20190=LINE('',#20160,#20180);
#20200=EDGE_CURVE('',#20110,#16000,#20190,.T.);
#20210=ORIENTED_EDGE('',*,*,#20200,.F.);
#20220=ORIENTED_EDGE('',*,*,#16010,.T.);
#20230=CARTESIAN_POINT('',(-2.8955904796342633E+01,
   1.5202217869545114E+01,4.4749914738193572E+00));
#20240=DIRECTION('',(0.0000000000000000E+00,-1.0000000000000000E+00,
   0.0000000000000000E+00));
#20250=VECTOR('',#20240,1.0000000000000000E+00);
#20260=LINE('',#20230,#20250);
#20270=EDGE_CURVE('',#20130,#15920,#20260,.T.);
#20280=ORIENTED_EDGE('',*,*,#20270,.T.);
#20290=EDGE_LOOP('',(#20280,#20220,#20210,#20150));
#20300=FACE_OUTER_BOUND('',#20290,.T.);
#20310=ADVANCED_FACE('',(#20300),#20050,.F.);
#20320=COLOUR_RGB('',5.0196081399917603E-01,1.0000000000000000E+00,
   5.0196081399917603E-01);
#20330=FILL_AREA_STYLE_COLOUR('',#20320);
#20340=FILL_AREA_STYLE('',(#20330));
#20350=SURFACE_STYLE_FILL_AREA(#20340);
#20360=SURFACE_SIDE_STYLE('',(#20350));
#20370=SURFACE_STYLE_USAGE(.BOTH.,#20360);
#20380=PRESENTATION_STYLE_ASSIGNMENT((#20370));
#20390=CARTESIAN_POINT('',(-2.8943253146528615E+01,
   1.5202217869545114E+01,4.3168946143859168E+00));
#20400=DIRECTION('',(0.0000000000000000E+00,1.0000000000000000E+00,
   0.0000000000000000E+00));
#20410=DIRECTION('',(-1.0000000000000000E+00,0.0000000000000000E+00,
   0.0000000000000000E+00));
#20420=AXIS2_PLACEMENT_3D('',#20390,#20400,#20410);
#20430=CYLINDRICAL_SURFACE('',#20420,1.5809685943344043E-01);
#20440=CARTESIAN_POINT('',(-2.8943253146528615E+01,
   1.5202217869545114E+01,4.3168946143859168E+00));
#20450=DIRECTION('',(0.0000000000000000E+00,1.0000000000000000E+00,
   0.0000000000000000E+00));
#20460=DIRECTION('',(-1.0000000000000000E+00,0.0000000000000000E+00,
   0.0000000000000000E+00));
#20470=AXIS2_PLACEMENT_3D('',#20440,#20450,#20460);
#20480=CIRCLE('',#20470,1.5809685943344043E-01);
#20490=CARTESIAN_POINT('',(-2.8785156287095177E+01,
   1.5202217869545114E+01,4.3168946143859168E+00));
#20500=VERTEX_POINT('',#20490);
#20510=EDGE_CURVE('',#20110,#20500,#20480,.T.);
#20520=ORIENTED_EDGE('',*,*,#20510,.F.);
#20530=CARTESIAN_POINT('',(-2.8785156287095177E+01,
   1.5202217869545114E+01,4.3168946143859168E+00));
#20540=DIRECTION('',(0.0000000000000000E+00,1.0000000000000000E+00,
   0.0000000000000000E+00));
#20550=VECTOR('',#20540,1.0000000000000000E+00);
#20560=LINE('',#20530,#20550);
#20570=EDGE_CURVE('',#16090,#20500,#20560,.T.);
#20580=ORIENTED_EDGE('',*,*,#20570,.T.);
#20590=ORIENTED_EDGE('',*,*,#16100,.T.);
#20600=ORIENTED_EDGE('',*,*,#20200,.T.);
#20610=EDGE_LOOP('',(#20600,#20590,#20580,#20520));
#20620=FACE_OUTER_BOUND('',#20610,.T.);
#20630=ADVANCED_FACE('',(#20620),#20430,.T.);
#20640=COLOUR_RGB('',5.0196081399917603E-01,1.0000000000000000E+00,
   5.0196081399917603E-01);
#20650=FILL_AREA_STYLE_COLOUR('',#20640);
#20660=FILL_AREA_STYLE('',(#20650));
#20670=SURFACE_STYLE_FILL_AREA(#20660);
#20680=SURFACE_SIDE_STYLE('',(#20670));
#20690=SURFACE_STYLE_USAGE(.BOTH.,#20680);
#20700=PRESENTATION_STYLE_ASSIGNMENT((#20690));
#20710=CARTESIAN_POINT('',(-2.8785156287095031E+01,
   1.5202217869545114E+01,4.0769456634130963E+00));
#20720=DIRECTION('',(-1.0000000000000000E+00,-0.0000000000000000E+00,
   -0.0000000000000000E+00));
#20730=DIRECTION('',(0.0000000000000000E+00,0.0000000000000000E+00,
   -1.0000000000000000E+00));
#20740=AXIS2_PLACEMENT_3D('',#20710,#20720,#20730);
#20750=PLANE('',#20740);
#20760=CARTESIAN_POINT('',(-2.8785156287095031E+01,
   1.5202217869545114E+01,3.0170423393406152E+00));
#20770=DIRECTION('',(0.0000000000000000E+00,0.0000000000000000E+00,
   1.0000000000000000E+00));
#20780=VECTOR('',#20770,1.0000000000000000E+00);
#20790=LINE('',#20760,#20780);
#20800=EDGE_CURVE('',#18150,#20500,#20790,.T.);
#20810=ORIENTED_EDGE('',*,*,#20800,.T.);
#20820=ORIENTED_EDGE('',*,*,#18240,.T.);
#20830=ORIENTED_EDGE('',*,*,#16180,.F.);
#20840=ORIENTED_EDGE('',*,*,#20570,.F.);
#20850=EDGE_LOOP('',(#20840,#20830,#20820,#20810));
#20860=FACE_OUTER_BOUND('',#20850,.T.);
#20870=ADVANCED_FACE('',(#20860),#20750,.F.);
#20880=COLOUR_RGB('',5.0196081399917603E-01,1.0000000000000000E+00,
   5.0196081399917603E-01);
#20890=FILL_AREA_STYLE_COLOUR('',#20880);
#20900=FILL_AREA_STYLE('',(#20890));
#20910=SURFACE_STYLE_FILL_AREA(#20900);
#20920=SURFACE_SIDE_STYLE('',(#20910));
#20930=SURFACE_STYLE_USAGE(.BOTH.,#20920);
#20940=PRESENTATION_STYLE_ASSIGNMENT((#20930));
#20950=ORIENTED_EDGE('',*,*,#19180,.T.);
#20960=ORIENTED_EDGE('',*,*,#18860,.F.);
#20970=ORIENTED_EDGE('',*,*,#18500,.T.);
#20980=EDGE_CURVE('',#18470,#17760,#17740,.T.);
#20990=ORIENTED_EDGE('',*,*,#20980,.F.);
#21000=ORIENTED_EDGE('',*,*,#17790,.F.);
#21010=ORIENTED_EDGE('',*,*,#18160,.T.);
#21020=ORIENTED_EDGE('',*,*,#20800,.F.);
#21030=ORIENTED_EDGE('',*,*,#20510,.T.);
#21040=ORIENTED_EDGE('',*,*,#20140,.F.);
#21050=EDGE_CURVE('',#19800,#20130,#19780,.T.);
#21060=ORIENTED_EDGE('',*,*,#21050,.T.);
#21070=ORIENTED_EDGE('',*,*,#19810,.T.);
#21080=ORIENTED_EDGE('',*,*,#19490,.F.);
#21090=EDGE_LOOP('',(#21080,#21070,#21060,#21040,#21030,#21020,#21010,
   #21000,#20990,#20970,#20960,#20950));
#21100=FACE_OUTER_BOUND('',#21090,.T.);
#21110=ADVANCED_FACE('',(#21100),#10430,.T.);
#21120=COLOUR_RGB('',5.0196081399917603E-01,1.0000000000000000E+00,
   5.0196081399917603E-01);
#21130=FILL_AREA_STYLE_COLOUR('',#21120);
#21140=FILL_AREA_STYLE('',(#21130));
#21150=SURFACE_STYLE_FILL_AREA(#21140);
#21160=SURFACE_SIDE_STYLE('',(#21150));
#21170=SURFACE_STYLE_USAGE(.BOTH.,#21160);
#21180=PRESENTATION_STYLE_ASSIGNMENT((#21170));
#21190=CARTESIAN_POINT('',(-2.8564531138715932E+01,
   1.5202217869545114E+01,4.3168946143858369E+00));
#21200=DIRECTION('',(1.0000000000000000E+00,0.0000000000000000E+00,
   -0.0000000000000000E+00));
#21210=DIRECTION('',(0.0000000000000000E+00,0.0000000000000000E+00,
   1.0000000000000000E+00));
#21220=AXIS2_PLACEMENT_3D('',#21190,#21200,#21210);
#21230=PLANE('',#21220);
#21240=CARTESIAN_POINT('',(-2.8564531138715932E+01,
   1.5202217869545114E+01,3.0170423393406152E+00));
#21250=DIRECTION('',(0.0000000000000000E+00,0.0000000000000000E+00,
   -1.0000000000000000E+00));
#21260=VECTOR('',#21250,1.0000000000000000E+00);
#21270=LINE('',#21240,#21260);
#21280=CARTESIAN_POINT('',(-2.8564531138715932E+01,
   1.5202217869545114E+01,4.3168946143859168E+00));
#21290=VERTEX_POINT('',#21280);
#21300=CARTESIAN_POINT('',(-2.8564531138715740E+01,
   1.5202217869545114E+01,4.0769456634130963E+00));
#21310=VERTEX_POINT('',#21300);
#21320=EDGE_CURVE('',#21290,#21310,#21270,.T.);
#21330=ORIENTED_EDGE('',*,*,#21320,.T.);
#21340=CARTESIAN_POINT('',(-2.8564531138715932E+01,
   1.5202217869545114E+01,4.3168946143859168E+00));
#21350=DIRECTION('',(0.0000000000000000E+00,1.0000000000000000E+00,
   0.0000000000000000E+00));
#21360=VECTOR('',#21350,1.0000000000000000E+00);
#21370=LINE('',#21340,#21360);
#21380=EDGE_CURVE('',#16390,#21290,#21370,.T.);
#21390=ORIENTED_EDGE('',*,*,#21380,.T.);
#21400=ORIENTED_EDGE('',*,*,#17380,.F.);
#21410=CARTESIAN_POINT('',(-2.8564531138715740E+01,
   1.5202217869545114E+01,4.0769456634130963E+00));
#21420=DIRECTION('',(0.0000000000000000E+00,1.0000000000000000E+00,
   0.0000000000000000E+00));
#21430=VECTOR('',#21420,1.0000000000000000E+00);
#21440=LINE('',#21410,#21430);
#21450=EDGE_CURVE('',#17310,#21310,#21440,.T.);
#21460=ORIENTED_EDGE('',*,*,#21450,.F.);
#21470=EDGE_LOOP('',(#21460,#21400,#21390,#21330));
#21480=FACE_OUTER_BOUND('',#21470,.T.);
#21490=ADVANCED_FACE('',(#21480),#21230,.F.);
#21500=COLOUR_RGB('',5.0196081399917603E-01,1.0000000000000000E+00,
   5.0196081399917603E-01);
#21510=FILL_AREA_STYLE_COLOUR('',#21500);
#21520=FILL_AREA_STYLE('',(#21510));
#21530=SURFACE_STYLE_FILL_AREA(#21520);
#21540=SURFACE_SIDE_STYLE('',(#21530));
#21550=SURFACE_STYLE_USAGE(.BOTH.,#21540);
#21560=PRESENTATION_STYLE_ASSIGNMENT((#21550));
#21570=CARTESIAN_POINT('',(-2.8406434279282319E+01,
   1.5202217869545114E+01,4.3168946143859168E+00));
#21580=DIRECTION('',(0.0000000000000000E+00,1.0000000000000000E+00,
   0.0000000000000000E+00));
#21590=DIRECTION('',(-1.0000000000000000E+00,0.0000000000000000E+00,
   0.0000000000000000E+00));
#21600=AXIS2_PLACEMENT_3D('',#21570,#21580,#21590);
#21610=CYLINDRICAL_SURFACE('',#21600,1.5809685943361274E-01);
#21620=CARTESIAN_POINT('',(-2.8406434279282319E+01,
   1.5202217869545114E+01,4.3168946143859168E+00));
#21630=DIRECTION('',(0.0000000000000000E+00,1.0000000000000000E+00,
   0.0000000000000000E+00));
#21640=DIRECTION('',(-1.0000000000000000E+00,0.0000000000000000E+00,
   0.0000000000000000E+00));
#21650=AXIS2_PLACEMENT_3D('',#21620,#21630,#21640);
#21660=CIRCLE('',#21650,1.5809685943361274E-01);
#21670=CARTESIAN_POINT('',(-2.8406434279282319E+01,
   1.5202217869545114E+01,4.4749914738195296E+00));
#21680=VERTEX_POINT('',#21670);
#21690=EDGE_CURVE('',#21290,#21680,#21660,.T.);
#21700=ORIENTED_EDGE('',*,*,#21690,.F.);
#21710=CARTESIAN_POINT('',(-2.8406434279282319E+01,
   1.5202217869545114E+01,4.4749914738193572E+00));
#21720=DIRECTION('',(0.0000000000000000E+00,-1.0000000000000000E+00,
   0.0000000000000000E+00));
#21730=VECTOR('',#21720,1.0000000000000000E+00);
#21740=LINE('',#21710,#21730);
#21750=EDGE_CURVE('',#21680,#16410,#21740,.T.);
#21760=ORIENTED_EDGE('',*,*,#21750,.F.);
#21770=ORIENTED_EDGE('',*,*,#16420,.T.);
#21780=ORIENTED_EDGE('',*,*,#21380,.F.);
#21790=EDGE_LOOP('',(#21780,#21770,#21760,#21700));
#21800=FACE_OUTER_BOUND('',#21790,.T.);
#21810=ADVANCED_FACE('',(#21800),#21610,.T.);
#21820=COLOUR_RGB('',5.0196081399917603E-01,1.0000000000000000E+00,
   5.0196081399917603E-01);
#21830=FILL_AREA_STYLE_COLOUR('',#21820);
#21840=FILL_AREA_STYLE('',(#21830));
#21850=SURFACE_STYLE_FILL_AREA(#21840);
#21860=SURFACE_SIDE_STYLE('',(#21850));
#21870=SURFACE_STYLE_USAGE(.BOTH.,#21860);
#21880=PRESENTATION_STYLE_ASSIGNMENT((#21870));
#21890=CARTESIAN_POINT('',(-2.7729814830441210E+01,
   1.5202217869545114E+01,4.4749914738193768E+00));
#21900=DIRECTION('',(2.8878751958534577E-14,0.0000000000000000E+00,
   -1.0000000000000000E+00));
#21910=DIRECTION('',(1.0000000000000000E+00,0.0000000000000000E+00,
   2.8878751958534577E-14));
#21920=AXIS2_PLACEMENT_3D('',#21890,#21900,#21910);
#21930=PLANE('',#21920);
#21940=CARTESIAN_POINT('',(-2.2300000000000204E+00,
   1.5202217869545114E+01,4.4749914738201131E+00));
#21950=DIRECTION('',(-1.0000000000000000E+00,0.0000000000000000E+00,
   -2.8878751958534577E-14));
#21960=VECTOR('',#21950,1.0000000000000000E+00);
#21970=LINE('',#21940,#21960);
#21980=CARTESIAN_POINT('',(-2.7729814830441210E+01,
   1.5202217869545114E+01,4.4749914738193768E+00));
#21990=VERTEX_POINT('',#21980);
#22000=EDGE_CURVE('',#21990,#21680,#21970,.T.);
#22010=ORIENTED_EDGE('',*,*,#22000,.T.);
#22020=CARTESIAN_POINT('',(-2.7729814830441210E+01,
   1.5202217869545114E+01,4.4749914738193768E+00));
#22030=DIRECTION('',(0.0000000000000000E+00,-1.0000000000000000E+00,
   0.0000000000000000E+00));
#22040=VECTOR('',#22030,1.0000000000000000E+00);
#22050=LINE('',#22020,#22040);
#22060=EDGE_CURVE('',#21990,#16490,#22050,.T.);
#22070=ORIENTED_EDGE('',*,*,#22060,.F.);
#22080=ORIENTED_EDGE('',*,*,#16500,.F.);
#22090=ORIENTED_EDGE('',*,*,#21750,.T.);
#22100=EDGE_LOOP('',(#22090,#22080,#22070,#22010));
#22110=FACE_OUTER_BOUND('',#22100,.T.);
#22120=ADVANCED_FACE('',(#22110),#21930,.F.);
#22130=COLOUR_RGB('',5.0196081399917603E-01,1.0000000000000000E+00,
   5.0196081399917603E-01);
#22140=FILL_AREA_STYLE_COLOUR('',#22130);
#22150=FILL_AREA_STYLE('',(#22140));
#22160=SURFACE_STYLE_FILL_AREA(#22150);
#22170=SURFACE_SIDE_STYLE('',(#22160));
#22180=SURFACE_STYLE_USAGE(.BOTH.,#22170);
#22190=PRESENTATION_STYLE_ASSIGNMENT((#22180));
#22200=CARTESIAN_POINT('',(-2.7729814830441210E+01,
   1.5202217869545114E+01,4.3168946143859364E+00));
#22210=DIRECTION('',(0.0000000000000000E+00,1.0000000000000000E+00,
   0.0000000000000000E+00));
#22220=DIRECTION('',(-1.0000000000000000E+00,0.0000000000000000E+00,
   0.0000000000000000E+00));
#22230=AXIS2_PLACEMENT_3D('',#22200,#22210,#22220);
#22240=CYLINDRICAL_SURFACE('',#22230,1.5809685943344043E-01);
#22250=CARTESIAN_POINT('',(-2.7729814830441210E+01,
   1.5202217869545114E+01,4.3168946143859364E+00));
#22260=DIRECTION('',(0.0000000000000000E+00,1.0000000000000000E+00,
   0.0000000000000000E+00));
#22270=DIRECTION('',(-1.0000000000000000E+00,0.0000000000000000E+00,
   0.0000000000000000E+00));
#22280=AXIS2_PLACEMENT_3D('',#22250,#22260,#22270);
#22290=CIRCLE('',#22280,1.5809685943344043E-01);
#22300=CARTESIAN_POINT('',(-2.7571717971007772E+01,
   1.5202217869545114E+01,4.3168946143859364E+00));
#22310=VERTEX_POINT('',#22300);
#22320=EDGE_CURVE('',#21990,#22310,#22290,.T.);
#22330=ORIENTED_EDGE('',*,*,#22320,.F.);
#22340=CARTESIAN_POINT('',(-2.7571717971007772E+01,
   1.5202217869545114E+01,4.3168946143859364E+00));
#22350=DIRECTION('',(0.0000000000000000E+00,1.0000000000000000E+00,
   0.0000000000000000E+00));
#22360=VECTOR('',#22350,1.0000000000000000E+00);
#22370=LINE('',#22340,#22360);
#22380=EDGE_CURVE('',#16580,#22310,#22370,.T.);
#22390=ORIENTED_EDGE('',*,*,#22380,.T.);
#22400=ORIENTED_EDGE('',*,*,#16590,.T.);
#22410=ORIENTED_EDGE('',*,*,#22060,.T.);
#22420=EDGE_LOOP('',(#22410,#22400,#22390,#22330));
#22430=FACE_OUTER_BOUND('',#22420,.T.);
#22440=ADVANCED_FACE('',(#22430),#22240,.T.);
#22450=COLOUR_RGB('',5.0196081399917603E-01,1.0000000000000000E+00,
   5.0196081399917603E-01);
#22460=FILL_AREA_STYLE_COLOUR('',#22450);
#22470=FILL_AREA_STYLE('',(#22460));
#22480=SURFACE_STYLE_FILL_AREA(#22470);
#22490=SURFACE_SIDE_STYLE('',(#22480));
#22500=SURFACE_STYLE_USAGE(.BOTH.,#22490);
#22510=PRESENTATION_STYLE_ASSIGNMENT((#22500));
#22520=CARTESIAN_POINT('',(-2.7571717971007711E+01,
   1.5202217869545114E+01,2.2831053856218757E+00));
#22530=DIRECTION('',(-1.0000000000000000E+00,-0.0000000000000000E+00,
   -0.0000000000000000E+00));
#22540=DIRECTION('',(0.0000000000000000E+00,0.0000000000000000E+00,
   -1.0000000000000000E+00));
#22550=AXIS2_PLACEMENT_3D('',#22520,#22530,#22540);
#22560=PLANE('',#22550);
#22570=CARTESIAN_POINT('',(-2.7571717971007711E+01,
   1.5202217869545114E+01,3.0170423393406152E+00));
#22580=DIRECTION('',(0.0000000000000000E+00,0.0000000000000000E+00,
   1.0000000000000000E+00));
#22590=VECTOR('',#22580,1.0000000000000000E+00);
#22600=LINE('',#22570,#22590);
#22610=CARTESIAN_POINT('',(-2.7571717971007711E+01,
   1.5202217869545114E+01,2.2831053856218757E+00));
#22620=VERTEX_POINT('',#22610);
#22630=EDGE_CURVE('',#22620,#22310,#22600,.T.);
#22640=ORIENTED_EDGE('',*,*,#22630,.T.);
#22650=CARTESIAN_POINT('',(-2.7571717971007711E+01,
   1.5202217869545114E+01,2.2831053856218757E+00));
#22660=DIRECTION('',(0.0000000000000000E+00,1.0000000000000000E+00,
   0.0000000000000000E+00));
#22670=VECTOR('',#22660,1.0000000000000000E+00);
#22680=LINE('',#22650,#22670);
#22690=EDGE_CURVE('',#16660,#22620,#22680,.T.);
#22700=ORIENTED_EDGE('',*,*,#22690,.T.);
#22710=ORIENTED_EDGE('',*,*,#16670,.T.);
#22720=ORIENTED_EDGE('',*,*,#22380,.F.);
#22730=EDGE_LOOP('',(#22720,#22710,#22700,#22640));
#22740=FACE_OUTER_BOUND('',#22730,.T.);
#22750=ADVANCED_FACE('',(#22740),#22560,.F.);
#22760=COLOUR_RGB('',5.0196081399917603E-01,1.0000000000000000E+00,
   5.0196081399917603E-01);
#22770=FILL_AREA_STYLE_COLOUR('',#22760);
#22780=FILL_AREA_STYLE('',(#22770));
#22790=SURFACE_STYLE_FILL_AREA(#22780);
#22800=SURFACE_SIDE_STYLE('',(#22790));
#22810=SURFACE_STYLE_USAGE(.BOTH.,#22800);
#22820=PRESENTATION_STYLE_ASSIGNMENT((#22810));
#22830=CARTESIAN_POINT('',(-2.7729814830441210E+01,
   1.5202217869545114E+01,2.2831053856218757E+00));
#22840=DIRECTION('',(0.0000000000000000E+00,1.0000000000000000E+00,
   0.0000000000000000E+00));
#22850=DIRECTION('',(-1.0000000000000000E+00,0.0000000000000000E+00,
   0.0000000000000000E+00));
#22860=AXIS2_PLACEMENT_3D('',#22830,#22840,#22850);
#22870=CYLINDRICAL_SURFACE('',#22860,1.5809685943349905E-01);
#22880=CARTESIAN_POINT('',(-2.7729814830441210E+01,
   1.5202217869545114E+01,2.2831053856218757E+00));
#22890=DIRECTION('',(0.0000000000000000E+00,1.0000000000000000E+00,
   0.0000000000000000E+00));
#22900=DIRECTION('',(-1.0000000000000000E+00,0.0000000000000000E+00,
   0.0000000000000000E+00));
#22910=AXIS2_PLACEMENT_3D('',#22880,#22890,#22900);
#22920=CIRCLE('',#22910,1.5809685943349905E-01);
#22930=CARTESIAN_POINT('',(-2.7729814830441210E+01,
   1.5202217869545114E+01,2.1250085261883767E+00));
#22940=VERTEX_POINT('',#22930);
#22950=EDGE_CURVE('',#22620,#22940,#22920,.T.);
#22960=ORIENTED_EDGE('',*,*,#22950,.F.);
#22970=CARTESIAN_POINT('',(-2.7729814830441210E+01,
   1.5202217869545114E+01,2.1250085261884371E+00));
#22980=DIRECTION('',(0.0000000000000000E+00,-1.0000000000000000E+00,
   0.0000000000000000E+00));
#22990=VECTOR('',#22980,1.0000000000000000E+00);
#23000=LINE('',#22970,#22990);
#23010=EDGE_CURVE('',#22940,#16750,#23000,.T.);
#23020=ORIENTED_EDGE('',*,*,#23010,.F.);
#23030=ORIENTED_EDGE('',*,*,#16760,.T.);
#23040=ORIENTED_EDGE('',*,*,#22690,.F.);
#23050=EDGE_LOOP('',(#23040,#23030,#23020,#22960));
#23060=FACE_OUTER_BOUND('',#23050,.T.);
#23070=ADVANCED_FACE('',(#23060),#22870,.T.);
#23080=COLOUR_RGB('',5.0196081399917603E-01,1.0000000000000000E+00,
   5.0196081399917603E-01);
#23090=FILL_AREA_STYLE_COLOUR('',#23080);
#23100=FILL_AREA_STYLE('',(#23090));
#23110=SURFACE_STYLE_FILL_AREA(#23100);
#23120=SURFACE_SIDE_STYLE('',(#23110));
#23130=SURFACE_STYLE_USAGE(.BOTH.,#23120);
#23140=PRESENTATION_STYLE_ASSIGNMENT((#23130));
#23150=CARTESIAN_POINT('',(-2.8406434279282319E+01,
   1.5202217869545114E+01,2.1250085261884371E+00));
#23160=DIRECTION('',(0.0000000000000000E+00,0.0000000000000000E+00,
   1.0000000000000000E+00));
#23170=DIRECTION('',(-1.0000000000000000E+00,0.0000000000000000E+00,
   0.0000000000000000E+00));
#23180=AXIS2_PLACEMENT_3D('',#23150,#23160,#23170);
#23190=PLANE('',#23180);
#23200=CARTESIAN_POINT('',(-2.2300000000000204E+00,
   1.5202217869545114E+01,2.1250085261884371E+00));
#23210=DIRECTION('',(1.0000000000000000E+00,0.0000000000000000E+00,
   0.0000000000000000E+00));
#23220=VECTOR('',#23210,1.0000000000000000E+00);
#23230=LINE('',#23200,#23220);
#23240=CARTESIAN_POINT('',(-2.8406434279282319E+01,
   1.5202217869545114E+01,2.1250085261884371E+00));
#23250=VERTEX_POINT('',#23240);
#23260=EDGE_CURVE('',#23250,#22940,#23230,.T.);
#23270=ORIENTED_EDGE('',*,*,#23260,.T.);
#23280=CARTESIAN_POINT('',(-2.8406434279282319E+01,
   1.5202217869545114E+01,2.1250085261884371E+00));
#23290=DIRECTION('',(0.0000000000000000E+00,-1.0000000000000000E+00,
   0.0000000000000000E+00));
#23300=VECTOR('',#23290,1.0000000000000000E+00);
#23310=LINE('',#23280,#23300);
#23320=EDGE_CURVE('',#23250,#16830,#23310,.T.);
#23330=ORIENTED_EDGE('',*,*,#23320,.F.);
#23340=ORIENTED_EDGE('',*,*,#16840,.F.);
#23350=ORIENTED_EDGE('',*,*,#23010,.T.);
#23360=EDGE_LOOP('',(#23350,#23340,#23330,#23270));
#23370=FACE_OUTER_BOUND('',#23360,.T.);
#23380=ADVANCED_FACE('',(#23370),#23190,.F.);
#23390=COLOUR_RGB('',5.0196081399917603E-01,1.0000000000000000E+00,
   5.0196081399917603E-01);
#23400=FILL_AREA_STYLE_COLOUR('',#23390);
#23410=FILL_AREA_STYLE('',(#23400));
#23420=SURFACE_STYLE_FILL_AREA(#23410);
#23430=SURFACE_SIDE_STYLE('',(#23420));
#23440=SURFACE_STYLE_USAGE(.BOTH.,#23430);
#23450=PRESENTATION_STYLE_ASSIGNMENT((#23440));
#23460=CARTESIAN_POINT('',(-2.8406434279282319E+01,
   1.5202217869545114E+01,2.2831053856218757E+00));
#23470=DIRECTION('',(0.0000000000000000E+00,1.0000000000000000E+00,
   0.0000000000000000E+00));
#23480=DIRECTION('',(-1.0000000000000000E+00,0.0000000000000000E+00,
   0.0000000000000000E+00));
#23490=AXIS2_PLACEMENT_3D('',#23460,#23470,#23480);
#23500=CYLINDRICAL_SURFACE('',#23490,1.5809685943343865E-01);
#23510=CARTESIAN_POINT('',(-2.8406434279282319E+01,
   1.5202217869545114E+01,2.2831053856218757E+00));
#23520=DIRECTION('',(0.0000000000000000E+00,1.0000000000000000E+00,
   0.0000000000000000E+00));
#23530=DIRECTION('',(-1.0000000000000000E+00,0.0000000000000000E+00,
   0.0000000000000000E+00));
#23540=AXIS2_PLACEMENT_3D('',#23510,#23520,#23530);
#23550=CIRCLE('',#23540,1.5809685943343865E-01);
#23560=CARTESIAN_POINT('',(-2.8564531138715758E+01,
   1.5202217869545114E+01,2.2831053856218757E+00));
#23570=VERTEX_POINT('',#23560);
#23580=EDGE_CURVE('',#23250,#23570,#23550,.T.);
#23590=ORIENTED_EDGE('',*,*,#23580,.F.);
#23600=CARTESIAN_POINT('',(-2.8564531138715758E+01,
   1.5202217869545114E+01,2.2831053856218757E+00));
#23610=DIRECTION('',(0.0000000000000000E+00,1.0000000000000000E+00,
   0.0000000000000000E+00));
#23620=VECTOR('',#23610,1.0000000000000000E+00);
#23630=LINE('',#23600,#23620);
#23640=EDGE_CURVE('',#16920,#23570,#23630,.T.);
#23650=ORIENTED_EDGE('',*,*,#23640,.T.);
#23660=ORIENTED_EDGE('',*,*,#16930,.T.);
#23670=ORIENTED_EDGE('',*,*,#23320,.T.);
#23680=EDGE_LOOP('',(#23670,#23660,#23650,#23590));
#23690=FACE_OUTER_BOUND('',#23680,.T.);
#23700=ADVANCED_FACE('',(#23690),#23500,.T.);
#23710=COLOUR_RGB('',5.0196081399917603E-01,1.0000000000000000E+00,
   5.0196081399917603E-01);
#23720=FILL_AREA_STYLE_COLOUR('',#23710);
#23730=FILL_AREA_STYLE('',(#23720));
#23740=SURFACE_STYLE_FILL_AREA(#23730);
#23750=SURFACE_SIDE_STYLE('',(#23740));
#23760=SURFACE_STYLE_USAGE(.BOTH.,#23750);
#23770=PRESENTATION_STYLE_ASSIGNMENT((#23760));
#23780=CARTESIAN_POINT('',(-2.8564531138715619E+01,
   1.5202217869545114E+01,2.9706701361353369E+00));
#23790=DIRECTION('',(1.0000000000000000E+00,0.0000000000000000E+00,
   -0.0000000000000000E+00));
#23800=DIRECTION('',(0.0000000000000000E+00,0.0000000000000000E+00,
   1.0000000000000000E+00));
#23810=AXIS2_PLACEMENT_3D('',#23780,#23790,#23800);
#23820=PLANE('',#23810);
#23830=CARTESIAN_POINT('',(-2.8564531138715619E+01,
   1.5202217869545114E+01,3.0170423393406152E+00));
#23840=DIRECTION('',(0.0000000000000000E+00,0.0000000000000000E+00,
   -1.0000000000000000E+00));
#23850=VECTOR('',#23840,1.0000000000000000E+00);
#23860=LINE('',#23830,#23850);
#23870=CARTESIAN_POINT('',(-2.8564531138715619E+01,
   1.5202217869545114E+01,2.9706701361353369E+00));
#23880=VERTEX_POINT('',#23870);
#23890=EDGE_CURVE('',#23880,#23570,#23860,.T.);
#23900=ORIENTED_EDGE('',*,*,#23890,.T.);
#23910=CARTESIAN_POINT('',(-2.8564531138715619E+01,
   1.5202217869545114E+01,2.9706701361353369E+00));
#23920=DIRECTION('',(0.0000000000000000E+00,1.0000000000000000E+00,
   0.0000000000000000E+00));
#23930=VECTOR('',#23920,1.0000000000000000E+00);
#23940=LINE('',#23910,#23930);
#23950=EDGE_CURVE('',#17000,#23880,#23940,.T.);
#23960=ORIENTED_EDGE('',*,*,#23950,.T.);
#23970=ORIENTED_EDGE('',*,*,#17010,.F.);
#23980=ORIENTED_EDGE('',*,*,#23640,.F.);
#23990=EDGE_LOOP('',(#23980,#23970,#23960,#23900));
#24000=FACE_OUTER_BOUND('',#23990,.T.);
#24010=ADVANCED_FACE('',(#24000),#23820,.F.);
#24020=COLOUR_RGB('',5.0196081399917603E-01,1.0000000000000000E+00,
   5.0196081399917603E-01);
#24030=FILL_AREA_STYLE_COLOUR('',#24020);
#24040=FILL_AREA_STYLE('',(#24030));
#24050=SURFACE_STYLE_FILL_AREA(#24040);
#24060=SURFACE_SIDE_STYLE('',(#24050));
#24070=SURFACE_STYLE_USAGE(.BOTH.,#24060);
#24080=PRESENTATION_STYLE_ASSIGNMENT((#24070));
#24090=CARTESIAN_POINT('',(-2.8406434279282319E+01,
   1.5202217869545114E+01,2.9706701361353369E+00));
#24100=DIRECTION('',(0.0000000000000000E+00,1.0000000000000000E+00,
   0.0000000000000000E+00));
#24110=DIRECTION('',(-1.0000000000000000E+00,0.0000000000000000E+00,
   0.0000000000000000E+00));
#24120=AXIS2_PLACEMENT_3D('',#24090,#24100,#24110);
#24130=CYLINDRICAL_SURFACE('',#24120,1.5809685943330010E-01);
#24140=CARTESIAN_POINT('',(-2.8406434279282319E+01,
   1.5202217869545114E+01,2.9706701361353369E+00));
#24150=DIRECTION('',(0.0000000000000000E+00,1.0000000000000000E+00,
   0.0000000000000000E+00));
#24160=DIRECTION('',(-1.0000000000000000E+00,0.0000000000000000E+00,
   0.0000000000000000E+00));
#24170=AXIS2_PLACEMENT_3D('',#24140,#24150,#24160);
#24180=CIRCLE('',#24170,1.5809685943330010E-01);
#24190=CARTESIAN_POINT('',(-2.8475453847928172E+01,
   1.5202217869545114E+01,3.1129055610709444E+00));
#24200=VERTEX_POINT('',#24190);
#24210=EDGE_CURVE('',#23880,#24200,#24180,.T.);
#24220=ORIENTED_EDGE('',*,*,#24210,.F.);
#24230=CARTESIAN_POINT('',(-2.8475453847928218E+01,
   1.5202217869545114E+01,3.1129055610710372E+00));
#24240=DIRECTION('',(0.0000000000000000E+00,-1.0000000000000000E+00,
   0.0000000000000000E+00));
#24250=VECTOR('',#24240,1.0000000000000000E+00);
#24260=LINE('',#24230,#24250);
#24270=EDGE_CURVE('',#24200,#17090,#24260,.T.);
#24280=ORIENTED_EDGE('',*,*,#24270,.F.);
#24290=ORIENTED_EDGE('',*,*,#17100,.T.);
#24300=ORIENTED_EDGE('',*,*,#23950,.F.);
#24310=EDGE_LOOP('',(#24300,#24290,#24280,#24220));
#24320=FACE_OUTER_BOUND('',#24310,.T.);
#24330=ADVANCED_FACE('',(#24320),#24130,.T.);
#24340=COLOUR_RGB('',5.0196081399917603E-01,1.0000000000000000E+00,
   5.0196081399917603E-01);
#24350=FILL_AREA_STYLE_COLOUR('',#24340);
#24360=FILL_AREA_STYLE('',(#24350));
#24370=SURFACE_STYLE_FILL_AREA(#24360);
#24380=SURFACE_SIDE_STYLE('',(#24370));
#24390=SURFACE_STYLE_USAGE(.BOTH.,#24380);
#24400=PRESENTATION_STYLE_ASSIGNMENT((#24390));
#24410=CARTESIAN_POINT('',(-2.8674843712905425E+01,
   1.5202217869545114E+01,3.5238078997741757E+00));
#24420=DIRECTION('',(0.0000000000000000E+00,1.0000000000000000E+00,
   0.0000000000000000E+00));
#24430=DIRECTION('',(-1.0000000000000000E+00,0.0000000000000000E+00,
   0.0000000000000000E+00));
#24440=AXIS2_PLACEMENT_3D('',#24410,#24420,#24430);
#24450=CYLINDRICAL_SURFACE('',#24440,4.5672426058551835E-01);
#24460=CARTESIAN_POINT('',(-2.8674843712905425E+01,
   1.5202217869545114E+01,3.5238078997741757E+00));
#24470=DIRECTION('',(0.0000000000000000E+00,1.0000000000000000E+00,
   0.0000000000000000E+00));
#24480=DIRECTION('',(-1.0000000000000000E+00,0.0000000000000000E+00,
   0.0000000000000000E+00));
#24490=AXIS2_PLACEMENT_3D('',#24460,#24470,#24480);
#24500=CIRCLE('',#24490,4.5672426058551835E-01);
#24510=CARTESIAN_POINT('',(-2.8218119452319907E+01,
   1.5202217869545114E+01,3.5238078997741757E+00));
#24520=VERTEX_POINT('',#24510);
#24530=EDGE_CURVE('',#24520,#24200,#24500,.T.);
#24540=ORIENTED_EDGE('',*,*,#24530,.T.);
#24550=CARTESIAN_POINT('',(-2.8218119452319907E+01,
   1.5202217869545114E+01,3.5238078997741757E+00));
#24560=DIRECTION('',(0.0000000000000000E+00,1.0000000000000000E+00,
   0.0000000000000000E+00));
#24570=VECTOR('',#24560,1.0000000000000000E+00);
#24580=LINE('',#24550,#24570);
#24590=EDGE_CURVE('',#17180,#24520,#24580,.T.);
#24600=ORIENTED_EDGE('',*,*,#24590,.T.);
#24610=ORIENTED_EDGE('',*,*,#17190,.F.);
#24620=ORIENTED_EDGE('',*,*,#24270,.T.);
#24630=EDGE_LOOP('',(#24620,#24610,#24600,#24540));
#24640=FACE_OUTER_BOUND('',#24630,.T.);
#24650=ADVANCED_FACE('',(#24640),#24450,.F.);
#24660=COLOUR_RGB('',5.0196081399917603E-01,1.0000000000000000E+00,
   5.0196081399917603E-01);
#24670=FILL_AREA_STYLE_COLOUR('',#24660);
#24680=FILL_AREA_STYLE('',(#24670));
#24690=SURFACE_STYLE_FILL_AREA(#24680);
#24700=SURFACE_SIDE_STYLE('',(#24690));
#24710=SURFACE_STYLE_USAGE(.BOTH.,#24700);
#24720=PRESENTATION_STYLE_ASSIGNMENT((#24710));
#24730=CARTESIAN_POINT('',(-2.8406434279282319E+01,
   1.5202217869545114E+01,4.0769456634130963E+00));
#24740=DIRECTION('',(0.0000000000000000E+00,1.0000000000000000E+00,
   0.0000000000000000E+00));
#24750=DIRECTION('',(-1.0000000000000000E+00,0.0000000000000000E+00,
   0.0000000000000000E+00));
#24760=AXIS2_PLACEMENT_3D('',#24730,#24740,#24750);
#24770=CYLINDRICAL_SURFACE('',#24760,1.5809685943342069E-01);
#24780=CARTESIAN_POINT('',(-2.8406434279282319E+01,
   1.5202217869545114E+01,4.0769456634130963E+00));
#24790=DIRECTION('',(0.0000000000000000E+00,1.0000000000000000E+00,
   0.0000000000000000E+00));
#24800=DIRECTION('',(-1.0000000000000000E+00,0.0000000000000000E+00,
   0.0000000000000000E+00));
#24810=AXIS2_PLACEMENT_3D('',#24780,#24790,#24800);
#24820=CIRCLE('',#24810,1.5809685943342069E-01);
#24830=CARTESIAN_POINT('',(-2.8475453847928218E+01,
   1.5202217869545114E+01,3.9347102384773764E+00));
#24840=VERTEX_POINT('',#24830);
#24850=EDGE_CURVE('',#24840,#21310,#24820,.T.);
#24860=ORIENTED_EDGE('',*,*,#24850,.F.);
#24870=ORIENTED_EDGE('',*,*,#21450,.T.);
#24880=ORIENTED_EDGE('',*,*,#17320,.T.);
#24890=CARTESIAN_POINT('',(-2.8475453847928218E+01,
   1.5202217869545114E+01,3.9347102384773764E+00));
#24900=DIRECTION('',(0.0000000000000000E+00,-1.0000000000000000E+00,
   0.0000000000000000E+00));
#24910=VECTOR('',#24900,1.0000000000000000E+00);
#24920=LINE('',#24890,#24910);
#24930=EDGE_CURVE('',#24840,#17220,#24920,.T.);
#24940=ORIENTED_EDGE('',*,*,#24930,.T.);
#24950=EDGE_LOOP('',(#24940,#24880,#24870,#24860));
#24960=FACE_OUTER_BOUND('',#24950,.T.);
#24970=ADVANCED_FACE('',(#24960),#24770,.T.);
#24980=COLOUR_RGB('',5.0196081399917603E-01,1.0000000000000000E+00,
   5.0196081399917603E-01);
#24990=FILL_AREA_STYLE_COLOUR('',#24980);
#25000=FILL_AREA_STYLE('',(#24990));
#25010=SURFACE_STYLE_FILL_AREA(#25000);
#25020=SURFACE_SIDE_STYLE('',(#25010));
#25030=SURFACE_STYLE_USAGE(.BOTH.,#25020);
#25040=PRESENTATION_STYLE_ASSIGNMENT((#25030));
#25050=ORIENTED_EDGE('',*,*,#22950,.T.);
#25060=ORIENTED_EDGE('',*,*,#22630,.F.);
#25070=ORIENTED_EDGE('',*,*,#22320,.T.);
#25080=ORIENTED_EDGE('',*,*,#22000,.F.);
#25090=ORIENTED_EDGE('',*,*,#21690,.T.);
#25100=ORIENTED_EDGE('',*,*,#21320,.F.);
#25110=ORIENTED_EDGE('',*,*,#24850,.T.);
#25120=EDGE_CURVE('',#24840,#24520,#24500,.T.);
#25130=ORIENTED_EDGE('',*,*,#25120,.F.);
#25140=ORIENTED_EDGE('',*,*,#24530,.F.);
#25150=ORIENTED_EDGE('',*,*,#24210,.T.);
#25160=ORIENTED_EDGE('',*,*,#23890,.F.);
#25170=ORIENTED_EDGE('',*,*,#23580,.T.);
#25180=ORIENTED_EDGE('',*,*,#23260,.F.);
#25190=EDGE_LOOP('',(#25180,#25170,#25160,#25150,#25140,#25130,#25110,
   #25100,#25090,#25080,#25070,#25060,#25050));
#25200=FACE_OUTER_BOUND('',#25190,.T.);
#25210=ADVANCED_FACE('',(#25200),#10430,.T.);
#25220=COLOUR_RGB('',5.0196081399917603E-01,1.0000000000000000E+00,
   5.0196081399917603E-01);
#25230=FILL_AREA_STYLE_COLOUR('',#25220);
#25240=FILL_AREA_STYLE('',(#25230));
#25250=SURFACE_STYLE_FILL_AREA(#25240);
#25260=SURFACE_SIDE_STYLE('',(#25250));
#25270=SURFACE_STYLE_USAGE(.BOTH.,#25260);
#25280=PRESENTATION_STYLE_ASSIGNMENT((#25270));
#25290=CARTESIAN_POINT('',(-2.8674843712905425E+01,
   1.5202217869545114E+01,3.5238078997741757E+00));
#25300=DIRECTION('',(0.0000000000000000E+00,1.0000000000000000E+00,
   0.0000000000000000E+00));
#25310=DIRECTION('',(-1.0000000000000000E+00,0.0000000000000000E+00,
   0.0000000000000000E+00));
#25320=AXIS2_PLACEMENT_3D('',#25290,#25300,#25310);
#25330=CYLINDRICAL_SURFACE('',#25320,2.2836213029279406E-01);
#25340=CARTESIAN_POINT('',(-2.8903205843198219E+01,
   1.5202217869545114E+01,3.5238078997741757E+00));
#25350=DIRECTION('',(0.0000000000000000E+00,1.0000000000000000E+00,
   0.0000000000000000E+00));
#25360=VECTOR('',#25350,1.0000000000000000E+00);
#25370=LINE('',#25340,#25360);
#25380=CARTESIAN_POINT('',(-2.8903205843198219E+01,
   1.5202217869545114E+01,3.5238078997741757E+00));
#25390=VERTEX_POINT('',#25380);
#25400=EDGE_CURVE('',#17480,#25390,#25370,.T.);
#25410=ORIENTED_EDGE('',*,*,#25400,.T.);
#25420=ORIENTED_EDGE('',*,*,#17530,.T.);
#25430=CARTESIAN_POINT('',(-2.8446481582612630E+01,
   1.5202217869545114E+01,3.5238078997741757E+00));
#25440=DIRECTION('',(0.0000000000000000E+00,1.0000000000000000E+00,
   0.0000000000000000E+00));
#25450=VECTOR('',#25440,1.0000000000000000E+00);
#25460=LINE('',#25430,#25450);
#25470=CARTESIAN_POINT('',(-2.8446481582612630E+01,
   1.5202217869545114E+01,3.5238078997741757E+00));
#25480=VERTEX_POINT('',#25470);
#25490=EDGE_CURVE('',#17500,#25480,#25460,.T.);
#25500=ORIENTED_EDGE('',*,*,#25490,.F.);
#25510=CARTESIAN_POINT('',(-2.8674843712905425E+01,
   1.5202217869545114E+01,3.5238078997741757E+00));
#25520=DIRECTION('',(0.0000000000000000E+00,1.0000000000000000E+00,
   0.0000000000000000E+00));
#25530=DIRECTION('',(-1.0000000000000000E+00,0.0000000000000000E+00,
   0.0000000000000000E+00));
#25540=AXIS2_PLACEMENT_3D('',#25510,#25520,#25530);
#25550=CIRCLE('',#25540,2.2836213029279406E-01);
#25560=EDGE_CURVE('',#25480,#25390,#25550,.T.);
#25570=ORIENTED_EDGE('',*,*,#25560,.F.);
#25580=EDGE_LOOP('',(#25570,#25500,#25420,#25410));
#25590=FACE_OUTER_BOUND('',#25580,.T.);
#25600=ADVANCED_FACE('',(#25590),#25330,.T.);
#25610=COLOUR_RGB('',5.0196081399917603E-01,1.0000000000000000E+00,
   5.0196081399917603E-01);
#25620=FILL_AREA_STYLE_COLOUR('',#25610);
#25630=FILL_AREA_STYLE('',(#25620));
#25640=SURFACE_STYLE_FILL_AREA(#25630);
#25650=SURFACE_SIDE_STYLE('',(#25640));
#25660=SURFACE_STYLE_USAGE(.BOTH.,#25650);
#25670=PRESENTATION_STYLE_ASSIGNMENT((#25660));
#25680=EDGE_CURVE('',#25390,#25480,#25550,.T.);
#25690=ORIENTED_EDGE('',*,*,#25680,.T.);
#25700=ORIENTED_EDGE('',*,*,#25560,.T.);
#25710=EDGE_LOOP('',(#25700,#25690));
#25720=FACE_OUTER_BOUND('',#25710,.T.);
#25730=ADVANCED_FACE('',(#25720),#10430,.T.);
#25740=COLOUR_RGB('',5.0196081399917603E-01,1.0000000000000000E+00,
   5.0196081399917603E-01);
#25750=FILL_AREA_STYLE_COLOUR('',#25740);
#25760=FILL_AREA_STYLE('',(#25750));
#25770=SURFACE_STYLE_FILL_AREA(#25760);
#25780=SURFACE_SIDE_STYLE('',(#25770));
#25790=SURFACE_STYLE_USAGE(.BOTH.,#25780);
#25800=PRESENTATION_STYLE_ASSIGNMENT((#25790));
#25810=CARTESIAN_POINT('',(-1.7300000000000262E+00,
   -6.4577821304548966E+00,7.5100000000000060E+00));
#25820=DIRECTION('',(-1.0000000000000000E+00,0.0000000000000000E+00,
   0.0000000000000000E+00));
#25830=DIRECTION('',(0.0000000000000000E+00,0.0000000000000000E+00,
   1.0000000000000000E+00));
#25840=AXIS2_PLACEMENT_3D('',#25810,#25820,#25830);
#25850=PLANE('',#25840);
#25860=CARTESIAN_POINT('',(-1.7300000000000262E+00,
   -6.9577821304549028E+00,3.0170423393406152E+00));
#25870=DIRECTION('',(0.0000000000000000E+00,0.0000000000000000E+00,
   1.0000000000000000E+00));
#25880=VECTOR('',#25870,1.0000000000000000E+00);
#25890=LINE('',#25860,#25880);
#25900=EDGE_CURVE('',#10020,#4240,#25890,.T.);
#25910=ORIENTED_EDGE('',*,*,#25900,.T.);
#25920=ORIENTED_EDGE('',*,*,#10030,.T.);
#25930=ORIENTED_EDGE('',*,*,#11700,.T.);
#25940=ORIENTED_EDGE('',*,*,#4310,.F.);
#25950=EDGE_LOOP('',(#25940,#25930,#25920,#25910));
#25960=FACE_OUTER_BOUND('',#25950,.T.);
#25970=ADVANCED_FACE('',(#25960),#25850,.T.);
#25980=COLOUR_RGB('',5.0196081399917603E-01,1.0000000000000000E+00,
   5.0196081399917603E-01);
#25990=FILL_AREA_STYLE_COLOUR('',#25980);
#26000=FILL_AREA_STYLE('',(#25990));
#26010=SURFACE_STYLE_FILL_AREA(#26000);
#26020=SURFACE_SIDE_STYLE('',(#26010));
#26030=SURFACE_STYLE_USAGE(.BOTH.,#26020);
#26040=PRESENTATION_STYLE_ASSIGNMENT((#26030));
#26050=CARTESIAN_POINT('',(1.6501468615795756E+00,2.7994220269545124E+01
   ,6.1910294942485438E+00));
#26060=DIRECTION('',(-3.8580613044247963E-01,0.0000000000000000E+00,
   -9.2257987714506351E-01));
#26070=DIRECTION('',(-9.2257987714506351E-01,0.0000000000000000E+00,
   3.8580613044247963E-01));
#26080=AXIS2_PLACEMENT_3D('',#26050,#26060,#26070);
#26090=PLANE('',#26080);
#26100=CARTESIAN_POINT('',(-2.2300000000000204E+00,
   -6.9577821304549028E+00,7.8136363636363679E+00));
#26110=DIRECTION('',(-9.2257987714506351E-01,0.0000000000000000E+00,
   3.8580613044247963E-01));
#26120=VECTOR('',#26110,1.0000000000000000E+00);
#26130=LINE('',#26100,#26120);
#26140=CARTESIAN_POINT('',(1.2699999999999800E+00,
   -6.9577821304549028E+00,6.3500000000000094E+00));
#26150=VERTEX_POINT('',#26140);
#26160=EDGE_CURVE('',#26150,#4160,#26130,.T.);
#26170=ORIENTED_EDGE('',*,*,#26160,.F.);
#26180=ORIENTED_EDGE('',*,*,#4170,.T.);
#26190=ORIENTED_EDGE('',*,*,#11630,.F.);
#26200=CARTESIAN_POINT('',(1.2699999999999800E+00,
   -5.7909557635968714E+00,6.3500000000000103E+00));
#26210=DIRECTION('',(0.0000000000000000E+00,-1.0000000000000000E+00,
   0.0000000000000000E+00));
#26220=VECTOR('',#26210,1.0000000000000000E+00);
#26230=LINE('',#26200,#26220);
#26240=EDGE_CURVE('',#11560,#26150,#26230,.T.);
#26250=ORIENTED_EDGE('',*,*,#26240,.F.);
#26260=EDGE_LOOP('',(#26250,#26190,#26180,#26170));
#26270=FACE_OUTER_BOUND('',#26260,.T.);
#26280=ORIENTED_EDGE('',*,*,#740,.T.);
#26290=ORIENTED_EDGE('',*,*,#360,.T.);
#26300=ORIENTED_EDGE('',*,*,#4600,.T.);
#26310=EDGE_LOOP('',(#26300,#26290,#26280));
#26320=FACE_BOUND('',#26310,.T.);
#26330=ADVANCED_FACE('',(#26270,#26320),#26090,.F.);
#26340=COLOUR_RGB('',5.0196081399917603E-01,1.0000000000000000E+00,
   5.0196081399917603E-01);
#26350=FILL_AREA_STYLE_COLOUR('',#26340);
#26360=FILL_AREA_STYLE('',(#26350));
#26370=SURFACE_STYLE_FILL_AREA(#26360);
#26380=SURFACE_SIDE_STYLE('',(#26370));
#26390=SURFACE_STYLE_USAGE(.BOTH.,#26380);
#26400=PRESENTATION_STYLE_ASSIGNMENT((#26390));
#26410=ORIENTED_EDGE('',*,*,#20980,.T.);
#26420=ORIENTED_EDGE('',*,*,#18630,.F.);
#26430=ORIENTED_EDGE('',*,*,#15460,.F.);
#26440=ORIENTED_EDGE('',*,*,#17850,.F.);
#26450=EDGE_LOOP('',(#26440,#26430,#26420,#26410));
#26460=FACE_OUTER_BOUND('',#26450,.T.);
#26470=ADVANCED_FACE('',(#26460),#17690,.F.);
#26480=COLOUR_RGB('',5.0196081399917603E-01,1.0000000000000000E+00,
   5.0196081399917603E-01);
#26490=FILL_AREA_STYLE_COLOUR('',#26480);
#26500=FILL_AREA_STYLE('',(#26490));
#26510=SURFACE_STYLE_FILL_AREA(#26500);
#26520=SURFACE_SIDE_STYLE('',(#26510));
#26530=SURFACE_STYLE_USAGE(.BOTH.,#26520);
#26540=PRESENTATION_STYLE_ASSIGNMENT((#26530));
#26550=ORIENTED_EDGE('',*,*,#25680,.F.);
#26560=ORIENTED_EDGE('',*,*,#25490,.T.);
#26570=ORIENTED_EDGE('',*,*,#17510,.T.);
#26580=ORIENTED_EDGE('',*,*,#25400,.F.);
#26590=EDGE_LOOP('',(#26580,#26570,#26560,#26550));
#26600=FACE_OUTER_BOUND('',#26590,.T.);
#26610=ADVANCED_FACE('',(#26600),#25330,.T.);
#26620=COLOUR_RGB('',5.0196081399917603E-01,1.0000000000000000E+00,
   5.0196081399917603E-01);
#26630=FILL_AREA_STYLE_COLOUR('',#26620);
#26640=FILL_AREA_STYLE('',(#26630));
#26650=SURFACE_STYLE_FILL_AREA(#26640);
#26660=SURFACE_SIDE_STYLE('',(#26650));
#26670=SURFACE_STYLE_USAGE(.BOTH.,#26660);
#26680=PRESENTATION_STYLE_ASSIGNMENT((#26670));
#26690=ORIENTED_EDGE('',*,*,#25120,.T.);
#26700=ORIENTED_EDGE('',*,*,#24930,.F.);
#26710=ORIENTED_EDGE('',*,*,#17230,.F.);
#26720=ORIENTED_EDGE('',*,*,#24590,.F.);
#26730=EDGE_LOOP('',(#26720,#26710,#26700,#26690));
#26740=FACE_OUTER_BOUND('',#26730,.T.);
#26750=ADVANCED_FACE('',(#26740),#24450,.F.);
#26760=COLOUR_RGB('',5.0196081399917603E-01,1.0000000000000000E+00,
   5.0196081399917603E-01);
#26770=FILL_AREA_STYLE_COLOUR('',#26760);
#26780=FILL_AREA_STYLE('',(#26770));
#26790=SURFACE_STYLE_FILL_AREA(#26780);
#26800=SURFACE_SIDE_STYLE('',(#26790));
#26810=SURFACE_STYLE_USAGE(.BOTH.,#26800);
#26820=PRESENTATION_STYLE_ASSIGNMENT((#26810));
#26830=EDGE_CURVE('',#3050,#9210,#9290,.T.);
#26840=ORIENTED_EDGE('',*,*,#26830,.T.);
#26850=ORIENTED_EDGE('',*,*,#8670,.T.);
#26860=ORIENTED_EDGE('',*,*,#9220,.F.);
#26870=EDGE_LOOP('',(#26860,#26850,#26840));
#26880=FACE_OUTER_BOUND('',#26870,.T.);
#26890=ADVANCED_FACE('',(#26880),#9150,.T.);
#26900=COLOUR_RGB('',5.0196081399917603E-01,1.0000000000000000E+00,
   5.0196081399917603E-01);
#26910=FILL_AREA_STYLE_COLOUR('',#26900);
#26920=FILL_AREA_STYLE('',(#26910));
#26930=SURFACE_STYLE_FILL_AREA(#26920);
#26940=SURFACE_SIDE_STYLE('',(#26930));
#26950=SURFACE_STYLE_USAGE(.BOTH.,#26940);
#26960=PRESENTATION_STYLE_ASSIGNMENT((#26950));
#26970=ORIENTED_EDGE('',*,*,#21050,.F.);
#26980=ORIENTED_EDGE('',*,*,#20270,.F.);
#26990=ORIENTED_EDGE('',*,*,#15930,.T.);
#27000=ORIENTED_EDGE('',*,*,#19870,.F.);
#27010=EDGE_LOOP('',(#27000,#26990,#26980,#26970));
#27020=FACE_OUTER_BOUND('',#27010,.T.);
#27030=ADVANCED_FACE('',(#27020),#19730,.T.);
#27040=COLOUR_RGB('',5.0196081399917603E-01,1.0000000000000000E+00,
   5.0196081399917603E-01);
#27050=FILL_AREA_STYLE_COLOUR('',#27040);
#27060=FILL_AREA_STYLE('',(#27050));
#27070=SURFACE_STYLE_FILL_AREA(#27060);
#27080=SURFACE_SIDE_STYLE('',(#27070));
#27090=SURFACE_STYLE_USAGE(.BOTH.,#27080);
#27100=PRESENTATION_STYLE_ASSIGNMENT((#27090));
#27110=ORIENTED_EDGE('',*,*,#3150,.T.);
#27120=ORIENTED_EDGE('',*,*,#26830,.F.);
#27130=ORIENTED_EDGE('',*,*,#9710,.T.);
#27140=EDGE_LOOP('',(#27130,#27120,#27110));
#27150=FACE_OUTER_BOUND('',#27140,.T.);
#27160=ADVANCED_FACE('',(#27150),#9640,.T.);
#27170=COLOUR_RGB('',5.0196081399917603E-01,1.0000000000000000E+00,
   5.0196081399917603E-01);
#27180=FILL_AREA_STYLE_COLOUR('',#27170);
#27190=FILL_AREA_STYLE('',(#27180));
#27200=SURFACE_STYLE_FILL_AREA(#27190);
#27210=SURFACE_SIDE_STYLE('',(#27200));
#27220=SURFACE_STYLE_USAGE(.BOTH.,#27210);
#27230=PRESENTATION_STYLE_ASSIGNMENT((#27220));
#27240=CARTESIAN_POINT('',(1.2699999999999796E+00,
   -2.6697821304547888E+00,5.2934999999999901E+00));
#27250=DIRECTION('',(1.0000000000000000E+00,0.0000000000000000E+00,
   0.0000000000000000E+00));
#27260=DIRECTION('',(0.0000000000000000E+00,-1.0000000000000000E+00,
   1.2246063538223773E-16));
#27270=AXIS2_PLACEMENT_3D('',#27240,#27250,#27260);
#27280=CYLINDRICAL_SURFACE('',#27270,1.9349999999995759E-01);
#27290=CARTESIAN_POINT('',(8.7253658899385655E-01,
   -2.6697821304547933E+00,5.2934999999999901E+00));
#27300=DIRECTION('',(-2.5881904510252074E-01,0.0000000000000000E+00,
   9.6592582628906842E-01));
#27310=DIRECTION('',(-9.6592582628906831E-01,0.0000000000000000E+00,
   -2.5881904510252068E-01));
#27320=AXIS2_PLACEMENT_3D('',#27290,#27300,#27310);
#27330=ELLIPSE('',#27320,7.4762658954757510E-01,1.9349999999995754E-01);
#27340=CARTESIAN_POINT('',(1.2699999999999796E+00,
   -2.5082271862408105E+00,5.3999999999999995E+00));
#27350=VERTEX_POINT('',#27340);
#27360=CARTESIAN_POINT('',(8.7253658899385655E-01,
   -2.4762821304548313E+00,5.2934999999999901E+00));
#27370=VERTEX_POINT('',#27360);
#27380=EDGE_CURVE('',#27350,#27370,#27330,.T.);
#27390=ORIENTED_EDGE('',*,*,#27380,.T.);
#27400=CARTESIAN_POINT('',(1.2699999999999796E+00,
   -2.6697821304547888E+00,5.2934999999999901E+00));
#27410=DIRECTION('',(1.0000000000000000E+00,0.0000000000000000E+00,
   0.0000000000000000E+00));
#27420=DIRECTION('',(0.0000000000000000E+00,-1.0000000000000000E+00,
   1.2246063538223773E-16));
#27430=AXIS2_PLACEMENT_3D('',#27400,#27410,#27420);
#27440=CIRCLE('',#27430,1.9349999999995759E-01);
#27450=CARTESIAN_POINT('',(1.2699999999999796E+00,
   -2.5219657540387885E+00,5.4183702080691170E+00));
#27460=VERTEX_POINT('',#27450);
#27470=EDGE_CURVE('',#27350,#27460,#27440,.T.);
#27480=ORIENTED_EDGE('',*,*,#27470,.F.);
#27490=CARTESIAN_POINT('',(1.2699999999999796E+00,
   -2.5219657540388001E+00,5.4183702080691090E+00));
#27500=DIRECTION('',(-1.0000000000000000E+00,0.0000000000000000E+00,
   0.0000000000000000E+00));
#27510=VECTOR('',#27500,1.0000000000000000E+00);
#27520=LINE('',#27490,#27510);
#27530=CARTESIAN_POINT('',(-6.7300000000000200E+00,
   -2.5219657540388001E+00,5.4183702080691090E+00));
#27540=VERTEX_POINT('',#27530);
#27550=EDGE_CURVE('',#27460,#27540,#27520,.T.);
#27560=ORIENTED_EDGE('',*,*,#27550,.F.);
#27570=CARTESIAN_POINT('',(-6.7300000000000200E+00,
   -2.6697821304547888E+00,5.2934999999999901E+00));
#27580=DIRECTION('',(1.0000000000000000E+00,0.0000000000000000E+00,
   0.0000000000000000E+00));
#27590=DIRECTION('',(0.0000000000000000E+00,-1.0000000000000000E+00,
   1.2246063538223773E-16));
#27600=AXIS2_PLACEMENT_3D('',#27570,#27580,#27590);
#27610=CIRCLE('',#27600,1.9349999999995759E-01);
#27620=CARTESIAN_POINT('',(-6.7300000000000200E+00,
   -2.4762821304548313E+00,5.2934999999999901E+00));
#27630=VERTEX_POINT('',#27620);
#27640=EDGE_CURVE('',#27630,#27540,#27610,.T.);
#27650=ORIENTED_EDGE('',*,*,#27640,.T.);
#27660=CARTESIAN_POINT('',(1.2699999999999796E+00,
   -2.4762821304548313E+00,5.2934999999999901E+00));
#27670=DIRECTION('',(1.0000000000000000E+00,0.0000000000000000E+00,
   0.0000000000000000E+00));
#27680=VECTOR('',#27670,1.0000000000000000E+00);
#27690=LINE('',#27660,#27680);
#27700=EDGE_CURVE('',#27630,#27370,#27690,.T.);
#27710=ORIENTED_EDGE('',*,*,#27700,.F.);
#27720=EDGE_LOOP('',(#27710,#27650,#27560,#27480,#27390));
#27730=FACE_OUTER_BOUND('',#27720,.T.);
#27740=ADVANCED_FACE('',(#27730),#27280,.T.);
#27750=COLOUR_RGB('',5.0196081399917603E-01,1.0000000000000000E+00,
   5.0196081399917603E-01);
#27760=FILL_AREA_STYLE_COLOUR('',#27750);
#27770=FILL_AREA_STYLE('',(#27760));
#27780=SURFACE_STYLE_FILL_AREA(#27770);
#27790=SURFACE_SIDE_STYLE('',(#27780));
#27800=SURFACE_STYLE_USAGE(.BOTH.,#27790);
#27810=PRESENTATION_STYLE_ASSIGNMENT((#27800));
#27820=CARTESIAN_POINT('',(-6.7300000000000200E+00,
   3.4698325082470536E+00,5.4209701250048949E+00));
#27830=DIRECTION('',(1.0000000000000000E+00,0.0000000000000000E+00,
   -0.0000000000000000E+00));
#27840=DIRECTION('',(0.0000000000000000E+00,6.1230317691118863E-17,
   1.0000000000000000E+00));
#27850=AXIS2_PLACEMENT_3D('',#27820,#27830,#27840);
#27860=PLANE('',#27850);
#27870=CARTESIAN_POINT('',(-6.7300000000000200E+00,
   -5.7909557635968714E+00,5.0999999999999996E+00));
#27880=DIRECTION('',(0.0000000000000000E+00,1.0000000000000000E+00,
   0.0000000000000000E+00));
#27890=VECTOR('',#27880,1.0000000000000000E+00);
#27900=LINE('',#27870,#27890);
#27910=CARTESIAN_POINT('',(-6.7300000000000200E+00,
   -2.4762821304548321E+00,5.0999999999999996E+00));
#27920=VERTEX_POINT('',#27910);
#27930=CARTESIAN_POINT('',(-6.7300000000000200E+00,
   -2.4077821304547888E+00,5.0999999999999996E+00));
#27940=VERTEX_POINT('',#27930);
#27950=EDGE_CURVE('',#27920,#27940,#27900,.T.);
#27960=ORIENTED_EDGE('',*,*,#27950,.T.);
#27970=CARTESIAN_POINT('',(-6.7300000000000200E+00,
   -2.4762821304548317E+00,5.1000000000000112E+00));
#27980=DIRECTION('',(0.0000000000000000E+00,1.2246063538223773E-16,
   1.0000000000000000E+00));
#27990=VECTOR('',#27980,1.0000000000000000E+00);
#28000=LINE('',#27970,#27990);
#28010=EDGE_CURVE('',#27920,#27630,#28000,.T.);
#28020=ORIENTED_EDGE('',*,*,#28010,.F.);
#28030=ORIENTED_EDGE('',*,*,#27640,.F.);
#28040=CARTESIAN_POINT('',(-6.7300000000000200E+00,
   -2.5219657540388001E+00,5.4183702080691090E+00));
#28050=DIRECTION('',(0.0000000000000000E+00,-6.4532407270864856E-01,
   7.6390892204681249E-01));
#28060=VECTOR('',#28050,1.0000000000000000E+00);
#28070=LINE('',#28040,#28060);
#28080=CARTESIAN_POINT('',(-6.7300000000000200E+00,
   -2.7620985068710100E+00,5.7026297919309057E+00));
#28090=VERTEX_POINT('',#28080);
#28100=EDGE_CURVE('',#27540,#28090,#28070,.T.);
#28110=ORIENTED_EDGE('',*,*,#28100,.F.);
#28120=CARTESIAN_POINT('',(-6.7300000000000200E+00,
   -2.6142821304549075E+00,5.8274999999999748E+00));
#28130=DIRECTION('',(1.0000000000000000E+00,0.0000000000000000E+00,
   0.0000000000000000E+00));
#28140=DIRECTION('',(0.0000000000000000E+00,-1.0000000000000000E+00,
   1.2246063538223773E-16));
#28150=AXIS2_PLACEMENT_3D('',#28120,#28130,#28140);
#28160=CIRCLE('',#28150,1.9349999999991496E-01);
#28170=CARTESIAN_POINT('',(-6.7300000000000200E+00,
   -2.8077821304548225E+00,5.8274999999999748E+00));
#28180=VERTEX_POINT('',#28170);
#28190=EDGE_CURVE('',#28180,#28090,#28160,.T.);
#28200=ORIENTED_EDGE('',*,*,#28190,.T.);
#28210=CARTESIAN_POINT('',(-6.7300000000000200E+00,
   -2.6142821304549075E+00,6.0209999999998898E+00));
#28220=VERTEX_POINT('',#28210);
#28230=EDGE_CURVE('',#28220,#28180,#28160,.T.);
#28240=ORIENTED_EDGE('',*,*,#28230,.T.);
#28250=CARTESIAN_POINT('',(-6.7300000000000200E+00,
   -2.6142821304549075E+00,6.0209999999998898E+00));
#28260=DIRECTION('',(0.0000000000000000E+00,1.0000000000000000E+00,
   5.8482797558324895E-13));
#28270=VECTOR('',#28260,1.0000000000000000E+00);
#28280=LINE('',#28250,#28270);
#28290=CARTESIAN_POINT('',(-6.7300000000000200E+00,
   -2.4077821304547884E+00,6.0210000000000106E+00));
#28300=VERTEX_POINT('',#28290);
#28310=EDGE_CURVE('',#28220,#28300,#28280,.T.);
#28320=ORIENTED_EDGE('',*,*,#28310,.F.);
#28330=CARTESIAN_POINT('',(-6.7300000000000200E+00,
   -2.4077821304547937E+00,-3.2945804108360988E+01));
#28340=DIRECTION('',(0.0000000000000000E+00,-1.2246063538223773E-16,
   -1.0000000000000000E+00));
#28350=VECTOR('',#28340,1.0000000000000000E+00);
#28360=LINE('',#28330,#28350);
#28370=EDGE_CURVE('',#28300,#27940,#28360,.T.);
#28380=ORIENTED_EDGE('',*,*,#28370,.F.);
#28390=EDGE_LOOP('',(#28380,#28320,#28240,#28200,#28110,#28030,#28020,
   #27960));
#28400=FACE_OUTER_BOUND('',#28390,.T.);
#28410=ADVANCED_FACE('',(#28400),#27860,.T.);
#28420=COLOUR_RGB('',5.0196081399917603E-01,1.0000000000000000E+00,
   5.0196081399917603E-01);
#28430=FILL_AREA_STYLE_COLOUR('',#28420);
#28440=FILL_AREA_STYLE('',(#28430));
#28450=SURFACE_STYLE_FILL_AREA(#28440);
#28460=SURFACE_SIDE_STYLE('',(#28450));
#28470=SURFACE_STYLE_USAGE(.BOTH.,#28460);
#28480=PRESENTATION_STYLE_ASSIGNMENT((#28470));
#28490=CARTESIAN_POINT('',(-2.2300000000000204E+00,
   3.5422178695450963E+00,-2.8000000000000016E+00));
#28500=DIRECTION('',(-0.0000000000000000E+00,0.0000000000000000E+00,
   1.0000000000000000E+00));
#28510=DIRECTION('',(0.0000000000000000E+00,-1.0000000000000000E+00,
   0.0000000000000000E+00));
#28520=AXIS2_PLACEMENT_3D('',#28490,#28500,#28510);
#28530=PLANE('',#28520);
#28540=CARTESIAN_POINT('',(1.2699999999999796E+00,
   -4.7141101246534847E+00,-2.8000000000000016E+00));
#28550=DIRECTION('',(1.0000000000000000E+00,0.0000000000000000E+00,
   0.0000000000000000E+00));
#28560=VECTOR('',#28550,1.0000000000000000E+00);
#28570=LINE('',#28540,#28560);
#28580=CARTESIAN_POINT('',(-1.3429999999999927E+01,
   -4.7141101246534856E+00,-2.7999999999999998E+00));
#28590=VERTEX_POINT('',#28580);
#28600=CARTESIAN_POINT('',(1.5038475772931781E-01,
   -4.7141101246534847E+00,-2.8000000000000016E+00));
#28610=VERTEX_POINT('',#28600);
#28620=EDGE_CURVE('',#28590,#28610,#28570,.T.);
#28630=ORIENTED_EDGE('',*,*,#28620,.F.);
#28640=CARTESIAN_POINT('',(1.5038475772931781E-01,
   -5.7909557635968714E+00,-2.8000000000000016E+00));
#28650=DIRECTION('',(0.0000000000000000E+00,1.0000000000000000E+00,
   0.0000000000000000E+00));
#28660=VECTOR('',#28650,1.0000000000000000E+00);
#28670=LINE('',#28640,#28660);
#28680=CARTESIAN_POINT('',(1.5038475772931514E-01,
   -5.9515620457756278E+00,-2.8000000000000007E+00));
#28690=VERTEX_POINT('',#28680);
#28700=EDGE_CURVE('',#28690,#28610,#28670,.T.);
#28710=ORIENTED_EDGE('',*,*,#28700,.T.);
#28720=CARTESIAN_POINT('',(-2.2300000000000204E+00,
   -5.9383376860104828E+00,-2.8000000000000016E+00));
#28730=DIRECTION('',(-9.9998456825844995E-01,5.5554698236501675E-03,
   0.0000000000000000E+00));
#28740=VECTOR('',#28730,1.0000000000000000E+00);
#28750=LINE('',#28720,#28740);
#28760=CARTESIAN_POINT('',(-1.3429999999999927E+01,
   -5.8761154637883495E+00,-2.8000000000000016E+00));
#28770=VERTEX_POINT('',#28760);
#28780=EDGE_CURVE('',#28690,#28770,#28750,.T.);
#28790=ORIENTED_EDGE('',*,*,#28780,.F.);
#28800=CARTESIAN_POINT('',(-1.3429999999999927E+01,
   -5.7909557635968714E+00,-2.8000000000000016E+00));
#28810=DIRECTION('',(0.0000000000000000E+00,1.0000000000000000E+00,
   0.0000000000000000E+00));
#28820=VECTOR('',#28810,1.0000000000000000E+00);
#28830=LINE('',#28800,#28820);
#28840=EDGE_CURVE('',#28770,#28590,#28830,.T.);
#28850=ORIENTED_EDGE('',*,*,#28840,.F.);
#28860=EDGE_LOOP('',(#28850,#28790,#28710,#28630));
#28870=FACE_OUTER_BOUND('',#28860,.T.);
#28880=ADVANCED_FACE('',(#28870),#28530,.T.);
#28890=COLOUR_RGB('',5.0196081399917603E-01,1.0000000000000000E+00,
   5.0196081399917603E-01);
#28900=FILL_AREA_STYLE_COLOUR('',#28890);
#28910=FILL_AREA_STYLE('',(#28900));
#28920=SURFACE_STYLE_FILL_AREA(#28910);
#28930=SURFACE_SIDE_STYLE('',(#28920));
#28940=SURFACE_STYLE_USAGE(.BOTH.,#28930);
#28950=PRESENTATION_STYLE_ASSIGNMENT((#28940));
#28960=CARTESIAN_POINT('',(1.2699999999999796E+00,
   -2.4077821304547884E+00,6.0210000000000106E+00));
#28970=DIRECTION('',(0.0000000000000000E+00,-1.0000000000000000E+00,
   1.2246063538223773E-16));
#28980=DIRECTION('',(0.0000000000000000E+00,1.2246063538223773E-16,
   1.0000000000000000E+00));
#28990=AXIS2_PLACEMENT_3D('',#28960,#28970,#28980);
#29000=PLANE('',#28990);
#29010=ORIENTED_EDGE('',*,*,#28370,.T.);
#29020=CARTESIAN_POINT('',(1.2699999999999796E+00,
   -2.4077821304547884E+00,6.0210000000000106E+00));
#29030=DIRECTION('',(-1.0000000000000000E+00,0.0000000000000000E+00,
   0.0000000000000000E+00));
#29040=VECTOR('',#29030,1.0000000000000000E+00);
#29050=LINE('',#29020,#29040);
#29060=CARTESIAN_POINT('',(-1.3430000000000023E+01,
   -2.4077821304547884E+00,6.0210000000000106E+00));
#29070=VERTEX_POINT('',#29060);
#29080=EDGE_CURVE('',#28300,#29070,#29050,.T.);
#29090=ORIENTED_EDGE('',*,*,#29080,.F.);
#29100=CARTESIAN_POINT('',(-1.3430000000000023E+01,
   -2.4077821304547937E+00,-3.2945804108360988E+01));
#29110=DIRECTION('',(0.0000000000000000E+00,-1.2246063538223773E-16,
   -1.0000000000000000E+00));
#29120=VECTOR('',#29110,1.0000000000000000E+00);
#29130=LINE('',#29100,#29120);
#29140=CARTESIAN_POINT('',(-1.3429999999999927E+01,
   -2.4077821304547884E+00,5.0999999999999979E+00));
#29150=VERTEX_POINT('',#29140);
#29160=EDGE_CURVE('',#29070,#29150,#29130,.T.);
#29170=ORIENTED_EDGE('',*,*,#29160,.F.);
#29180=CARTESIAN_POINT('',(-2.2300000000000204E+00,
   -2.4077821304547884E+00,5.0999999999999996E+00));
#29190=DIRECTION('',(1.0000000000000000E+00,0.0000000000000000E+00,
   0.0000000000000000E+00));
#29200=VECTOR('',#29190,1.0000000000000000E+00);
#29210=LINE('',#29180,#29200);
#29220=EDGE_CURVE('',#29150,#27940,#29210,.T.);
#29230=ORIENTED_EDGE('',*,*,#29220,.F.);
#29240=EDGE_LOOP('',(#29230,#29170,#29090,#29010));
#29250=FACE_OUTER_BOUND('',#29240,.T.);
#29260=ADVANCED_FACE('',(#29250),#29000,.F.);
#29270=COLOUR_RGB('',5.0196081399917603E-01,1.0000000000000000E+00,
   5.0196081399917603E-01);
#29280=FILL_AREA_STYLE_COLOUR('',#29270);
#29290=FILL_AREA_STYLE('',(#29280));
#29300=SURFACE_STYLE_FILL_AREA(#29290);
#29310=SURFACE_SIDE_STYLE('',(#29300));
#29320=SURFACE_STYLE_USAGE(.BOTH.,#29310);
#29330=PRESENTATION_STYLE_ASSIGNMENT((#29320));
#29340=CARTESIAN_POINT('',(1.2699999999999796E+00,
   -9.5778213045489657E-01,5.0000000000000178E-01));
#29350=DIRECTION('',(1.0000000000000000E+00,0.0000000000000000E+00,
   0.0000000000000000E+00));
#29360=DIRECTION('',(0.0000000000000000E+00,1.0000000000000000E+00,
   0.0000000000000000E+00));
#29370=AXIS2_PLACEMENT_3D('',#29340,#29350,#29360);
#29380=CYLINDRICAL_SURFACE('',#29370,5.0000000000000009E+00);
#29390=CARTESIAN_POINT('',(1.2699999999999796E+00,2.7985458637436924E+00
   ,-2.8000000000000016E+00));
#29400=DIRECTION('',(1.0000000000000000E+00,0.0000000000000000E+00,
   0.0000000000000000E+00));
#29410=VECTOR('',#29400,1.0000000000000000E+00);
#29420=LINE('',#29390,#29410);
#29430=CARTESIAN_POINT('',(-1.3429999999999927E+01,
   2.7985458637436924E+00,-2.8000000000000016E+00));
#29440=VERTEX_POINT('',#29430);
#29450=CARTESIAN_POINT('',(1.5038475772931781E-01,2.7985458637436924E+00
   ,-2.8000000000000016E+00));
#29460=VERTEX_POINT('',#29450);
#29470=EDGE_CURVE('',#29440,#29460,#29420,.T.);
#29480=ORIENTED_EDGE('',*,*,#29470,.F.);
#29490=CARTESIAN_POINT('',(1.5038475772932403E-01,
   -9.5778213045489657E-01,5.0000000000000178E-01));
#29500=DIRECTION('',(1.0000000000000000E+00,0.0000000000000000E+00,
   0.0000000000000000E+00));
#29510=DIRECTION('',(0.0000000000000000E+00,1.0000000000000000E+00,
   0.0000000000000000E+00));
#29520=AXIS2_PLACEMENT_3D('',#29490,#29500,#29510);
#29530=CIRCLE('',#29520,5.0000000000000018E+00);
#29540=EDGE_CURVE('',#28610,#29460,#29530,.T.);
#29550=ORIENTED_EDGE('',*,*,#29540,.T.);
#29560=ORIENTED_EDGE('',*,*,#28620,.T.);
#29570=CARTESIAN_POINT('',(-1.3429999999999927E+01,
   -9.5778213045489657E-01,5.0000000000000178E-01));
#29580=DIRECTION('',(1.0000000000000000E+00,0.0000000000000000E+00,
   0.0000000000000000E+00));
#29590=DIRECTION('',(0.0000000000000000E+00,1.0000000000000000E+00,
   0.0000000000000000E+00));
#29600=AXIS2_PLACEMENT_3D('',#29570,#29580,#29590);
#29610=CIRCLE('',#29600,5.0000000000000009E+00);
#29620=EDGE_CURVE('',#28590,#29440,#29610,.T.);
#29630=ORIENTED_EDGE('',*,*,#29620,.F.);
#29640=EDGE_LOOP('',(#29630,#29560,#29550,#29480));
#29650=FACE_OUTER_BOUND('',#29640,.T.);
#29660=ADVANCED_FACE('',(#29650),#29380,.F.);
#29670=COLOUR_RGB('',5.0196081399917603E-01,1.0000000000000000E+00,
   5.0196081399917603E-01);
#29680=FILL_AREA_STYLE_COLOUR('',#29670);
#29690=FILL_AREA_STYLE('',(#29680));
#29700=SURFACE_STYLE_FILL_AREA(#29690);
#29710=SURFACE_SIDE_STYLE('',(#29700));
#29720=SURFACE_STYLE_USAGE(.BOTH.,#29710);
#29730=PRESENTATION_STYLE_ASSIGNMENT((#29720));
#29740=CARTESIAN_POINT('',(7.1019237886464825E-01,
   -5.2359461275542021E+00,-2.9500000000000020E+00));
#29750=DIRECTION('',(2.5881904510252074E-01,0.0000000000000000E+00,
   9.6592582628906831E-01));
#29760=DIRECTION('',(-9.6592582628906831E-01,0.0000000000000000E+00,
   2.5881904510252074E-01));
#29770=AXIS2_PLACEMENT_3D('',#29740,#29750,#29760);
#29780=PLANE('',#29770);
#29790=CARTESIAN_POINT('',(-2.2300000000000204E+00,
   -5.9383376860104828E+00,-2.1621778264910718E+00));
#29800=DIRECTION('',(9.6591191885694883E-01,-5.3661773269754551E-03,
   -2.5881531861731549E-01));
#29810=VECTOR('',#29800,1.0000000000000000E+00);
#29820=LINE('',#29790,#29810);
#29830=CARTESIAN_POINT('',(1.2699999999999800E+00,
   -5.9577821304549001E+00,-3.1000000000000023E+00));
#29840=VERTEX_POINT('',#29830);
#29850=EDGE_CURVE('',#28690,#29840,#29820,.T.);
#29860=ORIENTED_EDGE('',*,*,#29850,.T.);
#29870=ORIENTED_EDGE('',*,*,#28700,.F.);
#29880=CARTESIAN_POINT('',(1.2699999999999796E+00,
   -9.5778213045489657E-01,5.0000000000000178E-01));
#29890=DIRECTION('',(1.0000000000000000E+00,0.0000000000000000E+00,
   0.0000000000000000E+00));
#29900=DIRECTION('',(0.0000000000000000E+00,1.0000000000000000E+00,
   0.0000000000000000E+00));
#29910=AXIS2_PLACEMENT_3D('',#29880,#29890,#29900);
#29920=CONICAL_SURFACE('',#29910,5.3000000000000007E+00,
   2.6179938779914957E-01);
#29930=CARTESIAN_POINT('',(1.2699999999999791E+00,
   -4.8475121982102358E+00,-3.1000000000000103E+00));
#29940=CARTESIAN_POINT('',(1.1766807312859520E+00,
   -4.8365838824060887E+00,-3.0749951773098236E+00));
#29950=CARTESIAN_POINT('',(1.0833655653783938E+00,
   -4.8256099959471461E+00,-3.0499914539632114E+00));
#29960=CARTESIAN_POINT('',(9.9005479808652908E-01,
   -4.8145893970107529E+00,-3.0249889092222277E+00));
#29970=CARTESIAN_POINT('',(8.9674403071535136E-01,
   -4.8035687980649930E+00,-2.9999863644599922E+00));
#29980=CARTESIAN_POINT('',(8.0343766191442434E-01,
   -4.7925014868395746E+00,-2.9749849982896754E+00));
#29990=CARTESIAN_POINT('',(7.1013599074706146E-01,
   -4.7813862716966966E+00,-2.9499848908479063E+00));
#30000=CARTESIAN_POINT('',(6.1683431949415080E-01,
   -4.7702710565436268E+00,-2.9249847833832145E+00));
#30010=CARTESIAN_POINT('',(5.2353734582046685E-01,
   -4.7591079377023391E+00,-2.8999859346251822E+00));
#30020=CARTESIAN_POINT('',(4.3024537225670523E-01,
   -4.7478956706263098E+00,-2.8749884256484668E+00));
#30030=CARTESIAN_POINT('',(3.3695339860270351E-01,
   -4.7366834035394350E+00,-2.8499909166475716E+00));
#30040=CARTESIAN_POINT('',(2.4366642499397717E-01,
   -4.7254219885018083E+00,-2.8249947473898609E+00));
#30050=CARTESIAN_POINT('',(1.5038475771942289E-01,
   -4.7141101247158055E+00,-2.7999999999750154E+00));
#30060=B_SPLINE_CURVE_WITH_KNOTS('',3,(#29930,#29940,#29950,#29960,
   #29970,#29980,#29990,#30000,#30010,#30020,#30030,#30040,#30050),
   .UNSPECIFIED.,.F.,.F.,(4,3,3,3,4),(1.3800807064426390E+01,
   1.4092491649380209E+01,1.4384180860280598E+01,1.4675873944871821E+01,
   1.4967570187864784E+01),.UNSPECIFIED.);
#30070=SURFACE_CURVE('',#30060,(#29920,#29780),.CURVE_3D.);
#30080=CARTESIAN_POINT('',(1.2699999999999800E+00,
   -4.8475121982102412E+00,-3.1000000000000023E+00));
#30090=VERTEX_POINT('',#30080);
#30100=EDGE_CURVE('',#30090,#28610,#30070,.T.);
#30110=ORIENTED_EDGE('',*,*,#30100,.T.);
#30120=CARTESIAN_POINT('',(1.2699999999999800E+00,
   -5.7909557635968714E+00,-3.1000000000000023E+00));
#30130=DIRECTION('',(0.0000000000000000E+00,1.0000000000000000E+00,
   0.0000000000000000E+00));
#30140=VECTOR('',#30130,1.0000000000000000E+00);
#30150=LINE('',#30120,#30140);
#30160=EDGE_CURVE('',#29840,#30090,#30150,.T.);
#30170=ORIENTED_EDGE('',*,*,#30160,.T.);
#30180=EDGE_LOOP('',(#30170,#30110,#29870,#29860));
#30190=FACE_OUTER_BOUND('',#30180,.T.);
#30200=ADVANCED_FACE('',(#30190),#29780,.T.);
#30210=COLOUR_RGB('',5.0196081399917603E-01,1.0000000000000000E+00,
   5.0196081399917603E-01);
#30220=FILL_AREA_STYLE_COLOUR('',#30210);
#30230=FILL_AREA_STYLE('',(#30220));
#30240=SURFACE_STYLE_FILL_AREA(#30230);
#30250=SURFACE_SIDE_STYLE('',(#30240));
#30260=SURFACE_STYLE_USAGE(.BOTH.,#30250);
#30270=PRESENTATION_STYLE_ASSIGNMENT((#30260));
#30280=CARTESIAN_POINT('',(1.2699999999999796E+00,4.9221786954498992E-01
   ,6.0210000000000248E+00));
#30290=DIRECTION('',(0.0000000000000000E+00,-4.7778340939981378E-15,
   1.0000000000000000E+00));
#30300=DIRECTION('',(0.0000000000000000E+00,1.0000000000000000E+00,
   4.7778340939981378E-15));
#30310=AXIS2_PLACEMENT_3D('',#30280,#30290,#30300);
#30320=PLANE('',#30310);
#30330=CARTESIAN_POINT('',(1.2699999999999796E+00,6.9871786954510906E-01
   ,6.0210000000000106E+00));
#30340=DIRECTION('',(-1.0000000000000000E+00,0.0000000000000000E+00,
   0.0000000000000000E+00));
#30350=VECTOR('',#30340,1.0000000000000000E+00);
#30360=LINE('',#30330,#30350);
#30370=CARTESIAN_POINT('',(1.2699999999999796E+00,6.9871786954510906E-01
   ,6.0210000000000257E+00));
#30380=VERTEX_POINT('',#30370);
#30390=CARTESIAN_POINT('',(-6.7300000000000200E+00,
   6.9871786954510906E-01,6.0210000000000106E+00));
#30400=VERTEX_POINT('',#30390);
#30410=EDGE_CURVE('',#30380,#30400,#30360,.T.);
#30420=ORIENTED_EDGE('',*,*,#30410,.F.);
#30430=CARTESIAN_POINT('',(-6.7300000000000200E+00,
   -2.6142821304549075E+00,6.0209999999998898E+00));
#30440=DIRECTION('',(0.0000000000000000E+00,1.0000000000000000E+00,
   5.8482797558324895E-13));
#30450=VECTOR('',#30440,1.0000000000000000E+00);
#30460=LINE('',#30430,#30450);
#30470=CARTESIAN_POINT('',(-6.7300000000000200E+00,
   4.9221786954498992E-01,6.0210000000000248E+00));
#30480=VERTEX_POINT('',#30470);
#30490=EDGE_CURVE('',#30480,#30400,#30460,.T.);
#30500=ORIENTED_EDGE('',*,*,#30490,.T.);
#30510=CARTESIAN_POINT('',(1.2699999999999796E+00,4.9221786954498992E-01
   ,6.0210000000000248E+00));
#30520=DIRECTION('',(-1.0000000000000000E+00,0.0000000000000000E+00,
   0.0000000000000000E+00));
#30530=VECTOR('',#30520,1.0000000000000000E+00);
#30540=LINE('',#30510,#30530);
#30550=CARTESIAN_POINT('',(-1.3430000000000023E+01,
   4.9221786954498992E-01,6.0210000000000248E+00));
#30560=VERTEX_POINT('',#30550);
#30570=EDGE_CURVE('',#30480,#30560,#30540,.T.);
#30580=ORIENTED_EDGE('',*,*,#30570,.F.);
#30590=CARTESIAN_POINT('',(-1.3430000000000023E+01,
   -9.5778213045489924E-01,6.0210000000000177E+00));
#30600=DIRECTION('',(0.0000000000000000E+00,-1.0000000000000000E+00,
   -4.7778340939981378E-15));
#30610=VECTOR('',#30600,1.0000000000000000E+00);
#30620=LINE('',#30590,#30610);
#30630=EDGE_CURVE('',#30560,#29070,#30620,.T.);
#30640=ORIENTED_EDGE('',*,*,#30630,.F.);
#30650=ORIENTED_EDGE('',*,*,#29080,.T.);
#30660=ORIENTED_EDGE('',*,*,#28310,.T.);
#30670=CARTESIAN_POINT('',(1.2699999999999796E+00,
   -2.6142821304549075E+00,6.0209999999998898E+00));
#30680=DIRECTION('',(-1.0000000000000000E+00,0.0000000000000000E+00,
   0.0000000000000000E+00));
#30690=VECTOR('',#30680,1.0000000000000000E+00);
#30700=LINE('',#30670,#30690);
#30710=CARTESIAN_POINT('',(1.2699999999999796E+00,
   -2.6142821304549075E+00,6.0209999999998898E+00));
#30720=VERTEX_POINT('',#30710);
#30730=EDGE_CURVE('',#30720,#28220,#30700,.T.);
#30740=ORIENTED_EDGE('',*,*,#30730,.T.);
#30750=CARTESIAN_POINT('',(1.2699999999999796E+00,
   -5.7909557635968714E+00,6.0209999999999946E+00));
#30760=DIRECTION('',(0.0000000000000000E+00,-1.0000000000000000E+00,
   -4.7778340939981378E-15));
#30770=VECTOR('',#30760,1.0000000000000000E+00);
#30780=LINE('',#30750,#30770);
#30790=EDGE_CURVE('',#30380,#30720,#30780,.T.);
#30800=ORIENTED_EDGE('',*,*,#30790,.T.);
#30810=EDGE_LOOP('',(#30800,#30740,#30660,#30650,#30640,#30580,#30500,
   #30420));
#30820=FACE_OUTER_BOUND('',#30810,.T.);
#30830=ADVANCED_FACE('',(#30820),#30320,.F.);
#30840=COLOUR_RGB('',5.0196081399917603E-01,1.0000000000000000E+00,
   5.0196081399917603E-01);
#30850=FILL_AREA_STYLE_COLOUR('',#30840);
#30860=FILL_AREA_STYLE('',(#30850));
#30870=SURFACE_STYLE_FILL_AREA(#30860);
#30880=SURFACE_SIDE_STYLE('',(#30870));
#30890=SURFACE_STYLE_USAGE(.BOTH.,#30880);
#30900=PRESENTATION_STYLE_ASSIGNMENT((#30890));
#30910=CARTESIAN_POINT('',(1.2699999999999796E+00,
   -2.6142821304549075E+00,5.8274999999999748E+00));
#30920=DIRECTION('',(1.0000000000000000E+00,0.0000000000000000E+00,
   0.0000000000000000E+00));
#30930=DIRECTION('',(0.0000000000000000E+00,-1.0000000000000000E+00,
   1.2246063538223773E-16));
#30940=AXIS2_PLACEMENT_3D('',#30910,#30920,#30930);
#30950=CYLINDRICAL_SURFACE('',#30940,1.9349999999991496E-01);
#30960=CARTESIAN_POINT('',(1.2699999999999796E+00,
   -2.6142821304549075E+00,5.8274999999999748E+00));
#30970=DIRECTION('',(1.0000000000000000E+00,0.0000000000000000E+00,
   0.0000000000000000E+00));
#30980=DIRECTION('',(0.0000000000000000E+00,-1.0000000000000000E+00,
   1.2246063538223773E-16));
#30990=AXIS2_PLACEMENT_3D('',#30960,#30970,#30980);
#31000=CIRCLE('',#30990,1.9349999999991496E-01);
#31010=CARTESIAN_POINT('',(1.2699999999999796E+00,
   -2.8077821304548225E+00,5.8274999999999748E+00));
#31020=VERTEX_POINT('',#31010);
#31030=CARTESIAN_POINT('',(1.2699999999999791E+00,
   -2.7620985068709940E+00,5.7026297919309279E+00));
#31040=VERTEX_POINT('',#31030);
#31050=EDGE_CURVE('',#31020,#31040,#31000,.T.);
#31060=ORIENTED_EDGE('',*,*,#31050,.T.);
#31070=CARTESIAN_POINT('',(1.2699999999999796E+00,
   -2.8077821304548225E+00,5.8274999999999748E+00));
#31080=DIRECTION('',(1.0000000000000000E+00,0.0000000000000000E+00,
   0.0000000000000000E+00));
#31090=VECTOR('',#31080,1.0000000000000000E+00);
#31100=LINE('',#31070,#31090);
#31110=EDGE_CURVE('',#28180,#31020,#31100,.T.);
#31120=ORIENTED_EDGE('',*,*,#31110,.T.);
#31130=ORIENTED_EDGE('',*,*,#28190,.F.);
#31140=CARTESIAN_POINT('',(1.2699999999999796E+00,
   -2.7620985068710100E+00,5.7026297919309057E+00));
#31150=DIRECTION('',(-1.0000000000000000E+00,0.0000000000000000E+00,
   0.0000000000000000E+00));
#31160=VECTOR('',#31150,1.0000000000000000E+00);
#31170=LINE('',#31140,#31160);
#31180=EDGE_CURVE('',#31040,#28090,#31170,.T.);
#31190=ORIENTED_EDGE('',*,*,#31180,.T.);
#31200=EDGE_LOOP('',(#31190,#31130,#31120,#31060));
#31210=FACE_OUTER_BOUND('',#31200,.T.);
#31220=ADVANCED_FACE('',(#31210),#30950,.F.);
#31230=COLOUR_RGB('',5.0196081399917603E-01,1.0000000000000000E+00,
   5.0196081399917603E-01);
#31240=FILL_AREA_STYLE_COLOUR('',#31230);
#31250=FILL_AREA_STYLE('',(#31240));
#31260=SURFACE_STYLE_FILL_AREA(#31250);
#31270=SURFACE_SIDE_STYLE('',(#31260));
#31280=SURFACE_STYLE_USAGE(.BOTH.,#31270);
#31290=PRESENTATION_STYLE_ASSIGNMENT((#31280));
#31300=CARTESIAN_POINT('',(-2.2300000000000204E+00,
   -5.4577821304548984E+00,-2.8000000000000016E+00));
#31310=DIRECTION('',(0.0000000000000000E+00,0.0000000000000000E+00,
   -1.0000000000000000E+00));
#31320=DIRECTION('',(0.0000000000000000E+00,1.0000000000000000E+00,
   0.0000000000000000E+00));
#31330=AXIS2_PLACEMENT_3D('',#31300,#31310,#31320);
#31340=PLANE('',#31330);
#31350=ORIENTED_EDGE('',*,*,#29470,.T.);
#31360=CARTESIAN_POINT('',(-1.3429999999999927E+01,
   -5.7909557635968714E+00,-2.8000000000000016E+00));
#31370=DIRECTION('',(0.0000000000000000E+00,-1.0000000000000000E+00,
   0.0000000000000000E+00));
#31380=VECTOR('',#31370,1.0000000000000000E+00);
#31390=LINE('',#31360,#31380);
#31400=CARTESIAN_POINT('',(-1.3429999999999927E+01,
   3.4605512028785661E+00,-2.8000000000000016E+00));
#31410=VERTEX_POINT('',#31400);
#31420=EDGE_CURVE('',#31410,#29440,#31390,.T.);
#31430=ORIENTED_EDGE('',*,*,#31420,.T.);
#31440=CARTESIAN_POINT('',(-2.2300000000000204E+00,
   3.5227734251006986E+00,-2.8000000000000016E+00));
#31450=DIRECTION('',(-9.9998456825844995E-01,-5.5554698236501675E-03,
   0.0000000000000000E+00));
#31460=VECTOR('',#31450,1.0000000000000000E+00);
#31470=LINE('',#31440,#31460);
#31480=CARTESIAN_POINT('',(1.5038475772931781E-01,3.5359977848658435E+00
   ,-2.8000000000000016E+00));
#31490=VERTEX_POINT('',#31480);
#31500=EDGE_CURVE('',#31490,#31410,#31470,.T.);
#31510=ORIENTED_EDGE('',*,*,#31500,.T.);
#31520=CARTESIAN_POINT('',(1.5038475772931781E-01,
   -5.7909557635968714E+00,-2.8000000000000016E+00));
#31530=DIRECTION('',(0.0000000000000000E+00,-1.0000000000000000E+00,
   0.0000000000000000E+00));
#31540=VECTOR('',#31530,1.0000000000000000E+00);
#31550=LINE('',#31520,#31540);
#31560=EDGE_CURVE('',#31490,#29460,#31550,.T.);
#31570=ORIENTED_EDGE('',*,*,#31560,.F.);
#31580=EDGE_LOOP('',(#31570,#31510,#31430,#31350));
#31590=FACE_OUTER_BOUND('',#31580,.T.);
#31600=ADVANCED_FACE('',(#31590),#31340,.F.);
#31610=COLOUR_RGB('',5.0196081399917603E-01,1.0000000000000000E+00,
   5.0196081399917603E-01);
#31620=FILL_AREA_STYLE_COLOUR('',#31610);
#31630=FILL_AREA_STYLE('',(#31620));
#31640=SURFACE_STYLE_FILL_AREA(#31630);
#31650=SURFACE_SIDE_STYLE('',(#31640));
#31660=SURFACE_STYLE_USAGE(.BOTH.,#31650);
#31670=PRESENTATION_STYLE_ASSIGNMENT((#31660));
#31680=CARTESIAN_POINT('',(-1.3429999999999927E+01,
   -4.5049912315324168E+00,-4.6762213512079507E+00));
#31690=DIRECTION('',(-1.0000000000000000E+00,0.0000000000000000E+00,
   0.0000000000000000E+00));
#31700=DIRECTION('',(0.0000000000000000E+00,-1.0000000000000000E+00,
   0.0000000000000000E+00));
#31710=AXIS2_PLACEMENT_3D('',#31680,#31690,#31700);
#31720=PLANE('',#31710);
#31730=CARTESIAN_POINT('',(-1.3429999999999927E+01,
   -9.5778213045489302E-01,4.9999999999999956E-01));
#31740=DIRECTION('',(-1.0000000000000000E+00,0.0000000000000000E+00,
   0.0000000000000000E+00));
#31750=DIRECTION('',(0.0000000000000000E+00,1.0000000000000000E+00,
   0.0000000000000000E+00));
#31760=AXIS2_PLACEMENT_3D('',#31730,#31740,#31750);
#31770=CIRCLE('',#31760,2.7261825973923282E+00);
#31780=CARTESIAN_POINT('',(-1.3429999999999927E+01,
   -2.6327821304548720E+00,2.6509176075165786E+00));
#31790=VERTEX_POINT('',#31780);
#31800=CARTESIAN_POINT('',(-1.3429999999999927E+01,
   1.7684004669374351E+00,4.9999999999999956E-01));
#31810=VERTEX_POINT('',#31800);
#31820=EDGE_CURVE('',#31790,#31810,#31770,.T.);
#31830=ORIENTED_EDGE('',*,*,#31820,.T.);
#31840=CARTESIAN_POINT('',(-1.3429999999999927E+01,
   -2.6327821304548720E+00,3.0170423393406152E+00));
#31850=DIRECTION('',(0.0000000000000000E+00,0.0000000000000000E+00,
   1.0000000000000000E+00));
#31860=VECTOR('',#31850,1.0000000000000000E+00);
#31870=LINE('',#31840,#31860);
#31880=CARTESIAN_POINT('',(-1.3429999999999927E+01,
   -2.6327821304548720E+00,-1.6509176075165817E+00));
#31890=VERTEX_POINT('',#31880);
#31900=EDGE_CURVE('',#31890,#31790,#31870,.T.);
#31910=ORIENTED_EDGE('',*,*,#31900,.T.);
#31920=EDGE_CURVE('',#31810,#31890,#31770,.T.);
#31930=ORIENTED_EDGE('',*,*,#31920,.T.);
#31940=EDGE_LOOP('',(#31930,#31910,#31830));
#31950=FACE_BOUND('',#31940,.T.);
#31960=CARTESIAN_POINT('',(-1.3429999999999927E+01,
   4.9221786954498903E-01,3.0170423393406152E+00));
#31970=DIRECTION('',(0.0000000000000000E+00,-1.2246063538223773E-16,
   -1.0000000000000000E+00));
#31980=VECTOR('',#31970,1.0000000000000000E+00);
#31990=LINE('',#31960,#31980);
#32000=CARTESIAN_POINT('',(-1.3429999999999927E+01,
   4.9221786954498903E-01,5.0999999999999970E+00));
#32010=VERTEX_POINT('',#32000);
#32020=EDGE_CURVE('',#30560,#32010,#31990,.T.);
#32030=ORIENTED_EDGE('',*,*,#32020,.F.);
#32040=CARTESIAN_POINT('',(-1.3429999999999927E+01,
   -5.7909557635968714E+00,5.0999999999999979E+00));
#32050=DIRECTION('',(-0.0000000000000000E+00,1.0000000000000000E+00,
   -6.1230317691118863E-17));
#32060=VECTOR('',#32050,1.0000000000000000E+00);
#32070=LINE('',#32040,#32060);
#32080=CARTESIAN_POINT('',(-1.3429999999999927E+01,
   3.4605512028785661E+00,5.0999999999999970E+00));
#32090=VERTEX_POINT('',#32080);
#32100=EDGE_CURVE('',#32010,#32090,#32070,.T.);
#32110=ORIENTED_EDGE('',*,*,#32100,.F.);
#32120=CARTESIAN_POINT('',(-1.3429999999999927E+01,
   3.4605512028785661E+00,3.0170423393406152E+00));
#32130=DIRECTION('',(0.0000000000000000E+00,0.0000000000000000E+00,
   -1.0000000000000000E+00));
#32140=VECTOR('',#32130,1.0000000000000000E+00);
#32150=LINE('',#32120,#32140);
#32160=EDGE_CURVE('',#32090,#31410,#32150,.T.);
#32170=ORIENTED_EDGE('',*,*,#32160,.F.);
#32180=ORIENTED_EDGE('',*,*,#31420,.F.);
#32190=ORIENTED_EDGE('',*,*,#29620,.T.);
#32200=ORIENTED_EDGE('',*,*,#28840,.T.);
#32210=CARTESIAN_POINT('',(-1.3429999999999927E+01,
   -5.8761154637883495E+00,3.0170423393406152E+00));
#32220=DIRECTION('',(0.0000000000000000E+00,0.0000000000000000E+00,
   -1.0000000000000000E+00));
#32230=VECTOR('',#32220,1.0000000000000000E+00);
#32240=LINE('',#32210,#32230);
#32250=CARTESIAN_POINT('',(-1.3429999999999927E+01,
   -5.8761154637883495E+00,5.0999999999999979E+00));
#32260=VERTEX_POINT('',#32250);
#32270=EDGE_CURVE('',#32260,#28770,#32240,.T.);
#32280=ORIENTED_EDGE('',*,*,#32270,.T.);
#32290=CARTESIAN_POINT('',(-1.3429999999999927E+01,
   -5.7909557635968714E+00,5.0999999999999979E+00));
#32300=DIRECTION('',(-0.0000000000000000E+00,1.0000000000000000E+00,
   -6.1230317691118863E-17));
#32310=VECTOR('',#32300,1.0000000000000000E+00);
#32320=LINE('',#32290,#32310);
#32330=EDGE_CURVE('',#32260,#29150,#32320,.T.);
#32340=ORIENTED_EDGE('',*,*,#32330,.F.);
#32350=ORIENTED_EDGE('',*,*,#29160,.T.);
#32360=ORIENTED_EDGE('',*,*,#30630,.T.);
#32370=EDGE_LOOP('',(#32360,#32350,#32340,#32280,#32200,#32190,#32180,
   #32170,#32110,#32030));
#32380=FACE_OUTER_BOUND('',#32370,.T.);
#32390=ADVANCED_FACE('',(#31950,#32380),#31720,.F.);
#32400=COLOUR_RGB('',5.0196081399917603E-01,1.0000000000000000E+00,
   5.0196081399917603E-01);
#32410=FILL_AREA_STYLE_COLOUR('',#32400);
#32420=FILL_AREA_STYLE('',(#32410));
#32430=SURFACE_STYLE_FILL_AREA(#32420);
#32440=SURFACE_SIDE_STYLE('',(#32430));
#32450=SURFACE_STYLE_USAGE(.BOTH.,#32440);
#32460=PRESENTATION_STYLE_ASSIGNMENT((#32450));
#32470=CARTESIAN_POINT('',(7.1019237886464737E-01,1.2458217869545107E+01
   ,5.2500000000000000E+00));
#32480=DIRECTION('',(-2.5881904510252074E-01,0.0000000000000000E+00,
   9.6592582628906842E-01));
#32490=DIRECTION('',(-9.6592582628906842E-01,0.0000000000000000E+00,
   -2.5881904510252074E-01));
#32500=AXIS2_PLACEMENT_3D('',#32470,#32480,#32490);
#32510=PLANE('',#32500);
#32520=CARTESIAN_POINT('',(-2.2300000000000204E+00,
   -2.4762821304548317E+00,4.4621778264910708E+00));
#32530=DIRECTION('',(9.6592582628906842E-01,4.1633363423443370E-17,
   2.5881904510252074E-01));
#32540=VECTOR('',#32530,1.0000000000000000E+00);
#32550=LINE('',#32520,#32540);
#32560=CARTESIAN_POINT('',(1.5038475772930671E-01,
   -2.4762821304548321E+00,5.0999999999999979E+00));
#32570=VERTEX_POINT('',#32560);
#32580=EDGE_CURVE('',#32570,#27370,#32550,.T.);
#32590=ORIENTED_EDGE('',*,*,#32580,.T.);
#32600=CARTESIAN_POINT('',(1.5038475772930759E-01,
   -5.7909557635968714E+00,5.0999999999999979E+00));
#32610=DIRECTION('',(-2.2851465658683906E-16,1.0000000000000000E+00,
   -6.1230317691118863E-17));
#32620=VECTOR('',#32610,1.0000000000000000E+00);
#32630=LINE('',#32600,#32620);
#32640=CARTESIAN_POINT('',(1.5038475772931781E-01,
   -5.9515620457756278E+00,5.0999999999999996E+00));
#32650=VERTEX_POINT('',#32640);
#32660=EDGE_CURVE('',#32650,#32570,#32630,.T.);
#32670=ORIENTED_EDGE('',*,*,#32660,.T.);
#32680=CARTESIAN_POINT('',(-2.2300000000000204E+00,
   -5.9383376860104828E+00,4.4621778264910708E+00));
#32690=DIRECTION('',(9.6591191885694883E-01,-5.3661773269754413E-03,
   2.5881531861731549E-01));
#32700=VECTOR('',#32690,1.0000000000000000E+00);
#32710=LINE('',#32680,#32700);
#32720=CARTESIAN_POINT('',(1.2699999999999796E+00,
   -5.9577821304549001E+00,5.4000000000000004E+00));
#32730=VERTEX_POINT('',#32720);
#32740=EDGE_CURVE('',#32650,#32730,#32710,.T.);
#32750=ORIENTED_EDGE('',*,*,#32740,.F.);
#32760=CARTESIAN_POINT('',(1.2699999999999796E+00,
   -5.7909557635968714E+00,5.4000000000000004E+00));
#32770=DIRECTION('',(0.0000000000000000E+00,1.0000000000000000E+00,
   0.0000000000000000E+00));
#32780=VECTOR('',#32770,1.0000000000000000E+00);
#32790=LINE('',#32760,#32780);
#32800=EDGE_CURVE('',#32730,#27350,#32790,.T.);
#32810=ORIENTED_EDGE('',*,*,#32800,.F.);
#32820=ORIENTED_EDGE('',*,*,#27380,.F.);
#32830=EDGE_LOOP('',(#32820,#32810,#32750,#32670,#32590));
#32840=FACE_OUTER_BOUND('',#32830,.T.);
#32850=ADVANCED_FACE('',(#32840),#32510,.F.);
#32860=COLOUR_RGB('',5.0196081399917603E-01,1.0000000000000000E+00,
   5.0196081399917603E-01);
#32870=FILL_AREA_STYLE_COLOUR('',#32860);
#32880=FILL_AREA_STYLE('',(#32870));
#32890=SURFACE_STYLE_FILL_AREA(#32880);
#32900=SURFACE_SIDE_STYLE('',(#32890));
#32910=SURFACE_STYLE_USAGE(.BOTH.,#32900);
#32920=PRESENTATION_STYLE_ASSIGNMENT((#32910));
#32930=CARTESIAN_POINT('',(1.2699999999999796E+00,
   -2.7407432325696819E+00,5.6773502691896551E+00));
#32940=DIRECTION('',(-0.0000000000000000E+00,-7.6390892204681249E-01,
   -6.4532407270864856E-01));
#32950=DIRECTION('',(0.0000000000000000E+00,-6.4532407270864856E-01,
   7.6390892204681249E-01));
#32960=AXIS2_PLACEMENT_3D('',#32930,#32940,#32950);
#32970=PLANE('',#32960);
#32980=CARTESIAN_POINT('',(1.2699999999999791E+00,
   -4.9340628126216401E-01,3.0170423393406152E+00));
#32990=DIRECTION('',(-0.0000000000000000E+00,6.4532407270864856E-01,
   -7.6390892204681249E-01));
#33000=VECTOR('',#32990,1.0000000000000000E+00);
#33010=LINE('',#32980,#33000);
#33020=EDGE_CURVE('',#31040,#27460,#33010,.T.);
#33030=ORIENTED_EDGE('',*,*,#33020,.T.);
#33040=ORIENTED_EDGE('',*,*,#31180,.F.);
#33050=ORIENTED_EDGE('',*,*,#28100,.T.);
#33060=ORIENTED_EDGE('',*,*,#27550,.T.);
#33070=EDGE_LOOP('',(#33060,#33050,#33040,#33030));
#33080=FACE_OUTER_BOUND('',#33070,.T.);
#33090=ADVANCED_FACE('',(#33080),#32970,.F.);
#33100=COLOUR_RGB('',5.0196081399917603E-01,1.0000000000000000E+00,
   5.0196081399917603E-01);
#33110=FILL_AREA_STYLE_COLOUR('',#33100);
#33120=FILL_AREA_STYLE('',(#33110));
#33130=SURFACE_STYLE_FILL_AREA(#33120);
#33140=SURFACE_SIDE_STYLE('',(#33130));
#33150=SURFACE_STYLE_USAGE(.BOTH.,#33140);
#33160=PRESENTATION_STYLE_ASSIGNMENT((#33150));
#33170=CARTESIAN_POINT('',(-6.7300000000000200E+00,
   -9.5778213045489924E-01,5.0999999999999970E+00));
#33180=DIRECTION('',(-0.0000000000000000E+00,6.1230317691118863E-17,
   1.0000000000000000E+00));
#33190=DIRECTION('',(1.0000000000000000E+00,0.0000000000000000E+00,
   0.0000000000000000E+00));
#33200=AXIS2_PLACEMENT_3D('',#33170,#33180,#33190);
#33210=PLANE('',#33200);
#33220=ORIENTED_EDGE('',*,*,#32330,.T.);
#33230=CARTESIAN_POINT('',(-2.2300000000000204E+00,
   -5.9383376860104828E+00,5.0999999999999996E+00));
#33240=DIRECTION('',(9.9998456825844995E-01,-5.5554698236501675E-03,
   0.0000000000000000E+00));
#33250=VECTOR('',#33240,1.0000000000000000E+00);
#33260=LINE('',#33230,#33250);
#33270=EDGE_CURVE('',#32260,#32650,#33260,.T.);
#33280=ORIENTED_EDGE('',*,*,#33270,.F.);
#33290=ORIENTED_EDGE('',*,*,#32660,.F.);
#33300=CARTESIAN_POINT('',(-2.2300000000000204E+00,
   -2.4762821304548313E+00,5.0999999999999996E+00));
#33310=DIRECTION('',(1.0000000000000000E+00,0.0000000000000000E+00,
   0.0000000000000000E+00));
#33320=VECTOR('',#33310,1.0000000000000000E+00);
#33330=LINE('',#33300,#33320);
#33340=EDGE_CURVE('',#27920,#32570,#33330,.T.);
#33350=ORIENTED_EDGE('',*,*,#33340,.T.);
#33360=ORIENTED_EDGE('',*,*,#27950,.F.);
#33370=ORIENTED_EDGE('',*,*,#29220,.T.);
#33380=EDGE_LOOP('',(#33370,#33360,#33350,#33290,#33280,#33220));
#33390=FACE_OUTER_BOUND('',#33380,.T.);
#33400=ADVANCED_FACE('',(#33390),#33210,.F.);
#33410=COLOUR_RGB('',5.0196081399917603E-01,1.0000000000000000E+00,
   5.0196081399917603E-01);
#33420=FILL_AREA_STYLE_COLOUR('',#33410);
#33430=FILL_AREA_STYLE('',(#33420));
#33440=SURFACE_STYLE_FILL_AREA(#33430);
#33450=SURFACE_SIDE_STYLE('',(#33440));
#33460=SURFACE_STYLE_USAGE(.BOTH.,#33450);
#33470=PRESENTATION_STYLE_ASSIGNMENT((#33460));
#33480=CARTESIAN_POINT('',(-1.7729706796910570E+01,
   -5.8522282038055469E+00,5.0999999999999996E+00));
#33490=DIRECTION('',(5.5554698236501675E-03,9.9998456825844995E-01,
   -0.0000000000000000E+00));
#33500=DIRECTION('',(0.0000000000000000E+00,0.0000000000000000E+00,
   1.0000000000000000E+00));
#33510=AXIS2_PLACEMENT_3D('',#33480,#33490,#33500);
#33520=PLANE('',#33510);
#33530=ORIENTED_EDGE('',*,*,#28780,.T.);
#33540=ORIENTED_EDGE('',*,*,#29850,.F.);
#33550=CARTESIAN_POINT('',(1.2699999999999796E+00,
   -5.9577821304549001E+00,3.0170423393406152E+00));
#33560=DIRECTION('',(0.0000000000000000E+00,0.0000000000000000E+00,
   -1.0000000000000000E+00));
#33570=VECTOR('',#33560,1.0000000000000000E+00);
#33580=LINE('',#33550,#33570);
#33590=EDGE_CURVE('',#32730,#29840,#33580,.T.);
#33600=ORIENTED_EDGE('',*,*,#33590,.T.);
#33610=ORIENTED_EDGE('',*,*,#32740,.T.);
#33620=ORIENTED_EDGE('',*,*,#33270,.T.);
#33630=ORIENTED_EDGE('',*,*,#32270,.F.);
#33640=EDGE_LOOP('',(#33630,#33620,#33610,#33600,#33540,#33530));
#33650=FACE_OUTER_BOUND('',#33640,.T.);
#33660=ADVANCED_FACE('',(#33650),#33520,.T.);
#33670=COLOUR_RGB('',5.0196081399917603E-01,1.0000000000000000E+00,
   5.0196081399917603E-01);
#33680=FILL_AREA_STYLE_COLOUR('',#33670);
#33690=FILL_AREA_STYLE('',(#33680));
#33700=SURFACE_STYLE_FILL_AREA(#33690);
#33710=SURFACE_SIDE_STYLE('',(#33700));
#33720=SURFACE_STYLE_USAGE(.BOTH.,#33710);
#33730=PRESENTATION_STYLE_ASSIGNMENT((#33720));
#33740=CARTESIAN_POINT('',(1.2699999999999796E+00,
   -2.4762821304548313E+00,5.2934999999999901E+00));
#33750=DIRECTION('',(0.0000000000000000E+00,-1.0000000000000000E+00,
   1.2246063538223773E-16));
#33760=DIRECTION('',(0.0000000000000000E+00,1.2246063538223773E-16,
   1.0000000000000000E+00));
#33770=AXIS2_PLACEMENT_3D('',#33740,#33750,#33760);
#33780=PLANE('',#33770);
#33790=ORIENTED_EDGE('',*,*,#27700,.T.);
#33800=ORIENTED_EDGE('',*,*,#28010,.T.);
#33810=ORIENTED_EDGE('',*,*,#33340,.F.);
#33820=ORIENTED_EDGE('',*,*,#32580,.F.);
#33830=EDGE_LOOP('',(#33820,#33810,#33800,#33790));
#33840=FACE_OUTER_BOUND('',#33830,.T.);
#33850=ADVANCED_FACE('',(#33840),#33780,.F.);
#33860=COLOUR_RGB('',5.0196081399917603E-01,1.0000000000000000E+00,
   5.0196081399917603E-01);
#33870=FILL_AREA_STYLE_COLOUR('',#33860);
#33880=FILL_AREA_STYLE('',(#33870));
#33890=SURFACE_STYLE_FILL_AREA(#33880);
#33900=SURFACE_SIDE_STYLE('',(#33890));
#33910=SURFACE_STYLE_USAGE(.BOTH.,#33900);
#33920=PRESENTATION_STYLE_ASSIGNMENT((#33910));
#33930=CARTESIAN_POINT('',(-1.5080724500000011E+01,
   -9.5778213045486815E-01,5.3999999999999986E+00));
#33940=DIRECTION('',(-1.0000000000000000E+00,0.0000000000000000E+00,
   0.0000000000000000E+00));
#33950=DIRECTION('',(0.0000000000000000E+00,0.0000000000000000E+00,
   1.0000000000000000E+00));
#33960=AXIS2_PLACEMENT_3D('',#33930,#33940,#33950);
#33970=CYLINDRICAL_SURFACE('',#33960,1.0000000000000004E+00);
#33980=CARTESIAN_POINT('',(-1.5430000000000021E+01,
   -9.5778213045493565E-01,5.3999999999999995E+00));
#33990=DIRECTION('',(1.0000000000000000E+00,0.0000000000000000E+00,
   0.0000000000000000E+00));
#34000=DIRECTION('',(0.0000000000000000E+00,-1.0000000000000000E+00,
   0.0000000000000000E+00));
#34010=AXIS2_PLACEMENT_3D('',#33980,#33990,#34000);
#34020=CIRCLE('',#34010,1.0000000000000000E+00);
#34030=CARTESIAN_POINT('',(-1.5430000000000021E+01,
   -9.5778213045493565E-01,6.3999999999999995E+00));
#34040=VERTEX_POINT('',#34030);
#34050=EDGE_CURVE('',#34040,#2650,#34020,.T.);
#34060=ORIENTED_EDGE('',*,*,#34050,.T.);
#34070=CARTESIAN_POINT('',(-1.5080724500000011E+01,
   -9.5778213045486815E-01,6.3999999999999986E+00));
#34080=DIRECTION('',(-1.0000000000000000E+00,0.0000000000000000E+00,
   0.0000000000000000E+00));
#34090=VECTOR('',#34080,1.0000000000000000E+00);
#34100=LINE('',#34070,#34090);
#34110=EDGE_CURVE('',#8520,#34040,#34100,.T.);
#34120=ORIENTED_EDGE('',*,*,#34110,.T.);
#34130=ORIENTED_EDGE('',*,*,#8530,.F.);
#34140=EDGE_LOOP('',(#34130,#34120,#34060));
#34150=FACE_OUTER_BOUND('',#34140,.T.);
#34160=ADVANCED_FACE('',(#34150),#33970,.T.);
#34170=COLOUR_RGB('',5.0196081399917603E-01,1.0000000000000000E+00,
   5.0196081399917603E-01);
#34180=FILL_AREA_STYLE_COLOUR('',#34170);
#34190=FILL_AREA_STYLE('',(#34180));
#34200=SURFACE_STYLE_FILL_AREA(#34190);
#34210=SURFACE_SIDE_STYLE('',(#34200));
#34220=SURFACE_STYLE_USAGE(.BOTH.,#34210);
#34230=PRESENTATION_STYLE_ASSIGNMENT((#34220));
#34240=CARTESIAN_POINT('',(1.2699999999999796E+00,
   -9.5778213045489657E-01,5.0000000000000178E-01));
#34250=DIRECTION('',(1.0000000000000000E+00,0.0000000000000000E+00,
   0.0000000000000000E+00));
#34260=DIRECTION('',(0.0000000000000000E+00,1.0000000000000000E+00,
   0.0000000000000000E+00));
#34270=AXIS2_PLACEMENT_3D('',#34240,#34250,#34260);
#34280=CONICAL_SURFACE('',#34270,5.3000000000000007E+00,
   2.6179938779914957E-01);
#34290=CARTESIAN_POINT('',(7.1019237886464825E-01,3.3203818666444107E+00
   ,-2.9500000000000020E+00));
#34300=DIRECTION('',(-2.5881904510252074E-01,0.0000000000000000E+00,
   -9.6592582628906831E-01));
#34310=DIRECTION('',(-9.6592582628906831E-01,0.0000000000000000E+00,
   2.5881904510252074E-01));
#34320=AXIS2_PLACEMENT_3D('',#34290,#34300,#34310);
#34330=PLANE('',#34320);
#34340=CARTESIAN_POINT('',(1.2699999999999803E+00,2.9319479373004422E+00
   ,-3.1000000000000103E+00));
#34350=CARTESIAN_POINT('',(1.1766807312878949E+00,2.9210196214965225E+00
   ,-3.0749951773103441E+00));
#34360=CARTESIAN_POINT('',(1.0833655653817440E+00,2.9100457350377464E+00
   ,-3.0499914539641084E+00));
#34370=CARTESIAN_POINT('',(9.9005479809079167E-01,2.8990251361014625E+00
   ,-3.0249889092233695E+00));
#34380=CARTESIAN_POINT('',(8.9674403072052056E-01,2.8880045371558105E+00
   ,-2.9999863644613769E+00));
#34390=CARTESIAN_POINT('',(8.0343766192001120E-01,2.8769372259304444E+00
   ,-2.9749849982911734E+00));
#34400=CARTESIAN_POINT('',(7.1013599075259981E-01,2.8658220107875625E+00
   ,-2.9499848908493913E+00));
#34410=CARTESIAN_POINT('',(6.1683431949963818E-01,2.8547067956344891E+00
   ,-2.9249847833846863E+00));
#34420=CARTESIAN_POINT('',(5.2353734582544964E-01,2.8435436767931437E+00
   ,-2.8999859346265180E+00));
#34430=CARTESIAN_POINT('',(4.3024537226074655E-01,2.8323314097170025E+00
   ,-2.8749884256495499E+00));
#34440=CARTESIAN_POINT('',(3.3695339860581058E-01,2.8211191426300166E+00
   ,-2.8499909166484043E+00));
#34450=CARTESIAN_POINT('',(2.4366642499572322E-01,2.8098577275922278E+00
   ,-2.8249947473903294E+00));
#34460=CARTESIAN_POINT('',(1.5038475771942045E-01,2.7985458638060132E+00
   ,-2.7999999999750154E+00));
#34470=B_SPLINE_CURVE_WITH_KNOTS('',3,(#34340,#34350,#34360,#34370,
   #34380,#34390,#34400,#34410,#34420,#34430,#34440,#34450,#34460),
   .UNSPECIFIED.,.F.,.F.,(4,3,3,3,4),(1.3800804107548876E+01,
   1.4092488692502744E+01,1.4384177903470999E+01,1.4675870988126691E+01,
   1.4967567231211239E+01),.UNSPECIFIED.);
#34480=SURFACE_CURVE('',#34470,(#34280,#34330),.CURVE_3D.);
#34490=CARTESIAN_POINT('',(1.2699999999999800E+00,2.9319479373004409E+00
   ,-3.1000000000000023E+00));
#34500=VERTEX_POINT('',#34490);
#34510=EDGE_CURVE('',#34500,#29460,#34480,.T.);
#34520=ORIENTED_EDGE('',*,*,#34510,.T.);
#34530=CARTESIAN_POINT('',(1.2699999999999796E+00,
   -9.5778213045489657E-01,5.0000000000000178E-01));
#34540=DIRECTION('',(1.0000000000000000E+00,0.0000000000000000E+00,
   0.0000000000000000E+00));
#34550=DIRECTION('',(0.0000000000000000E+00,1.0000000000000000E+00,
   0.0000000000000000E+00));
#34560=AXIS2_PLACEMENT_3D('',#34530,#34540,#34550);
#34570=CIRCLE('',#34560,5.3000000000000007E+00);
#34580=EDGE_CURVE('',#30090,#34500,#34570,.T.);
#34590=ORIENTED_EDGE('',*,*,#34580,.T.);
#34600=ORIENTED_EDGE('',*,*,#30100,.F.);
#34610=ORIENTED_EDGE('',*,*,#29540,.F.);
#34620=EDGE_LOOP('',(#34610,#34600,#34590,#34520));
#34630=FACE_OUTER_BOUND('',#34620,.T.);
#34640=ADVANCED_FACE('',(#34630),#34280,.F.);
#34650=COLOUR_RGB('',5.0196081399917603E-01,1.0000000000000000E+00,
   5.0196081399917603E-01);
#34660=FILL_AREA_STYLE_COLOUR('',#34650);
#34670=FILL_AREA_STYLE('',(#34660));
#34680=SURFACE_STYLE_FILL_AREA(#34670);
#34690=SURFACE_SIDE_STYLE('',(#34680));
#34700=SURFACE_STYLE_USAGE(.BOTH.,#34690);
#34710=PRESENTATION_STYLE_ASSIGNMENT((#34700));
#34720=CARTESIAN_POINT('',(-2.2300000000000204E+00,
   3.5227734251007004E+00,-2.1621778264910718E+00));
#34730=DIRECTION('',(9.6591191885694883E-01,5.3661773269754551E-03,
   -2.5881531861731549E-01));
#34740=VECTOR('',#34730,1.0000000000000000E+00);
#34750=LINE('',#34720,#34740);
#34760=CARTESIAN_POINT('',(1.2699999999999800E+00,3.5422178695451176E+00
   ,-3.1000000000000023E+00));
#34770=VERTEX_POINT('',#34760);
#34780=EDGE_CURVE('',#31490,#34770,#34750,.T.);
#34790=ORIENTED_EDGE('',*,*,#34780,.F.);
#34800=CARTESIAN_POINT('',(1.2699999999999800E+00,
   -5.7909557635968714E+00,-3.1000000000000023E+00));
#34810=DIRECTION('',(0.0000000000000000E+00,-1.0000000000000000E+00,
   0.0000000000000000E+00));
#34820=VECTOR('',#34810,1.0000000000000000E+00);
#34830=LINE('',#34800,#34820);
#34840=EDGE_CURVE('',#34770,#34500,#34830,.T.);
#34850=ORIENTED_EDGE('',*,*,#34840,.F.);
#34860=ORIENTED_EDGE('',*,*,#34510,.F.);
#34870=ORIENTED_EDGE('',*,*,#31560,.T.);
#34880=EDGE_LOOP('',(#34870,#34860,#34850,#34790));
#34890=FACE_OUTER_BOUND('',#34880,.T.);
#34900=ADVANCED_FACE('',(#34890),#34330,.F.);
#34910=COLOUR_RGB('',5.0196081399917603E-01,1.0000000000000000E+00,
   5.0196081399917603E-01);
#34920=FILL_AREA_STYLE_COLOUR('',#34910);
#34930=FILL_AREA_STYLE('',(#34920));
#34940=SURFACE_STYLE_FILL_AREA(#34930);
#34950=SURFACE_SIDE_STYLE('',(#34940));
#34960=SURFACE_STYLE_USAGE(.BOTH.,#34950);
#34970=PRESENTATION_STYLE_ASSIGNMENT((#34960));
#34980=EDGE_CURVE('',#2520,#34040,#34020,.T.);
#34990=ORIENTED_EDGE('',*,*,#34980,.T.);
#35000=ORIENTED_EDGE('',*,*,#8550,.F.);
#35010=ORIENTED_EDGE('',*,*,#34110,.F.);
#35020=EDGE_LOOP('',(#35010,#35000,#34990));
#35030=FACE_OUTER_BOUND('',#35020,.T.);
#35040=ADVANCED_FACE('',(#35030),#33970,.T.);
#35050=COLOUR_RGB('',5.0196081399917603E-01,1.0000000000000000E+00,
   5.0196081399917603E-01);
#35060=FILL_AREA_STYLE_COLOUR('',#35050);
#35070=FILL_AREA_STYLE('',(#35060));
#35080=SURFACE_STYLE_FILL_AREA(#35070);
#35090=SURFACE_SIDE_STYLE('',(#35080));
#35100=SURFACE_STYLE_USAGE(.BOTH.,#35090);
#35110=PRESENTATION_STYLE_ASSIGNMENT((#35100));
#35120=EDGE_CURVE('',#30720,#31020,#31000,.T.);
#35130=ORIENTED_EDGE('',*,*,#35120,.T.);
#35140=ORIENTED_EDGE('',*,*,#30730,.F.);
#35150=ORIENTED_EDGE('',*,*,#28230,.F.);
#35160=ORIENTED_EDGE('',*,*,#31110,.F.);
#35170=EDGE_LOOP('',(#35160,#35150,#35140,#35130));
#35180=FACE_OUTER_BOUND('',#35170,.T.);
#35190=ADVANCED_FACE('',(#35180),#30950,.F.);
#35200=COLOUR_RGB('',5.0196081399917603E-01,1.0000000000000000E+00,
   5.0196081399917603E-01);
#35210=FILL_AREA_STYLE_COLOUR('',#35200);
#35220=FILL_AREA_STYLE('',(#35210));
#35230=SURFACE_STYLE_FILL_AREA(#35220);
#35240=SURFACE_SIDE_STYLE('',(#35230));
#35250=SURFACE_STYLE_USAGE(.BOTH.,#35240);
#35260=PRESENTATION_STYLE_ASSIGNMENT((#35250));
#35270=CARTESIAN_POINT('',(-4.8080157115924234E+00,
   1.5665451967484577E+01,-6.7000000000000002E+00));
#35280=DIRECTION('',(0.0000000000000000E+00,0.0000000000000000E+00,
   -1.0000000000000000E+00));
#35290=DIRECTION('',(-1.0000000000000000E+00,0.0000000000000000E+00,
   0.0000000000000000E+00));
#35300=AXIS2_PLACEMENT_3D('',#35270,#35280,#35290);
#35310=PLANE('',#35300);
#35320=CARTESIAN_POINT('',(-2.3410000000000018E+01,
   9.2022178695451231E+00,-6.7000000000000002E+00));
#35330=DIRECTION('',(0.0000000000000000E+00,-6.1230317691118863E-17,
   -1.0000000000000000E+00));
#35340=DIRECTION('',(-1.0000000000000000E+00,0.0000000000000000E+00,
   0.0000000000000000E+00));
#35350=AXIS2_PLACEMENT_3D('',#35320,#35330,#35340);
#35360=CIRCLE('',#35350,8.4999999999999998E-01);
#35370=CARTESIAN_POINT('',(-2.4260000000000019E+01,
   9.2022178695451213E+00,-6.7000000000000002E+00));
#35380=VERTEX_POINT('',#35370);
#35390=CARTESIAN_POINT('',(-2.2560000000000016E+01,
   9.2022178695451213E+00,-6.7000000000000002E+00));
#35400=VERTEX_POINT('',#35390);
#35410=EDGE_CURVE('',#35380,#35400,#35360,.T.);
#35420=ORIENTED_EDGE('',*,*,#35410,.T.);
#35430=CARTESIAN_POINT('',(-2.2300000000000204E+00,
   9.2022178695451213E+00,-6.7000000000000002E+00));
#35440=DIRECTION('',(-1.0000000000000000E+00,0.0000000000000000E+00,
   0.0000000000000000E+00));
#35450=VECTOR('',#35440,1.0000000000000000E+00);
#35460=LINE('',#35430,#35450);
#35470=CARTESIAN_POINT('',(-2.4009999999999991E+01,
   9.2022178695451213E+00,-6.7000000000000002E+00));
#35480=VERTEX_POINT('',#35470);
#35490=EDGE_CURVE('',#35480,#35380,#35460,.T.);
#35500=ORIENTED_EDGE('',*,*,#35490,.T.);
#35510=CARTESIAN_POINT('',(-2.4009999999999991E+01,
   -5.7909557635968714E+00,-6.7000000000000002E+00));
#35520=DIRECTION('',(0.0000000000000000E+00,-1.0000000000000000E+00,
   0.0000000000000000E+00));
#35530=VECTOR('',#35520,1.0000000000000000E+00);
#35540=LINE('',#35510,#35530);
#35550=CARTESIAN_POINT('',(-2.4009999999999991E+01,
   9.7022178695451196E+00,-6.7000000000000002E+00));
#35560=VERTEX_POINT('',#35550);
#35570=EDGE_CURVE('',#35560,#35480,#35540,.T.);
#35580=ORIENTED_EDGE('',*,*,#35570,.T.);
#35590=CARTESIAN_POINT('',(-2.2300000000000204E+00,
   9.7022178695451196E+00,-6.7000000000000002E+00));
#35600=DIRECTION('',(1.0000000000000000E+00,0.0000000000000000E+00,
   0.0000000000000000E+00));
#35610=VECTOR('',#35600,1.0000000000000000E+00);
#35620=LINE('',#35590,#35610);
#35630=CARTESIAN_POINT('',(-2.2810000000000009E+01,
   9.7022178695451196E+00,-6.7000000000000002E+00));
#35640=VERTEX_POINT('',#35630);
#35650=EDGE_CURVE('',#35560,#35640,#35620,.T.);
#35660=ORIENTED_EDGE('',*,*,#35650,.F.);
#35670=CARTESIAN_POINT('',(-2.2810000000000009E+01,
   -5.7909557635968714E+00,-6.7000000000000002E+00));
#35680=DIRECTION('',(0.0000000000000000E+00,-1.0000000000000000E+00,
   0.0000000000000000E+00));
#35690=VECTOR('',#35680,1.0000000000000000E+00);
#35700=LINE('',#35670,#35690);
#35710=CARTESIAN_POINT('',(-2.2810000000000009E+01,
   9.2022178695451213E+00,-6.7000000000000002E+00));
#35720=VERTEX_POINT('',#35710);
#35730=EDGE_CURVE('',#35640,#35720,#35700,.T.);
#35740=ORIENTED_EDGE('',*,*,#35730,.F.);
#35750=EDGE_CURVE('',#35400,#35720,#35460,.T.);
#35760=ORIENTED_EDGE('',*,*,#35750,.T.);
#35770=EDGE_LOOP('',(#35760,#35740,#35660,#35580,#35500,#35420));
#35780=FACE_OUTER_BOUND('',#35770,.T.);
#35790=ADVANCED_FACE('',(#35780),#35310,.T.);
#35800=COLOUR_RGB('',9.4901961088180542E-01,9.4901961088180542E-01,
   1.0000000000000000E+00);
#35810=FILL_AREA_STYLE_COLOUR('',#35800);
#35820=FILL_AREA_STYLE('',(#35810));
#35830=SURFACE_STYLE_FILL_AREA(#35820);
#35840=SURFACE_SIDE_STYLE('',(#35830));
#35850=SURFACE_STYLE_USAGE(.BOTH.,#35840);
#35860=PRESENTATION_STYLE_ASSIGNMENT((#35850));
#35870=CARTESIAN_POINT('',(-1.9958474349403666E+01,
   8.7022178695451231E+00,-1.3712546805339914E+00));
#35880=DIRECTION('',(0.0000000000000000E+00,-1.0000000000000000E+00,
   0.0000000000000000E+00));
#35890=DIRECTION('',(1.0000000000000000E+00,0.0000000000000000E+00,
   0.0000000000000000E+00));
#35900=AXIS2_PLACEMENT_3D('',#35870,#35880,#35890);
#35910=PLANE('',#35900);
#35920=CARTESIAN_POINT('',(-2.2810000000000009E+01,
   8.7022178695451231E+00,3.0170423393406152E+00));
#35930=DIRECTION('',(0.0000000000000000E+00,0.0000000000000000E+00,
   -1.0000000000000000E+00));
#35940=VECTOR('',#35930,1.0000000000000000E+00);
#35950=LINE('',#35920,#35940);
#35960=CARTESIAN_POINT('',(-2.2810000000000009E+01,
   8.7022178695451231E+00,-6.7000000000000002E+00));
#35970=VERTEX_POINT('',#35960);
#35980=CARTESIAN_POINT('',(-2.2810000000000009E+01,
   8.7022178695451231E+00,-8.9999999999999964E+00));
#35990=VERTEX_POINT('',#35980);
#36000=EDGE_CURVE('',#35970,#35990,#35950,.T.);
#36010=ORIENTED_EDGE('',*,*,#36000,.F.);
#36020=CARTESIAN_POINT('',(-1.9805739415164997E+01,
   8.7022178695451231E+00,3.0170423393406152E+00));
#36030=DIRECTION('',(-2.4253562503632353E-01,0.0000000000000000E+00,
   -9.7014250014533432E-01));
#36040=VECTOR('',#36030,1.0000000000000000E+00);
#36050=LINE('',#36020,#36040);
#36060=CARTESIAN_POINT('',(-2.3110000000000017E+01,
   8.7022178695451231E+00,-1.0199999999999999E+01));
#36070=VERTEX_POINT('',#36060);
#36080=EDGE_CURVE('',#35990,#36070,#36050,.T.);
#36090=ORIENTED_EDGE('',*,*,#36080,.F.);
#36100=CARTESIAN_POINT('',(-2.2300000000000204E+00,
   8.7022178695451231E+00,-1.0199999999999999E+01));
#36110=DIRECTION('',(-1.0000000000000000E+00,0.0000000000000000E+00,
   0.0000000000000000E+00));
#36120=VECTOR('',#36110,1.0000000000000000E+00);
#36130=LINE('',#36100,#36120);
#36140=CARTESIAN_POINT('',(-2.3710000000000026E+01,
   8.7022178695451231E+00,-1.0199999999999999E+01));
#36150=VERTEX_POINT('',#36140);
#36160=EDGE_CURVE('',#36070,#36150,#36130,.T.);
#36170=ORIENTED_EDGE('',*,*,#36160,.F.);
#36180=CARTESIAN_POINT('',(-2.7014260584834926E+01,
   8.7022178695451231E+00,3.0170423393406152E+00));
#36190=DIRECTION('',(-2.4253562503631540E-01,0.0000000000000000E+00,
   9.7014250014533632E-01));
#36200=VECTOR('',#36190,1.0000000000000000E+00);
#36210=LINE('',#36180,#36200);
#36220=CARTESIAN_POINT('',(-2.4009999999999994E+01,
   8.7022178695451231E+00,-9.0000000000000284E+00));
#36230=VERTEX_POINT('',#36220);
#36240=EDGE_CURVE('',#36150,#36230,#36210,.T.);
#36250=ORIENTED_EDGE('',*,*,#36240,.F.);
#36260=CARTESIAN_POINT('',(-2.4009999999999991E+01,
   8.7022178695451231E+00,3.0170423393406152E+00));
#36270=DIRECTION('',(0.0000000000000000E+00,0.0000000000000000E+00,
   1.0000000000000000E+00));
#36280=VECTOR('',#36270,1.0000000000000000E+00);
#36290=LINE('',#36260,#36280);
#36300=CARTESIAN_POINT('',(-2.4009999999999991E+01,
   8.7022178695451231E+00,-6.7000000000000002E+00));
#36310=VERTEX_POINT('',#36300);
#36320=EDGE_CURVE('',#36230,#36310,#36290,.T.);
#36330=ORIENTED_EDGE('',*,*,#36320,.F.);
#36340=CARTESIAN_POINT('',(-2.2300000000000204E+00,
   8.7022178695451231E+00,-6.7000000000000002E+00));
#36350=DIRECTION('',(-1.0000000000000000E+00,0.0000000000000000E+00,
   0.0000000000000000E+00));
#36360=VECTOR('',#36350,1.0000000000000000E+00);
#36370=LINE('',#36340,#36360);
#36380=EDGE_CURVE('',#35970,#36310,#36370,.T.);
#36390=ORIENTED_EDGE('',*,*,#36380,.T.);
#36400=EDGE_LOOP('',(#36390,#36330,#36250,#36170,#36090,#36010));
#36410=FACE_OUTER_BOUND('',#36400,.T.);
#36420=ADVANCED_FACE('',(#36410),#35910,.T.);
#36430=COLOUR_RGB('',9.4901961088180542E-01,9.4901961088180542E-01,
   1.0000000000000000E+00);
#36440=FILL_AREA_STYLE_COLOUR('',#36430);
#36450=FILL_AREA_STYLE('',(#36440));
#36460=SURFACE_STYLE_FILL_AREA(#36450);
#36470=SURFACE_SIDE_STYLE('',(#36460));
#36480=SURFACE_STYLE_USAGE(.BOTH.,#36470);
#36490=PRESENTATION_STYLE_ASSIGNMENT((#36480));
#36500=CARTESIAN_POINT('',(-3.0730000000000022E+01,
   -2.1625186797199745E+00,-1.2094531999999969E+01));
#36510=DIRECTION('',(1.0000000000000000E+00,0.0000000000000000E+00,
   -0.0000000000000000E+00));
#36520=DIRECTION('',(0.0000000000000000E+00,6.1230317691118863E-17,
   1.0000000000000000E+00));
#36530=AXIS2_PLACEMENT_3D('',#36500,#36510,#36520);
#36540=PLANE('',#36530);
#36550=ORIENTED_EDGE('',*,*,#11880,.T.);
#36560=CARTESIAN_POINT('',(-3.0730000000000022E+01,
   -5.7909557635968714E+00,5.2999999999999980E+00));
#36570=DIRECTION('',(0.0000000000000000E+00,1.0000000000000000E+00,
   0.0000000000000000E+00));
#36580=VECTOR('',#36570,1.0000000000000000E+00);
#36590=LINE('',#36560,#36580);
#36600=CARTESIAN_POINT('',(-3.0730000000000022E+01,
   -6.9577821304549028E+00,5.2999999999999980E+00));
#36610=VERTEX_POINT('',#36600);
#36620=EDGE_CURVE('',#36610,#11810,#36590,.T.);
#36630=ORIENTED_EDGE('',*,*,#36620,.T.);
#36640=CARTESIAN_POINT('',(-3.0730000000000022E+01,
   -6.9577821304549028E+00,3.0170423393406152E+00));
#36650=DIRECTION('',(0.0000000000000000E+00,0.0000000000000000E+00,
   1.0000000000000000E+00));
#36660=VECTOR('',#36650,1.0000000000000000E+00);
#36670=LINE('',#36640,#36660);
#36680=CARTESIAN_POINT('',(-3.0730000000000022E+01,
   -6.9577821304549028E+00,-6.2000000000000002E+00));
#36690=VERTEX_POINT('',#36680);
#36700=EDGE_CURVE('',#36690,#36610,#36670,.T.);
#36710=ORIENTED_EDGE('',*,*,#36700,.T.);
#36720=CARTESIAN_POINT('',(-3.0730000000000022E+01,
   -5.7909557635968714E+00,-6.2000000000000002E+00));
#36730=DIRECTION('',(0.0000000000000000E+00,1.0000000000000000E+00,
   0.0000000000000000E+00));
#36740=VECTOR('',#36730,1.0000000000000000E+00);
#36750=LINE('',#36720,#36740);
#36760=EDGE_CURVE('',#36690,#10510,#36750,.T.);
#36770=ORIENTED_EDGE('',*,*,#36760,.F.);
#36780=EDGE_LOOP('',(#36770,#36710,#36630,#36550));
#36790=FACE_OUTER_BOUND('',#36780,.T.);
#36800=ADVANCED_FACE('',(#36790),#36540,.F.);
#36810=COLOUR_RGB('',5.0196081399917603E-01,1.0000000000000000E+00,
   5.0196081399917603E-01);
#36820=FILL_AREA_STYLE_COLOUR('',#36810);
#36830=FILL_AREA_STYLE('',(#36820));
#36840=SURFACE_STYLE_FILL_AREA(#36830);
#36850=SURFACE_SIDE_STYLE('',(#36840));
#36860=SURFACE_STYLE_USAGE(.BOTH.,#36850);
#36870=PRESENTATION_STYLE_ASSIGNMENT((#36860));
#36880=CARTESIAN_POINT('',(-1.8930000000000010E+01,
   -9.5778213045488059E-01,-9.0000000000000036E+00));
#36890=DIRECTION('',(-9.7014250014533332E-01,0.0000000000000000E+00,
   -2.4253562503632758E-01));
#36900=DIRECTION('',(-2.4253562503632758E-01,0.0000000000000000E+00,
   9.7014250014533332E-01));
#36910=AXIS2_PLACEMENT_3D('',#36880,#36890,#36900);
#36920=PLANE('',#36910);
#36930=CARTESIAN_POINT('',(-2.1934260584835094E+01,
   -1.4577821304548770E+00,3.0170423393406152E+00));
#36940=DIRECTION('',(-2.4253562503632758E-01,0.0000000000000000E+00,
   9.7014250014533332E-01));
#36950=VECTOR('',#36940,1.0000000000000000E+00);
#36960=LINE('',#36930,#36950);
#36970=CARTESIAN_POINT('',(-1.8630000000000020E+01,
   -1.4577821304548770E+00,-1.0199999999999996E+01));
#36980=VERTEX_POINT('',#36970);
#36990=CARTESIAN_POINT('',(-1.8929999999999996E+01,
   -1.4577821304548770E+00,-9.0000000000000391E+00));
#37000=VERTEX_POINT('',#36990);
#37010=EDGE_CURVE('',#36980,#37000,#36960,.T.);
#37020=ORIENTED_EDGE('',*,*,#37010,.T.);
#37030=CARTESIAN_POINT('',(-1.8630000000000020E+01,
   -5.7909557635968714E+00,-1.0199999999999992E+01));
#37040=DIRECTION('',(0.0000000000000000E+00,-1.0000000000000000E+00,
   0.0000000000000000E+00));
#37050=VECTOR('',#37040,1.0000000000000000E+00);
#37060=LINE('',#37030,#37050);
#37070=CARTESIAN_POINT('',(-1.8630000000000020E+01,
   -4.5778213045488059E-01,-1.0199999999999992E+01));
#37080=VERTEX_POINT('',#37070);
#37090=EDGE_CURVE('',#37080,#36980,#37060,.T.);
#37100=ORIENTED_EDGE('',*,*,#37090,.T.);
#37110=CARTESIAN_POINT('',(-2.1934260584835094E+01,
   -4.5778213045488059E-01,3.0170423393406152E+00));
#37120=DIRECTION('',(2.4253562503632758E-01,-0.0000000000000000E+00,
   -9.7014250014533332E-01));
#37130=VECTOR('',#37120,1.0000000000000000E+00);
#37140=LINE('',#37110,#37130);
#37150=CARTESIAN_POINT('',(-1.8929999999999989E+01,
   -4.5778213045488059E-01,-9.0000000000000924E+00));
#37160=VERTEX_POINT('',#37150);
#37170=EDGE_CURVE('',#37160,#37080,#37140,.T.);
#37180=ORIENTED_EDGE('',*,*,#37170,.T.);
#37190=CARTESIAN_POINT('',(-1.8929999999999996E+01,
   -5.7909557635968714E+00,-9.0000000000000675E+00));
#37200=DIRECTION('',(0.0000000000000000E+00,-1.0000000000000000E+00,
   0.0000000000000000E+00));
#37210=VECTOR('',#37200,1.0000000000000000E+00);
#37220=LINE('',#37190,#37210);
#37230=EDGE_CURVE('',#37160,#37000,#37220,.T.);
#37240=ORIENTED_EDGE('',*,*,#37230,.F.);
#37250=EDGE_LOOP('',(#37240,#37180,#37100,#37020));
#37260=FACE_OUTER_BOUND('',#37250,.T.);
#37270=ADVANCED_FACE('',(#37260),#36920,.T.);
#37280=COLOUR_RGB('',9.4901961088180542E-01,9.4901961088180542E-01,
   1.0000000000000000E+00);
#37290=FILL_AREA_STYLE_COLOUR('',#37280);
#37300=FILL_AREA_STYLE('',(#37290));
#37310=SURFACE_STYLE_FILL_AREA(#37300);
#37320=SURFACE_SIDE_STYLE('',(#37310));
#37330=SURFACE_STYLE_USAGE(.BOTH.,#37320);
#37340=PRESENTATION_STYLE_ASSIGNMENT((#37330));
#37350=CARTESIAN_POINT('',(-2.3110000000000014E+01,
   -9.5778213045488059E-01,-1.0199999999999999E+01));
#37360=DIRECTION('',(9.7014250014533432E-01,0.0000000000000000E+00,
   -2.4253562503632353E-01));
#37370=DIRECTION('',(-2.4253562503632353E-01,0.0000000000000000E+00,
   -9.7014250014533432E-01));
#37380=AXIS2_PLACEMENT_3D('',#37350,#37360,#37370);
#37390=PLANE('',#37380);
#37400=CARTESIAN_POINT('',(-1.9805739415164997E+01,
   -1.4577821304548770E+00,3.0170423393406152E+00));
#37410=DIRECTION('',(2.4253562503632353E-01,0.0000000000000000E+00,
   9.7014250014533432E-01));
#37420=VECTOR('',#37410,1.0000000000000000E+00);
#37430=LINE('',#37400,#37420);
#37440=CARTESIAN_POINT('',(-2.3110000000000014E+01,
   -1.4577821304548770E+00,-1.0200000000000003E+01));
#37450=VERTEX_POINT('',#37440);
#37460=CARTESIAN_POINT('',(-2.2810000000000009E+01,
   -1.4577821304548770E+00,-8.9999999999999325E+00));
#37470=VERTEX_POINT('',#37460);
#37480=EDGE_CURVE('',#37450,#37470,#37430,.T.);
#37490=ORIENTED_EDGE('',*,*,#37480,.F.);
#37500=CARTESIAN_POINT('',(-2.2810000000000009E+01,
   -5.7909557635968714E+00,-8.9999999999999325E+00));
#37510=DIRECTION('',(0.0000000000000000E+00,-1.0000000000000000E+00,
   0.0000000000000000E+00));
#37520=VECTOR('',#37510,1.0000000000000000E+00);
#37530=LINE('',#37500,#37520);
#37540=CARTESIAN_POINT('',(-2.2810000000000009E+01,
   -4.5778213045488059E-01,-8.9999999999999325E+00));
#37550=VERTEX_POINT('',#37540);
#37560=EDGE_CURVE('',#37550,#37470,#37530,.T.);
#37570=ORIENTED_EDGE('',*,*,#37560,.T.);
#37580=CARTESIAN_POINT('',(-1.9805739415164997E+01,
   -4.5778213045488059E-01,3.0170423393406152E+00));
#37590=DIRECTION('',(2.4253562503632353E-01,0.0000000000000000E+00,
   9.7014250014533432E-01));
#37600=VECTOR('',#37590,1.0000000000000000E+00);
#37610=LINE('',#37580,#37600);
#37620=CARTESIAN_POINT('',(-2.3110000000000014E+01,
   -4.5778213045488059E-01,-1.0199999999999999E+01));
#37630=VERTEX_POINT('',#37620);
#37640=EDGE_CURVE('',#37630,#37550,#37610,.T.);
#37650=ORIENTED_EDGE('',*,*,#37640,.T.);
#37660=CARTESIAN_POINT('',(-2.3110000000000014E+01,
   -5.7909557635968714E+00,-1.0199999999999999E+01));
#37670=DIRECTION('',(0.0000000000000000E+00,-1.0000000000000000E+00,
   0.0000000000000000E+00));
#37680=VECTOR('',#37670,1.0000000000000000E+00);
#37690=LINE('',#37660,#37680);
#37700=EDGE_CURVE('',#37630,#37450,#37690,.T.);
#37710=ORIENTED_EDGE('',*,*,#37700,.F.);
#37720=EDGE_LOOP('',(#37710,#37650,#37570,#37490));
#37730=FACE_OUTER_BOUND('',#37720,.T.);
#37740=ADVANCED_FACE('',(#37730),#37390,.T.);
#37750=COLOUR_RGB('',9.4901961088180542E-01,9.4901961088180542E-01,
   1.0000000000000000E+00);
#37760=FILL_AREA_STYLE_COLOUR('',#37750);
#37770=FILL_AREA_STYLE('',(#37760));
#37780=SURFACE_STYLE_FILL_AREA(#37770);
#37790=SURFACE_SIDE_STYLE('',(#37780));
#37800=SURFACE_STYLE_USAGE(.BOTH.,#37790);
#37810=PRESENTATION_STYLE_ASSIGNMENT((#37800));
#37820=CARTESIAN_POINT('',(-1.9958474349403662E+01,
   -1.4577821304548770E+00,-1.3712546805339914E+00));
#37830=DIRECTION('',(0.0000000000000000E+00,-1.0000000000000000E+00,
   0.0000000000000000E+00));
#37840=DIRECTION('',(1.0000000000000000E+00,0.0000000000000000E+00,
   0.0000000000000000E+00));
#37850=AXIS2_PLACEMENT_3D('',#37820,#37830,#37840);
#37860=PLANE('',#37850);
#37870=CARTESIAN_POINT('',(-2.2810000000000009E+01,
   -1.4577821304548770E+00,3.0170423393406152E+00));
#37880=DIRECTION('',(0.0000000000000000E+00,0.0000000000000000E+00,
   1.0000000000000000E+00));
#37890=VECTOR('',#37880,1.0000000000000000E+00);
#37900=LINE('',#37870,#37890);
#37910=CARTESIAN_POINT('',(-2.2810000000000009E+01,
   -1.4577821304548770E+00,-6.7000000000000002E+00));
#37920=VERTEX_POINT('',#37910);
#37930=EDGE_CURVE('',#37470,#37920,#37900,.T.);
#37940=ORIENTED_EDGE('',*,*,#37930,.T.);
#37950=ORIENTED_EDGE('',*,*,#37480,.T.);
#37960=CARTESIAN_POINT('',(-2.2300000000000204E+00,
   -1.4577821304548770E+00,-1.0199999999999999E+01));
#37970=DIRECTION('',(1.0000000000000000E+00,0.0000000000000000E+00,
   0.0000000000000000E+00));
#37980=VECTOR('',#37970,1.0000000000000000E+00);
#37990=LINE('',#37960,#37980);
#38000=CARTESIAN_POINT('',(-2.3710000000000022E+01,
   -1.4577821304548770E+00,-1.0200000000000003E+01));
#38010=VERTEX_POINT('',#38000);
#38020=EDGE_CURVE('',#38010,#37450,#37990,.T.);
#38030=ORIENTED_EDGE('',*,*,#38020,.T.);
#38040=CARTESIAN_POINT('',(-2.7014260584834922E+01,
   -1.4577821304548770E+00,3.0170423393406152E+00));
#38050=DIRECTION('',(2.4253562503631540E-01,-0.0000000000000000E+00,
   -9.7014250014533632E-01));
#38060=VECTOR('',#38050,1.0000000000000000E+00);
#38070=LINE('',#38040,#38060);
#38080=CARTESIAN_POINT('',(-2.4009999999999987E+01,
   -1.4577821304548770E+00,-9.0000000000000426E+00));
#38090=VERTEX_POINT('',#38080);
#38100=EDGE_CURVE('',#38090,#38010,#38070,.T.);
#38110=ORIENTED_EDGE('',*,*,#38100,.T.);
#38120=CARTESIAN_POINT('',(-2.4009999999999987E+01,
   -1.4577821304548770E+00,3.0170423393406152E+00));
#38130=DIRECTION('',(0.0000000000000000E+00,0.0000000000000000E+00,
   -1.0000000000000000E+00));
#38140=VECTOR('',#38130,1.0000000000000000E+00);
#38150=LINE('',#38120,#38140);
#38160=CARTESIAN_POINT('',(-2.4009999999999987E+01,
   -1.4577821304548770E+00,-6.7000000000000002E+00));
#38170=VERTEX_POINT('',#38160);
#38180=EDGE_CURVE('',#38170,#38090,#38150,.T.);
#38190=ORIENTED_EDGE('',*,*,#38180,.T.);
#38200=CARTESIAN_POINT('',(-2.2300000000000204E+00,
   -1.4577821304548770E+00,-6.7000000000000002E+00));
#38210=DIRECTION('',(-1.0000000000000000E+00,0.0000000000000000E+00,
   0.0000000000000000E+00));
#38220=VECTOR('',#38210,1.0000000000000000E+00);
#38230=LINE('',#38200,#38220);
#38240=EDGE_CURVE('',#37920,#38170,#38230,.T.);
#38250=ORIENTED_EDGE('',*,*,#38240,.T.);
#38260=EDGE_LOOP('',(#38250,#38190,#38110,#38030,#37950,#37940));
#38270=FACE_OUTER_BOUND('',#38260,.T.);
#38280=ADVANCED_FACE('',(#38270),#37860,.T.);
#38290=COLOUR_RGB('',9.4901961088180542E-01,9.4901961088180542E-01,
   1.0000000000000000E+00);
#38300=FILL_AREA_STYLE_COLOUR('',#38290);
#38310=FILL_AREA_STYLE('',(#38300));
#38320=SURFACE_STYLE_FILL_AREA(#38310);
#38330=SURFACE_SIDE_STYLE('',(#38320));
#38340=SURFACE_STYLE_USAGE(.BOTH.,#38330);
#38350=PRESENTATION_STYLE_ASSIGNMENT((#38340));
#38360=CARTESIAN_POINT('',(-3.0730000000000018E+01,
   2.5362217869545134E+01,5.2999999999999980E+00));
#38370=DIRECTION('',(0.0000000000000000E+00,0.0000000000000000E+00,
   1.0000000000000000E+00));
#38380=DIRECTION('',(-1.0000000000000000E+00,0.0000000000000000E+00,
   0.0000000000000000E+00));
#38390=AXIS2_PLACEMENT_3D('',#38360,#38370,#38380);
#38400=PLANE('',#38390);
#38410=CARTESIAN_POINT('',(-2.2300000000000204E+00,
   -9.5778213045489125E-01,5.2999999999999980E+00));
#38420=DIRECTION('',(-1.0000000000000000E+00,0.0000000000000000E+00,
   0.0000000000000000E+00));
#38430=VECTOR('',#38420,1.0000000000000000E+00);
#38440=LINE('',#38410,#38430);
#38450=CARTESIAN_POINT('',(-2.2560000000000013E+01,
   -9.5778213045489125E-01,5.2999999999999980E+00));
#38460=VERTEX_POINT('',#38450);
#38470=CARTESIAN_POINT('',(-2.4260000000000016E+01,
   -9.5778213045489125E-01,5.2999999999999980E+00));
#38480=VERTEX_POINT('',#38470);
#38490=EDGE_CURVE('',#38460,#38480,#38440,.T.);
#38500=ORIENTED_EDGE('',*,*,#38490,.F.);
#38510=CARTESIAN_POINT('',(-2.3410000000000014E+01,
   -9.5778213045487615E-01,5.2999999999999980E+00));
#38520=DIRECTION('',(0.0000000000000000E+00,-6.1230317691118863E-17,
   -1.0000000000000000E+00));
#38530=DIRECTION('',(-1.0000000000000000E+00,0.0000000000000000E+00,
   0.0000000000000000E+00));
#38540=AXIS2_PLACEMENT_3D('',#38510,#38520,#38530);
#38550=CIRCLE('',#38540,8.4999999999999998E-01);
#38560=EDGE_CURVE('',#38480,#38460,#38550,.T.);
#38570=ORIENTED_EDGE('',*,*,#38560,.F.);
#38580=EDGE_LOOP('',(#38570,#38500));
#38590=FACE_OUTER_BOUND('',#38580,.T.);
#38600=ADVANCED_FACE('',(#38590),#38400,.T.);
#38610=COLOUR_RGB('',5.0196081399917603E-01,1.0000000000000000E+00,
   5.0196081399917603E-01);
#38620=FILL_AREA_STYLE_COLOUR('',#38610);
#38630=FILL_AREA_STYLE('',(#38620));
#38640=SURFACE_STYLE_FILL_AREA(#38630);
#38650=SURFACE_SIDE_STYLE('',(#38640));
#38660=SURFACE_STYLE_USAGE(.BOTH.,#38650);
#38670=PRESENTATION_STYLE_ASSIGNMENT((#38660));
#38680=CARTESIAN_POINT('',(-2.2810000000000009E+01,
   9.2022178695451196E+00,-7.8999999999999888E+00));
#38690=DIRECTION('',(1.0000000000000000E+00,-0.0000000000000000E+00,
   0.0000000000000000E+00));
#38700=DIRECTION('',(0.0000000000000000E+00,0.0000000000000000E+00,
   -1.0000000000000000E+00));
#38710=AXIS2_PLACEMENT_3D('',#38680,#38690,#38700);
#38720=PLANE('',#38710);
#38730=ORIENTED_EDGE('',*,*,#35730,.T.);
#38740=CARTESIAN_POINT('',(-2.2810000000000009E+01,
   9.7022178695451196E+00,3.0170423393406152E+00));
#38750=DIRECTION('',(0.0000000000000000E+00,0.0000000000000000E+00,
   1.0000000000000000E+00));
#38760=VECTOR('',#38750,1.0000000000000000E+00);
#38770=LINE('',#38740,#38760);
#38780=CARTESIAN_POINT('',(-2.2810000000000009E+01,
   9.7022178695451196E+00,-8.9999999999999325E+00));
#38790=VERTEX_POINT('',#38780);
#38800=EDGE_CURVE('',#38790,#35640,#38770,.T.);
#38810=ORIENTED_EDGE('',*,*,#38800,.T.);
#38820=CARTESIAN_POINT('',(-2.2810000000000009E+01,
   -5.7909557635968714E+00,-8.9999999999999325E+00));
#38830=DIRECTION('',(0.0000000000000000E+00,1.0000000000000000E+00,
   0.0000000000000000E+00));
#38840=VECTOR('',#38830,1.0000000000000000E+00);
#38850=LINE('',#38820,#38840);
#38860=EDGE_CURVE('',#35990,#38790,#38850,.T.);
#38870=ORIENTED_EDGE('',*,*,#38860,.T.);
#38880=ORIENTED_EDGE('',*,*,#36000,.T.);
#38890=CARTESIAN_POINT('',(-2.2810000000000009E+01,
   -5.7909557635968714E+00,-6.7000000000000002E+00));
#38900=DIRECTION('',(0.0000000000000000E+00,-1.0000000000000000E+00,
   0.0000000000000000E+00));
#38910=VECTOR('',#38900,1.0000000000000000E+00);
#38920=LINE('',#38890,#38910);
#38930=EDGE_CURVE('',#35720,#35970,#38920,.T.);
#38940=ORIENTED_EDGE('',*,*,#38930,.T.);
#38950=EDGE_LOOP('',(#38940,#38880,#38870,#38810,#38730));
#38960=FACE_OUTER_BOUND('',#38950,.T.);
#38970=ADVANCED_FACE('',(#38960),#38720,.T.);
#38980=COLOUR_RGB('',9.4901961088180542E-01,9.4901961088180542E-01,
   1.0000000000000000E+00);
#38990=FILL_AREA_STYLE_COLOUR('',#38980);
#39000=FILL_AREA_STYLE('',(#38990));
#39010=SURFACE_STYLE_FILL_AREA(#39000);
#39020=SURFACE_SIDE_STYLE('',(#39010));
#39030=SURFACE_STYLE_USAGE(.BOTH.,#39020);
#39040=PRESENTATION_STYLE_ASSIGNMENT((#39030));
#39050=CARTESIAN_POINT('',(-1.8930000000000014E+01,
   9.2022178695451196E+00,-9.0000000000000036E+00));
#39060=DIRECTION('',(-9.7014250014533332E-01,0.0000000000000000E+00,
   -2.4253562503632758E-01));
#39070=DIRECTION('',(-2.4253562503632758E-01,0.0000000000000000E+00,
   9.7014250014533332E-01));
#39080=AXIS2_PLACEMENT_3D('',#39050,#39060,#39070);
#39090=PLANE('',#39080);
#39100=CARTESIAN_POINT('',(-2.1934260584835098E+01,
   8.7022178695451231E+00,3.0170423393406152E+00));
#39110=DIRECTION('',(2.4253562503632758E-01,-0.0000000000000000E+00,
   -9.7014250014533332E-01));
#39120=VECTOR('',#39110,1.0000000000000000E+00);
#39130=LINE('',#39100,#39120);
#39140=CARTESIAN_POINT('',(-1.8930000000000000E+01,
   8.7022178695451231E+00,-9.0000000000000675E+00));
#39150=VERTEX_POINT('',#39140);
#39160=CARTESIAN_POINT('',(-1.8630000000000024E+01,
   8.7022178695451231E+00,-1.0199999999999992E+01));
#39170=VERTEX_POINT('',#39160);
#39180=EDGE_CURVE('',#39150,#39170,#39130,.T.);
#39190=ORIENTED_EDGE('',*,*,#39180,.F.);
#39200=CARTESIAN_POINT('',(-1.8630000000000024E+01,
   -5.7909557635968714E+00,-1.0199999999999992E+01));
#39210=DIRECTION('',(0.0000000000000000E+00,1.0000000000000000E+00,
   0.0000000000000000E+00));
#39220=VECTOR('',#39210,1.0000000000000000E+00);
#39230=LINE('',#39200,#39220);
#39240=CARTESIAN_POINT('',(-1.8630000000000024E+01,
   9.7022178695451196E+00,-1.0199999999999999E+01));
#39250=VERTEX_POINT('',#39240);
#39260=EDGE_CURVE('',#39170,#39250,#39230,.T.);
#39270=ORIENTED_EDGE('',*,*,#39260,.F.);
#39280=CARTESIAN_POINT('',(-2.1934260584835098E+01,
   9.7022178695451196E+00,3.0170423393406152E+00));
#39290=DIRECTION('',(2.4253562503632758E-01,-0.0000000000000000E+00,
   -9.7014250014533332E-01));
#39300=VECTOR('',#39290,1.0000000000000000E+00);
#39310=LINE('',#39280,#39300);
#39320=CARTESIAN_POINT('',(-1.8930000000000000E+01,
   9.7022178695451196E+00,-9.0000000000000888E+00));
#39330=VERTEX_POINT('',#39320);
#39340=EDGE_CURVE('',#39330,#39250,#39310,.T.);
#39350=ORIENTED_EDGE('',*,*,#39340,.T.);
#39360=CARTESIAN_POINT('',(-1.8930000000000000E+01,
   -5.7909557635968714E+00,-9.0000000000000675E+00));
#39370=DIRECTION('',(0.0000000000000000E+00,1.0000000000000000E+00,
   0.0000000000000000E+00));
#39380=VECTOR('',#39370,1.0000000000000000E+00);
#39390=LINE('',#39360,#39380);
#39400=EDGE_CURVE('',#39150,#39330,#39390,.T.);
#39410=ORIENTED_EDGE('',*,*,#39400,.T.);
#39420=EDGE_LOOP('',(#39410,#39350,#39270,#39190));
#39430=FACE_OUTER_BOUND('',#39420,.T.);
#39440=ADVANCED_FACE('',(#39430),#39090,.T.);
#39450=COLOUR_RGB('',9.4901961088180542E-01,9.4901961088180542E-01,
   1.0000000000000000E+00);
#39460=FILL_AREA_STYLE_COLOUR('',#39450);
#39470=FILL_AREA_STYLE('',(#39460));
#39480=SURFACE_STYLE_FILL_AREA(#39470);
#39490=SURFACE_SIDE_STYLE('',(#39480));
#39500=SURFACE_STYLE_USAGE(.BOTH.,#39490);
#39510=PRESENTATION_STYLE_ASSIGNMENT((#39500));
#39520=CARTESIAN_POINT('',(-1.7730000000000008E+01,
   -9.5778213045488059E-01,-7.8999999999999888E+00));
#39530=DIRECTION('',(1.0000000000000000E+00,-0.0000000000000000E+00,
   0.0000000000000000E+00));
#39540=DIRECTION('',(0.0000000000000000E+00,0.0000000000000000E+00,
   -1.0000000000000000E+00));
#39550=AXIS2_PLACEMENT_3D('',#39520,#39530,#39540);
#39560=PLANE('',#39550);
#39570=CARTESIAN_POINT('',(-1.7730000000000008E+01,
   -1.4577821304548770E+00,3.0170423393406152E+00));
#39580=DIRECTION('',(0.0000000000000000E+00,0.0000000000000000E+00,
   -1.0000000000000000E+00));
#39590=VECTOR('',#39580,1.0000000000000000E+00);
#39600=LINE('',#39570,#39590);
#39610=CARTESIAN_POINT('',(-1.7730000000000008E+01,
   -1.4577821304548770E+00,-6.7000000000000002E+00));
#39620=VERTEX_POINT('',#39610);
#39630=CARTESIAN_POINT('',(-1.7730000000000032E+01,
   -1.4577821304548770E+00,-9.0000000000000355E+00));
#39640=VERTEX_POINT('',#39630);
#39650=EDGE_CURVE('',#39620,#39640,#39600,.T.);
#39660=ORIENTED_EDGE('',*,*,#39650,.T.);
#39670=CARTESIAN_POINT('',(-1.7730000000000008E+01,
   -5.7909557635968714E+00,-6.7000000000000002E+00));
#39680=DIRECTION('',(0.0000000000000000E+00,1.0000000000000000E+00,
   0.0000000000000000E+00));
#39690=VECTOR('',#39680,1.0000000000000000E+00);
#39700=LINE('',#39670,#39690);
#39710=CARTESIAN_POINT('',(-1.7730000000000008E+01,
   -9.5778213045489125E-01,-6.7000000000000002E+00));
#39720=VERTEX_POINT('',#39710);
#39730=EDGE_CURVE('',#39620,#39720,#39700,.T.);
#39740=ORIENTED_EDGE('',*,*,#39730,.F.);
#39750=CARTESIAN_POINT('',(-1.7730000000000008E+01,
   -5.7909557635968714E+00,-6.7000000000000002E+00));
#39760=DIRECTION('',(0.0000000000000000E+00,-1.0000000000000000E+00,
   0.0000000000000000E+00));
#39770=VECTOR('',#39760,1.0000000000000000E+00);
#39780=LINE('',#39750,#39770);
#39790=CARTESIAN_POINT('',(-1.7730000000000008E+01,
   -4.5778213045488059E-01,-6.7000000000000002E+00));
#39800=VERTEX_POINT('',#39790);
#39810=EDGE_CURVE('',#39800,#39720,#39780,.T.);
#39820=ORIENTED_EDGE('',*,*,#39810,.T.);
#39830=CARTESIAN_POINT('',(-1.7730000000000008E+01,
   -4.5778213045488059E-01,3.0170423393406152E+00));
#39840=DIRECTION('',(0.0000000000000000E+00,0.0000000000000000E+00,
   1.0000000000000000E+00));
#39850=VECTOR('',#39840,1.0000000000000000E+00);
#39860=LINE('',#39830,#39850);
#39870=CARTESIAN_POINT('',(-1.7730000000000004E+01,
   -4.5778213045488059E-01,-8.9999999999999289E+00));
#39880=VERTEX_POINT('',#39870);
#39890=EDGE_CURVE('',#39880,#39800,#39860,.T.);
#39900=ORIENTED_EDGE('',*,*,#39890,.T.);
#39910=CARTESIAN_POINT('',(-1.7730000000000004E+01,
   -5.7909557635968714E+00,-8.9999999999999289E+00));
#39920=DIRECTION('',(0.0000000000000000E+00,-1.0000000000000000E+00,
   0.0000000000000000E+00));
#39930=VECTOR('',#39920,1.0000000000000000E+00);
#39940=LINE('',#39910,#39930);
#39950=EDGE_CURVE('',#39880,#39640,#39940,.T.);
#39960=ORIENTED_EDGE('',*,*,#39950,.F.);
#39970=EDGE_LOOP('',(#39960,#39900,#39820,#39740,#39660));
#39980=FACE_OUTER_BOUND('',#39970,.T.);
#39990=ADVANCED_FACE('',(#39980),#39560,.T.);
#40000=COLOUR_RGB('',9.4901961088180542E-01,9.4901961088180542E-01,
   1.0000000000000000E+00);
#40010=FILL_AREA_STYLE_COLOUR('',#40000);
#40020=FILL_AREA_STYLE('',(#40010));
#40030=SURFACE_STYLE_FILL_AREA(#40020);
#40040=SURFACE_SIDE_STYLE('',(#40030));
#40050=SURFACE_STYLE_USAGE(.BOTH.,#40040);
#40060=PRESENTATION_STYLE_ASSIGNMENT((#40050));
#40070=CARTESIAN_POINT('',(-2.7890000000000029E+01,
   -9.5778213045488059E-01,-8.9999999999999893E+00));
#40080=DIRECTION('',(9.7014250014533265E-01,0.0000000000000000E+00,
   -2.4253562503633030E-01));
#40090=DIRECTION('',(-2.4253562503633030E-01,0.0000000000000000E+00,
   -9.7014250014533265E-01));
#40100=AXIS2_PLACEMENT_3D('',#40070,#40080,#40090);
#40110=PLANE('',#40100);
#40120=CARTESIAN_POINT('',(-2.4885739415164913E+01,
   -4.5778213045488059E-01,3.0170423393406152E+00));
#40130=DIRECTION('',(2.4253562503633030E-01,0.0000000000000000E+00,
   9.7014250014533265E-01));
#40140=VECTOR('',#40130,1.0000000000000000E+00);
#40150=LINE('',#40120,#40140);
#40160=CARTESIAN_POINT('',(-2.8190000000000030E+01,
   -4.5778213045488059E-01,-1.0200000000000003E+01));
#40170=VERTEX_POINT('',#40160);
#40180=CARTESIAN_POINT('',(-2.7890000000000022E+01,
   -4.5778213045488059E-01,-8.9999999999999645E+00));
#40190=VERTEX_POINT('',#40180);
#40200=EDGE_CURVE('',#40170,#40190,#40150,.T.);
#40210=ORIENTED_EDGE('',*,*,#40200,.T.);
#40220=CARTESIAN_POINT('',(-2.8190000000000026E+01,
   -5.7909557635968714E+00,-1.0199999999999999E+01));
#40230=DIRECTION('',(0.0000000000000000E+00,-1.0000000000000000E+00,
   0.0000000000000000E+00));
#40240=VECTOR('',#40230,1.0000000000000000E+00);
#40250=LINE('',#40220,#40240);
#40260=CARTESIAN_POINT('',(-2.8190000000000026E+01,
   -1.4577821304548770E+00,-1.0199999999999999E+01));
#40270=VERTEX_POINT('',#40260);
#40280=EDGE_CURVE('',#40170,#40270,#40250,.T.);
#40290=ORIENTED_EDGE('',*,*,#40280,.F.);
#40300=CARTESIAN_POINT('',(-2.4885739415164913E+01,
   -1.4577821304548770E+00,3.0170423393406152E+00));
#40310=DIRECTION('',(2.4253562503633030E-01,0.0000000000000000E+00,
   9.7014250014533265E-01));
#40320=VECTOR('',#40310,1.0000000000000000E+00);
#40330=LINE('',#40300,#40320);
#40340=CARTESIAN_POINT('',(-2.7890000000000015E+01,
   -1.4577821304548770E+00,-8.9999999999999325E+00));
#40350=VERTEX_POINT('',#40340);
#40360=EDGE_CURVE('',#40270,#40350,#40330,.T.);
#40370=ORIENTED_EDGE('',*,*,#40360,.F.);
#40380=CARTESIAN_POINT('',(-2.7890000000000015E+01,
   -5.7909557635968714E+00,-8.9999999999999325E+00));
#40390=DIRECTION('',(0.0000000000000000E+00,1.0000000000000000E+00,
   0.0000000000000000E+00));
#40400=VECTOR('',#40390,1.0000000000000000E+00);
#40410=LINE('',#40380,#40400);
#40420=EDGE_CURVE('',#40350,#40190,#40410,.T.);
#40430=ORIENTED_EDGE('',*,*,#40420,.F.);
#40440=EDGE_LOOP('',(#40430,#40370,#40290,#40210));
#40450=FACE_OUTER_BOUND('',#40440,.T.);
#40460=ADVANCED_FACE('',(#40450),#40110,.T.);
#40470=COLOUR_RGB('',9.4901961088180542E-01,9.4901961088180542E-01,
   1.0000000000000000E+00);
#40480=FILL_AREA_STYLE_COLOUR('',#40470);
#40490=FILL_AREA_STYLE('',(#40480));
#40500=SURFACE_STYLE_FILL_AREA(#40490);
#40510=SURFACE_SIDE_STYLE('',(#40500));
#40520=SURFACE_STYLE_USAGE(.BOTH.,#40510);
#40530=PRESENTATION_STYLE_ASSIGNMENT((#40520));
#40540=CARTESIAN_POINT('',(-5.4627433190000074E+00,
   -6.9577821304549028E+00,-3.1181299999999990E-01));
#40550=DIRECTION('',(0.0000000000000000E+00,-1.0000000000000000E+00,
   0.0000000000000000E+00));
#40560=DIRECTION('',(1.0000000000000000E+00,0.0000000000000000E+00,
   0.0000000000000000E+00));
#40570=AXIS2_PLACEMENT_3D('',#40540,#40550,#40560);
#40580=PLANE('',#40570);
#40590=CARTESIAN_POINT('',(-2.2300000000000204E+00,
   -6.9577821304549028E+00,5.2999999999999980E+00));
#40600=DIRECTION('',(-1.0000000000000000E+00,0.0000000000000000E+00,
   0.0000000000000000E+00));
#40610=VECTOR('',#40600,1.0000000000000000E+00);
#40620=LINE('',#40590,#40610);
#40630=EDGE_CURVE('',#7470,#36610,#40620,.T.);
#40640=ORIENTED_EDGE('',*,*,#40630,.T.);
#40650=ORIENTED_EDGE('',*,*,#7480,.T.);
#40660=ORIENTED_EDGE('',*,*,#2820,.F.);
#40670=ORIENTED_EDGE('',*,*,#8430,.T.);
#40680=ORIENTED_EDGE('',*,*,#10090,.F.);
#40690=ORIENTED_EDGE('',*,*,#25900,.F.);
#40700=ORIENTED_EDGE('',*,*,#4250,.F.);
#40710=ORIENTED_EDGE('',*,*,#26160,.T.);
#40720=CARTESIAN_POINT('',(1.2699999999999796E+00,
   -6.9577821304549028E+00,3.0170423393406152E+00));
#40730=DIRECTION('',(0.0000000000000000E+00,0.0000000000000000E+00,
   -1.0000000000000000E+00));
#40740=VECTOR('',#40730,1.0000000000000000E+00);
#40750=LINE('',#40720,#40740);
#40760=EDGE_CURVE('',#26150,#3590,#40750,.T.);
#40770=ORIENTED_EDGE('',*,*,#40760,.F.);
#40780=ORIENTED_EDGE('',*,*,#3620,.F.);
#40790=ORIENTED_EDGE('',*,*,#5280,.F.);
#40800=ORIENTED_EDGE('',*,*,#990,.T.);
#40810=ORIENTED_EDGE('',*,*,#2070,.T.);
#40820=ORIENTED_EDGE('',*,*,#4830,.T.);
#40830=ORIENTED_EDGE('',*,*,#6850,.F.);
#40840=ORIENTED_EDGE('',*,*,#6540,.T.);
#40850=ORIENTED_EDGE('',*,*,#5550,.T.);
#40860=ORIENTED_EDGE('',*,*,#6150,.T.);
#40870=ORIENTED_EDGE('',*,*,#7070,.T.);
#40880=ORIENTED_EDGE('',*,*,#1620,.F.);
#40890=CARTESIAN_POINT('',(1.2699999999999796E+00,
   -6.9577821304549028E+00,-6.2000000000000002E+00));
#40900=VERTEX_POINT('',#40890);
#40910=EDGE_CURVE('',#1530,#40900,#40750,.T.);
#40920=ORIENTED_EDGE('',*,*,#40910,.F.);
#40930=CARTESIAN_POINT('',(-2.2300000000000204E+00,
   -6.9577821304549028E+00,-6.2000000000000002E+00));
#40940=DIRECTION('',(1.0000000000000000E+00,0.0000000000000000E+00,
   0.0000000000000000E+00));
#40950=VECTOR('',#40940,1.0000000000000000E+00);
#40960=LINE('',#40930,#40950);
#40970=EDGE_CURVE('',#36690,#40900,#40960,.T.);
#40980=ORIENTED_EDGE('',*,*,#40970,.T.);
#40990=ORIENTED_EDGE('',*,*,#36700,.F.);
#41000=EDGE_LOOP('',(#40990,#40980,#40920,#40880,#40870,#40860,#40850,
   #40840,#40830,#40820,#40810,#40800,#40790,#40780,#40770,#40710,#40700
   ,#40690,#40680,#40670,#40660,#40650,#40640));
#41010=FACE_OUTER_BOUND('',#41000,.T.);
#41020=CARTESIAN_POINT('',(-2.2300000000000204E+00,
   -6.9577821304549028E+00,3.5010309552285577E+00));
#41030=DIRECTION('',(9.6592582628906831E-01,0.0000000000000000E+00,
   2.5881904510252068E-01));
#41040=VECTOR('',#41030,1.0000000000000000E+00);
#41050=LINE('',#41020,#41040);
#41060=CARTESIAN_POINT('',(-1.4179999999999927E+01,
   -6.9577821304549028E+00,2.9903810567666689E-01));
#41070=VERTEX_POINT('',#41060);
#41080=CARTESIAN_POINT('',(-1.3429999999999927E+01,
   -6.9577821304549028E+00,5.0000000000000844E-01));
#41090=VERTEX_POINT('',#41080);
#41100=EDGE_CURVE('',#41070,#41090,#41050,.T.);
#41110=ORIENTED_EDGE('',*,*,#41100,.F.);
#41120=CARTESIAN_POINT('',(-2.2300000000000204E+00,
   -6.9577821304549028E+00,-2.5010309552285399E+00));
#41130=DIRECTION('',(-9.6592582628906831E-01,0.0000000000000000E+00,
   2.5881904510252068E-01));
#41140=VECTOR('',#41130,1.0000000000000000E+00);
#41150=LINE('',#41120,#41140);
#41160=CARTESIAN_POINT('',(-1.4179999999999927E+01,
   -6.9577821304549028E+00,7.0096189432335088E-01));
#41170=VERTEX_POINT('',#41160);
#41180=EDGE_CURVE('',#41090,#41170,#41150,.T.);
#41190=ORIENTED_EDGE('',*,*,#41180,.F.);
#41200=CARTESIAN_POINT('',(-1.4179999999999927E+01,
   -6.9577821304549028E+00,3.0170423393406152E+00));
#41210=DIRECTION('',(0.0000000000000000E+00,0.0000000000000000E+00,
   -1.0000000000000000E+00));
#41220=VECTOR('',#41210,1.0000000000000000E+00);
#41230=LINE('',#41200,#41220);
#41240=EDGE_CURVE('',#41170,#41070,#41230,.T.);
#41250=ORIENTED_EDGE('',*,*,#41240,.F.);
#41260=EDGE_LOOP('',(#41250,#41190,#41110));
#41270=FACE_BOUND('',#41260,.T.);
#41280=ADVANCED_FACE('',(#41010,#41270),#40580,.T.);
#41290=COLOUR_RGB('',5.0196081399917603E-01,1.0000000000000000E+00,
   5.0196081399917603E-01);
#41300=FILL_AREA_STYLE_COLOUR('',#41290);
#41310=FILL_AREA_STYLE('',(#41300));
#41320=SURFACE_STYLE_FILL_AREA(#41310);
#41330=SURFACE_SIDE_STYLE('',(#41320));
#41340=SURFACE_STYLE_USAGE(.BOTH.,#41330);
#41350=PRESENTATION_STYLE_ASSIGNMENT((#41340));
#41360=CARTESIAN_POINT('',(-4.8080157115924234E+00,
   5.5054519674845750E+00,-6.7000000000000002E+00));
#41370=DIRECTION('',(0.0000000000000000E+00,0.0000000000000000E+00,
   -1.0000000000000000E+00));
#41380=DIRECTION('',(-1.0000000000000000E+00,0.0000000000000000E+00,
   0.0000000000000000E+00));
#41390=AXIS2_PLACEMENT_3D('',#41360,#41370,#41380);
#41400=PLANE('',#41390);
#41410=CARTESIAN_POINT('',(-2.2300000000000204E+00,
   -9.5778213045489125E-01,-6.7000000000000002E+00));
#41420=DIRECTION('',(1.0000000000000000E+00,-0.0000000000000000E+00,
   0.0000000000000000E+00));
#41430=VECTOR('',#41420,1.0000000000000000E+00);
#41440=LINE('',#41410,#41430);
#41450=CARTESIAN_POINT('',(-2.7890000000000015E+01,
   -9.5778213045489125E-01,-6.7000000000000002E+00));
#41460=VERTEX_POINT('',#41450);
#41470=CARTESIAN_POINT('',(-2.7640000000000018E+01,
   -9.5778213045487870E-01,-6.7000000000000002E+00));
#41480=VERTEX_POINT('',#41470);
#41490=EDGE_CURVE('',#41460,#41480,#41440,.T.);
#41500=ORIENTED_EDGE('',*,*,#41490,.T.);
#41510=CARTESIAN_POINT('',(-2.7890000000000015E+01,
   -5.7909557635968714E+00,-6.7000000000000002E+00));
#41520=DIRECTION('',(0.0000000000000000E+00,1.0000000000000000E+00,
   0.0000000000000000E+00));
#41530=VECTOR('',#41520,1.0000000000000000E+00);
#41540=LINE('',#41510,#41530);
#41550=CARTESIAN_POINT('',(-2.7890000000000015E+01,
   -1.4577821304548770E+00,-6.7000000000000002E+00));
#41560=VERTEX_POINT('',#41550);
#41570=EDGE_CURVE('',#41560,#41460,#41540,.T.);
#41580=ORIENTED_EDGE('',*,*,#41570,.T.);
#41590=CARTESIAN_POINT('',(-2.2300000000000204E+00,
   -1.4577821304548770E+00,-6.7000000000000002E+00));
#41600=DIRECTION('',(1.0000000000000000E+00,0.0000000000000000E+00,
   0.0000000000000000E+00));
#41610=VECTOR('',#41600,1.0000000000000000E+00);
#41620=LINE('',#41590,#41610);
#41630=CARTESIAN_POINT('',(-2.9089999999999996E+01,
   -1.4577821304548770E+00,-6.7000000000000002E+00));
#41640=VERTEX_POINT('',#41630);
#41650=EDGE_CURVE('',#41640,#41560,#41620,.T.);
#41660=ORIENTED_EDGE('',*,*,#41650,.T.);
#41670=CARTESIAN_POINT('',(-2.9089999999999996E+01,
   -5.7909557635968714E+00,-6.7000000000000002E+00));
#41680=DIRECTION('',(0.0000000000000000E+00,1.0000000000000000E+00,
   0.0000000000000000E+00));
#41690=VECTOR('',#41680,1.0000000000000000E+00);
#41700=LINE('',#41670,#41690);
#41710=CARTESIAN_POINT('',(-2.9089999999999996E+01,
   -9.5778213045489125E-01,-6.7000000000000002E+00));
#41720=VERTEX_POINT('',#41710);
#41730=EDGE_CURVE('',#41640,#41720,#41700,.T.);
#41740=ORIENTED_EDGE('',*,*,#41730,.F.);
#41750=CARTESIAN_POINT('',(-2.9340000000000021E+01,
   -9.5778213045487881E-01,-6.7000000000000002E+00));
#41760=VERTEX_POINT('',#41750);
#41770=EDGE_CURVE('',#41760,#41720,#41440,.T.);
#41780=ORIENTED_EDGE('',*,*,#41770,.T.);
#41790=CARTESIAN_POINT('',(-2.8490000000000020E+01,
   -9.5778213045487703E-01,-6.7000000000000002E+00));
#41800=DIRECTION('',(0.0000000000000000E+00,-6.1230317691118863E-17,
   -1.0000000000000000E+00));
#41810=DIRECTION('',(-1.0000000000000000E+00,0.0000000000000000E+00,
   0.0000000000000000E+00));
#41820=AXIS2_PLACEMENT_3D('',#41790,#41800,#41810);
#41830=CIRCLE('',#41820,8.4999999999999998E-01);
#41840=EDGE_CURVE('',#41480,#41760,#41830,.T.);
#41850=ORIENTED_EDGE('',*,*,#41840,.T.);
#41860=EDGE_LOOP('',(#41850,#41780,#41740,#41660,#41580,#41500));
#41870=FACE_OUTER_BOUND('',#41860,.T.);
#41880=ADVANCED_FACE('',(#41870),#41400,.T.);
#41890=COLOUR_RGB('',9.4901961088180542E-01,9.4901961088180542E-01,
   1.0000000000000000E+00);
#41900=FILL_AREA_STYLE_COLOUR('',#41890);
#41910=FILL_AREA_STYLE('',(#41900));
#41920=SURFACE_STYLE_FILL_AREA(#41910);
#41930=SURFACE_SIDE_STYLE('',(#41920));
#41940=SURFACE_STYLE_USAGE(.BOTH.,#41930);
#41950=PRESENTATION_STYLE_ASSIGNMENT((#41940));
#41960=CARTESIAN_POINT('',(-3.0730000000000018E+01,
   2.5362217869545134E+01,5.2999999999999980E+00));
#41970=DIRECTION('',(0.0000000000000000E+00,0.0000000000000000E+00,
   1.0000000000000000E+00));
#41980=DIRECTION('',(-1.0000000000000000E+00,0.0000000000000000E+00,
   0.0000000000000000E+00));
#41990=AXIS2_PLACEMENT_3D('',#41960,#41970,#41980);
#42000=PLANE('',#41990);
#42010=CARTESIAN_POINT('',(-2.2300000000000204E+00,
   9.2022178695451213E+00,5.2999999999999980E+00));
#42020=DIRECTION('',(-1.0000000000000000E+00,0.0000000000000000E+00,
   0.0000000000000000E+00));
#42030=VECTOR('',#42020,1.0000000000000000E+00);
#42040=LINE('',#42010,#42030);
#42050=CARTESIAN_POINT('',(-2.7640000000000025E+01,
   9.2022178695451213E+00,5.2999999999999980E+00));
#42060=VERTEX_POINT('',#42050);
#42070=CARTESIAN_POINT('',(-2.9340000000000028E+01,
   9.2022178695451213E+00,5.2999999999999980E+00));
#42080=VERTEX_POINT('',#42070);
#42090=EDGE_CURVE('',#42060,#42080,#42040,.T.);
#42100=ORIENTED_EDGE('',*,*,#42090,.F.);
#42110=CARTESIAN_POINT('',(-2.8490000000000027E+01,
   9.2022178695451231E+00,5.2999999999999980E+00));
#42120=DIRECTION('',(0.0000000000000000E+00,-6.1230317691118863E-17,
   -1.0000000000000000E+00));
#42130=DIRECTION('',(-1.0000000000000000E+00,0.0000000000000000E+00,
   0.0000000000000000E+00));
#42140=AXIS2_PLACEMENT_3D('',#42110,#42120,#42130);
#42150=CIRCLE('',#42140,8.4999999999999998E-01);
#42160=EDGE_CURVE('',#42080,#42060,#42150,.T.);
#42170=ORIENTED_EDGE('',*,*,#42160,.F.);
#42180=EDGE_LOOP('',(#42170,#42100));
#42190=FACE_OUTER_BOUND('',#42180,.T.);
#42200=ADVANCED_FACE('',(#42190),#42000,.T.);
#42210=COLOUR_RGB('',5.0196081399917603E-01,1.0000000000000000E+00,
   5.0196081399917603E-01);
#42220=FILL_AREA_STYLE_COLOUR('',#42210);
#42230=FILL_AREA_STYLE('',(#42220));
#42240=SURFACE_STYLE_FILL_AREA(#42230);
#42250=SURFACE_SIDE_STYLE('',(#42240));
#42260=SURFACE_STYLE_USAGE(.BOTH.,#42250);
#42270=PRESENTATION_STYLE_ASSIGNMENT((#42260));
#42280=ORIENTED_EDGE('',*,*,#41650,.F.);
#42290=CARTESIAN_POINT('',(-2.7890000000000015E+01,
   -1.4577821304548770E+00,3.0170423393406152E+00));
#42300=DIRECTION('',(0.0000000000000000E+00,0.0000000000000000E+00,
   -1.0000000000000000E+00));
#42310=VECTOR('',#42300,1.0000000000000000E+00);
#42320=LINE('',#42290,#42310);
#42330=EDGE_CURVE('',#41560,#40350,#42320,.T.);
#42340=ORIENTED_EDGE('',*,*,#42330,.F.);
#42350=ORIENTED_EDGE('',*,*,#40360,.T.);
#42360=CARTESIAN_POINT('',(-2.2300000000000204E+00,
   -1.4577821304548770E+00,-1.0200000000000308E+01));
#42370=DIRECTION('',(1.0000000000000000E+00,-0.0000000000000000E+00,
   -1.1842378929335256E-14));
#42380=VECTOR('',#42370,1.0000000000000000E+00);
#42390=LINE('',#42360,#42380);
#42400=CARTESIAN_POINT('',(-2.8790000000000017E+01,
   -1.4577821304548770E+00,-1.0199999999999996E+01));
#42410=VERTEX_POINT('',#42400);
#42420=EDGE_CURVE('',#42410,#40270,#42390,.T.);
#42430=ORIENTED_EDGE('',*,*,#42420,.T.);
#42440=CARTESIAN_POINT('',(-3.2094260584835105E+01,
   -1.4577821304548770E+00,3.0170423393406152E+00));
#42450=DIRECTION('',(2.4253562503632894E-01,-0.0000000000000000E+00,
   -9.7014250014533299E-01));
#42460=VECTOR('',#42450,1.0000000000000000E+00);
#42470=LINE('',#42440,#42460);
#42480=CARTESIAN_POINT('',(-2.9089999999999993E+01,
   -1.4577821304548770E+00,-9.0000000000000497E+00));
#42490=VERTEX_POINT('',#42480);
#42500=EDGE_CURVE('',#42490,#42410,#42470,.T.);
#42510=ORIENTED_EDGE('',*,*,#42500,.T.);
#42520=CARTESIAN_POINT('',(-2.9090000000000007E+01,
   -1.4577821304548770E+00,3.0170423393406152E+00));
#42530=DIRECTION('',(1.0658141036401495E-15,-0.0000000000000000E+00,
   -1.0000000000000000E+00));
#42540=VECTOR('',#42530,1.0000000000000000E+00);
#42550=LINE('',#42520,#42540);
#42560=EDGE_CURVE('',#41640,#42490,#42550,.T.);
#42570=ORIENTED_EDGE('',*,*,#42560,.T.);
#42580=EDGE_LOOP('',(#42570,#42510,#42430,#42350,#42340,#42280));
#42590=FACE_OUTER_BOUND('',#42580,.T.);
#42600=ADVANCED_FACE('',(#42590),#37860,.T.);
#42610=COLOUR_RGB('',9.4901961088180542E-01,9.4901961088180542E-01,
   1.0000000000000000E+00);
#42620=FILL_AREA_STYLE_COLOUR('',#42610);
#42630=FILL_AREA_STYLE('',(#42620));
#42640=SURFACE_STYLE_FILL_AREA(#42630);
#42650=SURFACE_SIDE_STYLE('',(#42640));
#42660=SURFACE_STYLE_USAGE(.BOTH.,#42650);
#42670=PRESENTATION_STYLE_ASSIGNMENT((#42660));
#42680=CARTESIAN_POINT('',(-4.8080157115924234E+00,
   5.5054519674845750E+00,-6.7000000000000002E+00));
#42690=DIRECTION('',(0.0000000000000000E+00,0.0000000000000000E+00,
   -1.0000000000000000E+00));
#42700=DIRECTION('',(-1.0000000000000000E+00,0.0000000000000000E+00,
   0.0000000000000000E+00));
#42710=AXIS2_PLACEMENT_3D('',#42680,#42690,#42700);
#42720=PLANE('',#42710);
#42730=CARTESIAN_POINT('',(-2.3410000000000014E+01,
   -9.5778213045487703E-01,-6.7000000000000002E+00));
#42740=DIRECTION('',(0.0000000000000000E+00,-6.1230317691118863E-17,
   -1.0000000000000000E+00));
#42750=DIRECTION('',(-1.0000000000000000E+00,0.0000000000000000E+00,
   0.0000000000000000E+00));
#42760=AXIS2_PLACEMENT_3D('',#42730,#42740,#42750);
#42770=CIRCLE('',#42760,8.4999999999999998E-01);
#42780=CARTESIAN_POINT('',(-2.4260000000000016E+01,
   -9.5778213045487881E-01,-6.7000000000000002E+00));
#42790=VERTEX_POINT('',#42780);
#42800=CARTESIAN_POINT('',(-2.2560000000000013E+01,
   -9.5778213045487870E-01,-6.7000000000000002E+00));
#42810=VERTEX_POINT('',#42800);
#42820=EDGE_CURVE('',#42790,#42810,#42770,.T.);
#42830=ORIENTED_EDGE('',*,*,#42820,.T.);
#42840=CARTESIAN_POINT('',(-2.2300000000000204E+00,
   -9.5778213045489125E-01,-6.7000000000000002E+00));
#42850=DIRECTION('',(1.0000000000000000E+00,-0.0000000000000000E+00,
   0.0000000000000000E+00));
#42860=VECTOR('',#42850,1.0000000000000000E+00);
#42870=LINE('',#42840,#42860);
#42880=CARTESIAN_POINT('',(-2.4009999999999987E+01,
   -9.5778213045489125E-01,-6.7000000000000002E+00));
#42890=VERTEX_POINT('',#42880);
#42900=EDGE_CURVE('',#42790,#42890,#42870,.T.);
#42910=ORIENTED_EDGE('',*,*,#42900,.F.);
#42920=CARTESIAN_POINT('',(-2.4009999999999987E+01,
   -5.7909557635968714E+00,-6.7000000000000002E+00));
#42930=DIRECTION('',(0.0000000000000000E+00,1.0000000000000000E+00,
   0.0000000000000000E+00));
#42940=VECTOR('',#42930,1.0000000000000000E+00);
#42950=LINE('',#42920,#42940);
#42960=CARTESIAN_POINT('',(-2.4009999999999987E+01,
   -4.5778213045488059E-01,-6.7000000000000002E+00));
#42970=VERTEX_POINT('',#42960);
#42980=EDGE_CURVE('',#42890,#42970,#42950,.T.);
#42990=ORIENTED_EDGE('',*,*,#42980,.F.);
#43000=CARTESIAN_POINT('',(-2.2300000000000204E+00,
   -4.5778213045488059E-01,-6.7000000000000002E+00));
#43010=DIRECTION('',(-1.0000000000000000E+00,0.0000000000000000E+00,
   0.0000000000000000E+00));
#43020=VECTOR('',#43010,1.0000000000000000E+00);
#43030=LINE('',#43000,#43020);
#43040=CARTESIAN_POINT('',(-2.2810000000000009E+01,
   -4.5778213045488059E-01,-6.7000000000000002E+00));
#43050=VERTEX_POINT('',#43040);
#43060=EDGE_CURVE('',#43050,#42970,#43030,.T.);
#43070=ORIENTED_EDGE('',*,*,#43060,.T.);
#43080=CARTESIAN_POINT('',(-2.2810000000000009E+01,
   -5.7909557635968714E+00,-6.7000000000000002E+00));
#43090=DIRECTION('',(0.0000000000000000E+00,-1.0000000000000000E+00,
   0.0000000000000000E+00));
#43100=VECTOR('',#43090,1.0000000000000000E+00);
#43110=LINE('',#43080,#43100);
#43120=CARTESIAN_POINT('',(-2.2810000000000009E+01,
   -9.5778213045489125E-01,-6.7000000000000002E+00));
#43130=VERTEX_POINT('',#43120);
#43140=EDGE_CURVE('',#43050,#43130,#43110,.T.);
#43150=ORIENTED_EDGE('',*,*,#43140,.F.);
#43160=EDGE_CURVE('',#43130,#42810,#42870,.T.);
#43170=ORIENTED_EDGE('',*,*,#43160,.F.);
#43180=EDGE_LOOP('',(#43170,#43150,#43070,#42990,#42910,#42830));
#43190=FACE_OUTER_BOUND('',#43180,.T.);
#43200=ADVANCED_FACE('',(#43190),#42720,.T.);
#43210=COLOUR_RGB('',9.4901961088180542E-01,9.4901961088180542E-01,
   1.0000000000000000E+00);
#43220=FILL_AREA_STYLE_COLOUR('',#43210);
#43230=FILL_AREA_STYLE('',(#43220));
#43240=SURFACE_STYLE_FILL_AREA(#43230);
#43250=SURFACE_SIDE_STYLE('',(#43240));
#43260=SURFACE_STYLE_USAGE(.BOTH.,#43250);
#43270=PRESENTATION_STYLE_ASSIGNMENT((#43260));
#43280=CARTESIAN_POINT('',(-2.2300000000000204E+00,
   -9.5778213045489125E-01,5.2999999999999980E+00));
#43290=DIRECTION('',(-1.0000000000000000E+00,0.0000000000000000E+00,
   0.0000000000000000E+00));
#43300=VECTOR('',#43290,1.0000000000000000E+00);
#43310=LINE('',#43280,#43300);
#43320=CARTESIAN_POINT('',(-2.7640000000000018E+01,
   -9.5778213045489125E-01,5.2999999999999980E+00));
#43330=VERTEX_POINT('',#43320);
#43340=CARTESIAN_POINT('',(-2.9340000000000021E+01,
   -9.5778213045489125E-01,5.2999999999999980E+00));
#43350=VERTEX_POINT('',#43340);
#43360=EDGE_CURVE('',#43330,#43350,#43310,.T.);
#43370=ORIENTED_EDGE('',*,*,#43360,.F.);
#43380=CARTESIAN_POINT('',(-2.8490000000000020E+01,
   -9.5778213045487615E-01,5.2999999999999980E+00));
#43390=DIRECTION('',(0.0000000000000000E+00,-6.1230317691118863E-17,
   -1.0000000000000000E+00));
#43400=DIRECTION('',(-1.0000000000000000E+00,0.0000000000000000E+00,
   0.0000000000000000E+00));
#43410=AXIS2_PLACEMENT_3D('',#43380,#43390,#43400);
#43420=CIRCLE('',#43410,8.4999999999999998E-01);
#43430=EDGE_CURVE('',#43350,#43330,#43420,.T.);
#43440=ORIENTED_EDGE('',*,*,#43430,.F.);
#43450=EDGE_LOOP('',(#43440,#43370));
#43460=FACE_OUTER_BOUND('',#43450,.T.);
#43470=ADVANCED_FACE('',(#43460),#38400,.T.);
#43480=COLOUR_RGB('',5.0196081399917603E-01,1.0000000000000000E+00,
   5.0196081399917603E-01);
#43490=FILL_AREA_STYLE_COLOUR('',#43480);
#43500=FILL_AREA_STYLE('',(#43490));
#43510=SURFACE_STYLE_FILL_AREA(#43500);
#43520=SURFACE_SIDE_STYLE('',(#43510));
#43530=SURFACE_STYLE_USAGE(.BOTH.,#43520);
#43540=PRESENTATION_STYLE_ASSIGNMENT((#43530));
#43550=CARTESIAN_POINT('',(-1.8330000000000023E+01,
   -9.5778213045487881E-01,-6.2000000000000002E+00));
#43560=DIRECTION('',(0.0000000000000000E+00,0.0000000000000000E+00,
   -1.0000000000000000E+00));
#43570=DIRECTION('',(-1.0000000000000000E+00,0.0000000000000000E+00,
   0.0000000000000000E+00));
#43580=AXIS2_PLACEMENT_3D('',#43550,#43560,#43570);
#43590=CYLINDRICAL_SURFACE('',#43580,8.4999999999999998E-01);
#43600=CARTESIAN_POINT('',(-1.7480000000000022E+01,
   -9.5778213045487870E-01,-6.2000000000000002E+00));
#43610=DIRECTION('',(0.0000000000000000E+00,0.0000000000000000E+00,
   -1.0000000000000000E+00));
#43620=VECTOR('',#43610,1.0000000000000000E+00);
#43630=LINE('',#43600,#43620);
#43640=CARTESIAN_POINT('',(-1.7480000000000022E+01,
   -9.5778213045487870E-01,-6.2000000000000002E+00));
#43650=VERTEX_POINT('',#43640);
#43660=CARTESIAN_POINT('',(-1.7480000000000022E+01,
   -9.5778213045487870E-01,-6.7000000000000002E+00));
#43670=VERTEX_POINT('',#43660);
#43680=EDGE_CURVE('',#43650,#43670,#43630,.T.);
#43690=ORIENTED_EDGE('',*,*,#43680,.T.);
#43700=CARTESIAN_POINT('',(-1.8330000000000023E+01,
   -9.5778213045487703E-01,-6.2000000000000002E+00));
#43710=DIRECTION('',(0.0000000000000000E+00,-6.1230317691118863E-17,
   -1.0000000000000000E+00));
#43720=DIRECTION('',(-1.0000000000000000E+00,0.0000000000000000E+00,
   0.0000000000000000E+00));
#43730=AXIS2_PLACEMENT_3D('',#43700,#43710,#43720);
#43740=CIRCLE('',#43730,8.4999999999999998E-01);
#43750=CARTESIAN_POINT('',(-1.9180000000000025E+01,
   -9.5778213045487881E-01,-6.2000000000000002E+00));
#43760=VERTEX_POINT('',#43750);
#43770=EDGE_CURVE('',#43760,#43650,#43740,.T.);
#43780=ORIENTED_EDGE('',*,*,#43770,.T.);
#43790=CARTESIAN_POINT('',(-1.9180000000000025E+01,
   -9.5778213045487881E-01,-6.2000000000000002E+00));
#43800=DIRECTION('',(0.0000000000000000E+00,0.0000000000000000E+00,
   -1.0000000000000000E+00));
#43810=VECTOR('',#43800,1.0000000000000000E+00);
#43820=LINE('',#43790,#43810);
#43830=CARTESIAN_POINT('',(-1.9180000000000025E+01,
   -9.5778213045487881E-01,-6.7000000000000002E+00));
#43840=VERTEX_POINT('',#43830);
#43850=EDGE_CURVE('',#43760,#43840,#43820,.T.);
#43860=ORIENTED_EDGE('',*,*,#43850,.F.);
#43870=CARTESIAN_POINT('',(-1.8330000000000023E+01,
   -9.5778213045487703E-01,-6.7000000000000002E+00));
#43880=DIRECTION('',(0.0000000000000000E+00,-6.1230317691118863E-17,
   -1.0000000000000000E+00));
#43890=DIRECTION('',(-1.0000000000000000E+00,0.0000000000000000E+00,
   0.0000000000000000E+00));
#43900=AXIS2_PLACEMENT_3D('',#43870,#43880,#43890);
#43910=CIRCLE('',#43900,8.4999999999999998E-01);
#43920=EDGE_CURVE('',#43840,#43670,#43910,.T.);
#43930=ORIENTED_EDGE('',*,*,#43920,.F.);
#43940=EDGE_LOOP('',(#43930,#43860,#43780,#43690));
#43950=FACE_OUTER_BOUND('',#43940,.T.);
#43960=ADVANCED_FACE('',(#43950),#43590,.T.);
#43970=COLOUR_RGB('',9.4901961088180542E-01,9.4901961088180542E-01,
   1.0000000000000000E+00);
#43980=FILL_AREA_STYLE_COLOUR('',#43970);
#43990=FILL_AREA_STYLE('',(#43980));
#44000=SURFACE_STYLE_FILL_AREA(#43990);
#44010=SURFACE_SIDE_STYLE('',(#44000));
#44020=SURFACE_STYLE_USAGE(.BOTH.,#44010);
#44030=PRESENTATION_STYLE_ASSIGNMENT((#44020));
#44040=CARTESIAN_POINT('',(-4.8080157115924234E+00,
   5.5054519674845750E+00,-6.7000000000000002E+00));
#44050=DIRECTION('',(0.0000000000000000E+00,0.0000000000000000E+00,
   -1.0000000000000000E+00));
#44060=DIRECTION('',(-1.0000000000000000E+00,0.0000000000000000E+00,
   0.0000000000000000E+00));
#44070=AXIS2_PLACEMENT_3D('',#44040,#44050,#44060);
#44080=PLANE('',#44070);
#44090=CARTESIAN_POINT('',(-2.2300000000000204E+00,
   -9.5778213045489125E-01,-6.7000000000000002E+00));
#44100=DIRECTION('',(1.0000000000000000E+00,-0.0000000000000000E+00,
   0.0000000000000000E+00));
#44110=VECTOR('',#44100,1.0000000000000000E+00);
#44120=LINE('',#44090,#44110);
#44130=EDGE_CURVE('',#39720,#43670,#44120,.T.);
#44140=ORIENTED_EDGE('',*,*,#44130,.T.);
#44150=ORIENTED_EDGE('',*,*,#39730,.T.);
#44160=CARTESIAN_POINT('',(-2.2300000000000204E+00,
   -1.4577821304548770E+00,-6.7000000000000002E+00));
#44170=DIRECTION('',(1.0000000000000000E+00,0.0000000000000000E+00,
   0.0000000000000000E+00));
#44180=VECTOR('',#44170,1.0000000000000000E+00);
#44190=LINE('',#44160,#44180);
#44200=CARTESIAN_POINT('',(-1.8929999999999996E+01,
   -1.4577821304548770E+00,-6.7000000000000002E+00));
#44210=VERTEX_POINT('',#44200);
#44220=EDGE_CURVE('',#44210,#39620,#44190,.T.);
#44230=ORIENTED_EDGE('',*,*,#44220,.T.);
#44240=CARTESIAN_POINT('',(-1.8929999999999996E+01,
   -5.7909557635968714E+00,-6.7000000000000002E+00));
#44250=DIRECTION('',(0.0000000000000000E+00,-1.0000000000000000E+00,
   0.0000000000000000E+00));
#44260=VECTOR('',#44250,1.0000000000000000E+00);
#44270=LINE('',#44240,#44260);
#44280=CARTESIAN_POINT('',(-1.8929999999999996E+01,
   -9.5778213045489125E-01,-6.7000000000000002E+00));
#44290=VERTEX_POINT('',#44280);
#44300=EDGE_CURVE('',#44290,#44210,#44270,.T.);
#44310=ORIENTED_EDGE('',*,*,#44300,.T.);
#44320=EDGE_CURVE('',#43840,#44290,#44120,.T.);
#44330=ORIENTED_EDGE('',*,*,#44320,.T.);
#44340=CARTESIAN_POINT('',(-1.8330000000000023E+01,
   -9.5778213045487703E-01,-6.7000000000000002E+00));
#44350=DIRECTION('',(0.0000000000000000E+00,-6.1230317691118863E-17,
   -1.0000000000000000E+00));
#44360=DIRECTION('',(-1.0000000000000000E+00,0.0000000000000000E+00,
   0.0000000000000000E+00));
#44370=AXIS2_PLACEMENT_3D('',#44340,#44350,#44360);
#44380=CIRCLE('',#44370,8.4999999999999998E-01);
#44390=EDGE_CURVE('',#43670,#43840,#44380,.T.);
#44400=ORIENTED_EDGE('',*,*,#44390,.T.);
#44410=EDGE_LOOP('',(#44400,#44330,#44310,#44230,#44150,#44140));
#44420=FACE_OUTER_BOUND('',#44410,.T.);
#44430=ADVANCED_FACE('',(#44420),#44080,.T.);
#44440=COLOUR_RGB('',9.4901961088180542E-01,9.4901961088180542E-01,
   1.0000000000000000E+00);
#44450=FILL_AREA_STYLE_COLOUR('',#44440);
#44460=FILL_AREA_STYLE('',(#44450));
#44470=SURFACE_STYLE_FILL_AREA(#44460);
#44480=SURFACE_SIDE_STYLE('',(#44470));
#44490=SURFACE_STYLE_USAGE(.BOTH.,#44480);
#44500=PRESENTATION_STYLE_ASSIGNMENT((#44490));
#44510=CARTESIAN_POINT('',(-2.3690000000000023E+01,
   -9.5778213045488059E-01,-1.0199999999999999E+01));
#44520=DIRECTION('',(0.0000000000000000E+00,0.0000000000000000E+00,
   -1.0000000000000000E+00));
#44530=DIRECTION('',(-1.0000000000000000E+00,0.0000000000000000E+00,
   0.0000000000000000E+00));
#44540=AXIS2_PLACEMENT_3D('',#44510,#44520,#44530);
#44550=PLANE('',#44540);
#44560=ORIENTED_EDGE('',*,*,#38020,.F.);
#44570=ORIENTED_EDGE('',*,*,#37700,.T.);
#44580=CARTESIAN_POINT('',(-2.2300000000000204E+00,
   -4.5778213045488059E-01,-1.0199999999999999E+01));
#44590=DIRECTION('',(-1.0000000000000000E+00,0.0000000000000000E+00,
   0.0000000000000000E+00));
#44600=VECTOR('',#44590,1.0000000000000000E+00);
#44610=LINE('',#44580,#44600);
#44620=CARTESIAN_POINT('',(-2.3710000000000022E+01,
   -4.5778213045488059E-01,-1.0200000000000003E+01));
#44630=VERTEX_POINT('',#44620);
#44640=EDGE_CURVE('',#37630,#44630,#44610,.T.);
#44650=ORIENTED_EDGE('',*,*,#44640,.F.);
#44660=CARTESIAN_POINT('',(-2.3710000000000022E+01,
   -5.7909557635968714E+00,-1.0200000000000003E+01));
#44670=DIRECTION('',(0.0000000000000000E+00,1.0000000000000000E+00,
   0.0000000000000000E+00));
#44680=VECTOR('',#44670,1.0000000000000000E+00);
#44690=LINE('',#44660,#44680);
#44700=EDGE_CURVE('',#38010,#44630,#44690,.T.);
#44710=ORIENTED_EDGE('',*,*,#44700,.T.);
#44720=EDGE_LOOP('',(#44710,#44650,#44570,#44560));
#44730=FACE_OUTER_BOUND('',#44720,.T.);
#44740=ADVANCED_FACE('',(#44730),#44550,.T.);
#44750=COLOUR_RGB('',9.4901961088180542E-01,9.4901961088180542E-01,
   1.0000000000000000E+00);
#44760=FILL_AREA_STYLE_COLOUR('',#44750);
#44770=FILL_AREA_STYLE('',(#44760));
#44780=SURFACE_STYLE_FILL_AREA(#44770);
#44790=SURFACE_SIDE_STYLE('',(#44780));
#44800=SURFACE_STYLE_USAGE(.BOTH.,#44790);
#44810=PRESENTATION_STYLE_ASSIGNMENT((#44800));
#44820=CARTESIAN_POINT('',(-2.4009999999999987E+01,
   -9.5778213045488059E-01,-4.5999999999999988E+00));
#44830=DIRECTION('',(-1.0000000000000000E+00,0.0000000000000000E+00,
   0.0000000000000000E+00));
#44840=DIRECTION('',(0.0000000000000000E+00,0.0000000000000000E+00,
   1.0000000000000000E+00));
#44850=AXIS2_PLACEMENT_3D('',#44820,#44830,#44840);
#44860=PLANE('',#44850);
#44870=CARTESIAN_POINT('',(-2.4009999999999987E+01,
   -5.7909557635968714E+00,-6.7000000000000002E+00));
#44880=DIRECTION('',(0.0000000000000000E+00,1.0000000000000000E+00,
   0.0000000000000000E+00));
#44890=VECTOR('',#44880,1.0000000000000000E+00);
#44900=LINE('',#44870,#44890);
#44910=EDGE_CURVE('',#38170,#42890,#44900,.T.);
#44920=ORIENTED_EDGE('',*,*,#44910,.T.);
#44930=ORIENTED_EDGE('',*,*,#38180,.F.);
#44940=CARTESIAN_POINT('',(-2.4009999999999987E+01,
   -5.7909557635968714E+00,-9.0000000000000426E+00));
#44950=DIRECTION('',(0.0000000000000000E+00,1.0000000000000000E+00,
   0.0000000000000000E+00));
#44960=VECTOR('',#44950,1.0000000000000000E+00);
#44970=LINE('',#44940,#44960);
#44980=CARTESIAN_POINT('',(-2.4009999999999987E+01,
   -4.5778213045488059E-01,-9.0000000000000426E+00));
#44990=VERTEX_POINT('',#44980);
#45000=EDGE_CURVE('',#38090,#44990,#44970,.T.);
#45010=ORIENTED_EDGE('',*,*,#45000,.F.);
#45020=CARTESIAN_POINT('',(-2.4009999999999987E+01,
   -4.5778213045488059E-01,3.0170423393406152E+00));
#45030=DIRECTION('',(0.0000000000000000E+00,0.0000000000000000E+00,
   -1.0000000000000000E+00));
#45040=VECTOR('',#45030,1.0000000000000000E+00);
#45050=LINE('',#45020,#45040);
#45060=EDGE_CURVE('',#42970,#44990,#45050,.T.);
#45070=ORIENTED_EDGE('',*,*,#45060,.T.);
#45080=ORIENTED_EDGE('',*,*,#42980,.T.);
#45090=EDGE_LOOP('',(#45080,#45070,#45010,#44930,#44920));
#45100=FACE_OUTER_BOUND('',#45090,.T.);
#45110=ADVANCED_FACE('',(#45100),#44860,.T.);
#45120=COLOUR_RGB('',9.4901961088180542E-01,9.4901961088180542E-01,
   1.0000000000000000E+00);
#45130=FILL_AREA_STYLE_COLOUR('',#45120);
#45140=FILL_AREA_STYLE('',(#45130));
#45150=SURFACE_STYLE_FILL_AREA(#45140);
#45160=SURFACE_SIDE_STYLE('',(#45150));
#45170=SURFACE_STYLE_USAGE(.BOTH.,#45160);
#45180=PRESENTATION_STYLE_ASSIGNMENT((#45170));
#45190=CARTESIAN_POINT('',(-2.3710000000000026E+01,
   9.2022178695451196E+00,-1.0199999999999999E+01));
#45200=DIRECTION('',(-9.7014250014533632E-01,0.0000000000000000E+00,
   -2.4253562503631540E-01));
#45210=DIRECTION('',(-2.4253562503631540E-01,0.0000000000000000E+00,
   9.7014250014533632E-01));
#45220=AXIS2_PLACEMENT_3D('',#45190,#45200,#45210);
#45230=PLANE('',#45220);
#45240=CARTESIAN_POINT('',(-2.7014260584834926E+01,
   9.7022178695451196E+00,3.0170423393406152E+00));
#45250=DIRECTION('',(2.4253562503631540E-01,-0.0000000000000000E+00,
   -9.7014250014533632E-01));
#45260=VECTOR('',#45250,1.0000000000000000E+00);
#45270=LINE('',#45240,#45260);
#45280=CARTESIAN_POINT('',(-2.4009999999999991E+01,
   9.7022178695451196E+00,-9.0000000000000497E+00));
#45290=VERTEX_POINT('',#45280);
#45300=CARTESIAN_POINT('',(-2.3710000000000026E+01,
   9.7022178695451196E+00,-1.0200000000000003E+01));
#45310=VERTEX_POINT('',#45300);
#45320=EDGE_CURVE('',#45290,#45310,#45270,.T.);
#45330=ORIENTED_EDGE('',*,*,#45320,.T.);
#45340=CARTESIAN_POINT('',(-2.4009999999999991E+01,
   -5.7909557635968714E+00,-9.0000000000000426E+00));
#45350=DIRECTION('',(0.0000000000000000E+00,-1.0000000000000000E+00,
   0.0000000000000000E+00));
#45360=VECTOR('',#45350,1.0000000000000000E+00);
#45370=LINE('',#45340,#45360);
#45380=EDGE_CURVE('',#45290,#36230,#45370,.T.);
#45390=ORIENTED_EDGE('',*,*,#45380,.F.);
#45400=ORIENTED_EDGE('',*,*,#36240,.T.);
#45410=CARTESIAN_POINT('',(-2.3710000000000026E+01,
   -5.7909557635968714E+00,-1.0200000000000003E+01));
#45420=DIRECTION('',(0.0000000000000000E+00,-1.0000000000000000E+00,
   0.0000000000000000E+00));
#45430=VECTOR('',#45420,1.0000000000000000E+00);
#45440=LINE('',#45410,#45430);
#45450=EDGE_CURVE('',#45310,#36150,#45440,.T.);
#45460=ORIENTED_EDGE('',*,*,#45450,.T.);
#45470=EDGE_LOOP('',(#45460,#45400,#45390,#45330));
#45480=FACE_OUTER_BOUND('',#45470,.T.);
#45490=ADVANCED_FACE('',(#45480),#45230,.T.);
#45500=COLOUR_RGB('',9.4901961088180542E-01,9.4901961088180542E-01,
   1.0000000000000000E+00);
#45510=FILL_AREA_STYLE_COLOUR('',#45500);
#45520=FILL_AREA_STYLE('',(#45510));
#45530=SURFACE_STYLE_FILL_AREA(#45520);
#45540=SURFACE_SIDE_STYLE('',(#45530));
#45550=SURFACE_STYLE_USAGE(.BOTH.,#45540);
#45560=PRESENTATION_STYLE_ASSIGNMENT((#45550));
#45570=ORIENTED_EDGE('',*,*,#39650,.F.);
#45580=CARTESIAN_POINT('',(-1.4725739415164977E+01,
   -1.4577821304548770E+00,3.0170423393406152E+00));
#45590=DIRECTION('',(-2.4253562503632486E-01,0.0000000000000000E+00,
   -9.7014250014533399E-01));
#45600=VECTOR('',#45590,1.0000000000000000E+00);
#45610=LINE('',#45580,#45600);
#45620=CARTESIAN_POINT('',(-1.8030000000000015E+01,
   -1.4577821304548770E+00,-1.0199999999999999E+01));
#45630=VERTEX_POINT('',#45620);
#45640=EDGE_CURVE('',#39640,#45630,#45610,.T.);
#45650=ORIENTED_EDGE('',*,*,#45640,.F.);
#45660=CARTESIAN_POINT('',(-2.2300000000000204E+00,
   -1.4577821304548770E+00,-1.0199999999999992E+01));
#45670=DIRECTION('',(-1.0000000000000000E+00,0.0000000000000000E+00,
   0.0000000000000000E+00));
#45680=VECTOR('',#45670,1.0000000000000000E+00);
#45690=LINE('',#45660,#45680);
#45700=EDGE_CURVE('',#45630,#36980,#45690,.T.);
#45710=ORIENTED_EDGE('',*,*,#45700,.F.);
#45720=ORIENTED_EDGE('',*,*,#37010,.F.);
#45730=CARTESIAN_POINT('',(-1.8929999999999996E+01,
   -1.4577821304548770E+00,3.0170423393406152E+00));
#45740=DIRECTION('',(0.0000000000000000E+00,0.0000000000000000E+00,
   1.0000000000000000E+00));
#45750=VECTOR('',#45740,1.0000000000000000E+00);
#45760=LINE('',#45730,#45750);
#45770=EDGE_CURVE('',#37000,#44210,#45760,.T.);
#45780=ORIENTED_EDGE('',*,*,#45770,.F.);
#45790=ORIENTED_EDGE('',*,*,#44220,.F.);
#45800=EDGE_LOOP('',(#45790,#45780,#45720,#45710,#45650,#45570));
#45810=FACE_OUTER_BOUND('',#45800,.T.);
#45820=ADVANCED_FACE('',(#45810),#37860,.T.);
#45830=COLOUR_RGB('',9.4901961088180542E-01,9.4901961088180542E-01,
   1.0000000000000000E+00);
#45840=FILL_AREA_STYLE_COLOUR('',#45830);
#45850=FILL_AREA_STYLE('',(#45840));
#45860=SURFACE_STYLE_FILL_AREA(#45850);
#45870=SURFACE_SIDE_STYLE('',(#45860));
#45880=SURFACE_STYLE_USAGE(.BOTH.,#45870);
#45890=PRESENTATION_STYLE_ASSIGNMENT((#45880));
#45900=CARTESIAN_POINT('',(-2.3690000000000026E+01,
   9.2022178695451196E+00,-1.0199999999999999E+01));
#45910=DIRECTION('',(0.0000000000000000E+00,0.0000000000000000E+00,
   -1.0000000000000000E+00));
#45920=DIRECTION('',(-1.0000000000000000E+00,0.0000000000000000E+00,
   0.0000000000000000E+00));
#45930=AXIS2_PLACEMENT_3D('',#45900,#45910,#45920);
#45940=PLANE('',#45930);
#45950=ORIENTED_EDGE('',*,*,#36160,.T.);
#45960=CARTESIAN_POINT('',(-2.3110000000000014E+01,
   -5.7909557635968714E+00,-1.0199999999999999E+01));
#45970=DIRECTION('',(0.0000000000000000E+00,-1.0000000000000000E+00,
   0.0000000000000000E+00));
#45980=VECTOR('',#45970,1.0000000000000000E+00);
#45990=LINE('',#45960,#45980);
#46000=CARTESIAN_POINT('',(-2.3110000000000014E+01,
   9.7022178695451196E+00,-1.0199999999999999E+01));
#46010=VERTEX_POINT('',#46000);
#46020=EDGE_CURVE('',#46010,#36070,#45990,.T.);
#46030=ORIENTED_EDGE('',*,*,#46020,.T.);
#46040=CARTESIAN_POINT('',(-2.2300000000000204E+00,
   9.7022178695451196E+00,-1.0199999999999999E+01));
#46050=DIRECTION('',(1.0000000000000000E+00,0.0000000000000000E+00,
   0.0000000000000000E+00));
#46060=VECTOR('',#46050,1.0000000000000000E+00);
#46070=LINE('',#46040,#46060);
#46080=EDGE_CURVE('',#45310,#46010,#46070,.T.);
#46090=ORIENTED_EDGE('',*,*,#46080,.T.);
#46100=ORIENTED_EDGE('',*,*,#45450,.F.);
#46110=EDGE_LOOP('',(#46100,#46090,#46030,#45950));
#46120=FACE_OUTER_BOUND('',#46110,.T.);
#46130=ADVANCED_FACE('',(#46120),#45940,.T.);
#46140=COLOUR_RGB('',9.4901961088180542E-01,9.4901961088180542E-01,
   1.0000000000000000E+00);
#46150=FILL_AREA_STYLE_COLOUR('',#46140);
#46160=FILL_AREA_STYLE('',(#46150));
#46170=SURFACE_STYLE_FILL_AREA(#46160);
#46180=SURFACE_SIDE_STYLE('',(#46170));
#46190=SURFACE_STYLE_USAGE(.BOTH.,#46180);
#46200=PRESENTATION_STYLE_ASSIGNMENT((#46190));
#46210=CARTESIAN_POINT('',(-1.7730000000000025E+01,
   9.2022178695451196E+00,-8.9999999999999893E+00));
#46220=DIRECTION('',(9.7014250014533399E-01,0.0000000000000000E+00,
   -2.4253562503632486E-01));
#46230=DIRECTION('',(-2.4253562503632486E-01,0.0000000000000000E+00,
   -9.7014250014533399E-01));
#46240=AXIS2_PLACEMENT_3D('',#46210,#46220,#46230);
#46250=PLANE('',#46240);
#46260=CARTESIAN_POINT('',(-1.4725739415164979E+01,
   9.7022178695451196E+00,3.0170423393406152E+00));
#46270=DIRECTION('',(2.4253562503632486E-01,0.0000000000000000E+00,
   9.7014250014533399E-01));
#46280=VECTOR('',#46270,1.0000000000000000E+00);
#46290=LINE('',#46260,#46280);
#46300=CARTESIAN_POINT('',(-1.8030000000000015E+01,
   9.7022178695451196E+00,-1.0199999999999999E+01));
#46310=VERTEX_POINT('',#46300);
#46320=CARTESIAN_POINT('',(-1.7730000000000015E+01,
   9.7022178695451196E+00,-8.9999999999999574E+00));
#46330=VERTEX_POINT('',#46320);
#46340=EDGE_CURVE('',#46310,#46330,#46290,.T.);
#46350=ORIENTED_EDGE('',*,*,#46340,.T.);
#46360=CARTESIAN_POINT('',(-1.8030000000000015E+01,
   -5.7909557635968714E+00,-1.0199999999999992E+01));
#46370=DIRECTION('',(0.0000000000000000E+00,-1.0000000000000000E+00,
   0.0000000000000000E+00));
#46380=VECTOR('',#46370,1.0000000000000000E+00);
#46390=LINE('',#46360,#46380);
#46400=CARTESIAN_POINT('',(-1.8030000000000033E+01,
   8.7022178695451231E+00,-1.0199999999999992E+01));
#46410=VERTEX_POINT('',#46400);
#46420=EDGE_CURVE('',#46310,#46410,#46390,.T.);
#46430=ORIENTED_EDGE('',*,*,#46420,.F.);
#46440=CARTESIAN_POINT('',(-1.4725739415164979E+01,
   8.7022178695451231E+00,3.0170423393406152E+00));
#46450=DIRECTION('',(-2.4253562503632486E-01,0.0000000000000000E+00,
   -9.7014250014533399E-01));
#46460=VECTOR('',#46450,1.0000000000000000E+00);
#46470=LINE('',#46440,#46460);
#46480=CARTESIAN_POINT('',(-1.7730000000000008E+01,
   8.7022178695451231E+00,-8.9999999999999361E+00));
#46490=VERTEX_POINT('',#46480);
#46500=EDGE_CURVE('',#46490,#46410,#46470,.T.);
#46510=ORIENTED_EDGE('',*,*,#46500,.T.);
#46520=CARTESIAN_POINT('',(-1.7730000000000008E+01,
   -5.7909557635968714E+00,-8.9999999999999361E+00));
#46530=DIRECTION('',(0.0000000000000000E+00,1.0000000000000000E+00,
   0.0000000000000000E+00));
#46540=VECTOR('',#46530,1.0000000000000000E+00);
#46550=LINE('',#46520,#46540);
#46560=EDGE_CURVE('',#46490,#46330,#46550,.T.);
#46570=ORIENTED_EDGE('',*,*,#46560,.F.);
#46580=EDGE_LOOP('',(#46570,#46510,#46430,#46350));
#46590=FACE_OUTER_BOUND('',#46580,.T.);
#46600=ADVANCED_FACE('',(#46590),#46250,.T.);
#46610=COLOUR_RGB('',9.4901961088180542E-01,9.4901961088180542E-01,
   1.0000000000000000E+00);
#46620=FILL_AREA_STYLE_COLOUR('',#46610);
#46630=FILL_AREA_STYLE('',(#46620));
#46640=SURFACE_STYLE_FILL_AREA(#46630);
#46650=SURFACE_SIDE_STYLE('',(#46640));
#46660=SURFACE_STYLE_USAGE(.BOTH.,#46650);
#46670=PRESENTATION_STYLE_ASSIGNMENT((#46660));
#46680=CARTESIAN_POINT('',(-2.8490000000000020E+01,
   -9.5778213045487881E-01,-6.2000000000000002E+00));
#46690=DIRECTION('',(0.0000000000000000E+00,0.0000000000000000E+00,
   -1.0000000000000000E+00));
#46700=DIRECTION('',(-1.0000000000000000E+00,0.0000000000000000E+00,
   0.0000000000000000E+00));
#46710=AXIS2_PLACEMENT_3D('',#46680,#46690,#46700);
#46720=CYLINDRICAL_SURFACE('',#46710,8.4999999999999998E-01);
#46730=CARTESIAN_POINT('',(-2.9340000000000021E+01,
   -9.5778213045487881E-01,-6.2000000000000002E+00));
#46740=DIRECTION('',(0.0000000000000000E+00,0.0000000000000000E+00,
   -1.0000000000000000E+00));
#46750=VECTOR('',#46740,1.0000000000000000E+00);
#46760=LINE('',#46730,#46750);
#46770=CARTESIAN_POINT('',(-2.9340000000000021E+01,
   -9.5778213045487881E-01,-6.2000000000000002E+00));
#46780=VERTEX_POINT('',#46770);
#46790=EDGE_CURVE('',#46780,#41760,#46760,.T.);
#46800=ORIENTED_EDGE('',*,*,#46790,.T.);
#46810=CARTESIAN_POINT('',(-2.8490000000000020E+01,
   -9.5778213045487703E-01,-6.2000000000000002E+00));
#46820=DIRECTION('',(0.0000000000000000E+00,-6.1230317691118863E-17,
   -1.0000000000000000E+00));
#46830=DIRECTION('',(-1.0000000000000000E+00,0.0000000000000000E+00,
   0.0000000000000000E+00));
#46840=AXIS2_PLACEMENT_3D('',#46810,#46820,#46830);
#46850=CIRCLE('',#46840,8.4999999999999998E-01);
#46860=CARTESIAN_POINT('',(-2.7640000000000018E+01,
   -9.5778213045487870E-01,-6.2000000000000002E+00));
#46870=VERTEX_POINT('',#46860);
#46880=EDGE_CURVE('',#46870,#46780,#46850,.T.);
#46890=ORIENTED_EDGE('',*,*,#46880,.T.);
#46900=CARTESIAN_POINT('',(-2.7640000000000018E+01,
   -9.5778213045487870E-01,-6.2000000000000002E+00));
#46910=DIRECTION('',(0.0000000000000000E+00,0.0000000000000000E+00,
   -1.0000000000000000E+00));
#46920=VECTOR('',#46910,1.0000000000000000E+00);
#46930=LINE('',#46900,#46920);
#46940=EDGE_CURVE('',#46870,#41480,#46930,.T.);
#46950=ORIENTED_EDGE('',*,*,#46940,.F.);
#46960=ORIENTED_EDGE('',*,*,#41840,.F.);
#46970=EDGE_LOOP('',(#46960,#46950,#46890,#46800));
#46980=FACE_OUTER_BOUND('',#46970,.T.);
#46990=ADVANCED_FACE('',(#46980),#46720,.T.);
#47000=COLOUR_RGB('',9.4901961088180542E-01,9.4901961088180542E-01,
   1.0000000000000000E+00);
#47010=FILL_AREA_STYLE_COLOUR('',#47000);
#47020=FILL_AREA_STYLE('',(#47010));
#47030=SURFACE_STYLE_FILL_AREA(#47020);
#47040=SURFACE_SIDE_STYLE('',(#47030));
#47050=SURFACE_STYLE_USAGE(.BOTH.,#47040);
#47060=PRESENTATION_STYLE_ASSIGNMENT((#47050));
#47070=CARTESIAN_POINT('',(-4.8080157115924234E+00,
   5.5054519674845750E+00,-6.7000000000000002E+00));
#47080=DIRECTION('',(0.0000000000000000E+00,0.0000000000000000E+00,
   -1.0000000000000000E+00));
#47090=DIRECTION('',(-1.0000000000000000E+00,0.0000000000000000E+00,
   0.0000000000000000E+00));
#47100=AXIS2_PLACEMENT_3D('',#47070,#47080,#47090);
#47110=PLANE('',#47100);
#47120=ORIENTED_EDGE('',*,*,#43160,.T.);
#47130=CARTESIAN_POINT('',(-2.2810000000000009E+01,
   -5.7909557635968714E+00,-6.7000000000000002E+00));
#47140=DIRECTION('',(0.0000000000000000E+00,-1.0000000000000000E+00,
   0.0000000000000000E+00));
#47150=VECTOR('',#47140,1.0000000000000000E+00);
#47160=LINE('',#47130,#47150);
#47170=EDGE_CURVE('',#43130,#37920,#47160,.T.);
#47180=ORIENTED_EDGE('',*,*,#47170,.F.);
#47190=ORIENTED_EDGE('',*,*,#38240,.F.);
#47200=ORIENTED_EDGE('',*,*,#44910,.F.);
#47210=ORIENTED_EDGE('',*,*,#42900,.T.);
#47220=CARTESIAN_POINT('',(-2.3410000000000014E+01,
   -9.5778213045487703E-01,-6.7000000000000002E+00));
#47230=DIRECTION('',(0.0000000000000000E+00,-6.1230317691118863E-17,
   -1.0000000000000000E+00));
#47240=DIRECTION('',(-1.0000000000000000E+00,0.0000000000000000E+00,
   0.0000000000000000E+00));
#47250=AXIS2_PLACEMENT_3D('',#47220,#47230,#47240);
#47260=CIRCLE('',#47250,8.4999999999999998E-01);
#47270=EDGE_CURVE('',#42810,#42790,#47260,.T.);
#47280=ORIENTED_EDGE('',*,*,#47270,.T.);
#47290=EDGE_LOOP('',(#47280,#47210,#47200,#47190,#47180,#47120));
#47300=FACE_OUTER_BOUND('',#47290,.T.);
#47310=ADVANCED_FACE('',(#47300),#47110,.T.);
#47320=COLOUR_RGB('',9.4901961088180542E-01,9.4901961088180542E-01,
   1.0000000000000000E+00);
#47330=FILL_AREA_STYLE_COLOUR('',#47320);
#47340=FILL_AREA_STYLE('',(#47330));
#47350=SURFACE_STYLE_FILL_AREA(#47340);
#47360=SURFACE_SIDE_STYLE('',(#47350));
#47370=SURFACE_STYLE_USAGE(.BOTH.,#47360);
#47380=PRESENTATION_STYLE_ASSIGNMENT((#47370));
#47390=CARTESIAN_POINT('',(-2.8190000000000033E+01,
   9.2022178695451196E+00,-1.0199999999999999E+01));
#47400=DIRECTION('',(-1.1842378929335256E-14,0.0000000000000000E+00,
   -1.0000000000000000E+00));
#47410=DIRECTION('',(-1.0000000000000000E+00,0.0000000000000000E+00,
   1.1842378929335256E-14));
#47420=AXIS2_PLACEMENT_3D('',#47390,#47400,#47410);
#47430=PLANE('',#47420);
#47440=CARTESIAN_POINT('',(-2.2300000000000204E+00,
   9.7022178695451196E+00,-1.0200000000000308E+01));
#47450=DIRECTION('',(1.0000000000000000E+00,-0.0000000000000000E+00,
   -1.1842378929335256E-14));
#47460=VECTOR('',#47450,1.0000000000000000E+00);
#47470=LINE('',#47440,#47460);
#47480=CARTESIAN_POINT('',(-2.8790000000000017E+01,
   9.7022178695451196E+00,-1.0199999999999992E+01));
#47490=VERTEX_POINT('',#47480);
#47500=CARTESIAN_POINT('',(-2.8190000000000030E+01,
   9.7022178695451196E+00,-1.0199999999999999E+01));
#47510=VERTEX_POINT('',#47500);
#47520=EDGE_CURVE('',#47490,#47510,#47470,.T.);
#47530=ORIENTED_EDGE('',*,*,#47520,.T.);
#47540=CARTESIAN_POINT('',(-2.8790000000000024E+01,
   -5.7909557635968714E+00,-1.0199999999999996E+01));
#47550=DIRECTION('',(0.0000000000000000E+00,-1.0000000000000000E+00,
   0.0000000000000000E+00));
#47560=VECTOR('',#47550,1.0000000000000000E+00);
#47570=LINE('',#47540,#47560);
#47580=CARTESIAN_POINT('',(-2.8790000000000017E+01,
   8.7022178695451231E+00,-1.0199999999999992E+01));
#47590=VERTEX_POINT('',#47580);
#47600=EDGE_CURVE('',#47490,#47590,#47570,.T.);
#47610=ORIENTED_EDGE('',*,*,#47600,.F.);
#47620=CARTESIAN_POINT('',(-2.2300000000000204E+00,
   8.7022178695451231E+00,-1.0200000000000308E+01));
#47630=DIRECTION('',(1.0000000000000000E+00,-0.0000000000000000E+00,
   -1.1842378929335256E-14));
#47640=VECTOR('',#47630,1.0000000000000000E+00);
#47650=LINE('',#47620,#47640);
#47660=CARTESIAN_POINT('',(-2.8190000000000033E+01,
   8.7022178695451231E+00,-1.0200000000000003E+01));
#47670=VERTEX_POINT('',#47660);
#47680=EDGE_CURVE('',#47590,#47670,#47650,.T.);
#47690=ORIENTED_EDGE('',*,*,#47680,.F.);
#47700=CARTESIAN_POINT('',(-2.8190000000000030E+01,
   -5.7909557635968714E+00,-1.0199999999999999E+01));
#47710=DIRECTION('',(0.0000000000000000E+00,-1.0000000000000000E+00,
   0.0000000000000000E+00));
#47720=VECTOR('',#47710,1.0000000000000000E+00);
#47730=LINE('',#47700,#47720);
#47740=EDGE_CURVE('',#47510,#47670,#47730,.T.);
#47750=ORIENTED_EDGE('',*,*,#47740,.T.);
#47760=EDGE_LOOP('',(#47750,#47690,#47610,#47530));
#47770=FACE_OUTER_BOUND('',#47760,.T.);
#47780=ADVANCED_FACE('',(#47770),#47430,.T.);
#47790=COLOUR_RGB('',9.4901961088180542E-01,9.4901961088180542E-01,
   1.0000000000000000E+00);
#47800=FILL_AREA_STYLE_COLOUR('',#47790);
#47810=FILL_AREA_STYLE('',(#47800));
#47820=SURFACE_STYLE_FILL_AREA(#47810);
#47830=SURFACE_SIDE_STYLE('',(#47820));
#47840=SURFACE_STYLE_USAGE(.BOTH.,#47830);
#47850=PRESENTATION_STYLE_ASSIGNMENT((#47840));
#47860=CARTESIAN_POINT('',(-4.8080157115924234E+00,
   1.5665451967484577E+01,-6.7000000000000002E+00));
#47870=DIRECTION('',(0.0000000000000000E+00,0.0000000000000000E+00,
   -1.0000000000000000E+00));
#47880=DIRECTION('',(-1.0000000000000000E+00,0.0000000000000000E+00,
   0.0000000000000000E+00));
#47890=AXIS2_PLACEMENT_3D('',#47860,#47870,#47880);
#47900=PLANE('',#47890);
#47910=CARTESIAN_POINT('',(-2.2300000000000204E+00,
   9.2022178695451213E+00,-6.7000000000000002E+00));
#47920=DIRECTION('',(-1.0000000000000000E+00,0.0000000000000000E+00,
   0.0000000000000000E+00));
#47930=VECTOR('',#47920,1.0000000000000000E+00);
#47940=LINE('',#47910,#47930);
#47950=CARTESIAN_POINT('',(-1.7480000000000025E+01,
   9.2022178695451213E+00,-6.7000000000000002E+00));
#47960=VERTEX_POINT('',#47950);
#47970=CARTESIAN_POINT('',(-1.7730000000000011E+01,
   9.2022178695451213E+00,-6.7000000000000002E+00));
#47980=VERTEX_POINT('',#47970);
#47990=EDGE_CURVE('',#47960,#47980,#47940,.T.);
#48000=ORIENTED_EDGE('',*,*,#47990,.F.);
#48010=CARTESIAN_POINT('',(-1.7730000000000011E+01,
   -5.7909557635968714E+00,-6.7000000000000002E+00));
#48020=DIRECTION('',(0.0000000000000000E+00,-1.0000000000000000E+00,
   0.0000000000000000E+00));
#48030=VECTOR('',#48020,1.0000000000000000E+00);
#48040=LINE('',#48010,#48030);
#48050=CARTESIAN_POINT('',(-1.7730000000000011E+01,
   8.7022178695451231E+00,-6.7000000000000002E+00));
#48060=VERTEX_POINT('',#48050);
#48070=EDGE_CURVE('',#47980,#48060,#48040,.T.);
#48080=ORIENTED_EDGE('',*,*,#48070,.F.);
#48090=CARTESIAN_POINT('',(-2.2300000000000204E+00,
   8.7022178695451231E+00,-6.7000000000000002E+00));
#48100=DIRECTION('',(-1.0000000000000000E+00,0.0000000000000000E+00,
   0.0000000000000000E+00));
#48110=VECTOR('',#48100,1.0000000000000000E+00);
#48120=LINE('',#48090,#48110);
#48130=CARTESIAN_POINT('',(-1.8930000000000000E+01,
   8.7022178695451231E+00,-6.7000000000000002E+00));
#48140=VERTEX_POINT('',#48130);
#48150=EDGE_CURVE('',#48060,#48140,#48120,.T.);
#48160=ORIENTED_EDGE('',*,*,#48150,.F.);
#48170=CARTESIAN_POINT('',(-1.8930000000000000E+01,
   -5.7909557635968714E+00,-6.7000000000000002E+00));
#48180=DIRECTION('',(0.0000000000000000E+00,1.0000000000000000E+00,
   0.0000000000000000E+00));
#48190=VECTOR('',#48180,1.0000000000000000E+00);
#48200=LINE('',#48170,#48190);
#48210=CARTESIAN_POINT('',(-1.8930000000000000E+01,
   9.2022178695451213E+00,-6.7000000000000002E+00));
#48220=VERTEX_POINT('',#48210);
#48230=EDGE_CURVE('',#48140,#48220,#48200,.T.);
#48240=ORIENTED_EDGE('',*,*,#48230,.F.);
#48250=CARTESIAN_POINT('',(-1.9180000000000028E+01,
   9.2022178695451213E+00,-6.7000000000000002E+00));
#48260=VERTEX_POINT('',#48250);
#48270=EDGE_CURVE('',#48220,#48260,#47940,.T.);
#48280=ORIENTED_EDGE('',*,*,#48270,.F.);
#48290=CARTESIAN_POINT('',(-1.8330000000000027E+01,
   9.2022178695451231E+00,-6.7000000000000002E+00));
#48300=DIRECTION('',(0.0000000000000000E+00,-6.1230317691118863E-17,
   -1.0000000000000000E+00));
#48310=DIRECTION('',(-1.0000000000000000E+00,0.0000000000000000E+00,
   0.0000000000000000E+00));
#48320=AXIS2_PLACEMENT_3D('',#48290,#48300,#48310);
#48330=CIRCLE('',#48320,8.4999999999999998E-01);
#48340=EDGE_CURVE('',#47960,#48260,#48330,.T.);
#48350=ORIENTED_EDGE('',*,*,#48340,.T.);
#48360=EDGE_LOOP('',(#48350,#48280,#48240,#48160,#48080,#48000));
#48370=FACE_OUTER_BOUND('',#48360,.T.);
#48380=ADVANCED_FACE('',(#48370),#47900,.T.);
#48390=COLOUR_RGB('',9.4901961088180542E-01,9.4901961088180542E-01,
   1.0000000000000000E+00);
#48400=FILL_AREA_STYLE_COLOUR('',#48390);
#48410=FILL_AREA_STYLE('',(#48400));
#48420=SURFACE_STYLE_FILL_AREA(#48410);
#48430=SURFACE_SIDE_STYLE('',(#48420));
#48440=SURFACE_STYLE_USAGE(.BOTH.,#48430);
#48450=PRESENTATION_STYLE_ASSIGNMENT((#48440));
#48460=CARTESIAN_POINT('',(-2.3410000000000018E+01,
   9.2022178695451213E+00,-6.2000000000000002E+00));
#48470=DIRECTION('',(0.0000000000000000E+00,0.0000000000000000E+00,
   -1.0000000000000000E+00));
#48480=DIRECTION('',(-1.0000000000000000E+00,0.0000000000000000E+00,
   0.0000000000000000E+00));
#48490=AXIS2_PLACEMENT_3D('',#48460,#48470,#48480);
#48500=CYLINDRICAL_SURFACE('',#48490,8.4999999999999998E-01);
#48510=CARTESIAN_POINT('',(-2.2560000000000016E+01,
   9.2022178695451213E+00,-6.2000000000000002E+00));
#48520=DIRECTION('',(0.0000000000000000E+00,0.0000000000000000E+00,
   -1.0000000000000000E+00));
#48530=VECTOR('',#48520,1.0000000000000000E+00);
#48540=LINE('',#48510,#48530);
#48550=CARTESIAN_POINT('',(-2.2560000000000016E+01,
   9.2022178695451213E+00,-6.2000000000000002E+00));
#48560=VERTEX_POINT('',#48550);
#48570=EDGE_CURVE('',#48560,#35400,#48540,.T.);
#48580=ORIENTED_EDGE('',*,*,#48570,.F.);
#48590=CARTESIAN_POINT('',(-2.3410000000000018E+01,
   9.2022178695451231E+00,-6.7000000000000002E+00));
#48600=DIRECTION('',(0.0000000000000000E+00,-6.1230317691118863E-17,
   -1.0000000000000000E+00));
#48610=DIRECTION('',(-1.0000000000000000E+00,0.0000000000000000E+00,
   0.0000000000000000E+00));
#48620=AXIS2_PLACEMENT_3D('',#48590,#48600,#48610);
#48630=CIRCLE('',#48620,8.4999999999999998E-01);
#48640=EDGE_CURVE('',#35400,#35380,#48630,.T.);
#48650=ORIENTED_EDGE('',*,*,#48640,.F.);
#48660=CARTESIAN_POINT('',(-2.4260000000000019E+01,
   9.2022178695451213E+00,-6.2000000000000002E+00));
#48670=DIRECTION('',(0.0000000000000000E+00,0.0000000000000000E+00,
   -1.0000000000000000E+00));
#48680=VECTOR('',#48670,1.0000000000000000E+00);
#48690=LINE('',#48660,#48680);
#48700=CARTESIAN_POINT('',(-2.4260000000000019E+01,
   9.2022178695451213E+00,-6.2000000000000002E+00));
#48710=VERTEX_POINT('',#48700);
#48720=EDGE_CURVE('',#48710,#35380,#48690,.T.);
#48730=ORIENTED_EDGE('',*,*,#48720,.T.);
#48740=CARTESIAN_POINT('',(-2.3410000000000018E+01,
   9.2022178695451231E+00,-6.2000000000000002E+00));
#48750=DIRECTION('',(0.0000000000000000E+00,-6.1230317691118863E-17,
   -1.0000000000000000E+00));
#48760=DIRECTION('',(-1.0000000000000000E+00,0.0000000000000000E+00,
   0.0000000000000000E+00));
#48770=AXIS2_PLACEMENT_3D('',#48740,#48750,#48760);
#48780=CIRCLE('',#48770,8.4999999999999998E-01);
#48790=EDGE_CURVE('',#48560,#48710,#48780,.T.);
#48800=ORIENTED_EDGE('',*,*,#48790,.T.);
#48810=EDGE_LOOP('',(#48800,#48730,#48650,#48580));
#48820=FACE_OUTER_BOUND('',#48810,.T.);
#48830=ADVANCED_FACE('',(#48820),#48500,.T.);
#48840=COLOUR_RGB('',9.4901961088180542E-01,9.4901961088180542E-01,
   1.0000000000000000E+00);
#48850=FILL_AREA_STYLE_COLOUR('',#48840);
#48860=FILL_AREA_STYLE('',(#48850));
#48870=SURFACE_STYLE_FILL_AREA(#48860);
#48880=SURFACE_SIDE_STYLE('',(#48870));
#48890=SURFACE_STYLE_USAGE(.BOTH.,#48880);
#48900=PRESENTATION_STYLE_ASSIGNMENT((#48890));
#48910=CARTESIAN_POINT('',(-1.3429999999999927E+01,
   -6.9577821304549019E+00,5.0000000000000888E-01));
#48920=DIRECTION('',(2.5881904510252068E-01,5.9143945209736140E-17,
   9.6592582628906831E-01));
#48930=DIRECTION('',(9.6592582628906831E-01,-1.5847572356139363E-17,
   -2.5881904510252068E-01));
#48940=AXIS2_PLACEMENT_3D('',#48910,#48920,#48930);
#48950=PLANE('',#48940);
#48960=ORIENTED_EDGE('',*,*,#41180,.T.);
#48970=CARTESIAN_POINT('',(-1.3429999999999927E+01,
   -6.9577821304549019E+00,5.0000000000000888E-01));
#48980=DIRECTION('',(-0.0000000000000000E+00,1.0000000000000000E+00,
   -6.1230317691118863E-17));
#48990=VECTOR('',#48980,1.0000000000000000E+00);
#49000=LINE('',#48970,#48990);
#49010=CARTESIAN_POINT('',(-1.3429999999999927E+01,
   -6.8577821304549014E+00,5.0000000000000888E-01));
#49020=VERTEX_POINT('',#49010);
#49030=EDGE_CURVE('',#41090,#49020,#49000,.T.);
#49040=ORIENTED_EDGE('',*,*,#49030,.F.);
#49050=CARTESIAN_POINT('',(-1.4179999999999927E+01,
   -6.8577821304549014E+00,7.0096189432335088E-01));
#49060=DIRECTION('',(9.6592582628906831E-01,-1.5847572356139363E-17,
   -2.5881904510252068E-01));
#49070=VECTOR('',#49060,1.0000000000000000E+00);
#49080=LINE('',#49050,#49070);
#49090=CARTESIAN_POINT('',(-1.4179999999999927E+01,
   -6.8577821304549014E+00,7.0096189432335088E-01));
#49100=VERTEX_POINT('',#49090);
#49110=EDGE_CURVE('',#49100,#49020,#49080,.T.);
#49120=ORIENTED_EDGE('',*,*,#49110,.T.);
#49130=CARTESIAN_POINT('',(-1.4179999999999927E+01,
   -6.9577821304549019E+00,7.0096189432335088E-01));
#49140=DIRECTION('',(-0.0000000000000000E+00,1.0000000000000000E+00,
   -6.1230317691118863E-17));
#49150=VECTOR('',#49140,1.0000000000000000E+00);
#49160=LINE('',#49130,#49150);
#49170=EDGE_CURVE('',#41170,#49100,#49160,.T.);
#49180=ORIENTED_EDGE('',*,*,#49170,.T.);
#49190=EDGE_LOOP('',(#49180,#49120,#49040,#48960));
#49200=FACE_OUTER_BOUND('',#49190,.T.);
#49210=ADVANCED_FACE('',(#49200),#48950,.F.);
#49220=COLOUR_RGB('',5.0196081399917603E-01,1.0000000000000000E+00,
   5.0196081399917603E-01);
#49230=FILL_AREA_STYLE_COLOUR('',#49220);
#49240=FILL_AREA_STYLE('',(#49230));
#49250=SURFACE_STYLE_FILL_AREA(#49240);
#49260=SURFACE_SIDE_STYLE('',(#49250));
#49270=SURFACE_STYLE_USAGE(.BOTH.,#49260);
#49280=PRESENTATION_STYLE_ASSIGNMENT((#49270));
#49290=CARTESIAN_POINT('',(-1.4179999999999927E+01,
   -6.9577821304549019E+00,2.9903810567666689E-01));
#49300=DIRECTION('',(2.5881904510252068E-01,-5.9143945209736140E-17,
   -9.6592582628906831E-01));
#49310=DIRECTION('',(-9.6592582628906831E-01,-1.5847572356139363E-17,
   -2.5881904510252068E-01));
#49320=AXIS2_PLACEMENT_3D('',#49290,#49300,#49310);
#49330=PLANE('',#49320);
#49340=ORIENTED_EDGE('',*,*,#41100,.T.);
#49350=CARTESIAN_POINT('',(-1.4179999999999927E+01,
   -6.9577821304549019E+00,2.9903810567666689E-01));
#49360=DIRECTION('',(-0.0000000000000000E+00,1.0000000000000000E+00,
   -6.1230317691118863E-17));
#49370=VECTOR('',#49360,1.0000000000000000E+00);
#49380=LINE('',#49350,#49370);
#49390=CARTESIAN_POINT('',(-1.4179999999999927E+01,
   -6.8577821304549014E+00,2.9903810567666689E-01));
#49400=VERTEX_POINT('',#49390);
#49410=EDGE_CURVE('',#41070,#49400,#49380,.T.);
#49420=ORIENTED_EDGE('',*,*,#49410,.F.);
#49430=CARTESIAN_POINT('',(-1.3429999999999927E+01,
   -6.8577821304549014E+00,5.0000000000000888E-01));
#49440=DIRECTION('',(-9.6592582628906831E-01,-1.5847572356139363E-17,
   -2.5881904510252068E-01));
#49450=VECTOR('',#49440,1.0000000000000000E+00);
#49460=LINE('',#49430,#49450);
#49470=EDGE_CURVE('',#49020,#49400,#49460,.T.);
#49480=ORIENTED_EDGE('',*,*,#49470,.T.);
#49490=ORIENTED_EDGE('',*,*,#49030,.T.);
#49500=EDGE_LOOP('',(#49490,#49480,#49420,#49340));
#49510=FACE_OUTER_BOUND('',#49500,.T.);
#49520=ADVANCED_FACE('',(#49510),#49330,.F.);
#49530=COLOUR_RGB('',5.0196081399917603E-01,1.0000000000000000E+00,
   5.0196081399917603E-01);
#49540=FILL_AREA_STYLE_COLOUR('',#49530);
#49550=FILL_AREA_STYLE('',(#49540));
#49560=SURFACE_STYLE_FILL_AREA(#49550);
#49570=SURFACE_SIDE_STYLE('',(#49560));
#49580=SURFACE_STYLE_USAGE(.BOTH.,#49570);
#49590=PRESENTATION_STYLE_ASSIGNMENT((#49580));
#49600=CARTESIAN_POINT('',(-1.4179999999999927E+01,
   -6.9577821304549019E+00,7.0096189432335088E-01));
#49610=DIRECTION('',(-1.0000000000000000E+00,0.0000000000000000E+00,
   0.0000000000000000E+00));
#49620=DIRECTION('',(0.0000000000000000E+00,6.1230317691118863E-17,
   1.0000000000000000E+00));
#49630=AXIS2_PLACEMENT_3D('',#49600,#49610,#49620);
#49640=PLANE('',#49630);
#49650=ORIENTED_EDGE('',*,*,#41240,.T.);
#49660=ORIENTED_EDGE('',*,*,#49170,.F.);
#49670=CARTESIAN_POINT('',(-1.4179999999999927E+01,
   -6.8577821304549014E+00,2.9903810567666689E-01));
#49680=DIRECTION('',(0.0000000000000000E+00,6.1230317691118863E-17,
   1.0000000000000000E+00));
#49690=VECTOR('',#49680,1.0000000000000000E+00);
#49700=LINE('',#49670,#49690);
#49710=EDGE_CURVE('',#49400,#49100,#49700,.T.);
#49720=ORIENTED_EDGE('',*,*,#49710,.T.);
#49730=ORIENTED_EDGE('',*,*,#49410,.T.);
#49740=EDGE_LOOP('',(#49730,#49720,#49660,#49650));
#49750=FACE_OUTER_BOUND('',#49740,.T.);
#49760=ADVANCED_FACE('',(#49750),#49640,.F.);
#49770=COLOUR_RGB('',5.0196081399917603E-01,1.0000000000000000E+00,
   5.0196081399917603E-01);
#49780=FILL_AREA_STYLE_COLOUR('',#49770);
#49790=FILL_AREA_STYLE('',(#49780));
#49800=SURFACE_STYLE_FILL_AREA(#49790);
#49810=SURFACE_SIDE_STYLE('',(#49800));
#49820=SURFACE_STYLE_USAGE(.BOTH.,#49810);
#49830=PRESENTATION_STYLE_ASSIGNMENT((#49820));
#49840=CARTESIAN_POINT('',(-7.4975047658532645E+00,
   -6.8577821304549023E+00,-3.4695936719640947E+00));
#49850=DIRECTION('',(0.0000000000000000E+00,-1.0000000000000000E+00,
   6.1230317691118863E-17));
#49860=DIRECTION('',(1.0000000000000000E+00,0.0000000000000000E+00,
   0.0000000000000000E+00));
#49870=AXIS2_PLACEMENT_3D('',#49840,#49850,#49860);
#49880=PLANE('',#49870);
#49890=ORIENTED_EDGE('',*,*,#49110,.F.);
#49900=ORIENTED_EDGE('',*,*,#49470,.F.);
#49910=ORIENTED_EDGE('',*,*,#49710,.F.);
#49920=EDGE_LOOP('',(#49910,#49900,#49890));
#49930=FACE_OUTER_BOUND('',#49920,.T.);
#49940=ADVANCED_FACE('',(#49930),#49880,.T.);
#49950=COLOUR_RGB('',5.0196081399917603E-01,1.0000000000000000E+00,
   5.0196081399917603E-01);
#49960=FILL_AREA_STYLE_COLOUR('',#49950);
#49970=FILL_AREA_STYLE('',(#49960));
#49980=SURFACE_STYLE_FILL_AREA(#49970);
#49990=SURFACE_SIDE_STYLE('',(#49980));
#50000=SURFACE_STYLE_USAGE(.BOTH.,#49990);
#50010=PRESENTATION_STYLE_ASSIGNMENT((#50000));
#50020=CARTESIAN_POINT('',(-2.7890000000000015E+01,
   -9.5778213045488059E-01,-4.5999999999999917E+00));
#50030=DIRECTION('',(1.0000000000000000E+00,-0.0000000000000000E+00,
   0.0000000000000000E+00));
#50040=DIRECTION('',(0.0000000000000000E+00,0.0000000000000000E+00,
   -1.0000000000000000E+00));
#50050=AXIS2_PLACEMENT_3D('',#50020,#50030,#50040);
#50060=PLANE('',#50050);
#50070=CARTESIAN_POINT('',(-2.7890000000000015E+01,
   -4.5778213045488059E-01,3.0170423393406152E+00));
#50080=DIRECTION('',(0.0000000000000000E+00,0.0000000000000000E+00,
   -1.0000000000000000E+00));
#50090=VECTOR('',#50080,1.0000000000000000E+00);
#50100=LINE('',#50070,#50090);
#50110=CARTESIAN_POINT('',(-2.7890000000000015E+01,
   -4.5778213045488059E-01,-6.7000000000000002E+00));
#50120=VERTEX_POINT('',#50110);
#50130=EDGE_CURVE('',#50120,#40190,#50100,.T.);
#50140=ORIENTED_EDGE('',*,*,#50130,.F.);
#50150=ORIENTED_EDGE('',*,*,#40420,.T.);
#50160=ORIENTED_EDGE('',*,*,#42330,.T.);
#50170=ORIENTED_EDGE('',*,*,#41570,.F.);
#50180=CARTESIAN_POINT('',(-2.7890000000000015E+01,
   -5.7909557635968714E+00,-6.7000000000000002E+00));
#50190=DIRECTION('',(0.0000000000000000E+00,1.0000000000000000E+00,
   0.0000000000000000E+00));
#50200=VECTOR('',#50190,1.0000000000000000E+00);
#50210=LINE('',#50180,#50200);
#50220=EDGE_CURVE('',#41460,#50120,#50210,.T.);
#50230=ORIENTED_EDGE('',*,*,#50220,.F.);
#50240=EDGE_LOOP('',(#50230,#50170,#50160,#50150,#50140));
#50250=FACE_OUTER_BOUND('',#50240,.T.);
#50260=ADVANCED_FACE('',(#50250),#50060,.T.);
#50270=COLOUR_RGB('',9.4901961088180542E-01,9.4901961088180542E-01,
   1.0000000000000000E+00);
#50280=FILL_AREA_STYLE_COLOUR('',#50270);
#50290=FILL_AREA_STYLE('',(#50280));
#50300=SURFACE_STYLE_FILL_AREA(#50290);
#50310=SURFACE_SIDE_STYLE('',(#50300));
#50320=SURFACE_STYLE_USAGE(.BOTH.,#50310);
#50330=PRESENTATION_STYLE_ASSIGNMENT((#50320));
#50340=CARTESIAN_POINT('',(-2.2810000000000009E+01,
   -9.5778213045488059E-01,-7.8999999999999888E+00));
#50350=DIRECTION('',(1.0000000000000000E+00,-0.0000000000000000E+00,
   0.0000000000000000E+00));
#50360=DIRECTION('',(0.0000000000000000E+00,0.0000000000000000E+00,
   -1.0000000000000000E+00));
#50370=AXIS2_PLACEMENT_3D('',#50340,#50350,#50360);
#50380=PLANE('',#50370);
#50390=ORIENTED_EDGE('',*,*,#37930,.F.);
#50400=ORIENTED_EDGE('',*,*,#47170,.T.);
#50410=ORIENTED_EDGE('',*,*,#43140,.T.);
#50420=CARTESIAN_POINT('',(-2.2810000000000009E+01,
   -4.5778213045488059E-01,3.0170423393406152E+00));
#50430=DIRECTION('',(0.0000000000000000E+00,0.0000000000000000E+00,
   1.0000000000000000E+00));
#50440=VECTOR('',#50430,1.0000000000000000E+00);
#50450=LINE('',#50420,#50440);
#50460=EDGE_CURVE('',#37550,#43050,#50450,.T.);
#50470=ORIENTED_EDGE('',*,*,#50460,.T.);
#50480=ORIENTED_EDGE('',*,*,#37560,.F.);
#50490=EDGE_LOOP('',(#50480,#50470,#50410,#50400,#50390));
#50500=FACE_OUTER_BOUND('',#50490,.T.);
#50510=ADVANCED_FACE('',(#50500),#50380,.T.);
#50520=COLOUR_RGB('',9.4901961088180542E-01,9.4901961088180542E-01,
   1.0000000000000000E+00);
#50530=FILL_AREA_STYLE_COLOUR('',#50520);
#50540=FILL_AREA_STYLE('',(#50530));
#50550=SURFACE_STYLE_FILL_AREA(#50540);
#50560=SURFACE_SIDE_STYLE('',(#50550));
#50570=SURFACE_STYLE_USAGE(.BOTH.,#50560);
#50580=PRESENTATION_STYLE_ASSIGNMENT((#50570));
#50590=CARTESIAN_POINT('',(-1.8330000000000027E+01,
   9.2022178695451213E+00,-6.2000000000000002E+00));
#50600=DIRECTION('',(0.0000000000000000E+00,0.0000000000000000E+00,
   -1.0000000000000000E+00));
#50610=DIRECTION('',(-1.0000000000000000E+00,0.0000000000000000E+00,
   0.0000000000000000E+00));
#50620=AXIS2_PLACEMENT_3D('',#50590,#50600,#50610);
#50630=CYLINDRICAL_SURFACE('',#50620,8.4999999999999998E-01);
#50640=CARTESIAN_POINT('',(-1.7480000000000025E+01,
   9.2022178695451213E+00,-6.2000000000000002E+00));
#50650=DIRECTION('',(0.0000000000000000E+00,0.0000000000000000E+00,
   -1.0000000000000000E+00));
#50660=VECTOR('',#50650,1.0000000000000000E+00);
#50670=LINE('',#50640,#50660);
#50680=CARTESIAN_POINT('',(-1.7480000000000025E+01,
   9.2022178695451213E+00,-6.2000000000000002E+00));
#50690=VERTEX_POINT('',#50680);
#50700=EDGE_CURVE('',#50690,#47960,#50670,.T.);
#50710=ORIENTED_EDGE('',*,*,#50700,.T.);
#50720=CARTESIAN_POINT('',(-1.8330000000000027E+01,
   9.2022178695451231E+00,-6.2000000000000002E+00));
#50730=DIRECTION('',(0.0000000000000000E+00,-6.1230317691118863E-17,
   -1.0000000000000000E+00));
#50740=DIRECTION('',(-1.0000000000000000E+00,0.0000000000000000E+00,
   0.0000000000000000E+00));
#50750=AXIS2_PLACEMENT_3D('',#50720,#50730,#50740);
#50760=CIRCLE('',#50750,8.4999999999999998E-01);
#50770=CARTESIAN_POINT('',(-1.9180000000000028E+01,
   9.2022178695451213E+00,-6.2000000000000002E+00));
#50780=VERTEX_POINT('',#50770);
#50790=EDGE_CURVE('',#50780,#50690,#50760,.T.);
#50800=ORIENTED_EDGE('',*,*,#50790,.T.);
#50810=CARTESIAN_POINT('',(-1.9180000000000028E+01,
   9.2022178695451213E+00,-6.2000000000000002E+00));
#50820=DIRECTION('',(0.0000000000000000E+00,0.0000000000000000E+00,
   -1.0000000000000000E+00));
#50830=VECTOR('',#50820,1.0000000000000000E+00);
#50840=LINE('',#50810,#50830);
#50850=EDGE_CURVE('',#50780,#48260,#50840,.T.);
#50860=ORIENTED_EDGE('',*,*,#50850,.F.);
#50870=CARTESIAN_POINT('',(-1.8330000000000027E+01,
   9.2022178695451231E+00,-6.7000000000000002E+00));
#50880=DIRECTION('',(0.0000000000000000E+00,-6.1230317691118863E-17,
   -1.0000000000000000E+00));
#50890=DIRECTION('',(-1.0000000000000000E+00,0.0000000000000000E+00,
   0.0000000000000000E+00));
#50900=AXIS2_PLACEMENT_3D('',#50870,#50880,#50890);
#50910=CIRCLE('',#50900,8.4999999999999998E-01);
#50920=EDGE_CURVE('',#48260,#47960,#50910,.T.);
#50930=ORIENTED_EDGE('',*,*,#50920,.F.);
#50940=EDGE_LOOP('',(#50930,#50860,#50800,#50710));
#50950=FACE_OUTER_BOUND('',#50940,.T.);
#50960=ADVANCED_FACE('',(#50950),#50630,.T.);
#50970=COLOUR_RGB('',9.4901961088180542E-01,9.4901961088180542E-01,
   1.0000000000000000E+00);
#50980=FILL_AREA_STYLE_COLOUR('',#50970);
#50990=FILL_AREA_STYLE('',(#50980));
#51000=SURFACE_STYLE_FILL_AREA(#50990);
#51010=SURFACE_SIDE_STYLE('',(#51000));
#51020=SURFACE_STYLE_USAGE(.BOTH.,#51010);
#51030=PRESENTATION_STYLE_ASSIGNMENT((#51020));
#51040=CARTESIAN_POINT('',(-3.0730000000000018E+01,
   2.5362217869545134E+01,5.2999999999999980E+00));
#51050=DIRECTION('',(0.0000000000000000E+00,0.0000000000000000E+00,
   1.0000000000000000E+00));
#51060=DIRECTION('',(-1.0000000000000000E+00,0.0000000000000000E+00,
   0.0000000000000000E+00));
#51070=AXIS2_PLACEMENT_3D('',#51040,#51050,#51060);
#51080=PLANE('',#51070);
#51090=ORIENTED_EDGE('',*,*,#38490,.T.);
#51100=CARTESIAN_POINT('',(-2.3410000000000014E+01,
   -9.5778213045487615E-01,5.2999999999999980E+00));
#51110=DIRECTION('',(0.0000000000000000E+00,-6.1230317691118863E-17,
   -1.0000000000000000E+00));
#51120=DIRECTION('',(-1.0000000000000000E+00,0.0000000000000000E+00,
   0.0000000000000000E+00));
#51130=AXIS2_PLACEMENT_3D('',#51100,#51110,#51120);
#51140=CIRCLE('',#51130,8.4999999999999998E-01);
#51150=EDGE_CURVE('',#38460,#38480,#51140,.T.);
#51160=ORIENTED_EDGE('',*,*,#51150,.F.);
#51170=EDGE_LOOP('',(#51160,#51090));
#51180=FACE_OUTER_BOUND('',#51170,.T.);
#51190=ADVANCED_FACE('',(#51180),#51080,.T.);
#51200=COLOUR_RGB('',5.0196081399917603E-01,1.0000000000000000E+00,
   5.0196081399917603E-01);
#51210=FILL_AREA_STYLE_COLOUR('',#51200);
#51220=FILL_AREA_STYLE('',(#51210));
#51230=SURFACE_STYLE_FILL_AREA(#51220);
#51240=SURFACE_SIDE_STYLE('',(#51230));
#51250=SURFACE_STYLE_USAGE(.BOTH.,#51240);
#51260=PRESENTATION_STYLE_ASSIGNMENT((#51250));
#51270=CARTESIAN_POINT('',(-2.8190000000000026E+01,
   -9.5778213045488059E-01,-1.0199999999999999E+01));
#51280=DIRECTION('',(-1.1842378929335256E-14,0.0000000000000000E+00,
   -1.0000000000000000E+00));
#51290=DIRECTION('',(-1.0000000000000000E+00,0.0000000000000000E+00,
   1.1842378929335256E-14));
#51300=AXIS2_PLACEMENT_3D('',#51270,#51280,#51290);
#51310=PLANE('',#51300);
#51320=ORIENTED_EDGE('',*,*,#42420,.F.);
#51330=ORIENTED_EDGE('',*,*,#40280,.T.);
#51340=CARTESIAN_POINT('',(-2.2300000000000204E+00,
   -4.5778213045488059E-01,-1.0200000000000308E+01));
#51350=DIRECTION('',(-1.0000000000000000E+00,0.0000000000000000E+00,
   1.1842378929335256E-14));
#51360=VECTOR('',#51350,1.0000000000000000E+00);
#51370=LINE('',#51340,#51360);
#51380=CARTESIAN_POINT('',(-2.8790000000000010E+01,
   -4.5778213045488059E-01,-1.0200000000000006E+01));
#51390=VERTEX_POINT('',#51380);
#51400=EDGE_CURVE('',#40170,#51390,#51370,.T.);
#51410=ORIENTED_EDGE('',*,*,#51400,.F.);
#51420=CARTESIAN_POINT('',(-2.8790000000000017E+01,
   -5.7909557635968714E+00,-1.0199999999999996E+01));
#51430=DIRECTION('',(0.0000000000000000E+00,-1.0000000000000000E+00,
   0.0000000000000000E+00));
#51440=VECTOR('',#51430,1.0000000000000000E+00);
#51450=LINE('',#51420,#51440);
#51460=EDGE_CURVE('',#51390,#42410,#51450,.T.);
#51470=ORIENTED_EDGE('',*,*,#51460,.F.);
#51480=EDGE_LOOP('',(#51470,#51410,#51330,#51320));
#51490=FACE_OUTER_BOUND('',#51480,.T.);
#51500=ADVANCED_FACE('',(#51490),#51310,.T.);
#51510=COLOUR_RGB('',9.4901961088180542E-01,9.4901961088180542E-01,
   1.0000000000000000E+00);
#51520=FILL_AREA_STYLE_COLOUR('',#51510);
#51530=FILL_AREA_STYLE('',(#51520));
#51540=SURFACE_STYLE_FILL_AREA(#51530);
#51550=SURFACE_SIDE_STYLE('',(#51540));
#51560=SURFACE_STYLE_USAGE(.BOTH.,#51550);
#51570=PRESENTATION_STYLE_ASSIGNMENT((#51560));
#51580=CARTESIAN_POINT('',(-1.7730000000000011E+01,
   9.2022178695451196E+00,-7.8999999999999888E+00));
#51590=DIRECTION('',(1.0000000000000000E+00,-0.0000000000000000E+00,
   0.0000000000000000E+00));
#51600=DIRECTION('',(0.0000000000000000E+00,0.0000000000000000E+00,
   -1.0000000000000000E+00));
#51610=AXIS2_PLACEMENT_3D('',#51580,#51590,#51600);
#51620=PLANE('',#51610);
#51630=CARTESIAN_POINT('',(-1.7730000000000011E+01,
   8.7022178695451231E+00,3.0170423393406152E+00));
#51640=DIRECTION('',(0.0000000000000000E+00,0.0000000000000000E+00,
   1.0000000000000000E+00));
#51650=VECTOR('',#51640,1.0000000000000000E+00);
#51660=LINE('',#51630,#51650);
#51670=EDGE_CURVE('',#46490,#48060,#51660,.T.);
#51680=ORIENTED_EDGE('',*,*,#51670,.F.);
#51690=ORIENTED_EDGE('',*,*,#48070,.T.);
#51700=CARTESIAN_POINT('',(-1.7730000000000011E+01,
   -5.7909557635968714E+00,-6.7000000000000002E+00));
#51710=DIRECTION('',(0.0000000000000000E+00,1.0000000000000000E+00,
   0.0000000000000000E+00));
#51720=VECTOR('',#51710,1.0000000000000000E+00);
#51730=LINE('',#51700,#51720);
#51740=CARTESIAN_POINT('',(-1.7730000000000011E+01,
   9.7022178695451196E+00,-6.7000000000000002E+00));
#51750=VERTEX_POINT('',#51740);
#51760=EDGE_CURVE('',#47980,#51750,#51730,.T.);
#51770=ORIENTED_EDGE('',*,*,#51760,.F.);
#51780=CARTESIAN_POINT('',(-1.7730000000000011E+01,
   9.7022178695451196E+00,3.0170423393406152E+00));
#51790=DIRECTION('',(0.0000000000000000E+00,0.0000000000000000E+00,
   1.0000000000000000E+00));
#51800=VECTOR('',#51790,1.0000000000000000E+00);
#51810=LINE('',#51780,#51800);
#51820=EDGE_CURVE('',#46330,#51750,#51810,.T.);
#51830=ORIENTED_EDGE('',*,*,#51820,.T.);
#51840=ORIENTED_EDGE('',*,*,#46560,.T.);
#51850=EDGE_LOOP('',(#51840,#51830,#51770,#51690,#51680));
#51860=FACE_OUTER_BOUND('',#51850,.T.);
#51870=ADVANCED_FACE('',(#51860),#51620,.T.);
#51880=COLOUR_RGB('',9.4901961088180542E-01,9.4901961088180542E-01,
   1.0000000000000000E+00);
#51890=FILL_AREA_STYLE_COLOUR('',#51880);
#51900=FILL_AREA_STYLE('',(#51890));
#51910=SURFACE_STYLE_FILL_AREA(#51900);
#51920=SURFACE_SIDE_STYLE('',(#51910));
#51930=SURFACE_STYLE_USAGE(.BOTH.,#51920);
#51940=PRESENTATION_STYLE_ASSIGNMENT((#51930));
#51950=CARTESIAN_POINT('',(-1.1929999999999927E+01,
   -2.6327821304548720E+00,5.0000000000000977E-01));
#51960=DIRECTION('',(0.0000000000000000E+00,-1.0000000000000000E+00,
   0.0000000000000000E+00));
#51970=DIRECTION('',(0.0000000000000000E+00,0.0000000000000000E+00,
   1.0000000000000000E+00));
#51980=AXIS2_PLACEMENT_3D('',#51950,#51960,#51970);
#51990=PLANE('',#51980);
#52000=CARTESIAN_POINT('',(-1.1929999999999927E+01,
   -2.6327821304548720E+00,3.0170423393406152E+00));
#52010=DIRECTION('',(0.0000000000000000E+00,0.0000000000000000E+00,
   -1.0000000000000000E+00));
#52020=VECTOR('',#52010,1.0000000000000000E+00);
#52030=LINE('',#52000,#52020);
#52040=CARTESIAN_POINT('',(-1.1929999999999927E+01,
   -2.6327821304548760E+00,2.6509176075165772E+00));
#52050=VERTEX_POINT('',#52040);
#52060=CARTESIAN_POINT('',(-1.1929999999999927E+01,
   -2.6327821304548804E+00,5.0000000000000977E-01));
#52070=VERTEX_POINT('',#52060);
#52080=EDGE_CURVE('',#52050,#52070,#52030,.T.);
#52090=ORIENTED_EDGE('',*,*,#52080,.F.);
#52100=CARTESIAN_POINT('',(-1.1929999999999927E+01,
   -2.6327821304548706E+00,-1.6509176075165817E+00));
#52110=VERTEX_POINT('',#52100);
#52120=EDGE_CURVE('',#52070,#52110,#52030,.T.);
#52130=ORIENTED_EDGE('',*,*,#52120,.F.);
#52140=CARTESIAN_POINT('',(-1.1929999999999927E+01,
   -2.6327821304548711E+00,-1.6509176075165817E+00));
#52150=DIRECTION('',(-1.0000000000000000E+00,0.0000000000000000E+00,
   0.0000000000000000E+00));
#52160=VECTOR('',#52150,1.0000000000000000E+00);
#52170=LINE('',#52140,#52160);
#52180=EDGE_CURVE('',#52110,#31890,#52170,.T.);
#52190=ORIENTED_EDGE('',*,*,#52180,.F.);
#52200=ORIENTED_EDGE('',*,*,#31900,.F.);
#52210=CARTESIAN_POINT('',(-1.1929999999999927E+01,
   -2.6327821304548742E+00,2.6509176075165786E+00));
#52220=DIRECTION('',(-1.0000000000000000E+00,0.0000000000000000E+00,
   0.0000000000000000E+00));
#52230=VECTOR('',#52220,1.0000000000000000E+00);
#52240=LINE('',#52210,#52230);
#52250=EDGE_CURVE('',#52050,#31790,#52240,.T.);
#52260=ORIENTED_EDGE('',*,*,#52250,.T.);
#52270=EDGE_LOOP('',(#52260,#52200,#52190,#52130,#52090));
#52280=FACE_OUTER_BOUND('',#52270,.T.);
#52290=ADVANCED_FACE('',(#52280),#51990,.T.);
#52300=COLOUR_RGB('',5.0196081399917603E-01,1.0000000000000000E+00,
   5.0196081399917603E-01);
#52310=FILL_AREA_STYLE_COLOUR('',#52300);
#52320=FILL_AREA_STYLE('',(#52310));
#52330=SURFACE_STYLE_FILL_AREA(#52320);
#52340=SURFACE_SIDE_STYLE('',(#52330));
#52350=SURFACE_STYLE_USAGE(.BOTH.,#52340);
#52360=PRESENTATION_STYLE_ASSIGNMENT((#52350));
#52370=CARTESIAN_POINT('',(-4.8080157115924234E+00,
   5.5054519674845750E+00,-6.7000000000000002E+00));
#52380=DIRECTION('',(0.0000000000000000E+00,0.0000000000000000E+00,
   -1.0000000000000000E+00));
#52390=DIRECTION('',(-1.0000000000000000E+00,0.0000000000000000E+00,
   0.0000000000000000E+00));
#52400=AXIS2_PLACEMENT_3D('',#52370,#52380,#52390);
#52410=PLANE('',#52400);
#52420=CARTESIAN_POINT('',(-2.9089999999999996E+01,
   -5.7909557635968714E+00,-6.7000000000000002E+00));
#52430=DIRECTION('',(0.0000000000000000E+00,-1.0000000000000000E+00,
   0.0000000000000000E+00));
#52440=VECTOR('',#52430,1.0000000000000000E+00);
#52450=LINE('',#52420,#52440);
#52460=CARTESIAN_POINT('',(-2.9089999999999996E+01,
   -4.5778213045488059E-01,-6.7000000000000002E+00));
#52470=VERTEX_POINT('',#52460);
#52480=EDGE_CURVE('',#52470,#41720,#52450,.T.);
#52490=ORIENTED_EDGE('',*,*,#52480,.T.);
#52500=CARTESIAN_POINT('',(-2.2300000000000204E+00,
   -4.5778213045488059E-01,-6.7000000000000002E+00));
#52510=DIRECTION('',(1.0000000000000000E+00,0.0000000000000000E+00,
   0.0000000000000000E+00));
#52520=VECTOR('',#52510,1.0000000000000000E+00);
#52530=LINE('',#52500,#52520);
#52540=EDGE_CURVE('',#52470,#50120,#52530,.T.);
#52550=ORIENTED_EDGE('',*,*,#52540,.F.);
#52560=ORIENTED_EDGE('',*,*,#50220,.T.);
#52570=ORIENTED_EDGE('',*,*,#41490,.F.);
#52580=CARTESIAN_POINT('',(-2.8490000000000020E+01,
   -9.5778213045487703E-01,-6.7000000000000002E+00));
#52590=DIRECTION('',(0.0000000000000000E+00,-6.1230317691118863E-17,
   -1.0000000000000000E+00));
#52600=DIRECTION('',(-1.0000000000000000E+00,0.0000000000000000E+00,
   0.0000000000000000E+00));
#52610=AXIS2_PLACEMENT_3D('',#52580,#52590,#52600);
#52620=CIRCLE('',#52610,8.4999999999999998E-01);
#52630=EDGE_CURVE('',#41760,#41480,#52620,.T.);
#52640=ORIENTED_EDGE('',*,*,#52630,.T.);
#52650=ORIENTED_EDGE('',*,*,#41770,.F.);
#52660=EDGE_LOOP('',(#52650,#52640,#52570,#52560,#52550,#52490));
#52670=FACE_OUTER_BOUND('',#52660,.T.);
#52680=ADVANCED_FACE('',(#52670),#52410,.T.);
#52690=COLOUR_RGB('',9.4901961088180542E-01,9.4901961088180542E-01,
   1.0000000000000000E+00);
#52700=FILL_AREA_STYLE_COLOUR('',#52690);
#52710=FILL_AREA_STYLE('',(#52700));
#52720=SURFACE_STYLE_FILL_AREA(#52710);
#52730=SURFACE_SIDE_STYLE('',(#52720));
#52740=SURFACE_STYLE_USAGE(.BOTH.,#52730);
#52750=PRESENTATION_STYLE_ASSIGNMENT((#52740));
#52760=CARTESIAN_POINT('',(-1.8630000000000024E+01,
   9.2022178695451196E+00,-1.0199999999999992E+01));
#52770=DIRECTION('',(0.0000000000000000E+00,0.0000000000000000E+00,
   -1.0000000000000000E+00));
#52780=DIRECTION('',(-1.0000000000000000E+00,0.0000000000000000E+00,
   0.0000000000000000E+00));
#52790=AXIS2_PLACEMENT_3D('',#52760,#52770,#52780);
#52800=PLANE('',#52790);
#52810=CARTESIAN_POINT('',(-2.2300000000000204E+00,
   9.7022178695451196E+00,-1.0199999999999992E+01));
#52820=DIRECTION('',(1.0000000000000000E+00,0.0000000000000000E+00,
   0.0000000000000000E+00));
#52830=VECTOR('',#52820,1.0000000000000000E+00);
#52840=LINE('',#52810,#52830);
#52850=EDGE_CURVE('',#39250,#46310,#52840,.T.);
#52860=ORIENTED_EDGE('',*,*,#52850,.T.);
#52870=ORIENTED_EDGE('',*,*,#39260,.T.);
#52880=CARTESIAN_POINT('',(-2.2300000000000204E+00,
   8.7022178695451231E+00,-1.0199999999999992E+01));
#52890=DIRECTION('',(-1.0000000000000000E+00,0.0000000000000000E+00,
   0.0000000000000000E+00));
#52900=VECTOR('',#52890,1.0000000000000000E+00);
#52910=LINE('',#52880,#52900);
#52920=EDGE_CURVE('',#46410,#39170,#52910,.T.);
#52930=ORIENTED_EDGE('',*,*,#52920,.T.);
#52940=ORIENTED_EDGE('',*,*,#46420,.T.);
#52950=EDGE_LOOP('',(#52940,#52930,#52870,#52860));
#52960=FACE_OUTER_BOUND('',#52950,.T.);
#52970=ADVANCED_FACE('',(#52960),#52800,.T.);
#52980=COLOUR_RGB('',9.4901961088180542E-01,9.4901961088180542E-01,
   1.0000000000000000E+00);
#52990=FILL_AREA_STYLE_COLOUR('',#52980);
#53000=FILL_AREA_STYLE('',(#52990));
#53010=SURFACE_STYLE_FILL_AREA(#53000);
#53020=SURFACE_SIDE_STYLE('',(#53010));
#53030=SURFACE_STYLE_USAGE(.BOTH.,#53020);
#53040=PRESENTATION_STYLE_ASSIGNMENT((#53030));
#53050=ORIENTED_EDGE('',*,*,#43360,.T.);
#53060=CARTESIAN_POINT('',(-2.8490000000000020E+01,
   -9.5778213045487615E-01,5.2999999999999980E+00));
#53070=DIRECTION('',(0.0000000000000000E+00,-6.1230317691118863E-17,
   -1.0000000000000000E+00));
#53080=DIRECTION('',(-1.0000000000000000E+00,0.0000000000000000E+00,
   0.0000000000000000E+00));
#53090=AXIS2_PLACEMENT_3D('',#53060,#53070,#53080);
#53100=CIRCLE('',#53090,8.4999999999999998E-01);
#53110=EDGE_CURVE('',#43330,#43350,#53100,.T.);
#53120=ORIENTED_EDGE('',*,*,#53110,.F.);
#53130=EDGE_LOOP('',(#53120,#53050));
#53140=FACE_OUTER_BOUND('',#53130,.T.);
#53150=ADVANCED_FACE('',(#53140),#51080,.T.);
#53160=COLOUR_RGB('',5.0196081399917603E-01,1.0000000000000000E+00,
   5.0196081399917603E-01);
#53170=FILL_AREA_STYLE_COLOUR('',#53160);
#53180=FILL_AREA_STYLE('',(#53170));
#53190=SURFACE_STYLE_FILL_AREA(#53180);
#53200=SURFACE_SIDE_STYLE('',(#53190));
#53210=SURFACE_STYLE_USAGE(.BOTH.,#53200);
#53220=PRESENTATION_STYLE_ASSIGNMENT((#53210));
#53230=CARTESIAN_POINT('',(-2.2300000000000204E+00,
   9.2022178695451213E+00,5.2999999999999980E+00));
#53240=DIRECTION('',(1.0000000000000000E+00,0.0000000000000000E+00,
   0.0000000000000000E+00));
#53250=VECTOR('',#53240,1.0000000000000000E+00);
#53260=LINE('',#53230,#53250);
#53270=CARTESIAN_POINT('',(-2.4260000000000019E+01,
   9.2022178695451213E+00,5.2999999999999980E+00));
#53280=VERTEX_POINT('',#53270);
#53290=CARTESIAN_POINT('',(-2.2560000000000016E+01,
   9.2022178695451213E+00,5.2999999999999980E+00));
#53300=VERTEX_POINT('',#53290);
#53310=EDGE_CURVE('',#53280,#53300,#53260,.T.);
#53320=ORIENTED_EDGE('',*,*,#53310,.F.);
#53330=CARTESIAN_POINT('',(-2.3410000000000018E+01,
   9.2022178695451231E+00,5.2999999999999980E+00));
#53340=DIRECTION('',(0.0000000000000000E+00,-6.1230317691118863E-17,
   -1.0000000000000000E+00));
#53350=DIRECTION('',(-1.0000000000000000E+00,0.0000000000000000E+00,
   0.0000000000000000E+00));
#53360=AXIS2_PLACEMENT_3D('',#53330,#53340,#53350);
#53370=CIRCLE('',#53360,8.4999999999999998E-01);
#53380=EDGE_CURVE('',#53300,#53280,#53370,.T.);
#53390=ORIENTED_EDGE('',*,*,#53380,.F.);
#53400=EDGE_LOOP('',(#53390,#53320));
#53410=FACE_OUTER_BOUND('',#53400,.T.);
#53420=ADVANCED_FACE('',(#53410),#38400,.T.);
#53430=COLOUR_RGB('',5.0196081399917603E-01,1.0000000000000000E+00,
   5.0196081399917603E-01);
#53440=FILL_AREA_STYLE_COLOUR('',#53430);
#53450=FILL_AREA_STYLE('',(#53440));
#53460=SURFACE_STYLE_FILL_AREA(#53450);
#53470=SURFACE_SIDE_STYLE('',(#53460));
#53480=SURFACE_STYLE_USAGE(.BOTH.,#53470);
#53490=PRESENTATION_STYLE_ASSIGNMENT((#53480));
#53500=ORIENTED_EDGE('',*,*,#53310,.T.);
#53510=CARTESIAN_POINT('',(-2.3410000000000018E+01,
   9.2022178695451231E+00,5.2999999999999980E+00));
#53520=DIRECTION('',(0.0000000000000000E+00,-6.1230317691118863E-17,
   -1.0000000000000000E+00));
#53530=DIRECTION('',(-1.0000000000000000E+00,0.0000000000000000E+00,
   0.0000000000000000E+00));
#53540=AXIS2_PLACEMENT_3D('',#53510,#53520,#53530);
#53550=CIRCLE('',#53540,8.4999999999999998E-01);
#53560=EDGE_CURVE('',#53280,#53300,#53550,.T.);
#53570=ORIENTED_EDGE('',*,*,#53560,.F.);
#53580=EDGE_LOOP('',(#53570,#53500));
#53590=FACE_OUTER_BOUND('',#53580,.T.);
#53600=ADVANCED_FACE('',(#53590),#42000,.T.);
#53610=COLOUR_RGB('',5.0196081399917603E-01,1.0000000000000000E+00,
   5.0196081399917603E-01);
#53620=FILL_AREA_STYLE_COLOUR('',#53610);
#53630=FILL_AREA_STYLE('',(#53620));
#53640=SURFACE_STYLE_FILL_AREA(#53630);
#53650=SURFACE_SIDE_STYLE('',(#53640));
#53660=SURFACE_STYLE_USAGE(.BOTH.,#53650);
#53670=PRESENTATION_STYLE_ASSIGNMENT((#53660));
#53680=ORIENTED_EDGE('',*,*,#42090,.T.);
#53690=CARTESIAN_POINT('',(-2.8490000000000027E+01,
   9.2022178695451231E+00,5.2999999999999980E+00));
#53700=DIRECTION('',(0.0000000000000000E+00,-6.1230317691118863E-17,
   -1.0000000000000000E+00));
#53710=DIRECTION('',(-1.0000000000000000E+00,0.0000000000000000E+00,
   0.0000000000000000E+00));
#53720=AXIS2_PLACEMENT_3D('',#53690,#53700,#53710);
#53730=CIRCLE('',#53720,8.4999999999999998E-01);
#53740=EDGE_CURVE('',#42060,#42080,#53730,.T.);
#53750=ORIENTED_EDGE('',*,*,#53740,.F.);
#53760=EDGE_LOOP('',(#53750,#53680));
#53770=FACE_OUTER_BOUND('',#53760,.T.);
#53780=ADVANCED_FACE('',(#53770),#38400,.T.);
#53790=COLOUR_RGB('',5.0196081399917603E-01,1.0000000000000000E+00,
   5.0196081399917603E-01);
#53800=FILL_AREA_STYLE_COLOUR('',#53790);
#53810=FILL_AREA_STYLE('',(#53800));
#53820=SURFACE_STYLE_FILL_AREA(#53810);
#53830=SURFACE_SIDE_STYLE('',(#53820));
#53840=SURFACE_STYLE_USAGE(.BOTH.,#53830);
#53850=PRESENTATION_STYLE_ASSIGNMENT((#53840));
#53860=CARTESIAN_POINT('',(7.6999999999997959E-01,1.4035391502687082E+01
   ,-4.0000000000000000E+00));
#53870=DIRECTION('',(0.0000000000000000E+00,-1.0000000000000000E+00,
   0.0000000000000000E+00));
#53880=DIRECTION('',(0.0000000000000000E+00,0.0000000000000000E+00,
   1.0000000000000000E+00));
#53890=AXIS2_PLACEMENT_3D('',#53860,#53870,#53880);
#53900=CYLINDRICAL_SURFACE('',#53890,5.0000000000000000E-01);
#53910=CARTESIAN_POINT('',(7.6999999999997970E-01,1.4035391502687082E+01
   ,-4.5000000000000000E+00));
#53920=DIRECTION('',(0.0000000000000000E+00,-1.0000000000000000E+00,
   0.0000000000000000E+00));
#53930=VECTOR('',#53920,1.0000000000000000E+00);
#53940=LINE('',#53910,#53930);
#53950=CARTESIAN_POINT('',(7.6999999999997970E-01,1.5802217869545116E+01
   ,-4.5000000000000000E+00));
#53960=VERTEX_POINT('',#53950);
#53970=EDGE_CURVE('',#53960,#10670,#53940,.T.);
#53980=ORIENTED_EDGE('',*,*,#53970,.T.);
#53990=CARTESIAN_POINT('',(7.6999999999997959E-01,1.5802217869545116E+01
   ,-4.0000000000000000E+00));
#54000=DIRECTION('',(0.0000000000000000E+00,1.0000000000000000E+00,
   0.0000000000000000E+00));
#54010=DIRECTION('',(0.0000000000000000E+00,0.0000000000000000E+00,
   1.0000000000000000E+00));
#54020=AXIS2_PLACEMENT_3D('',#53990,#54000,#54010);
#54030=CIRCLE('',#54020,5.0000000000000000E-01);
#54040=CARTESIAN_POINT('',(2.6999999999997959E-01,1.5802217869545116E+01
   ,-4.0000000000000000E+00));
#54050=VERTEX_POINT('',#54040);
#54060=EDGE_CURVE('',#53960,#54050,#54030,.T.);
#54070=ORIENTED_EDGE('',*,*,#54060,.F.);
#54080=CARTESIAN_POINT('',(2.6999999999997959E-01,1.4035391502687082E+01
   ,-4.0000000000000000E+00));
#54090=DIRECTION('',(0.0000000000000000E+00,-1.0000000000000000E+00,
   0.0000000000000000E+00));
#54100=VECTOR('',#54090,1.0000000000000000E+00);
#54110=LINE('',#54080,#54100);
#54120=EDGE_CURVE('',#54050,#10760,#54110,.T.);
#54130=ORIENTED_EDGE('',*,*,#54120,.F.);
#54140=ORIENTED_EDGE('',*,*,#10770,.T.);
#54150=EDGE_LOOP('',(#54140,#54130,#54070,#53980));
#54160=FACE_OUTER_BOUND('',#54150,.T.);
#54170=ADVANCED_FACE('',(#54160),#53900,.T.);
#54180=COLOUR_RGB('',5.0196081399917603E-01,1.0000000000000000E+00,
   5.0196081399917603E-01);
#54190=FILL_AREA_STYLE_COLOUR('',#54180);
#54200=FILL_AREA_STYLE('',(#54190));
#54210=SURFACE_STYLE_FILL_AREA(#54200);
#54220=SURFACE_SIDE_STYLE('',(#54210));
#54230=SURFACE_STYLE_USAGE(.BOTH.,#54220);
#54240=PRESENTATION_STYLE_ASSIGNMENT((#54230));
#54250=CARTESIAN_POINT('',(2.6999999999997959E-01,1.5202217869545114E+01
   ,-6.2000000000000002E+00));
#54260=DIRECTION('',(1.0000000000000000E+00,0.0000000000000000E+00,
   -0.0000000000000000E+00));
#54270=DIRECTION('',(0.0000000000000000E+00,0.0000000000000000E+00,
   1.0000000000000000E+00));
#54280=AXIS2_PLACEMENT_3D('',#54250,#54260,#54270);
#54290=PLANE('',#54280);
#54300=CARTESIAN_POINT('',(2.6999999999997959E-01,1.4035391502687082E+01
   ,-4.9999999999999956E-01));
#54310=DIRECTION('',(0.0000000000000000E+00,1.0000000000000000E+00,
   0.0000000000000000E+00));
#54320=VECTOR('',#54310,1.0000000000000000E+00);
#54330=LINE('',#54300,#54320);
#54340=CARTESIAN_POINT('',(2.6999999999997959E-01,1.5802217869545116E+01
   ,-4.9999999999999956E-01));
#54350=VERTEX_POINT('',#54340);
#54360=EDGE_CURVE('',#10840,#54350,#54330,.T.);
#54370=ORIENTED_EDGE('',*,*,#54360,.T.);
#54380=ORIENTED_EDGE('',*,*,#10850,.T.);
#54390=ORIENTED_EDGE('',*,*,#54120,.T.);
#54400=CARTESIAN_POINT('',(2.6999999999997959E-01,1.5802217869545116E+01
   ,3.0170423393406152E+00));
#54410=DIRECTION('',(0.0000000000000000E+00,0.0000000000000000E+00,
   -1.0000000000000000E+00));
#54420=VECTOR('',#54410,1.0000000000000000E+00);
#54430=LINE('',#54400,#54420);
#54440=EDGE_CURVE('',#54350,#54050,#54430,.T.);
#54450=ORIENTED_EDGE('',*,*,#54440,.T.);
#54460=EDGE_LOOP('',(#54450,#54390,#54380,#54370));
#54470=FACE_OUTER_BOUND('',#54460,.T.);
#54480=ADVANCED_FACE('',(#54470),#54290,.F.);
#54490=COLOUR_RGB('',5.0196081399917603E-01,1.0000000000000000E+00,
   5.0196081399917603E-01);
#54500=FILL_AREA_STYLE_COLOUR('',#54490);
#54510=FILL_AREA_STYLE('',(#54500));
#54520=SURFACE_STYLE_FILL_AREA(#54510);
#54530=SURFACE_SIDE_STYLE('',(#54520));
#54540=SURFACE_STYLE_USAGE(.BOTH.,#54530);
#54550=PRESENTATION_STYLE_ASSIGNMENT((#54540));
#54560=CARTESIAN_POINT('',(1.8028326809999942E+00,1.6002217869545120E+01
   ,-4.5000000000000000E+00));
#54570=DIRECTION('',(0.0000000000000000E+00,0.0000000000000000E+00,
   -1.0000000000000000E+00));
#54580=DIRECTION('',(1.0000000000000000E+00,0.0000000000000000E+00,
   0.0000000000000000E+00));
#54590=AXIS2_PLACEMENT_3D('',#54560,#54570,#54580);
#54600=PLANE('',#54590);
#54610=ORIENTED_EDGE('',*,*,#53970,.F.);
#54620=ORIENTED_EDGE('',*,*,#10680,.F.);
#54630=CARTESIAN_POINT('',(1.2699999999999796E+00,
   -5.7909557635968714E+00,-4.5000000000000000E+00));
#54640=DIRECTION('',(0.0000000000000000E+00,-1.0000000000000000E+00,
   0.0000000000000000E+00));
#54650=VECTOR('',#54640,1.0000000000000000E+00);
#54660=LINE('',#54630,#54650);
#54670=CARTESIAN_POINT('',(1.2699999999999796E+00,1.5802217869545116E+01
   ,-4.5000000000000000E+00));
#54680=VERTEX_POINT('',#54670);
#54690=EDGE_CURVE('',#54680,#10590,#54660,.T.);
#54700=ORIENTED_EDGE('',*,*,#54690,.T.);
#54710=CARTESIAN_POINT('',(-2.2300000000000204E+00,
   1.5802217869545116E+01,-4.5000000000000000E+00));
#54720=DIRECTION('',(1.0000000000000000E+00,0.0000000000000000E+00,
   0.0000000000000000E+00));
#54730=VECTOR('',#54720,1.0000000000000000E+00);
#54740=LINE('',#54710,#54730);
#54750=EDGE_CURVE('',#53960,#54680,#54740,.T.);
#54760=ORIENTED_EDGE('',*,*,#54750,.T.);
#54770=EDGE_LOOP('',(#54760,#54700,#54620,#54610));
#54780=FACE_OUTER_BOUND('',#54770,.T.);
#54790=ADVANCED_FACE('',(#54780),#54600,.T.);
#54800=COLOUR_RGB('',5.0196081399917603E-01,1.0000000000000000E+00,
   5.0196081399917603E-01);
#54810=FILL_AREA_STYLE_COLOUR('',#54800);
#54820=FILL_AREA_STYLE('',(#54810));
#54830=SURFACE_STYLE_FILL_AREA(#54820);
#54840=SURFACE_SIDE_STYLE('',(#54830));
#54850=SURFACE_STYLE_USAGE(.BOTH.,#54840);
#54860=PRESENTATION_STYLE_ASSIGNMENT((#54850));
#54870=CARTESIAN_POINT('',(-1.7297687653753846E+00,
   1.5802217869545116E+01,-1.1366001328071702E+00));
#54880=DIRECTION('',(0.0000000000000000E+00,-1.0000000000000000E+00,
   0.0000000000000000E+00));
#54890=DIRECTION('',(1.0000000000000000E+00,0.0000000000000000E+00,
   0.0000000000000000E+00));
#54900=AXIS2_PLACEMENT_3D('',#54870,#54880,#54890);
#54910=PLANE('',#54900);
#54920=CARTESIAN_POINT('',(-2.2300000000000204E+00,
   1.5802217869545116E+01,5.5000000000000000E+00));
#54930=DIRECTION('',(-1.0000000000000000E+00,0.0000000000000000E+00,
   0.0000000000000000E+00));
#54940=VECTOR('',#54930,1.0000000000000000E+00);
#54950=LINE('',#54920,#54940);
#54960=CARTESIAN_POINT('',(1.2699999999999796E+00,1.5802217869545116E+01
   ,5.5000000000000000E+00));
#54970=VERTEX_POINT('',#54960);
#54980=CARTESIAN_POINT('',(7.6999999999997970E-01,1.5802217869545116E+01
   ,5.5000000000000000E+00));
#54990=VERTEX_POINT('',#54980);
#55000=EDGE_CURVE('',#54970,#54990,#54950,.T.);
#55010=ORIENTED_EDGE('',*,*,#55000,.F.);
#55020=CARTESIAN_POINT('',(7.6999999999997959E-01,1.5802217869545116E+01
   ,5.0000000000000000E+00));
#55030=DIRECTION('',(0.0000000000000000E+00,-1.0000000000000000E+00,
   0.0000000000000000E+00));
#55040=DIRECTION('',(0.0000000000000000E+00,0.0000000000000000E+00,
   -1.0000000000000000E+00));
#55050=AXIS2_PLACEMENT_3D('',#55020,#55030,#55040);
#55060=CIRCLE('',#55050,5.0000000000000000E-01);
#55070=CARTESIAN_POINT('',(2.6999999999997959E-01,1.5802217869545116E+01
   ,5.0000000000000000E+00));
#55080=VERTEX_POINT('',#55070);
#55090=EDGE_CURVE('',#54990,#55080,#55060,.T.);
#55100=ORIENTED_EDGE('',*,*,#55090,.F.);
#55110=CARTESIAN_POINT('',(2.6999999999997959E-01,1.5802217869545116E+01
   ,3.0170423393406152E+00));
#55120=DIRECTION('',(0.0000000000000000E+00,0.0000000000000000E+00,
   1.0000000000000000E+00));
#55130=VECTOR('',#55120,1.0000000000000000E+00);
#55140=LINE('',#55110,#55130);
#55150=CARTESIAN_POINT('',(2.6999999999997959E-01,1.5802217869545116E+01
   ,1.5000000000000004E+00));
#55160=VERTEX_POINT('',#55150);
#55170=EDGE_CURVE('',#55160,#55080,#55140,.T.);
#55180=ORIENTED_EDGE('',*,*,#55170,.T.);
#55190=CARTESIAN_POINT('',(-2.3000000000002041E-01,
   1.5802217869545116E+01,1.5000000000000004E+00));
#55200=DIRECTION('',(0.0000000000000000E+00,-1.0000000000000000E+00,
   0.0000000000000000E+00));
#55210=DIRECTION('',(0.0000000000000000E+00,0.0000000000000000E+00,
   -1.0000000000000000E+00));
#55220=AXIS2_PLACEMENT_3D('',#55190,#55200,#55210);
#55230=CIRCLE('',#55220,5.0000000000000000E-01);
#55240=CARTESIAN_POINT('',(-2.3000000000002041E-01,
   1.5802217869545116E+01,1.0000000000000004E+00));
#55250=VERTEX_POINT('',#55240);
#55260=EDGE_CURVE('',#55250,#55160,#55230,.T.);
#55270=ORIENTED_EDGE('',*,*,#55260,.T.);
#55280=CARTESIAN_POINT('',(-2.2300000000000204E+00,
   1.5802217869545116E+01,1.0000000000000004E+00));
#55290=DIRECTION('',(-1.0000000000000000E+00,0.0000000000000000E+00,
   0.0000000000000000E+00));
#55300=VECTOR('',#55290,1.0000000000000000E+00);
#55310=LINE('',#55280,#55300);
#55320=CARTESIAN_POINT('',(-3.2300000000000200E+00,
   1.5802217869545116E+01,1.0000000000000004E+00));
#55330=VERTEX_POINT('',#55320);
#55340=EDGE_CURVE('',#55250,#55330,#55310,.T.);
#55350=ORIENTED_EDGE('',*,*,#55340,.F.);
#55360=CARTESIAN_POINT('',(-3.2300000000000200E+00,
   1.5802217869545116E+01,5.0000000000000044E-01));
#55370=DIRECTION('',(0.0000000000000000E+00,-1.0000000000000000E+00,
   0.0000000000000000E+00));
#55380=DIRECTION('',(0.0000000000000000E+00,0.0000000000000000E+00,
   -1.0000000000000000E+00));
#55390=AXIS2_PLACEMENT_3D('',#55360,#55370,#55380);
#55400=CIRCLE('',#55390,5.0000000000000000E-01);
#55410=CARTESIAN_POINT('',(-3.2300000000000200E+00,
   1.5802217869545116E+01,4.4408920985006262E-16));
#55420=VERTEX_POINT('',#55410);
#55430=EDGE_CURVE('',#55330,#55420,#55400,.T.);
#55440=ORIENTED_EDGE('',*,*,#55430,.F.);
#55450=CARTESIAN_POINT('',(-2.2300000000000204E+00,
   1.5802217869545116E+01,4.4408920985006262E-16));
#55460=DIRECTION('',(-1.0000000000000000E+00,0.0000000000000000E+00,
   0.0000000000000000E+00));
#55470=VECTOR('',#55460,1.0000000000000000E+00);
#55480=LINE('',#55450,#55470);
#55490=CARTESIAN_POINT('',(-2.3000000000002035E-01,
   1.5802217869545116E+01,4.4408920985006262E-16));
#55500=VERTEX_POINT('',#55490);
#55510=EDGE_CURVE('',#55500,#55420,#55480,.T.);
#55520=ORIENTED_EDGE('',*,*,#55510,.T.);
#55530=CARTESIAN_POINT('',(-2.3000000000002041E-01,
   1.5802217869545116E+01,-4.9999999999999956E-01));
#55540=DIRECTION('',(0.0000000000000000E+00,-1.0000000000000000E+00,
   0.0000000000000000E+00));
#55550=DIRECTION('',(0.0000000000000000E+00,0.0000000000000000E+00,
   -1.0000000000000000E+00));
#55560=AXIS2_PLACEMENT_3D('',#55530,#55540,#55550);
#55570=CIRCLE('',#55560,5.0000000000000000E-01);
#55580=EDGE_CURVE('',#54350,#55500,#55570,.T.);
#55590=ORIENTED_EDGE('',*,*,#55580,.T.);
#55600=ORIENTED_EDGE('',*,*,#54440,.F.);
#55610=ORIENTED_EDGE('',*,*,#54060,.T.);
#55620=ORIENTED_EDGE('',*,*,#54750,.F.);
#55630=CARTESIAN_POINT('',(1.2699999999999796E+00,1.5802217869545116E+01
   ,3.0170423393406152E+00));
#55640=DIRECTION('',(0.0000000000000000E+00,0.0000000000000000E+00,
   1.0000000000000000E+00));
#55650=VECTOR('',#55640,1.0000000000000000E+00);
#55660=LINE('',#55630,#55650);
#55670=EDGE_CURVE('',#54680,#54970,#55660,.T.);
#55680=ORIENTED_EDGE('',*,*,#55670,.F.);
#55690=EDGE_LOOP('',(#55680,#55620,#55610,#55600,#55590,#55520,#55440,
   #55350,#55270,#55180,#55100,#55010));
#55700=FACE_OUTER_BOUND('',#55690,.T.);
#55710=ADVANCED_FACE('',(#55700),#54910,.F.);
#55720=COLOUR_RGB('',5.0196081399917603E-01,1.0000000000000000E+00,
   5.0196081399917603E-01);
#55730=FILL_AREA_STYLE_COLOUR('',#55720);
#55740=FILL_AREA_STYLE('',(#55730));
#55750=SURFACE_STYLE_FILL_AREA(#55740);
#55760=SURFACE_SIDE_STYLE('',(#55750));
#55770=SURFACE_STYLE_USAGE(.BOTH.,#55760);
#55780=PRESENTATION_STYLE_ASSIGNMENT((#55770));
#55790=CARTESIAN_POINT('',(-2.3110000000000014E+01,
   9.2022178695451196E+00,-1.0199999999999999E+01));
#55800=DIRECTION('',(9.7014250014533432E-01,0.0000000000000000E+00,
   -2.4253562503632353E-01));
#55810=DIRECTION('',(-2.4253562503632353E-01,0.0000000000000000E+00,
   -9.7014250014533432E-01));
#55820=AXIS2_PLACEMENT_3D('',#55790,#55800,#55810);
#55830=PLANE('',#55820);
#55840=ORIENTED_EDGE('',*,*,#36080,.T.);
#55850=ORIENTED_EDGE('',*,*,#38860,.F.);
#55860=CARTESIAN_POINT('',(-1.9805739415164997E+01,
   9.7022178695451196E+00,3.0170423393406152E+00));
#55870=DIRECTION('',(2.4253562503632353E-01,0.0000000000000000E+00,
   9.7014250014533432E-01));
#55880=VECTOR('',#55870,1.0000000000000000E+00);
#55890=LINE('',#55860,#55880);
#55900=EDGE_CURVE('',#46010,#38790,#55890,.T.);
#55910=ORIENTED_EDGE('',*,*,#55900,.T.);
#55920=ORIENTED_EDGE('',*,*,#46020,.F.);
#55930=EDGE_LOOP('',(#55920,#55910,#55850,#55840));
#55940=FACE_OUTER_BOUND('',#55930,.T.);
#55950=ADVANCED_FACE('',(#55940),#55830,.T.);
#55960=COLOUR_RGB('',9.4901961088180542E-01,9.4901961088180542E-01,
   1.0000000000000000E+00);
#55970=FILL_AREA_STYLE_COLOUR('',#55960);
#55980=FILL_AREA_STYLE('',(#55970));
#55990=SURFACE_STYLE_FILL_AREA(#55980);
#56000=SURFACE_SIDE_STYLE('',(#55990));
#56010=SURFACE_STYLE_USAGE(.BOTH.,#56000);
#56020=PRESENTATION_STYLE_ASSIGNMENT((#56010));
#56030=CARTESIAN_POINT('',(1.2699999999999796E+00,2.6393124795248568E+01
   ,3.6370754175225994E+00));
#56040=DIRECTION('',(1.0000000000000000E+00,0.0000000000000000E+00,
   0.0000000000000000E+00));
#56050=DIRECTION('',(0.0000000000000000E+00,1.0000000000000000E+00,
   0.0000000000000000E+00));
#56060=AXIS2_PLACEMENT_3D('',#56030,#56040,#56050);
#56070=PLANE('',#56060);
#56080=CARTESIAN_POINT('',(1.2699999999999796E+00,7.5457178695450935E+00
   ,5.8274999999999748E+00));
#56090=DIRECTION('',(1.0000000000000000E+00,0.0000000000000000E+00,
   0.0000000000000000E+00));
#56100=DIRECTION('',(0.0000000000000000E+00,-1.0000000000000000E+00,
   1.2246063538223773E-16));
#56110=AXIS2_PLACEMENT_3D('',#56080,#56090,#56100);
#56120=CIRCLE('',#56110,1.9349999999991496E-01);
#56130=CARTESIAN_POINT('',(1.2699999999999796E+00,7.5457178695450935E+00
   ,6.0209999999998898E+00));
#56140=VERTEX_POINT('',#56130);
#56150=CARTESIAN_POINT('',(1.2699999999999796E+00,7.3522178695451785E+00
   ,5.8274999999999748E+00));
#56160=VERTEX_POINT('',#56150);
#56170=EDGE_CURVE('',#56140,#56160,#56120,.T.);
#56180=ORIENTED_EDGE('',*,*,#56170,.F.);
#56190=CARTESIAN_POINT('',(1.2699999999999791E+00,7.3979014931290070E+00
   ,5.7026297919309261E+00));
#56200=VERTEX_POINT('',#56190);
#56210=EDGE_CURVE('',#56160,#56200,#56120,.T.);
#56220=ORIENTED_EDGE('',*,*,#56210,.F.);
#56230=CARTESIAN_POINT('',(1.2699999999999791E+00,9.6665937187378361E+00
   ,3.0170423393406152E+00));
#56240=DIRECTION('',(-0.0000000000000000E+00,6.4532407270864856E-01,
   -7.6390892204681249E-01));
#56250=VECTOR('',#56240,1.0000000000000000E+00);
#56260=LINE('',#56230,#56250);
#56270=CARTESIAN_POINT('',(1.2699999999999796E+00,7.6380342459612134E+00
   ,5.4183702080691152E+00));
#56280=VERTEX_POINT('',#56270);
#56290=EDGE_CURVE('',#56200,#56280,#56260,.T.);
#56300=ORIENTED_EDGE('',*,*,#56290,.F.);
#56310=CARTESIAN_POINT('',(1.2699999999999796E+00,7.4902178695452122E+00
   ,5.2934999999999901E+00));
#56320=DIRECTION('',(1.0000000000000000E+00,0.0000000000000000E+00,
   0.0000000000000000E+00));
#56330=DIRECTION('',(0.0000000000000000E+00,-1.0000000000000000E+00,
   1.2246063538223773E-16));
#56340=AXIS2_PLACEMENT_3D('',#56310,#56320,#56330);
#56350=CIRCLE('',#56340,1.9349999999995759E-01);
#56360=CARTESIAN_POINT('',(1.2699999999999796E+00,7.6517728137591678E+00
   ,5.4000000000000341E+00));
#56370=VERTEX_POINT('',#56360);
#56380=EDGE_CURVE('',#56370,#56280,#56350,.T.);
#56390=ORIENTED_EDGE('',*,*,#56380,.T.);
#56400=CARTESIAN_POINT('',(1.2699999999999796E+00,
   -5.7909557635968714E+00,5.4000000000000004E+00));
#56410=DIRECTION('',(0.0000000000000000E+00,1.0000000000000000E+00,
   0.0000000000000000E+00));
#56420=VECTOR('',#56410,1.0000000000000000E+00);
#56430=LINE('',#56400,#56420);
#56440=CARTESIAN_POINT('',(1.2699999999999796E+00,4.7022178695451160E+00
   ,5.4000000000000004E+00));
#56450=VERTEX_POINT('',#56440);
#56460=EDGE_CURVE('',#56450,#56370,#56430,.T.);
#56470=ORIENTED_EDGE('',*,*,#56460,.T.);
#56480=CARTESIAN_POINT('',(1.2699999999999796E+00,4.7022178695451160E+00
   ,3.0170423393406152E+00));
#56490=DIRECTION('',(0.0000000000000000E+00,0.0000000000000000E+00,
   1.0000000000000000E+00));
#56500=VECTOR('',#56490,1.0000000000000000E+00);
#56510=LINE('',#56480,#56500);
#56520=CARTESIAN_POINT('',(1.2699999999999796E+00,4.7022178695451160E+00
   ,-3.1000000000000023E+00));
#56530=VERTEX_POINT('',#56520);
#56540=EDGE_CURVE('',#56530,#56450,#56510,.T.);
#56550=ORIENTED_EDGE('',*,*,#56540,.T.);
#56560=CARTESIAN_POINT('',(1.2699999999999800E+00,
   -5.7909557635968714E+00,-3.1000000000000023E+00));
#56570=DIRECTION('',(0.0000000000000000E+00,-1.0000000000000000E+00,
   0.0000000000000000E+00));
#56580=VECTOR('',#56570,1.0000000000000000E+00);
#56590=LINE('',#56560,#56580);
#56600=CARTESIAN_POINT('',(1.2699999999999800E+00,5.3124878017897768E+00
   ,-3.1000000000000023E+00));
#56610=VERTEX_POINT('',#56600);
#56620=EDGE_CURVE('',#56610,#56530,#56590,.T.);
#56630=ORIENTED_EDGE('',*,*,#56620,.T.);
#56640=CARTESIAN_POINT('',(1.2699999999999796E+00,9.2022178695451160E+00
   ,5.0000000000000178E-01));
#56650=DIRECTION('',(1.0000000000000000E+00,0.0000000000000000E+00,
   0.0000000000000000E+00));
#56660=DIRECTION('',(0.0000000000000000E+00,1.0000000000000000E+00,
   0.0000000000000000E+00));
#56670=AXIS2_PLACEMENT_3D('',#56640,#56650,#56660);
#56680=CIRCLE('',#56670,5.3000000000000007E+00);
#56690=CARTESIAN_POINT('',(1.2699999999999800E+00,1.3091947937300455E+01
   ,-3.1000000000000023E+00));
#56700=VERTEX_POINT('',#56690);
#56710=EDGE_CURVE('',#56610,#56700,#56680,.T.);
#56720=ORIENTED_EDGE('',*,*,#56710,.F.);
#56730=CARTESIAN_POINT('',(1.2699999999999800E+00,
   -5.7909557635968714E+00,-3.1000000000000023E+00));
#56740=DIRECTION('',(0.0000000000000000E+00,-1.0000000000000000E+00,
   0.0000000000000000E+00));
#56750=VECTOR('',#56740,1.0000000000000000E+00);
#56760=LINE('',#56730,#56750);
#56770=CARTESIAN_POINT('',(1.2699999999999796E+00,1.4202217869545111E+01
   ,-3.1000000000000023E+00));
#56780=VERTEX_POINT('',#56770);
#56790=EDGE_CURVE('',#56780,#56700,#56760,.T.);
#56800=ORIENTED_EDGE('',*,*,#56790,.T.);
#56810=CARTESIAN_POINT('',(1.2699999999999796E+00,1.4202217869545111E+01
   ,3.0170423393406152E+00));
#56820=DIRECTION('',(0.0000000000000000E+00,0.0000000000000000E+00,
   -1.0000000000000000E+00));
#56830=VECTOR('',#56820,1.0000000000000000E+00);
#56840=LINE('',#56810,#56830);
#56850=CARTESIAN_POINT('',(1.2699999999999796E+00,1.4202217869545111E+01
   ,5.4000000000000004E+00));
#56860=VERTEX_POINT('',#56850);
#56870=EDGE_CURVE('',#56860,#56780,#56840,.T.);
#56880=ORIENTED_EDGE('',*,*,#56870,.T.);
#56890=CARTESIAN_POINT('',(1.2699999999999796E+00,
   -5.7909557635968714E+00,5.4000000000000004E+00));
#56900=DIRECTION('',(0.0000000000000000E+00,1.0000000000000000E+00,
   0.0000000000000000E+00));
#56910=VECTOR('',#56900,1.0000000000000000E+00);
#56920=LINE('',#56890,#56910);
#56930=CARTESIAN_POINT('',(1.2699999999999796E+00,1.0752662925331100E+01
   ,5.3999999999999364E+00));
#56940=VERTEX_POINT('',#56930);
#56950=EDGE_CURVE('',#56940,#56860,#56920,.T.);
#56960=ORIENTED_EDGE('',*,*,#56950,.T.);
#56970=CARTESIAN_POINT('',(1.2699999999999796E+00,1.0914217869544993E+01
   ,5.2934999999999901E+00));
#56980=DIRECTION('',(1.0000000000000000E+00,0.0000000000000000E+00,
   0.0000000000000000E+00));
#56990=DIRECTION('',(0.0000000000000000E+00,-1.0000000000000000E+00,
   1.2246063538223773E-16));
#57000=AXIS2_PLACEMENT_3D('',#56970,#56980,#56990);
#57010=CIRCLE('',#57000,1.9349999999985168E-01);
#57020=CARTESIAN_POINT('',(1.2699999999999796E+00,1.0766401493128951E+01
   ,5.4183702080692653E+00));
#57030=VERTEX_POINT('',#57020);
#57040=EDGE_CURVE('',#57030,#56940,#57010,.T.);
#57050=ORIENTED_EDGE('',*,*,#57040,.T.);
#57060=CARTESIAN_POINT('',(1.2699999999999796E+00,8.7378420203492642E+00
   ,3.0170423393406152E+00));
#57070=DIRECTION('',(0.0000000000000000E+00,6.4532407270919034E-01,
   7.6390892204635474E-01));
#57080=VECTOR('',#57070,1.0000000000000000E+00);
#57090=LINE('',#57060,#57080);
#57100=CARTESIAN_POINT('',(1.2699999999999796E+00,1.1006534245961314E+01
   ,5.7026297919308764E+00));
#57110=VERTEX_POINT('',#57100);
#57120=EDGE_CURVE('',#57030,#57110,#57090,.T.);
#57130=ORIENTED_EDGE('',*,*,#57120,.F.);
#57140=CARTESIAN_POINT('',(1.2699999999999796E+00,1.0858717869545112E+01
   ,5.8274999999999748E+00));
#57150=DIRECTION('',(1.0000000000000000E+00,0.0000000000000000E+00,
   0.0000000000000000E+00));
#57160=DIRECTION('',(0.0000000000000000E+00,-1.0000000000000000E+00,
   1.2246063538223773E-16));
#57170=AXIS2_PLACEMENT_3D('',#57140,#57150,#57160);
#57180=CIRCLE('',#57170,1.9350000000009307E-01);
#57190=CARTESIAN_POINT('',(1.2699999999999796E+00,1.1052217869545204E+01
   ,5.8274999999999748E+00));
#57200=VERTEX_POINT('',#57190);
#57210=EDGE_CURVE('',#57110,#57200,#57180,.T.);
#57220=ORIENTED_EDGE('',*,*,#57210,.F.);
#57230=CARTESIAN_POINT('',(1.2699999999999796E+00,1.0858717869545112E+01
   ,6.0210000000000257E+00));
#57240=VERTEX_POINT('',#57230);
#57250=EDGE_CURVE('',#57200,#57240,#57180,.T.);
#57260=ORIENTED_EDGE('',*,*,#57250,.F.);
#57270=CARTESIAN_POINT('',(1.2699999999999796E+00,
   -5.7909557635968714E+00,6.0209999999999457E+00));
#57280=DIRECTION('',(0.0000000000000000E+00,-1.0000000000000000E+00,
   -4.7778340939981378E-15));
#57290=VECTOR('',#57280,1.0000000000000000E+00);
#57300=LINE('',#57270,#57290);
#57310=EDGE_CURVE('',#57240,#56140,#57300,.T.);
#57320=ORIENTED_EDGE('',*,*,#57310,.F.);
#57330=EDGE_LOOP('',(#57320,#57260,#57220,#57130,#57050,#56960,#56880,
   #56800,#56720,#56630,#56550,#56470,#56390,#56300,#56220,#56180));
#57340=FACE_BOUND('',#57330,.T.);
#57350=CARTESIAN_POINT('',(1.2699999999999796E+00,4.7966573316863652E+00
   ,3.0170423393406152E+00));
#57360=DIRECTION('',(0.0000000000000000E+00,-2.5881904510252063E-01,
   -9.6592582628906831E-01));
#57370=VECTOR('',#57360,1.0000000000000000E+00);
#57380=LINE('',#57350,#57370);
#57390=CARTESIAN_POINT('',(1.2699999999999796E+00,4.1222178695451070E+00
   ,5.0000000000001021E-01));
#57400=VERTEX_POINT('',#57390);
#57410=CARTESIAN_POINT('',(1.2699999999999796E+00,3.9212559752217651E+00
   ,-2.4999999999999023E-01));
#57420=VERTEX_POINT('',#57410);
#57430=EDGE_CURVE('',#57400,#57420,#57380,.T.);
#57440=ORIENTED_EDGE('',*,*,#57430,.F.);
#57450=CARTESIAN_POINT('',(1.2699999999999796E+00,
   -5.7909557635968714E+00,-2.4999999999999023E-01));
#57460=DIRECTION('',(0.0000000000000000E+00,1.0000000000000000E+00,
   0.0000000000000000E+00));
#57470=VECTOR('',#57460,1.0000000000000000E+00);
#57480=LINE('',#57450,#57470);
#57490=CARTESIAN_POINT('',(1.2699999999999796E+00,4.3231797638684490E+00
   ,-2.4999999999999023E-01));
#57500=VERTEX_POINT('',#57490);
#57510=EDGE_CURVE('',#57420,#57500,#57480,.T.);
#57520=ORIENTED_EDGE('',*,*,#57510,.F.);
#57530=CARTESIAN_POINT('',(1.2699999999999796E+00,3.4477784074038489E+00
   ,3.0170423393406152E+00));
#57540=DIRECTION('',(0.0000000000000000E+00,-2.5881904510252063E-01,
   9.6592582628906831E-01));
#57550=VECTOR('',#57540,1.0000000000000000E+00);
#57560=LINE('',#57530,#57550);
#57570=EDGE_CURVE('',#57500,#57400,#57560,.T.);
#57580=ORIENTED_EDGE('',*,*,#57570,.F.);
#57590=EDGE_LOOP('',(#57580,#57520,#57440));
#57600=FACE_BOUND('',#57590,.T.);
#57610=ORIENTED_EDGE('',*,*,#11570,.T.);
#57620=CARTESIAN_POINT('',(1.2699999999999796E+00,
   -5.7909557635968714E+00,5.5000000000000000E+00));
#57630=DIRECTION('',(0.0000000000000000E+00,1.0000000000000000E+00,
   0.0000000000000000E+00));
#57640=VECTOR('',#57630,1.0000000000000000E+00);
#57650=LINE('',#57620,#57640);
#57660=EDGE_CURVE('',#11520,#54970,#57650,.T.);
#57670=ORIENTED_EDGE('',*,*,#57660,.F.);
#57680=ORIENTED_EDGE('',*,*,#55670,.T.);
#57690=ORIENTED_EDGE('',*,*,#54690,.F.);
#57700=ORIENTED_EDGE('',*,*,#10600,.T.);
#57710=CARTESIAN_POINT('',(1.2699999999999796E+00,
   -5.7909557635968714E+00,-6.2000000000000002E+00));
#57720=DIRECTION('',(0.0000000000000000E+00,1.0000000000000000E+00,
   0.0000000000000000E+00));
#57730=VECTOR('',#57720,1.0000000000000000E+00);
#57740=LINE('',#57710,#57730);
#57750=EDGE_CURVE('',#40900,#10490,#57740,.T.);
#57760=ORIENTED_EDGE('',*,*,#57750,.T.);
#57770=ORIENTED_EDGE('',*,*,#40910,.T.);
#57780=ORIENTED_EDGE('',*,*,#1540,.T.);
#57790=ORIENTED_EDGE('',*,*,#7750,.T.);
#57800=ORIENTED_EDGE('',*,*,#3700,.T.);
#57810=ORIENTED_EDGE('',*,*,#40760,.T.);
#57820=ORIENTED_EDGE('',*,*,#26240,.T.);
#57830=EDGE_LOOP('',(#57820,#57810,#57800,#57790,#57780,#57770,#57760,
   #57700,#57690,#57680,#57670,#57610));
#57840=FACE_OUTER_BOUND('',#57830,.T.);
#57850=ORIENTED_EDGE('',*,*,#35120,.F.);
#57860=ORIENTED_EDGE('',*,*,#31050,.F.);
#57870=ORIENTED_EDGE('',*,*,#33020,.F.);
#57880=ORIENTED_EDGE('',*,*,#27470,.T.);
#57890=ORIENTED_EDGE('',*,*,#32800,.T.);
#57900=ORIENTED_EDGE('',*,*,#33590,.F.);
#57910=ORIENTED_EDGE('',*,*,#30160,.F.);
#57920=ORIENTED_EDGE('',*,*,#34580,.F.);
#57930=ORIENTED_EDGE('',*,*,#34840,.T.);
#57940=CARTESIAN_POINT('',(1.2699999999999796E+00,3.5422178695451159E+00
   ,3.0170423393406152E+00));
#57950=DIRECTION('',(0.0000000000000000E+00,0.0000000000000000E+00,
   -1.0000000000000000E+00));
#57960=VECTOR('',#57950,1.0000000000000000E+00);
#57970=LINE('',#57940,#57960);
#57980=CARTESIAN_POINT('',(1.2699999999999796E+00,3.5422178695451159E+00
   ,5.4000000000000004E+00));
#57990=VERTEX_POINT('',#57980);
#58000=EDGE_CURVE('',#57990,#34770,#57970,.T.);
#58010=ORIENTED_EDGE('',*,*,#58000,.T.);
#58020=CARTESIAN_POINT('',(1.2699999999999796E+00,5.9266292533114395E-01
   ,5.4000000000000075E+00));
#58030=VERTEX_POINT('',#58020);
#58040=EDGE_CURVE('',#58030,#57990,#56430,.T.);
#58050=ORIENTED_EDGE('',*,*,#58040,.T.);
#58060=CARTESIAN_POINT('',(1.2699999999999796E+00,7.5421786954499037E-01
   ,5.2934999999999901E+00));
#58070=DIRECTION('',(1.0000000000000000E+00,0.0000000000000000E+00,
   0.0000000000000000E+00));
#58080=DIRECTION('',(0.0000000000000000E+00,-1.0000000000000000E+00,
   1.2246063538223773E-16));
#58090=AXIS2_PLACEMENT_3D('',#58060,#58070,#58080);
#58100=CIRCLE('',#58090,1.9349999999985168E-01);
#58110=CARTESIAN_POINT('',(1.2699999999999796E+00,6.0640149312894742E-01
   ,5.4183702080692662E+00));
#58120=VERTEX_POINT('',#58110);
#58130=EDGE_CURVE('',#58120,#58030,#58100,.T.);
#58140=ORIENTED_EDGE('',*,*,#58130,.T.);
#58150=CARTESIAN_POINT('',(1.2699999999999796E+00,
   -1.4221579796507395E+00,3.0170423393406152E+00));
#58160=DIRECTION('',(0.0000000000000000E+00,6.4532407270919034E-01,
   7.6390892204635474E-01));
#58170=VECTOR('',#58160,1.0000000000000000E+00);
#58180=LINE('',#58150,#58170);
#58190=CARTESIAN_POINT('',(1.2699999999999796E+00,8.4653424596131188E-01
   ,5.7026297919308773E+00));
#58200=VERTEX_POINT('',#58190);
#58210=EDGE_CURVE('',#58120,#58200,#58180,.T.);
#58220=ORIENTED_EDGE('',*,*,#58210,.F.);
#58230=CARTESIAN_POINT('',(1.2699999999999796E+00,6.9871786954510906E-01
   ,5.8274999999999748E+00));
#58240=DIRECTION('',(1.0000000000000000E+00,0.0000000000000000E+00,
   0.0000000000000000E+00));
#58250=DIRECTION('',(0.0000000000000000E+00,-1.0000000000000000E+00,
   1.2246063538223773E-16));
#58260=AXIS2_PLACEMENT_3D('',#58230,#58240,#58250);
#58270=CIRCLE('',#58260,1.9350000000009307E-01);
#58280=CARTESIAN_POINT('',(1.2699999999999796E+00,8.9221786954520210E-01
   ,5.8274999999999748E+00));
#58290=VERTEX_POINT('',#58280);
#58300=EDGE_CURVE('',#58200,#58290,#58270,.T.);
#58310=ORIENTED_EDGE('',*,*,#58300,.F.);
#58320=EDGE_CURVE('',#58290,#30380,#58270,.T.);
#58330=ORIENTED_EDGE('',*,*,#58320,.F.);
#58340=ORIENTED_EDGE('',*,*,#30790,.F.);
#58350=EDGE_LOOP('',(#58340,#58330,#58310,#58220,#58140,#58050,#58010,
   #57930,#57920,#57910,#57900,#57890,#57880,#57870,#57860,#57850));
#58360=FACE_BOUND('',#58350,.T.);
#58370=ADVANCED_FACE('',(#57340,#57600,#57840,#58360),#56070,.T.);
#58380=COLOUR_RGB('',5.0196081399917603E-01,1.0000000000000000E+00,
   5.0196081399917603E-01);
#58390=FILL_AREA_STYLE_COLOUR('',#58380);
#58400=FILL_AREA_STYLE('',(#58390));
#58410=SURFACE_STYLE_FILL_AREA(#58400);
#58420=SURFACE_SIDE_STYLE('',(#58410));
#58430=SURFACE_STYLE_USAGE(.BOTH.,#58420);
#58440=PRESENTATION_STYLE_ASSIGNMENT((#58430));
#58450=CARTESIAN_POINT('',(1.2699999999999796E+00,3.9212559752217651E+00
   ,-2.4999999999999023E-01));
#58460=DIRECTION('',(-0.0000000000000000E+00,-0.0000000000000000E+00,
   -1.0000000000000000E+00));
#58470=DIRECTION('',(0.0000000000000000E+00,-1.0000000000000000E+00,
   0.0000000000000000E+00));
#58480=AXIS2_PLACEMENT_3D('',#58450,#58460,#58470);
#58490=PLANE('',#58480);
#58500=ORIENTED_EDGE('',*,*,#57510,.T.);
#58510=CARTESIAN_POINT('',(1.2699999999999796E+00,3.9212559752217651E+00
   ,-2.4999999999999023E-01));
#58520=DIRECTION('',(-1.0000000000000000E+00,0.0000000000000000E+00,
   0.0000000000000000E+00));
#58530=VECTOR('',#58520,1.0000000000000000E+00);
#58540=LINE('',#58510,#58530);
#58550=CARTESIAN_POINT('',(1.1699999999999795E+00,3.9212559752217651E+00
   ,-2.4999999999999023E-01));
#58560=VERTEX_POINT('',#58550);
#58570=EDGE_CURVE('',#57420,#58560,#58540,.T.);
#58580=ORIENTED_EDGE('',*,*,#58570,.F.);
#58590=CARTESIAN_POINT('',(1.1699999999999795E+00,3.9212559752217651E+00
   ,-2.4999999999999023E-01));
#58600=DIRECTION('',(0.0000000000000000E+00,1.0000000000000000E+00,
   0.0000000000000000E+00));
#58610=VECTOR('',#58600,1.0000000000000000E+00);
#58620=LINE('',#58590,#58610);
#58630=CARTESIAN_POINT('',(1.1699999999999795E+00,4.3231797638684490E+00
   ,-2.4999999999999023E-01));
#58640=VERTEX_POINT('',#58630);
#58650=EDGE_CURVE('',#58560,#58640,#58620,.T.);
#58660=ORIENTED_EDGE('',*,*,#58650,.F.);
#58670=CARTESIAN_POINT('',(1.2699999999999796E+00,4.3231797638684490E+00
   ,-2.4999999999999023E-01));
#58680=DIRECTION('',(-1.0000000000000000E+00,0.0000000000000000E+00,
   0.0000000000000000E+00));
#58690=VECTOR('',#58680,1.0000000000000000E+00);
#58700=LINE('',#58670,#58690);
#58710=EDGE_CURVE('',#57500,#58640,#58700,.T.);
#58720=ORIENTED_EDGE('',*,*,#58710,.T.);
#58730=EDGE_LOOP('',(#58720,#58660,#58580,#58500));
#58740=FACE_OUTER_BOUND('',#58730,.T.);
#58750=ADVANCED_FACE('',(#58740),#58490,.F.);
#58760=COLOUR_RGB('',5.0196081399917603E-01,1.0000000000000000E+00,
   5.0196081399917603E-01);
#58770=FILL_AREA_STYLE_COLOUR('',#58760);
#58780=FILL_AREA_STYLE('',(#58770));
#58790=SURFACE_STYLE_FILL_AREA(#58780);
#58800=SURFACE_SIDE_STYLE('',(#58790));
#58810=SURFACE_STYLE_USAGE(.BOTH.,#58800);
#58820=PRESENTATION_STYLE_ASSIGNMENT((#58810));
#58830=CARTESIAN_POINT('',(1.2699999999999796E+00,4.1222178695451070E+00
   ,5.0000000000001021E-01));
#58840=DIRECTION('',(0.0000000000000000E+00,-9.6592582628906831E-01,
   2.5881904510252063E-01));
#58850=DIRECTION('',(0.0000000000000000E+00,2.5881904510252063E-01,
   9.6592582628906831E-01));
#58860=AXIS2_PLACEMENT_3D('',#58830,#58840,#58850);
#58870=PLANE('',#58860);
#58880=ORIENTED_EDGE('',*,*,#57430,.T.);
#58890=CARTESIAN_POINT('',(1.2699999999999796E+00,4.1222178695451070E+00
   ,5.0000000000001021E-01));
#58900=DIRECTION('',(-1.0000000000000000E+00,0.0000000000000000E+00,
   0.0000000000000000E+00));
#58910=VECTOR('',#58900,1.0000000000000000E+00);
#58920=LINE('',#58890,#58910);
#58930=CARTESIAN_POINT('',(1.1699999999999795E+00,4.1222178695451070E+00
   ,5.0000000000001021E-01));
#58940=VERTEX_POINT('',#58930);
#58950=EDGE_CURVE('',#57400,#58940,#58920,.T.);
#58960=ORIENTED_EDGE('',*,*,#58950,.F.);
#58970=CARTESIAN_POINT('',(1.1699999999999795E+00,4.1222178695451070E+00
   ,5.0000000000001021E-01));
#58980=DIRECTION('',(0.0000000000000000E+00,-2.5881904510252063E-01,
   -9.6592582628906831E-01));
#58990=VECTOR('',#58980,1.0000000000000000E+00);
#59000=LINE('',#58970,#58990);
#59010=EDGE_CURVE('',#58940,#58560,#59000,.T.);
#59020=ORIENTED_EDGE('',*,*,#59010,.F.);
#59030=ORIENTED_EDGE('',*,*,#58570,.T.);
#59040=EDGE_LOOP('',(#59030,#59020,#58960,#58880));
#59050=FACE_OUTER_BOUND('',#59040,.T.);
#59060=ADVANCED_FACE('',(#59050),#58870,.F.);
#59070=COLOUR_RGB('',5.0196081399917603E-01,1.0000000000000000E+00,
   5.0196081399917603E-01);
#59080=FILL_AREA_STYLE_COLOUR('',#59070);
#59090=FILL_AREA_STYLE('',(#59080));
#59100=SURFACE_STYLE_FILL_AREA(#59090);
#59110=SURFACE_SIDE_STYLE('',(#59100));
#59120=SURFACE_STYLE_USAGE(.BOTH.,#59110);
#59130=PRESENTATION_STYLE_ASSIGNMENT((#59120));
#59140=CARTESIAN_POINT('',(1.2699999999999796E+00,4.3231797638684490E+00
   ,-2.4999999999999023E-01));
#59150=DIRECTION('',(0.0000000000000000E+00,9.6592582628906831E-01,
   2.5881904510252063E-01));
#59160=DIRECTION('',(-0.0000000000000000E+00,2.5881904510252063E-01,
   -9.6592582628906831E-01));
#59170=AXIS2_PLACEMENT_3D('',#59140,#59150,#59160);
#59180=PLANE('',#59170);
#59190=ORIENTED_EDGE('',*,*,#57570,.T.);
#59200=ORIENTED_EDGE('',*,*,#58710,.F.);
#59210=CARTESIAN_POINT('',(1.1699999999999795E+00,4.3231797638684490E+00
   ,-2.4999999999999023E-01));
#59220=DIRECTION('',(0.0000000000000000E+00,-2.5881904510252063E-01,
   9.6592582628906831E-01));
#59230=VECTOR('',#59220,1.0000000000000000E+00);
#59240=LINE('',#59210,#59230);
#59250=EDGE_CURVE('',#58640,#58940,#59240,.T.);
#59260=ORIENTED_EDGE('',*,*,#59250,.F.);
#59270=ORIENTED_EDGE('',*,*,#58950,.T.);
#59280=EDGE_LOOP('',(#59270,#59260,#59200,#59190));
#59290=FACE_OUTER_BOUND('',#59280,.T.);
#59300=ADVANCED_FACE('',(#59290),#59180,.F.);
#59310=COLOUR_RGB('',5.0196081399917603E-01,1.0000000000000000E+00,
   5.0196081399917603E-01);
#59320=FILL_AREA_STYLE_COLOUR('',#59310);
#59330=FILL_AREA_STYLE('',(#59320));
#59340=SURFACE_STYLE_FILL_AREA(#59330);
#59350=SURFACE_SIDE_STYLE('',(#59340));
#59360=SURFACE_STYLE_USAGE(.BOTH.,#59350);
#59370=PRESENTATION_STYLE_ASSIGNMENT((#59360));
#59380=CARTESIAN_POINT('',(1.1699999999999795E+00,3.8296057058186896E+00
   ,-2.4122638401987606E+00));
#59390=DIRECTION('',(1.0000000000000000E+00,0.0000000000000000E+00,
   0.0000000000000000E+00));
#59400=DIRECTION('',(0.0000000000000000E+00,1.0000000000000000E+00,
   0.0000000000000000E+00));
#59410=AXIS2_PLACEMENT_3D('',#59380,#59390,#59400);
#59420=PLANE('',#59410);
#59430=ORIENTED_EDGE('',*,*,#59010,.T.);
#59440=ORIENTED_EDGE('',*,*,#59250,.T.);
#59450=ORIENTED_EDGE('',*,*,#58650,.T.);
#59460=EDGE_LOOP('',(#59450,#59440,#59430));
#59470=FACE_OUTER_BOUND('',#59460,.T.);
#59480=ADVANCED_FACE('',(#59470),#59420,.T.);
#59490=COLOUR_RGB('',5.0196081399917603E-01,1.0000000000000000E+00,
   5.0196081399917603E-01);
#59500=FILL_AREA_STYLE_COLOUR('',#59490);
#59510=FILL_AREA_STYLE('',(#59500));
#59520=SURFACE_STYLE_FILL_AREA(#59510);
#59530=SURFACE_SIDE_STYLE('',(#59520));
#59540=SURFACE_STYLE_USAGE(.BOTH.,#59530);
#59550=PRESENTATION_STYLE_ASSIGNMENT((#59540));
#59560=CARTESIAN_POINT('',(-1.7729706796910570E+01,
   3.4366639428957626E+00,5.0999999999999996E+00));
#59570=DIRECTION('',(-5.5554698236501675E-03,9.9998456825844995E-01,
   0.0000000000000000E+00));
#59580=DIRECTION('',(0.0000000000000000E+00,0.0000000000000000E+00,
   1.0000000000000000E+00));
#59590=AXIS2_PLACEMENT_3D('',#59560,#59570,#59580);
#59600=PLANE('',#59590);
#59610=CARTESIAN_POINT('',(-2.2300000000000204E+00,
   3.5227734251006986E+00,4.4621778264910708E+00));
#59620=DIRECTION('',(9.6591191885694883E-01,5.3661773269754413E-03,
   2.5881531861731549E-01));
#59630=VECTOR('',#59620,1.0000000000000000E+00);
#59640=LINE('',#59610,#59630);
#59650=CARTESIAN_POINT('',(1.5038475772931781E-01,3.5359977848658435E+00
   ,5.0999999999999996E+00));
#59660=VERTEX_POINT('',#59650);
#59670=EDGE_CURVE('',#59660,#57990,#59640,.T.);
#59680=ORIENTED_EDGE('',*,*,#59670,.F.);
#59690=ORIENTED_EDGE('',*,*,#58000,.F.);
#59700=ORIENTED_EDGE('',*,*,#34780,.T.);
#59710=ORIENTED_EDGE('',*,*,#31500,.F.);
#59720=ORIENTED_EDGE('',*,*,#32160,.T.);
#59730=CARTESIAN_POINT('',(-2.2300000000000204E+00,
   3.5227734251006986E+00,5.0999999999999996E+00));
#59740=DIRECTION('',(9.9998456825844995E-01,5.5554698236501675E-03,
   0.0000000000000000E+00));
#59750=VECTOR('',#59740,1.0000000000000000E+00);
#59760=LINE('',#59730,#59750);
#59770=EDGE_CURVE('',#32090,#59660,#59760,.T.);
#59780=ORIENTED_EDGE('',*,*,#59770,.F.);
#59790=EDGE_LOOP('',(#59780,#59720,#59710,#59700,#59690,#59680));
#59800=FACE_OUTER_BOUND('',#59790,.T.);
#59810=ADVANCED_FACE('',(#59800),#59600,.F.);
#59820=COLOUR_RGB('',5.0196081399917603E-01,1.0000000000000000E+00,
   5.0196081399917603E-01);
#59830=FILL_AREA_STYLE_COLOUR('',#59820);
#59840=FILL_AREA_STYLE('',(#59830));
#59850=SURFACE_STYLE_FILL_AREA(#59840);
#59860=SURFACE_SIDE_STYLE('',(#59850));
#59870=SURFACE_STYLE_USAGE(.BOTH.,#59860);
#59880=PRESENTATION_STYLE_ASSIGNMENT((#59870));
#59890=CARTESIAN_POINT('',(-6.7300000000000200E+00,
   3.4698325082470536E+00,5.4209701250048949E+00));
#59900=DIRECTION('',(1.0000000000000000E+00,0.0000000000000000E+00,
   -0.0000000000000000E+00));
#59910=DIRECTION('',(0.0000000000000000E+00,6.1230317691118863E-17,
   1.0000000000000000E+00));
#59920=AXIS2_PLACEMENT_3D('',#59890,#59900,#59910);
#59930=PLANE('',#59920);
#59940=CARTESIAN_POINT('',(-6.7300000000000200E+00,
   4.9221786954498548E-01,-3.2945804108360988E+01));
#59950=DIRECTION('',(0.0000000000000000E+00,1.2246063538223773E-16,
   1.0000000000000000E+00));
#59960=VECTOR('',#59950,1.0000000000000000E+00);
#59970=LINE('',#59940,#59960);
#59980=CARTESIAN_POINT('',(-6.7300000000000200E+00,
   4.9221786954498903E-01,5.0999999999999996E+00));
#59990=VERTEX_POINT('',#59980);
#60000=EDGE_CURVE('',#59990,#30480,#59970,.T.);
#60010=ORIENTED_EDGE('',*,*,#60000,.F.);
#60020=ORIENTED_EDGE('',*,*,#30490,.F.);
#60030=CARTESIAN_POINT('',(-6.7300000000000200E+00,
   6.9871786954510906E-01,5.8274999999999748E+00));
#60040=DIRECTION('',(1.0000000000000000E+00,0.0000000000000000E+00,
   0.0000000000000000E+00));
#60050=DIRECTION('',(0.0000000000000000E+00,-1.0000000000000000E+00,
   1.2246063538223773E-16));
#60060=AXIS2_PLACEMENT_3D('',#60030,#60040,#60050);
#60070=CIRCLE('',#60060,1.9350000000009307E-01);
#60080=CARTESIAN_POINT('',(-6.7300000000000200E+00,
   8.9221786954520210E-01,5.8274999999999748E+00));
#60090=VERTEX_POINT('',#60080);
#60100=EDGE_CURVE('',#60090,#30400,#60070,.T.);
#60110=ORIENTED_EDGE('',*,*,#60100,.T.);
#60120=CARTESIAN_POINT('',(-6.7300000000000200E+00,
   8.4653424596131099E-01,5.7026297919308773E+00));
#60130=VERTEX_POINT('',#60120);
#60140=EDGE_CURVE('',#60130,#60090,#60070,.T.);
#60150=ORIENTED_EDGE('',*,*,#60140,.T.);
#60160=CARTESIAN_POINT('',(-6.7300000000000200E+00,
   8.2517897166001131E-01,5.6773502691896551E+00));
#60170=DIRECTION('',(0.0000000000000000E+00,6.4532407270919034E-01,
   7.6390892204635474E-01));
#60180=VECTOR('',#60170,1.0000000000000000E+00);
#60190=LINE('',#60160,#60180);
#60200=CARTESIAN_POINT('',(-6.7300000000000200E+00,
   6.0640149312912239E-01,5.4183702080691090E+00));
#60210=VERTEX_POINT('',#60200);
#60220=EDGE_CURVE('',#60210,#60130,#60190,.T.);
#60230=ORIENTED_EDGE('',*,*,#60220,.T.);
#60240=CARTESIAN_POINT('',(-6.7300000000000200E+00,
   7.5421786954499037E-01,5.2934999999999901E+00));
#60250=DIRECTION('',(1.0000000000000000E+00,0.0000000000000000E+00,
   0.0000000000000000E+00));
#60260=DIRECTION('',(0.0000000000000000E+00,-1.0000000000000000E+00,
   1.2246063538223773E-16));
#60270=AXIS2_PLACEMENT_3D('',#60240,#60250,#60260);
#60280=CIRCLE('',#60270,1.9349999999985168E-01);
#60290=CARTESIAN_POINT('',(-6.7300000000000200E+00,
   5.6071786954513869E-01,5.2934999999999901E+00));
#60300=VERTEX_POINT('',#60290);
#60310=EDGE_CURVE('',#60210,#60300,#60280,.T.);
#60320=ORIENTED_EDGE('',*,*,#60310,.F.);
#60330=CARTESIAN_POINT('',(-6.7300000000000200E+00,
   5.6071786954501857E-01,5.2934999999999901E+00));
#60340=DIRECTION('',(0.0000000000000000E+00,-1.2246063538223773E-16,
   -1.0000000000000000E+00));
#60350=VECTOR('',#60340,1.0000000000000000E+00);
#60360=LINE('',#60330,#60350);
#60370=CARTESIAN_POINT('',(-6.7300000000000200E+00,
   5.6071786954501768E-01,5.0999999999999996E+00));
#60380=VERTEX_POINT('',#60370);
#60390=EDGE_CURVE('',#60300,#60380,#60360,.T.);
#60400=ORIENTED_EDGE('',*,*,#60390,.F.);
#60410=CARTESIAN_POINT('',(-6.7300000000000200E+00,
   -5.7909557635968714E+00,5.0999999999999996E+00));
#60420=DIRECTION('',(0.0000000000000000E+00,1.0000000000000000E+00,
   0.0000000000000000E+00));
#60430=VECTOR('',#60420,1.0000000000000000E+00);
#60440=LINE('',#60410,#60430);
#60450=EDGE_CURVE('',#59990,#60380,#60440,.T.);
#60460=ORIENTED_EDGE('',*,*,#60450,.T.);
#60470=EDGE_LOOP('',(#60460,#60400,#60320,#60230,#60150,#60110,#60020,
   #60010));
#60480=FACE_OUTER_BOUND('',#60470,.T.);
#60490=ADVANCED_FACE('',(#60480),#59930,.T.);
#60500=COLOUR_RGB('',5.0196081399917603E-01,1.0000000000000000E+00,
   5.0196081399917603E-01);
#60510=FILL_AREA_STYLE_COLOUR('',#60500);
#60520=FILL_AREA_STYLE('',(#60510));
#60530=SURFACE_STYLE_FILL_AREA(#60520);
#60540=SURFACE_SIDE_STYLE('',(#60530));
#60550=SURFACE_STYLE_USAGE(.BOTH.,#60540);
#60560=PRESENTATION_STYLE_ASSIGNMENT((#60550));
#60570=CARTESIAN_POINT('',(-6.7300000000000200E+00,
   -9.5778213045489924E-01,5.0999999999999970E+00));
#60580=DIRECTION('',(-0.0000000000000000E+00,6.1230317691118863E-17,
   1.0000000000000000E+00));
#60590=DIRECTION('',(1.0000000000000000E+00,0.0000000000000000E+00,
   0.0000000000000000E+00));
#60600=AXIS2_PLACEMENT_3D('',#60570,#60580,#60590);
#60610=PLANE('',#60600);
#60620=CARTESIAN_POINT('',(-2.2300000000000204E+00,
   4.9221786954498903E-01,5.0999999999999996E+00));
#60630=DIRECTION('',(-1.0000000000000000E+00,0.0000000000000000E+00,
   0.0000000000000000E+00));
#60640=VECTOR('',#60630,1.0000000000000000E+00);
#60650=LINE('',#60620,#60640);
#60660=EDGE_CURVE('',#59990,#32010,#60650,.T.);
#60670=ORIENTED_EDGE('',*,*,#60660,.T.);
#60680=ORIENTED_EDGE('',*,*,#60450,.F.);
#60690=CARTESIAN_POINT('',(-2.2300000000000204E+00,
   5.6071786954501768E-01,5.0999999999999996E+00));
#60700=DIRECTION('',(-1.0000000000000000E+00,0.0000000000000000E+00,
   0.0000000000000000E+00));
#60710=VECTOR('',#60700,1.0000000000000000E+00);
#60720=LINE('',#60690,#60710);
#60730=CARTESIAN_POINT('',(1.5038475772931781E-01,5.6071786954501768E-01
   ,5.0999999999999996E+00));
#60740=VERTEX_POINT('',#60730);
#60750=EDGE_CURVE('',#60740,#60380,#60720,.T.);
#60760=ORIENTED_EDGE('',*,*,#60750,.T.);
#60770=CARTESIAN_POINT('',(1.5038475772930759E-01,
   -5.7909557635968714E+00,5.0999999999999979E+00));
#60780=DIRECTION('',(-2.2851465658683906E-16,1.0000000000000000E+00,
   -6.1230317691118863E-17));
#60790=VECTOR('',#60780,1.0000000000000000E+00);
#60800=LINE('',#60770,#60790);
#60810=EDGE_CURVE('',#60740,#59660,#60800,.T.);
#60820=ORIENTED_EDGE('',*,*,#60810,.F.);
#60830=ORIENTED_EDGE('',*,*,#59770,.T.);
#60840=ORIENTED_EDGE('',*,*,#32100,.T.);
#60850=EDGE_LOOP('',(#60840,#60830,#60820,#60760,#60680,#60670));
#60860=FACE_OUTER_BOUND('',#60850,.T.);
#60870=ADVANCED_FACE('',(#60860),#60610,.F.);
#60880=COLOUR_RGB('',5.0196081399917603E-01,1.0000000000000000E+00,
   5.0196081399917603E-01);
#60890=FILL_AREA_STYLE_COLOUR('',#60880);
#60900=FILL_AREA_STYLE('',(#60890));
#60910=SURFACE_STYLE_FILL_AREA(#60900);
#60920=SURFACE_SIDE_STYLE('',(#60910));
#60930=SURFACE_STYLE_USAGE(.BOTH.,#60920);
#60940=PRESENTATION_STYLE_ASSIGNMENT((#60930));
#60950=CARTESIAN_POINT('',(1.2699999999999796E+00,5.6071786954501768E-01
   ,5.0999999999999543E+00));
#60960=DIRECTION('',(0.0000000000000000E+00,1.0000000000000000E+00,
   -1.2246063538223773E-16));
#60970=DIRECTION('',(0.0000000000000000E+00,-1.2246063538223773E-16,
   -1.0000000000000000E+00));
#60980=AXIS2_PLACEMENT_3D('',#60950,#60960,#60970);
#60990=PLANE('',#60980);
#61000=CARTESIAN_POINT('',(-2.2300000000000204E+00,
   5.6071786954501857E-01,4.4621778264910708E+00));
#61010=DIRECTION('',(-9.6592582628906842E-01,-4.1633363423443370E-17,
   -2.5881904510252074E-01));
#61020=VECTOR('',#61010,1.0000000000000000E+00);
#61030=LINE('',#61000,#61020);
#61040=CARTESIAN_POINT('',(8.7253658899385744E-01,5.6071786954513869E-01
   ,5.2934999999999901E+00));
#61050=VERTEX_POINT('',#61040);
#61060=EDGE_CURVE('',#61050,#60740,#61030,.T.);
#61070=ORIENTED_EDGE('',*,*,#61060,.F.);
#61080=ORIENTED_EDGE('',*,*,#60750,.F.);
#61090=ORIENTED_EDGE('',*,*,#60390,.T.);
#61100=CARTESIAN_POINT('',(1.2699999999999796E+00,5.6071786954513869E-01
   ,5.2934999999999901E+00));
#61110=DIRECTION('',(1.0000000000000000E+00,0.0000000000000000E+00,
   0.0000000000000000E+00));
#61120=VECTOR('',#61110,1.0000000000000000E+00);
#61130=LINE('',#61100,#61120);
#61140=EDGE_CURVE('',#60300,#61050,#61130,.T.);
#61150=ORIENTED_EDGE('',*,*,#61140,.F.);
#61160=EDGE_LOOP('',(#61150,#61090,#61080,#61070));
#61170=FACE_OUTER_BOUND('',#61160,.T.);
#61180=ADVANCED_FACE('',(#61170),#60990,.F.);
#61190=COLOUR_RGB('',5.0196081399917603E-01,1.0000000000000000E+00,
   5.0196081399917603E-01);
#61200=FILL_AREA_STYLE_COLOUR('',#61190);
#61210=FILL_AREA_STYLE('',(#61200));
#61220=SURFACE_STYLE_FILL_AREA(#61210);
#61230=SURFACE_SIDE_STYLE('',(#61220));
#61240=SURFACE_STYLE_USAGE(.BOTH.,#61230);
#61250=PRESENTATION_STYLE_ASSIGNMENT((#61240));
#61260=ORIENTED_EDGE('',*,*,#51670,.T.);
#61270=ORIENTED_EDGE('',*,*,#46500,.F.);
#61280=ORIENTED_EDGE('',*,*,#52920,.F.);
#61290=ORIENTED_EDGE('',*,*,#39180,.T.);
#61300=CARTESIAN_POINT('',(-1.8930000000000000E+01,
   8.7022178695451231E+00,3.0170423393406152E+00));
#61310=DIRECTION('',(0.0000000000000000E+00,0.0000000000000000E+00,
   -1.0000000000000000E+00));
#61320=VECTOR('',#61310,1.0000000000000000E+00);
#61330=LINE('',#61300,#61320);
#61340=EDGE_CURVE('',#48140,#39150,#61330,.T.);
#61350=ORIENTED_EDGE('',*,*,#61340,.T.);
#61360=ORIENTED_EDGE('',*,*,#48150,.T.);
#61370=EDGE_LOOP('',(#61360,#61350,#61290,#61280,#61270,#61260));
#61380=FACE_OUTER_BOUND('',#61370,.T.);
#61390=ADVANCED_FACE('',(#61380),#35910,.T.);
#61400=COLOUR_RGB('',9.4901961088180542E-01,9.4901961088180542E-01,
   1.0000000000000000E+00);
#61410=FILL_AREA_STYLE_COLOUR('',#61400);
#61420=FILL_AREA_STYLE('',(#61410));
#61430=SURFACE_STYLE_FILL_AREA(#61420);
#61440=SURFACE_SIDE_STYLE('',(#61430));
#61450=SURFACE_STYLE_USAGE(.BOTH.,#61440);
#61460=PRESENTATION_STYLE_ASSIGNMENT((#61450));
#61470=CARTESIAN_POINT('',(-1.5430000000000021E+01,
   -9.5778213045493565E-01,5.3999999999999995E+00));
#61480=DIRECTION('',(1.0000000000000000E+00,0.0000000000000000E+00,
   0.0000000000000000E+00));
#61490=DIRECTION('',(1.0000000000000000E+00,0.0000000000000000E+00,
   0.0000000000000000E+00));
#61500=AXIS2_PLACEMENT_3D('',#61470,#61480,#61490);
#61510=SPHERICAL_SURFACE('',#61500,1.0000000000000000E+00);
#61520=ORIENTED_EDGE('',*,*,#2660,.T.);
#61530=CARTESIAN_POINT('',(-1.5430000000000021E+01,
   -9.5778213045493565E-01,5.3999999999999995E+00));
#61540=DIRECTION('',(0.0000000000000000E+00,1.0000000000000000E+00,
   0.0000000000000000E+00));
#61550=DIRECTION('',(1.0000000000000000E+00,0.0000000000000000E+00,
   0.0000000000000000E+00));
#61560=AXIS2_PLACEMENT_3D('',#61530,#61540,#61550);
#61570=CIRCLE('',#61560,1.0000000000000000E+00);
#61580=EDGE_CURVE('',#2610,#34040,#61570,.T.);
#61590=ORIENTED_EDGE('',*,*,#61580,.F.);
#61600=ORIENTED_EDGE('',*,*,#34050,.F.);
#61610=EDGE_LOOP('',(#61600,#61590,#61520));
#61620=FACE_OUTER_BOUND('',#61610,.T.);
#61630=ADVANCED_FACE('',(#61620),#61510,.T.);
#61640=COLOUR_RGB('',5.0196081399917603E-01,1.0000000000000000E+00,
   5.0196081399917603E-01);
#61650=FILL_AREA_STYLE_COLOUR('',#61640);
#61660=FILL_AREA_STYLE('',(#61650));
#61670=SURFACE_STYLE_FILL_AREA(#61660);
#61680=SURFACE_SIDE_STYLE('',(#61670));
#61690=SURFACE_STYLE_USAGE(.BOTH.,#61680);
#61700=PRESENTATION_STYLE_ASSIGNMENT((#61690));
#61710=CARTESIAN_POINT('',(-1.1929999999999927E+01,
   1.2303999027134864E+00,-2.5164755747618806E+00));
#61720=DIRECTION('',(1.0000000000000000E+00,0.0000000000000000E+00,
   0.0000000000000000E+00));
#61730=DIRECTION('',(0.0000000000000000E+00,1.0000000000000000E+00,
   0.0000000000000000E+00));
#61740=AXIS2_PLACEMENT_3D('',#61710,#61720,#61730);
#61750=PLANE('',#61740);
#61760=ORIENTED_EDGE('',*,*,#52080,.T.);
#61770=CARTESIAN_POINT('',(-1.1929999999999927E+01,
   -9.5778213045489302E-01,4.9999999999999956E-01));
#61780=DIRECTION('',(-1.0000000000000000E+00,0.0000000000000000E+00,
   0.0000000000000000E+00));
#61790=DIRECTION('',(0.0000000000000000E+00,1.0000000000000000E+00,
   0.0000000000000000E+00));
#61800=AXIS2_PLACEMENT_3D('',#61770,#61780,#61790);
#61810=CIRCLE('',#61800,2.7261825973923282E+00);
#61820=CARTESIAN_POINT('',(-1.1929999999999927E+01,
   1.7684004669374351E+00,4.9999999999999956E-01));
#61830=VERTEX_POINT('',#61820);
#61840=EDGE_CURVE('',#52050,#61830,#61810,.T.);
#61850=ORIENTED_EDGE('',*,*,#61840,.F.);
#61860=EDGE_CURVE('',#61830,#52110,#61810,.T.);
#61870=ORIENTED_EDGE('',*,*,#61860,.F.);
#61880=ORIENTED_EDGE('',*,*,#52120,.T.);
#61890=CARTESIAN_POINT('',(-1.1929999999999927E+01,
   -9.5778213045488059E-01,5.0000000000000977E-01));
#61900=DIRECTION('',(1.0000000000000000E+00,0.0000000000000000E+00,
   0.0000000000000000E+00));
#61910=DIRECTION('',(0.0000000000000000E+00,-1.0000000000000000E+00,
   0.0000000000000000E+00));
#61920=AXIS2_PLACEMENT_3D('',#61890,#61900,#61910);
#61930=CIRCLE('',#61920,1.6750000000000000E+00);
#61940=CARTESIAN_POINT('',(-1.1929999999999927E+01,
   7.1721786954511946E-01,5.0000000000000955E-01));
#61950=VERTEX_POINT('',#61940);
#61960=EDGE_CURVE('',#52070,#61950,#61930,.T.);
#61970=ORIENTED_EDGE('',*,*,#61960,.F.);
#61980=EDGE_CURVE('',#61950,#52070,#61930,.T.);
#61990=ORIENTED_EDGE('',*,*,#61980,.F.);
#62000=EDGE_LOOP('',(#61990,#61970,#61880,#61870,#61850,#61760));
#62010=FACE_OUTER_BOUND('',#62000,.T.);
#62020=ADVANCED_FACE('',(#62010),#61750,.T.);
#62030=COLOUR_RGB('',5.0196081399917603E-01,1.0000000000000000E+00,
   5.0196081399917603E-01);
#62040=FILL_AREA_STYLE_COLOUR('',#62030);
#62050=FILL_AREA_STYLE('',(#62040));
#62060=SURFACE_STYLE_FILL_AREA(#62050);
#62070=SURFACE_SIDE_STYLE('',(#62060));
#62080=SURFACE_STYLE_USAGE(.BOTH.,#62070);
#62090=PRESENTATION_STYLE_ASSIGNMENT((#62080));
#62100=CARTESIAN_POINT('',(-3.7300000000000062E+00,
   -9.5778213045487703E-01,5.0000000000000977E-01));
#62110=DIRECTION('',(-1.0000000000000000E+00,0.0000000000000000E+00,
   0.0000000000000000E+00));
#62120=DIRECTION('',(0.0000000000000000E+00,0.0000000000000000E+00,
   1.0000000000000000E+00));
#62130=AXIS2_PLACEMENT_3D('',#62100,#62110,#62120);
#62140=CONICAL_SURFACE('',#62130,1.6749999999999998E+00,
   2.9145679447786693E-01);
#62150=CARTESIAN_POINT('',(-3.7300000000000062E+00,
   -9.5778213045487703E-01,2.1750000000000096E+00));
#62160=DIRECTION('',(-9.5782628522115143E-01,0.0000000000000000E+00,
   2.8734788556634533E-01));
#62170=VECTOR('',#62160,1.0000000000000000E+00);
#62180=LINE('',#62150,#62170);
#62190=CARTESIAN_POINT('',(-2.7300000000000062E+00,
   -9.5778213045487703E-01,1.8750000000000098E+00));
#62200=VERTEX_POINT('',#62190);
#62210=CARTESIAN_POINT('',(-3.7300000000000062E+00,
   -9.5778213045487703E-01,2.1750000000000096E+00));
#62220=VERTEX_POINT('',#62210);
#62230=EDGE_CURVE('',#62200,#62220,#62180,.T.);
#62240=ORIENTED_EDGE('',*,*,#62230,.F.);
#62250=CARTESIAN_POINT('',(-3.7300000000000062E+00,
   -9.5778213045488059E-01,5.0000000000000977E-01));
#62260=DIRECTION('',(1.0000000000000000E+00,0.0000000000000000E+00,
   0.0000000000000000E+00));
#62270=DIRECTION('',(0.0000000000000000E+00,-1.0000000000000000E+00,
   0.0000000000000000E+00));
#62280=AXIS2_PLACEMENT_3D('',#62250,#62260,#62270);
#62290=CIRCLE('',#62280,1.6750000000000000E+00);
#62300=CARTESIAN_POINT('',(-3.7300000000000058E+00,
   7.1721786954511946E-01,5.0000000000000955E-01));
#62310=VERTEX_POINT('',#62300);
#62320=EDGE_CURVE('',#62310,#62220,#62290,.T.);
#62330=ORIENTED_EDGE('',*,*,#62320,.T.);
#62340=CARTESIAN_POINT('',(-3.7300000000000062E+00,
   -9.5778213045487681E-01,-1.1749999999999901E+00));
#62350=VERTEX_POINT('',#62340);
#62360=EDGE_CURVE('',#62350,#62310,#62290,.T.);
#62370=ORIENTED_EDGE('',*,*,#62360,.T.);
#62380=CARTESIAN_POINT('',(-3.7300000000000062E+00,
   -9.5778213045487681E-01,-1.1749999999999901E+00));
#62390=DIRECTION('',(-9.5782628522115143E-01,3.8091968792013286E-17,
   -2.8734788556634533E-01));
#62400=VECTOR('',#62390,1.0000000000000000E+00);
#62410=LINE('',#62380,#62400);
#62420=CARTESIAN_POINT('',(-2.7300000000000062E+00,
   -9.5778213045487681E-01,-8.7499999999999012E-01));
#62430=VERTEX_POINT('',#62420);
#62440=EDGE_CURVE('',#62430,#62350,#62410,.T.);
#62450=ORIENTED_EDGE('',*,*,#62440,.T.);
#62460=CARTESIAN_POINT('',(-2.7300000000000062E+00,
   -9.5778213045487703E-01,5.0000000000000977E-01));
#62470=DIRECTION('',(-1.0000000000000000E+00,0.0000000000000000E+00,
   0.0000000000000000E+00));
#62480=DIRECTION('',(0.0000000000000000E+00,0.0000000000000000E+00,
   1.0000000000000000E+00));
#62490=AXIS2_PLACEMENT_3D('',#62460,#62470,#62480);
#62500=CIRCLE('',#62490,1.3750000000000000E+00);
#62510=EDGE_CURVE('',#62200,#62430,#62500,.T.);
#62520=ORIENTED_EDGE('',*,*,#62510,.T.);
#62530=EDGE_LOOP('',(#62520,#62450,#62370,#62330,#62240));
#62540=FACE_OUTER_BOUND('',#62530,.T.);
#62550=ADVANCED_FACE('',(#62540),#62140,.T.);
#62560=COLOUR_RGB('',9.4901967048645020E-01,9.4901967048645020E-01,
   1.0000000000000000E+00);
#62570=FILL_AREA_STYLE_COLOUR('',#62560);
#62580=FILL_AREA_STYLE('',(#62570));
#62590=SURFACE_STYLE_FILL_AREA(#62580);
#62600=SURFACE_SIDE_STYLE('',(#62590));
#62610=SURFACE_STYLE_USAGE(.BOTH.,#62600);
#62620=PRESENTATION_STYLE_ASSIGNMENT((#62610));
#62630=CARTESIAN_POINT('',(-2.7300000000000062E+00,
   4.2217869545119413E-02,5.0000000000000977E-01));
#62640=DIRECTION('',(1.0000000000000000E+00,0.0000000000000000E+00,
   0.0000000000000000E+00));
#62650=DIRECTION('',(0.0000000000000000E+00,-1.0000000000000000E+00,
   0.0000000000000000E+00));
#62660=AXIS2_PLACEMENT_3D('',#62630,#62640,#62650);
#62670=PLANE('',#62660);
#62680=EDGE_CURVE('',#62430,#62200,#62500,.T.);
#62690=ORIENTED_EDGE('',*,*,#62680,.F.);
#62700=ORIENTED_EDGE('',*,*,#62510,.F.);
#62710=EDGE_LOOP('',(#62700,#62690));
#62720=FACE_OUTER_BOUND('',#62710,.T.);
#62730=ADVANCED_FACE('',(#62720),#62670,.T.);
#62740=COLOUR_RGB('',9.4901967048645020E-01,9.4901967048645020E-01,
   1.0000000000000000E+00);
#62750=FILL_AREA_STYLE_COLOUR('',#62740);
#62760=FILL_AREA_STYLE('',(#62750));
#62770=SURFACE_STYLE_FILL_AREA(#62760);
#62780=SURFACE_SIDE_STYLE('',(#62770));
#62790=SURFACE_STYLE_USAGE(.BOTH.,#62780);
#62800=PRESENTATION_STYLE_ASSIGNMENT((#62790));
#62810=CARTESIAN_POINT('',(-9.7300000000000129E+00,
   -9.5778213045488059E-01,5.0000000000000977E-01));
#62820=DIRECTION('',(1.0000000000000000E+00,0.0000000000000000E+00,
   0.0000000000000000E+00));
#62830=DIRECTION('',(0.0000000000000000E+00,-1.0000000000000000E+00,
   0.0000000000000000E+00));
#62840=AXIS2_PLACEMENT_3D('',#62810,#62820,#62830);
#62850=CYLINDRICAL_SURFACE('',#62840,1.6750000000000000E+00);
#62860=ORIENTED_EDGE('',*,*,#62360,.F.);
#62870=CARTESIAN_POINT('',(-9.7300000000000129E+00,
   7.1721786954511946E-01,5.0000000000000955E-01));
#62880=DIRECTION('',(1.0000000000000000E+00,0.0000000000000000E+00,
   0.0000000000000000E+00));
#62890=VECTOR('',#62880,1.0000000000000000E+00);
#62900=LINE('',#62870,#62890);
#62910=EDGE_CURVE('',#61950,#62310,#62900,.T.);
#62920=ORIENTED_EDGE('',*,*,#62910,.T.);
#62930=ORIENTED_EDGE('',*,*,#61960,.T.);
#62940=CARTESIAN_POINT('',(-9.7300000000000129E+00,
   -2.6327821304548804E+00,5.0000000000000977E-01));
#62950=DIRECTION('',(1.0000000000000000E+00,0.0000000000000000E+00,
   0.0000000000000000E+00));
#62960=VECTOR('',#62950,1.0000000000000000E+00);
#62970=LINE('',#62940,#62960);
#62980=CARTESIAN_POINT('',(-3.7300000000000058E+00,
   -2.6327821304548804E+00,5.0000000000000977E-01));
#62990=VERTEX_POINT('',#62980);
#63000=EDGE_CURVE('',#52070,#62990,#62970,.T.);
#63010=ORIENTED_EDGE('',*,*,#63000,.F.);
#63020=EDGE_CURVE('',#62990,#62350,#62290,.T.);
#63030=ORIENTED_EDGE('',*,*,#63020,.F.);
#63040=EDGE_LOOP('',(#63030,#63010,#62930,#62920,#62860));
#63050=FACE_OUTER_BOUND('',#63040,.T.);
#63060=ADVANCED_FACE('',(#63050),#62850,.T.);
#63070=COLOUR_RGB('',9.4901967048645020E-01,9.4901967048645020E-01,
   1.0000000000000000E+00);
#63080=FILL_AREA_STYLE_COLOUR('',#63070);
#63090=FILL_AREA_STYLE('',(#63080));
#63100=SURFACE_STYLE_FILL_AREA(#63090);
#63110=SURFACE_SIDE_STYLE('',(#63100));
#63120=SURFACE_STYLE_USAGE(.BOTH.,#63110);
#63130=PRESENTATION_STYLE_ASSIGNMENT((#63120));
#63140=CARTESIAN_POINT('',(-1.1929999999999927E+01,
   -9.5778213045489302E-01,4.9999999999999956E-01));
#63150=DIRECTION('',(-1.0000000000000000E+00,0.0000000000000000E+00,
   0.0000000000000000E+00));
#63160=DIRECTION('',(0.0000000000000000E+00,1.0000000000000000E+00,
   0.0000000000000000E+00));
#63170=AXIS2_PLACEMENT_3D('',#63140,#63150,#63160);
#63180=CYLINDRICAL_SURFACE('',#63170,2.7261825973923282E+00);
#63190=ORIENTED_EDGE('',*,*,#52180,.T.);
#63200=ORIENTED_EDGE('',*,*,#61860,.T.);
#63210=CARTESIAN_POINT('',(-1.1929999999999927E+01,
   1.7684004669374351E+00,4.9999999999999956E-01));
#63220=DIRECTION('',(-1.0000000000000000E+00,0.0000000000000000E+00,
   0.0000000000000000E+00));
#63230=VECTOR('',#63220,1.0000000000000000E+00);
#63240=LINE('',#63210,#63230);
#63250=EDGE_CURVE('',#61830,#31810,#63240,.T.);
#63260=ORIENTED_EDGE('',*,*,#63250,.F.);
#63270=ORIENTED_EDGE('',*,*,#31920,.F.);
#63280=EDGE_LOOP('',(#63270,#63260,#63200,#63190));
#63290=FACE_OUTER_BOUND('',#63280,.T.);
#63300=ADVANCED_FACE('',(#63290),#63180,.T.);
#63310=COLOUR_RGB('',5.0196081399917603E-01,1.0000000000000000E+00,
   5.0196081399917603E-01);
#63320=FILL_AREA_STYLE_COLOUR('',#63310);
#63330=FILL_AREA_STYLE('',(#63320));
#63340=SURFACE_STYLE_FILL_AREA(#63330);
#63350=SURFACE_SIDE_STYLE('',(#63340));
#63360=SURFACE_STYLE_USAGE(.BOTH.,#63350);
#63370=PRESENTATION_STYLE_ASSIGNMENT((#63360));
#63380=CARTESIAN_POINT('',(-1.8929999999999996E+01,
   -9.5778213045488059E-01,-7.9000000000000030E+00));
#63390=DIRECTION('',(-1.0000000000000000E+00,0.0000000000000000E+00,
   0.0000000000000000E+00));
#63400=DIRECTION('',(0.0000000000000000E+00,0.0000000000000000E+00,
   1.0000000000000000E+00));
#63410=AXIS2_PLACEMENT_3D('',#63380,#63390,#63400);
#63420=PLANE('',#63410);
#63430=ORIENTED_EDGE('',*,*,#44300,.F.);
#63440=ORIENTED_EDGE('',*,*,#45770,.T.);
#63450=ORIENTED_EDGE('',*,*,#37230,.T.);
#63460=CARTESIAN_POINT('',(-1.8929999999999996E+01,
   -4.5778213045488059E-01,3.0170423393406152E+00));
#63470=DIRECTION('',(0.0000000000000000E+00,0.0000000000000000E+00,
   1.0000000000000000E+00));
#63480=VECTOR('',#63470,1.0000000000000000E+00);
#63490=LINE('',#63460,#63480);
#63500=CARTESIAN_POINT('',(-1.8929999999999996E+01,
   -4.5778213045488059E-01,-6.7000000000000002E+00));
#63510=VERTEX_POINT('',#63500);
#63520=EDGE_CURVE('',#37160,#63510,#63490,.T.);
#63530=ORIENTED_EDGE('',*,*,#63520,.F.);
#63540=CARTESIAN_POINT('',(-1.8929999999999996E+01,
   -5.7909557635968714E+00,-6.7000000000000002E+00));
#63550=DIRECTION('',(0.0000000000000000E+00,-1.0000000000000000E+00,
   0.0000000000000000E+00));
#63560=VECTOR('',#63550,1.0000000000000000E+00);
#63570=LINE('',#63540,#63560);
#63580=EDGE_CURVE('',#63510,#44290,#63570,.T.);
#63590=ORIENTED_EDGE('',*,*,#63580,.F.);
#63600=EDGE_LOOP('',(#63590,#63530,#63450,#63440,#63430));
#63610=FACE_OUTER_BOUND('',#63600,.T.);
#63620=ADVANCED_FACE('',(#63610),#63420,.T.);
#63630=COLOUR_RGB('',9.4901961088180542E-01,9.4901961088180542E-01,
   1.0000000000000000E+00);
#63640=FILL_AREA_STYLE_COLOUR('',#63630);
#63650=FILL_AREA_STYLE('',(#63640));
#63660=SURFACE_STYLE_FILL_AREA(#63650);
#63670=SURFACE_SIDE_STYLE('',(#63660));
#63680=SURFACE_STYLE_USAGE(.BOTH.,#63670);
#63690=PRESENTATION_STYLE_ASSIGNMENT((#63680));
#63700=CARTESIAN_POINT('',(-2.2768613317828681E+01,
   9.7022178695451196E+00,4.5790680321947530E-01));
#63710=DIRECTION('',(0.0000000000000000E+00,-1.0000000000000000E+00,
   0.0000000000000000E+00));
#63720=DIRECTION('',(1.0000000000000000E+00,0.0000000000000000E+00,
   0.0000000000000000E+00));
#63730=AXIS2_PLACEMENT_3D('',#63700,#63710,#63720);
#63740=PLANE('',#63730);
#63750=CARTESIAN_POINT('',(-1.8930000000000000E+01,
   9.7022178695451196E+00,3.0170423393406152E+00));
#63760=DIRECTION('',(0.0000000000000000E+00,0.0000000000000000E+00,
   -1.0000000000000000E+00));
#63770=VECTOR('',#63760,1.0000000000000000E+00);
#63780=LINE('',#63750,#63770);
#63790=CARTESIAN_POINT('',(-1.8930000000000000E+01,
   9.7022178695451196E+00,-6.7000000000000002E+00));
#63800=VERTEX_POINT('',#63790);
#63810=EDGE_CURVE('',#63800,#39330,#63780,.T.);
#63820=ORIENTED_EDGE('',*,*,#63810,.F.);
#63830=ORIENTED_EDGE('',*,*,#39340,.F.);
#63840=ORIENTED_EDGE('',*,*,#52850,.F.);
#63850=ORIENTED_EDGE('',*,*,#46340,.F.);
#63860=ORIENTED_EDGE('',*,*,#51820,.F.);
#63870=CARTESIAN_POINT('',(-2.2300000000000204E+00,
   9.7022178695451196E+00,-6.7000000000000002E+00));
#63880=DIRECTION('',(1.0000000000000000E+00,0.0000000000000000E+00,
   0.0000000000000000E+00));
#63890=VECTOR('',#63880,1.0000000000000000E+00);
#63900=LINE('',#63870,#63890);
#63910=EDGE_CURVE('',#63800,#51750,#63900,.T.);
#63920=ORIENTED_EDGE('',*,*,#63910,.T.);
#63930=EDGE_LOOP('',(#63920,#63860,#63850,#63840,#63830,#63820));
#63940=FACE_OUTER_BOUND('',#63930,.T.);
#63950=ADVANCED_FACE('',(#63940),#63740,.F.);
#63960=COLOUR_RGB('',9.4901961088180542E-01,9.4901961088180542E-01,
   1.0000000000000000E+00);
#63970=FILL_AREA_STYLE_COLOUR('',#63960);
#63980=FILL_AREA_STYLE('',(#63970));
#63990=SURFACE_STYLE_FILL_AREA(#63980);
#64000=SURFACE_SIDE_STYLE('',(#63990));
#64010=SURFACE_STYLE_USAGE(.BOTH.,#64000);
#64020=PRESENTATION_STYLE_ASSIGNMENT((#64010));
#64030=CARTESIAN_POINT('',(1.2699999999999796E+00,6.9871786954510906E-01
   ,5.8274999999999748E+00));
#64040=DIRECTION('',(1.0000000000000000E+00,0.0000000000000000E+00,
   0.0000000000000000E+00));
#64050=DIRECTION('',(0.0000000000000000E+00,-1.0000000000000000E+00,
   1.2246063538223773E-16));
#64060=AXIS2_PLACEMENT_3D('',#64030,#64040,#64050);
#64070=CYLINDRICAL_SURFACE('',#64060,1.9350000000009307E-01);
#64080=ORIENTED_EDGE('',*,*,#58320,.T.);
#64090=CARTESIAN_POINT('',(1.2699999999999796E+00,8.9221786954520210E-01
   ,5.8274999999999748E+00));
#64100=DIRECTION('',(1.0000000000000000E+00,0.0000000000000000E+00,
   0.0000000000000000E+00));
#64110=VECTOR('',#64100,1.0000000000000000E+00);
#64120=LINE('',#64090,#64110);
#64130=EDGE_CURVE('',#60090,#58290,#64120,.T.);
#64140=ORIENTED_EDGE('',*,*,#64130,.T.);
#64150=ORIENTED_EDGE('',*,*,#60100,.F.);
#64160=ORIENTED_EDGE('',*,*,#30410,.T.);
#64170=EDGE_LOOP('',(#64160,#64150,#64140,#64080));
#64180=FACE_OUTER_BOUND('',#64170,.T.);
#64190=ADVANCED_FACE('',(#64180),#64070,.F.);
#64200=COLOUR_RGB('',5.0196081399917603E-01,1.0000000000000000E+00,
   5.0196081399917603E-01);
#64210=FILL_AREA_STYLE_COLOUR('',#64200);
#64220=FILL_AREA_STYLE('',(#64210));
#64230=SURFACE_STYLE_FILL_AREA(#64220);
#64240=SURFACE_SIDE_STYLE('',(#64230));
#64250=SURFACE_STYLE_USAGE(.BOTH.,#64240);
#64260=PRESENTATION_STYLE_ASSIGNMENT((#64250));
#64270=CARTESIAN_POINT('',(1.2699999999999796E+00,8.2517897166001131E-01
   ,5.6773502691896551E+00));
#64280=DIRECTION('',(0.0000000000000000E+00,7.6390892204635474E-01,
   -6.4532407270919034E-01));
#64290=DIRECTION('',(0.0000000000000000E+00,-6.4532407270919034E-01,
   -7.6390892204635474E-01));
#64300=AXIS2_PLACEMENT_3D('',#64270,#64280,#64290);
#64310=PLANE('',#64300);
#64320=ORIENTED_EDGE('',*,*,#58210,.T.);
#64330=CARTESIAN_POINT('',(1.2699999999999796E+00,6.0640149312912239E-01
   ,5.4183702080691090E+00));
#64340=DIRECTION('',(-1.0000000000000000E+00,0.0000000000000000E+00,
   0.0000000000000000E+00));
#64350=VECTOR('',#64340,1.0000000000000000E+00);
#64360=LINE('',#64330,#64350);
#64370=EDGE_CURVE('',#58120,#60210,#64360,.T.);
#64380=ORIENTED_EDGE('',*,*,#64370,.F.);
#64390=ORIENTED_EDGE('',*,*,#60220,.F.);
#64400=CARTESIAN_POINT('',(1.2699999999999796E+00,8.4653424596131099E-01
   ,5.7026297919308773E+00));
#64410=DIRECTION('',(-1.0000000000000000E+00,0.0000000000000000E+00,
   0.0000000000000000E+00));
#64420=VECTOR('',#64410,1.0000000000000000E+00);
#64430=LINE('',#64400,#64420);
#64440=EDGE_CURVE('',#58200,#60130,#64430,.T.);
#64450=ORIENTED_EDGE('',*,*,#64440,.T.);
#64460=EDGE_LOOP('',(#64450,#64390,#64380,#64320));
#64470=FACE_OUTER_BOUND('',#64460,.T.);
#64480=ADVANCED_FACE('',(#64470),#64310,.F.);
#64490=COLOUR_RGB('',5.0196081399917603E-01,1.0000000000000000E+00,
   5.0196081399917603E-01);
#64500=FILL_AREA_STYLE_COLOUR('',#64490);
#64510=FILL_AREA_STYLE('',(#64500));
#64520=SURFACE_STYLE_FILL_AREA(#64510);
#64530=SURFACE_SIDE_STYLE('',(#64520));
#64540=SURFACE_STYLE_USAGE(.BOTH.,#64530);
#64550=PRESENTATION_STYLE_ASSIGNMENT((#64540));
#64560=CARTESIAN_POINT('',(1.2699999999999796E+00,7.5421786954499037E-01
   ,5.2934999999999901E+00));
#64570=DIRECTION('',(1.0000000000000000E+00,0.0000000000000000E+00,
   0.0000000000000000E+00));
#64580=DIRECTION('',(0.0000000000000000E+00,-1.0000000000000000E+00,
   1.2246063538223773E-16));
#64590=AXIS2_PLACEMENT_3D('',#64560,#64570,#64580);
#64600=CYLINDRICAL_SURFACE('',#64590,1.9349999999985168E-01);
#64610=ORIENTED_EDGE('',*,*,#58130,.F.);
#64620=CARTESIAN_POINT('',(8.7253658899385655E-01,7.5421786954498948E-01
   ,5.2934999999999901E+00));
#64630=DIRECTION('',(-2.5881904510252074E-01,0.0000000000000000E+00,
   9.6592582628906842E-01));
#64640=DIRECTION('',(-9.6592582628906842E-01,0.0000000000000000E+00,
   -2.5881904510252074E-01));
#64650=AXIS2_PLACEMENT_3D('',#64620,#64630,#64640);
#64660=ELLIPSE('',#64650,7.4762658954716588E-01,1.9349999999985165E-01);
#64670=EDGE_CURVE('',#61050,#58030,#64660,.T.);
#64680=ORIENTED_EDGE('',*,*,#64670,.T.);
#64690=ORIENTED_EDGE('',*,*,#61140,.T.);
#64700=ORIENTED_EDGE('',*,*,#60310,.T.);
#64710=ORIENTED_EDGE('',*,*,#64370,.T.);
#64720=EDGE_LOOP('',(#64710,#64700,#64690,#64680,#64610));
#64730=FACE_OUTER_BOUND('',#64720,.T.);
#64740=ADVANCED_FACE('',(#64730),#64600,.T.);
#64750=COLOUR_RGB('',5.0196081399917603E-01,1.0000000000000000E+00,
   5.0196081399917603E-01);
#64760=FILL_AREA_STYLE_COLOUR('',#64750);
#64770=FILL_AREA_STYLE('',(#64760));
#64780=SURFACE_STYLE_FILL_AREA(#64770);
#64790=SURFACE_SIDE_STYLE('',(#64780));
#64800=SURFACE_STYLE_USAGE(.BOTH.,#64790);
#64810=PRESENTATION_STYLE_ASSIGNMENT((#64800));
#64820=CARTESIAN_POINT('',(7.1019237886464737E-01,1.2458217869545107E+01
   ,5.2500000000000000E+00));
#64830=DIRECTION('',(-2.5881904510252074E-01,0.0000000000000000E+00,
   9.6592582628906842E-01));
#64840=DIRECTION('',(-9.6592582628906842E-01,0.0000000000000000E+00,
   -2.5881904510252074E-01));
#64850=AXIS2_PLACEMENT_3D('',#64820,#64830,#64840);
#64860=PLANE('',#64850);
#64870=ORIENTED_EDGE('',*,*,#59670,.T.);
#64880=ORIENTED_EDGE('',*,*,#60810,.T.);
#64890=ORIENTED_EDGE('',*,*,#61060,.T.);
#64900=ORIENTED_EDGE('',*,*,#64670,.F.);
#64910=ORIENTED_EDGE('',*,*,#58040,.F.);
#64920=EDGE_LOOP('',(#64910,#64900,#64890,#64880,#64870));
#64930=FACE_OUTER_BOUND('',#64920,.T.);
#64940=ADVANCED_FACE('',(#64930),#64860,.F.);
#64950=COLOUR_RGB('',5.0196081399917603E-01,1.0000000000000000E+00,
   5.0196081399917603E-01);
#64960=FILL_AREA_STYLE_COLOUR('',#64950);
#64970=FILL_AREA_STYLE('',(#64960));
#64980=SURFACE_STYLE_FILL_AREA(#64970);
#64990=SURFACE_SIDE_STYLE('',(#64980));
#65000=SURFACE_STYLE_USAGE(.BOTH.,#64990);
#65010=PRESENTATION_STYLE_ASSIGNMENT((#65000));
#65020=CARTESIAN_POINT('',(1.2699999999999796E+00,4.9221786954498903E-01
   ,5.0999999999999543E+00));
#65030=DIRECTION('',(0.0000000000000000E+00,1.0000000000000000E+00,
   -1.2246063538223773E-16));
#65040=DIRECTION('',(0.0000000000000000E+00,-1.2246063538223773E-16,
   -1.0000000000000000E+00));
#65050=AXIS2_PLACEMENT_3D('',#65020,#65030,#65040);
#65060=PLANE('',#65050);
#65070=ORIENTED_EDGE('',*,*,#60000,.T.);
#65080=ORIENTED_EDGE('',*,*,#60660,.F.);
#65090=ORIENTED_EDGE('',*,*,#32020,.T.);
#65100=ORIENTED_EDGE('',*,*,#30570,.T.);
#65110=EDGE_LOOP('',(#65100,#65090,#65080,#65070));
#65120=FACE_OUTER_BOUND('',#65110,.T.);
#65130=ADVANCED_FACE('',(#65120),#65060,.F.);
#65140=COLOUR_RGB('',5.0196081399917603E-01,1.0000000000000000E+00,
   5.0196081399917603E-01);
#65150=FILL_AREA_STYLE_COLOUR('',#65140);
#65160=FILL_AREA_STYLE('',(#65150));
#65170=SURFACE_STYLE_FILL_AREA(#65160);
#65180=SURFACE_SIDE_STYLE('',(#65170));
#65190=SURFACE_STYLE_USAGE(.BOTH.,#65180);
#65200=PRESENTATION_STYLE_ASSIGNMENT((#65190));
#65210=CARTESIAN_POINT('',(1.2699999999999796E+00,7.7522178695452126E+00
   ,6.0210000000000106E+00));
#65220=DIRECTION('',(0.0000000000000000E+00,-1.0000000000000000E+00,
   1.2246063538223773E-16));
#65230=DIRECTION('',(0.0000000000000000E+00,1.2246063538223773E-16,
   1.0000000000000000E+00));
#65240=AXIS2_PLACEMENT_3D('',#65210,#65220,#65230);
#65250=PLANE('',#65240);
#65260=CARTESIAN_POINT('',(-6.7300000000000200E+00,
   7.7522178695452091E+00,-3.2945804108360988E+01));
#65270=DIRECTION('',(0.0000000000000000E+00,-1.2246063538223773E-16,
   -1.0000000000000000E+00));
#65280=VECTOR('',#65270,1.0000000000000000E+00);
#65290=LINE('',#65260,#65280);
#65300=CARTESIAN_POINT('',(-6.7300000000000200E+00,
   7.7522178695452126E+00,6.0210000000000106E+00));
#65310=VERTEX_POINT('',#65300);
#65320=CARTESIAN_POINT('',(-6.7300000000000200E+00,
   7.7522178695452126E+00,5.0999999999999996E+00));
#65330=VERTEX_POINT('',#65320);
#65340=EDGE_CURVE('',#65310,#65330,#65290,.T.);
#65350=ORIENTED_EDGE('',*,*,#65340,.T.);
#65360=CARTESIAN_POINT('',(1.2699999999999796E+00,7.7522178695452126E+00
   ,6.0210000000000106E+00));
#65370=DIRECTION('',(-1.0000000000000000E+00,0.0000000000000000E+00,
   0.0000000000000000E+00));
#65380=VECTOR('',#65370,1.0000000000000000E+00);
#65390=LINE('',#65360,#65380);
#65400=CARTESIAN_POINT('',(-1.3430000000000023E+01,
   7.7522178695452126E+00,6.0210000000000106E+00));
#65410=VERTEX_POINT('',#65400);
#65420=EDGE_CURVE('',#65310,#65410,#65390,.T.);
#65430=ORIENTED_EDGE('',*,*,#65420,.F.);
#65440=CARTESIAN_POINT('',(-1.3430000000000023E+01,
   7.7522178695452091E+00,-3.2945804108360988E+01));
#65450=DIRECTION('',(0.0000000000000000E+00,-1.2246063538223773E-16,
   -1.0000000000000000E+00));
#65460=VECTOR('',#65450,1.0000000000000000E+00);
#65470=LINE('',#65440,#65460);
#65480=CARTESIAN_POINT('',(-1.3429999999999927E+01,
   7.7522178695452126E+00,5.0999999999999996E+00));
#65490=VERTEX_POINT('',#65480);
#65500=EDGE_CURVE('',#65410,#65490,#65470,.T.);
#65510=ORIENTED_EDGE('',*,*,#65500,.F.);
#65520=CARTESIAN_POINT('',(-2.2300000000000204E+00,
   7.7522178695452126E+00,5.0999999999999996E+00));
#65530=DIRECTION('',(1.0000000000000000E+00,0.0000000000000000E+00,
   0.0000000000000000E+00));
#65540=VECTOR('',#65530,1.0000000000000000E+00);
#65550=LINE('',#65520,#65540);
#65560=EDGE_CURVE('',#65490,#65330,#65550,.T.);
#65570=ORIENTED_EDGE('',*,*,#65560,.F.);
#65580=EDGE_LOOP('',(#65570,#65510,#65430,#65350));
#65590=FACE_OUTER_BOUND('',#65580,.T.);
#65600=ADVANCED_FACE('',(#65590),#65250,.F.);
#65610=COLOUR_RGB('',5.0196081399917603E-01,1.0000000000000000E+00,
   5.0196081399917603E-01);
#65620=FILL_AREA_STYLE_COLOUR('',#65610);
#65630=FILL_AREA_STYLE('',(#65620));
#65640=SURFACE_STYLE_FILL_AREA(#65630);
#65650=SURFACE_SIDE_STYLE('',(#65640));
#65660=SURFACE_STYLE_USAGE(.BOTH.,#65650);
#65670=PRESENTATION_STYLE_ASSIGNMENT((#65660));
#65680=CARTESIAN_POINT('',(-6.7300000000000200E+00,
   9.2022178695451018E+00,5.0999999999999970E+00));
#65690=DIRECTION('',(-0.0000000000000000E+00,6.1230317691118863E-17,
   1.0000000000000000E+00));
#65700=DIRECTION('',(1.0000000000000000E+00,0.0000000000000000E+00,
   0.0000000000000000E+00));
#65710=AXIS2_PLACEMENT_3D('',#65680,#65690,#65700);
#65720=PLANE('',#65710);
#65730=CARTESIAN_POINT('',(-1.3429999999999927E+01,
   -5.7909557635968714E+00,5.0999999999999979E+00));
#65740=DIRECTION('',(-0.0000000000000000E+00,1.0000000000000000E+00,
   -6.1230317691118863E-17));
#65750=VECTOR('',#65740,1.0000000000000000E+00);
#65760=LINE('',#65730,#65750);
#65770=CARTESIAN_POINT('',(-1.3429999999999927E+01,
   4.7838845362116675E+00,5.0999999999999979E+00));
#65780=VERTEX_POINT('',#65770);
#65790=EDGE_CURVE('',#65780,#65490,#65760,.T.);
#65800=ORIENTED_EDGE('',*,*,#65790,.T.);
#65810=CARTESIAN_POINT('',(-2.2300000000000204E+00,
   4.7216623139895333E+00,5.0999999999999996E+00));
#65820=DIRECTION('',(-9.9998456825844995E-01,5.5554698236501675E-03,
   0.0000000000000000E+00));
#65830=VECTOR('',#65820,1.0000000000000000E+00);
#65840=LINE('',#65810,#65830);
#65850=CARTESIAN_POINT('',(1.5038475772931781E-01,4.7084379542243884E+00
   ,5.0999999999999996E+00));
#65860=VERTEX_POINT('',#65850);
#65870=EDGE_CURVE('',#65860,#65780,#65840,.T.);
#65880=ORIENTED_EDGE('',*,*,#65870,.T.);
#65890=CARTESIAN_POINT('',(1.5038475772930937E-01,
   -5.7909557635968714E+00,5.0999999999999979E+00));
#65900=DIRECTION('',(-2.2851465658683906E-16,1.0000000000000000E+00,
   -6.1230317691118863E-17));
#65910=VECTOR('',#65900,1.0000000000000000E+00);
#65920=LINE('',#65890,#65910);
#65930=CARTESIAN_POINT('',(1.5038475772930626E-01,7.6837178695451698E+00
   ,5.0999999999999970E+00));
#65940=VERTEX_POINT('',#65930);
#65950=EDGE_CURVE('',#65860,#65940,#65920,.T.);
#65960=ORIENTED_EDGE('',*,*,#65950,.F.);
#65970=CARTESIAN_POINT('',(-2.2300000000000204E+00,
   7.6837178695451698E+00,5.0999999999999996E+00));
#65980=DIRECTION('',(1.0000000000000000E+00,0.0000000000000000E+00,
   0.0000000000000000E+00));
#65990=VECTOR('',#65980,1.0000000000000000E+00);
#66000=LINE('',#65970,#65990);
#66010=CARTESIAN_POINT('',(-6.7300000000000200E+00,
   7.6837178695451698E+00,5.0999999999999996E+00));
#66020=VERTEX_POINT('',#66010);
#66030=EDGE_CURVE('',#66020,#65940,#66000,.T.);
#66040=ORIENTED_EDGE('',*,*,#66030,.T.);
#66050=CARTESIAN_POINT('',(-6.7300000000000200E+00,
   -5.7909557635968714E+00,5.0999999999999996E+00));
#66060=DIRECTION('',(0.0000000000000000E+00,1.0000000000000000E+00,
   0.0000000000000000E+00));
#66070=VECTOR('',#66060,1.0000000000000000E+00);
#66080=LINE('',#66050,#66070);
#66090=EDGE_CURVE('',#66020,#65330,#66080,.T.);
#66100=ORIENTED_EDGE('',*,*,#66090,.F.);
#66110=ORIENTED_EDGE('',*,*,#65560,.T.);
#66120=EDGE_LOOP('',(#66110,#66100,#66040,#65960,#65880,#65800));
#66130=FACE_OUTER_BOUND('',#66120,.T.);
#66140=ADVANCED_FACE('',(#66130),#65720,.F.);
#66150=COLOUR_RGB('',5.0196081399917603E-01,1.0000000000000000E+00,
   5.0196081399917603E-01);
#66160=FILL_AREA_STYLE_COLOUR('',#66150);
#66170=FILL_AREA_STYLE('',(#66160));
#66180=SURFACE_STYLE_FILL_AREA(#66170);
#66190=SURFACE_SIDE_STYLE('',(#66180));
#66200=SURFACE_STYLE_USAGE(.BOTH.,#66190);
#66210=PRESENTATION_STYLE_ASSIGNMENT((#66200));
#66220=CARTESIAN_POINT('',(-2.2300000000000204E+00,
   7.6837178695451698E+00,4.4621778264910708E+00));
#66230=DIRECTION('',(9.6592582628906842E-01,4.1633363423443370E-17,
   2.5881904510252074E-01));
#66240=VECTOR('',#66230,1.0000000000000000E+00);
#66250=LINE('',#66220,#66240);
#66260=CARTESIAN_POINT('',(8.7253658899385655E-01,7.6837178695451698E+00
   ,5.2934999999999901E+00));
#66270=VERTEX_POINT('',#66260);
#66280=EDGE_CURVE('',#65940,#66270,#66250,.T.);
#66290=ORIENTED_EDGE('',*,*,#66280,.T.);
#66300=ORIENTED_EDGE('',*,*,#65950,.T.);
#66310=CARTESIAN_POINT('',(-2.2300000000000204E+00,
   4.7216623139895333E+00,4.4621778264910708E+00));
#66320=DIRECTION('',(-9.6591191885694883E-01,5.3661773269754413E-03,
   -2.5881531861731549E-01));
#66330=VECTOR('',#66320,1.0000000000000000E+00);
#66340=LINE('',#66310,#66330);
#66350=EDGE_CURVE('',#56450,#65860,#66340,.T.);
#66360=ORIENTED_EDGE('',*,*,#66350,.T.);
#66370=ORIENTED_EDGE('',*,*,#56460,.F.);
#66380=CARTESIAN_POINT('',(8.7253658899385655E-01,7.4902178695452122E+00
   ,5.2934999999999901E+00));
#66390=DIRECTION('',(-2.5881904510252074E-01,0.0000000000000000E+00,
   9.6592582628906842E-01));
#66400=DIRECTION('',(-9.6592582628906831E-01,0.0000000000000000E+00,
   -2.5881904510252068E-01));
#66410=AXIS2_PLACEMENT_3D('',#66380,#66390,#66400);
#66420=ELLIPSE('',#66410,7.4762658954757510E-01,1.9349999999995754E-01);
#66430=EDGE_CURVE('',#56370,#66270,#66420,.T.);
#66440=ORIENTED_EDGE('',*,*,#66430,.F.);
#66450=EDGE_LOOP('',(#66440,#66370,#66360,#66300,#66290));
#66460=FACE_OUTER_BOUND('',#66450,.T.);
#66470=ADVANCED_FACE('',(#66460),#64860,.F.);
#66480=COLOUR_RGB('',5.0196081399917603E-01,1.0000000000000000E+00,
   5.0196081399917603E-01);
#66490=FILL_AREA_STYLE_COLOUR('',#66480);
#66500=FILL_AREA_STYLE('',(#66490));
#66510=SURFACE_STYLE_FILL_AREA(#66500);
#66520=SURFACE_SIDE_STYLE('',(#66510));
#66530=SURFACE_STYLE_USAGE(.BOTH.,#66520);
#66540=PRESENTATION_STYLE_ASSIGNMENT((#66530));
#66550=CARTESIAN_POINT('',(-6.7300000000000200E+00,
   1.3629832508247054E+01,5.4209701250048949E+00));
#66560=DIRECTION('',(1.0000000000000000E+00,0.0000000000000000E+00,
   -0.0000000000000000E+00));
#66570=DIRECTION('',(0.0000000000000000E+00,6.1230317691118863E-17,
   1.0000000000000000E+00));
#66580=AXIS2_PLACEMENT_3D('',#66550,#66560,#66570);
#66590=PLANE('',#66580);
#66600=ORIENTED_EDGE('',*,*,#66090,.T.);
#66610=CARTESIAN_POINT('',(-6.7300000000000200E+00,
   7.6837178695451698E+00,5.1000000000000112E+00));
#66620=DIRECTION('',(0.0000000000000000E+00,1.2246063538223773E-16,
   1.0000000000000000E+00));
#66630=VECTOR('',#66620,1.0000000000000000E+00);
#66640=LINE('',#66610,#66630);
#66650=CARTESIAN_POINT('',(-6.7300000000000200E+00,
   7.6837178695451698E+00,5.2934999999999901E+00));
#66660=VERTEX_POINT('',#66650);
#66670=EDGE_CURVE('',#66020,#66660,#66640,.T.);
#66680=ORIENTED_EDGE('',*,*,#66670,.F.);
#66690=CARTESIAN_POINT('',(-6.7300000000000200E+00,
   7.4902178695452122E+00,5.2934999999999901E+00));
#66700=DIRECTION('',(1.0000000000000000E+00,0.0000000000000000E+00,
   0.0000000000000000E+00));
#66710=DIRECTION('',(0.0000000000000000E+00,-1.0000000000000000E+00,
   1.2246063538223773E-16));
#66720=AXIS2_PLACEMENT_3D('',#66690,#66700,#66710);
#66730=CIRCLE('',#66720,1.9349999999995759E-01);
#66740=CARTESIAN_POINT('',(-6.7300000000000200E+00,
   7.6380342459612010E+00,5.4183702080691090E+00));
#66750=VERTEX_POINT('',#66740);
#66760=EDGE_CURVE('',#66660,#66750,#66730,.T.);
#66770=ORIENTED_EDGE('',*,*,#66760,.F.);
#66780=CARTESIAN_POINT('',(-6.7300000000000200E+00,
   7.6380342459612010E+00,5.4183702080691090E+00));
#66790=DIRECTION('',(0.0000000000000000E+00,-6.4532407270864856E-01,
   7.6390892204681249E-01));
#66800=VECTOR('',#66790,1.0000000000000000E+00);
#66810=LINE('',#66780,#66800);
#66820=CARTESIAN_POINT('',(-6.7300000000000200E+00,
   7.3979014931289910E+00,5.7026297919309057E+00));
#66830=VERTEX_POINT('',#66820);
#66840=EDGE_CURVE('',#66750,#66830,#66810,.T.);
#66850=ORIENTED_EDGE('',*,*,#66840,.F.);
#66860=CARTESIAN_POINT('',(-6.7300000000000200E+00,
   7.5457178695450935E+00,5.8274999999999748E+00));
#66870=DIRECTION('',(1.0000000000000000E+00,0.0000000000000000E+00,
   0.0000000000000000E+00));
#66880=DIRECTION('',(0.0000000000000000E+00,-1.0000000000000000E+00,
   1.2246063538223773E-16));
#66890=AXIS2_PLACEMENT_3D('',#66860,#66870,#66880);
#66900=CIRCLE('',#66890,1.9349999999991496E-01);
#66910=CARTESIAN_POINT('',(-6.7300000000000200E+00,
   7.3522178695451785E+00,5.8274999999999748E+00));
#66920=VERTEX_POINT('',#66910);
#66930=EDGE_CURVE('',#66920,#66830,#66900,.T.);
#66940=ORIENTED_EDGE('',*,*,#66930,.T.);
#66950=CARTESIAN_POINT('',(-6.7300000000000200E+00,
   7.5457178695450935E+00,6.0209999999998898E+00));
#66960=VERTEX_POINT('',#66950);
#66970=EDGE_CURVE('',#66960,#66920,#66900,.T.);
#66980=ORIENTED_EDGE('',*,*,#66970,.T.);
#66990=CARTESIAN_POINT('',(-6.7300000000000200E+00,
   7.5457178695450935E+00,6.0209999999998898E+00));
#67000=DIRECTION('',(0.0000000000000000E+00,1.0000000000000000E+00,
   5.8482797558324895E-13));
#67010=VECTOR('',#67000,1.0000000000000000E+00);
#67020=LINE('',#66990,#67010);
#67030=EDGE_CURVE('',#66960,#65310,#67020,.T.);
#67040=ORIENTED_EDGE('',*,*,#67030,.F.);
#67050=ORIENTED_EDGE('',*,*,#65340,.F.);
#67060=EDGE_LOOP('',(#67050,#67040,#66980,#66940,#66850,#66770,#66680,
   #66600));
#67070=FACE_OUTER_BOUND('',#67060,.T.);
#67080=ADVANCED_FACE('',(#67070),#66590,.T.);
#67090=COLOUR_RGB('',5.0196081399917603E-01,1.0000000000000000E+00,
   5.0196081399917603E-01);
#67100=FILL_AREA_STYLE_COLOUR('',#67090);
#67110=FILL_AREA_STYLE('',(#67100));
#67120=SURFACE_STYLE_FILL_AREA(#67110);
#67130=SURFACE_SIDE_STYLE('',(#67120));
#67140=SURFACE_STYLE_USAGE(.BOTH.,#67130);
#67150=PRESENTATION_STYLE_ASSIGNMENT((#67140));
#67160=CARTESIAN_POINT('',(1.2699999999999796E+00,7.6837178695451698E+00
   ,5.2934999999999901E+00));
#67170=DIRECTION('',(0.0000000000000000E+00,-1.0000000000000000E+00,
   1.2246063538223773E-16));
#67180=DIRECTION('',(0.0000000000000000E+00,1.2246063538223773E-16,
   1.0000000000000000E+00));
#67190=AXIS2_PLACEMENT_3D('',#67160,#67170,#67180);
#67200=PLANE('',#67190);
#67210=CARTESIAN_POINT('',(1.2699999999999796E+00,7.6837178695451698E+00
   ,5.2934999999999901E+00));
#67220=DIRECTION('',(1.0000000000000000E+00,0.0000000000000000E+00,
   0.0000000000000000E+00));
#67230=VECTOR('',#67220,1.0000000000000000E+00);
#67240=LINE('',#67210,#67230);
#67250=EDGE_CURVE('',#66660,#66270,#67240,.T.);
#67260=ORIENTED_EDGE('',*,*,#67250,.T.);
#67270=ORIENTED_EDGE('',*,*,#66670,.T.);
#67280=ORIENTED_EDGE('',*,*,#66030,.F.);
#67290=ORIENTED_EDGE('',*,*,#66280,.F.);
#67300=EDGE_LOOP('',(#67290,#67280,#67270,#67260));
#67310=FACE_OUTER_BOUND('',#67300,.T.);
#67320=ADVANCED_FACE('',(#67310),#67200,.F.);
#67330=COLOUR_RGB('',5.0196081399917603E-01,1.0000000000000000E+00,
   5.0196081399917603E-01);
#67340=FILL_AREA_STYLE_COLOUR('',#67330);
#67350=FILL_AREA_STYLE('',(#67340));
#67360=SURFACE_STYLE_FILL_AREA(#67350);
#67370=SURFACE_SIDE_STYLE('',(#67360));
#67380=SURFACE_STYLE_USAGE(.BOTH.,#67370);
#67390=PRESENTATION_STYLE_ASSIGNMENT((#67380));
#67400=CARTESIAN_POINT('',(1.2699999999999796E+00,7.4192567674303191E+00
   ,5.6773502691896551E+00));
#67410=DIRECTION('',(-0.0000000000000000E+00,-7.6390892204681249E-01,
   -6.4532407270864856E-01));
#67420=DIRECTION('',(0.0000000000000000E+00,-6.4532407270864856E-01,
   7.6390892204681249E-01));
#67430=AXIS2_PLACEMENT_3D('',#67400,#67410,#67420);
#67440=PLANE('',#67430);
#67450=ORIENTED_EDGE('',*,*,#56290,.T.);
#67460=CARTESIAN_POINT('',(1.2699999999999796E+00,7.3979014931289910E+00
   ,5.7026297919309057E+00));
#67470=DIRECTION('',(-1.0000000000000000E+00,0.0000000000000000E+00,
   0.0000000000000000E+00));
#67480=VECTOR('',#67470,1.0000000000000000E+00);
#67490=LINE('',#67460,#67480);
#67500=EDGE_CURVE('',#56200,#66830,#67490,.T.);
#67510=ORIENTED_EDGE('',*,*,#67500,.F.);
#67520=ORIENTED_EDGE('',*,*,#66840,.T.);
#67530=CARTESIAN_POINT('',(1.2699999999999796E+00,7.6380342459612010E+00
   ,5.4183702080691090E+00));
#67540=DIRECTION('',(-1.0000000000000000E+00,0.0000000000000000E+00,
   0.0000000000000000E+00));
#67550=VECTOR('',#67540,1.0000000000000000E+00);
#67560=LINE('',#67530,#67550);
#67570=EDGE_CURVE('',#56280,#66750,#67560,.T.);
#67580=ORIENTED_EDGE('',*,*,#67570,.T.);
#67590=EDGE_LOOP('',(#67580,#67520,#67510,#67450));
#67600=FACE_OUTER_BOUND('',#67590,.T.);
#67610=ADVANCED_FACE('',(#67600),#67440,.F.);
#67620=COLOUR_RGB('',5.0196081399917603E-01,1.0000000000000000E+00,
   5.0196081399917603E-01);
#67630=FILL_AREA_STYLE_COLOUR('',#67620);
#67640=FILL_AREA_STYLE('',(#67630));
#67650=SURFACE_STYLE_FILL_AREA(#67640);
#67660=SURFACE_SIDE_STYLE('',(#67650));
#67670=SURFACE_STYLE_USAGE(.BOTH.,#67660);
#67680=PRESENTATION_STYLE_ASSIGNMENT((#67670));
#67690=CARTESIAN_POINT('',(1.2699999999999796E+00,7.4902178695452122E+00
   ,5.2934999999999901E+00));
#67700=DIRECTION('',(1.0000000000000000E+00,0.0000000000000000E+00,
   0.0000000000000000E+00));
#67710=DIRECTION('',(0.0000000000000000E+00,-1.0000000000000000E+00,
   1.2246063538223773E-16));
#67720=AXIS2_PLACEMENT_3D('',#67690,#67700,#67710);
#67730=CYLINDRICAL_SURFACE('',#67720,1.9349999999995759E-01);
#67740=ORIENTED_EDGE('',*,*,#66430,.T.);
#67750=ORIENTED_EDGE('',*,*,#56380,.F.);
#67760=ORIENTED_EDGE('',*,*,#67570,.F.);
#67770=ORIENTED_EDGE('',*,*,#66760,.T.);
#67780=ORIENTED_EDGE('',*,*,#67250,.F.);
#67790=EDGE_LOOP('',(#67780,#67770,#67760,#67750,#67740));
#67800=FACE_OUTER_BOUND('',#67790,.T.);
#67810=ADVANCED_FACE('',(#67800),#67730,.T.);
#67820=COLOUR_RGB('',5.0196081399917603E-01,1.0000000000000000E+00,
   5.0196081399917603E-01);
#67830=FILL_AREA_STYLE_COLOUR('',#67820);
#67840=FILL_AREA_STYLE('',(#67830));
#67850=SURFACE_STYLE_FILL_AREA(#67840);
#67860=SURFACE_SIDE_STYLE('',(#67850));
#67870=SURFACE_STYLE_USAGE(.BOTH.,#67860);
#67880=PRESENTATION_STYLE_ASSIGNMENT((#67870));
#67890=CARTESIAN_POINT('',(7.1019237886464825E-01,4.9240538724458176E+00
   ,-2.9500000000000020E+00));
#67900=DIRECTION('',(-2.5881904510252074E-01,0.0000000000000000E+00,
   -9.6592582628906831E-01));
#67910=DIRECTION('',(-9.6592582628906831E-01,0.0000000000000000E+00,
   2.5881904510252074E-01));
#67920=AXIS2_PLACEMENT_3D('',#67890,#67900,#67910);
#67930=PLANE('',#67920);
#67940=CARTESIAN_POINT('',(-2.2300000000000204E+00,
   4.7216623139895333E+00,-2.1621778264910718E+00));
#67950=DIRECTION('',(9.6591191885694883E-01,-5.3661773269754551E-03,
   -2.5881531861731549E-01));
#67960=VECTOR('',#67950,1.0000000000000000E+00);
#67970=LINE('',#67940,#67960);
#67980=CARTESIAN_POINT('',(1.5038475772931781E-01,4.7084379542243848E+00
   ,-2.8000000000000016E+00));
#67990=VERTEX_POINT('',#67980);
#68000=EDGE_CURVE('',#67990,#56530,#67970,.T.);
#68010=ORIENTED_EDGE('',*,*,#68000,.T.);
#68020=CARTESIAN_POINT('',(1.5038475772931781E-01,
   -5.7909557635968714E+00,-2.8000000000000016E+00));
#68030=DIRECTION('',(0.0000000000000000E+00,1.0000000000000000E+00,
   0.0000000000000000E+00));
#68040=VECTOR('',#68030,1.0000000000000000E+00);
#68050=LINE('',#68020,#68040);
#68060=CARTESIAN_POINT('',(1.5038475772749171E-01,5.4458898753471718E+00
   ,-2.7999999999999963E+00));
#68070=VERTEX_POINT('',#68060);
#68080=EDGE_CURVE('',#67990,#68070,#68050,.T.);
#68090=ORIENTED_EDGE('',*,*,#68080,.F.);
#68100=CARTESIAN_POINT('',(1.2699999999999796E+00,9.2022178695451160E+00
   ,5.0000000000000178E-01));
#68110=DIRECTION('',(1.0000000000000000E+00,0.0000000000000000E+00,
   0.0000000000000000E+00));
#68120=DIRECTION('',(0.0000000000000000E+00,1.0000000000000000E+00,
   0.0000000000000000E+00));
#68130=AXIS2_PLACEMENT_3D('',#68100,#68110,#68120);
#68140=CONICAL_SURFACE('',#68130,5.3000000000000007E+00,
   2.6179938779914957E-01);
#68150=CARTESIAN_POINT('',(1.5038475771877963E-01,5.4458898752842844E+00
   ,-2.7999999999748435E+00));
#68160=CARTESIAN_POINT('',(2.4366642499513097E-01,5.4345780114980631E+00
   ,-2.8249947473901704E+00));
#68170=CARTESIAN_POINT('',(3.3695339860527479E-01,5.4233165964602676E+00
   ,-2.8499909166482609E+00));
#68180=CARTESIAN_POINT('',(4.3024537226026593E-01,5.4121043293732756E+00
   ,-2.8749884256494211E+00));
#68190=CARTESIAN_POINT('',(5.2353734582501099E-01,5.4008920622971290E+00
   ,-2.8999859346264003E+00));
#68200=CARTESIAN_POINT('',(6.1683431949926426E-01,5.3897289434557738E+00
   ,-2.9249847833845855E+00));
#68210=CARTESIAN_POINT('',(7.1013599075227685E-01,5.3786137283026942E+00
   ,-2.9499848908493043E+00));
#68220=CARTESIAN_POINT('',(8.0343766191974175E-01,5.3674985131598056E+00
   ,-2.9749849982911005E+00));
#68230=CARTESIAN_POINT('',(8.9674403072031128E-01,5.3564312019344333E+00
   ,-2.9999863644613205E+00));
#68240=CARTESIAN_POINT('',(9.9005479809062957E-01,5.3454106029887756E+00
   ,-3.0249889092233255E+00));
#68250=CARTESIAN_POINT('',(1.0833655653843168E+00,5.3343900040521683E+00
   ,-3.0499914539647976E+00));
#68260=CARTESIAN_POINT('',(1.1766807312851664E+00,5.3234161175940153E+00
   ,-3.0749951773096127E+00));
#68270=CARTESIAN_POINT('',(1.2699999999999787E+00,5.3124878017897759E+00
   ,-3.1000000000000094E+00));
#68280=B_SPLINE_CURVE_WITH_KNOTS('',3,(#68150,#68160,#68170,#68180,
   #68190,#68200,#68210,#68220,#68230,#68240,#68250,#68260,#68270),
   .UNSPECIFIED.,.F.,.F.,(4,3,3,3,4),(5.7333907284719450E+00,
   6.0250869714954458E+00,6.3167800560868592E+00,6.6084692670550753E+00,
   6.9001538519733412E+00),.UNSPECIFIED.);
#68290=SURFACE_CURVE('',#68280,(#68140,#67930),.CURVE_3D.);
#68300=EDGE_CURVE('',#68070,#56610,#68290,.T.);
#68310=ORIENTED_EDGE('',*,*,#68300,.F.);
#68320=ORIENTED_EDGE('',*,*,#56620,.F.);
#68330=EDGE_LOOP('',(#68320,#68310,#68090,#68010));
#68340=FACE_OUTER_BOUND('',#68330,.T.);
#68350=ADVANCED_FACE('',(#68340),#67930,.F.);
#68360=COLOUR_RGB('',5.0196081399917603E-01,1.0000000000000000E+00,
   5.0196081399917603E-01);
#68370=FILL_AREA_STYLE_COLOUR('',#68360);
#68380=FILL_AREA_STYLE('',(#68370));
#68390=SURFACE_STYLE_FILL_AREA(#68380);
#68400=SURFACE_SIDE_STYLE('',(#68390));
#68410=SURFACE_STYLE_USAGE(.BOTH.,#68400);
#68420=PRESENTATION_STYLE_ASSIGNMENT((#68410));
#68430=CARTESIAN_POINT('',(1.2699999999999791E+00,4.7022178695451160E+00
   ,2.2630654906453831E+00));
#68440=DIRECTION('',(-5.5554698236501675E-03,-9.9998456825844995E-01,
   0.0000000000000000E+00));
#68450=DIRECTION('',(0.0000000000000000E+00,0.0000000000000000E+00,
   1.0000000000000000E+00));
#68460=AXIS2_PLACEMENT_3D('',#68430,#68440,#68450);
#68470=PLANE('',#68460);
#68480=ORIENTED_EDGE('',*,*,#68000,.F.);
#68490=ORIENTED_EDGE('',*,*,#56540,.F.);
#68500=ORIENTED_EDGE('',*,*,#66350,.F.);
#68510=ORIENTED_EDGE('',*,*,#65870,.F.);
#68520=CARTESIAN_POINT('',(-1.3429999999999927E+01,
   4.7838845362116658E+00,3.0170423393406152E+00));
#68530=DIRECTION('',(0.0000000000000000E+00,0.0000000000000000E+00,
   1.0000000000000000E+00));
#68540=VECTOR('',#68530,1.0000000000000000E+00);
#68550=LINE('',#68520,#68540);
#68560=CARTESIAN_POINT('',(-1.3429999999999927E+01,
   4.7838845362116675E+00,-2.8000000000000016E+00));
#68570=VERTEX_POINT('',#68560);
#68580=EDGE_CURVE('',#68570,#65780,#68550,.T.);
#68590=ORIENTED_EDGE('',*,*,#68580,.T.);
#68600=CARTESIAN_POINT('',(-2.2300000000000204E+00,
   4.7216623139895333E+00,-2.8000000000000016E+00));
#68610=DIRECTION('',(9.9998456825844995E-01,-5.5554698236501675E-03,
   0.0000000000000000E+00));
#68620=VECTOR('',#68610,1.0000000000000000E+00);
#68630=LINE('',#68600,#68620);
#68640=EDGE_CURVE('',#68570,#67990,#68630,.T.);
#68650=ORIENTED_EDGE('',*,*,#68640,.F.);
#68660=EDGE_LOOP('',(#68650,#68590,#68510,#68500,#68490,#68480));
#68670=FACE_OUTER_BOUND('',#68660,.T.);
#68680=ADVANCED_FACE('',(#68670),#68470,.F.);
#68690=COLOUR_RGB('',5.0196081399917603E-01,1.0000000000000000E+00,
   5.0196081399917603E-01);
#68700=FILL_AREA_STYLE_COLOUR('',#68690);
#68710=FILL_AREA_STYLE('',(#68700));
#68720=SURFACE_STYLE_FILL_AREA(#68710);
#68730=SURFACE_SIDE_STYLE('',(#68720));
#68740=SURFACE_STYLE_USAGE(.BOTH.,#68730);
#68750=PRESENTATION_STYLE_ASSIGNMENT((#68740));
#68760=CARTESIAN_POINT('',(-2.2300000000000204E+00,
   4.7022178695451160E+00,-2.8000000000000016E+00));
#68770=DIRECTION('',(0.0000000000000000E+00,0.0000000000000000E+00,
   -1.0000000000000000E+00));
#68780=DIRECTION('',(0.0000000000000000E+00,1.0000000000000000E+00,
   0.0000000000000000E+00));
#68790=AXIS2_PLACEMENT_3D('',#68760,#68770,#68780);
#68800=PLANE('',#68790);
#68810=CARTESIAN_POINT('',(-1.3429999999999927E+01,
   -5.7909557635968714E+00,-2.8000000000000016E+00));
#68820=DIRECTION('',(0.0000000000000000E+00,-1.0000000000000000E+00,
   0.0000000000000000E+00));
#68830=VECTOR('',#68820,1.0000000000000000E+00);
#68840=LINE('',#68810,#68830);
#68850=CARTESIAN_POINT('',(-1.3429999999999927E+01,
   5.4458898753465288E+00,-2.8000000000000016E+00));
#68860=VERTEX_POINT('',#68850);
#68870=EDGE_CURVE('',#68860,#68570,#68840,.T.);
#68880=ORIENTED_EDGE('',*,*,#68870,.T.);
#68890=CARTESIAN_POINT('',(1.2699999999999796E+00,5.4458898753465288E+00
   ,-2.8000000000000016E+00));
#68900=DIRECTION('',(1.0000000000000000E+00,0.0000000000000000E+00,
   0.0000000000000000E+00));
#68910=VECTOR('',#68900,1.0000000000000000E+00);
#68920=LINE('',#68890,#68910);
#68930=EDGE_CURVE('',#68860,#68070,#68920,.T.);
#68940=ORIENTED_EDGE('',*,*,#68930,.F.);
#68950=ORIENTED_EDGE('',*,*,#68080,.T.);
#68960=ORIENTED_EDGE('',*,*,#68640,.T.);
#68970=EDGE_LOOP('',(#68960,#68950,#68940,#68880));
#68980=FACE_OUTER_BOUND('',#68970,.T.);
#68990=ADVANCED_FACE('',(#68980),#68800,.F.);
#69000=COLOUR_RGB('',5.0196081399917603E-01,1.0000000000000000E+00,
   5.0196081399917603E-01);
#69010=FILL_AREA_STYLE_COLOUR('',#69000);
#69020=FILL_AREA_STYLE('',(#69010));
#69030=SURFACE_STYLE_FILL_AREA(#69020);
#69040=SURFACE_SIDE_STYLE('',(#69030));
#69050=SURFACE_STYLE_USAGE(.BOTH.,#69040);
#69060=PRESENTATION_STYLE_ASSIGNMENT((#69050));
#69070=CARTESIAN_POINT('',(-1.3429999999999927E+01,
   7.7522178695452180E+00,5.2999999999999954E+00));
#69080=DIRECTION('',(1.0000000000000000E+00,0.0000000000000000E+00,
   -0.0000000000000000E+00));
#69090=DIRECTION('',(-0.0000000000000000E+00,1.0000000000000000E+00,
   -6.1230317691118863E-17));
#69100=AXIS2_PLACEMENT_3D('',#69070,#69080,#69090);
#69110=PLANE('',#69100);
#69120=CARTESIAN_POINT('',(-1.3429999999999927E+01,
   9.2022178695451178E+00,4.9999999999999956E-01));
#69130=DIRECTION('',(1.0000000000000000E+00,0.0000000000000000E+00,
   0.0000000000000000E+00));
#69140=DIRECTION('',(0.0000000000000000E+00,1.0000000000000000E+00,
   0.0000000000000000E+00));
#69150=AXIS2_PLACEMENT_3D('',#69120,#69130,#69140);
#69160=CIRCLE('',#69150,2.7261825973923268E+00);
#69170=CARTESIAN_POINT('',(-1.3429999999999927E+01,
   9.2022178695451213E+00,3.2261825973923264E+00));
#69180=VERTEX_POINT('',#69170);
#69190=CARTESIAN_POINT('',(-1.3429999999999927E+01,
   6.4760352721527905E+00,4.9999999999999989E-01));
#69200=VERTEX_POINT('',#69190);
#69210=EDGE_CURVE('',#69180,#69200,#69160,.T.);
#69220=ORIENTED_EDGE('',*,*,#69210,.F.);
#69230=CARTESIAN_POINT('',(-1.3429999999999927E+01,
   1.1928400466937445E+01,4.9999999999999956E-01));
#69240=VERTEX_POINT('',#69230);
#69250=EDGE_CURVE('',#69200,#69240,#69160,.T.);
#69260=ORIENTED_EDGE('',*,*,#69250,.F.);
#69270=EDGE_CURVE('',#69240,#69180,#69160,.T.);
#69280=ORIENTED_EDGE('',*,*,#69270,.F.);
#69290=EDGE_LOOP('',(#69280,#69260,#69220));
#69300=FACE_BOUND('',#69290,.T.);
#69310=ORIENTED_EDGE('',*,*,#68870,.F.);
#69320=ORIENTED_EDGE('',*,*,#68580,.F.);
#69330=ORIENTED_EDGE('',*,*,#65790,.F.);
#69340=ORIENTED_EDGE('',*,*,#65500,.T.);
#69350=CARTESIAN_POINT('',(-1.3430000000000023E+01,
   9.2022178695451018E+00,6.0210000000000177E+00));
#69360=DIRECTION('',(0.0000000000000000E+00,-1.0000000000000000E+00,
   -4.7778340939981378E-15));
#69370=VECTOR('',#69360,1.0000000000000000E+00);
#69380=LINE('',#69350,#69370);
#69390=CARTESIAN_POINT('',(-1.3430000000000023E+01,
   1.0652217869544993E+01,6.0210000000000248E+00));
#69400=VERTEX_POINT('',#69390);
#69410=EDGE_CURVE('',#69400,#65410,#69380,.T.);
#69420=ORIENTED_EDGE('',*,*,#69410,.T.);
#69430=CARTESIAN_POINT('',(-1.3429999999999927E+01,
   1.0652217869544993E+01,3.0170423393406152E+00));
#69440=DIRECTION('',(0.0000000000000000E+00,-1.2246063538223773E-16,
   -1.0000000000000000E+00));
#69450=VECTOR('',#69440,1.0000000000000000E+00);
#69460=LINE('',#69430,#69450);
#69470=CARTESIAN_POINT('',(-1.3429999999999927E+01,
   1.0652217869544993E+01,5.0999999999999970E+00));
#69480=VERTEX_POINT('',#69470);
#69490=EDGE_CURVE('',#69400,#69480,#69460,.T.);
#69500=ORIENTED_EDGE('',*,*,#69490,.F.);
#69510=CARTESIAN_POINT('',(-1.3429999999999927E+01,
   -5.7909557635968714E+00,5.0999999999999979E+00));
#69520=DIRECTION('',(-0.0000000000000000E+00,1.0000000000000000E+00,
   -6.1230317691118863E-17));
#69530=VECTOR('',#69520,1.0000000000000000E+00);
#69540=LINE('',#69510,#69530);
#69550=CARTESIAN_POINT('',(-1.3429999999999927E+01,
   1.4120551202878561E+01,5.0999999999999961E+00));
#69560=VERTEX_POINT('',#69550);
#69570=EDGE_CURVE('',#69480,#69560,#69540,.T.);
#69580=ORIENTED_EDGE('',*,*,#69570,.F.);
#69590=CARTESIAN_POINT('',(-1.3429999999999927E+01,
   1.4120551202878561E+01,3.0170423393406152E+00));
#69600=DIRECTION('',(0.0000000000000000E+00,0.0000000000000000E+00,
   -1.0000000000000000E+00));
#69610=VECTOR('',#69600,1.0000000000000000E+00);
#69620=LINE('',#69590,#69610);
#69630=CARTESIAN_POINT('',(-1.3429999999999927E+01,
   1.4120551202878561E+01,-2.8000000000000016E+00));
#69640=VERTEX_POINT('',#69630);
#69650=EDGE_CURVE('',#69560,#69640,#69620,.T.);
#69660=ORIENTED_EDGE('',*,*,#69650,.F.);
#69670=CARTESIAN_POINT('',(-1.3429999999999927E+01,
   -5.7909557635968714E+00,-2.8000000000000016E+00));
#69680=DIRECTION('',(0.0000000000000000E+00,-1.0000000000000000E+00,
   0.0000000000000000E+00));
#69690=VECTOR('',#69680,1.0000000000000000E+00);
#69700=LINE('',#69670,#69690);
#69710=CARTESIAN_POINT('',(-1.3429999999999927E+01,
   1.2958545863743703E+01,-2.8000000000000016E+00));
#69720=VERTEX_POINT('',#69710);
#69730=EDGE_CURVE('',#69640,#69720,#69700,.T.);
#69740=ORIENTED_EDGE('',*,*,#69730,.F.);
#69750=CARTESIAN_POINT('',(-1.3429999999999927E+01,
   9.2022178695451160E+00,5.0000000000000178E-01));
#69760=DIRECTION('',(1.0000000000000000E+00,0.0000000000000000E+00,
   0.0000000000000000E+00));
#69770=DIRECTION('',(0.0000000000000000E+00,1.0000000000000000E+00,
   0.0000000000000000E+00));
#69780=AXIS2_PLACEMENT_3D('',#69750,#69760,#69770);
#69790=CIRCLE('',#69780,5.0000000000000009E+00);
#69800=EDGE_CURVE('',#68860,#69720,#69790,.T.);
#69810=ORIENTED_EDGE('',*,*,#69800,.T.);
#69820=EDGE_LOOP('',(#69810,#69740,#69660,#69580,#69500,#69420,#69340,
   #69330,#69320,#69310));
#69830=FACE_OUTER_BOUND('',#69820,.T.);
#69840=ADVANCED_FACE('',(#69300,#69830),#69110,.T.);
#69850=COLOUR_RGB('',5.0196081399917603E-01,1.0000000000000000E+00,
   5.0196081399917603E-01);
#69860=FILL_AREA_STYLE_COLOUR('',#69850);
#69870=FILL_AREA_STYLE('',(#69860));
#69880=SURFACE_STYLE_FILL_AREA(#69870);
#69890=SURFACE_SIDE_STYLE('',(#69880));
#69900=SURFACE_STYLE_USAGE(.BOTH.,#69890);
#69910=PRESENTATION_STYLE_ASSIGNMENT((#69900));
#69920=CARTESIAN_POINT('',(-2.2300000000000204E+00,
   4.7022178695451160E+00,-2.8000000000000016E+00));
#69930=DIRECTION('',(0.0000000000000000E+00,0.0000000000000000E+00,
   -1.0000000000000000E+00));
#69940=DIRECTION('',(0.0000000000000000E+00,1.0000000000000000E+00,
   0.0000000000000000E+00));
#69950=AXIS2_PLACEMENT_3D('',#69920,#69930,#69940);
#69960=PLANE('',#69950);
#69970=CARTESIAN_POINT('',(1.2699999999999796E+00,1.2958545863743703E+01
   ,-2.8000000000000016E+00));
#69980=DIRECTION('',(1.0000000000000000E+00,0.0000000000000000E+00,
   0.0000000000000000E+00));
#69990=VECTOR('',#69980,1.0000000000000000E+00);
#70000=LINE('',#69970,#69990);
#70010=CARTESIAN_POINT('',(1.5038475771941107E-01,1.2958545863806025E+01
   ,-2.7999999999750127E+00));
#70020=VERTEX_POINT('',#70010);
#70030=EDGE_CURVE('',#69720,#70020,#70000,.T.);
#70040=ORIENTED_EDGE('',*,*,#70030,.T.);
#70050=ORIENTED_EDGE('',*,*,#69730,.T.);
#70060=CARTESIAN_POINT('',(-2.2300000000000204E+00,
   1.4182773425100693E+01,-2.8000000000000016E+00));
#70070=DIRECTION('',(9.9998456825844995E-01,5.5554698236501675E-03,
   0.0000000000000000E+00));
#70080=VECTOR('',#70070,1.0000000000000000E+00);
#70090=LINE('',#70060,#70080);
#70100=CARTESIAN_POINT('',(1.5038475772931781E-01,1.4195997784865837E+01
   ,-2.8000000000000016E+00));
#70110=VERTEX_POINT('',#70100);
#70120=EDGE_CURVE('',#69640,#70110,#70090,.T.);
#70130=ORIENTED_EDGE('',*,*,#70120,.F.);
#70140=CARTESIAN_POINT('',(1.5038475772931781E-01,
   -5.7909557635968714E+00,-2.8000000000000016E+00));
#70150=DIRECTION('',(0.0000000000000000E+00,1.0000000000000000E+00,
   0.0000000000000000E+00));
#70160=VECTOR('',#70150,1.0000000000000000E+00);
#70170=LINE('',#70140,#70160);
#70180=EDGE_CURVE('',#70020,#70110,#70170,.T.);
#70190=ORIENTED_EDGE('',*,*,#70180,.T.);
#70200=EDGE_LOOP('',(#70190,#70130,#70050,#70040));
#70210=FACE_OUTER_BOUND('',#70200,.T.);
#70220=ADVANCED_FACE('',(#70210),#69960,.F.);
#70230=COLOUR_RGB('',5.0196081399917603E-01,1.0000000000000000E+00,
   5.0196081399917603E-01);
#70240=FILL_AREA_STYLE_COLOUR('',#70230);
#70250=FILL_AREA_STYLE('',(#70240));
#70260=SURFACE_STYLE_FILL_AREA(#70250);
#70270=SURFACE_SIDE_STYLE('',(#70260));
#70280=SURFACE_STYLE_USAGE(.BOTH.,#70270);
#70290=PRESENTATION_STYLE_ASSIGNMENT((#70280));
#70300=CARTESIAN_POINT('',(-1.7729706796910570E+01,
   1.4096663942895757E+01,5.0999999999999996E+00));
#70310=DIRECTION('',(-5.5554698236501675E-03,9.9998456825844995E-01,
   0.0000000000000000E+00));
#70320=DIRECTION('',(0.0000000000000000E+00,0.0000000000000000E+00,
   1.0000000000000000E+00));
#70330=AXIS2_PLACEMENT_3D('',#70300,#70310,#70320);
#70340=PLANE('',#70330);
#70350=CARTESIAN_POINT('',(-2.2300000000000204E+00,
   1.4182773425100697E+01,4.4621778264910708E+00));
#70360=DIRECTION('',(9.6591191885694883E-01,5.3661773269754413E-03,
   2.5881531861731549E-01));
#70370=VECTOR('',#70360,1.0000000000000000E+00);
#70380=LINE('',#70350,#70370);
#70390=CARTESIAN_POINT('',(1.5038475772931781E-01,1.4195997784865840E+01
   ,5.0999999999999996E+00));
#70400=VERTEX_POINT('',#70390);
#70410=EDGE_CURVE('',#70400,#56860,#70380,.T.);
#70420=ORIENTED_EDGE('',*,*,#70410,.F.);
#70430=ORIENTED_EDGE('',*,*,#56870,.F.);
#70440=CARTESIAN_POINT('',(-2.2300000000000204E+00,
   1.4182773425100693E+01,-2.1621778264910718E+00));
#70450=DIRECTION('',(-9.6591191885694883E-01,-5.3661773269754551E-03,
   2.5881531861731549E-01));
#70460=VECTOR('',#70450,1.0000000000000000E+00);
#70470=LINE('',#70440,#70460);
#70480=EDGE_CURVE('',#56780,#70110,#70470,.T.);
#70490=ORIENTED_EDGE('',*,*,#70480,.F.);
#70500=ORIENTED_EDGE('',*,*,#70120,.T.);
#70510=ORIENTED_EDGE('',*,*,#69650,.T.);
#70520=CARTESIAN_POINT('',(-2.2300000000000204E+00,
   1.4182773425100693E+01,5.0999999999999996E+00));
#70530=DIRECTION('',(9.9998456825844995E-01,5.5554698236501675E-03,
   0.0000000000000000E+00));
#70540=VECTOR('',#70530,1.0000000000000000E+00);
#70550=LINE('',#70520,#70540);
#70560=EDGE_CURVE('',#69560,#70400,#70550,.T.);
#70570=ORIENTED_EDGE('',*,*,#70560,.F.);
#70580=EDGE_LOOP('',(#70570,#70510,#70500,#70490,#70430,#70420));
#70590=FACE_OUTER_BOUND('',#70580,.T.);
#70600=ADVANCED_FACE('',(#70590),#70340,.F.);
#70610=COLOUR_RGB('',5.0196081399917603E-01,1.0000000000000000E+00,
   5.0196081399917603E-01);
#70620=FILL_AREA_STYLE_COLOUR('',#70610);
#70630=FILL_AREA_STYLE('',(#70620));
#70640=SURFACE_STYLE_FILL_AREA(#70630);
#70650=SURFACE_SIDE_STYLE('',(#70640));
#70660=SURFACE_STYLE_USAGE(.BOTH.,#70650);
#70670=PRESENTATION_STYLE_ASSIGNMENT((#70660));
#70680=CARTESIAN_POINT('',(-6.7300000000000200E+00,
   1.3629832508247054E+01,5.4209701250048949E+00));
#70690=DIRECTION('',(1.0000000000000000E+00,0.0000000000000000E+00,
   -0.0000000000000000E+00));
#70700=DIRECTION('',(0.0000000000000000E+00,6.1230317691118863E-17,
   1.0000000000000000E+00));
#70710=AXIS2_PLACEMENT_3D('',#70680,#70690,#70700);
#70720=PLANE('',#70710);
#70730=CARTESIAN_POINT('',(-6.7300000000000200E+00,
   1.0652217869544986E+01,-3.2945804108360988E+01));
#70740=DIRECTION('',(0.0000000000000000E+00,1.2246063538223773E-16,
   1.0000000000000000E+00));
#70750=VECTOR('',#70740,1.0000000000000000E+00);
#70760=LINE('',#70730,#70750);
#70770=CARTESIAN_POINT('',(-6.7300000000000200E+00,
   1.0652217869544993E+01,5.0999999999999996E+00));
#70780=VERTEX_POINT('',#70770);
#70790=CARTESIAN_POINT('',(-6.7300000000000200E+00,
   1.0652217869544993E+01,6.0210000000000248E+00));
#70800=VERTEX_POINT('',#70790);
#70810=EDGE_CURVE('',#70780,#70800,#70760,.T.);
#70820=ORIENTED_EDGE('',*,*,#70810,.F.);
#70830=CARTESIAN_POINT('',(-6.7300000000000200E+00,
   7.5457178695450935E+00,6.0209999999998898E+00));
#70840=DIRECTION('',(0.0000000000000000E+00,1.0000000000000000E+00,
   5.8482797558324895E-13));
#70850=VECTOR('',#70840,1.0000000000000000E+00);
#70860=LINE('',#70830,#70850);
#70870=CARTESIAN_POINT('',(-6.7300000000000200E+00,
   1.0858717869545112E+01,6.0210000000000106E+00));
#70880=VERTEX_POINT('',#70870);
#70890=EDGE_CURVE('',#70800,#70880,#70860,.T.);
#70900=ORIENTED_EDGE('',*,*,#70890,.F.);
#70910=CARTESIAN_POINT('',(-6.7300000000000200E+00,
   1.0858717869545112E+01,5.8274999999999748E+00));
#70920=DIRECTION('',(1.0000000000000000E+00,0.0000000000000000E+00,
   0.0000000000000000E+00));
#70930=DIRECTION('',(0.0000000000000000E+00,-1.0000000000000000E+00,
   1.2246063538223773E-16));
#70940=AXIS2_PLACEMENT_3D('',#70910,#70920,#70930);
#70950=CIRCLE('',#70940,1.9350000000009307E-01);
#70960=CARTESIAN_POINT('',(-6.7300000000000200E+00,
   1.1052217869545204E+01,5.8274999999999748E+00));
#70970=VERTEX_POINT('',#70960);
#70980=EDGE_CURVE('',#70970,#70880,#70950,.T.);
#70990=ORIENTED_EDGE('',*,*,#70980,.T.);
#71000=CARTESIAN_POINT('',(-6.7300000000000200E+00,
   1.1006534245961314E+01,5.7026297919308773E+00));
#71010=VERTEX_POINT('',#71000);
#71020=EDGE_CURVE('',#71010,#70970,#70950,.T.);
#71030=ORIENTED_EDGE('',*,*,#71020,.T.);
#71040=CARTESIAN_POINT('',(-6.7300000000000200E+00,
   1.0985178971660014E+01,5.6773502691896551E+00));
#71050=DIRECTION('',(0.0000000000000000E+00,6.4532407270919034E-01,
   7.6390892204635474E-01));
#71060=VECTOR('',#71050,1.0000000000000000E+00);
#71070=LINE('',#71040,#71060);
#71080=CARTESIAN_POINT('',(-6.7300000000000200E+00,
   1.0766401493129125E+01,5.4183702080691090E+00));
#71090=VERTEX_POINT('',#71080);
#71100=EDGE_CURVE('',#71090,#71010,#71070,.T.);
#71110=ORIENTED_EDGE('',*,*,#71100,.T.);
#71120=CARTESIAN_POINT('',(-6.7300000000000200E+00,
   1.0914217869544993E+01,5.2934999999999901E+00));
#71130=DIRECTION('',(1.0000000000000000E+00,0.0000000000000000E+00,
   0.0000000000000000E+00));
#71140=DIRECTION('',(0.0000000000000000E+00,-1.0000000000000000E+00,
   1.2246063538223773E-16));
#71150=AXIS2_PLACEMENT_3D('',#71120,#71130,#71140);
#71160=CIRCLE('',#71150,1.9349999999985168E-01);
#71170=CARTESIAN_POINT('',(-6.7300000000000200E+00,
   1.0720717869545142E+01,5.2934999999999901E+00));
#71180=VERTEX_POINT('',#71170);
#71190=EDGE_CURVE('',#71090,#71180,#71160,.T.);
#71200=ORIENTED_EDGE('',*,*,#71190,.F.);
#71210=CARTESIAN_POINT('',(-6.7300000000000200E+00,
   1.0720717869545021E+01,5.2934999999999901E+00));
#71220=DIRECTION('',(0.0000000000000000E+00,-1.2246063538223773E-16,
   -1.0000000000000000E+00));
#71230=VECTOR('',#71220,1.0000000000000000E+00);
#71240=LINE('',#71210,#71230);
#71250=CARTESIAN_POINT('',(-6.7300000000000200E+00,
   1.0720717869545021E+01,5.0999999999999996E+00));
#71260=VERTEX_POINT('',#71250);
#71270=EDGE_CURVE('',#71180,#71260,#71240,.T.);
#71280=ORIENTED_EDGE('',*,*,#71270,.F.);
#71290=CARTESIAN_POINT('',(-6.7300000000000200E+00,
   -5.7909557635968714E+00,5.0999999999999996E+00));
#71300=DIRECTION('',(0.0000000000000000E+00,1.0000000000000000E+00,
   0.0000000000000000E+00));
#71310=VECTOR('',#71300,1.0000000000000000E+00);
#71320=LINE('',#71290,#71310);
#71330=EDGE_CURVE('',#70780,#71260,#71320,.T.);
#71340=ORIENTED_EDGE('',*,*,#71330,.T.);
#71350=EDGE_LOOP('',(#71340,#71280,#71200,#71110,#71030,#70990,#70900,
   #70820));
#71360=FACE_OUTER_BOUND('',#71350,.T.);
#71370=ADVANCED_FACE('',(#71360),#70720,.T.);
#71380=COLOUR_RGB('',5.0196081399917603E-01,1.0000000000000000E+00,
   5.0196081399917603E-01);
#71390=FILL_AREA_STYLE_COLOUR('',#71380);
#71400=FILL_AREA_STYLE('',(#71390));
#71410=SURFACE_STYLE_FILL_AREA(#71400);
#71420=SURFACE_SIDE_STYLE('',(#71410));
#71430=SURFACE_STYLE_USAGE(.BOTH.,#71420);
#71440=PRESENTATION_STYLE_ASSIGNMENT((#71430));
#71450=CARTESIAN_POINT('',(-6.7300000000000200E+00,
   9.2022178695451018E+00,5.0999999999999970E+00));
#71460=DIRECTION('',(-0.0000000000000000E+00,6.1230317691118863E-17,
   1.0000000000000000E+00));
#71470=DIRECTION('',(1.0000000000000000E+00,0.0000000000000000E+00,
   0.0000000000000000E+00));
#71480=AXIS2_PLACEMENT_3D('',#71450,#71460,#71470);
#71490=PLANE('',#71480);
#71500=CARTESIAN_POINT('',(-2.2300000000000204E+00,
   1.0652217869544993E+01,5.0999999999999996E+00));
#71510=DIRECTION('',(-1.0000000000000000E+00,0.0000000000000000E+00,
   0.0000000000000000E+00));
#71520=VECTOR('',#71510,1.0000000000000000E+00);
#71530=LINE('',#71500,#71520);
#71540=EDGE_CURVE('',#70780,#69480,#71530,.T.);
#71550=ORIENTED_EDGE('',*,*,#71540,.T.);
#71560=ORIENTED_EDGE('',*,*,#71330,.F.);
#71570=CARTESIAN_POINT('',(-2.2300000000000204E+00,
   1.0720717869545021E+01,5.0999999999999996E+00));
#71580=DIRECTION('',(-1.0000000000000000E+00,0.0000000000000000E+00,
   0.0000000000000000E+00));
#71590=VECTOR('',#71580,1.0000000000000000E+00);
#71600=LINE('',#71570,#71590);
#71610=CARTESIAN_POINT('',(1.5038475772931870E-01,1.0720717869545021E+01
   ,5.1000000000000005E+00));
#71620=VERTEX_POINT('',#71610);
#71630=EDGE_CURVE('',#71620,#71260,#71600,.T.);
#71640=ORIENTED_EDGE('',*,*,#71630,.T.);
#71650=CARTESIAN_POINT('',(1.5038475772930937E-01,
   -5.7909557635968714E+00,5.0999999999999979E+00));
#71660=DIRECTION('',(-2.2851465658683906E-16,1.0000000000000000E+00,
   -6.1230317691118863E-17));
#71670=VECTOR('',#71660,1.0000000000000000E+00);
#71680=LINE('',#71650,#71670);
#71690=EDGE_CURVE('',#71620,#70400,#71680,.T.);
#71700=ORIENTED_EDGE('',*,*,#71690,.F.);
#71710=ORIENTED_EDGE('',*,*,#70560,.T.);
#71720=ORIENTED_EDGE('',*,*,#69570,.T.);
#71730=EDGE_LOOP('',(#71720,#71710,#71700,#71640,#71560,#71550));
#71740=FACE_OUTER_BOUND('',#71730,.T.);
#71750=ADVANCED_FACE('',(#71740),#71490,.F.);
#71760=COLOUR_RGB('',5.0196081399917603E-01,1.0000000000000000E+00,
   5.0196081399917603E-01);
#71770=FILL_AREA_STYLE_COLOUR('',#71760);
#71780=FILL_AREA_STYLE('',(#71770));
#71790=SURFACE_STYLE_FILL_AREA(#71780);
#71800=SURFACE_SIDE_STYLE('',(#71790));
#71810=SURFACE_STYLE_USAGE(.BOTH.,#71800);
#71820=PRESENTATION_STYLE_ASSIGNMENT((#71810));
#71830=CARTESIAN_POINT('',(1.2699999999999796E+00,1.0720717869545021E+01
   ,5.0999999999999543E+00));
#71840=DIRECTION('',(0.0000000000000000E+00,1.0000000000000000E+00,
   -1.2246063538223773E-16));
#71850=DIRECTION('',(0.0000000000000000E+00,-1.2246063538223773E-16,
   -1.0000000000000000E+00));
#71860=AXIS2_PLACEMENT_3D('',#71830,#71840,#71850);
#71870=PLANE('',#71860);
#71880=CARTESIAN_POINT('',(-2.2300000000000204E+00,
   1.0720717869545021E+01,4.4621778264910708E+00));
#71890=DIRECTION('',(-9.6592582628906842E-01,-4.1633363423443370E-17,
   -2.5881904510252074E-01));
#71900=VECTOR('',#71890,1.0000000000000000E+00);
#71910=LINE('',#71880,#71900);
#71920=CARTESIAN_POINT('',(8.7253658899385744E-01,1.0720717869545142E+01
   ,5.2934999999999901E+00));
#71930=VERTEX_POINT('',#71920);
#71940=EDGE_CURVE('',#71930,#71620,#71910,.T.);
#71950=ORIENTED_EDGE('',*,*,#71940,.F.);
#71960=ORIENTED_EDGE('',*,*,#71630,.F.);
#71970=ORIENTED_EDGE('',*,*,#71270,.T.);
#71980=CARTESIAN_POINT('',(1.2699999999999796E+00,1.0720717869545142E+01
   ,5.2934999999999901E+00));
#71990=DIRECTION('',(1.0000000000000000E+00,0.0000000000000000E+00,
   0.0000000000000000E+00));
#72000=VECTOR('',#71990,1.0000000000000000E+00);
#72010=LINE('',#71980,#72000);
#72020=EDGE_CURVE('',#71180,#71930,#72010,.T.);
#72030=ORIENTED_EDGE('',*,*,#72020,.F.);
#72040=EDGE_LOOP('',(#72030,#71970,#71960,#71950));
#72050=FACE_OUTER_BOUND('',#72040,.T.);
#72060=ADVANCED_FACE('',(#72050),#71870,.F.);
#72070=COLOUR_RGB('',5.0196081399917603E-01,1.0000000000000000E+00,
   5.0196081399917603E-01);
#72080=FILL_AREA_STYLE_COLOUR('',#72070);
#72090=FILL_AREA_STYLE('',(#72080));
#72100=SURFACE_STYLE_FILL_AREA(#72090);
#72110=SURFACE_SIDE_STYLE('',(#72100));
#72120=SURFACE_STYLE_USAGE(.BOTH.,#72110);
#72130=PRESENTATION_STYLE_ASSIGNMENT((#72120));
#72140=CARTESIAN_POINT('',(-2.2768613317828677E+01,
   -4.5778213045488059E-01,4.5790680321947530E-01));
#72150=DIRECTION('',(0.0000000000000000E+00,-1.0000000000000000E+00,
   0.0000000000000000E+00));
#72160=DIRECTION('',(1.0000000000000000E+00,0.0000000000000000E+00,
   0.0000000000000000E+00));
#72170=AXIS2_PLACEMENT_3D('',#72140,#72150,#72160);
#72180=PLANE('',#72170);
#72190=CARTESIAN_POINT('',(-2.9090000000000007E+01,
   -4.5778213045488059E-01,3.0170423393406152E+00));
#72200=DIRECTION('',(1.0658141036401495E-15,-0.0000000000000000E+00,
   -1.0000000000000000E+00));
#72210=VECTOR('',#72200,1.0000000000000000E+00);
#72220=LINE('',#72190,#72210);
#72230=CARTESIAN_POINT('',(-2.9089999999999993E+01,
   -4.5778213045488059E-01,-9.0000000000000533E+00));
#72240=VERTEX_POINT('',#72230);
#72250=EDGE_CURVE('',#52470,#72240,#72220,.T.);
#72260=ORIENTED_EDGE('',*,*,#72250,.F.);
#72270=CARTESIAN_POINT('',(-3.2094260584835105E+01,
   -4.5778213045488059E-01,3.0170423393406152E+00));
#72280=DIRECTION('',(-2.4253562503632894E-01,0.0000000000000000E+00,
   9.7014250014533299E-01));
#72290=VECTOR('',#72280,1.0000000000000000E+00);
#72300=LINE('',#72270,#72290);
#72310=EDGE_CURVE('',#51390,#72240,#72300,.T.);
#72320=ORIENTED_EDGE('',*,*,#72310,.T.);
#72330=ORIENTED_EDGE('',*,*,#51400,.T.);
#72340=ORIENTED_EDGE('',*,*,#40200,.F.);
#72350=ORIENTED_EDGE('',*,*,#50130,.T.);
#72360=ORIENTED_EDGE('',*,*,#52540,.T.);
#72370=EDGE_LOOP('',(#72360,#72350,#72340,#72330,#72320,#72260));
#72380=FACE_OUTER_BOUND('',#72370,.T.);
#72390=ADVANCED_FACE('',(#72380),#72180,.F.);
#72400=COLOUR_RGB('',9.4901961088180542E-01,9.4901961088180542E-01,
   1.0000000000000000E+00);
#72410=FILL_AREA_STYLE_COLOUR('',#72400);
#72420=FILL_AREA_STYLE('',(#72410));
#72430=SURFACE_STYLE_FILL_AREA(#72420);
#72440=SURFACE_SIDE_STYLE('',(#72430));
#72450=SURFACE_STYLE_USAGE(.BOTH.,#72440);
#72460=PRESENTATION_STYLE_ASSIGNMENT((#72450));
#72470=CARTESIAN_POINT('',(-1.3429999999999927E+01,
   9.2022178695451178E+00,4.9999999999999956E-01));
#72480=DIRECTION('',(1.0000000000000000E+00,0.0000000000000000E+00,
   0.0000000000000000E+00));
#72490=DIRECTION('',(0.0000000000000000E+00,1.0000000000000000E+00,
   0.0000000000000000E+00));
#72500=AXIS2_PLACEMENT_3D('',#72470,#72480,#72490);
#72510=CYLINDRICAL_SURFACE('',#72500,2.7261825973923268E+00);
#72520=CARTESIAN_POINT('',(-1.3429999999999927E+01,
   1.1928400466937445E+01,4.9999999999999956E-01));
#72530=DIRECTION('',(1.0000000000000000E+00,0.0000000000000000E+00,
   0.0000000000000000E+00));
#72540=VECTOR('',#72530,1.0000000000000000E+00);
#72550=LINE('',#72520,#72540);
#72560=CARTESIAN_POINT('',(-1.1929999999999927E+01,
   1.1928400466937445E+01,4.9999999999999956E-01));
#72570=VERTEX_POINT('',#72560);
#72580=EDGE_CURVE('',#69240,#72570,#72550,.T.);
#72590=ORIENTED_EDGE('',*,*,#72580,.F.);
#72600=CARTESIAN_POINT('',(-1.1929999999999927E+01,
   9.2022178695451196E+00,4.9999999999999956E-01));
#72610=DIRECTION('',(1.0000000000000000E+00,0.0000000000000000E+00,
   0.0000000000000000E+00));
#72620=DIRECTION('',(0.0000000000000000E+00,1.0000000000000000E+00,
   0.0000000000000000E+00));
#72630=AXIS2_PLACEMENT_3D('',#72600,#72610,#72620);
#72640=CIRCLE('',#72630,2.7261825973923268E+00);
#72650=CARTESIAN_POINT('',(-1.1929999999999927E+01,
   9.2022178695451213E+00,3.2261825973923264E+00));
#72660=VERTEX_POINT('',#72650);
#72670=EDGE_CURVE('',#72570,#72660,#72640,.T.);
#72680=ORIENTED_EDGE('',*,*,#72670,.F.);
#72690=CARTESIAN_POINT('',(-1.1929999999999927E+01,
   6.4760352721527905E+00,4.9999999999999989E-01));
#72700=VERTEX_POINT('',#72690);
#72710=EDGE_CURVE('',#72660,#72700,#72640,.T.);
#72720=ORIENTED_EDGE('',*,*,#72710,.F.);
#72730=CARTESIAN_POINT('',(-1.3429999999999927E+01,
   6.4760352721527905E+00,4.9999999999999989E-01));
#72740=DIRECTION('',(1.0000000000000000E+00,0.0000000000000000E+00,
   0.0000000000000000E+00));
#72750=VECTOR('',#72740,1.0000000000000000E+00);
#72760=LINE('',#72730,#72750);
#72770=EDGE_CURVE('',#69200,#72700,#72760,.T.);
#72780=ORIENTED_EDGE('',*,*,#72770,.T.);
#72790=ORIENTED_EDGE('',*,*,#69210,.T.);
#72800=ORIENTED_EDGE('',*,*,#69270,.T.);
#72810=EDGE_LOOP('',(#72800,#72790,#72780,#72720,#72680,#72590));
#72820=FACE_OUTER_BOUND('',#72810,.T.);
#72830=ADVANCED_FACE('',(#72820),#72510,.T.);
#72840=COLOUR_RGB('',5.0196081399917603E-01,1.0000000000000000E+00,
   5.0196081399917603E-01);
#72850=FILL_AREA_STYLE_COLOUR('',#72840);
#72860=FILL_AREA_STYLE('',(#72850));
#72870=SURFACE_STYLE_FILL_AREA(#72860);
#72880=SURFACE_SIDE_STYLE('',(#72870));
#72890=SURFACE_STYLE_USAGE(.BOTH.,#72880);
#72900=PRESENTATION_STYLE_ASSIGNMENT((#72890));
#72910=CARTESIAN_POINT('',(-1.6730000000000022E+01,
   1.5202217869545114E+01,-6.2000000000000002E+00));
#72920=DIRECTION('',(0.0000000000000000E+00,0.0000000000000000E+00,
   -1.0000000000000000E+00));
#72930=DIRECTION('',(1.0000000000000000E+00,0.0000000000000000E+00,
   0.0000000000000000E+00));
#72940=AXIS2_PLACEMENT_3D('',#72910,#72920,#72930);
#72950=PLANE('',#72940);
#72960=CARTESIAN_POINT('',(-2.3410000000000014E+01,
   -9.5778213045487703E-01,-6.2000000000000002E+00));
#72970=DIRECTION('',(0.0000000000000000E+00,-6.1230317691118863E-17,
   -1.0000000000000000E+00));
#72980=DIRECTION('',(-1.0000000000000000E+00,0.0000000000000000E+00,
   0.0000000000000000E+00));
#72990=AXIS2_PLACEMENT_3D('',#72960,#72970,#72980);
#73000=CIRCLE('',#72990,8.4999999999999998E-01);
#73010=CARTESIAN_POINT('',(-2.2560000000000013E+01,
   -9.5778213045487870E-01,-6.2000000000000002E+00));
#73020=VERTEX_POINT('',#73010);
#73030=CARTESIAN_POINT('',(-2.4260000000000016E+01,
   -9.5778213045487881E-01,-6.2000000000000002E+00));
#73040=VERTEX_POINT('',#73030);
#73050=EDGE_CURVE('',#73020,#73040,#73000,.T.);
#73060=ORIENTED_EDGE('',*,*,#73050,.F.);
#73070=EDGE_CURVE('',#73040,#73020,#73000,.T.);
#73080=ORIENTED_EDGE('',*,*,#73070,.F.);
#73090=EDGE_LOOP('',(#73080,#73060));
#73100=FACE_BOUND('',#73090,.T.);
#73110=EDGE_CURVE('',#48710,#48560,#48780,.T.);
#73120=ORIENTED_EDGE('',*,*,#73110,.F.);
#73130=ORIENTED_EDGE('',*,*,#48790,.F.);
#73140=EDGE_LOOP('',(#73130,#73120));
#73150=FACE_BOUND('',#73140,.T.);
#73160=CARTESIAN_POINT('',(-2.8490000000000027E+01,
   9.2022178695451231E+00,-6.2000000000000002E+00));
#73170=DIRECTION('',(0.0000000000000000E+00,-6.1230317691118863E-17,
   -1.0000000000000000E+00));
#73180=DIRECTION('',(-1.0000000000000000E+00,0.0000000000000000E+00,
   0.0000000000000000E+00));
#73190=AXIS2_PLACEMENT_3D('',#73160,#73170,#73180);
#73200=CIRCLE('',#73190,8.4999999999999998E-01);
#73210=CARTESIAN_POINT('',(-2.9340000000000025E+01,
   9.2022178695451213E+00,-6.2000000000000002E+00));
#73220=VERTEX_POINT('',#73210);
#73230=CARTESIAN_POINT('',(-2.7640000000000022E+01,
   9.2022178695451213E+00,-6.2000000000000002E+00));
#73240=VERTEX_POINT('',#73230);
#73250=EDGE_CURVE('',#73220,#73240,#73200,.T.);
#73260=ORIENTED_EDGE('',*,*,#73250,.F.);
#73270=EDGE_CURVE('',#73240,#73220,#73200,.T.);
#73280=ORIENTED_EDGE('',*,*,#73270,.F.);
#73290=EDGE_LOOP('',(#73280,#73260));
#73300=FACE_BOUND('',#73290,.T.);
#73310=ORIENTED_EDGE('',*,*,#46880,.F.);
#73320=EDGE_CURVE('',#46780,#46870,#46850,.T.);
#73330=ORIENTED_EDGE('',*,*,#73320,.F.);
#73340=EDGE_LOOP('',(#73330,#73310));
#73350=FACE_BOUND('',#73340,.T.);
#73360=ORIENTED_EDGE('',*,*,#10520,.F.);
#73370=ORIENTED_EDGE('',*,*,#36760,.T.);
#73380=ORIENTED_EDGE('',*,*,#40970,.F.);
#73390=ORIENTED_EDGE('',*,*,#57750,.F.);
#73400=EDGE_LOOP('',(#73390,#73380,#73370,#73360));
#73410=FACE_OUTER_BOUND('',#73400,.T.);
#73420=ORIENTED_EDGE('',*,*,#50790,.F.);
#73430=EDGE_CURVE('',#50690,#50780,#50760,.T.);
#73440=ORIENTED_EDGE('',*,*,#73430,.F.);
#73450=EDGE_LOOP('',(#73440,#73420));
#73460=FACE_BOUND('',#73450,.T.);
#73470=ORIENTED_EDGE('',*,*,#43770,.F.);
#73480=EDGE_CURVE('',#43650,#43760,#43740,.T.);
#73490=ORIENTED_EDGE('',*,*,#73480,.F.);
#73500=EDGE_LOOP('',(#73490,#73470));
#73510=FACE_BOUND('',#73500,.T.);
#73520=ADVANCED_FACE('',(#73100,#73150,#73300,#73350,#73410,#73460,
   #73510),#72950,.T.);
#73530=COLOUR_RGB('',5.0196081399917603E-01,1.0000000000000000E+00,
   5.0196081399917603E-01);
#73540=FILL_AREA_STYLE_COLOUR('',#73530);
#73550=FILL_AREA_STYLE('',(#73540));
#73560=SURFACE_STYLE_FILL_AREA(#73550);
#73570=SURFACE_SIDE_STYLE('',(#73560));
#73580=SURFACE_STYLE_USAGE(.BOTH.,#73570);
#73590=PRESENTATION_STYLE_ASSIGNMENT((#73580));
#73600=CARTESIAN_POINT('',(-9.7300000000000129E+00,
   9.2022178695451196E+00,5.0000000000000977E-01));
#73610=DIRECTION('',(1.0000000000000000E+00,0.0000000000000000E+00,
   0.0000000000000000E+00));
#73620=DIRECTION('',(0.0000000000000000E+00,-1.0000000000000000E+00,
   0.0000000000000000E+00));
#73630=AXIS2_PLACEMENT_3D('',#73600,#73610,#73620);
#73640=CYLINDRICAL_SURFACE('',#73630,1.6750000000000000E+00);
#73650=CARTESIAN_POINT('',(-9.7300000000000129E+00,
   7.5272178695451197E+00,5.0000000000000977E-01));
#73660=DIRECTION('',(1.0000000000000000E+00,0.0000000000000000E+00,
   0.0000000000000000E+00));
#73670=VECTOR('',#73660,1.0000000000000000E+00);
#73680=LINE('',#73650,#73670);
#73690=CARTESIAN_POINT('',(-1.1929999999999927E+01,
   7.5272178695451197E+00,5.0000000000000977E-01));
#73700=VERTEX_POINT('',#73690);
#73710=CARTESIAN_POINT('',(-3.7300000000000058E+00,
   7.5272178695451197E+00,5.0000000000000977E-01));
#73720=VERTEX_POINT('',#73710);
#73730=EDGE_CURVE('',#73700,#73720,#73680,.T.);
#73740=ORIENTED_EDGE('',*,*,#73730,.F.);
#73750=CARTESIAN_POINT('',(-3.7300000000000062E+00,
   9.2022178695451196E+00,5.0000000000000977E-01));
#73760=DIRECTION('',(1.0000000000000000E+00,0.0000000000000000E+00,
   0.0000000000000000E+00));
#73770=DIRECTION('',(0.0000000000000000E+00,-1.0000000000000000E+00,
   0.0000000000000000E+00));
#73780=AXIS2_PLACEMENT_3D('',#73750,#73760,#73770);
#73790=CIRCLE('',#73780,1.6750000000000000E+00);
#73800=CARTESIAN_POINT('',(-3.7300000000000062E+00,
   9.2022178695451231E+00,-1.1749999999999901E+00));
#73810=VERTEX_POINT('',#73800);
#73820=EDGE_CURVE('',#73720,#73810,#73790,.T.);
#73830=ORIENTED_EDGE('',*,*,#73820,.F.);
#73840=CARTESIAN_POINT('',(-3.7300000000000058E+00,
   1.0877217869545120E+01,5.0000000000000955E-01));
#73850=VERTEX_POINT('',#73840);
#73860=EDGE_CURVE('',#73810,#73850,#73790,.T.);
#73870=ORIENTED_EDGE('',*,*,#73860,.F.);
#73880=CARTESIAN_POINT('',(-9.7300000000000129E+00,
   1.0877217869545120E+01,5.0000000000000955E-01));
#73890=DIRECTION('',(1.0000000000000000E+00,0.0000000000000000E+00,
   0.0000000000000000E+00));
#73900=VECTOR('',#73890,1.0000000000000000E+00);
#73910=LINE('',#73880,#73900);
#73920=CARTESIAN_POINT('',(-1.1929999999999927E+01,
   1.0877217869545120E+01,5.0000000000000955E-01));
#73930=VERTEX_POINT('',#73920);
#73940=EDGE_CURVE('',#73930,#73850,#73910,.T.);
#73950=ORIENTED_EDGE('',*,*,#73940,.T.);
#73960=CARTESIAN_POINT('',(-1.1929999999999927E+01,
   9.2022178695451196E+00,5.0000000000000977E-01));
#73970=DIRECTION('',(1.0000000000000000E+00,0.0000000000000000E+00,
   0.0000000000000000E+00));
#73980=DIRECTION('',(0.0000000000000000E+00,-1.0000000000000000E+00,
   0.0000000000000000E+00));
#73990=AXIS2_PLACEMENT_3D('',#73960,#73970,#73980);
#74000=CIRCLE('',#73990,1.6750000000000000E+00);
#74010=CARTESIAN_POINT('',(-1.1929999999999927E+01,
   9.2022178695451213E+00,-1.1749999999999901E+00));
#74020=VERTEX_POINT('',#74010);
#74030=EDGE_CURVE('',#74020,#73930,#74000,.T.);
#74040=ORIENTED_EDGE('',*,*,#74030,.T.);
#74050=EDGE_CURVE('',#73700,#74020,#74000,.T.);
#74060=ORIENTED_EDGE('',*,*,#74050,.T.);
#74070=EDGE_LOOP('',(#74060,#74040,#73950,#73870,#73830,#73740));
#74080=FACE_OUTER_BOUND('',#74070,.T.);
#74090=ADVANCED_FACE('',(#74080),#73640,.T.);
#74100=COLOUR_RGB('',9.4901967048645020E-01,9.4901967048645020E-01,
   1.0000000000000000E+00);
#74110=FILL_AREA_STYLE_COLOUR('',#74100);
#74120=FILL_AREA_STYLE('',(#74110));
#74130=SURFACE_STYLE_FILL_AREA(#74120);
#74140=SURFACE_SIDE_STYLE('',(#74130));
#74150=SURFACE_STYLE_USAGE(.BOTH.,#74140);
#74160=PRESENTATION_STYLE_ASSIGNMENT((#74150));
#74170=ORIENTED_EDGE('',*,*,#45060,.F.);
#74180=CARTESIAN_POINT('',(-2.7014260584834922E+01,
   -4.5778213045488059E-01,3.0170423393406152E+00));
#74190=DIRECTION('',(-2.4253562503631540E-01,0.0000000000000000E+00,
   9.7014250014533632E-01));
#74200=VECTOR('',#74190,1.0000000000000000E+00);
#74210=LINE('',#74180,#74200);
#74220=EDGE_CURVE('',#44630,#44990,#74210,.T.);
#74230=ORIENTED_EDGE('',*,*,#74220,.T.);
#74240=ORIENTED_EDGE('',*,*,#44640,.T.);
#74250=ORIENTED_EDGE('',*,*,#37640,.F.);
#74260=ORIENTED_EDGE('',*,*,#50460,.F.);
#74270=ORIENTED_EDGE('',*,*,#43060,.F.);
#74280=EDGE_LOOP('',(#74270,#74260,#74250,#74240,#74230,#74170));
#74290=FACE_OUTER_BOUND('',#74280,.T.);
#74300=ADVANCED_FACE('',(#74290),#72180,.F.);
#74310=COLOUR_RGB('',9.4901961088180542E-01,9.4901961088180542E-01,
   1.0000000000000000E+00);
#74320=FILL_AREA_STYLE_COLOUR('',#74310);
#74330=FILL_AREA_STYLE('',(#74320));
#74340=SURFACE_STYLE_FILL_AREA(#74330);
#74350=SURFACE_SIDE_STYLE('',(#74340));
#74360=SURFACE_STYLE_USAGE(.BOTH.,#74350);
#74370=PRESENTATION_STYLE_ASSIGNMENT((#74360));
#74380=CARTESIAN_POINT('',(-2.7300000000000062E+00,
   1.0202217869545120E+01,5.0000000000000977E-01));
#74390=DIRECTION('',(1.0000000000000000E+00,0.0000000000000000E+00,
   0.0000000000000000E+00));
#74400=DIRECTION('',(0.0000000000000000E+00,-1.0000000000000000E+00,
   0.0000000000000000E+00));
#74410=AXIS2_PLACEMENT_3D('',#74380,#74390,#74400);
#74420=PLANE('',#74410);
#74430=CARTESIAN_POINT('',(-2.7300000000000062E+00,
   9.2022178695451231E+00,5.0000000000000977E-01));
#74440=DIRECTION('',(-1.0000000000000000E+00,0.0000000000000000E+00,
   0.0000000000000000E+00));
#74450=DIRECTION('',(0.0000000000000000E+00,0.0000000000000000E+00,
   1.0000000000000000E+00));
#74460=AXIS2_PLACEMENT_3D('',#74430,#74440,#74450);
#74470=CIRCLE('',#74460,1.3750000000000000E+00);
#74480=CARTESIAN_POINT('',(-2.7300000000000062E+00,
   9.2022178695451231E+00,-8.7499999999999012E-01));
#74490=VERTEX_POINT('',#74480);
#74500=CARTESIAN_POINT('',(-2.7300000000000062E+00,
   9.2022178695451231E+00,1.8750000000000098E+00));
#74510=VERTEX_POINT('',#74500);
#74520=EDGE_CURVE('',#74490,#74510,#74470,.T.);
#74530=ORIENTED_EDGE('',*,*,#74520,.F.);
#74540=EDGE_CURVE('',#74510,#74490,#74470,.T.);
#74550=ORIENTED_EDGE('',*,*,#74540,.F.);
#74560=EDGE_LOOP('',(#74550,#74530));
#74570=FACE_OUTER_BOUND('',#74560,.T.);
#74580=ADVANCED_FACE('',(#74570),#74420,.T.);
#74590=COLOUR_RGB('',9.4901967048645020E-01,9.4901967048645020E-01,
   1.0000000000000000E+00);
#74600=FILL_AREA_STYLE_COLOUR('',#74590);
#74610=FILL_AREA_STYLE('',(#74600));
#74620=SURFACE_STYLE_FILL_AREA(#74610);
#74630=SURFACE_SIDE_STYLE('',(#74620));
#74640=SURFACE_STYLE_USAGE(.BOTH.,#74630);
#74650=PRESENTATION_STYLE_ASSIGNMENT((#74640));
#74660=CARTESIAN_POINT('',(-2.9090000000000007E+01,
   -9.5778213045488059E-01,2.1000000000000183E+00));
#74670=DIRECTION('',(-1.0000000000000000E+00,0.0000000000000000E+00,
   -1.0658141036401495E-15));
#74680=DIRECTION('',(-1.0658141036401495E-15,0.0000000000000000E+00,
   1.0000000000000000E+00));
#74690=AXIS2_PLACEMENT_3D('',#74660,#74670,#74680);
#74700=PLANE('',#74690);
#74710=ORIENTED_EDGE('',*,*,#41730,.T.);
#74720=ORIENTED_EDGE('',*,*,#42560,.F.);
#74730=CARTESIAN_POINT('',(-2.9089999999999993E+01,
   -5.7909557635968714E+00,-9.0000000000000497E+00));
#74740=DIRECTION('',(0.0000000000000000E+00,1.0000000000000000E+00,
   0.0000000000000000E+00));
#74750=VECTOR('',#74740,1.0000000000000000E+00);
#74760=LINE('',#74730,#74750);
#74770=EDGE_CURVE('',#42490,#72240,#74760,.T.);
#74780=ORIENTED_EDGE('',*,*,#74770,.F.);
#74790=ORIENTED_EDGE('',*,*,#72250,.T.);
#74800=ORIENTED_EDGE('',*,*,#52480,.F.);
#74810=EDGE_LOOP('',(#74800,#74790,#74780,#74720,#74710));
#74820=FACE_OUTER_BOUND('',#74810,.T.);
#74830=ADVANCED_FACE('',(#74820),#74700,.T.);
#74840=COLOUR_RGB('',9.4901961088180542E-01,9.4901961088180542E-01,
   1.0000000000000000E+00);
#74850=FILL_AREA_STYLE_COLOUR('',#74840);
#74860=FILL_AREA_STYLE('',(#74850));
#74870=SURFACE_STYLE_FILL_AREA(#74860);
#74880=SURFACE_SIDE_STYLE('',(#74870));
#74890=SURFACE_STYLE_USAGE(.BOTH.,#74880);
#74900=PRESENTATION_STYLE_ASSIGNMENT((#74890));
#74910=CARTESIAN_POINT('',(-3.7300000000000062E+00,
   9.2022178695451231E+00,5.0000000000000977E-01));
#74920=DIRECTION('',(-1.0000000000000000E+00,0.0000000000000000E+00,
   0.0000000000000000E+00));
#74930=DIRECTION('',(0.0000000000000000E+00,0.0000000000000000E+00,
   1.0000000000000000E+00));
#74940=AXIS2_PLACEMENT_3D('',#74910,#74920,#74930);
#74950=CONICAL_SURFACE('',#74940,1.6749999999999998E+00,
   2.9145679447786693E-01);
#74960=CARTESIAN_POINT('',(-3.7300000000000062E+00,
   9.2022178695451231E+00,2.1750000000000096E+00));
#74970=DIRECTION('',(-9.5782628522115143E-01,0.0000000000000000E+00,
   2.8734788556634533E-01));
#74980=VECTOR('',#74970,1.0000000000000000E+00);
#74990=LINE('',#74960,#74980);
#75000=CARTESIAN_POINT('',(-3.7300000000000062E+00,
   9.2022178695451231E+00,2.1750000000000096E+00));
#75010=VERTEX_POINT('',#75000);
#75020=EDGE_CURVE('',#74510,#75010,#74990,.T.);
#75030=ORIENTED_EDGE('',*,*,#75020,.F.);
#75040=EDGE_CURVE('',#73850,#75010,#73790,.T.);
#75050=ORIENTED_EDGE('',*,*,#75040,.T.);
#75060=ORIENTED_EDGE('',*,*,#73860,.T.);
#75070=CARTESIAN_POINT('',(-3.7300000000000062E+00,
   9.2022178695451231E+00,-1.1749999999999901E+00));
#75080=DIRECTION('',(-9.5782628522115143E-01,0.0000000000000000E+00,
   -2.8734788556634533E-01));
#75090=VECTOR('',#75080,1.0000000000000000E+00);
#75100=LINE('',#75070,#75090);
#75110=EDGE_CURVE('',#74490,#73810,#75100,.T.);
#75120=ORIENTED_EDGE('',*,*,#75110,.T.);
#75130=ORIENTED_EDGE('',*,*,#74540,.T.);
#75140=EDGE_LOOP('',(#75130,#75120,#75060,#75050,#75030));
#75150=FACE_OUTER_BOUND('',#75140,.T.);
#75160=ADVANCED_FACE('',(#75150),#74950,.T.);
#75170=COLOUR_RGB('',9.4901967048645020E-01,9.4901967048645020E-01,
   1.0000000000000000E+00);
#75180=FILL_AREA_STYLE_COLOUR('',#75170);
#75190=FILL_AREA_STYLE('',(#75180));
#75200=SURFACE_STYLE_FILL_AREA(#75190);
#75210=SURFACE_SIDE_STYLE('',(#75200));
#75220=SURFACE_STYLE_USAGE(.BOTH.,#75210);
#75230=PRESENTATION_STYLE_ASSIGNMENT((#75220));
#75240=CARTESIAN_POINT('',(-4.8080157115924234E+00,
   5.5054519674845750E+00,-6.7000000000000002E+00));
#75250=DIRECTION('',(0.0000000000000000E+00,0.0000000000000000E+00,
   -1.0000000000000000E+00));
#75260=DIRECTION('',(-1.0000000000000000E+00,0.0000000000000000E+00,
   0.0000000000000000E+00));
#75270=AXIS2_PLACEMENT_3D('',#75240,#75250,#75260);
#75280=PLANE('',#75270);
#75290=ORIENTED_EDGE('',*,*,#63580,.T.);
#75300=CARTESIAN_POINT('',(-2.2300000000000204E+00,
   -4.5778213045488059E-01,-6.7000000000000002E+00));
#75310=DIRECTION('',(-1.0000000000000000E+00,0.0000000000000000E+00,
   0.0000000000000000E+00));
#75320=VECTOR('',#75310,1.0000000000000000E+00);
#75330=LINE('',#75300,#75320);
#75340=EDGE_CURVE('',#39800,#63510,#75330,.T.);
#75350=ORIENTED_EDGE('',*,*,#75340,.T.);
#75360=ORIENTED_EDGE('',*,*,#39810,.F.);
#75370=ORIENTED_EDGE('',*,*,#44130,.F.);
#75380=ORIENTED_EDGE('',*,*,#43920,.T.);
#75390=ORIENTED_EDGE('',*,*,#44320,.F.);
#75400=EDGE_LOOP('',(#75390,#75380,#75370,#75360,#75350,#75290));
#75410=FACE_OUTER_BOUND('',#75400,.T.);
#75420=ADVANCED_FACE('',(#75410),#75280,.T.);
#75430=COLOUR_RGB('',9.4901961088180542E-01,9.4901961088180542E-01,
   1.0000000000000000E+00);
#75440=FILL_AREA_STYLE_COLOUR('',#75430);
#75450=FILL_AREA_STYLE('',(#75440));
#75460=SURFACE_STYLE_FILL_AREA(#75450);
#75470=SURFACE_SIDE_STYLE('',(#75460));
#75480=SURFACE_STYLE_USAGE(.BOTH.,#75470);
#75490=PRESENTATION_STYLE_ASSIGNMENT((#75480));
#75500=CARTESIAN_POINT('',(-1.1929999999999927E+01,
   1.2303999027134864E+00,-2.5164755747618806E+00));
#75510=DIRECTION('',(1.0000000000000000E+00,0.0000000000000000E+00,
   0.0000000000000000E+00));
#75520=DIRECTION('',(0.0000000000000000E+00,1.0000000000000000E+00,
   0.0000000000000000E+00));
#75530=AXIS2_PLACEMENT_3D('',#75500,#75510,#75520);
#75540=PLANE('',#75530);
#75550=ORIENTED_EDGE('',*,*,#74030,.F.);
#75560=EDGE_CURVE('',#73930,#73700,#74000,.T.);
#75570=ORIENTED_EDGE('',*,*,#75560,.F.);
#75580=ORIENTED_EDGE('',*,*,#74050,.F.);
#75590=EDGE_LOOP('',(#75580,#75570,#75550));
#75600=FACE_BOUND('',#75590,.T.);
#75610=EDGE_CURVE('',#72700,#72570,#72640,.T.);
#75620=ORIENTED_EDGE('',*,*,#75610,.T.);
#75630=ORIENTED_EDGE('',*,*,#72710,.T.);
#75640=ORIENTED_EDGE('',*,*,#72670,.T.);
#75650=EDGE_LOOP('',(#75640,#75630,#75620));
#75660=FACE_OUTER_BOUND('',#75650,.T.);
#75670=ADVANCED_FACE('',(#75600,#75660),#75540,.T.);
#75680=COLOUR_RGB('',5.0196081399917603E-01,1.0000000000000000E+00,
   5.0196081399917603E-01);
#75690=FILL_AREA_STYLE_COLOUR('',#75680);
#75700=FILL_AREA_STYLE('',(#75690));
#75710=SURFACE_STYLE_FILL_AREA(#75700);
#75720=SURFACE_SIDE_STYLE('',(#75710));
#75730=SURFACE_STYLE_USAGE(.BOTH.,#75720);
#75740=PRESENTATION_STYLE_ASSIGNMENT((#75730));
#75750=CARTESIAN_POINT('',(-1.8630000000000020E+01,
   -9.5778213045488059E-01,-1.0199999999999992E+01));
#75760=DIRECTION('',(0.0000000000000000E+00,0.0000000000000000E+00,
   -1.0000000000000000E+00));
#75770=DIRECTION('',(-1.0000000000000000E+00,0.0000000000000000E+00,
   0.0000000000000000E+00));
#75780=AXIS2_PLACEMENT_3D('',#75750,#75760,#75770);
#75790=PLANE('',#75780);
#75800=ORIENTED_EDGE('',*,*,#45700,.T.);
#75810=CARTESIAN_POINT('',(-1.8030000000000012E+01,
   -5.7909557635968714E+00,-1.0199999999999992E+01));
#75820=DIRECTION('',(0.0000000000000000E+00,1.0000000000000000E+00,
   0.0000000000000000E+00));
#75830=VECTOR('',#75820,1.0000000000000000E+00);
#75840=LINE('',#75810,#75830);
#75850=CARTESIAN_POINT('',(-1.8030000000000030E+01,
   -4.5778213045488059E-01,-1.0199999999999992E+01));
#75860=VERTEX_POINT('',#75850);
#75870=EDGE_CURVE('',#45630,#75860,#75840,.T.);
#75880=ORIENTED_EDGE('',*,*,#75870,.F.);
#75890=CARTESIAN_POINT('',(-2.2300000000000204E+00,
   -4.5778213045488059E-01,-1.0199999999999992E+01));
#75900=DIRECTION('',(-1.0000000000000000E+00,0.0000000000000000E+00,
   0.0000000000000000E+00));
#75910=VECTOR('',#75900,1.0000000000000000E+00);
#75920=LINE('',#75890,#75910);
#75930=EDGE_CURVE('',#75860,#37080,#75920,.T.);
#75940=ORIENTED_EDGE('',*,*,#75930,.F.);
#75950=ORIENTED_EDGE('',*,*,#37090,.F.);
#75960=EDGE_LOOP('',(#75950,#75940,#75880,#75800));
#75970=FACE_OUTER_BOUND('',#75960,.T.);
#75980=ADVANCED_FACE('',(#75970),#75790,.T.);
#75990=COLOUR_RGB('',9.4901961088180542E-01,9.4901961088180542E-01,
   1.0000000000000000E+00);
#76000=FILL_AREA_STYLE_COLOUR('',#75990);
#76010=FILL_AREA_STYLE('',(#76000));
#76020=SURFACE_STYLE_FILL_AREA(#76010);
#76030=SURFACE_SIDE_STYLE('',(#76020));
#76040=SURFACE_STYLE_USAGE(.BOTH.,#76030);
#76050=PRESENTATION_STYLE_ASSIGNMENT((#76040));
#76060=CARTESIAN_POINT('',(-2.4009999999999991E+01,
   9.7022178695451196E+00,3.0170423393406152E+00));
#76070=DIRECTION('',(0.0000000000000000E+00,0.0000000000000000E+00,
   1.0000000000000000E+00));
#76080=VECTOR('',#76070,1.0000000000000000E+00);
#76090=LINE('',#76060,#76080);
#76100=EDGE_CURVE('',#45290,#35560,#76090,.T.);
#76110=ORIENTED_EDGE('',*,*,#76100,.T.);
#76120=ORIENTED_EDGE('',*,*,#45320,.F.);
#76130=ORIENTED_EDGE('',*,*,#46080,.F.);
#76140=ORIENTED_EDGE('',*,*,#55900,.F.);
#76150=ORIENTED_EDGE('',*,*,#38800,.F.);
#76160=ORIENTED_EDGE('',*,*,#35650,.T.);
#76170=EDGE_LOOP('',(#76160,#76150,#76140,#76130,#76120,#76110));
#76180=FACE_OUTER_BOUND('',#76170,.T.);
#76190=ADVANCED_FACE('',(#76180),#63740,.F.);
#76200=COLOUR_RGB('',9.4901961088180542E-01,9.4901961088180542E-01,
   1.0000000000000000E+00);
#76210=FILL_AREA_STYLE_COLOUR('',#76200);
#76220=FILL_AREA_STYLE('',(#76210));
#76230=SURFACE_STYLE_FILL_AREA(#76220);
#76240=SURFACE_SIDE_STYLE('',(#76230));
#76250=SURFACE_STYLE_USAGE(.BOTH.,#76240);
#76260=PRESENTATION_STYLE_ASSIGNMENT((#76250));
#76270=CARTESIAN_POINT('',(1.2699999999999796E+00,1.0858717869545112E+01
   ,5.8274999999999748E+00));
#76280=DIRECTION('',(1.0000000000000000E+00,0.0000000000000000E+00,
   0.0000000000000000E+00));
#76290=DIRECTION('',(0.0000000000000000E+00,-1.0000000000000000E+00,
   1.2246063538223773E-16));
#76300=AXIS2_PLACEMENT_3D('',#76270,#76280,#76290);
#76310=CYLINDRICAL_SURFACE('',#76300,1.9350000000009307E-01);
#76320=ORIENTED_EDGE('',*,*,#57250,.T.);
#76330=CARTESIAN_POINT('',(1.2699999999999796E+00,1.1052217869545204E+01
   ,5.8274999999999748E+00));
#76340=DIRECTION('',(1.0000000000000000E+00,0.0000000000000000E+00,
   0.0000000000000000E+00));
#76350=VECTOR('',#76340,1.0000000000000000E+00);
#76360=LINE('',#76330,#76350);
#76370=EDGE_CURVE('',#70970,#57200,#76360,.T.);
#76380=ORIENTED_EDGE('',*,*,#76370,.T.);
#76390=ORIENTED_EDGE('',*,*,#70980,.F.);
#76400=CARTESIAN_POINT('',(1.2699999999999796E+00,1.0858717869545112E+01
   ,6.0210000000000106E+00));
#76410=DIRECTION('',(-1.0000000000000000E+00,0.0000000000000000E+00,
   0.0000000000000000E+00));
#76420=VECTOR('',#76410,1.0000000000000000E+00);
#76430=LINE('',#76400,#76420);
#76440=EDGE_CURVE('',#57240,#70880,#76430,.T.);
#76450=ORIENTED_EDGE('',*,*,#76440,.T.);
#76460=EDGE_LOOP('',(#76450,#76390,#76380,#76320));
#76470=FACE_OUTER_BOUND('',#76460,.T.);
#76480=ADVANCED_FACE('',(#76470),#76310,.F.);
#76490=COLOUR_RGB('',5.0196081399917603E-01,1.0000000000000000E+00,
   5.0196081399917603E-01);
#76500=FILL_AREA_STYLE_COLOUR('',#76490);
#76510=FILL_AREA_STYLE('',(#76500));
#76520=SURFACE_STYLE_FILL_AREA(#76510);
#76530=SURFACE_SIDE_STYLE('',(#76520));
#76540=SURFACE_STYLE_USAGE(.BOTH.,#76530);
#76550=PRESENTATION_STYLE_ASSIGNMENT((#76540));
#76560=CARTESIAN_POINT('',(7.1019237886464825E-01,1.3480381866644413E+01
   ,-2.9500000000000020E+00));
#76570=DIRECTION('',(-2.5881904510252074E-01,0.0000000000000000E+00,
   -9.6592582628906831E-01));
#76580=DIRECTION('',(-9.6592582628906831E-01,0.0000000000000000E+00,
   2.5881904510252074E-01));
#76590=AXIS2_PLACEMENT_3D('',#76560,#76570,#76580);
#76600=PLANE('',#76590);
#76610=ORIENTED_EDGE('',*,*,#70480,.T.);
#76620=ORIENTED_EDGE('',*,*,#56790,.F.);
#76630=CARTESIAN_POINT('',(1.2699999999999796E+00,9.2022178695451160E+00
   ,5.0000000000000178E-01));
#76640=DIRECTION('',(1.0000000000000000E+00,0.0000000000000000E+00,
   0.0000000000000000E+00));
#76650=DIRECTION('',(0.0000000000000000E+00,1.0000000000000000E+00,
   0.0000000000000000E+00));
#76660=AXIS2_PLACEMENT_3D('',#76630,#76640,#76650);
#76670=CONICAL_SURFACE('',#76660,5.3000000000000007E+00,
   2.6179938779914957E-01);
#76680=CARTESIAN_POINT('',(1.2699999999999791E+00,1.3091947937300453E+01
   ,-3.1000000000000103E+00));
#76690=CARTESIAN_POINT('',(1.1766807312852130E+00,1.3081019621496219E+01
   ,-3.0749951773096260E+00));
#76700=CARTESIAN_POINT('',(1.0833655653844243E+00,1.3070045735038075E+01
   ,-3.0499914539648270E+00));
#76710=CARTESIAN_POINT('',(9.9005479809078900E-01,1.3059025136101475E+01
   ,-3.0249889092233690E+00));
#76720=CARTESIAN_POINT('',(8.9674403071760622E-01,1.3048004537155480E+01
   ,-2.9999863644605962E+00));
#76730=CARTESIAN_POINT('',(8.0343766192292709E-01,1.3036937225930803E+01
   ,-2.9749849982919550E+00));
#76740=CARTESIAN_POINT('',(7.1013599075259282E-01,1.3025822010787573E+01
   ,-2.9499848908493895E+00));
#76750=CARTESIAN_POINT('',(6.1683431949963297E-01,1.3014706795634499E+01
   ,-2.9249847833846849E+00));
#76760=CARTESIAN_POINT('',(5.2353734582543332E-01,1.3003543676793154E+01
   ,-2.8999859346265131E+00));
#76770=CARTESIAN_POINT('',(4.3024537226073911E-01,1.2992331409717014E+01
   ,-2.8749884256495477E+00));
#76780=CARTESIAN_POINT('',(3.3695339860231804E-01,1.2981119142629609E+01
   ,-2.8499909166474682E+00));
#76790=CARTESIAN_POINT('',(2.4366642499920604E-01,1.2969857727592663E+01
   ,-2.8249947473912620E+00));
#76800=CARTESIAN_POINT('',(1.5038475771941145E-01,1.2958545863806025E+01
   ,-2.7999999999750123E+00));
#76810=B_SPLINE_CURVE_WITH_KNOTS('',3,(#76680,#76690,#76700,#76710,
   #76720,#76730,#76740,#76750,#76760,#76770,#76780,#76790,#76800),
   .UNSPECIFIED.,.F.,.F.,(4,3,3,3,4),(1.3800804107548865E+01,
   1.4092488692502736E+01,1.4384177903471002E+01,1.4675870988126679E+01,
   1.4967567231211248E+01),.UNSPECIFIED.);
#76820=SURFACE_CURVE('',#76810,(#76670,#76600),.CURVE_3D.);
#76830=EDGE_CURVE('',#56700,#70020,#76820,.T.);
#76840=ORIENTED_EDGE('',*,*,#76830,.F.);
#76850=ORIENTED_EDGE('',*,*,#70180,.F.);
#76860=EDGE_LOOP('',(#76850,#76840,#76620,#76610));
#76870=FACE_OUTER_BOUND('',#76860,.T.);
#76880=ADVANCED_FACE('',(#76870),#76600,.F.);
#76890=COLOUR_RGB('',5.0196081399917603E-01,1.0000000000000000E+00,
   5.0196081399917603E-01);
#76900=FILL_AREA_STYLE_COLOUR('',#76890);
#76910=FILL_AREA_STYLE('',(#76900));
#76920=SURFACE_STYLE_FILL_AREA(#76910);
#76930=SURFACE_SIDE_STYLE('',(#76920));
#76940=SURFACE_STYLE_USAGE(.BOTH.,#76930);
#76950=PRESENTATION_STYLE_ASSIGNMENT((#76940));
#76960=CARTESIAN_POINT('',(1.2699999999999796E+00,1.0985178971660014E+01
   ,5.6773502691896551E+00));
#76970=DIRECTION('',(0.0000000000000000E+00,7.6390892204635474E-01,
   -6.4532407270919034E-01));
#76980=DIRECTION('',(0.0000000000000000E+00,-6.4532407270919034E-01,
   -7.6390892204635474E-01));
#76990=AXIS2_PLACEMENT_3D('',#76960,#76970,#76980);
#77000=PLANE('',#76990);
#77010=ORIENTED_EDGE('',*,*,#57120,.T.);
#77020=CARTESIAN_POINT('',(1.2699999999999796E+00,1.0766401493129125E+01
   ,5.4183702080691090E+00));
#77030=DIRECTION('',(-1.0000000000000000E+00,0.0000000000000000E+00,
   0.0000000000000000E+00));
#77040=VECTOR('',#77030,1.0000000000000000E+00);
#77050=LINE('',#77020,#77040);
#77060=EDGE_CURVE('',#57030,#71090,#77050,.T.);
#77070=ORIENTED_EDGE('',*,*,#77060,.F.);
#77080=ORIENTED_EDGE('',*,*,#71100,.F.);
#77090=CARTESIAN_POINT('',(1.2699999999999796E+00,1.1006534245961314E+01
   ,5.7026297919308773E+00));
#77100=DIRECTION('',(-1.0000000000000000E+00,0.0000000000000000E+00,
   0.0000000000000000E+00));
#77110=VECTOR('',#77100,1.0000000000000000E+00);
#77120=LINE('',#77090,#77110);
#77130=EDGE_CURVE('',#57110,#71010,#77120,.T.);
#77140=ORIENTED_EDGE('',*,*,#77130,.T.);
#77150=EDGE_LOOP('',(#77140,#77080,#77070,#77010));
#77160=FACE_OUTER_BOUND('',#77150,.T.);
#77170=ADVANCED_FACE('',(#77160),#77000,.F.);
#77180=COLOUR_RGB('',5.0196081399917603E-01,1.0000000000000000E+00,
   5.0196081399917603E-01);
#77190=FILL_AREA_STYLE_COLOUR('',#77180);
#77200=FILL_AREA_STYLE('',(#77190));
#77210=SURFACE_STYLE_FILL_AREA(#77200);
#77220=SURFACE_SIDE_STYLE('',(#77210));
#77230=SURFACE_STYLE_USAGE(.BOTH.,#77220);
#77240=PRESENTATION_STYLE_ASSIGNMENT((#77230));
#77250=CARTESIAN_POINT('',(1.2699999999999796E+00,1.0914217869544993E+01
   ,5.2934999999999901E+00));
#77260=DIRECTION('',(1.0000000000000000E+00,0.0000000000000000E+00,
   0.0000000000000000E+00));
#77270=DIRECTION('',(0.0000000000000000E+00,-1.0000000000000000E+00,
   1.2246063538223773E-16));
#77280=AXIS2_PLACEMENT_3D('',#77250,#77260,#77270);
#77290=CYLINDRICAL_SURFACE('',#77280,1.9349999999985168E-01);
#77300=ORIENTED_EDGE('',*,*,#57040,.F.);
#77310=CARTESIAN_POINT('',(8.7253658899385655E-01,1.0914217869544993E+01
   ,5.2934999999999901E+00));
#77320=DIRECTION('',(-2.5881904510252074E-01,0.0000000000000000E+00,
   9.6592582628906842E-01));
#77330=DIRECTION('',(-9.6592582628906842E-01,0.0000000000000000E+00,
   -2.5881904510252074E-01));
#77340=AXIS2_PLACEMENT_3D('',#77310,#77320,#77330);
#77350=ELLIPSE('',#77340,7.4762658954716588E-01,1.9349999999985165E-01);
#77360=EDGE_CURVE('',#71930,#56940,#77350,.T.);
#77370=ORIENTED_EDGE('',*,*,#77360,.T.);
#77380=ORIENTED_EDGE('',*,*,#72020,.T.);
#77390=ORIENTED_EDGE('',*,*,#71190,.T.);
#77400=ORIENTED_EDGE('',*,*,#77060,.T.);
#77410=EDGE_LOOP('',(#77400,#77390,#77380,#77370,#77300));
#77420=FACE_OUTER_BOUND('',#77410,.T.);
#77430=ADVANCED_FACE('',(#77420),#77290,.T.);
#77440=COLOUR_RGB('',5.0196081399917603E-01,1.0000000000000000E+00,
   5.0196081399917603E-01);
#77450=FILL_AREA_STYLE_COLOUR('',#77440);
#77460=FILL_AREA_STYLE('',(#77450));
#77470=SURFACE_STYLE_FILL_AREA(#77460);
#77480=SURFACE_SIDE_STYLE('',(#77470));
#77490=SURFACE_STYLE_USAGE(.BOTH.,#77480);
#77500=PRESENTATION_STYLE_ASSIGNMENT((#77490));
#77510=CARTESIAN_POINT('',(7.1019237886464737E-01,1.2458217869545107E+01
   ,5.2500000000000000E+00));
#77520=DIRECTION('',(-2.5881904510252074E-01,0.0000000000000000E+00,
   9.6592582628906842E-01));
#77530=DIRECTION('',(-9.6592582628906842E-01,0.0000000000000000E+00,
   -2.5881904510252074E-01));
#77540=AXIS2_PLACEMENT_3D('',#77510,#77520,#77530);
#77550=PLANE('',#77540);
#77560=ORIENTED_EDGE('',*,*,#70410,.T.);
#77570=ORIENTED_EDGE('',*,*,#71690,.T.);
#77580=ORIENTED_EDGE('',*,*,#71940,.T.);
#77590=ORIENTED_EDGE('',*,*,#77360,.F.);
#77600=ORIENTED_EDGE('',*,*,#56950,.F.);
#77610=EDGE_LOOP('',(#77600,#77590,#77580,#77570,#77560));
#77620=FACE_OUTER_BOUND('',#77610,.T.);
#77630=ADVANCED_FACE('',(#77620),#77550,.F.);
#77640=COLOUR_RGB('',5.0196081399917603E-01,1.0000000000000000E+00,
   5.0196081399917603E-01);
#77650=FILL_AREA_STYLE_COLOUR('',#77640);
#77660=FILL_AREA_STYLE('',(#77650));
#77670=SURFACE_STYLE_FILL_AREA(#77660);
#77680=SURFACE_SIDE_STYLE('',(#77670));
#77690=SURFACE_STYLE_USAGE(.BOTH.,#77680);
#77700=PRESENTATION_STYLE_ASSIGNMENT((#77690));
#77710=CARTESIAN_POINT('',(-2.4009999999999991E+01,
   9.2022178695451196E+00,-4.5999999999999988E+00));
#77720=DIRECTION('',(-1.0000000000000000E+00,0.0000000000000000E+00,
   0.0000000000000000E+00));
#77730=DIRECTION('',(0.0000000000000000E+00,0.0000000000000000E+00,
   1.0000000000000000E+00));
#77740=AXIS2_PLACEMENT_3D('',#77710,#77720,#77730);
#77750=PLANE('',#77740);
#77760=ORIENTED_EDGE('',*,*,#36320,.T.);
#77770=ORIENTED_EDGE('',*,*,#45380,.T.);
#77780=ORIENTED_EDGE('',*,*,#76100,.F.);
#77790=ORIENTED_EDGE('',*,*,#35570,.F.);
#77800=CARTESIAN_POINT('',(-2.4009999999999991E+01,
   -5.7909557635968714E+00,-6.7000000000000002E+00));
#77810=DIRECTION('',(0.0000000000000000E+00,1.0000000000000000E+00,
   0.0000000000000000E+00));
#77820=VECTOR('',#77810,1.0000000000000000E+00);
#77830=LINE('',#77800,#77820);
#77840=EDGE_CURVE('',#36310,#35480,#77830,.T.);
#77850=ORIENTED_EDGE('',*,*,#77840,.T.);
#77860=EDGE_LOOP('',(#77850,#77790,#77780,#77770,#77760));
#77870=FACE_OUTER_BOUND('',#77860,.T.);
#77880=ADVANCED_FACE('',(#77870),#77750,.T.);
#77890=COLOUR_RGB('',9.4901961088180542E-01,9.4901961088180542E-01,
   1.0000000000000000E+00);
#77900=FILL_AREA_STYLE_COLOUR('',#77890);
#77910=FILL_AREA_STYLE('',(#77900));
#77920=SURFACE_STYLE_FILL_AREA(#77910);
#77930=SURFACE_SIDE_STYLE('',(#77920));
#77940=SURFACE_STYLE_USAGE(.BOTH.,#77930);
#77950=PRESENTATION_STYLE_ASSIGNMENT((#77940));
#77960=CARTESIAN_POINT('',(-2.3710000000000022E+01,
   -9.5778213045488059E-01,-1.0199999999999999E+01));
#77970=DIRECTION('',(-9.7014250014533632E-01,0.0000000000000000E+00,
   -2.4253562503631540E-01));
#77980=DIRECTION('',(-2.4253562503631540E-01,0.0000000000000000E+00,
   9.7014250014533632E-01));
#77990=AXIS2_PLACEMENT_3D('',#77960,#77970,#77980);
#78000=PLANE('',#77990);
#78010=ORIENTED_EDGE('',*,*,#38100,.F.);
#78020=ORIENTED_EDGE('',*,*,#44700,.F.);
#78030=ORIENTED_EDGE('',*,*,#74220,.F.);
#78040=ORIENTED_EDGE('',*,*,#45000,.T.);
#78050=EDGE_LOOP('',(#78040,#78030,#78020,#78010));
#78060=FACE_OUTER_BOUND('',#78050,.T.);
#78070=ADVANCED_FACE('',(#78060),#78000,.T.);
#78080=COLOUR_RGB('',9.4901961088180542E-01,9.4901961088180542E-01,
   1.0000000000000000E+00);
#78090=FILL_AREA_STYLE_COLOUR('',#78080);
#78100=FILL_AREA_STYLE('',(#78090));
#78110=SURFACE_STYLE_FILL_AREA(#78100);
#78120=SURFACE_SIDE_STYLE('',(#78110));
#78130=SURFACE_STYLE_USAGE(.BOTH.,#78120);
#78140=PRESENTATION_STYLE_ASSIGNMENT((#78130));
#78150=CARTESIAN_POINT('',(1.2699999999999796E+00,9.2022178695451160E+00
   ,5.0000000000000178E-01));
#78160=DIRECTION('',(1.0000000000000000E+00,0.0000000000000000E+00,
   0.0000000000000000E+00));
#78170=DIRECTION('',(0.0000000000000000E+00,1.0000000000000000E+00,
   0.0000000000000000E+00));
#78180=AXIS2_PLACEMENT_3D('',#78150,#78160,#78170);
#78190=CYLINDRICAL_SURFACE('',#78180,5.0000000000000009E+00);
#78200=ORIENTED_EDGE('',*,*,#70030,.F.);
#78210=CARTESIAN_POINT('',(1.5038475772931870E-01,9.2022178695451160E+00
   ,5.0000000000000178E-01));
#78220=DIRECTION('',(1.0000000000000000E+00,0.0000000000000000E+00,
   0.0000000000000000E+00));
#78230=DIRECTION('',(0.0000000000000000E+00,1.0000000000000000E+00,
   0.0000000000000000E+00));
#78240=AXIS2_PLACEMENT_3D('',#78210,#78220,#78230);
#78250=CIRCLE('',#78240,5.0000000000000000E+00);
#78260=EDGE_CURVE('',#68070,#70020,#78250,.T.);
#78270=ORIENTED_EDGE('',*,*,#78260,.T.);
#78280=ORIENTED_EDGE('',*,*,#68930,.T.);
#78290=ORIENTED_EDGE('',*,*,#69800,.F.);
#78300=EDGE_LOOP('',(#78290,#78280,#78270,#78200));
#78310=FACE_OUTER_BOUND('',#78300,.T.);
#78320=ADVANCED_FACE('',(#78310),#78190,.F.);
#78330=COLOUR_RGB('',5.0196081399917603E-01,1.0000000000000000E+00,
   5.0196081399917603E-01);
#78340=FILL_AREA_STYLE_COLOUR('',#78330);
#78350=FILL_AREA_STYLE('',(#78340));
#78360=SURFACE_STYLE_FILL_AREA(#78350);
#78370=SURFACE_SIDE_STYLE('',(#78360));
#78380=SURFACE_STYLE_USAGE(.BOTH.,#78370);
#78390=PRESENTATION_STYLE_ASSIGNMENT((#78380));
#78400=ORIENTED_EDGE('',*,*,#76830,.T.);
#78410=ORIENTED_EDGE('',*,*,#56710,.T.);
#78420=ORIENTED_EDGE('',*,*,#68300,.T.);
#78430=ORIENTED_EDGE('',*,*,#78260,.F.);
#78440=EDGE_LOOP('',(#78430,#78420,#78410,#78400));
#78450=FACE_OUTER_BOUND('',#78440,.T.);
#78460=ADVANCED_FACE('',(#78450),#68140,.F.);
#78470=COLOUR_RGB('',5.0196081399917603E-01,1.0000000000000000E+00,
   5.0196081399917603E-01);
#78480=FILL_AREA_STYLE_COLOUR('',#78470);
#78490=FILL_AREA_STYLE('',(#78480));
#78500=SURFACE_STYLE_FILL_AREA(#78490);
#78510=SURFACE_SIDE_STYLE('',(#78500));
#78520=SURFACE_STYLE_USAGE(.BOTH.,#78510);
#78530=PRESENTATION_STYLE_ASSIGNMENT((#78520));
#78540=CARTESIAN_POINT('',(1.2699999999999796E+00,1.0652217869544993E+01
   ,6.0210000000000248E+00));
#78550=DIRECTION('',(0.0000000000000000E+00,-4.7778340939981378E-15,
   1.0000000000000000E+00));
#78560=DIRECTION('',(0.0000000000000000E+00,1.0000000000000000E+00,
   4.7778340939981378E-15));
#78570=AXIS2_PLACEMENT_3D('',#78540,#78550,#78560);
#78580=PLANE('',#78570);
#78590=ORIENTED_EDGE('',*,*,#76440,.F.);
#78600=ORIENTED_EDGE('',*,*,#70890,.T.);
#78610=CARTESIAN_POINT('',(1.2699999999999796E+00,1.0652217869544993E+01
   ,6.0210000000000248E+00));
#78620=DIRECTION('',(-1.0000000000000000E+00,0.0000000000000000E+00,
   0.0000000000000000E+00));
#78630=VECTOR('',#78620,1.0000000000000000E+00);
#78640=LINE('',#78610,#78630);
#78650=EDGE_CURVE('',#70800,#69400,#78640,.T.);
#78660=ORIENTED_EDGE('',*,*,#78650,.F.);
#78670=ORIENTED_EDGE('',*,*,#69410,.F.);
#78680=ORIENTED_EDGE('',*,*,#65420,.T.);
#78690=ORIENTED_EDGE('',*,*,#67030,.T.);
#78700=CARTESIAN_POINT('',(1.2699999999999796E+00,7.5457178695450935E+00
   ,6.0209999999998898E+00));
#78710=DIRECTION('',(-1.0000000000000000E+00,0.0000000000000000E+00,
   0.0000000000000000E+00));
#78720=VECTOR('',#78710,1.0000000000000000E+00);
#78730=LINE('',#78700,#78720);
#78740=EDGE_CURVE('',#56140,#66960,#78730,.T.);
#78750=ORIENTED_EDGE('',*,*,#78740,.T.);
#78760=ORIENTED_EDGE('',*,*,#57310,.T.);
#78770=EDGE_LOOP('',(#78760,#78750,#78690,#78680,#78670,#78660,#78600,
   #78590));
#78780=FACE_OUTER_BOUND('',#78770,.T.);
#78790=ADVANCED_FACE('',(#78780),#78580,.F.);
#78800=COLOUR_RGB('',5.0196081399917603E-01,1.0000000000000000E+00,
   5.0196081399917603E-01);
#78810=FILL_AREA_STYLE_COLOUR('',#78800);
#78820=FILL_AREA_STYLE('',(#78810));
#78830=SURFACE_STYLE_FILL_AREA(#78820);
#78840=SURFACE_SIDE_STYLE('',(#78830));
#78850=SURFACE_STYLE_USAGE(.BOTH.,#78840);
#78860=PRESENTATION_STYLE_ASSIGNMENT((#78850));
#78870=CARTESIAN_POINT('',(1.2699999999999796E+00,7.5457178695450935E+00
   ,5.8274999999999748E+00));
#78880=DIRECTION('',(1.0000000000000000E+00,0.0000000000000000E+00,
   0.0000000000000000E+00));
#78890=DIRECTION('',(0.0000000000000000E+00,-1.0000000000000000E+00,
   1.2246063538223773E-16));
#78900=AXIS2_PLACEMENT_3D('',#78870,#78880,#78890);
#78910=CYLINDRICAL_SURFACE('',#78900,1.9349999999991496E-01);
#78920=ORIENTED_EDGE('',*,*,#56210,.T.);
#78930=CARTESIAN_POINT('',(1.2699999999999796E+00,7.3522178695451785E+00
   ,5.8274999999999748E+00));
#78940=DIRECTION('',(1.0000000000000000E+00,0.0000000000000000E+00,
   0.0000000000000000E+00));
#78950=VECTOR('',#78940,1.0000000000000000E+00);
#78960=LINE('',#78930,#78950);
#78970=EDGE_CURVE('',#66920,#56160,#78960,.T.);
#78980=ORIENTED_EDGE('',*,*,#78970,.T.);
#78990=ORIENTED_EDGE('',*,*,#66930,.F.);
#79000=ORIENTED_EDGE('',*,*,#67500,.T.);
#79010=EDGE_LOOP('',(#79000,#78990,#78980,#78920));
#79020=FACE_OUTER_BOUND('',#79010,.T.);
#79030=ADVANCED_FACE('',(#79020),#78910,.F.);
#79040=COLOUR_RGB('',5.0196081399917603E-01,1.0000000000000000E+00,
   5.0196081399917603E-01);
#79050=FILL_AREA_STYLE_COLOUR('',#79040);
#79060=FILL_AREA_STYLE('',(#79050));
#79070=SURFACE_STYLE_FILL_AREA(#79060);
#79080=SURFACE_SIDE_STYLE('',(#79070));
#79090=SURFACE_STYLE_USAGE(.BOTH.,#79080);
#79100=PRESENTATION_STYLE_ASSIGNMENT((#79090));
#79110=CARTESIAN_POINT('',(1.2699999999999796E+00,1.0652217869544993E+01
   ,5.0999999999999543E+00));
#79120=DIRECTION('',(0.0000000000000000E+00,1.0000000000000000E+00,
   -1.2246063538223773E-16));
#79130=DIRECTION('',(0.0000000000000000E+00,-1.2246063538223773E-16,
   -1.0000000000000000E+00));
#79140=AXIS2_PLACEMENT_3D('',#79110,#79120,#79130);
#79150=PLANE('',#79140);
#79160=ORIENTED_EDGE('',*,*,#70810,.T.);
#79170=ORIENTED_EDGE('',*,*,#71540,.F.);
#79180=ORIENTED_EDGE('',*,*,#69490,.T.);
#79190=ORIENTED_EDGE('',*,*,#78650,.T.);
#79200=EDGE_LOOP('',(#79190,#79180,#79170,#79160));
#79210=FACE_OUTER_BOUND('',#79200,.T.);
#79220=ADVANCED_FACE('',(#79210),#79150,.F.);
#79230=COLOUR_RGB('',5.0196081399917603E-01,1.0000000000000000E+00,
   5.0196081399917603E-01);
#79240=FILL_AREA_STYLE_COLOUR('',#79230);
#79250=FILL_AREA_STYLE('',(#79240));
#79260=SURFACE_STYLE_FILL_AREA(#79250);
#79270=SURFACE_SIDE_STYLE('',(#79260));
#79280=SURFACE_STYLE_USAGE(.BOTH.,#79270);
#79290=PRESENTATION_STYLE_ASSIGNMENT((#79280));
#79300=CARTESIAN_POINT('',(7.6999999999997959E-01,1.4035391502687082E+01
   ,5.0000000000000000E+00));
#79310=DIRECTION('',(0.0000000000000000E+00,1.0000000000000000E+00,
   0.0000000000000000E+00));
#79320=DIRECTION('',(0.0000000000000000E+00,0.0000000000000000E+00,
   -1.0000000000000000E+00));
#79330=AXIS2_PLACEMENT_3D('',#79300,#79310,#79320);
#79340=CYLINDRICAL_SURFACE('',#79330,5.0000000000000000E-01);
#79350=CARTESIAN_POINT('',(7.6999999999997970E-01,1.4035391502687082E+01
   ,5.5000000000000000E+00));
#79360=DIRECTION('',(0.0000000000000000E+00,1.0000000000000000E+00,
   0.0000000000000000E+00));
#79370=VECTOR('',#79360,1.0000000000000000E+00);
#79380=LINE('',#79350,#79370);
#79390=EDGE_CURVE('',#11440,#54990,#79380,.T.);
#79400=ORIENTED_EDGE('',*,*,#79390,.T.);
#79410=ORIENTED_EDGE('',*,*,#11450,.F.);
#79420=CARTESIAN_POINT('',(2.6999999999997959E-01,1.4035391502687082E+01
   ,5.0000000000000000E+00));
#79430=DIRECTION('',(0.0000000000000000E+00,1.0000000000000000E+00,
   0.0000000000000000E+00));
#79440=VECTOR('',#79430,1.0000000000000000E+00);
#79450=LINE('',#79420,#79440);
#79460=EDGE_CURVE('',#11350,#55080,#79450,.T.);
#79470=ORIENTED_EDGE('',*,*,#79460,.F.);
#79480=ORIENTED_EDGE('',*,*,#55090,.T.);
#79490=EDGE_LOOP('',(#79480,#79470,#79410,#79400));
#79500=FACE_OUTER_BOUND('',#79490,.T.);
#79510=ADVANCED_FACE('',(#79500),#79340,.T.);
#79520=COLOUR_RGB('',5.0196081399917603E-01,1.0000000000000000E+00,
   5.0196081399917603E-01);
#79530=FILL_AREA_STYLE_COLOUR('',#79520);
#79540=FILL_AREA_STYLE('',(#79530));
#79550=SURFACE_STYLE_FILL_AREA(#79540);
#79560=SURFACE_SIDE_STYLE('',(#79550));
#79570=SURFACE_STYLE_USAGE(.BOTH.,#79560);
#79580=PRESENTATION_STYLE_ASSIGNMENT((#79570));
#79590=CARTESIAN_POINT('',(2.6999999999997959E-01,1.5202217869545114E+01
   ,1.0000000000000004E+00));
#79600=DIRECTION('',(1.0000000000000000E+00,0.0000000000000000E+00,
   -0.0000000000000000E+00));
#79610=DIRECTION('',(0.0000000000000000E+00,0.0000000000000000E+00,
   1.0000000000000000E+00));
#79620=AXIS2_PLACEMENT_3D('',#79590,#79600,#79610);
#79630=PLANE('',#79620);
#79640=CARTESIAN_POINT('',(2.6999999999997959E-01,1.4035391502687082E+01
   ,1.5000000000000004E+00));
#79650=DIRECTION('',(0.0000000000000000E+00,1.0000000000000000E+00,
   0.0000000000000000E+00));
#79660=VECTOR('',#79650,1.0000000000000000E+00);
#79670=LINE('',#79640,#79660);
#79680=EDGE_CURVE('',#11270,#55160,#79670,.T.);
#79690=ORIENTED_EDGE('',*,*,#79680,.F.);
#79700=ORIENTED_EDGE('',*,*,#55170,.F.);
#79710=ORIENTED_EDGE('',*,*,#79460,.T.);
#79720=ORIENTED_EDGE('',*,*,#11360,.T.);
#79730=EDGE_LOOP('',(#79720,#79710,#79700,#79690));
#79740=FACE_OUTER_BOUND('',#79730,.T.);
#79750=ADVANCED_FACE('',(#79740),#79630,.F.);
#79760=COLOUR_RGB('',5.0196081399917603E-01,1.0000000000000000E+00,
   5.0196081399917603E-01);
#79770=FILL_AREA_STYLE_COLOUR('',#79760);
#79780=FILL_AREA_STYLE('',(#79770));
#79790=SURFACE_STYLE_FILL_AREA(#79780);
#79800=SURFACE_SIDE_STYLE('',(#79790));
#79810=SURFACE_STYLE_USAGE(.BOTH.,#79800);
#79820=PRESENTATION_STYLE_ASSIGNMENT((#79810));
#79830=CARTESIAN_POINT('',(-2.3000000000002041E-01,
   1.4035391502687082E+01,1.5000000000000004E+00));
#79840=DIRECTION('',(0.0000000000000000E+00,1.0000000000000000E+00,
   0.0000000000000000E+00));
#79850=DIRECTION('',(0.0000000000000000E+00,0.0000000000000000E+00,
   -1.0000000000000000E+00));
#79860=AXIS2_PLACEMENT_3D('',#79830,#79840,#79850);
#79870=CYLINDRICAL_SURFACE('',#79860,5.0000000000000000E-01);
#79880=ORIENTED_EDGE('',*,*,#79680,.T.);
#79890=ORIENTED_EDGE('',*,*,#11280,.T.);
#79900=CARTESIAN_POINT('',(-2.3000000000002041E-01,
   1.4035391502687082E+01,1.0000000000000004E+00));
#79910=DIRECTION('',(0.0000000000000000E+00,1.0000000000000000E+00,
   0.0000000000000000E+00));
#79920=VECTOR('',#79910,1.0000000000000000E+00);
#79930=LINE('',#79900,#79920);
#79940=EDGE_CURVE('',#11180,#55250,#79930,.T.);
#79950=ORIENTED_EDGE('',*,*,#79940,.F.);
#79960=ORIENTED_EDGE('',*,*,#55260,.F.);
#79970=EDGE_LOOP('',(#79960,#79950,#79890,#79880));
#79980=FACE_OUTER_BOUND('',#79970,.T.);
#79990=ADVANCED_FACE('',(#79980),#79870,.F.);
#80000=COLOUR_RGB('',5.0196081399917603E-01,1.0000000000000000E+00,
   5.0196081399917603E-01);
#80010=FILL_AREA_STYLE_COLOUR('',#80000);
#80020=FILL_AREA_STYLE('',(#80010));
#80030=SURFACE_STYLE_FILL_AREA(#80020);
#80040=SURFACE_SIDE_STYLE('',(#80030));
#80050=SURFACE_STYLE_USAGE(.BOTH.,#80040);
#80060=PRESENTATION_STYLE_ASSIGNMENT((#80050));
#80070=CARTESIAN_POINT('',(-3.7300000000000200E+00,
   1.5202217869545114E+01,1.0000000000000004E+00));
#80080=DIRECTION('',(0.0000000000000000E+00,0.0000000000000000E+00,
   -1.0000000000000000E+00));
#80090=DIRECTION('',(1.0000000000000000E+00,0.0000000000000000E+00,
   0.0000000000000000E+00));
#80100=AXIS2_PLACEMENT_3D('',#80070,#80080,#80090);
#80110=PLANE('',#80100);
#80120=CARTESIAN_POINT('',(-3.2300000000000200E+00,
   1.4035391502687082E+01,1.0000000000000004E+00));
#80130=DIRECTION('',(0.0000000000000000E+00,1.0000000000000000E+00,
   0.0000000000000000E+00));
#80140=VECTOR('',#80130,1.0000000000000000E+00);
#80150=LINE('',#80120,#80140);
#80160=EDGE_CURVE('',#11100,#55330,#80150,.T.);
#80170=ORIENTED_EDGE('',*,*,#80160,.F.);
#80180=ORIENTED_EDGE('',*,*,#55340,.T.);
#80190=ORIENTED_EDGE('',*,*,#79940,.T.);
#80200=ORIENTED_EDGE('',*,*,#11190,.T.);
#80210=EDGE_LOOP('',(#80200,#80190,#80180,#80170));
#80220=FACE_OUTER_BOUND('',#80210,.T.);
#80230=ADVANCED_FACE('',(#80220),#80110,.F.);
#80240=COLOUR_RGB('',5.0196081399917603E-01,1.0000000000000000E+00,
   5.0196081399917603E-01);
#80250=FILL_AREA_STYLE_COLOUR('',#80240);
#80260=FILL_AREA_STYLE('',(#80250));
#80270=SURFACE_STYLE_FILL_AREA(#80260);
#80280=SURFACE_SIDE_STYLE('',(#80270));
#80290=SURFACE_STYLE_USAGE(.BOTH.,#80280);
#80300=PRESENTATION_STYLE_ASSIGNMENT((#80290));
#80310=CARTESIAN_POINT('',(-3.2300000000000200E+00,
   1.4035391502687082E+01,5.0000000000000044E-01));
#80320=DIRECTION('',(0.0000000000000000E+00,1.0000000000000000E+00,
   0.0000000000000000E+00));
#80330=DIRECTION('',(0.0000000000000000E+00,0.0000000000000000E+00,
   -1.0000000000000000E+00));
#80340=AXIS2_PLACEMENT_3D('',#80310,#80320,#80330);
#80350=CYLINDRICAL_SURFACE('',#80340,5.0000000000000000E-01);
#80360=ORIENTED_EDGE('',*,*,#11110,.F.);
#80370=CARTESIAN_POINT('',(-3.2300000000000200E+00,
   1.4035391502687082E+01,4.4408920985006262E-16));
#80380=DIRECTION('',(0.0000000000000000E+00,1.0000000000000000E+00,
   0.0000000000000000E+00));
#80390=VECTOR('',#80380,1.0000000000000000E+00);
#80400=LINE('',#80370,#80390);
#80410=EDGE_CURVE('',#11010,#55420,#80400,.T.);
#80420=ORIENTED_EDGE('',*,*,#80410,.F.);
#80430=ORIENTED_EDGE('',*,*,#55430,.T.);
#80440=ORIENTED_EDGE('',*,*,#80160,.T.);
#80450=EDGE_LOOP('',(#80440,#80430,#80420,#80360));
#80460=FACE_OUTER_BOUND('',#80450,.T.);
#80470=ADVANCED_FACE('',(#80460),#80350,.T.);
#80480=COLOUR_RGB('',5.0196081399917603E-01,1.0000000000000000E+00,
   5.0196081399917603E-01);
#80490=FILL_AREA_STYLE_COLOUR('',#80480);
#80500=FILL_AREA_STYLE('',(#80490));
#80510=SURFACE_STYLE_FILL_AREA(#80500);
#80520=SURFACE_SIDE_STYLE('',(#80510));
#80530=SURFACE_STYLE_USAGE(.BOTH.,#80520);
#80540=PRESENTATION_STYLE_ASSIGNMENT((#80530));
#80550=CARTESIAN_POINT('',(2.6999999999997959E-01,1.5202217869545114E+01
   ,4.4408920985006262E-16));
#80560=DIRECTION('',(0.0000000000000000E+00,0.0000000000000000E+00,
   1.0000000000000000E+00));
#80570=DIRECTION('',(-1.0000000000000000E+00,0.0000000000000000E+00,
   0.0000000000000000E+00));
#80580=AXIS2_PLACEMENT_3D('',#80550,#80560,#80570);
#80590=PLANE('',#80580);
#80600=ORIENTED_EDGE('',*,*,#11020,.T.);
#80610=CARTESIAN_POINT('',(-2.3000000000002035E-01,
   1.4035391502687082E+01,4.4408920985006262E-16));
#80620=DIRECTION('',(0.0000000000000000E+00,1.0000000000000000E+00,
   0.0000000000000000E+00));
#80630=VECTOR('',#80620,1.0000000000000000E+00);
#80640=LINE('',#80610,#80630);
#80650=EDGE_CURVE('',#10930,#55500,#80640,.T.);
#80660=ORIENTED_EDGE('',*,*,#80650,.F.);
#80670=ORIENTED_EDGE('',*,*,#55510,.F.);
#80680=ORIENTED_EDGE('',*,*,#80410,.T.);
#80690=EDGE_LOOP('',(#80680,#80670,#80660,#80600));
#80700=FACE_OUTER_BOUND('',#80690,.T.);
#80710=ADVANCED_FACE('',(#80700),#80590,.F.);
#80720=COLOUR_RGB('',5.0196081399917603E-01,1.0000000000000000E+00,
   5.0196081399917603E-01);
#80730=FILL_AREA_STYLE_COLOUR('',#80720);
#80740=FILL_AREA_STYLE('',(#80730));
#80750=SURFACE_STYLE_FILL_AREA(#80740);
#80760=SURFACE_SIDE_STYLE('',(#80750));
#80770=SURFACE_STYLE_USAGE(.BOTH.,#80760);
#80780=PRESENTATION_STYLE_ASSIGNMENT((#80770));
#80790=CARTESIAN_POINT('',(-2.3000000000002041E-01,
   1.4035391502687082E+01,-4.9999999999999956E-01));
#80800=DIRECTION('',(0.0000000000000000E+00,1.0000000000000000E+00,
   0.0000000000000000E+00));
#80810=DIRECTION('',(0.0000000000000000E+00,0.0000000000000000E+00,
   -1.0000000000000000E+00));
#80820=AXIS2_PLACEMENT_3D('',#80790,#80800,#80810);
#80830=CYLINDRICAL_SURFACE('',#80820,5.0000000000000000E-01);
#80840=ORIENTED_EDGE('',*,*,#54360,.F.);
#80850=ORIENTED_EDGE('',*,*,#55580,.F.);
#80860=ORIENTED_EDGE('',*,*,#80650,.T.);
#80870=ORIENTED_EDGE('',*,*,#10940,.T.);
#80880=EDGE_LOOP('',(#80870,#80860,#80850,#80840));
#80890=FACE_OUTER_BOUND('',#80880,.T.);
#80900=ADVANCED_FACE('',(#80890),#80830,.F.);
#80910=COLOUR_RGB('',5.0196081399917603E-01,1.0000000000000000E+00,
   5.0196081399917603E-01);
#80920=FILL_AREA_STYLE_COLOUR('',#80910);
#80930=FILL_AREA_STYLE('',(#80920));
#80940=SURFACE_STYLE_FILL_AREA(#80930);
#80950=SURFACE_SIDE_STYLE('',(#80940));
#80960=SURFACE_STYLE_USAGE(.BOTH.,#80950);
#80970=PRESENTATION_STYLE_ASSIGNMENT((#80960));
#80980=CARTESIAN_POINT('',(-2.3313731900000589E-01,
   1.6002217869545120E+01,5.5000000000000000E+00));
#80990=DIRECTION('',(0.0000000000000000E+00,0.0000000000000000E+00,
   1.0000000000000000E+00));
#81000=DIRECTION('',(-1.0000000000000000E+00,0.0000000000000000E+00,
   0.0000000000000000E+00));
#81010=AXIS2_PLACEMENT_3D('',#80980,#80990,#81000);
#81020=PLANE('',#81010);
#81030=ORIENTED_EDGE('',*,*,#79390,.F.);
#81040=ORIENTED_EDGE('',*,*,#55000,.T.);
#81050=ORIENTED_EDGE('',*,*,#57660,.T.);
#81060=ORIENTED_EDGE('',*,*,#11530,.F.);
#81070=EDGE_LOOP('',(#81060,#81050,#81040,#81030));
#81080=FACE_OUTER_BOUND('',#81070,.T.);
#81090=ADVANCED_FACE('',(#81080),#81020,.T.);
#81100=COLOUR_RGB('',5.0196081399917603E-01,1.0000000000000000E+00,
   5.0196081399917603E-01);
#81110=FILL_AREA_STYLE_COLOUR('',#81100);
#81120=FILL_AREA_STYLE('',(#81110));
#81130=SURFACE_STYLE_FILL_AREA(#81120);
#81140=SURFACE_SIDE_STYLE('',(#81130));
#81150=SURFACE_STYLE_USAGE(.BOTH.,#81140);
#81160=PRESENTATION_STYLE_ASSIGNMENT((#81150));
#81170=ORIENTED_EDGE('',*,*,#51150,.T.);
#81180=ORIENTED_EDGE('',*,*,#38560,.T.);
#81190=EDGE_LOOP('',(#81180,#81170));
#81200=FACE_BOUND('',#81190,.T.);
#81210=ORIENTED_EDGE('',*,*,#53110,.T.);
#81220=ORIENTED_EDGE('',*,*,#43430,.T.);
#81230=EDGE_LOOP('',(#81220,#81210));
#81240=FACE_BOUND('',#81230,.T.);
#81250=ORIENTED_EDGE('',*,*,#40630,.F.);
#81260=ORIENTED_EDGE('',*,*,#36620,.F.);
#81270=ORIENTED_EDGE('',*,*,#11820,.F.);
#81280=ORIENTED_EDGE('',*,*,#7540,.F.);
#81290=EDGE_LOOP('',(#81280,#81270,#81260,#81250));
#81300=FACE_OUTER_BOUND('',#81290,.T.);
#81310=ORIENTED_EDGE('',*,*,#42160,.T.);
#81320=ORIENTED_EDGE('',*,*,#53740,.T.);
#81330=EDGE_LOOP('',(#81320,#81310));
#81340=FACE_BOUND('',#81330,.T.);
#81350=ORIENTED_EDGE('',*,*,#53560,.T.);
#81360=ORIENTED_EDGE('',*,*,#53380,.T.);
#81370=EDGE_LOOP('',(#81360,#81350));
#81380=FACE_BOUND('',#81370,.T.);
#81390=ADVANCED_FACE('',(#81200,#81240,#81300,#81340,#81380),#38400,.T.)
   ;
#81400=COLOUR_RGB('',5.0196081399917603E-01,1.0000000000000000E+00,
   5.0196081399917603E-01);
#81410=FILL_AREA_STYLE_COLOUR('',#81400);
#81420=FILL_AREA_STYLE('',(#81410));
#81430=SURFACE_STYLE_FILL_AREA(#81420);
#81440=SURFACE_SIDE_STYLE('',(#81430));
#81450=SURFACE_STYLE_USAGE(.BOTH.,#81440);
#81460=PRESENTATION_STYLE_ASSIGNMENT((#81450));
#81470=CARTESIAN_POINT('',(-1.7730000000000022E+01,
   -9.5778213045488059E-01,-8.9999999999999893E+00));
#81480=DIRECTION('',(9.7014250014533399E-01,0.0000000000000000E+00,
   -2.4253562503632486E-01));
#81490=DIRECTION('',(-2.4253562503632486E-01,0.0000000000000000E+00,
   -9.7014250014533399E-01));
#81500=AXIS2_PLACEMENT_3D('',#81470,#81480,#81490);
#81510=PLANE('',#81500);
#81520=ORIENTED_EDGE('',*,*,#45640,.T.);
#81530=ORIENTED_EDGE('',*,*,#39950,.T.);
#81540=CARTESIAN_POINT('',(-1.4725739415164977E+01,
   -4.5778213045488059E-01,3.0170423393406152E+00));
#81550=DIRECTION('',(-2.4253562503632486E-01,0.0000000000000000E+00,
   -9.7014250014533399E-01));
#81560=VECTOR('',#81550,1.0000000000000000E+00);
#81570=LINE('',#81540,#81560);
#81580=EDGE_CURVE('',#39880,#75860,#81570,.T.);
#81590=ORIENTED_EDGE('',*,*,#81580,.F.);
#81600=ORIENTED_EDGE('',*,*,#75870,.T.);
#81610=EDGE_LOOP('',(#81600,#81590,#81530,#81520));
#81620=FACE_OUTER_BOUND('',#81610,.T.);
#81630=ADVANCED_FACE('',(#81620),#81510,.T.);
#81640=COLOUR_RGB('',9.4901961088180542E-01,9.4901961088180542E-01,
   1.0000000000000000E+00);
#81650=FILL_AREA_STYLE_COLOUR('',#81640);
#81660=FILL_AREA_STYLE('',(#81650));
#81670=SURFACE_STYLE_FILL_AREA(#81660);
#81680=SURFACE_SIDE_STYLE('',(#81670));
#81690=SURFACE_STYLE_USAGE(.BOTH.,#81680);
#81700=PRESENTATION_STYLE_ASSIGNMENT((#81690));
#81710=ORIENTED_EDGE('',*,*,#63520,.T.);
#81720=ORIENTED_EDGE('',*,*,#37170,.F.);
#81730=ORIENTED_EDGE('',*,*,#75930,.T.);
#81740=ORIENTED_EDGE('',*,*,#81580,.T.);
#81750=ORIENTED_EDGE('',*,*,#39890,.F.);
#81760=ORIENTED_EDGE('',*,*,#75340,.F.);
#81770=EDGE_LOOP('',(#81760,#81750,#81740,#81730,#81720,#81710));
#81780=FACE_OUTER_BOUND('',#81770,.T.);
#81790=ADVANCED_FACE('',(#81780),#72180,.F.);
#81800=COLOUR_RGB('',9.4901961088180542E-01,9.4901961088180542E-01,
   1.0000000000000000E+00);
#81810=FILL_AREA_STYLE_COLOUR('',#81800);
#81820=FILL_AREA_STYLE('',(#81810));
#81830=SURFACE_STYLE_FILL_AREA(#81820);
#81840=SURFACE_SIDE_STYLE('',(#81830));
#81850=SURFACE_STYLE_USAGE(.BOTH.,#81840);
#81860=PRESENTATION_STYLE_ASSIGNMENT((#81850));
#81870=CARTESIAN_POINT('',(-2.8490000000000023E+01,
   9.2022178695451213E+00,-6.2000000000000002E+00));
#81880=DIRECTION('',(0.0000000000000000E+00,0.0000000000000000E+00,
   -1.0000000000000000E+00));
#81890=DIRECTION('',(-1.0000000000000000E+00,0.0000000000000000E+00,
   0.0000000000000000E+00));
#81900=AXIS2_PLACEMENT_3D('',#81870,#81880,#81890);
#81910=CYLINDRICAL_SURFACE('',#81900,8.4999999999999998E-01);
#81920=CARTESIAN_POINT('',(-2.9340000000000025E+01,
   9.2022178695451213E+00,-6.2000000000000002E+00));
#81930=DIRECTION('',(0.0000000000000000E+00,0.0000000000000000E+00,
   -1.0000000000000000E+00));
#81940=VECTOR('',#81930,1.0000000000000000E+00);
#81950=LINE('',#81920,#81940);
#81960=CARTESIAN_POINT('',(-2.9340000000000025E+01,
   9.2022178695451213E+00,-6.7000000000000002E+00));
#81970=VERTEX_POINT('',#81960);
#81980=EDGE_CURVE('',#73220,#81970,#81950,.T.);
#81990=ORIENTED_EDGE('',*,*,#81980,.T.);
#82000=ORIENTED_EDGE('',*,*,#73270,.T.);
#82010=CARTESIAN_POINT('',(-2.7640000000000022E+01,
   9.2022178695451213E+00,-6.2000000000000002E+00));
#82020=DIRECTION('',(0.0000000000000000E+00,0.0000000000000000E+00,
   -1.0000000000000000E+00));
#82030=VECTOR('',#82020,1.0000000000000000E+00);
#82040=LINE('',#82010,#82030);
#82050=CARTESIAN_POINT('',(-2.7640000000000022E+01,
   9.2022178695451213E+00,-6.7000000000000002E+00));
#82060=VERTEX_POINT('',#82050);
#82070=EDGE_CURVE('',#73240,#82060,#82040,.T.);
#82080=ORIENTED_EDGE('',*,*,#82070,.F.);
#82090=CARTESIAN_POINT('',(-2.8490000000000027E+01,
   9.2022178695451231E+00,-6.7000000000000002E+00));
#82100=DIRECTION('',(0.0000000000000000E+00,-6.1230317691118863E-17,
   -1.0000000000000000E+00));
#82110=DIRECTION('',(-1.0000000000000000E+00,0.0000000000000000E+00,
   0.0000000000000000E+00));
#82120=AXIS2_PLACEMENT_3D('',#82090,#82100,#82110);
#82130=CIRCLE('',#82120,8.4999999999999998E-01);
#82140=EDGE_CURVE('',#82060,#81970,#82130,.T.);
#82150=ORIENTED_EDGE('',*,*,#82140,.F.);
#82160=EDGE_LOOP('',(#82150,#82080,#82000,#81990));
#82170=FACE_OUTER_BOUND('',#82160,.T.);
#82180=ADVANCED_FACE('',(#82170),#81910,.T.);
#82190=COLOUR_RGB('',9.4901961088180542E-01,9.4901961088180542E-01,
   1.0000000000000000E+00);
#82200=FILL_AREA_STYLE_COLOUR('',#82190);
#82210=FILL_AREA_STYLE('',(#82200));
#82220=SURFACE_STYLE_FILL_AREA(#82210);
#82230=SURFACE_SIDE_STYLE('',(#82220));
#82240=SURFACE_STYLE_USAGE(.BOTH.,#82230);
#82250=PRESENTATION_STYLE_ASSIGNMENT((#82240));
#82260=CARTESIAN_POINT('',(-2.8790000000000013E+01,
   -9.5778213045488059E-01,-1.0199999999999992E+01));
#82270=DIRECTION('',(-9.7014250014533299E-01,0.0000000000000000E+00,
   -2.4253562503632894E-01));
#82280=DIRECTION('',(-2.4253562503632894E-01,0.0000000000000000E+00,
   9.7014250014533299E-01));
#82290=AXIS2_PLACEMENT_3D('',#82260,#82270,#82280);
#82300=PLANE('',#82290);
#82310=ORIENTED_EDGE('',*,*,#72310,.F.);
#82320=ORIENTED_EDGE('',*,*,#74770,.T.);
#82330=ORIENTED_EDGE('',*,*,#42500,.F.);
#82340=ORIENTED_EDGE('',*,*,#51460,.T.);
#82350=EDGE_LOOP('',(#82340,#82330,#82320,#82310));
#82360=FACE_OUTER_BOUND('',#82350,.T.);
#82370=ADVANCED_FACE('',(#82360),#82300,.T.);
#82380=COLOUR_RGB('',9.4901961088180542E-01,9.4901961088180542E-01,
   1.0000000000000000E+00);
#82390=FILL_AREA_STYLE_COLOUR('',#82380);
#82400=FILL_AREA_STYLE('',(#82390));
#82410=SURFACE_STYLE_FILL_AREA(#82400);
#82420=SURFACE_SIDE_STYLE('',(#82410));
#82430=SURFACE_STYLE_USAGE(.BOTH.,#82420);
#82440=PRESENTATION_STYLE_ASSIGNMENT((#82430));
#82450=CARTESIAN_POINT('',(-4.8080157115924234E+00,
   1.5665451967484577E+01,-6.7000000000000002E+00));
#82460=DIRECTION('',(0.0000000000000000E+00,0.0000000000000000E+00,
   -1.0000000000000000E+00));
#82470=DIRECTION('',(-1.0000000000000000E+00,0.0000000000000000E+00,
   0.0000000000000000E+00));
#82480=AXIS2_PLACEMENT_3D('',#82450,#82460,#82470);
#82490=PLANE('',#82480);
#82500=CARTESIAN_POINT('',(-2.2300000000000204E+00,
   9.2022178695451213E+00,-6.7000000000000002E+00));
#82510=DIRECTION('',(-1.0000000000000000E+00,0.0000000000000000E+00,
   0.0000000000000000E+00));
#82520=VECTOR('',#82510,1.0000000000000000E+00);
#82530=LINE('',#82500,#82520);
#82540=CARTESIAN_POINT('',(-2.7890000000000018E+01,
   9.2022178695451213E+00,-6.7000000000000002E+00));
#82550=VERTEX_POINT('',#82540);
#82560=EDGE_CURVE('',#82060,#82550,#82530,.T.);
#82570=ORIENTED_EDGE('',*,*,#82560,.F.);
#82580=CARTESIAN_POINT('',(-2.7890000000000018E+01,
   -5.7909557635968714E+00,-6.7000000000000002E+00));
#82590=DIRECTION('',(0.0000000000000000E+00,-1.0000000000000000E+00,
   0.0000000000000000E+00));
#82600=VECTOR('',#82590,1.0000000000000000E+00);
#82610=LINE('',#82580,#82600);
#82620=CARTESIAN_POINT('',(-2.7890000000000018E+01,
   8.7022178695451231E+00,-6.7000000000000002E+00));
#82630=VERTEX_POINT('',#82620);
#82640=EDGE_CURVE('',#82550,#82630,#82610,.T.);
#82650=ORIENTED_EDGE('',*,*,#82640,.F.);
#82660=CARTESIAN_POINT('',(-2.2300000000000204E+00,
   8.7022178695451231E+00,-6.7000000000000002E+00));
#82670=DIRECTION('',(-1.0000000000000000E+00,0.0000000000000000E+00,
   0.0000000000000000E+00));
#82680=VECTOR('',#82670,1.0000000000000000E+00);
#82690=LINE('',#82660,#82680);
#82700=CARTESIAN_POINT('',(-2.9090000000000000E+01,
   8.7022178695451231E+00,-6.7000000000000002E+00));
#82710=VERTEX_POINT('',#82700);
#82720=EDGE_CURVE('',#82630,#82710,#82690,.T.);
#82730=ORIENTED_EDGE('',*,*,#82720,.F.);
#82740=CARTESIAN_POINT('',(-2.9090000000000000E+01,
   -5.7909557635968714E+00,-6.7000000000000002E+00));
#82750=DIRECTION('',(0.0000000000000000E+00,1.0000000000000000E+00,
   0.0000000000000000E+00));
#82760=VECTOR('',#82750,1.0000000000000000E+00);
#82770=LINE('',#82740,#82760);
#82780=CARTESIAN_POINT('',(-2.9090000000000000E+01,
   9.2022178695451213E+00,-6.7000000000000002E+00));
#82790=VERTEX_POINT('',#82780);
#82800=EDGE_CURVE('',#82710,#82790,#82770,.T.);
#82810=ORIENTED_EDGE('',*,*,#82800,.F.);
#82820=EDGE_CURVE('',#82790,#81970,#82530,.T.);
#82830=ORIENTED_EDGE('',*,*,#82820,.F.);
#82840=ORIENTED_EDGE('',*,*,#82140,.T.);
#82850=EDGE_LOOP('',(#82840,#82830,#82810,#82730,#82650,#82570));
#82860=FACE_OUTER_BOUND('',#82850,.T.);
#82870=ADVANCED_FACE('',(#82860),#82490,.T.);
#82880=COLOUR_RGB('',9.4901961088180542E-01,9.4901961088180542E-01,
   1.0000000000000000E+00);
#82890=FILL_AREA_STYLE_COLOUR('',#82880);
#82900=FILL_AREA_STYLE('',(#82890));
#82910=SURFACE_STYLE_FILL_AREA(#82900);
#82920=SURFACE_SIDE_STYLE('',(#82910));
#82930=SURFACE_STYLE_USAGE(.BOTH.,#82920);
#82940=PRESENTATION_STYLE_ASSIGNMENT((#82930));
#82950=CARTESIAN_POINT('',(-4.8080157115924234E+00,
   1.5665451967484577E+01,-6.7000000000000002E+00));
#82960=DIRECTION('',(0.0000000000000000E+00,0.0000000000000000E+00,
   -1.0000000000000000E+00));
#82970=DIRECTION('',(-1.0000000000000000E+00,0.0000000000000000E+00,
   0.0000000000000000E+00));
#82980=AXIS2_PLACEMENT_3D('',#82950,#82960,#82970);
#82990=PLANE('',#82980);
#83000=ORIENTED_EDGE('',*,*,#50920,.T.);
#83010=ORIENTED_EDGE('',*,*,#48270,.T.);
#83020=CARTESIAN_POINT('',(-1.8930000000000000E+01,
   -5.7909557635968714E+00,-6.7000000000000002E+00));
#83030=DIRECTION('',(0.0000000000000000E+00,1.0000000000000000E+00,
   0.0000000000000000E+00));
#83040=VECTOR('',#83030,1.0000000000000000E+00);
#83050=LINE('',#83020,#83040);
#83060=EDGE_CURVE('',#48220,#63800,#83050,.T.);
#83070=ORIENTED_EDGE('',*,*,#83060,.F.);
#83080=ORIENTED_EDGE('',*,*,#63910,.F.);
#83090=ORIENTED_EDGE('',*,*,#51760,.T.);
#83100=ORIENTED_EDGE('',*,*,#47990,.T.);
#83110=EDGE_LOOP('',(#83100,#83090,#83080,#83070,#83010,#83000));
#83120=FACE_OUTER_BOUND('',#83110,.T.);
#83130=ADVANCED_FACE('',(#83120),#82990,.T.);
#83140=COLOUR_RGB('',9.4901961088180542E-01,9.4901961088180542E-01,
   1.0000000000000000E+00);
#83150=FILL_AREA_STYLE_COLOUR('',#83140);
#83160=FILL_AREA_STYLE('',(#83150));
#83170=SURFACE_STYLE_FILL_AREA(#83160);
#83180=SURFACE_SIDE_STYLE('',(#83170));
#83190=SURFACE_STYLE_USAGE(.BOTH.,#83180);
#83200=PRESENTATION_STYLE_ASSIGNMENT((#83190));
#83210=CARTESIAN_POINT('',(-2.9090000000000011E+01,
   9.7022178695451196E+00,3.0170423393406152E+00));
#83220=DIRECTION('',(1.0658141036401495E-15,-0.0000000000000000E+00,
   -1.0000000000000000E+00));
#83230=VECTOR('',#83220,1.0000000000000000E+00);
#83240=LINE('',#83210,#83230);
#83250=CARTESIAN_POINT('',(-2.9090000000000000E+01,
   9.7022178695451196E+00,-6.7000000000000002E+00));
#83260=VERTEX_POINT('',#83250);
#83270=CARTESIAN_POINT('',(-2.9089999999999996E+01,
   9.7022178695451196E+00,-9.0000000000000533E+00));
#83280=VERTEX_POINT('',#83270);
#83290=EDGE_CURVE('',#83260,#83280,#83240,.T.);
#83300=ORIENTED_EDGE('',*,*,#83290,.F.);
#83310=CARTESIAN_POINT('',(-3.2094260584835112E+01,
   9.7022178695451196E+00,3.0170423393406152E+00));
#83320=DIRECTION('',(-2.4253562503632894E-01,0.0000000000000000E+00,
   9.7014250014533299E-01));
#83330=VECTOR('',#83320,1.0000000000000000E+00);
#83340=LINE('',#83310,#83330);
#83350=EDGE_CURVE('',#47490,#83280,#83340,.T.);
#83360=ORIENTED_EDGE('',*,*,#83350,.T.);
#83370=ORIENTED_EDGE('',*,*,#47520,.F.);
#83380=CARTESIAN_POINT('',(-2.4885739415164917E+01,
   9.7022178695451196E+00,3.0170423393406152E+00));
#83390=DIRECTION('',(-2.4253562503633030E-01,0.0000000000000000E+00,
   -9.7014250014533265E-01));
#83400=VECTOR('',#83390,1.0000000000000000E+00);
#83410=LINE('',#83380,#83400);
#83420=CARTESIAN_POINT('',(-2.7890000000000025E+01,
   9.7022178695451196E+00,-8.9999999999999645E+00));
#83430=VERTEX_POINT('',#83420);
#83440=EDGE_CURVE('',#83430,#47510,#83410,.T.);
#83450=ORIENTED_EDGE('',*,*,#83440,.T.);
#83460=CARTESIAN_POINT('',(-2.7890000000000018E+01,
   9.7022178695451196E+00,3.0170423393406152E+00));
#83470=DIRECTION('',(0.0000000000000000E+00,0.0000000000000000E+00,
   -1.0000000000000000E+00));
#83480=VECTOR('',#83470,1.0000000000000000E+00);
#83490=LINE('',#83460,#83480);
#83500=CARTESIAN_POINT('',(-2.7890000000000018E+01,
   9.7022178695451196E+00,-6.7000000000000002E+00));
#83510=VERTEX_POINT('',#83500);
#83520=EDGE_CURVE('',#83510,#83430,#83490,.T.);
#83530=ORIENTED_EDGE('',*,*,#83520,.T.);
#83540=CARTESIAN_POINT('',(-2.2300000000000204E+00,
   9.7022178695451196E+00,-6.7000000000000002E+00));
#83550=DIRECTION('',(-1.0000000000000000E+00,0.0000000000000000E+00,
   0.0000000000000000E+00));
#83560=VECTOR('',#83550,1.0000000000000000E+00);
#83570=LINE('',#83540,#83560);
#83580=EDGE_CURVE('',#83510,#83260,#83570,.T.);
#83590=ORIENTED_EDGE('',*,*,#83580,.F.);
#83600=EDGE_LOOP('',(#83590,#83530,#83450,#83370,#83360,#83300));
#83610=FACE_OUTER_BOUND('',#83600,.T.);
#83620=ADVANCED_FACE('',(#83610),#63740,.F.);
#83630=COLOUR_RGB('',9.4901961088180542E-01,9.4901961088180542E-01,
   1.0000000000000000E+00);
#83640=FILL_AREA_STYLE_COLOUR('',#83630);
#83650=FILL_AREA_STYLE('',(#83640));
#83660=SURFACE_STYLE_FILL_AREA(#83650);
#83670=SURFACE_SIDE_STYLE('',(#83660));
#83680=SURFACE_STYLE_USAGE(.BOTH.,#83670);
#83690=PRESENTATION_STYLE_ASSIGNMENT((#83680));
#83700=CARTESIAN_POINT('',(-4.8080157115924234E+00,
   1.5665451967484577E+01,-6.7000000000000002E+00));
#83710=DIRECTION('',(0.0000000000000000E+00,0.0000000000000000E+00,
   -1.0000000000000000E+00));
#83720=DIRECTION('',(-1.0000000000000000E+00,0.0000000000000000E+00,
   0.0000000000000000E+00));
#83730=AXIS2_PLACEMENT_3D('',#83700,#83710,#83720);
#83740=PLANE('',#83730);
#83750=CARTESIAN_POINT('',(-2.8490000000000027E+01,
   9.2022178695451231E+00,-6.7000000000000002E+00));
#83760=DIRECTION('',(0.0000000000000000E+00,-6.1230317691118863E-17,
   -1.0000000000000000E+00));
#83770=DIRECTION('',(-1.0000000000000000E+00,0.0000000000000000E+00,
   0.0000000000000000E+00));
#83780=AXIS2_PLACEMENT_3D('',#83750,#83760,#83770);
#83790=CIRCLE('',#83780,8.4999999999999998E-01);
#83800=EDGE_CURVE('',#81970,#82060,#83790,.T.);
#83810=ORIENTED_EDGE('',*,*,#83800,.T.);
#83820=ORIENTED_EDGE('',*,*,#82820,.T.);
#83830=CARTESIAN_POINT('',(-2.9090000000000000E+01,
   -5.7909557635968714E+00,-6.7000000000000002E+00));
#83840=DIRECTION('',(0.0000000000000000E+00,1.0000000000000000E+00,
   0.0000000000000000E+00));
#83850=VECTOR('',#83840,1.0000000000000000E+00);
#83860=LINE('',#83830,#83850);
#83870=EDGE_CURVE('',#82790,#83260,#83860,.T.);
#83880=ORIENTED_EDGE('',*,*,#83870,.F.);
#83890=ORIENTED_EDGE('',*,*,#83580,.T.);
#83900=CARTESIAN_POINT('',(-2.7890000000000018E+01,
   -5.7909557635968714E+00,-6.7000000000000002E+00));
#83910=DIRECTION('',(0.0000000000000000E+00,1.0000000000000000E+00,
   0.0000000000000000E+00));
#83920=VECTOR('',#83910,1.0000000000000000E+00);
#83930=LINE('',#83900,#83920);
#83940=EDGE_CURVE('',#82550,#83510,#83930,.T.);
#83950=ORIENTED_EDGE('',*,*,#83940,.T.);
#83960=ORIENTED_EDGE('',*,*,#82560,.T.);
#83970=EDGE_LOOP('',(#83960,#83950,#83890,#83880,#83820,#83810));
#83980=FACE_OUTER_BOUND('',#83970,.T.);
#83990=ADVANCED_FACE('',(#83980),#83740,.T.);
#84000=COLOUR_RGB('',9.4901961088180542E-01,9.4901961088180542E-01,
   1.0000000000000000E+00);
#84010=FILL_AREA_STYLE_COLOUR('',#84000);
#84020=FILL_AREA_STYLE('',(#84010));
#84030=SURFACE_STYLE_FILL_AREA(#84020);
#84040=SURFACE_SIDE_STYLE('',(#84030));
#84050=SURFACE_STYLE_USAGE(.BOTH.,#84040);
#84060=PRESENTATION_STYLE_ASSIGNMENT((#84050));
#84070=CARTESIAN_POINT('',(-2.7890000000000018E+01,
   9.2022178695451196E+00,-4.5999999999999917E+00));
#84080=DIRECTION('',(1.0000000000000000E+00,-0.0000000000000000E+00,
   0.0000000000000000E+00));
#84090=DIRECTION('',(0.0000000000000000E+00,0.0000000000000000E+00,
   -1.0000000000000000E+00));
#84100=AXIS2_PLACEMENT_3D('',#84070,#84080,#84090);
#84110=PLANE('',#84100);
#84120=ORIENTED_EDGE('',*,*,#83940,.F.);
#84130=ORIENTED_EDGE('',*,*,#83520,.F.);
#84140=CARTESIAN_POINT('',(-2.7890000000000018E+01,
   -5.7909557635968714E+00,-8.9999999999999325E+00));
#84150=DIRECTION('',(0.0000000000000000E+00,1.0000000000000000E+00,
   0.0000000000000000E+00));
#84160=VECTOR('',#84150,1.0000000000000000E+00);
#84170=LINE('',#84140,#84160);
#84180=CARTESIAN_POINT('',(-2.7890000000000018E+01,
   8.7022178695451231E+00,-8.9999999999999325E+00));
#84190=VERTEX_POINT('',#84180);
#84200=EDGE_CURVE('',#84190,#83430,#84170,.T.);
#84210=ORIENTED_EDGE('',*,*,#84200,.T.);
#84220=CARTESIAN_POINT('',(-2.7890000000000018E+01,
   8.7022178695451231E+00,3.0170423393406152E+00));
#84230=DIRECTION('',(0.0000000000000000E+00,0.0000000000000000E+00,
   1.0000000000000000E+00));
#84240=VECTOR('',#84230,1.0000000000000000E+00);
#84250=LINE('',#84220,#84240);
#84260=EDGE_CURVE('',#84190,#82630,#84250,.T.);
#84270=ORIENTED_EDGE('',*,*,#84260,.F.);
#84280=ORIENTED_EDGE('',*,*,#82640,.T.);
#84290=EDGE_LOOP('',(#84280,#84270,#84210,#84130,#84120));
#84300=FACE_OUTER_BOUND('',#84290,.T.);
#84310=ADVANCED_FACE('',(#84300),#84110,.T.);
#84320=COLOUR_RGB('',9.4901961088180542E-01,9.4901961088180542E-01,
   1.0000000000000000E+00);
#84330=FILL_AREA_STYLE_COLOUR('',#84320);
#84340=FILL_AREA_STYLE('',(#84330));
#84350=SURFACE_STYLE_FILL_AREA(#84340);
#84360=SURFACE_SIDE_STYLE('',(#84350));
#84370=SURFACE_STYLE_USAGE(.BOTH.,#84360);
#84380=PRESENTATION_STYLE_ASSIGNMENT((#84370));
#84390=ORIENTED_EDGE('',*,*,#82720,.T.);
#84400=ORIENTED_EDGE('',*,*,#84260,.T.);
#84410=CARTESIAN_POINT('',(-2.4885739415164917E+01,
   8.7022178695451231E+00,3.0170423393406152E+00));
#84420=DIRECTION('',(2.4253562503633030E-01,0.0000000000000000E+00,
   9.7014250014533265E-01));
#84430=VECTOR('',#84420,1.0000000000000000E+00);
#84440=LINE('',#84410,#84430);
#84450=EDGE_CURVE('',#47670,#84190,#84440,.T.);
#84460=ORIENTED_EDGE('',*,*,#84450,.T.);
#84470=ORIENTED_EDGE('',*,*,#47680,.T.);
#84480=CARTESIAN_POINT('',(-3.2094260584835112E+01,
   8.7022178695451231E+00,3.0170423393406152E+00));
#84490=DIRECTION('',(-2.4253562503632894E-01,0.0000000000000000E+00,
   9.7014250014533299E-01));
#84500=VECTOR('',#84490,1.0000000000000000E+00);
#84510=LINE('',#84480,#84500);
#84520=CARTESIAN_POINT('',(-2.9089999999999996E+01,
   8.7022178695451231E+00,-9.0000000000000462E+00));
#84530=VERTEX_POINT('',#84520);
#84540=EDGE_CURVE('',#47590,#84530,#84510,.T.);
#84550=ORIENTED_EDGE('',*,*,#84540,.F.);
#84560=CARTESIAN_POINT('',(-2.9090000000000011E+01,
   8.7022178695451231E+00,3.0170423393406152E+00));
#84570=DIRECTION('',(1.0658141036401495E-15,-0.0000000000000000E+00,
   -1.0000000000000000E+00));
#84580=VECTOR('',#84570,1.0000000000000000E+00);
#84590=LINE('',#84560,#84580);
#84600=EDGE_CURVE('',#82710,#84530,#84590,.T.);
#84610=ORIENTED_EDGE('',*,*,#84600,.T.);
#84620=EDGE_LOOP('',(#84610,#84550,#84470,#84460,#84400,#84390));
#84630=FACE_OUTER_BOUND('',#84620,.T.);
#84640=ADVANCED_FACE('',(#84630),#35910,.T.);
#84650=COLOUR_RGB('',9.4901961088180542E-01,9.4901961088180542E-01,
   1.0000000000000000E+00);
#84660=FILL_AREA_STYLE_COLOUR('',#84650);
#84670=FILL_AREA_STYLE('',(#84660));
#84680=SURFACE_STYLE_FILL_AREA(#84670);
#84690=SURFACE_SIDE_STYLE('',(#84680));
#84700=SURFACE_STYLE_USAGE(.BOTH.,#84690);
#84710=PRESENTATION_STYLE_ASSIGNMENT((#84700));
#84720=CARTESIAN_POINT('',(-2.7890000000000033E+01,
   9.2022178695451196E+00,-8.9999999999999893E+00));
#84730=DIRECTION('',(9.7014250014533265E-01,0.0000000000000000E+00,
   -2.4253562503633030E-01));
#84740=DIRECTION('',(-2.4253562503633030E-01,0.0000000000000000E+00,
   -9.7014250014533265E-01));
#84750=AXIS2_PLACEMENT_3D('',#84720,#84730,#84740);
#84760=PLANE('',#84750);
#84770=ORIENTED_EDGE('',*,*,#83440,.F.);
#84780=ORIENTED_EDGE('',*,*,#47740,.F.);
#84790=ORIENTED_EDGE('',*,*,#84450,.F.);
#84800=ORIENTED_EDGE('',*,*,#84200,.F.);
#84810=EDGE_LOOP('',(#84800,#84790,#84780,#84770));
#84820=FACE_OUTER_BOUND('',#84810,.T.);
#84830=ADVANCED_FACE('',(#84820),#84760,.T.);
#84840=COLOUR_RGB('',9.4901961088180542E-01,9.4901961088180542E-01,
   1.0000000000000000E+00);
#84850=FILL_AREA_STYLE_COLOUR('',#84840);
#84860=FILL_AREA_STYLE('',(#84850));
#84870=SURFACE_STYLE_FILL_AREA(#84860);
#84880=SURFACE_SIDE_STYLE('',(#84870));
#84890=SURFACE_STYLE_USAGE(.BOTH.,#84880);
#84900=PRESENTATION_STYLE_ASSIGNMENT((#84890));
#84910=CARTESIAN_POINT('',(-2.8790000000000020E+01,
   9.2022178695451196E+00,-1.0199999999999992E+01));
#84920=DIRECTION('',(-9.7014250014533299E-01,0.0000000000000000E+00,
   -2.4253562503632894E-01));
#84930=DIRECTION('',(-2.4253562503632894E-01,0.0000000000000000E+00,
   9.7014250014533299E-01));
#84940=AXIS2_PLACEMENT_3D('',#84910,#84920,#84930);
#84950=PLANE('',#84940);
#84960=ORIENTED_EDGE('',*,*,#83350,.F.);
#84970=CARTESIAN_POINT('',(-2.9089999999999996E+01,
   -5.7909557635968714E+00,-9.0000000000000817E+00));
#84980=DIRECTION('',(0.0000000000000000E+00,1.0000000000000000E+00,
   0.0000000000000000E+00));
#84990=VECTOR('',#84980,1.0000000000000000E+00);
#85000=LINE('',#84970,#84990);
#85010=EDGE_CURVE('',#84530,#83280,#85000,.T.);
#85020=ORIENTED_EDGE('',*,*,#85010,.T.);
#85030=ORIENTED_EDGE('',*,*,#84540,.T.);
#85040=ORIENTED_EDGE('',*,*,#47600,.T.);
#85050=EDGE_LOOP('',(#85040,#85030,#85020,#84960));
#85060=FACE_OUTER_BOUND('',#85050,.T.);
#85070=ADVANCED_FACE('',(#85060),#84950,.T.);
#85080=COLOUR_RGB('',9.4901961088180542E-01,9.4901961088180542E-01,
   1.0000000000000000E+00);
#85090=FILL_AREA_STYLE_COLOUR('',#85080);
#85100=FILL_AREA_STYLE('',(#85090));
#85110=SURFACE_STYLE_FILL_AREA(#85100);
#85120=SURFACE_SIDE_STYLE('',(#85110));
#85130=SURFACE_STYLE_USAGE(.BOTH.,#85120);
#85140=PRESENTATION_STYLE_ASSIGNMENT((#85130));
#85150=CARTESIAN_POINT('',(-2.3410000000000014E+01,
   -9.5778213045487881E-01,-6.2000000000000002E+00));
#85160=DIRECTION('',(0.0000000000000000E+00,0.0000000000000000E+00,
   -1.0000000000000000E+00));
#85170=DIRECTION('',(-1.0000000000000000E+00,0.0000000000000000E+00,
   0.0000000000000000E+00));
#85180=AXIS2_PLACEMENT_3D('',#85150,#85160,#85170);
#85190=CYLINDRICAL_SURFACE('',#85180,8.4999999999999998E-01);
#85200=CARTESIAN_POINT('',(-2.4260000000000016E+01,
   -9.5778213045487881E-01,-6.2000000000000002E+00));
#85210=DIRECTION('',(0.0000000000000000E+00,0.0000000000000000E+00,
   -1.0000000000000000E+00));
#85220=VECTOR('',#85210,1.0000000000000000E+00);
#85230=LINE('',#85200,#85220);
#85240=EDGE_CURVE('',#73040,#42790,#85230,.T.);
#85250=ORIENTED_EDGE('',*,*,#85240,.F.);
#85260=ORIENTED_EDGE('',*,*,#42820,.F.);
#85270=CARTESIAN_POINT('',(-2.2560000000000013E+01,
   -9.5778213045487870E-01,-6.2000000000000002E+00));
#85280=DIRECTION('',(0.0000000000000000E+00,0.0000000000000000E+00,
   -1.0000000000000000E+00));
#85290=VECTOR('',#85280,1.0000000000000000E+00);
#85300=LINE('',#85270,#85290);
#85310=EDGE_CURVE('',#73020,#42810,#85300,.T.);
#85320=ORIENTED_EDGE('',*,*,#85310,.T.);
#85330=ORIENTED_EDGE('',*,*,#73070,.T.);
#85340=EDGE_LOOP('',(#85330,#85320,#85260,#85250));
#85350=FACE_OUTER_BOUND('',#85340,.T.);
#85360=ADVANCED_FACE('',(#85350),#85190,.T.);
#85370=COLOUR_RGB('',9.4901961088180542E-01,9.4901961088180542E-01,
   1.0000000000000000E+00);
#85380=FILL_AREA_STYLE_COLOUR('',#85370);
#85390=FILL_AREA_STYLE('',(#85380));
#85400=SURFACE_STYLE_FILL_AREA(#85390);
#85410=SURFACE_SIDE_STYLE('',(#85400));
#85420=SURFACE_STYLE_USAGE(.BOTH.,#85410);
#85430=PRESENTATION_STYLE_ASSIGNMENT((#85420));
#85440=CARTESIAN_POINT('',(-4.8080157115924234E+00,
   1.5665451967484577E+01,-6.7000000000000002E+00));
#85450=DIRECTION('',(0.0000000000000000E+00,0.0000000000000000E+00,
   -1.0000000000000000E+00));
#85460=DIRECTION('',(-1.0000000000000000E+00,0.0000000000000000E+00,
   0.0000000000000000E+00));
#85470=AXIS2_PLACEMENT_3D('',#85440,#85450,#85460);
#85480=PLANE('',#85470);
#85490=ORIENTED_EDGE('',*,*,#35750,.F.);
#85500=ORIENTED_EDGE('',*,*,#38930,.F.);
#85510=ORIENTED_EDGE('',*,*,#36380,.F.);
#85520=ORIENTED_EDGE('',*,*,#77840,.F.);
#85530=ORIENTED_EDGE('',*,*,#35490,.F.);
#85540=ORIENTED_EDGE('',*,*,#48640,.T.);
#85550=EDGE_LOOP('',(#85540,#85530,#85520,#85510,#85500,#85490));
#85560=FACE_OUTER_BOUND('',#85550,.T.);
#85570=ADVANCED_FACE('',(#85560),#85480,.T.);
#85580=COLOUR_RGB('',9.4901961088180542E-01,9.4901961088180542E-01,
   1.0000000000000000E+00);
#85590=FILL_AREA_STYLE_COLOUR('',#85580);
#85600=FILL_AREA_STYLE('',(#85590));
#85610=SURFACE_STYLE_FILL_AREA(#85600);
#85620=SURFACE_SIDE_STYLE('',(#85610));
#85630=SURFACE_STYLE_USAGE(.BOTH.,#85620);
#85640=PRESENTATION_STYLE_ASSIGNMENT((#85630));
#85650=CARTESIAN_POINT('',(-2.9090000000000011E+01,
   9.2022178695451196E+00,2.1000000000000183E+00));
#85660=DIRECTION('',(-1.0000000000000000E+00,0.0000000000000000E+00,
   -1.0658141036401495E-15));
#85670=DIRECTION('',(-1.0658141036401495E-15,0.0000000000000000E+00,
   1.0000000000000000E+00));
#85680=AXIS2_PLACEMENT_3D('',#85650,#85660,#85670);
#85690=PLANE('',#85680);
#85700=ORIENTED_EDGE('',*,*,#84600,.F.);
#85710=ORIENTED_EDGE('',*,*,#85010,.F.);
#85720=ORIENTED_EDGE('',*,*,#83290,.T.);
#85730=ORIENTED_EDGE('',*,*,#83870,.T.);
#85740=ORIENTED_EDGE('',*,*,#82800,.T.);
#85750=EDGE_LOOP('',(#85740,#85730,#85720,#85710,#85700));
#85760=FACE_OUTER_BOUND('',#85750,.T.);
#85770=ADVANCED_FACE('',(#85760),#85690,.T.);
#85780=COLOUR_RGB('',9.4901961088180542E-01,9.4901961088180542E-01,
   1.0000000000000000E+00);
#85790=FILL_AREA_STYLE_COLOUR('',#85780);
#85800=FILL_AREA_STYLE('',(#85790));
#85810=SURFACE_STYLE_FILL_AREA(#85800);
#85820=SURFACE_SIDE_STYLE('',(#85810));
#85830=SURFACE_STYLE_USAGE(.BOTH.,#85820);
#85840=PRESENTATION_STYLE_ASSIGNMENT((#85830));
#85850=CARTESIAN_POINT('',(-1.8930000000000000E+01,
   9.2022178695451196E+00,-7.9000000000000030E+00));
#85860=DIRECTION('',(-1.0000000000000000E+00,0.0000000000000000E+00,
   0.0000000000000000E+00));
#85870=DIRECTION('',(0.0000000000000000E+00,0.0000000000000000E+00,
   1.0000000000000000E+00));
#85880=AXIS2_PLACEMENT_3D('',#85850,#85860,#85870);
#85890=PLANE('',#85880);
#85900=ORIENTED_EDGE('',*,*,#63810,.T.);
#85910=ORIENTED_EDGE('',*,*,#83060,.T.);
#85920=ORIENTED_EDGE('',*,*,#48230,.T.);
#85930=ORIENTED_EDGE('',*,*,#61340,.F.);
#85940=ORIENTED_EDGE('',*,*,#39400,.F.);
#85950=EDGE_LOOP('',(#85940,#85930,#85920,#85910,#85900));
#85960=FACE_OUTER_BOUND('',#85950,.T.);
#85970=ADVANCED_FACE('',(#85960),#85890,.T.);
#85980=COLOUR_RGB('',9.4901961088180542E-01,9.4901961088180542E-01,
   1.0000000000000000E+00);
#85990=FILL_AREA_STYLE_COLOUR('',#85980);
#86000=FILL_AREA_STYLE('',(#85990));
#86010=SURFACE_STYLE_FILL_AREA(#86000);
#86020=SURFACE_SIDE_STYLE('',(#86010));
#86030=SURFACE_STYLE_USAGE(.BOTH.,#86020);
#86040=PRESENTATION_STYLE_ASSIGNMENT((#86030));
#86050=ORIENTED_EDGE('',*,*,#58300,.T.);
#86060=ORIENTED_EDGE('',*,*,#64440,.F.);
#86070=ORIENTED_EDGE('',*,*,#60140,.F.);
#86080=ORIENTED_EDGE('',*,*,#64130,.F.);
#86090=EDGE_LOOP('',(#86080,#86070,#86060,#86050));
#86100=FACE_OUTER_BOUND('',#86090,.T.);
#86110=ADVANCED_FACE('',(#86100),#64070,.F.);
#86120=COLOUR_RGB('',5.0196081399917603E-01,1.0000000000000000E+00,
   5.0196081399917603E-01);
#86130=FILL_AREA_STYLE_COLOUR('',#86120);
#86140=FILL_AREA_STYLE('',(#86130));
#86150=SURFACE_STYLE_FILL_AREA(#86140);
#86160=SURFACE_SIDE_STYLE('',(#86150));
#86170=SURFACE_STYLE_USAGE(.BOTH.,#86160);
#86180=PRESENTATION_STYLE_ASSIGNMENT((#86170));
#86190=ORIENTED_EDGE('',*,*,#69250,.T.);
#86200=ORIENTED_EDGE('',*,*,#72770,.F.);
#86210=ORIENTED_EDGE('',*,*,#75610,.F.);
#86220=ORIENTED_EDGE('',*,*,#72580,.T.);
#86230=EDGE_LOOP('',(#86220,#86210,#86200,#86190));
#86240=FACE_OUTER_BOUND('',#86230,.T.);
#86250=ADVANCED_FACE('',(#86240),#72510,.T.);
#86260=COLOUR_RGB('',5.0196081399917603E-01,1.0000000000000000E+00,
   5.0196081399917603E-01);
#86270=FILL_AREA_STYLE_COLOUR('',#86260);
#86280=FILL_AREA_STYLE('',(#86270));
#86290=SURFACE_STYLE_FILL_AREA(#86280);
#86300=SURFACE_SIDE_STYLE('',(#86290));
#86310=SURFACE_STYLE_USAGE(.BOTH.,#86300);
#86320=PRESENTATION_STYLE_ASSIGNMENT((#86310));
#86330=ORIENTED_EDGE('',*,*,#61840,.T.);
#86340=ORIENTED_EDGE('',*,*,#52250,.F.);
#86350=ORIENTED_EDGE('',*,*,#31820,.F.);
#86360=ORIENTED_EDGE('',*,*,#63250,.T.);
#86370=EDGE_LOOP('',(#86360,#86350,#86340,#86330));
#86380=FACE_OUTER_BOUND('',#86370,.T.);
#86390=ADVANCED_FACE('',(#86380),#63180,.T.);
#86400=COLOUR_RGB('',5.0196081399917603E-01,1.0000000000000000E+00,
   5.0196081399917603E-01);
#86410=FILL_AREA_STYLE_COLOUR('',#86400);
#86420=FILL_AREA_STYLE('',(#86410));
#86430=SURFACE_STYLE_FILL_AREA(#86420);
#86440=SURFACE_SIDE_STYLE('',(#86430));
#86450=SURFACE_STYLE_USAGE(.BOTH.,#86440);
#86460=PRESENTATION_STYLE_ASSIGNMENT((#86450));
#86470=ORIENTED_EDGE('',*,*,#83800,.F.);
#86480=ORIENTED_EDGE('',*,*,#82070,.T.);
#86490=ORIENTED_EDGE('',*,*,#73250,.T.);
#86500=ORIENTED_EDGE('',*,*,#81980,.F.);
#86510=EDGE_LOOP('',(#86500,#86490,#86480,#86470));
#86520=FACE_OUTER_BOUND('',#86510,.T.);
#86530=ADVANCED_FACE('',(#86520),#81910,.T.);
#86540=COLOUR_RGB('',9.4901961088180542E-01,9.4901961088180542E-01,
   1.0000000000000000E+00);
#86550=FILL_AREA_STYLE_COLOUR('',#86540);
#86560=FILL_AREA_STYLE('',(#86550));
#86570=SURFACE_STYLE_FILL_AREA(#86560);
#86580=SURFACE_SIDE_STYLE('',(#86570));
#86590=SURFACE_STYLE_USAGE(.BOTH.,#86580);
#86600=PRESENTATION_STYLE_ASSIGNMENT((#86590));
#86610=ORIENTED_EDGE('',*,*,#73110,.T.);
#86620=ORIENTED_EDGE('',*,*,#48720,.F.);
#86630=ORIENTED_EDGE('',*,*,#35410,.F.);
#86640=ORIENTED_EDGE('',*,*,#48570,.T.);
#86650=EDGE_LOOP('',(#86640,#86630,#86620,#86610));
#86660=FACE_OUTER_BOUND('',#86650,.T.);
#86670=ADVANCED_FACE('',(#86660),#48500,.T.);
#86680=COLOUR_RGB('',9.4901961088180542E-01,9.4901961088180542E-01,
   1.0000000000000000E+00);
#86690=FILL_AREA_STYLE_COLOUR('',#86680);
#86700=FILL_AREA_STYLE('',(#86690));
#86710=SURFACE_STYLE_FILL_AREA(#86700);
#86720=SURFACE_SIDE_STYLE('',(#86710));
#86730=SURFACE_STYLE_USAGE(.BOTH.,#86720);
#86740=PRESENTATION_STYLE_ASSIGNMENT((#86730));
#86750=ORIENTED_EDGE('',*,*,#85240,.T.);
#86760=ORIENTED_EDGE('',*,*,#73050,.T.);
#86770=ORIENTED_EDGE('',*,*,#85310,.F.);
#86780=ORIENTED_EDGE('',*,*,#47270,.F.);
#86790=EDGE_LOOP('',(#86780,#86770,#86760,#86750));
#86800=FACE_OUTER_BOUND('',#86790,.T.);
#86810=ADVANCED_FACE('',(#86800),#85190,.T.);
#86820=COLOUR_RGB('',9.4901961088180542E-01,9.4901961088180542E-01,
   1.0000000000000000E+00);
#86830=FILL_AREA_STYLE_COLOUR('',#86820);
#86840=FILL_AREA_STYLE('',(#86830));
#86850=SURFACE_STYLE_FILL_AREA(#86840);
#86860=SURFACE_SIDE_STYLE('',(#86850));
#86870=SURFACE_STYLE_USAGE(.BOTH.,#86860);
#86880=PRESENTATION_STYLE_ASSIGNMENT((#86870));
#86890=EDGE_CURVE('',#62220,#62990,#62290,.T.);
#86900=ORIENTED_EDGE('',*,*,#86890,.T.);
#86910=ORIENTED_EDGE('',*,*,#62230,.T.);
#86920=ORIENTED_EDGE('',*,*,#62680,.T.);
#86930=ORIENTED_EDGE('',*,*,#62440,.F.);
#86940=ORIENTED_EDGE('',*,*,#63020,.T.);
#86950=EDGE_LOOP('',(#86940,#86930,#86920,#86910,#86900));
#86960=FACE_OUTER_BOUND('',#86950,.T.);
#86970=ADVANCED_FACE('',(#86960),#62140,.T.);
#86980=COLOUR_RGB('',9.4901967048645020E-01,9.4901967048645020E-01,
   1.0000000000000000E+00);
#86990=FILL_AREA_STYLE_COLOUR('',#86980);
#87000=FILL_AREA_STYLE('',(#86990));
#87010=SURFACE_STYLE_FILL_AREA(#87000);
#87020=SURFACE_SIDE_STYLE('',(#87010));
#87030=SURFACE_STYLE_USAGE(.BOTH.,#87020);
#87040=PRESENTATION_STYLE_ASSIGNMENT((#87030));
#87050=ORIENTED_EDGE('',*,*,#46790,.F.);
#87060=ORIENTED_EDGE('',*,*,#52630,.F.);
#87070=ORIENTED_EDGE('',*,*,#46940,.T.);
#87080=ORIENTED_EDGE('',*,*,#73320,.T.);
#87090=EDGE_LOOP('',(#87080,#87070,#87060,#87050));
#87100=FACE_OUTER_BOUND('',#87090,.T.);
#87110=ADVANCED_FACE('',(#87100),#46720,.T.);
#87120=COLOUR_RGB('',9.4901961088180542E-01,9.4901961088180542E-01,
   1.0000000000000000E+00);
#87130=FILL_AREA_STYLE_COLOUR('',#87120);
#87140=FILL_AREA_STYLE('',(#87130));
#87150=SURFACE_STYLE_FILL_AREA(#87140);
#87160=SURFACE_SIDE_STYLE('',(#87150));
#87170=SURFACE_STYLE_USAGE(.BOTH.,#87160);
#87180=PRESENTATION_STYLE_ASSIGNMENT((#87170));
#87190=ORIENTED_EDGE('',*,*,#43680,.F.);
#87200=ORIENTED_EDGE('',*,*,#44390,.F.);
#87210=ORIENTED_EDGE('',*,*,#43850,.T.);
#87220=ORIENTED_EDGE('',*,*,#73480,.T.);
#87230=EDGE_LOOP('',(#87220,#87210,#87200,#87190));
#87240=FACE_OUTER_BOUND('',#87230,.T.);
#87250=ADVANCED_FACE('',(#87240),#43590,.T.);
#87260=COLOUR_RGB('',9.4901961088180542E-01,9.4901961088180542E-01,
   1.0000000000000000E+00);
#87270=FILL_AREA_STYLE_COLOUR('',#87260);
#87280=FILL_AREA_STYLE('',(#87270));
#87290=SURFACE_STYLE_FILL_AREA(#87280);
#87300=SURFACE_SIDE_STYLE('',(#87290));
#87310=SURFACE_STYLE_USAGE(.BOTH.,#87300);
#87320=PRESENTATION_STYLE_ASSIGNMENT((#87310));
#87330=ORIENTED_EDGE('',*,*,#62910,.F.);
#87340=ORIENTED_EDGE('',*,*,#62320,.F.);
#87350=ORIENTED_EDGE('',*,*,#86890,.F.);
#87360=ORIENTED_EDGE('',*,*,#63000,.T.);
#87370=ORIENTED_EDGE('',*,*,#61980,.T.);
#87380=EDGE_LOOP('',(#87370,#87360,#87350,#87340,#87330));
#87390=FACE_OUTER_BOUND('',#87380,.T.);
#87400=ADVANCED_FACE('',(#87390),#62850,.T.);
#87410=COLOUR_RGB('',9.4901967048645020E-01,9.4901967048645020E-01,
   1.0000000000000000E+00);
#87420=FILL_AREA_STYLE_COLOUR('',#87410);
#87430=FILL_AREA_STYLE('',(#87420));
#87440=SURFACE_STYLE_FILL_AREA(#87430);
#87450=SURFACE_SIDE_STYLE('',(#87440));
#87460=SURFACE_STYLE_USAGE(.BOTH.,#87450);
#87470=PRESENTATION_STYLE_ASSIGNMENT((#87460));
#87480=ORIENTED_EDGE('',*,*,#75040,.F.);
#87490=EDGE_CURVE('',#75010,#73720,#73790,.T.);
#87500=ORIENTED_EDGE('',*,*,#87490,.F.);
#87510=ORIENTED_EDGE('',*,*,#73730,.T.);
#87520=ORIENTED_EDGE('',*,*,#75560,.T.);
#87530=ORIENTED_EDGE('',*,*,#73940,.F.);
#87540=EDGE_LOOP('',(#87530,#87520,#87510,#87500,#87480));
#87550=FACE_OUTER_BOUND('',#87540,.T.);
#87560=ADVANCED_FACE('',(#87550),#73640,.T.);
#87570=COLOUR_RGB('',9.4901967048645020E-01,9.4901967048645020E-01,
   1.0000000000000000E+00);
#87580=FILL_AREA_STYLE_COLOUR('',#87570);
#87590=FILL_AREA_STYLE('',(#87580));
#87600=SURFACE_STYLE_FILL_AREA(#87590);
#87610=SURFACE_SIDE_STYLE('',(#87600));
#87620=SURFACE_STYLE_USAGE(.BOTH.,#87610);
#87630=PRESENTATION_STYLE_ASSIGNMENT((#87620));
#87640=ORIENTED_EDGE('',*,*,#87490,.T.);
#87650=ORIENTED_EDGE('',*,*,#75020,.T.);
#87660=ORIENTED_EDGE('',*,*,#74520,.T.);
#87670=ORIENTED_EDGE('',*,*,#75110,.F.);
#87680=ORIENTED_EDGE('',*,*,#73820,.T.);
#87690=EDGE_LOOP('',(#87680,#87670,#87660,#87650,#87640));
#87700=FACE_OUTER_BOUND('',#87690,.T.);
#87710=ADVANCED_FACE('',(#87700),#74950,.T.);
#87720=COLOUR_RGB('',9.4901967048645020E-01,9.4901967048645020E-01,
   1.0000000000000000E+00);
#87730=FILL_AREA_STYLE_COLOUR('',#87720);
#87740=FILL_AREA_STYLE('',(#87730));
#87750=SURFACE_STYLE_FILL_AREA(#87740);
#87760=SURFACE_SIDE_STYLE('',(#87750));
#87770=SURFACE_STYLE_USAGE(.BOTH.,#87760);
#87780=PRESENTATION_STYLE_ASSIGNMENT((#87770));
#87790=ORIENTED_EDGE('',*,*,#56170,.T.);
#87800=ORIENTED_EDGE('',*,*,#78740,.F.);
#87810=ORIENTED_EDGE('',*,*,#66970,.F.);
#87820=ORIENTED_EDGE('',*,*,#78970,.F.);
#87830=EDGE_LOOP('',(#87820,#87810,#87800,#87790));
#87840=FACE_OUTER_BOUND('',#87830,.T.);
#87850=ADVANCED_FACE('',(#87840),#78910,.F.);
#87860=COLOUR_RGB('',5.0196081399917603E-01,1.0000000000000000E+00,
   5.0196081399917603E-01);
#87870=FILL_AREA_STYLE_COLOUR('',#87860);
#87880=FILL_AREA_STYLE('',(#87870));
#87890=SURFACE_STYLE_FILL_AREA(#87880);
#87900=SURFACE_SIDE_STYLE('',(#87890));
#87910=SURFACE_STYLE_USAGE(.BOTH.,#87900);
#87920=PRESENTATION_STYLE_ASSIGNMENT((#87910));
#87930=ORIENTED_EDGE('',*,*,#57210,.T.);
#87940=ORIENTED_EDGE('',*,*,#77130,.F.);
#87950=ORIENTED_EDGE('',*,*,#71020,.F.);
#87960=ORIENTED_EDGE('',*,*,#76370,.F.);
#87970=EDGE_LOOP('',(#87960,#87950,#87940,#87930));
#87980=FACE_OUTER_BOUND('',#87970,.T.);
#87990=ADVANCED_FACE('',(#87980),#76310,.F.);
#88000=COLOUR_RGB('',5.0196081399917603E-01,1.0000000000000000E+00,
   5.0196081399917603E-01);
#88010=FILL_AREA_STYLE_COLOUR('',#88000);
#88020=FILL_AREA_STYLE('',(#88010));
#88030=SURFACE_STYLE_FILL_AREA(#88020);
#88040=SURFACE_SIDE_STYLE('',(#88030));
#88050=SURFACE_STYLE_USAGE(.BOTH.,#88040);
#88060=PRESENTATION_STYLE_ASSIGNMENT((#88050));
#88070=ORIENTED_EDGE('',*,*,#50700,.F.);
#88080=ORIENTED_EDGE('',*,*,#48340,.F.);
#88090=ORIENTED_EDGE('',*,*,#50850,.T.);
#88100=ORIENTED_EDGE('',*,*,#73430,.T.);
#88110=EDGE_LOOP('',(#88100,#88090,#88080,#88070));
#88120=FACE_OUTER_BOUND('',#88110,.T.);
#88130=ADVANCED_FACE('',(#88120),#50630,.T.);
#88140=COLOUR_RGB('',9.4901961088180542E-01,9.4901961088180542E-01,
   1.0000000000000000E+00);
#88150=FILL_AREA_STYLE_COLOUR('',#88140);
#88160=FILL_AREA_STYLE('',(#88150));
#88170=SURFACE_STYLE_FILL_AREA(#88160);
#88180=SURFACE_SIDE_STYLE('',(#88170));
#88190=SURFACE_STYLE_USAGE(.BOTH.,#88180);
#88200=PRESENTATION_STYLE_ASSIGNMENT((#88190));
#88210=ORIENTED_EDGE('',*,*,#2620,.T.);
#88220=ORIENTED_EDGE('',*,*,#34980,.F.);
#88230=ORIENTED_EDGE('',*,*,#61580,.T.);
#88240=EDGE_LOOP('',(#88230,#88220,#88210));
#88250=FACE_OUTER_BOUND('',#88240,.T.);
#88260=ADVANCED_FACE('',(#88250),#61510,.T.);
#88270=COLOUR_RGB('',5.0196081399917603E-01,1.0000000000000000E+00,
   5.0196081399917603E-01);
#88280=FILL_AREA_STYLE_COLOUR('',#88270);
#88290=FILL_AREA_STYLE('',(#88280));
#88300=SURFACE_STYLE_FILL_AREA(#88290);
#88310=SURFACE_SIDE_STYLE('',(#88300));
#88320=SURFACE_STYLE_USAGE(.BOTH.,#88310);
#88330=PRESENTATION_STYLE_ASSIGNMENT((#88320));
#88340=CLOSED_SHELL('',(#400,#780,#1250,#1720,#2120,#3410,#3880,#4350,
   #4640,#5020,#5330,#5820,#6200,#6580,#6890,#7200,#7580,#7900,#8070,
   #8240,#8860,#9030,#9340,#9520,#9760,#10140,#10310,#12620,#13010,
   #13390,#13710,#13950,#14260,#14580,#14890,#15140,#17570,#17960,#18280
   ,#18670,#18980,#19300,#19610,#19930,#20310,#20630,#20870,#21110,
   #21490,#21810,#22120,#22440,#22750,#23070,#23380,#23700,#24010,#24330
   ,#24650,#24970,#25210,#25600,#25730,#25970,#26330,#26470,#26610,
   #26750,#26890,#27030,#27160,#27740,#28410,#28880,#29260,#29660,#30200
   ,#30830,#31220,#31600,#32390,#32850,#33090,#33400,#33660,#33850,
   #34160,#34640,#34900,#35040,#35190,#35790,#36420,#36800,#37270,#37740
   ,#38280,#38600,#38970,#39440,#39990,#40460,#41280,#41880,#42200,
   #42600,#43200,#43470,#43960,#44430,#44740,#45110,#45490,#45820,#46130
   ,#46600,#46990,#47310,#47780,#48380,#48830,#49210,#49520,#49760,
   #49940,#50260,#50510,#50960,#51190,#51500,#51870,#52290,#52680,#52970
   ,#53150,#53420,#53600,#53780,#54170,#54480,#54790,#55710,#55950,
   #58370,#58750,#59060,#59300,#59480,#59810,#60490,#60870,#61180,#61390
   ,#61630,#62020,#62550,#62730,#63060,#63300,#63620,#63950,#64190,
   #64480,#64740,#64940,#65130,#65600,#66140,#66470,#67080,#67320,#67610
   ,#67810,#68350,#68680,#68990,#69840,#70220,#70600,#71370,#71750,
   #72060,#72390,#72830,#73520,#74090,#74300,#74580,#74830,#75160,#75420
   ,#75670,#75980,#76190,#76480,#76880,#77170,#77430,#77630,#77880,
   #78070,#78320,#78460,#78790,#79030,#79220,#79510,#79750,#79990,#80230
   ,#80470,#80710,#80900,#81090,#81390,#81630,#81790,#82180,#82370,
   #82870,#83130,#83620,#83990,#84310,#84640,#84830,#85070,#85360,#85570
   ,#85770,#85970,#86110,#86250,#86390,#86530,#86670,#86810,#86970,
   #87110,#87250,#87400,#87560,#87710,#87850,#87990,#88130,#88260));
#88350=MANIFOLD_SOLID_BREP('',#88340);
#88360=CARTESIAN_POINT('',(0.0000000000000000E+00,0.0000000000000000E+00
   ,0.0000000000000000E+00));
#88370=DIRECTION('',(0.0000000000000000E+00,0.0000000000000000E+00,
   1.0000000000000000E+00));
#88380=DIRECTION('',(1.0000000000000000E+00,0.0000000000000000E+00,
   0.0000000000000000E+00));
#88390=AXIS2_PLACEMENT_3D('',#88360,#88370,#88380);
#88400=APPLICATION_CONTEXT(' ');
#88410=APPLICATION_PROTOCOL_DEFINITION(' ','automotive_design',1998,
   #88400);
#88420=MECHANICAL_CONTEXT('',#88400,'mechanical');
#88430=PRODUCT_DEFINITION_CONTEXT('',#88400,'design');
#88440=PRODUCT('pc_6-2-g-10.16','pc_6-2-g-10.16','',(#88420));
#88450=PRODUCT_TYPE('part',' ',(#88440));
#88460=PRODUCT_DEFINITION_FORMATION_WITH_SPECIFIED_SOURCE('','',#88440,
   .BOUGHT.);
#88470=PRODUCT_DEFINITION('',' ',#88460,#88430);
#88480=PRODUCT_DEFINITION_SHAPE('','',#88470);
#88490=DIMENSIONAL_EXPONENTS(1.0000000000000000E+00,
   0.0000000000000000E+00,0.0000000000000000E+00,0.0000000000000000E+00,
   0.0000000000000000E+00,0.0000000000000000E+00,0.0000000000000000E+00)
   ;
#88500=DIMENSIONAL_EXPONENTS(0.0000000000000000E+00,
   0.0000000000000000E+00,0.0000000000000000E+00,0.0000000000000000E+00,
   0.0000000000000000E+00,0.0000000000000000E+00,0.0000000000000000E+00)
   ;
#88510=DIMENSIONAL_EXPONENTS(0.0000000000000000E+00,
   0.0000000000000000E+00,0.0000000000000000E+00,0.0000000000000000E+00,
   0.0000000000000000E+00,0.0000000000000000E+00,0.0000000000000000E+00)
   ;
#88520=(LENGTH_UNIT() NAMED_UNIT(*) SI_UNIT(.MILLI.,.METRE.));
#88530=(NAMED_UNIT(*) PLANE_ANGLE_UNIT() SI_UNIT($,.RADIAN.));
#88540=(NAMED_UNIT(*) SI_UNIT($,.STERADIAN.) SOLID_ANGLE_UNIT());
#88550=(GEOMETRIC_REPRESENTATION_CONTEXT(3) 
   GLOBAL_UNCERTAINTY_ASSIGNED_CONTEXT((#88560)) 
   GLOBAL_UNIT_ASSIGNED_CONTEXT((#88520,#88530,#88540)) 
   REPRESENTATION_CONTEXT('',''));
#88560=UNCERTAINTY_MEASURE_WITH_UNIT(LENGTH_MEASURE(
   9.9999999999999995E-07),#88520,'distance_accuracy_value',
   'maximum gap value');
#88570=ADVANCED_BREP_SHAPE_REPRESENTATION('',(#88390,#88350),#88550);
#88580=SHAPE_DEFINITION_REPRESENTATION(#88480,#88570);
#88590=COLOUR_RGB('',0.0000000000000000E+00,3.0196079611778259E-01,
   0.0000000000000000E+00);
#88600=FILL_AREA_STYLE_COLOUR('',#88590);
#88610=FILL_AREA_STYLE('',(#88600));
#88620=SURFACE_STYLE_FILL_AREA(#88610);
#88630=SURFACE_SIDE_STYLE('',(#88620));
#88640=SURFACE_STYLE_USAGE(.BOTH.,#88630);
#88650=PRESENTATION_STYLE_ASSIGNMENT((#88640));
#88660=STYLED_ITEM('',(#88650),#88350);
#88670=OVER_RIDING_STYLED_ITEM('',(#470),#400,#88660);
#88680=OVER_RIDING_STYLED_ITEM('',(#850),#780,#88660);
#88690=OVER_RIDING_STYLED_ITEM('',(#1320),#1250,#88660);
#88700=OVER_RIDING_STYLED_ITEM('',(#1790),#1720,#88660);
#88710=OVER_RIDING_STYLED_ITEM('',(#2190),#2120,#88660);
#88720=OVER_RIDING_STYLED_ITEM('',(#3480),#3410,#88660);
#88730=OVER_RIDING_STYLED_ITEM('',(#3950),#3880,#88660);
#88740=OVER_RIDING_STYLED_ITEM('',(#4420),#4350,#88660);
#88750=OVER_RIDING_STYLED_ITEM('',(#4710),#4640,#88660);
#88760=OVER_RIDING_STYLED_ITEM('',(#5090),#5020,#88660);
#88770=OVER_RIDING_STYLED_ITEM('',(#5400),#5330,#88660);
#88780=OVER_RIDING_STYLED_ITEM('',(#5890),#5820,#88660);
#88790=OVER_RIDING_STYLED_ITEM('',(#6270),#6200,#88660);
#88800=OVER_RIDING_STYLED_ITEM('',(#6650),#6580,#88660);
#88810=OVER_RIDING_STYLED_ITEM('',(#6960),#6890,#88660);
#88820=OVER_RIDING_STYLED_ITEM('',(#7270),#7200,#88660);
#88830=OVER_RIDING_STYLED_ITEM('',(#7650),#7580,#88660);
#88840=OVER_RIDING_STYLED_ITEM('',(#7970),#7900,#88660);
#88850=OVER_RIDING_STYLED_ITEM('',(#8140),#8070,#88660);
#88860=OVER_RIDING_STYLED_ITEM('',(#8310),#8240,#88660);
#88870=OVER_RIDING_STYLED_ITEM('',(#8930),#8860,#88660);
#88880=OVER_RIDING_STYLED_ITEM('',(#9100),#9030,#88660);
#88890=OVER_RIDING_STYLED_ITEM('',(#9410),#9340,#88660);
#88900=OVER_RIDING_STYLED_ITEM('',(#9590),#9520,#88660);
#88910=OVER_RIDING_STYLED_ITEM('',(#9830),#9760,#88660);
#88920=OVER_RIDING_STYLED_ITEM('',(#10210),#10140,#88660);
#88930=OVER_RIDING_STYLED_ITEM('',(#10380),#10310,#88660);
#88940=OVER_RIDING_STYLED_ITEM('',(#12690),#12620,#88660);
#88950=OVER_RIDING_STYLED_ITEM('',(#13080),#13010,#88660);
#88960=OVER_RIDING_STYLED_ITEM('',(#13460),#13390,#88660);
#88970=OVER_RIDING_STYLED_ITEM('',(#13780),#13710,#88660);
#88980=OVER_RIDING_STYLED_ITEM('',(#14020),#13950,#88660);
#88990=OVER_RIDING_STYLED_ITEM('',(#14330),#14260,#88660);
#89000=OVER_RIDING_STYLED_ITEM('',(#14650),#14580,#88660);
#89010=OVER_RIDING_STYLED_ITEM('',(#14960),#14890,#88660);
#89020=OVER_RIDING_STYLED_ITEM('',(#15210),#15140,#88660);
#89030=OVER_RIDING_STYLED_ITEM('',(#17640),#17570,#88660);
#89040=OVER_RIDING_STYLED_ITEM('',(#18030),#17960,#88660);
#89050=OVER_RIDING_STYLED_ITEM('',(#18350),#18280,#88660);
#89060=OVER_RIDING_STYLED_ITEM('',(#18740),#18670,#88660);
#89070=OVER_RIDING_STYLED_ITEM('',(#19050),#18980,#88660);
#89080=OVER_RIDING_STYLED_ITEM('',(#19370),#19300,#88660);
#89090=OVER_RIDING_STYLED_ITEM('',(#19680),#19610,#88660);
#89100=OVER_RIDING_STYLED_ITEM('',(#20000),#19930,#88660);
#89110=OVER_RIDING_STYLED_ITEM('',(#20380),#20310,#88660);
#89120=OVER_RIDING_STYLED_ITEM('',(#20700),#20630,#88660);
#89130=OVER_RIDING_STYLED_ITEM('',(#20940),#20870,#88660);
#89140=OVER_RIDING_STYLED_ITEM('',(#21180),#21110,#88660);
#89150=OVER_RIDING_STYLED_ITEM('',(#21560),#21490,#88660);
#89160=OVER_RIDING_STYLED_ITEM('',(#21880),#21810,#88660);
#89170=OVER_RIDING_STYLED_ITEM('',(#22190),#22120,#88660);
#89180=OVER_RIDING_STYLED_ITEM('',(#22510),#22440,#88660);
#89190=OVER_RIDING_STYLED_ITEM('',(#22820),#22750,#88660);
#89200=OVER_RIDING_STYLED_ITEM('',(#23140),#23070,#88660);
#89210=OVER_RIDING_STYLED_ITEM('',(#23450),#23380,#88660);
#89220=OVER_RIDING_STYLED_ITEM('',(#23770),#23700,#88660);
#89230=OVER_RIDING_STYLED_ITEM('',(#24080),#24010,#88660);
#89240=OVER_RIDING_STYLED_ITEM('',(#24400),#24330,#88660);
#89250=OVER_RIDING_STYLED_ITEM('',(#24720),#24650,#88660);
#89260=OVER_RIDING_STYLED_ITEM('',(#25040),#24970,#88660);
#89270=OVER_RIDING_STYLED_ITEM('',(#25280),#25210,#88660);
#89280=OVER_RIDING_STYLED_ITEM('',(#25670),#25600,#88660);
#89290=OVER_RIDING_STYLED_ITEM('',(#25800),#25730,#88660);
#89300=OVER_RIDING_STYLED_ITEM('',(#26040),#25970,#88660);
#89310=OVER_RIDING_STYLED_ITEM('',(#26400),#26330,#88660);
#89320=OVER_RIDING_STYLED_ITEM('',(#26540),#26470,#88660);
#89330=OVER_RIDING_STYLED_ITEM('',(#26680),#26610,#88660);
#89340=OVER_RIDING_STYLED_ITEM('',(#26820),#26750,#88660);
#89350=OVER_RIDING_STYLED_ITEM('',(#26960),#26890,#88660);
#89360=OVER_RIDING_STYLED_ITEM('',(#27100),#27030,#88660);
#89370=OVER_RIDING_STYLED_ITEM('',(#27230),#27160,#88660);
#89380=OVER_RIDING_STYLED_ITEM('',(#27810),#27740,#88660);
#89390=OVER_RIDING_STYLED_ITEM('',(#28480),#28410,#88660);
#89400=OVER_RIDING_STYLED_ITEM('',(#28950),#28880,#88660);
#89410=OVER_RIDING_STYLED_ITEM('',(#29330),#29260,#88660);
#89420=OVER_RIDING_STYLED_ITEM('',(#29730),#29660,#88660);
#89430=OVER_RIDING_STYLED_ITEM('',(#30270),#30200,#88660);
#89440=OVER_RIDING_STYLED_ITEM('',(#30900),#30830,#88660);
#89450=OVER_RIDING_STYLED_ITEM('',(#31290),#31220,#88660);
#89460=OVER_RIDING_STYLED_ITEM('',(#31670),#31600,#88660);
#89470=OVER_RIDING_STYLED_ITEM('',(#32460),#32390,#88660);
#89480=OVER_RIDING_STYLED_ITEM('',(#32920),#32850,#88660);
#89490=OVER_RIDING_STYLED_ITEM('',(#33160),#33090,#88660);
#89500=OVER_RIDING_STYLED_ITEM('',(#33470),#33400,#88660);
#89510=OVER_RIDING_STYLED_ITEM('',(#33730),#33660,#88660);
#89520=OVER_RIDING_STYLED_ITEM('',(#33920),#33850,#88660);
#89530=OVER_RIDING_STYLED_ITEM('',(#34230),#34160,#88660);
#89540=OVER_RIDING_STYLED_ITEM('',(#34710),#34640,#88660);
#89550=OVER_RIDING_STYLED_ITEM('',(#34970),#34900,#88660);
#89560=OVER_RIDING_STYLED_ITEM('',(#35110),#35040,#88660);
#89570=OVER_RIDING_STYLED_ITEM('',(#35260),#35190,#88660);
#89580=OVER_RIDING_STYLED_ITEM('',(#35860),#35790,#88660);
#89590=OVER_RIDING_STYLED_ITEM('',(#36490),#36420,#88660);
#89600=OVER_RIDING_STYLED_ITEM('',(#36870),#36800,#88660);
#89610=OVER_RIDING_STYLED_ITEM('',(#37340),#37270,#88660);
#89620=OVER_RIDING_STYLED_ITEM('',(#37810),#37740,#88660);
#89630=OVER_RIDING_STYLED_ITEM('',(#38350),#38280,#88660);
#89640=OVER_RIDING_STYLED_ITEM('',(#38670),#38600,#88660);
#89650=OVER_RIDING_STYLED_ITEM('',(#39040),#38970,#88660);
#89660=OVER_RIDING_STYLED_ITEM('',(#39510),#39440,#88660);
#89670=OVER_RIDING_STYLED_ITEM('',(#40060),#39990,#88660);
#89680=OVER_RIDING_STYLED_ITEM('',(#40530),#40460,#88660);
#89690=OVER_RIDING_STYLED_ITEM('',(#41350),#41280,#88660);
#89700=OVER_RIDING_STYLED_ITEM('',(#41950),#41880,#88660);
#89710=OVER_RIDING_STYLED_ITEM('',(#42270),#42200,#88660);
#89720=OVER_RIDING_STYLED_ITEM('',(#42670),#42600,#88660);
#89730=OVER_RIDING_STYLED_ITEM('',(#43270),#43200,#88660);
#89740=OVER_RIDING_STYLED_ITEM('',(#43540),#43470,#88660);
#89750=OVER_RIDING_STYLED_ITEM('',(#44030),#43960,#88660);
#89760=OVER_RIDING_STYLED_ITEM('',(#44500),#44430,#88660);
#89770=OVER_RIDING_STYLED_ITEM('',(#44810),#44740,#88660);
#89780=OVER_RIDING_STYLED_ITEM('',(#45180),#45110,#88660);
#89790=OVER_RIDING_STYLED_ITEM('',(#45560),#45490,#88660);
#89800=OVER_RIDING_STYLED_ITEM('',(#45890),#45820,#88660);
#89810=OVER_RIDING_STYLED_ITEM('',(#46200),#46130,#88660);
#89820=OVER_RIDING_STYLED_ITEM('',(#46670),#46600,#88660);
#89830=OVER_RIDING_STYLED_ITEM('',(#47060),#46990,#88660);
#89840=OVER_RIDING_STYLED_ITEM('',(#47380),#47310,#88660);
#89850=OVER_RIDING_STYLED_ITEM('',(#47850),#47780,#88660);
#89860=OVER_RIDING_STYLED_ITEM('',(#48450),#48380,#88660);
#89870=OVER_RIDING_STYLED_ITEM('',(#48900),#48830,#88660);
#89880=OVER_RIDING_STYLED_ITEM('',(#49280),#49210,#88660);
#89890=OVER_RIDING_STYLED_ITEM('',(#49590),#49520,#88660);
#89900=OVER_RIDING_STYLED_ITEM('',(#49830),#49760,#88660);
#89910=OVER_RIDING_STYLED_ITEM('',(#50010),#49940,#88660);
#89920=OVER_RIDING_STYLED_ITEM('',(#50330),#50260,#88660);
#89930=OVER_RIDING_STYLED_ITEM('',(#50580),#50510,#88660);
#89940=OVER_RIDING_STYLED_ITEM('',(#51030),#50960,#88660);
#89950=OVER_RIDING_STYLED_ITEM('',(#51260),#51190,#88660);
#89960=OVER_RIDING_STYLED_ITEM('',(#51570),#51500,#88660);
#89970=OVER_RIDING_STYLED_ITEM('',(#51940),#51870,#88660);
#89980=OVER_RIDING_STYLED_ITEM('',(#52360),#52290,#88660);
#89990=OVER_RIDING_STYLED_ITEM('',(#52750),#52680,#88660);
#90000=OVER_RIDING_STYLED_ITEM('',(#53040),#52970,#88660);
#90010=OVER_RIDING_STYLED_ITEM('',(#53220),#53150,#88660);
#90020=OVER_RIDING_STYLED_ITEM('',(#53490),#53420,#88660);
#90030=OVER_RIDING_STYLED_ITEM('',(#53670),#53600,#88660);
#90040=OVER_RIDING_STYLED_ITEM('',(#53850),#53780,#88660);
#90050=OVER_RIDING_STYLED_ITEM('',(#54240),#54170,#88660);
#90060=OVER_RIDING_STYLED_ITEM('',(#54550),#54480,#88660);
#90070=OVER_RIDING_STYLED_ITEM('',(#54860),#54790,#88660);
#90080=OVER_RIDING_STYLED_ITEM('',(#55780),#55710,#88660);
#90090=OVER_RIDING_STYLED_ITEM('',(#56020),#55950,#88660);
#90100=OVER_RIDING_STYLED_ITEM('',(#58440),#58370,#88660);
#90110=OVER_RIDING_STYLED_ITEM('',(#58820),#58750,#88660);
#90120=OVER_RIDING_STYLED_ITEM('',(#59130),#59060,#88660);
#90130=OVER_RIDING_STYLED_ITEM('',(#59370),#59300,#88660);
#90140=OVER_RIDING_STYLED_ITEM('',(#59550),#59480,#88660);
#90150=OVER_RIDING_STYLED_ITEM('',(#59880),#59810,#88660);
#90160=OVER_RIDING_STYLED_ITEM('',(#60560),#60490,#88660);
#90170=OVER_RIDING_STYLED_ITEM('',(#60940),#60870,#88660);
#90180=OVER_RIDING_STYLED_ITEM('',(#61250),#61180,#88660);
#90190=OVER_RIDING_STYLED_ITEM('',(#61460),#61390,#88660);
#90200=OVER_RIDING_STYLED_ITEM('',(#61700),#61630,#88660);
#90210=OVER_RIDING_STYLED_ITEM('',(#62090),#62020,#88660);
#90220=OVER_RIDING_STYLED_ITEM('',(#62620),#62550,#88660);
#90230=OVER_RIDING_STYLED_ITEM('',(#62800),#62730,#88660);
#90240=OVER_RIDING_STYLED_ITEM('',(#63130),#63060,#88660);
#90250=OVER_RIDING_STYLED_ITEM('',(#63370),#63300,#88660);
#90260=OVER_RIDING_STYLED_ITEM('',(#63690),#63620,#88660);
#90270=OVER_RIDING_STYLED_ITEM('',(#64020),#63950,#88660);
#90280=OVER_RIDING_STYLED_ITEM('',(#64260),#64190,#88660);
#90290=OVER_RIDING_STYLED_ITEM('',(#64550),#64480,#88660);
#90300=OVER_RIDING_STYLED_ITEM('',(#64810),#64740,#88660);
#90310=OVER_RIDING_STYLED_ITEM('',(#65010),#64940,#88660);
#90320=OVER_RIDING_STYLED_ITEM('',(#65200),#65130,#88660);
#90330=OVER_RIDING_STYLED_ITEM('',(#65670),#65600,#88660);
#90340=OVER_RIDING_STYLED_ITEM('',(#66210),#66140,#88660);
#90350=OVER_RIDING_STYLED_ITEM('',(#66540),#66470,#88660);
#90360=OVER_RIDING_STYLED_ITEM('',(#67150),#67080,#88660);
#90370=OVER_RIDING_STYLED_ITEM('',(#67390),#67320,#88660);
#90380=OVER_RIDING_STYLED_ITEM('',(#67680),#67610,#88660);
#90390=OVER_RIDING_STYLED_ITEM('',(#67880),#67810,#88660);
#90400=OVER_RIDING_STYLED_ITEM('',(#68420),#68350,#88660);
#90410=OVER_RIDING_STYLED_ITEM('',(#68750),#68680,#88660);
#90420=OVER_RIDING_STYLED_ITEM('',(#69060),#68990,#88660);
#90430=OVER_RIDING_STYLED_ITEM('',(#69910),#69840,#88660);
#90440=OVER_RIDING_STYLED_ITEM('',(#70290),#70220,#88660);
#90450=OVER_RIDING_STYLED_ITEM('',(#70670),#70600,#88660);
#90460=OVER_RIDING_STYLED_ITEM('',(#71440),#71370,#88660);
#90470=OVER_RIDING_STYLED_ITEM('',(#71820),#71750,#88660);
#90480=OVER_RIDING_STYLED_ITEM('',(#72130),#72060,#88660);
#90490=OVER_RIDING_STYLED_ITEM('',(#72460),#72390,#88660);
#90500=OVER_RIDING_STYLED_ITEM('',(#72900),#72830,#88660);
#90510=OVER_RIDING_STYLED_ITEM('',(#73590),#73520,#88660);
#90520=OVER_RIDING_STYLED_ITEM('',(#74160),#74090,#88660);
#90530=OVER_RIDING_STYLED_ITEM('',(#74370),#74300,#88660);
#90540=OVER_RIDING_STYLED_ITEM('',(#74650),#74580,#88660);
#90550=OVER_RIDING_STYLED_ITEM('',(#74900),#74830,#88660);
#90560=OVER_RIDING_STYLED_ITEM('',(#75230),#75160,#88660);
#90570=OVER_RIDING_STYLED_ITEM('',(#75490),#75420,#88660);
#90580=OVER_RIDING_STYLED_ITEM('',(#75740),#75670,#88660);
#90590=OVER_RIDING_STYLED_ITEM('',(#76050),#75980,#88660);
#90600=OVER_RIDING_STYLED_ITEM('',(#76260),#76190,#88660);
#90610=OVER_RIDING_STYLED_ITEM('',(#76550),#76480,#88660);
#90620=OVER_RIDING_STYLED_ITEM('',(#76950),#76880,#88660);
#90630=OVER_RIDING_STYLED_ITEM('',(#77240),#77170,#88660);
#90640=OVER_RIDING_STYLED_ITEM('',(#77500),#77430,#88660);
#90650=OVER_RIDING_STYLED_ITEM('',(#77700),#77630,#88660);
#90660=OVER_RIDING_STYLED_ITEM('',(#77950),#77880,#88660);
#90670=OVER_RIDING_STYLED_ITEM('',(#78140),#78070,#88660);
#90680=OVER_RIDING_STYLED_ITEM('',(#78390),#78320,#88660);
#90690=OVER_RIDING_STYLED_ITEM('',(#78530),#78460,#88660);
#90700=OVER_RIDING_STYLED_ITEM('',(#78860),#78790,#88660);
#90710=OVER_RIDING_STYLED_ITEM('',(#79100),#79030,#88660);
#90720=OVER_RIDING_STYLED_ITEM('',(#79290),#79220,#88660);
#90730=OVER_RIDING_STYLED_ITEM('',(#79580),#79510,#88660);
#90740=OVER_RIDING_STYLED_ITEM('',(#79820),#79750,#88660);
#90750=OVER_RIDING_STYLED_ITEM('',(#80060),#79990,#88660);
#90760=OVER_RIDING_STYLED_ITEM('',(#80300),#80230,#88660);
#90770=OVER_RIDING_STYLED_ITEM('',(#80540),#80470,#88660);
#90780=OVER_RIDING_STYLED_ITEM('',(#80780),#80710,#88660);
#90790=OVER_RIDING_STYLED_ITEM('',(#80970),#80900,#88660);
#90800=OVER_RIDING_STYLED_ITEM('',(#81160),#81090,#88660);
#90810=OVER_RIDING_STYLED_ITEM('',(#81460),#81390,#88660);
#90820=OVER_RIDING_STYLED_ITEM('',(#81700),#81630,#88660);
#90830=OVER_RIDING_STYLED_ITEM('',(#81860),#81790,#88660);
#90840=OVER_RIDING_STYLED_ITEM('',(#82250),#82180,#88660);
#90850=OVER_RIDING_STYLED_ITEM('',(#82440),#82370,#88660);
#90860=OVER_RIDING_STYLED_ITEM('',(#82940),#82870,#88660);
#90870=OVER_RIDING_STYLED_ITEM('',(#83200),#83130,#88660);
#90880=OVER_RIDING_STYLED_ITEM('',(#83690),#83620,#88660);
#90890=OVER_RIDING_STYLED_ITEM('',(#84060),#83990,#88660);
#90900=OVER_RIDING_STYLED_ITEM('',(#84380),#84310,#88660);
#90910=OVER_RIDING_STYLED_ITEM('',(#84710),#84640,#88660);
#90920=OVER_RIDING_STYLED_ITEM('',(#84900),#84830,#88660);
#90930=OVER_RIDING_STYLED_ITEM('',(#85140),#85070,#88660);
#90940=OVER_RIDING_STYLED_ITEM('',(#85430),#85360,#88660);
#90950=OVER_RIDING_STYLED_ITEM('',(#85640),#85570,#88660);
#90960=OVER_RIDING_STYLED_ITEM('',(#85840),#85770,#88660);
#90970=OVER_RIDING_STYLED_ITEM('',(#86040),#85970,#88660);
#90980=OVER_RIDING_STYLED_ITEM('',(#86180),#86110,#88660);
#90990=OVER_RIDING_STYLED_ITEM('',(#86320),#86250,#88660);
#91000=OVER_RIDING_STYLED_ITEM('',(#86460),#86390,#88660);
#91010=OVER_RIDING_STYLED_ITEM('',(#86600),#86530,#88660);
#91020=OVER_RIDING_STYLED_ITEM('',(#86740),#86670,#88660);
#91030=OVER_RIDING_STYLED_ITEM('',(#86880),#86810,#88660);
#91040=OVER_RIDING_STYLED_ITEM('',(#87040),#86970,#88660);
#91050=OVER_RIDING_STYLED_ITEM('',(#87180),#87110,#88660);
#91060=OVER_RIDING_STYLED_ITEM('',(#87320),#87250,#88660);
#91070=OVER_RIDING_STYLED_ITEM('',(#87470),#87400,#88660);
#91080=OVER_RIDING_STYLED_ITEM('',(#87630),#87560,#88660);
#91090=OVER_RIDING_STYLED_ITEM('',(#87780),#87710,#88660);
#91100=OVER_RIDING_STYLED_ITEM('',(#87920),#87850,#88660);
#91110=OVER_RIDING_STYLED_ITEM('',(#88060),#87990,#88660);
#91120=OVER_RIDING_STYLED_ITEM('',(#88200),#88130,#88660);
#91130=OVER_RIDING_STYLED_ITEM('',(#88330),#88260,#88660);
#91140=MECHANICAL_DESIGN_GEOMETRIC_PRESENTATION_REPRESENTATION('',(
   #88660,#88670,#88680,#88690,#88700,#88710,#88720,#88730,#88740,#88750
   ,#88760,#88770,#88780,#88790,#88800,#88810,#88820,#88830,#88840,
   #88850,#88860,#88870,#88880,#88890,#88900,#88910,#88920,#88930,#88940
   ,#88950,#88960,#88970,#88980,#88990,#89000,#89010,#89020,#89030,
   #89040,#89050,#89060,#89070,#89080,#89090,#89100,#89110,#89120,#89130
   ,#89140,#89150,#89160,#89170,#89180,#89190,#89200,#89210,#89220,
   #89230,#89240,#89250,#89260,#89270,#89280,#89290,#89300,#89310,#89320
   ,#89330,#89340,#89350,#89360,#89370,#89380,#89390,#89400,#89410,
   #89420,#89430,#89440,#89450,#89460,#89470,#89480,#89490,#89500,#89510
   ,#89520,#89530,#89540,#89550,#89560,#89570,#89580,#89590,#89600,
   #89610,#89620,#89630,#89640,#89650,#89660,#89670,#89680,#89690,#89700
   ,#89710,#89720,#89730,#89740,#89750,#89760,#89770,#89780,#89790,
   #89800,#89810,#89820,#89830,#89840,#89850,#89860,#89870,#89880,#89890
   ,#89900,#89910,#89920,#89930,#89940,#89950,#89960,#89970,#89980,
   #89990,#90000,#90010,#90020,#90030,#90040,#90050,#90060,#90070,#90080
   ,#90090,#90100,#90110,#90120,#90130,#90140,#90150,#90160,#90170,
   #90180,#90190,#90200,#90210,#90220,#90230,#90240,#90250,#90260,#90270
   ,#90280,#90290,#90300,#90310,#90320,#90330,#90340,#90350,#90360,
   #90370,#90380,#90390,#90400,#90410,#90420,#90430,#90440,#90450,#90460
   ,#90470,#90480,#90490,#90500,#90510,#90520,#90530,#90540,#90550,
   #90560,#90570,#90580,#90590,#90600,#90610,#90620,#90630,#90640,#90650
   ,#90660,#90670,#90680,#90690,#90700,#90710,#90720,#90730,#90740,
   #90750,#90760,#90770,#90780,#90790,#90800,#90810,#90820,#90830,#90840
   ,#90850,#90860,#90870,#90880,#90890,#90900,#90910,#90920,#90930,
   #90940,#90950,#90960,#90970,#90980,#90990,#91000,#91010,#91020,#91030
   ,#91040,#91050,#91060,#91070,#91080,#91090,#91100,#91110,#91120,
   #91130),#88550);
#91150=CARTESIAN_POINT('',(-9.8281360593760414E-02,
   -1.7425545000000032E+01,2.3509870000000168E+00));
#91160=DIRECTION('',(0.0000000000000000E+00,1.0000000000000000E+00,
   6.1230317691118863E-17));
#91170=DIRECTION('',(1.0000000000000000E+00,0.0000000000000000E+00,
   0.0000000000000000E+00));
#91180=AXIS2_PLACEMENT_3D('',#91150,#91160,#91170);
#91190=ITEM_DEFINED_TRANSFORMATION('pc_6-2-g-10.16','',#91180,#88390);
#91200=APPLICATION_CONTEXT(' ');
#91210=APPLICATION_PROTOCOL_DEFINITION(' ','automotive_design',1998,
   #91200);
#91220=MECHANICAL_CONTEXT('',#91200,'mechanical');
#91230=PRODUCT_DEFINITION_CONTEXT('',#91200,'design');
#91240=PRODUCT('pc_6-2-g-10.16','pc_6-2-g-10.16','',(#91220));
#91250=PRODUCT_TYPE('part',' ',(#91240));
#91260=PRODUCT_DEFINITION_FORMATION_WITH_SPECIFIED_SOURCE('','',#91240,
   .BOUGHT.);
#91270=PRODUCT_DEFINITION('',' ',#91260,#91230);
#91280=PRODUCT_DEFINITION_SHAPE('','',#91270);
#91290=DIMENSIONAL_EXPONENTS(1.0000000000000000E+00,
   0.0000000000000000E+00,0.0000000000000000E+00,0.0000000000000000E+00,
   0.0000000000000000E+00,0.0000000000000000E+00,0.0000000000000000E+00)
   ;
#91300=DIMENSIONAL_EXPONENTS(0.0000000000000000E+00,
   0.0000000000000000E+00,0.0000000000000000E+00,0.0000000000000000E+00,
   0.0000000000000000E+00,0.0000000000000000E+00,0.0000000000000000E+00)
   ;
#91310=DIMENSIONAL_EXPONENTS(0.0000000000000000E+00,
   0.0000000000000000E+00,0.0000000000000000E+00,0.0000000000000000E+00,
   0.0000000000000000E+00,0.0000000000000000E+00,0.0000000000000000E+00)
   ;
#91320=(LENGTH_UNIT() NAMED_UNIT(*) SI_UNIT(.MILLI.,.METRE.));
#91330=(NAMED_UNIT(*) PLANE_ANGLE_UNIT() SI_UNIT($,.RADIAN.));
#91340=(NAMED_UNIT(*) SI_UNIT($,.STERADIAN.) SOLID_ANGLE_UNIT());
#91350=(GEOMETRIC_REPRESENTATION_CONTEXT(3) 
   GLOBAL_UNCERTAINTY_ASSIGNED_CONTEXT((#91360)) 
   GLOBAL_UNIT_ASSIGNED_CONTEXT((#91320,#91330,#91340)) 
   REPRESENTATION_CONTEXT('',''));
#91360=UNCERTAINTY_MEASURE_WITH_UNIT(LENGTH_MEASURE(
   9.9999999999999995E-07),#91320,'distance_accuracy_value',
   'maximum gap value');
#91370=SHAPE_REPRESENTATION('',(#88390,#91180),#91350);
#91380=SHAPE_DEFINITION_REPRESENTATION(#91280,#91370);
#91390=(REPRESENTATION_RELATIONSHIP('','',#91370,#88570) 
   REPRESENTATION_RELATIONSHIP_WITH_TRANSFORMATION(#91190) 
   SHAPE_REPRESENTATION_RELATIONSHIP());
#91400=NEXT_ASSEMBLY_USAGE_OCCURRENCE('1','','pc_6-2-g-10.16',#91270,
   #88470,'');
#91410=PRODUCT_DEFINITION_SHAPE('','',#91400);
#91420=CONTEXT_DEPENDENT_SHAPE_REPRESENTATION(#91390,#91410);
ENDSEC;
END-ISO-10303-21;
                
                  
               
                   
                    
     
                
