ISO-10303-21;
HEADER;
FILE_DESCRIPTION (( 'STEP AP214' ),
    '1' );
FILE_NAME ('IFC_NTSBT01W_L7.5W6.4H8.STEP',
    '2018-10-15T15:28:03',
    ( '' ),
    ( '' ),
    'SwSTEP 2.0',
    'SolidWorks 2014',
    '' );
FILE_SCHEMA (( 'AUTOMOTIVE_DESIGN' ));
ENDSEC;

DATA;
#1 = DIRECTION ( 'NONE',  ( -0.0000000000000000000, -1.000000000000000000, -0.0000000000000000000 ) ) ;
#2 = DIRECTION ( 'NONE',  ( 1.000000000000000000, 0.0000000000000000000, 0.0000000000000000000 ) ) ;
#3 = VECTOR ( 'NONE', #1601, 1000.000000000000000 ) ;
#4 = ORIENTED_EDGE ( 'NONE', *, *, #5487, .F. ) ;
#5 = COLOUR_RGB ( '',0.8980392156862745400, 0.9215686274509803400, 0.9294117647058823800 ) ;
#6 = STYLED_ITEM ( 'NONE', ( #2369 ), #5759 ) ;
#7 = VECTOR ( 'NONE', #3635, 1000.000000000000000 ) ;
#8 = CARTESIAN_POINT ( 'NONE',  ( 7.299999999999999800, 0.1999999999999996500, 0.0000000000000000000 ) ) ;
#9 = FILL_AREA_STYLE ('',( #3408 ) ) ;
#10 = DIRECTION ( 'NONE',  ( 0.0000000000000000000, 1.000000000000000000, 0.0000000000000000000 ) ) ;
#11 = STYLED_ITEM ( 'NONE', ( #3934 ), #2693 ) ;
#12 =( NAMED_UNIT ( * ) SI_UNIT ( $, .STERADIAN. ) SOLID_ANGLE_UNIT ( ) );
#13 = ORIENTED_EDGE ( 'NONE', *, *, #4773, .T. ) ;
#14 = DIRECTION ( 'NONE',  ( 0.0000000000000000000, 0.0000000000000000000, -1.000000000000000000 ) ) ;
#15 = TOROIDAL_SURFACE ( 'NONE', #3656, 2.103069206569890200, 0.2000000000000000100 ) ;
#16 = CARTESIAN_POINT ( 'NONE',  ( 1.241527841744380500, 8.005000000000000800, -2.876307305006477100 ) ) ;
#17 = AXIS2_PLACEMENT_3D ( 'NONE', #3789, #534, #3924 ) ;
#18 = VERTEX_POINT ( 'NONE', #6191 ) ;
#19 = CARTESIAN_POINT ( 'NONE',  ( 0.5885729675345048300, 8.000000000000000000, -2.791755508800442000 ) ) ;
#20 = AXIS2_PLACEMENT_3D ( 'NONE', #4652, #710, #280 ) ;
#21 = SURFACE_STYLE_FILL_AREA ( #5824 ) ;
#22 = FILL_AREA_STYLE_COLOUR ( '', #4699 ) ;
#23 = ORIENTED_EDGE ( 'NONE', *, *, #4068, .T. ) ;
#24 = CARTESIAN_POINT ( 'NONE',  ( 5.231876725664652600, 2.957995304213902900, -2.219774974057284300 ) ) ;
#25 = COLOUR_RGB ( '',0.1019607843137254900, 0.1019607843137254900, 0.1019607843137254900 ) ;
#26 = VERTEX_POINT ( 'NONE', #5238 ) ;
#27 = VERTEX_POINT ( 'NONE', #5179 ) ;
#28 = EDGE_CURVE ( 'NONE', #4294, #5384, #536, .T. ) ;
#29 = ADVANCED_FACE ( 'NONE', ( #3658 ), #5679, .F. ) ;
#30 = AXIS2_PLACEMENT_3D ( 'NONE', #578, #558, #5501 ) ;
#31 = DIRECTION ( 'NONE',  ( -0.0000000000000000000, 1.000000000000000000, -0.0000000000000000000 ) ) ;
#32 = LINE ( 'NONE', #3886, #2085 ) ;
#33 = LINE ( 'NONE', #6244, #2463 ) ;
#34 = EDGE_LOOP ( 'NONE', ( #3168, #6276, #254, #330 ) ) ;
#35 = DIRECTION ( 'NONE',  ( -0.0000000000000000000, -1.000000000000000000, -0.0000000000000000000 ) ) ;
#36 = ORIENTED_EDGE ( 'NONE', *, *, #3194, .F. ) ;
#37 = FILL_AREA_STYLE ('',( #535 ) ) ;
#38 = EDGE_CURVE ( 'NONE', #5725, #3732, #2960, .T. ) ;
#39 = FILL_AREA_STYLE ('',( #4442 ) ) ;
#40 = DIRECTION ( 'NONE',  ( -0.0000000000000000000, 1.000000000000000000, -0.0000000000000000000 ) ) ;
#41 = AXIS2_PLACEMENT_3D ( 'NONE', #1757, #2174, #5147 ) ;
#42 = DIRECTION ( 'NONE',  ( -0.0000000000000000000, -1.000000000000000000, -0.0000000000000000000 ) ) ;
#43 = CARTESIAN_POINT ( 'NONE',  ( 0.7385744906061866300, 8.005000000000000800, -2.380676006235239700 ) ) ;
#44 =( NAMED_UNIT ( * ) SI_UNIT ( $, .STERADIAN. ) SOLID_ANGLE_UNIT ( ) );
#45 = LINE ( 'NONE', #6002, #5289 ) ;
#46 = VERTEX_POINT ( 'NONE', #6168 ) ;
#47 = DIRECTION ( 'NONE',  ( 1.000000000000000000, 0.0000000000000000000, 0.0000000000000000000 ) ) ;
#48 = VECTOR ( 'NONE', #5409, 1000.000000000000000 ) ;
#49 = CARTESIAN_POINT ( 'NONE',  ( 0.4350673547405129500, 8.000000000000000000, -3.867680249561948400 ) ) ;
#50 = DIRECTION ( 'NONE',  ( 0.0000000000000000000, 0.0000000000000000000, -1.000000000000000000 ) ) ;
#51 =( NAMED_UNIT ( * ) SI_UNIT ( $, .STERADIAN. ) SOLID_ANGLE_UNIT ( ) );
#52 = SURFACE_STYLE_FILL_AREA ( #1655 ) ;
#53 = ORIENTED_EDGE ( 'NONE', *, *, #912, .F. ) ;
#54 = CARTESIAN_POINT ( 'NONE',  ( 2.932874672760973100, 4.054010373035234600, -6.400000000000000400 ) ) ;
#55 = UNCERTAINTY_MEASURE_WITH_UNIT (LENGTH_MEASURE( 1.000000000000000100E-005 ), #3382, 'distance_accuracy_value', 'NONE');
#56 = MECHANICAL_DESIGN_GEOMETRIC_PRESENTATION_REPRESENTATION (  '', ( #2336 ), #6163 ) ;
#57 = VECTOR ( 'NONE', #3370, 1000.000000000000000 ) ;
#58 = ORIENTED_EDGE ( 'NONE', *, *, #1171, .F. ) ;
#59 = PRESENTATION_LAYER_ASSIGNMENT (  '', '', ( #5828 ) ) ;
#60 = SURFACE_STYLE_USAGE ( .BOTH. , #2521 ) ;
#61 = ADVANCED_FACE ( 'NONE', ( #4671 ), #4975, .T. ) ;
#62 = DIRECTION ( 'NONE',  ( -0.2755520632520565600, 0.0000000000000000000, 0.9612861490927322400 ) ) ;
#63 = CYLINDRICAL_SURFACE ( 'NONE', #5425, 0.2000000000000000900 ) ;
#64 = VERTEX_POINT ( 'NONE', #3936 ) ;
#65 = VECTOR ( 'NONE', #2900, 1000.000000000000100 ) ;
#66 =( LENGTH_UNIT ( ) NAMED_UNIT ( * ) SI_UNIT ( .MILLI., .METRE. ) );
#67 = MECHANICAL_DESIGN_GEOMETRIC_PRESENTATION_REPRESENTATION (  '', ( #3727 ), #390 ) ;
#68 = EDGE_CURVE ( 'NONE', #1478, #1947, #5262, .T. ) ;
#69 = VECTOR ( 'NONE', #4816, 1000.000000000000200 ) ;
#70 = ORIENTED_EDGE ( 'NONE', *, *, #5014, .F. ) ;
#71 = CARTESIAN_POINT ( 'NONE',  ( 5.823554065593562300, 0.0000000000000000000, -2.219774974057283900 ) ) ;
#72 = CARTESIAN_POINT ( 'NONE',  ( 0.2000000000000000100, 8.000000000000000000, 0.0000000000000000000 ) ) ;
#73 =( NAMED_UNIT ( * ) SI_UNIT ( $, .STERADIAN. ) SOLID_ANGLE_UNIT ( ) );
#74 = EDGE_CURVE ( 'NONE', #5940, #2444, #1541, .T. ) ;
#75 = CARTESIAN_POINT ( 'NONE',  ( 1.011213088402185500, 8.005000000000000800, -3.228222735039017800 ) ) ;
#76 = STYLED_ITEM ( 'NONE', ( #4024 ), #2342 ) ;
#77 = MECHANICAL_DESIGN_GEOMETRIC_PRESENTATION_REPRESENTATION (  '', ( #6059 ), #3777 ) ;
#78 =( NAMED_UNIT ( * ) SI_UNIT ( $, .STERADIAN. ) SOLID_ANGLE_UNIT ( ) );
#79 = CIRCLE ( 'NONE', #274, 0.2000000000000000100 ) ;
#80 = SURFACE_STYLE_FILL_AREA ( #6053 ) ;
#81 = CARTESIAN_POINT ( 'NONE',  ( 2.932874672760972700, 4.054010373035233700, 0.0000000000000000000 ) ) ;
#82 = VECTOR ( 'NONE', #4295, 1000.000000000000000 ) ;
#83 = CARTESIAN_POINT ( 'NONE',  ( 6.023554065593562400, 7.800000000000000700, -0.2000000000000000100 ) ) ;
#84 = FACE_OUTER_BOUND ( 'NONE', #340, .T. ) ;
#85 = PRESENTATION_STYLE_ASSIGNMENT (( #6212 ) ) ;
#86 = DIRECTION ( 'NONE',  ( 0.0000000000000000000, 0.0000000000000000000, 1.000000000000000000 ) ) ;
#87 = ADVANCED_FACE ( 'NONE', ( #6246 ), #3957, .F. ) ;
#88 = DIRECTION ( 'NONE',  ( 0.0000000000000000000, -1.000000000000000000, -0.0000000000000000000 ) ) ;
#89 = SURFACE_SIDE_STYLE ('',( #3167 ) ) ;
#90 = FILL_AREA_STYLE_COLOUR ( '', #5667 ) ;
#91 = SURFACE_SIDE_STYLE ('',( #1943 ) ) ;
#92 = ORIENTED_EDGE ( 'NONE', *, *, #5270, .T. ) ;
#93 = COLOUR_RGB ( '',0.1019607843137254900, 0.1019607843137254900, 0.1019607843137254900 ) ;
#94 = PRESENTATION_LAYER_ASSIGNMENT (  '', '', ( #3261 ) ) ;
#95 = CIRCLE ( 'NONE', #4019, 0.2000000000000000100 ) ;
#96 = EDGE_LOOP ( 'NONE', ( #4609, #2707, #4805, #2773 ) ) ;
#97 = DIRECTION ( 'NONE',  ( 0.0000000000000000000, 1.000000000000000000, 0.0000000000000000000 ) ) ;
#98 = UNCERTAINTY_MEASURE_WITH_UNIT (LENGTH_MEASURE( 1.000000000000000100E-005 ), #3485, 'distance_accuracy_value', 'NONE');
#99 = CIRCLE ( 'NONE', #2715, 0.2000000000000000100 ) ;
#100 = DIRECTION ( 'NONE',  ( 1.000000000000000000, -0.0000000000000000000, -0.0000000000000000000 ) ) ;
#101 = ORIENTED_EDGE ( 'NONE', *, *, #3241, .T. ) ;
#102 = CARTESIAN_POINT ( 'NONE',  ( 1.088068819367284500, 8.005000000000000800, -4.385721539159758800 ) ) ;
#103 = MECHANICAL_DESIGN_GEOMETRIC_PRESENTATION_REPRESENTATION (  '', ( #1494 ), #1822 ) ;
#104 = CARTESIAN_POINT ( 'NONE',  ( 1.088068819367284500, 8.000000000000000000, -4.385721539159758800 ) ) ;
#105 = EDGE_CURVE ( 'NONE', #1718, #746, #533, .T. ) ;
#106 = CARTESIAN_POINT ( 'NONE',  ( 4.250000000000001800, -3.396082814621257100E-016, -0.08284271247461907900 ) ) ;
#107 = FACE_OUTER_BOUND ( 'NONE', #6080, .T. ) ;
#108 = ORIENTED_EDGE ( 'NONE', *, *, #5795, .T. ) ;
#109 = ORIENTED_EDGE ( 'NONE', *, *, #2350, .F. ) ;
#110 = SPHERICAL_SURFACE ( 'NONE', #3246, 0.2000000000000000100 ) ;
#111 = CARTESIAN_POINT ( 'NONE',  ( 1.088098244891528400, 8.005000000000000800, -2.728088479027833900 ) ) ;
#112 = EDGE_CURVE ( 'NONE', #2033, #5323, #1537, .T. ) ;
#113 = ORIENTED_EDGE ( 'NONE', *, *, #4434, .T. ) ;
#114 = DIRECTION ( 'NONE',  ( -0.0000000000000000000, 1.000000000000000000, -0.0000000000000000000 ) ) ;
#115 = AXIS2_PLACEMENT_3D ( 'NONE', #3085, #6057, #2110 ) ;
#116 = DIRECTION ( 'NONE',  ( -0.0000000000000000000, -1.000000000000000000, -0.0000000000000000000 ) ) ;
#117 = VERTEX_POINT ( 'NONE', #4804 ) ;
#118 = CARTESIAN_POINT ( 'NONE',  ( 4.767125327239029700, 4.929470609902312900, -3.200000000000000200 ) ) ;
#119 = LINE ( 'NONE', #5350, #2254 ) ;
#120 = ADVANCED_FACE ( 'NONE', ( #5404 ), #1385, .T. ) ;
#121 =( LENGTH_UNIT ( ) NAMED_UNIT ( * ) SI_UNIT ( .MILLI., .METRE. ) );
#122 = AXIS2_PLACEMENT_3D ( 'NONE', #2702, #2212, #2745 ) ;
#123 = VECTOR ( 'NONE', #909, 999.9999999999998900 ) ;
#124 = VERTEX_POINT ( 'NONE', #3478 ) ;
#125 = SURFACE_SIDE_STYLE ('',( #5878 ) ) ;
#126 = CARTESIAN_POINT ( 'NONE',  ( 1.676445934406437100, 0.1999999999999996500, 0.0000000000000000000 ) ) ;
#127 = DIRECTION ( 'NONE',  ( -0.0000000000000000000, -0.0000000000000000000, 1.000000000000000000 ) ) ;
#128 = ORIENTED_EDGE ( 'NONE', *, *, #5370, .T. ) ;
#129 =( NAMED_UNIT ( * ) PLANE_ANGLE_UNIT ( ) SI_UNIT ( $, .RADIAN. ) );
#130 = DIRECTION ( 'NONE',  ( 0.0000000000000000000, 0.0000000000000000000, -1.000000000000000000 ) ) ;
#131 = CARTESIAN_POINT ( 'NONE',  ( 0.2000000000000000100, 7.800000000000000700, -6.400000000000000400 ) ) ;
#132 =( BOUNDED_CURVE ( )  B_SPLINE_CURVE ( 3, ( #1019, #521, #5375, #2462 ),
 .UNSPECIFIED., .F., .T. ) 
 B_SPLINE_CURVE_WITH_KNOTS ( ( 4, 4 ),
 ( 1.570796326794896800, 3.141592653589793600 ),
 .UNSPECIFIED. ) 
 CURVE ( )  GEOMETRIC_REPRESENTATION_ITEM ( )  RATIONAL_B_SPLINE_CURVE ( ( 1.000000000000000000, 0.8047378541243649400, 0.8047378541243649400, 1.000000000000000000 ) ) 
 REPRESENTATION_ITEM ( '' )  );
#133 = DIRECTION ( 'NONE',  ( -0.9610876102173480100, 0.0000000000000000000, -0.2762437428915032200 ) ) ;
#134 = COLOUR_RGB ( '',0.1019607843137254900, 0.1019607843137254900, 0.1019607843137254900 ) ;
#135 = VECTOR ( 'NONE', #199, 1000.000000000000000 ) ;
#136 = PLANE ( 'NONE',  #5617 ) ;
#137 = ORIENTED_EDGE ( 'NONE', *, *, #2979, .F. ) ;
#138 = AXIS2_PLACEMENT_3D ( 'NONE', #2994, #2334, #3901 ) ;
#139 = AXIS2_PLACEMENT_3D ( 'NONE', #5558, #4608, #2197 ) ;
#140 = ORIENTED_EDGE ( 'NONE', *, *, #2229, .F. ) ;
#141 =( NAMED_UNIT ( * ) PLANE_ANGLE_UNIT ( ) SI_UNIT ( $, .RADIAN. ) );
#142 =( NAMED_UNIT ( * ) PLANE_ANGLE_UNIT ( ) SI_UNIT ( $, .RADIAN. ) );
#143 = FILL_AREA_STYLE ('',( #5987 ) ) ;
#144 = ORIENTED_EDGE ( 'NONE', *, *, #3651, .T. ) ;
#145 = FILL_AREA_STYLE_COLOUR ( '', #2880 ) ;
#146 = LINE ( 'NONE', #5870, #600 ) ;
#147 = EDGE_CURVE ( 'NONE', #361, #4443, #5780, .T. ) ;
#148 = CARTESIAN_POINT ( 'NONE',  ( 1.241527841744380500, 8.000000000000000000, -2.007501484776174300 ) ) ;
#149 = AXIS2_PLACEMENT_3D ( 'NONE', #218, #5118, #1162 ) ;
#150 = EDGE_CURVE ( 'NONE', #3421, #1587, #701, .T. ) ;
#151 = DIRECTION ( 'NONE',  ( -0.0000000000000000000, -1.000000000000000000, 0.0000000000000000000 ) ) ;
#152 = ORIENTED_EDGE ( 'NONE', *, *, #2837, .T. ) ;
#153 = FACE_OUTER_BOUND ( 'NONE', #398, .T. ) ;
#154 = DIRECTION ( 'NONE',  ( -0.0000000000000000000, -1.000000000000000000, -0.0000000000000000000 ) ) ;
#155 =( NAMED_UNIT ( * ) SI_UNIT ( $, .STERADIAN. ) SOLID_ANGLE_UNIT ( ) );
#156 = EDGE_CURVE ( 'NONE', #124, #1964, #3028, .T. ) ;
#157 = COLOUR_RGB ( '',0.8980392156862745400, 0.9215686274509803400, 0.9294117647058823800 ) ;
#158 = VERTEX_POINT ( 'NONE', #545 ) ;
#159 = VECTOR ( 'NONE', #3295, 1000.000000000000000 ) ;
#160 = PRESENTATION_STYLE_ASSIGNMENT (( #2235 ) ) ;
#161 = CARTESIAN_POINT ( 'NONE',  ( 0.2000000000000000100, 7.800000000000000700, -6.200000000000001100 ) ) ;
#162 = DIRECTION ( 'NONE',  ( -0.2746459304916903400, 0.0000000000000000000, 0.9615454294334479000 ) ) ;
#163 = FILL_AREA_STYLE ('',( #5024 ) ) ;
#164 =( NAMED_UNIT ( * ) SI_UNIT ( $, .STERADIAN. ) SOLID_ANGLE_UNIT ( ) );
#165 = CARTESIAN_POINT ( 'NONE',  ( 4.767125327239031500, 4.254010373035235700, -0.1999999999999996500 ) ) ;
#166 = SURFACE_STYLE_FILL_AREA ( #3002 ) ;
#167 = DIRECTION ( 'NONE',  ( 0.0000000000000000000, 0.0000000000000000000, -1.000000000000000000 ) ) ;
#168 = CARTESIAN_POINT ( 'NONE',  ( 4.250000000000001800, 0.0000000000000000000, -0.1999999999999999800 ) ) ;
#169 = ORIENTED_EDGE ( 'NONE', *, *, #4991, .F. ) ;
#170 = UNCERTAINTY_MEASURE_WITH_UNIT (LENGTH_MEASURE( 1.000000000000000100E-005 ), #570, 'distance_accuracy_value', 'NONE');
#171 = EDGE_LOOP ( 'NONE', ( #4621, #2080, #2772, #2754 ) ) ;
#172 = PRESENTATION_STYLE_ASSIGNMENT (( #436 ) ) ;
#173 = CARTESIAN_POINT ( 'NONE',  ( 3.250000000000000900, -2.068564475385309500E-016, -0.08284271247461876000 ) ) ;
#174 = ORIENTED_EDGE ( 'NONE', *, *, #2158, .F. ) ;
#175 = CARTESIAN_POINT ( 'NONE',  ( 3.450000000000001100, -1.000000000000000000, 0.0000000000000000000 ) ) ;
#176 = DIRECTION ( 'NONE',  ( 0.0000000000000000000, 0.0000000000000000000, 1.000000000000000000 ) ) ;
#177 = STYLED_ITEM ( 'NONE', ( #878 ), #3198 ) ;
#178 = EDGE_LOOP ( 'NONE', ( #2384, #947, #6206, #4560 ) ) ;
#179 = EDGE_CURVE ( 'NONE', #4793, #4851, #4507, .T. ) ;
#180 = LINE ( 'NONE', #5549, #6115 ) ;
#181 = ORIENTED_EDGE ( 'NONE', *, *, #2600, .F. ) ;
#182 = CARTESIAN_POINT ( 'NONE',  ( 0.4350673547405130600, 8.005000000000000800, -2.239568348400532200 ) ) ;
#183 = VERTEX_POINT ( 'NONE', #5776 ) ;
#184 = DIRECTION ( 'NONE',  ( -0.0000000000000000000, 1.000000000000000000, 0.0000000000000000000 ) ) ;
#185 = CARTESIAN_POINT ( 'NONE',  ( 0.5885729675345048300, 8.005000000000000800, -2.791755508800442000 ) ) ;
#186 = CARTESIAN_POINT ( 'NONE',  ( 7.299999999999999800, 8.000000000000000000, -6.200000000000001100 ) ) ;
#187 = LINE ( 'NONE', #4955, #3677 ) ;
#188 = VERTEX_POINT ( 'NONE', #5441 ) ;
#189 = VERTEX_POINT ( 'NONE', #3825 ) ;
#190 =( GEOMETRIC_REPRESENTATION_CONTEXT ( 3 ) GLOBAL_UNCERTAINTY_ASSIGNED_CONTEXT ( ( #1547 ) ) GLOBAL_UNIT_ASSIGNED_CONTEXT ( ( #3836, #924, #2335 ) ) REPRESENTATION_CONTEXT ( 'NONE', 'WORKASPACE' ) );
#191 = EDGE_CURVE ( 'NONE', #2012, #721, #611, .T. ) ;
#192 = SURFACE_SIDE_STYLE ('',( #4989 ) ) ;
#193 = EDGE_CURVE ( 'NONE', #6198, #4704, #5115, .T. ) ;
#194 =( NAMED_UNIT ( * ) SI_UNIT ( $, .STERADIAN. ) SOLID_ANGLE_UNIT ( ) );
#195 = DIRECTION ( 'NONE',  ( 0.0000000000000000000, 0.0000000000000000000, 1.000000000000000000 ) ) ;
#196 = SURFACE_STYLE_FILL_AREA ( #2877 ) ;
#197 = SURFACE_STYLE_FILL_AREA ( #1173 ) ;
#198 = ORIENTED_EDGE ( 'NONE', *, *, #5837, .F. ) ;
#199 = DIRECTION ( 'NONE',  ( -0.0000000000000000000, -1.000000000000000000, -0.0000000000000000000 ) ) ;
#200 = DIRECTION ( 'NONE',  ( 1.000000000000000000, 0.0000000000000000000, 0.0000000000000000000 ) ) ;
#201 = SURFACE_STYLE_FILL_AREA ( #4035 ) ;
#202 = EDGE_CURVE ( 'NONE', #5031, #1129, #4591, .T. ) ;
#203 = STYLED_ITEM ( 'NONE', ( #2039 ), #2283 ) ;
#204 = VERTEX_POINT ( 'NONE', #4587 ) ;
#205 = AXIS2_PLACEMENT_3D ( 'NONE', #1130, #582, #167 ) ;
#206 = SURFACE_STYLE_FILL_AREA ( #5253 ) ;
#207 = ORIENTED_EDGE ( 'NONE', *, *, #2716, .T. ) ;
#208 = SURFACE_SIDE_STYLE ('',( #511 ) ) ;
#209 = AXIS2_PLACEMENT_3D ( 'NONE', #616, #737, #5469 ) ;
#210 = PRESENTATION_STYLE_ASSIGNMENT (( #2234 ) ) ;
#211 = ORIENTED_EDGE ( 'NONE', *, *, #1227, .F. ) ;
#212 = DIRECTION ( 'NONE',  ( -0.9601763114327607200, 0.0000000000000000000, -0.2793947940878249200 ) ) ;
#213 =( BOUNDED_CURVE ( )  B_SPLINE_CURVE ( 3, ( #4444, #741, #3173, #2633 ),
 .UNSPECIFIED., .F., .T. ) 
 B_SPLINE_CURVE_WITH_KNOTS ( ( 4, 4 ),
 ( 4.712388980384689700, 6.283185307179586200 ),
 .UNSPECIFIED. ) 
 CURVE ( )  GEOMETRIC_REPRESENTATION_ITEM ( )  RATIONAL_B_SPLINE_CURVE ( ( 1.000000000000000000, 0.8047378541243649400, 0.8047378541243649400, 1.000000000000000000 ) ) 
 REPRESENTATION_ITEM ( '' )  );
#214 = VERTEX_POINT ( 'NONE', #71 ) ;
#215 = DIRECTION ( 'NONE',  ( -1.000000000000000000, 0.0000000000000000000, 0.0000000000000000000 ) ) ;
#216 = PRESENTATION_STYLE_ASSIGNMENT (( #4002 ) ) ;
#217 = FILL_AREA_STYLE_COLOUR ( '', #311 ) ;
#218 = CARTESIAN_POINT ( 'NONE',  ( 1.241527841744380200, 8.005000000000000800, -1.672147313927540500 ) ) ;
#219 = ORIENTED_EDGE ( 'NONE', *, *, #191, .T. ) ;
#220 = FACE_OUTER_BOUND ( 'NONE', #2040, .T. ) ;
#221 = FILL_AREA_STYLE ('',( #4034 ) ) ;
#222 = PRESENTATION_LAYER_ASSIGNMENT (  '', '', ( #349 ) ) ;
#223 = SURFACE_SIDE_STYLE ('',( #3556 ) ) ;
#224 = DIRECTION ( 'NONE',  ( 1.000000000000000000, 0.0000000000000000000, 0.0000000000000000000 ) ) ;
#225 = VERTEX_POINT ( 'NONE', #2941 ) ;
#226 = CYLINDRICAL_SURFACE ( 'NONE', #4028, 0.1999999999999996500 ) ;
#227 = SPHERICAL_SURFACE ( 'NONE', #5587, 0.2000000000000000100 ) ;
#228 = DIRECTION ( 'NONE',  ( -0.0000000000000000000, -1.000000000000000000, -0.0000000000000000000 ) ) ;
#229 = CARTESIAN_POINT ( 'NONE',  ( 1.088068819367284500, 8.005000000000000800, -4.006097923896482400 ) ) ;
#230 = LINE ( 'NONE', #1619, #5924 ) ;
#231 = ORIENTED_EDGE ( 'NONE', *, *, #5285, .T. ) ;
#232 = EDGE_CURVE ( 'NONE', #4340, #188, #1909, .T. ) ;
#233 = VECTOR ( 'NONE', #5597, 1000.000000000000000 ) ;
#234 = SURFACE_STYLE_FILL_AREA ( #5601 ) ;
#235 = PRESENTATION_LAYER_ASSIGNMENT (  '', '', ( #3690 ) ) ;
#236 = FILL_AREA_STYLE ('',( #1720 ) ) ;
#237 = CARTESIAN_POINT ( 'NONE',  ( 0.0000000000000000000, 7.800000000000000700, -6.200000000000001100 ) ) ;
#238 = CARTESIAN_POINT ( 'NONE',  ( 2.450000000000002000, 2.845415267842974500, -4.180225025942715600 ) ) ;
#239 = CARTESIAN_POINT ( 'NONE',  ( 1.241527841744381600, 8.005000000000000800, -1.141553586008539100 ) ) ;
#240 = ADVANCED_FACE ( 'NONE', ( #3111 ), #2107, .F. ) ;
#241 = DIRECTION ( 'NONE',  ( 0.0000000000000000000, 0.0000000000000000000, 1.000000000000000000 ) ) ;
#242 = FILL_AREA_STYLE ('',( #2091 ) ) ;
#243 = DIRECTION ( 'NONE',  ( 0.9610348236706814900, 0.0000000000000000000, 0.2764273280489141200 ) ) ;
#244 =( GEOMETRIC_REPRESENTATION_CONTEXT ( 3 ) GLOBAL_UNCERTAINTY_ASSIGNED_CONTEXT ( ( #1499 ) ) GLOBAL_UNIT_ASSIGNED_CONTEXT ( ( #5397, #592, #51 ) ) REPRESENTATION_CONTEXT ( 'NONE', 'WORKASPACE' ) );
#245 = ORIENTED_EDGE ( 'NONE', *, *, #5526, .F. ) ;
#246 = DIRECTION ( 'NONE',  ( 0.9610348236706814900, 0.0000000000000000000, 0.2764273280489141200 ) ) ;
#247 = SURFACE_STYLE_USAGE ( .BOTH. , #3392 ) ;
#248 = ORIENTED_EDGE ( 'NONE', *, *, #4223, .T. ) ;
#249 = UNCERTAINTY_MEASURE_WITH_UNIT (LENGTH_MEASURE( 1.000000000000000100E-005 ), #5910, 'distance_accuracy_value', 'NONE');
#250 = DIRECTION ( 'NONE',  ( -0.9999999968487353100, 0.0000000000000000000, -7.938847109812686400E-005 ) ) ;
#251 = DIRECTION ( 'NONE',  ( 0.0000000000000000000, 0.0000000000000000000, -1.000000000000000000 ) ) ;
#252 = VECTOR ( 'NONE', #4226, 1000.000000000000000 ) ;
#253 = PLANE ( 'NONE',  #884 ) ;
#254 = ORIENTED_EDGE ( 'NONE', *, *, #4681, .F. ) ;
#255 = CARTESIAN_POINT ( 'NONE',  ( 0.5885729675345048300, 8.000000000000000000, -2.424323869812436100 ) ) ;
#256 = CARTESIAN_POINT ( 'NONE',  ( 0.4350673547405130000, 8.005000000000000800, -1.847101683700655500 ) ) ;
#257 = CYLINDRICAL_SURFACE ( 'NONE', #6174, 0.2000000000000000100 ) ;
#258 = EDGE_LOOP ( 'NONE', ( #2550, #2618, #4110, #181 ) ) ;
#259 =( LENGTH_UNIT ( ) NAMED_UNIT ( * ) SI_UNIT ( .MILLI., .METRE. ) );
#260 = EDGE_LOOP ( 'NONE', ( #3342, #3144, #4156, #4958, #477, #3534, #3628 ) ) ;
#261 =( GEOMETRIC_REPRESENTATION_CONTEXT ( 3 ) GLOBAL_UNCERTAINTY_ASSIGNED_CONTEXT ( ( #1750 ) ) GLOBAL_UNIT_ASSIGNED_CONTEXT ( ( #2643, #4073, #4570 ) ) REPRESENTATION_CONTEXT ( 'NONE', 'WORKASPACE' ) );
#262 =( GEOMETRIC_REPRESENTATION_CONTEXT ( 3 ) GLOBAL_UNCERTAINTY_ASSIGNED_CONTEXT ( ( #5466 ) ) GLOBAL_UNIT_ASSIGNED_CONTEXT ( ( #1417, #6251, #2980 ) ) REPRESENTATION_CONTEXT ( 'NONE', 'WORKASPACE' ) );
#263 = DIRECTION ( 'NONE',  ( -0.0000000000000000000, -1.000000000000000000, -0.0000000000000000000 ) ) ;
#264 = LINE ( 'NONE', #2662, #2844 ) ;
#265 = SURFACE_SIDE_STYLE ('',( #1235 ) ) ;
#266 = FACE_OUTER_BOUND ( 'NONE', #5678, .T. ) ;
#267 = ORIENTED_EDGE ( 'NONE', *, *, #1090, .T. ) ;
#268 =( NAMED_UNIT ( * ) SI_UNIT ( $, .STERADIAN. ) SOLID_ANGLE_UNIT ( ) );
#269 = CIRCLE ( 'NONE', #115, 0.2999999999999999300 ) ;
#270 = AXIS2_PLACEMENT_3D ( 'NONE', #3538, #3510, #1101 ) ;
#271 = EDGE_CURVE ( 'NONE', #4443, #3421, #5571, .T. ) ;
#272 = EDGE_LOOP ( 'NONE', ( #758, #550, #2603, #2629, #5586, #4854, #1201, #2008, #3621, #1215, #5968, #4928, #2810, #1168, #1477, #376, #2333, #5500, #198, #6278, #1431, #1800, #2970 ) ) ;
#273 = FILL_AREA_STYLE ('',( #809 ) ) ;
#274 = AXIS2_PLACEMENT_3D ( 'NONE', #1991, #2893, #992 ) ;
#275 = ADVANCED_FACE ( 'NONE', ( #3273 ), #614, .F. ) ;
#276 = EDGE_CURVE ( 'NONE', #3985, #412, #6094, .T. ) ;
#277 = CARTESIAN_POINT ( 'NONE',  ( 5.823554065593562300, 0.0000000000000000000, -0.1999999999999996500 ) ) ;
#278 = VECTOR ( 'NONE', #4401, 1000.000000000000000 ) ;
#279 = ORIENTED_EDGE ( 'NONE', *, *, #1468, .F. ) ;
#280 = DIRECTION ( 'NONE',  ( 1.000000000000000000, -4.182971413094637300E-016, 0.0000000000000000000 ) ) ;
#281 = SURFACE_SIDE_STYLE ('',( #6285 ) ) ;
#282 = CARTESIAN_POINT ( 'NONE',  ( 0.4350673547405129500, 8.005000000000000800, -3.259236899294713800 ) ) ;
#283 = SURFACE_STYLE_FILL_AREA ( #4927 ) ;
#284 = EDGE_LOOP ( 'NONE', ( #532, #3292, #2530, #1775 ) ) ;
#285 = DIRECTION ( 'NONE',  ( 0.0000000000000000000, 1.000000000000000000, 0.0000000000000000000 ) ) ;
#286 = CARTESIAN_POINT ( 'NONE',  ( 1.088098244891528400, 8.005000000000000800, -2.281031366666376400 ) ) ;
#287 = EDGE_LOOP ( 'NONE', ( #5194, #5698, #819, #4992 ) ) ;
#288 = EDGE_CURVE ( 'NONE', #3910, #5287, #850, .T. ) ;
#289 = UNCERTAINTY_MEASURE_WITH_UNIT (LENGTH_MEASURE( 1.000000000000000100E-005 ), #1837, 'distance_accuracy_value', 'NONE');
#290 = DIRECTION ( 'NONE',  ( 7.938847109812683700E-005, 0.0000000000000000000, -0.9999999968487352000 ) ) ;
#291 = ORIENTED_EDGE ( 'NONE', *, *, #3254, .T. ) ;
#292 = VECTOR ( 'NONE', #1273, 1000.000000000000000 ) ;
#293 = DIRECTION ( 'NONE',  ( 0.0000000000000000000, 0.0000000000000000000, -1.000000000000000000 ) ) ;
#294 = MECHANICAL_DESIGN_GEOMETRIC_PRESENTATION_REPRESENTATION (  '', ( #827 ), #1927 ) ;
#295 = AXIS2_PLACEMENT_3D ( 'NONE', #4451, #2830, #5394 ) ;
#296 = FACE_OUTER_BOUND ( 'NONE', #6112, .T. ) ;
#297 = EDGE_LOOP ( 'NONE', ( #540, #4160, #4300, #2238 ) ) ;
#298 = DIRECTION ( 'NONE',  ( 0.0000000000000000000, -1.000000000000000000, 0.0000000000000000000 ) ) ;
#299 = FILL_AREA_STYLE_COLOUR ( '', #4460 ) ;
#300 = ADVANCED_FACE ( 'NONE', ( #1233 ), #688, .F. ) ;
#301 = ORIENTED_EDGE ( 'NONE', *, *, #5175, .F. ) ;
#302 = LINE ( 'NONE', #6026, #4661 ) ;
#303 = PRESENTATION_STYLE_ASSIGNMENT (( #3249 ) ) ;
#304 = FACE_OUTER_BOUND ( 'NONE', #5982, .T. ) ;
#305 = EDGE_CURVE ( 'NONE', #4007, #5332, #5186, .T. ) ;
#306 = CARTESIAN_POINT ( 'NONE',  ( 6.023554065593562400, 7.800000000000000700, -6.400000000000000400 ) ) ;
#307 = EDGE_CURVE ( 'NONE', #863, #2731, #1154, .T. ) ;
#308 = ORIENTED_EDGE ( 'NONE', *, *, #3098, .F. ) ;
#309 =( NAMED_UNIT ( * ) PLANE_ANGLE_UNIT ( ) SI_UNIT ( $, .RADIAN. ) );
#310 = PRESENTATION_STYLE_ASSIGNMENT (( #2041 ) ) ;
#311 = COLOUR_RGB ( '',0.1019607843137254900, 0.1019607843137254900, 0.1019607843137254900 ) ;
#312 = EDGE_CURVE ( 'NONE', #5875, #352, #4741, .T. ) ;
#313 = DIRECTION ( 'NONE',  ( 1.000000000000000000, 0.0000000000000000000, 0.0000000000000000000 ) ) ;
#314 = AXIS2_PLACEMENT_3D ( 'NONE', #5066, #3128, #6008 ) ;
#315 = VERTEX_POINT ( 'NONE', #2211 ) ;
#316 = AXIS2_PLACEMENT_3D ( 'NONE', #1912, #5812, #1492 ) ;
#317 = FACE_OUTER_BOUND ( 'NONE', #6239, .T. ) ;
#318 = FILL_AREA_STYLE_COLOUR ( '', #3879 ) ;
#319 = ORIENTED_EDGE ( 'NONE', *, *, #4419, .F. ) ;
#320 =( NAMED_UNIT ( * ) SI_UNIT ( $, .STERADIAN. ) SOLID_ANGLE_UNIT ( ) );
#321 = ORIENTED_EDGE ( 'NONE', *, *, #4809, .T. ) ;
#322 =( NAMED_UNIT ( * ) PLANE_ANGLE_UNIT ( ) SI_UNIT ( $, .RADIAN. ) );
#323 = LINE ( 'NONE', #4619, #1164 ) ;
#324 = CARTESIAN_POINT ( 'NONE',  ( 7.299999999999999800, 7.800000000000000700, -0.2000000000000000100 ) ) ;
#325 = VECTOR ( 'NONE', #1320, 1000.000000000000000 ) ;
#326 = DIRECTION ( 'NONE',  ( -0.0000000000000000000, 1.000000000000000000, -0.0000000000000000000 ) ) ;
#327 = ORIENTED_EDGE ( 'NONE', *, *, #5697, .F. ) ;
#328 = STYLED_ITEM ( 'NONE', ( #5561 ), #6167 ) ;
#329 = UNCERTAINTY_MEASURE_WITH_UNIT (LENGTH_MEASURE( 1.000000000000000100E-005 ), #66, 'distance_accuracy_value', 'NONE');
#330 = ORIENTED_EDGE ( 'NONE', *, *, #5131, .F. ) ;
#331 = LINE ( 'NONE', #4040, #4361 ) ;
#332 = ORIENTED_EDGE ( 'NONE', *, *, #6090, .F. ) ;
#333 = ORIENTED_EDGE ( 'NONE', *, *, #3521, .T. ) ;
#334 = CARTESIAN_POINT ( 'NONE',  ( 5.823554065593563100, 4.254010373035235700, -4.180225025942715600 ) ) ;
#335 = ADVANCED_FACE ( 'NONE', ( #2667 ), #5029, .F. ) ;
#336 = AXIS2_PLACEMENT_3D ( 'NONE', #1356, #3766, #3722 ) ;
#337 = DIRECTION ( 'NONE',  ( 0.0000000000000000000, -0.0000000000000000000, 1.000000000000000000 ) ) ;
#338 = ORIENTED_EDGE ( 'NONE', *, *, #829, .T. ) ;
#339 = FILL_AREA_STYLE ('',( #3689 ) ) ;
#340 = EDGE_LOOP ( 'NONE', ( #4844, #1935, #714, #736, #1443, #4887, #137, #4998 ) ) ;
#341 = DIRECTION ( 'NONE',  ( 1.000000000000000000, 0.0000000000000000000, 0.0000000000000000000 ) ) ;
#342 = ORIENTED_EDGE ( 'NONE', *, *, #1832, .T. ) ;
#343 = LINE ( 'NONE', #5974, #647 ) ;
#344 = DIRECTION ( 'NONE',  ( -0.0000000000000000000, 1.000000000000000000, -0.0000000000000000000 ) ) ;
#345 = DIRECTION ( 'NONE',  ( 1.000000000000000000, -0.0000000000000000000, 2.360789866322422700E-016 ) ) ;
#346 = CIRCLE ( 'NONE', #5734, 2.103069206569890200 ) ;
#347 = COLOUR_RGB ( '',0.1019607843137254900, 0.1019607843137254900, 0.1019607843137254900 ) ;
#348 = VERTEX_POINT ( 'NONE', #6104 ) ;
#349 = STYLED_ITEM ( 'NONE', ( #3795 ), #3419 ) ;
#350 =( GEOMETRIC_REPRESENTATION_CONTEXT ( 3 ) GLOBAL_UNCERTAINTY_ASSIGNED_CONTEXT ( ( #289 ) ) GLOBAL_UNIT_ASSIGNED_CONTEXT ( ( #1837, #3796, #4208 ) ) REPRESENTATION_CONTEXT ( 'NONE', 'WORKASPACE' ) );
#351 = CARTESIAN_POINT ( 'NONE',  ( 6.290000000000000000, -6.500000000000000000, -1.930000000000000400 ) ) ;
#352 = VERTEX_POINT ( 'NONE', #3650 ) ;
#353 = EDGE_LOOP ( 'NONE', ( #5785, #1357 ) ) ;
#354 = CARTESIAN_POINT ( 'NONE',  ( 0.4350673547405129500, 8.005000000000000800, -1.373316385216680500 ) ) ;
#355 = EDGE_CURVE ( 'NONE', #4287, #5016, #3883, .T. ) ;
#356 = VECTOR ( 'NONE', #2683, 1000.000000000000000 ) ;
#357 = EDGE_LOOP ( 'NONE', ( #5363, #4633, #5204, #1744 ) ) ;
#358 = FILL_AREA_STYLE_COLOUR ( '', #1552 ) ;
#359 = DIRECTION ( 'NONE',  ( -0.0000000000000000000, -1.000000000000000000, -0.0000000000000000000 ) ) ;
#360 = FACE_BOUND ( 'NONE', #3359, .T. ) ;
#361 = VERTEX_POINT ( 'NONE', #6030 ) ;
#362 =( LENGTH_UNIT ( ) NAMED_UNIT ( * ) SI_UNIT ( .MILLI., .METRE. ) );
#363 = LINE ( 'NONE', #3627, #5829 ) ;
#364 = EDGE_CURVE ( 'NONE', #6267, #6198, #4117, .T. ) ;
#365 = CARTESIAN_POINT ( 'NONE',  ( 1.241527841744380200, 8.000000000000000000, -1.370874065910685500 ) ) ;
#366 = UNCERTAINTY_MEASURE_WITH_UNIT (LENGTH_MEASURE( 1.000000000000000100E-005 ), #3140, 'distance_accuracy_value', 'NONE');
#367 = STYLED_ITEM ( 'NONE', ( #2070 ), #5608 ) ;
#368 = ADVANCED_FACE ( 'NONE', ( #2604 ), #2701, .F. ) ;
#369 =( NAMED_UNIT ( * ) PLANE_ANGLE_UNIT ( ) SI_UNIT ( $, .RADIAN. ) );
#370 = ORIENTED_EDGE ( 'NONE', *, *, #2150, .T. ) ;
#371 = ORIENTED_EDGE ( 'NONE', *, *, #3861, .T. ) ;
#372 = CARTESIAN_POINT ( 'NONE',  ( 0.2000000000000000100, 0.1999999999999996500, -0.2000000000000000100 ) ) ;
#373 = SURFACE_SIDE_STYLE ('',( #1399 ) ) ;
#374 = SURFACE_STYLE_FILL_AREA ( #3350 ) ;
#375 = DIRECTION ( 'NONE',  ( 0.0000000000000000000, 0.0000000000000000000, 1.000000000000000000 ) ) ;
#376 = ORIENTED_EDGE ( 'NONE', *, *, #1761, .F. ) ;
#377 = CARTESIAN_POINT ( 'NONE',  ( 5.250000000000001800, 0.0000000000000000000, -4.180225025942715600 ) ) ;
#378 = ADVANCED_FACE ( 'NONE', ( #2816 ), #1285, .F. ) ;
#379 = STYLED_ITEM ( 'NONE', ( #5981 ), #3302 ) ;
#380 =( NAMED_UNIT ( * ) SI_UNIT ( $, .STERADIAN. ) SOLID_ANGLE_UNIT ( ) );
#381 = STYLED_ITEM ( 'NONE', ( #6240 ), #240 ) ;
#382 = FILL_AREA_STYLE_COLOUR ( '', #871 ) ;
#383 = VECTOR ( 'NONE', #3595, 1000.000000000000000 ) ;
#384 = LINE ( 'NONE', #3712, #3406 ) ;
#385 = LINE ( 'NONE', #6225, #1453 ) ;
#386 = CYLINDRICAL_SURFACE ( 'NONE', #5458, 0.2000000000000000100 ) ;
#387 =( NAMED_UNIT ( * ) PLANE_ANGLE_UNIT ( ) SI_UNIT ( $, .RADIAN. ) );
#388 = EDGE_LOOP ( 'NONE', ( #3375, #5993, #2797, #3369 ) ) ;
#389 = VECTOR ( 'NONE', #895, 1000.000000000000000 ) ;
#390 =( GEOMETRIC_REPRESENTATION_CONTEXT ( 3 ) GLOBAL_UNCERTAINTY_ASSIGNED_CONTEXT ( ( #2282 ) ) GLOBAL_UNIT_ASSIGNED_CONTEXT ( ( #833, #4238, #1335 ) ) REPRESENTATION_CONTEXT ( 'NONE', 'WORKASPACE' ) );
#391 = FACE_OUTER_BOUND ( 'NONE', #793, .T. ) ;
#392 = DIRECTION ( 'NONE',  ( 0.0000000000000000000, -1.000000000000000000, 0.0000000000000000000 ) ) ;
#393 = EDGE_CURVE ( 'NONE', #6253, #4867, #4812, .T. ) ;
#394 = ADVANCED_FACE ( 'NONE', ( #1840 ), #843, .T. ) ;
#395 = CIRCLE ( 'NONE', #3738, 2.303069206569890800 ) ;
#396 = SURFACE_STYLE_FILL_AREA ( #3439 ) ;
#397 = CARTESIAN_POINT ( 'NONE',  ( 7.299999999999999800, 8.000000000000000000, -0.2000000000000000100 ) ) ;
#398 = EDGE_LOOP ( 'NONE', ( #3873, #5527, #564, #6236, #3114, #5693, #2983, #6044 ) ) ;
#399 = EDGE_CURVE ( 'NONE', #3814, #5875, #5565, .T. ) ;
#400 = CARTESIAN_POINT ( 'NONE',  ( 0.7385744906061866300, 8.005000000000000800, -2.726818277157608600 ) ) ;
#401 = EDGE_LOOP ( 'NONE', ( #6190, #522, #4875, #2578 ) ) ;
#402 = FACE_OUTER_BOUND ( 'NONE', #5889, .T. ) ;
#403 = COLOUR_RGB ( '',0.1019607843137254900, 0.1019607843137254900, 0.1019607843137254900 ) ;
#404 = CARTESIAN_POINT ( 'NONE',  ( 2.732874672760973000, 4.254010373035235700, -6.200000000000001100 ) ) ;
#405 = ORIENTED_EDGE ( 'NONE', *, *, #2691, .T. ) ;
#406 = B_SPLINE_CURVE_WITH_KNOTS ( 'NONE', 3,
 ( #2921, #1496, #24, #3956, #5816, #505 ),
 .UNSPECIFIED., .F., .F.,
 ( 4, 2, 4 ),
 ( 0.0000000000000000000, 0.0001656524090284523800, 0.0003313048180569047500 ),
 .UNSPECIFIED. ) ;
#407 =( NAMED_UNIT ( * ) PLANE_ANGLE_UNIT ( ) SI_UNIT ( $, .RADIAN. ) );
#408 = DIRECTION ( 'NONE',  ( 0.0000000000000000000, 0.0000000000000000000, 1.000000000000000000 ) ) ;
#409 = FACE_OUTER_BOUND ( 'NONE', #34, .T. ) ;
#410 = EDGE_LOOP ( 'NONE', ( #2448, #5427, #940, #5651 ) ) ;
#411 = EDGE_CURVE ( 'NONE', #717, #3367, #3407, .T. ) ;
#412 = VERTEX_POINT ( 'NONE', #6125 ) ;
#413 = ADVANCED_FACE ( 'NONE', ( #6012 ), #3402, .T. ) ;
#414 = SURFACE_SIDE_STYLE ('',( #3703 ) ) ;
#415 = LINE ( 'NONE', #5113, #1411 ) ;
#416 = VECTOR ( 'NONE', #951, 1000.000000000000000 ) ;
#417 = LINE ( 'NONE', #3272, #1564 ) ;
#418 = ORIENTED_EDGE ( 'NONE', *, *, #1981, .F. ) ;
#419 = CARTESIAN_POINT ( 'NONE',  ( 7.299999999999999800, 8.000000000000000000, -0.2000000000000000100 ) ) ;
#420 = ORIENTED_EDGE ( 'NONE', *, *, #74, .F. ) ;
#421 = DIRECTION ( 'NONE',  ( 0.0000000000000000000, 0.0000000000000000000, 1.000000000000000000 ) ) ;
#422 = VECTOR ( 'NONE', #6020, 1000.000000000000000 ) ;
#423 = SURFACE_STYLE_FILL_AREA ( #4803 ) ;
#424 = ORIENTED_EDGE ( 'NONE', *, *, #1826, .F. ) ;
#425 = CARTESIAN_POINT ( 'NONE',  ( 6.023554065593562400, 7.800000000000000700, -6.200000000000001100 ) ) ;
#426 = ORIENTED_EDGE ( 'NONE', *, *, #4429, .T. ) ;
#427 = STYLED_ITEM ( 'NONE', ( #1405 ), #845 ) ;
#428 =( LENGTH_UNIT ( ) NAMED_UNIT ( * ) SI_UNIT ( .MILLI., .METRE. ) );
#429 = EDGE_CURVE ( 'NONE', #64, #4788, #385, .T. ) ;
#430 = VECTOR ( 'NONE', #1446, 1000.000000000000000 ) ;
#431 =( NAMED_UNIT ( * ) SI_UNIT ( $, .STERADIAN. ) SOLID_ANGLE_UNIT ( ) );
#432 = SURFACE_SIDE_STYLE ('',( #374 ) ) ;
#433 = FACE_OUTER_BOUND ( 'NONE', #3765, .T. ) ;
#434 = VERTEX_POINT ( 'NONE', #1388 ) ;
#435 = EDGE_CURVE ( 'NONE', #2215, #5606, #1770, .T. ) ;
#436 = SURFACE_STYLE_USAGE ( .BOTH. , #6201 ) ;
#437 = AXIS2_PLACEMENT_3D ( 'NONE', #454, #5798, #881 ) ;
#438 =( LENGTH_UNIT ( ) NAMED_UNIT ( * ) SI_UNIT ( .MILLI., .METRE. ) );
#439 = ORIENTED_EDGE ( 'NONE', *, *, #3277, .F. ) ;
#440 =( LENGTH_UNIT ( ) NAMED_UNIT ( * ) SI_UNIT ( .MILLI., .METRE. ) );
#441 = PRESENTATION_STYLE_ASSIGNMENT (( #1238 ) ) ;
#442 = DIRECTION ( 'NONE',  ( 0.0000000000000000000, 0.0000000000000000000, -1.000000000000000000 ) ) ;
#443 = UNCERTAINTY_MEASURE_WITH_UNIT (LENGTH_MEASURE( 1.000000000000000100E-005 ), #5560, 'distance_accuracy_value', 'NONE');
#444 = ADVANCED_FACE ( 'NONE', ( #153 ), #4579, .T. ) ;
#445 = DIRECTION ( 'NONE',  ( -0.0000000000000000000, 1.000000000000000000, -0.0000000000000000000 ) ) ;
#446 = SPHERICAL_SURFACE ( 'NONE', #2493, 0.2000000000000000100 ) ;
#447 = ORIENTED_EDGE ( 'NONE', *, *, #4683, .T. ) ;
#448 = CARTESIAN_POINT ( 'NONE',  ( 2.250000000000001800, 4.929470609902312900, -3.200000000000000200 ) ) ;
#449 = PRESENTATION_STYLE_ASSIGNMENT (( #780 ) ) ;
#450 = AXIS2_PLACEMENT_3D ( 'NONE', #527, #3481, #3938 ) ;
#451 = SURFACE_STYLE_FILL_AREA ( #3337 ) ;
#452 = ORIENTED_EDGE ( 'NONE', *, *, #4449, .F. ) ;
#453 = FACE_OUTER_BOUND ( 'NONE', #5552, .T. ) ;
#454 = CARTESIAN_POINT ( 'NONE',  ( 1.241527841744380200, 8.005000000000000800, -3.732872106417935300 ) ) ;
#455 = LINE ( 'NONE', #2637, #233 ) ;
#456 = CARTESIAN_POINT ( 'NONE',  ( 4.050000000000002500, 8.000000000000000000, -0.2000000000000000100 ) ) ;
#457 = SURFACE_STYLE_FILL_AREA ( #1462 ) ;
#458 = CARTESIAN_POINT ( 'NONE',  ( 4.767125327239030600, 0.0000000000000000000, -4.180225025942715600 ) ) ;
#459 = CARTESIAN_POINT ( 'NONE',  ( 0.8036416849884211500, 8.005000000000000800, -1.736020322378861500 ) ) ;
#460 = LINE ( 'NONE', #3142, #1312 ) ;
#461 = ORIENTED_EDGE ( 'NONE', *, *, #742, .F. ) ;
#462 = FILL_AREA_STYLE_COLOUR ( '', #4036 ) ;
#463 = AXIS2_PLACEMENT_3D ( 'NONE', #1191, #3113, #5588 ) ;
#464 = CARTESIAN_POINT ( 'NONE',  ( 1.088098244891528400, 8.005000000000000800, -2.728088479027833900 ) ) ;
#465 = MECHANICAL_DESIGN_GEOMETRIC_PRESENTATION_REPRESENTATION (  '', ( #4510 ), #798 ) ;
#466 = CARTESIAN_POINT ( 'NONE',  ( 1.011213088402185300, 8.000000000000000000, -3.228222735039017800 ) ) ;
#467 = CARTESIAN_POINT ( 'NONE',  ( 4.767125327239030600, 0.0000000000000000000, -4.180225025942715600 ) ) ;
#468 = CARTESIAN_POINT ( 'NONE',  ( 0.5885729675345048300, 8.005000000000000800, -2.791755508800442000 ) ) ;
#469 = LINE ( 'NONE', #2020, #4351 ) ;
#470 = DIRECTION ( 'NONE',  ( 0.0000000000000000000, 0.0000000000000000000, 1.000000000000000000 ) ) ;
#471 = VERTEX_POINT ( 'NONE', #3283 ) ;
#472 = AXIS2_PLACEMENT_3D ( 'NONE', #3075, #4015, #675 ) ;
#473 = EDGE_CURVE ( 'NONE', #3180, #5766, #2659, .T. ) ;
#474 = ADVANCED_FACE ( 'NONE', ( #1979 ), #2431, .T. ) ;
#475 = DIRECTION ( 'NONE',  ( 0.0000000000000000000, 1.000000000000000000, -0.0000000000000000000 ) ) ;
#476 = PLANE ( 'NONE',  #1646 ) ;
#477 = ORIENTED_EDGE ( 'NONE', *, *, #6220, .F. ) ;
#478 = UNCERTAINTY_MEASURE_WITH_UNIT (LENGTH_MEASURE( 1.000000000000000100E-005 ), #2961, 'distance_accuracy_value', 'NONE');
#479 = CARTESIAN_POINT ( 'NONE',  ( 2.732874672760973400, 4.929470609902312900, -3.200000000000000200 ) ) ;
#480 = LINE ( 'NONE', #2077, #1253 ) ;
#481 = EDGE_CURVE ( 'NONE', #3181, #2911, #1833, .T. ) ;
#482 = VERTEX_POINT ( 'NONE', #5696 ) ;
#483 = CARTESIAN_POINT ( 'NONE',  ( 6.290000000000000000, -6.500000000000000000, -1.930000000000000400 ) ) ;
#484 =( GEOMETRIC_REPRESENTATION_CONTEXT ( 3 ) GLOBAL_UNCERTAINTY_ASSIGNED_CONTEXT ( ( #4297 ) ) GLOBAL_UNIT_ASSIGNED_CONTEXT ( ( #1343, #4744, #1829 ) ) REPRESENTATION_CONTEXT ( 'NONE', 'WORKASPACE' ) );
#485 =( LENGTH_UNIT ( ) NAMED_UNIT ( * ) SI_UNIT ( .MILLI., .METRE. ) );
#486 = DIRECTION ( 'NONE',  ( -0.0000000000000000000, 1.000000000000000000, -0.0000000000000000000 ) ) ;
#487 = VECTOR ( 'NONE', #906, 1000.000000000000000 ) ;
#488 = EDGE_LOOP ( 'NONE', ( #872, #4892, #3074, #1038 ) ) ;
#489 = VERTEX_POINT ( 'NONE', #3224 ) ;
#490 = DIRECTION ( 'NONE',  ( -1.000000000000000000, -0.0000000000000000000, -0.0000000000000000000 ) ) ;
#491 = VERTEX_POINT ( 'NONE', #828 ) ;
#492 = LINE ( 'NONE', #365, #2249 ) ;
#493 = ORIENTED_EDGE ( 'NONE', *, *, #5761, .F. ) ;
#494 = DIRECTION ( 'NONE',  ( 0.9237839814038612000, 0.0000000000000000000, -0.3829140317377133800 ) ) ;
#495 = CARTESIAN_POINT ( 'NONE',  ( 0.8876613702446638500, 8.000000000000000000, -2.338141408391912500 ) ) ;
#496 = COLOUR_RGB ( '',0.1019607843137254900, 0.1019607843137254900, 0.1019607843137254900 ) ;
#497 = ORIENTED_EDGE ( 'NONE', *, *, #2113, .F. ) ;
#498 = AXIS2_PLACEMENT_3D ( 'NONE', #2679, #5624, #4152 ) ;
#499 = ADVANCED_FACE ( 'NONE', ( #3955 ), #6005, .T. ) ;
#500 = ORIENTED_EDGE ( 'NONE', *, *, #2009, .F. ) ;
#501 = DIRECTION ( 'NONE',  ( 9.098923155897435000E-017, 0.0000000000000000000, 1.000000000000000000 ) ) ;
#502 = CARTESIAN_POINT ( 'NONE',  ( 2.268123274335351900, 2.957995304213902900, -4.180225025942715600 ) ) ;
#503 = STYLED_ITEM ( 'NONE', ( #441 ), #3802 ) ;
#504 = EDGE_CURVE ( 'NONE', #1136, #3705, #1306, .T. ) ;
#505 = CARTESIAN_POINT ( 'NONE',  ( 5.050000000000002500, 2.845415267842973600, -2.219774974057287000 ) ) ;
#506 =( GEOMETRIC_REPRESENTATION_CONTEXT ( 3 ) GLOBAL_UNCERTAINTY_ASSIGNED_CONTEXT ( ( #2474 ) ) GLOBAL_UNIT_ASSIGNED_CONTEXT ( ( #3422, #4931, #5411 ) ) REPRESENTATION_CONTEXT ( 'NONE', 'WORKASPACE' ) );
#507 = PRESENTATION_STYLE_ASSIGNMENT (( #1918 ) ) ;
#508 = EDGE_CURVE ( 'NONE', #1326, #4198, #2365, .T. ) ;
#509 = CARTESIAN_POINT ( 'NONE',  ( 0.4350673547405130000, 8.005000000000000800, -1.847101683700655500 ) ) ;
#510 =( NAMED_UNIT ( * ) SI_UNIT ( $, .STERADIAN. ) SOLID_ANGLE_UNIT ( ) );
#511 = SURFACE_STYLE_FILL_AREA ( #2541 ) ;
#512 = ORIENTED_EDGE ( 'NONE', *, *, #3480, .T. ) ;
#513 = EDGE_CURVE ( 'NONE', #2364, #2112, #4585, .T. ) ;
#514 =( GEOMETRIC_REPRESENTATION_CONTEXT ( 3 ) GLOBAL_UNCERTAINTY_ASSIGNED_CONTEXT ( ( #6051 ) ) GLOBAL_UNIT_ASSIGNED_CONTEXT ( ( #4439, #4926, #1526 ) ) REPRESENTATION_CONTEXT ( 'NONE', 'WORKASPACE' ) );
#515 = UNCERTAINTY_MEASURE_WITH_UNIT (LENGTH_MEASURE( 1.000000000000000100E-005 ), #659, 'distance_accuracy_value', 'NONE');
#516 = CYLINDRICAL_SURFACE ( 'NONE', #1186, 0.1999999999999996500 ) ;
#517 = ORIENTED_EDGE ( 'NONE', *, *, #105, .T. ) ;
#518 =( LENGTH_UNIT ( ) NAMED_UNIT ( * ) SI_UNIT ( .MILLI., .METRE. ) );
#519 = DIRECTION ( 'NONE',  ( -0.0000000000000000000, 1.000000000000000000, 0.0000000000000000000 ) ) ;
#520 = CARTESIAN_POINT ( 'NONE',  ( 6.290000000000000000, 0.0000000000000000000, -4.169999999999999900 ) ) ;
#521 = CARTESIAN_POINT ( 'NONE',  ( 2.815717385235592100, 0.08284271247461863500, -7.305043738869954700E-017 ) ) ;
#522 = ORIENTED_EDGE ( 'NONE', *, *, #2716, .F. ) ;
#523 = COLOUR_RGB ( '',0.1019607843137254900, 0.1019607843137254900, 0.1019607843137254900 ) ;
#524 = DIRECTION ( 'NONE',  ( -0.0000000000000000000, -1.000000000000000000, -0.0000000000000000000 ) ) ;
#525 =( NAMED_UNIT ( * ) PLANE_ANGLE_UNIT ( ) SI_UNIT ( $, .RADIAN. ) );
#526 = ADVANCED_FACE ( 'NONE', ( #1524 ), #4911, .F. ) ;
#527 = CARTESIAN_POINT ( 'NONE',  ( 0.0000000000000000000, -0.8000000000000000400, -0.2000000000000000100 ) ) ;
#528 = CARTESIAN_POINT ( 'NONE',  ( 1.676445934406437700, -4.978749645770471300E-016, -0.08284271247461894000 ) ) ;
#529 = PRESENTATION_STYLE_ASSIGNMENT (( #2632 ) ) ;
#530 = DIRECTION ( 'NONE',  ( -1.000000000000000000, 0.0000000000000000000, 0.0000000000000000000 ) ) ;
#531 = AXIS2_PLACEMENT_3D ( 'NONE', #2135, #6056, #2607 ) ;
#532 = ORIENTED_EDGE ( 'NONE', *, *, #5493, .T. ) ;
#533 = LINE ( 'NONE', #565, #3964 ) ;
#534 = DIRECTION ( 'NONE',  ( 1.000000000000000000, 0.0000000000000000000, 0.0000000000000000000 ) ) ;
#535 = FILL_AREA_STYLE_COLOUR ( '', #5553 ) ;
#536 = LINE ( 'NONE', #2769, #4906 ) ;
#537 = DIRECTION ( 'NONE',  ( -1.000000000000000000, 0.0000000000000000000, 8.210319413871508600E-016 ) ) ;
#538 = DIRECTION ( 'NONE',  ( 1.000000000000000000, 0.0000000000000000000, 0.0000000000000000000 ) ) ;
#539 = PRESENTATION_STYLE_ASSIGNMENT (( #4981 ) ) ;
#540 = ORIENTED_EDGE ( 'NONE', *, *, #5971, .T. ) ;
#541 = VERTEX_POINT ( 'NONE', #5787 ) ;
#542 = COLOUR_RGB ( '',0.1019607843137254900, 0.1019607843137254900, 0.1019607843137254900 ) ;
#543 = LINE ( 'NONE', #5170, #325 ) ;
#544 = ORIENTED_EDGE ( 'NONE', *, *, #232, .F. ) ;
#545 = CARTESIAN_POINT ( 'NONE',  ( 2.932874672760972700, 4.054010373035233700, 0.0000000000000000000 ) ) ;
#546 = ORIENTED_EDGE ( 'NONE', *, *, #38, .T. ) ;
#547 = EDGE_CURVE ( 'NONE', #434, #3674, #939, .T. ) ;
#548 = CARTESIAN_POINT ( 'NONE',  ( 4.250000000000002700, 0.0000000000000000000, -6.200000000000001100 ) ) ;
#549 = CARTESIAN_POINT ( 'NONE',  ( 0.2000000000000000100, 0.1999999999999996500, 0.0000000000000000000 ) ) ;
#550 = ORIENTED_EDGE ( 'NONE', *, *, #473, .F. ) ;
#551 = ORIENTED_EDGE ( 'NONE', *, *, #4021, .T. ) ;
#552 =( NAMED_UNIT ( * ) PLANE_ANGLE_UNIT ( ) SI_UNIT ( $, .RADIAN. ) );
#553 = ORIENTED_EDGE ( 'NONE', *, *, #5653, .F. ) ;
#554 = DIRECTION ( 'NONE',  ( 0.0000000000000000000, 0.0000000000000000000, 1.000000000000000000 ) ) ;
#555 = SURFACE_STYLE_USAGE ( .BOTH. , #1053 ) ;
#556 = VERTEX_POINT ( 'NONE', #1911 ) ;
#557 = ADVANCED_FACE ( 'NONE', ( #1482 ), #2439, .F. ) ;
#558 = DIRECTION ( 'NONE',  ( 0.0000000000000000000, -1.000000000000000000, 0.0000000000000000000 ) ) ;
#559 = STYLED_ITEM ( 'NONE', ( #654 ), #6229 ) ;
#560 = DIRECTION ( 'NONE',  ( -1.000000000000000000, 0.0000000000000000000, -8.210319413871543100E-016 ) ) ;
#561 = ORIENTED_EDGE ( 'NONE', *, *, #5890, .F. ) ;
#562 = LINE ( 'NONE', #3409, #5603 ) ;
#563 = PRESENTATION_STYLE_ASSIGNMENT (( #5860 ) ) ;
#564 = ORIENTED_EDGE ( 'NONE', *, *, #3610, .T. ) ;
#565 = CARTESIAN_POINT ( 'NONE',  ( 1.088068819367284500, 8.005000000000000800, -4.385721539159758800 ) ) ;
#566 = FACE_OUTER_BOUND ( 'NONE', #388, .T. ) ;
#567 =( LENGTH_UNIT ( ) NAMED_UNIT ( * ) SI_UNIT ( .MILLI., .METRE. ) );
#568 = CARTESIAN_POINT ( 'NONE',  ( 0.0000000000000000000, 8.000000000000000000, 0.0000000000000000000 ) ) ;
#569 = FILL_AREA_STYLE ('',( #2407 ) ) ;
#570 =( LENGTH_UNIT ( ) NAMED_UNIT ( * ) SI_UNIT ( .MILLI., .METRE. ) );
#571 = FACE_OUTER_BOUND ( 'NONE', #5320, .T. ) ;
#572 = ORIENTED_EDGE ( 'NONE', *, *, #411, .T. ) ;
#573 = CARTESIAN_POINT ( 'NONE',  ( 4.250000000000001800, 0.1999999999999996500, -6.400000000000000400 ) ) ;
#574 =( GEOMETRIC_REPRESENTATION_CONTEXT ( 3 ) GLOBAL_UNCERTAINTY_ASSIGNED_CONTEXT ( ( #3788 ) ) GLOBAL_UNIT_ASSIGNED_CONTEXT ( ( #3267, #4316, #3798 ) ) REPRESENTATION_CONTEXT ( 'NONE', 'WORKASPACE' ) );
#575 = VERTEX_POINT ( 'NONE', #5296 ) ;
#576 = AXIS2_PLACEMENT_3D ( 'NONE', #2491, #1062, #86 ) ;
#577 = DIRECTION ( 'NONE',  ( -0.0000000000000000000, -0.0000000000000000000, -1.000000000000000000 ) ) ;
#578 = CARTESIAN_POINT ( 'NONE',  ( 0.0000000000000000000, 8.005000000000000800, 0.0000000000000000000 ) ) ;
#579 = CARTESIAN_POINT ( 'NONE',  ( 0.0000000000000000000, 0.0000000000000000000, 0.0000000000000000000 ) ) ;
#580 = SURFACE_STYLE_FILL_AREA ( #5705 ) ;
#581 = ORIENTED_EDGE ( 'NONE', *, *, #4449, .T. ) ;
#582 = DIRECTION ( 'NONE',  ( 0.0000000000000000000, -1.000000000000000000, 0.0000000000000000000 ) ) ;
#583 = VECTOR ( 'NONE', #127, 1000.000000000000000 ) ;
#584 =( BOUNDED_CURVE ( )  B_SPLINE_CURVE ( 3, ( #2284, #5222, #4678, #1316 ),
 .UNSPECIFIED., .F., .F. ) 
 B_SPLINE_CURVE_WITH_KNOTS ( ( 4, 4 ),
 ( 3.141592653589793100, 4.712388980384689700 ),
 .UNSPECIFIED. ) 
 CURVE ( )  GEOMETRIC_REPRESENTATION_ITEM ( )  RATIONAL_B_SPLINE_CURVE ( ( 1.000000000000000000, 0.8047378541243649400, 0.8047378541243649400, 1.000000000000000000 ) ) 
 REPRESENTATION_ITEM ( '' )  );
#585 = EDGE_CURVE ( 'NONE', #5521, #2293, #640, .T. ) ;
#586 = DIRECTION ( 'NONE',  ( 0.0000000000000000000, 0.0000000000000000000, 1.000000000000000000 ) ) ;
#587 = STYLED_ITEM ( 'NONE', ( #2050 ), #1600 ) ;
#588 = EDGE_CURVE ( 'NONE', #1571, #5339, #3436, .T. ) ;
#589 = ORIENTED_EDGE ( 'NONE', *, *, #5575, .F. ) ;
#590 = DIRECTION ( 'NONE',  ( 1.000000000000000000, 0.0000000000000000000, 0.0000000000000000000 ) ) ;
#591 = ADVANCED_FACE ( 'NONE', ( #409 ), #5061, .T. ) ;
#592 =( NAMED_UNIT ( * ) PLANE_ANGLE_UNIT ( ) SI_UNIT ( $, .RADIAN. ) );
#593 = UNCERTAINTY_MEASURE_WITH_UNIT (LENGTH_MEASURE( 1.000000000000000100E-005 ), #5612, 'distance_accuracy_value', 'NONE');
#594 = DIRECTION ( 'NONE',  ( -0.2763139702538020000, 0.0000000000000000000, 0.9610674221107388100 ) ) ;
#595 = ORIENTED_EDGE ( 'NONE', *, *, #3724, .F. ) ;
#596 = EDGE_CURVE ( 'NONE', #717, #3605, #3751, .T. ) ;
#597 = PRESENTATION_STYLE_ASSIGNMENT (( #2719 ) ) ;
#598 = DIRECTION ( 'NONE',  ( -0.9620200793798305800, 0.0000000000000000000, -0.2729786930696691000 ) ) ;
#599 = EDGE_LOOP ( 'NONE', ( #4486, #4358, #862, #5602, #500, #1809, #128 ) ) ;
#600 = VECTOR ( 'NONE', #4947, 1000.000000000000000 ) ;
#601 =( GEOMETRIC_REPRESENTATION_CONTEXT ( 3 ) GLOBAL_UNCERTAINTY_ASSIGNED_CONTEXT ( ( #3827 ) ) GLOBAL_UNIT_ASSIGNED_CONTEXT ( ( #567, #4479, #5489 ) ) REPRESENTATION_CONTEXT ( 'NONE', 'WORKASPACE' ) );
#602 = DIRECTION ( 'NONE',  ( -0.0000000000000000000, 1.000000000000000000, 0.0000000000000000000 ) ) ;
#603 = CARTESIAN_POINT ( 'NONE',  ( 6.290000000000000000, -6.500000000000000000, -4.769999999999999600 ) ) ;
#604 = ORIENTED_EDGE ( 'NONE', *, *, #3863, .F. ) ;
#605 = SURFACE_STYLE_FILL_AREA ( #6299 ) ;
#606 = CARTESIAN_POINT ( 'NONE',  ( 0.4350673547405130000, 8.005000000000000800, -2.112500311261332100 ) ) ;
#607 = DIRECTION ( 'NONE',  ( -1.355252715606880500E-016, 0.0000000000000000000, 1.000000000000000000 ) ) ;
#608 = FACE_OUTER_BOUND ( 'NONE', #2330, .T. ) ;
#609 = EDGE_CURVE ( 'NONE', #2278, #3486, #3052, .T. ) ;
#610 = VERTEX_POINT ( 'NONE', #19 ) ;
#611 = LINE ( 'NONE', #2379, #3655 ) ;
#612 = PLANE ( 'NONE',  #5156 ) ;
#613 = COLOUR_RGB ( '',0.1019607843137254900, 0.1019607843137254900, 0.1019607843137254900 ) ;
#614 = PLANE ( 'NONE',  #1245 ) ;
#615 = DIRECTION ( 'NONE',  ( 0.0000000000000000000, 0.0000000000000000000, -1.000000000000000000 ) ) ;
#616 = CARTESIAN_POINT ( 'NONE',  ( 0.8876613702460888200, 8.005000000000000800, -4.409350236543372300 ) ) ;
#617 = ORIENTED_EDGE ( 'NONE', *, *, #1420, .F. ) ;
#618 = PRESENTATION_LAYER_ASSIGNMENT (  '', '', ( #177 ) ) ;
#619 = VECTOR ( 'NONE', #5470, 1000.000000000000000 ) ;
#620 = EDGE_LOOP ( 'NONE', ( #5578, #935, #4468, #3149 ) ) ;
#621 = CARTESIAN_POINT ( 'NONE',  ( 1.476445934406437600, 0.1999999999999996500, 0.0000000000000000000 ) ) ;
#622 = CARTESIAN_POINT ( 'NONE',  ( 1.676445934406437100, 0.0000000000000000000, 0.0000000000000000000 ) ) ;
#623 = LINE ( 'NONE', #3555, #1322 ) ;
#624 = DIRECTION ( 'NONE',  ( 0.9615454294334477800, 0.0000000000000000000, 0.2746459304916902800 ) ) ;
#625 = CIRCLE ( 'NONE', #5529, 0.3000000000000001600 ) ;
#626 = CARTESIAN_POINT ( 'NONE',  ( 1.011213088402185500, 8.005000000000000800, -3.228222735039017800 ) ) ;
#627 = EDGE_LOOP ( 'NONE', ( #674, #4685, #2868, #2642 ) ) ;
#628 = CARTESIAN_POINT ( 'NONE',  ( 0.4350673547405128300, 8.000000000000000000, -3.964838432828492000 ) ) ;
#629 =( GEOMETRIC_REPRESENTATION_CONTEXT ( 3 ) GLOBAL_UNCERTAINTY_ASSIGNED_CONTEXT ( ( #720 ) ) GLOBAL_UNIT_ASSIGNED_CONTEXT ( ( #1673, #4125, #4651 ) ) REPRESENTATION_CONTEXT ( 'NONE', 'WORKASPACE' ) );
#630 = EDGE_CURVE ( 'NONE', #489, #2690, #718, .T. ) ;
#631 = AXIS2_PLACEMENT_3D ( 'NONE', #419, #4306, #883 ) ;
#632 = CARTESIAN_POINT ( 'NONE',  ( 4.767125327239030600, 0.0000000000000000000, -2.219774974057284700 ) ) ;
#633 =( NAMED_UNIT ( * ) SI_UNIT ( $, .STERADIAN. ) SOLID_ANGLE_UNIT ( ) );
#634 = COLOUR_RGB ( '',0.1019607843137254900, 0.1019607843137254900, 0.1019607843137254900 ) ;
#635 = VERTEX_POINT ( 'NONE', #3818 ) ;
#636 = UNCERTAINTY_MEASURE_WITH_UNIT (LENGTH_MEASURE( 1.000000000000000100E-005 ), #6043, 'distance_accuracy_value', 'NONE');
#637 = EDGE_LOOP ( 'NONE', ( #1862, #4924, #3541, #2412, #1536, #830, #785, #2672, #551, #1503, #6233 ) ) ;
#638 = CARTESIAN_POINT ( 'NONE',  ( 3.450000000000001100, 0.1999999999999996500, -6.400000000000000400 ) ) ;
#639 = FACE_OUTER_BOUND ( 'NONE', #620, .T. ) ;
#640 = LINE ( 'NONE', #2416, #1860 ) ;
#641 = EDGE_CURVE ( 'NONE', #2112, #3053, #33, .T. ) ;
#642 = ORIENTED_EDGE ( 'NONE', *, *, #1584, .T. ) ;
#643 = DIRECTION ( 'NONE',  ( 0.9280290862140316800, -0.0000000000000000000, -0.3725077383635799800 ) ) ;
#644 = CARTESIAN_POINT ( 'NONE',  ( 1.241527841744380200, 8.005000000000000800, -3.042213324885009400 ) ) ;
#645 = AXIS2_PLACEMENT_3D ( 'NONE', #748, #706, #3668 ) ;
#646 = ORIENTED_EDGE ( 'NONE', *, *, #5050, .F. ) ;
#647 = VECTOR ( 'NONE', #3482, 1000.000000000000000 ) ;
#648 = CARTESIAN_POINT ( 'NONE',  ( 2.250000000000001800, 4.254010373035234800, -0.9982095379755290300 ) ) ;
#649 = VECTOR ( 'NONE', #3820, 1000.000000000000000 ) ;
#650 = PRESENTATION_STYLE_ASSIGNMENT (( #3908 ) ) ;
#651 = EDGE_LOOP ( 'NONE', ( #5121, #338, #3745, #902, #447, #4184, #1244, #821, #1997, #2099, #3212, #2892 ) ) ;
#652 = CARTESIAN_POINT ( 'NONE',  ( 2.732874672760973400, 4.254010373035235700, -2.219774974057284700 ) ) ;
#653 = CARTESIAN_POINT ( 'NONE',  ( 0.4350673547405130000, 8.000000000000000000, -2.915793909427316900 ) ) ;
#654 = PRESENTATION_STYLE_ASSIGNMENT (( #1247 ) ) ;
#655 = MECHANICAL_DESIGN_GEOMETRIC_PRESENTATION_REPRESENTATION (  '', ( #328 ), #6113 ) ;
#656 = ORIENTED_EDGE ( 'NONE', *, *, #3304, .F. ) ;
#657 = SURFACE_SIDE_STYLE ('',( #4062 ) ) ;
#658 = DIRECTION ( 'NONE',  ( -0.9610992334305258300, 0.0000000000000000000, -0.2762033010288899600 ) ) ;
#659 =( LENGTH_UNIT ( ) NAMED_UNIT ( * ) SI_UNIT ( .MILLI., .METRE. ) );
#660 = VECTOR ( 'NONE', #5513, 1000.000000000000000 ) ;
#661 = ORIENTED_EDGE ( 'NONE', *, *, #481, .T. ) ;
#662 = PRESENTATION_LAYER_ASSIGNMENT (  '', '', ( #2370 ) ) ;
#663 = CARTESIAN_POINT ( 'NONE',  ( 5.050000000000002500, 4.929470609902312900, -1.096930793430110000 ) ) ;
#664 =( LENGTH_UNIT ( ) NAMED_UNIT ( * ) SI_UNIT ( .MILLI., .METRE. ) );
#665 = CARTESIAN_POINT ( 'NONE',  ( 0.2000000000000000100, 0.2000000000000000100, -6.200000000000001100 ) ) ;
#666 = VECTOR ( 'NONE', #2225, 1000.000000000000000 ) ;
#667 = ORIENTED_EDGE ( 'NONE', *, *, #1009, .T. ) ;
#668 = DIRECTION ( 'NONE',  ( -0.0000000000000000000, -1.000000000000000000, -0.0000000000000000000 ) ) ;
#669 = PRESENTATION_LAYER_ASSIGNMENT (  '', '', ( #2300 ) ) ;
#670 = DIRECTION ( 'NONE',  ( -0.2732148821745348200, 0.0000000000000000000, 0.9619530280415750100 ) ) ;
#671 = AXIS2_PLACEMENT_3D ( 'NONE', #3906, #3340, #4379 ) ;
#672 = CARTESIAN_POINT ( 'NONE',  ( 3.450000000000001100, 8.000000000000000000, -6.400000000000000400 ) ) ;
#673 = COLOUR_RGB ( '',0.1019607843137254900, 0.1019607843137254900, 0.1019607843137254900 ) ;
#674 = ORIENTED_EDGE ( 'NONE', *, *, #2556, .T. ) ;
#675 = DIRECTION ( 'NONE',  ( -1.953715462435022800E-016, 0.0000000000000000000, -1.000000000000000000 ) ) ;
#676 = LINE ( 'NONE', #1061, #2122 ) ;
#677 = DIRECTION ( 'NONE',  ( 1.000000000000000000, 0.0000000000000000000, 0.0000000000000000000 ) ) ;
#678 = FILL_AREA_STYLE_COLOUR ( '', #4285 ) ;
#679 =( NAMED_UNIT ( * ) SI_UNIT ( $, .STERADIAN. ) SOLID_ANGLE_UNIT ( ) );
#680 = SURFACE_STYLE_FILL_AREA ( #37 ) ;
#681 = VERTEX_POINT ( 'NONE', #4986 ) ;
#682 = DIRECTION ( 'NONE',  ( -0.2762033010288899600, 0.0000000000000000000, 0.9610992334305258300 ) ) ;
#683 = CIRCLE ( 'NONE', #1449, 2.303069206569890800 ) ;
#684 = EDGE_CURVE ( 'NONE', #4598, #892, #5590, .T. ) ;
#685 = SURFACE_STYLE_USAGE ( .BOTH. , #5086 ) ;
#686 = PRESENTATION_LAYER_ASSIGNMENT (  '', '', ( #5689 ) ) ;
#687 = UNCERTAINTY_MEASURE_WITH_UNIT (LENGTH_MEASURE( 1.000000000000000100E-005 ), #1511, 'distance_accuracy_value', 'NONE');
#688 = PLANE ( 'NONE',  #6245 ) ;
#689 = SURFACE_STYLE_FILL_AREA ( #3633 ) ;
#690 = ORIENTED_EDGE ( 'NONE', *, *, #4305, .F. ) ;
#691 = SURFACE_STYLE_FILL_AREA ( #4270 ) ;
#692 = CARTESIAN_POINT ( 'NONE',  ( 2.250000000000001800, 4.929470609902312900, -1.096930793430110000 ) ) ;
#693 = CARTESIAN_POINT ( 'NONE',  ( 1.088098244891528400, 8.005000000000000800, -2.728088479027833900 ) ) ;
#694 = DIRECTION ( 'NONE',  ( 0.0000000000000000000, 0.0000000000000000000, 1.000000000000000000 ) ) ;
#695 = LINE ( 'NONE', #1576, #4737 ) ;
#696 = EDGE_CURVE ( 'NONE', #721, #4603, #1181, .T. ) ;
#697 = VECTOR ( 'NONE', #2557, 1000.000000000000000 ) ;
#698 = STYLED_ITEM ( 'NONE', ( #6188 ), #5294 ) ;
#699 =( LENGTH_UNIT ( ) NAMED_UNIT ( * ) SI_UNIT ( .MILLI., .METRE. ) );
#700 = DIRECTION ( 'NONE',  ( -1.000000000000000000, -0.0000000000000000000, -0.0000000000000000000 ) ) ;
#701 = LINE ( 'NONE', #2362, #3339 ) ;
#702 = VECTOR ( 'NONE', #1797, 1000.000000000000100 ) ;
#703 = LINE ( 'NONE', #2516, #5712 ) ;
#704 =( LENGTH_UNIT ( ) NAMED_UNIT ( * ) SI_UNIT ( .MILLI., .METRE. ) );
#705 =( LENGTH_UNIT ( ) NAMED_UNIT ( * ) SI_UNIT ( .MILLI., .METRE. ) );
#706 = DIRECTION ( 'NONE',  ( 1.157720421520753000E-016, -1.000000000000000000, 0.0000000000000000000 ) ) ;
#707 = PRODUCT ( 'IFC_NTSBT01W_L7.5W6.4H8', 'IFC_NTSBT01W_L7.5W6.4H8', '', ( #5260 ) ) ;
#708 = PRESENTATION_STYLE_ASSIGNMENT (( #4884 ) ) ;
#709 = CIRCLE ( 'NONE', #4682, 0.2999999999999999300 ) ;
#710 = DIRECTION ( 'NONE',  ( -4.182971413094637300E-016, -1.000000000000000000, 0.0000000000000000000 ) ) ;
#711 = ORIENTED_EDGE ( 'NONE', *, *, #3450, .F. ) ;
#712 = AXIS2_PLACEMENT_3D ( 'NONE', #1607, #3040, #5537 ) ;
#713 = EDGE_LOOP ( 'NONE', ( #3425, #997, #5088, #6021 ) ) ;
#714 = ORIENTED_EDGE ( 'NONE', *, *, #962, .F. ) ;
#715 = CARTESIAN_POINT ( 'NONE',  ( 0.8876613702446638500, 8.000000000000000000, -2.684234636770968000 ) ) ;
#716 = DIRECTION ( 'NONE',  ( 0.0000000000000000000, 0.0000000000000000000, -1.000000000000000000 ) ) ;
#717 = VERTEX_POINT ( 'NONE', #5938 ) ;
#718 = LINE ( 'NONE', #2843, #487 ) ;
#719 = ORIENTED_EDGE ( 'NONE', *, *, #364, .F. ) ;
#720 = UNCERTAINTY_MEASURE_WITH_UNIT (LENGTH_MEASURE( 1.000000000000000100E-005 ), #1673, 'distance_accuracy_value', 'NONE');
#721 = VERTEX_POINT ( 'NONE', #3512 ) ;
#722 = STYLED_ITEM ( 'NONE', ( #3449 ), #4329 ) ;
#723 = FILL_AREA_STYLE_COLOUR ( '', #4527 ) ;
#724 = ADVANCED_FACE ( 'NONE', ( #2908 ), #3446, .T. ) ;
#725 = EDGE_CURVE ( 'NONE', #2067, #5471, #1890, .T. ) ;
#726 = ORIENTED_EDGE ( 'NONE', *, *, #2250, .F. ) ;
#727 = SURFACE_SIDE_STYLE ('',( #6040 ) ) ;
#728 = CARTESIAN_POINT ( 'NONE',  ( 1.210000000000000200, 0.0000000000000000000, -4.169999999999999900 ) ) ;
#729 = ORIENTED_EDGE ( 'NONE', *, *, #4223, .F. ) ;
#730 = DIRECTION ( 'NONE',  ( -3.558818516449895000E-016, 0.0000000000000000000, -1.000000000000000000 ) ) ;
#731 =( LENGTH_UNIT ( ) NAMED_UNIT ( * ) SI_UNIT ( .MILLI., .METRE. ) );
#732 = PRESENTATION_STYLE_ASSIGNMENT (( #4432 ) ) ;
#733 = EDGE_CURVE ( 'NONE', #6198, #4860, #2840, .T. ) ;
#734 = CARTESIAN_POINT ( 'NONE',  ( 1.676445934406437100, 0.0000000000000000000, -6.200000000000001100 ) ) ;
#735 = CARTESIAN_POINT ( 'NONE',  ( 4.567125327239032200, 4.054010373035232800, 0.0000000000000000000 ) ) ;
#736 = ORIENTED_EDGE ( 'NONE', *, *, #5575, .T. ) ;
#737 = DIRECTION ( 'NONE',  ( -0.2746918797678739000, 0.0000000000000000000, 0.9615323037681011700 ) ) ;
#738 = CARTESIAN_POINT ( 'NONE',  ( 4.050000000000002500, -0.8000000000000000400, -0.2000000000000000100 ) ) ;
#739 =( LENGTH_UNIT ( ) NAMED_UNIT ( * ) SI_UNIT ( .MILLI., .METRE. ) );
#740 = ORIENTED_EDGE ( 'NONE', *, *, #2986, .T. ) ;
#741 = CARTESIAN_POINT ( 'NONE',  ( 1.593603221931818600, 0.08284271247461864900, -6.400000000000001200 ) ) ;
#742 = EDGE_CURVE ( 'NONE', #6267, #4410, #2318, .T. ) ;
#743 = LINE ( 'NONE', #3882, #430 ) ;
#744 = DIRECTION ( 'NONE',  ( -0.0000000000000000000, -1.000000000000000000, -0.0000000000000000000 ) ) ;
#745 = VECTOR ( 'NONE', #5781, 1000.000000000000000 ) ;
#746 = VERTEX_POINT ( 'NONE', #104 ) ;
#747 = CARTESIAN_POINT ( 'NONE',  ( 0.5885729675345048300, 8.000000000000000000, -2.424323869812436100 ) ) ;
#748 = CARTESIAN_POINT ( 'NONE',  ( 1.476445934406436700, 8.000000000000000000, -6.200000000000001100 ) ) ;
#749 = MECHANICAL_DESIGN_GEOMETRIC_PRESENTATION_REPRESENTATION (  '', ( #5992 ), #2045 ) ;
#750 = VERTEX_POINT ( 'NONE', #5387 ) ;
#751 = FILL_AREA_STYLE_COLOUR ( '', #3577 ) ;
#752 = LINE ( 'NONE', #2605, #1965 ) ;
#753 = CARTESIAN_POINT ( 'NONE',  ( 4.767125327239031500, 0.0000000000000000000, 0.0000000000000000000 ) ) ;
#754 =( NAMED_UNIT ( * ) PLANE_ANGLE_UNIT ( ) SI_UNIT ( $, .RADIAN. ) );
#755 = ADVANCED_FACE ( 'NONE', ( #3604, #3291, #5426 ), #1602, .T. ) ;
#756 = FILL_AREA_STYLE_COLOUR ( '', #3558 ) ;
#757 = CARTESIAN_POINT ( 'NONE',  ( 1.210000000000000200, -6.500000000000000000, -2.230000000000000400 ) ) ;
#758 = ORIENTED_EDGE ( 'NONE', *, *, #1295, .F. ) ;
#759 = LINE ( 'NONE', #4098, #292 ) ;
#760 = DIRECTION ( 'NONE',  ( 0.0000000000000000000, 0.0000000000000000000, 1.000000000000000000 ) ) ;
#761 =( GEOMETRIC_REPRESENTATION_CONTEXT ( 3 ) GLOBAL_UNCERTAINTY_ASSIGNED_CONTEXT ( ( #5774 ) ) GLOBAL_UNIT_ASSIGNED_CONTEXT ( ( #2296, #848, #1346 ) ) REPRESENTATION_CONTEXT ( 'NONE', 'WORKASPACE' ) );
#762 =( NAMED_UNIT ( * ) SI_UNIT ( $, .STERADIAN. ) SOLID_ANGLE_UNIT ( ) );
#763 = EDGE_CURVE ( 'NONE', #1786, #4421, #6025, .T. ) ;
#764 = VERTEX_POINT ( 'NONE', #3969 ) ;
#765 = CARTESIAN_POINT ( 'NONE',  ( 7.299999999999999800, 7.800000000000000700, -6.400000000000000400 ) ) ;
#766 = LINE ( 'NONE', #5936, #5771 ) ;
#767 =( LENGTH_UNIT ( ) NAMED_UNIT ( * ) SI_UNIT ( .MILLI., .METRE. ) );
#768 = VERTEX_POINT ( 'NONE', #165 ) ;
#769 = EDGE_CURVE ( 'NONE', #5512, #6253, #1636, .T. ) ;
#770 = PRESENTATION_STYLE_ASSIGNMENT (( #1219 ) ) ;
#771 = PLANE ( 'NONE',  #1936 ) ;
#772 = MECHANICAL_DESIGN_GEOMETRIC_PRESENTATION_REPRESENTATION (  '', ( #1762 ), #4607 ) ;
#773 = STYLED_ITEM ( 'NONE', ( #1345 ), #4284 ) ;
#774 = DIRECTION ( 'NONE',  ( 0.0000000000000000000, 1.000000000000000000, 0.0000000000000000000 ) ) ;
#775 = SPHERICAL_SURFACE ( 'NONE', #3311, 0.2000000000000000100 ) ;
#776 = DIRECTION ( 'NONE',  ( 0.9610664548995610000, 0.0000000000000000000, 0.2763173343581436000 ) ) ;
#777 = EDGE_LOOP ( 'NONE', ( #5840, #1668, #1577, #4660 ) ) ;
#778 = SURFACE_SIDE_STYLE ('',( #1103 ) ) ;
#779 = SURFACE_SIDE_STYLE ('',( #5036 ) ) ;
#780 = SURFACE_STYLE_USAGE ( .BOTH. , #3681 ) ;
#781 =( GEOMETRIC_REPRESENTATION_CONTEXT ( 3 ) GLOBAL_UNCERTAINTY_ASSIGNED_CONTEXT ( ( #5167 ) ) GLOBAL_UNIT_ASSIGNED_CONTEXT ( ( #2558, #5444, #2534 ) ) REPRESENTATION_CONTEXT ( 'NONE', 'WORKASPACE' ) );
#782 = ORIENTED_EDGE ( 'NONE', *, *, #934, .F. ) ;
#783 =( LENGTH_UNIT ( ) NAMED_UNIT ( * ) SI_UNIT ( .MILLI., .METRE. ) );
#784 = VECTOR ( 'NONE', #1358, 1000.000000000000000 ) ;
#785 = ORIENTED_EDGE ( 'NONE', *, *, #3863, .T. ) ;
#786 = DIRECTION ( 'NONE',  ( 0.0000000000000000000, 1.000000000000000000, 0.0000000000000000000 ) ) ;
#787 = ADVANCED_FACE ( 'NONE', ( #6265 ), #792, .T. ) ;
#788 = FILL_AREA_STYLE ('',( #5670 ) ) ;
#789 = ORIENTED_EDGE ( 'NONE', *, *, #4345, .T. ) ;
#790 = SURFACE_SIDE_STYLE ('',( #4393 ) ) ;
#791 = PRESENTATION_STYLE_ASSIGNMENT (( #1056 ) ) ;
#792 = TOROIDAL_SURFACE ( 'NONE', #4137, 2.103069206569890200, 0.2000000000000000100 ) ;
#793 = EDGE_LOOP ( 'NONE', ( #3914, #4555, #3958, #291 ) ) ;
#794 = FILL_AREA_STYLE ('',( #3737 ) ) ;
#795 = CARTESIAN_POINT ( 'NONE',  ( 0.7789732856829172400, 8.000000000000000000, -1.504362965284422100 ) ) ;
#796 = EDGE_LOOP ( 'NONE', ( #4917, #4761, #5213, #6222 ) ) ;
#797 = MECHANICAL_DESIGN_GEOMETRIC_PRESENTATION_REPRESENTATION (  '', ( #1661 ), #3507 ) ;
#798 =( GEOMETRIC_REPRESENTATION_CONTEXT ( 3 ) GLOBAL_UNCERTAINTY_ASSIGNED_CONTEXT ( ( #5473 ) ) GLOBAL_UNIT_ASSIGNED_CONTEXT ( ( #485, #6309, #2400 ) ) REPRESENTATION_CONTEXT ( 'NONE', 'WORKASPACE' ) );
#799 = CARTESIAN_POINT ( 'NONE',  ( 7.299999999999999800, 7.800000000000000700, -6.200000000000001100 ) ) ;
#800 = CARTESIAN_POINT ( 'NONE',  ( 4.250000000000002700, -1.000000000000000000, -6.200000000000001100 ) ) ;
#801 = FACE_OUTER_BOUND ( 'NONE', #3747, .T. ) ;
#802 = VERTEX_POINT ( 'NONE', #3035 ) ;
#803 =( BOUNDED_CURVE ( )  B_SPLINE_CURVE ( 3, ( #735, #6034, #3615, #2182 ),
 .UNSPECIFIED., .F., .F. ) 
 B_SPLINE_CURVE_WITH_KNOTS ( ( 4, 4 ),
 ( 4.712388980384689700, 6.283185307179585300 ),
 .UNSPECIFIED. ) 
 CURVE ( )  GEOMETRIC_REPRESENTATION_ITEM ( )  RATIONAL_B_SPLINE_CURVE ( ( 1.000000000000000000, 0.8047378541243652700, 0.8047378541243652700, 1.000000000000000000 ) ) 
 REPRESENTATION_ITEM ( '' )  );
#804 = DIRECTION ( 'NONE',  ( -0.0000000000000000000, -1.000000000000000000, -0.0000000000000000000 ) ) ;
#805 = PRESENTATION_LAYER_ASSIGNMENT (  '', '', ( #6136 ) ) ;
#806 = LINE ( 'NONE', #6293, #4858 ) ;
#807 = EDGE_CURVE ( 'NONE', #4462, #5211, #180, .T. ) ;
#808 = ORIENTED_EDGE ( 'NONE', *, *, #1788, .T. ) ;
#809 = FILL_AREA_STYLE_COLOUR ( '', #403 ) ;
#810 = AXIS2_PLACEMENT_3D ( 'NONE', #456, #941, #4009 ) ;
#811 = EDGE_CURVE ( 'NONE', #1392, #2486, #331, .T. ) ;
#812 = DIRECTION ( 'NONE',  ( 1.000000000000000000, -0.0000000000000000000, -0.0000000000000000000 ) ) ;
#813 = CARTESIAN_POINT ( 'NONE',  ( 0.2000000000000000100, 0.1999999999999996500, -6.400000000000000400 ) ) ;
#814 = ORIENTED_EDGE ( 'NONE', *, *, #150, .T. ) ;
#815 =( NAMED_UNIT ( * ) PLANE_ANGLE_UNIT ( ) SI_UNIT ( $, .RADIAN. ) );
#816 = EDGE_CURVE ( 'NONE', #4736, #189, #5203, .T. ) ;
#817 = AXIS2_PLACEMENT_3D ( 'NONE', #5017, #1543, #1066 ) ;
#818 = FACE_OUTER_BOUND ( 'NONE', #1124, .T. ) ;
#819 = ORIENTED_EDGE ( 'NONE', *, *, #5290, .F. ) ;
#820 = CARTESIAN_POINT ( 'NONE',  ( 0.4350673547405130600, 8.000000000000000000, -2.239568348400532200 ) ) ;
#821 = ORIENTED_EDGE ( 'NONE', *, *, #2115, .T. ) ;
#822 =( GEOMETRIC_REPRESENTATION_CONTEXT ( 3 ) GLOBAL_UNCERTAINTY_ASSIGNED_CONTEXT ( ( #5589 ) ) GLOBAL_UNIT_ASSIGNED_CONTEXT ( ( #1334, #3210, #2242 ) ) REPRESENTATION_CONTEXT ( 'NONE', 'WORKASPACE' ) );
#823 = SURFACE_SIDE_STYLE ('',( #2308 ) ) ;
#824 = SURFACE_STYLE_USAGE ( .BOTH. , #373 ) ;
#825 = VERTEX_POINT ( 'NONE', #6047 ) ;
#826 = CARTESIAN_POINT ( 'NONE',  ( 1.676445934406436600, 7.800000000000000700, -6.200000000000001100 ) ) ;
#827 = STYLED_ITEM ( 'NONE', ( #650 ), #3166 ) ;
#828 = CARTESIAN_POINT ( 'NONE',  ( 2.732874672760973400, 4.254010373035234800, -5.401790462024471200 ) ) ;
#829 = EDGE_CURVE ( 'NONE', #5471, #681, #2383, .T. ) ;
#830 = ORIENTED_EDGE ( 'NONE', *, *, #2158, .T. ) ;
#831 = CARTESIAN_POINT ( 'NONE',  ( 3.250000000000001300, -0.8000000000000000400, -6.200000000000001100 ) ) ;
#832 = DIRECTION ( 'NONE',  ( 0.0000000000000000000, 1.000000000000000000, 0.0000000000000000000 ) ) ;
#833 =( LENGTH_UNIT ( ) NAMED_UNIT ( * ) SI_UNIT ( .MILLI., .METRE. ) );
#834 = COLOUR_RGB ( '',0.1019607843137254900, 0.1019607843137254900, 0.1019607843137254900 ) ;
#835 = EDGE_LOOP ( 'NONE', ( #5151, #2538 ) ) ;
#836 = VECTOR ( 'NONE', #5380, 1000.000000000000000 ) ;
#837 = EDGE_CURVE ( 'NONE', #1846, #2364, #4841, .T. ) ;
#838 = CARTESIAN_POINT ( 'NONE',  ( 0.8876613702460888200, 8.000000000000000000, -4.409350236543372300 ) ) ;
#839 = AXIS2_PLACEMENT_3D ( 'NONE', #579, #1055, #1578 ) ;
#840 = EDGE_CURVE ( 'NONE', #5827, #4704, #2763, .T. ) ;
#841 = VERTEX_POINT ( 'NONE', #2571 ) ;
#842 = CARTESIAN_POINT ( 'NONE',  ( 0.8036416849884211500, 8.005000000000000800, -1.736020322378861500 ) ) ;
#843 = CYLINDRICAL_SURFACE ( 'NONE', #5877, 0.2999999999999999300 ) ;
#844 = FACE_OUTER_BOUND ( 'NONE', #410, .T. ) ;
#845 = ADVANCED_FACE ( 'NONE', ( #107 ), #257, .T. ) ;
#846 = CARTESIAN_POINT ( 'NONE',  ( 3.450000000000001100, -1.000000000000000000, -0.2000000000000000100 ) ) ;
#847 = CARTESIAN_POINT ( 'NONE',  ( 5.823554065593562300, 0.0000000000000000000, -2.219774974057283900 ) ) ;
#848 =( NAMED_UNIT ( * ) PLANE_ANGLE_UNIT ( ) SI_UNIT ( $, .RADIAN. ) );
#849 = PRESENTATION_LAYER_ASSIGNMENT (  '', '', ( #5732 ) ) ;
#850 = LINE ( 'NONE', #1589, #5863 ) ;
#851 = AXIS2_PLACEMENT_3D ( 'NONE', #632, #3513, #560 ) ;
#852 = CARTESIAN_POINT ( 'NONE',  ( 0.2000000000000000100, 7.800000000000000700, -0.2000000000000000100 ) ) ;
#853 = ORIENTED_EDGE ( 'NONE', *, *, #288, .T. ) ;
#854 = DIRECTION ( 'NONE',  ( 1.000000000000000000, -4.182971413094637300E-016, 0.0000000000000000000 ) ) ;
#855 = VECTOR ( 'NONE', #3048, 1000.000000000000100 ) ;
#856 = LINE ( 'NONE', #5762, #2156 ) ;
#857 = ORIENTED_EDGE ( 'NONE', *, *, #2768, .F. ) ;
#858 =( GEOMETRIC_REPRESENTATION_CONTEXT ( 3 ) GLOBAL_UNCERTAINTY_ASSIGNED_CONTEXT ( ( #1535 ) ) GLOBAL_UNIT_ASSIGNED_CONTEXT ( ( #428, #1419, #3344 ) ) REPRESENTATION_CONTEXT ( 'NONE', 'WORKASPACE' ) );
#859 = ADVANCED_FACE ( 'NONE', ( #3983 ), #5962, .F. ) ;
#860 = SURFACE_STYLE_USAGE ( .BOTH. , #414 ) ;
#861 = VERTEX_POINT ( 'NONE', #4182 ) ;
#862 = ORIENTED_EDGE ( 'NONE', *, *, #4900, .T. ) ;
#863 = VERTEX_POINT ( 'NONE', #334 ) ;
#864 = FILL_AREA_STYLE_COLOUR ( '', #1166 ) ;
#865 = MECHANICAL_DESIGN_GEOMETRIC_PRESENTATION_REPRESENTATION (  '', ( #4919 ), #261 ) ;
#866 = VERTEX_POINT ( 'NONE', #2717 ) ;
#867 = ORIENTED_EDGE ( 'NONE', *, *, #4974, .T. ) ;
#868 = SURFACE_SIDE_STYLE ('',( #3622 ) ) ;
#869 = ORIENTED_EDGE ( 'NONE', *, *, #958, .F. ) ;
#870 = CARTESIAN_POINT ( 'NONE',  ( 5.050000000000002500, 4.929470609902312900, -5.503069206569891000 ) ) ;
#871 = COLOUR_RGB ( '',0.1019607843137254900, 0.1019607843137254900, 0.1019607843137254900 ) ;
#872 = ORIENTED_EDGE ( 'NONE', *, *, #3157, .T. ) ;
#873 = UNCERTAINTY_MEASURE_WITH_UNIT (LENGTH_MEASURE( 1.000000000000000100E-005 ), #4388, 'distance_accuracy_value', 'NONE');
#874 = AXIS2_PLACEMENT_3D ( 'NONE', #5566, #5643, #3619 ) ;
#875 = ADVANCED_FACE ( 'NONE', ( #5791 ), #1087, .T. ) ;
#876 =( GEOMETRIC_REPRESENTATION_CONTEXT ( 3 ) GLOBAL_UNCERTAINTY_ASSIGNED_CONTEXT ( ( #6139 ) ) GLOBAL_UNIT_ASSIGNED_CONTEXT ( ( #6079, #3133, #2181 ) ) REPRESENTATION_CONTEXT ( 'NONE', 'WORKASPACE' ) );
#877 = SURFACE_STYLE_FILL_AREA ( #163 ) ;
#878 = PRESENTATION_STYLE_ASSIGNMENT (( #2503 ) ) ;
#879 = ORIENTED_EDGE ( 'NONE', *, *, #1606, .T. ) ;
#880 = FILL_AREA_STYLE ('',( #897 ) ) ;
#881 = DIRECTION ( 'NONE',  ( 3.558818516449896000E-016, 0.0000000000000000000, 1.000000000000000000 ) ) ;
#882 = EDGE_CURVE ( 'NONE', #491, #5945, #543, .T. ) ;
#883 = DIRECTION ( 'NONE',  ( 0.0000000000000000000, 0.0000000000000000000, -1.000000000000000000 ) ) ;
#884 = AXIS2_PLACEMENT_3D ( 'NONE', #4107, #682, #2175 ) ;
#885 = EDGE_LOOP ( 'NONE', ( #5143, #1045, #2472, #4318 ) ) ;
#886 = CARTESIAN_POINT ( 'NONE',  ( 7.299999999999999800, 8.000000000000000000, 0.0000000000000000000 ) ) ;
#887 = FILL_AREA_STYLE_COLOUR ( '', #1428 ) ;
#888 = FACE_OUTER_BOUND ( 'NONE', #835, .T. ) ;
#889 = ORIENTED_EDGE ( 'NONE', *, *, #4645, .T. ) ;
#890 =( NAMED_UNIT ( * ) SI_UNIT ( $, .STERADIAN. ) SOLID_ANGLE_UNIT ( ) );
#891 = CARTESIAN_POINT ( 'NONE',  ( 5.159698405272672900, 2.872787572806491800, -4.180225025942715600 ) ) ;
#892 = VERTEX_POINT ( 'NONE', #6138 ) ;
#893 = AXIS2_PLACEMENT_3D ( 'NONE', #5699, #298, #3695 ) ;
#894 = CARTESIAN_POINT ( 'NONE',  ( 0.5907798819880761800, 8.005000000000000800, -4.993907927677669900 ) ) ;
#895 = DIRECTION ( 'NONE',  ( -1.000000000000000000, 0.0000000000000000000, 0.0000000000000000000 ) ) ;
#896 = ORIENTED_EDGE ( 'NONE', *, *, #2755, .F. ) ;
#897 = FILL_AREA_STYLE_COLOUR ( '', #4485 ) ;
#898 = FACE_OUTER_BOUND ( 'NONE', #3027, .T. ) ;
#899 = DIRECTION ( 'NONE',  ( -1.000000000000000000, 0.0000000000000000000, 0.0000000000000000000 ) ) ;
#900 = CARTESIAN_POINT ( 'NONE',  ( 1.476445934406436700, 7.800000000000000700, -6.200000000000001100 ) ) ;
#901 = CLOSED_SHELL ( 'NONE', ( #4163, #787, #3166, #474, #394, #5275, #2818, #5947, #61, #444, #2727, #755, #1842, #240, #29, #3849, #1600, #3802, #6167, #3453, #3289, #5352, #2314, #5250, #6214, #1271, #368, #2386, #4256, #3419, #5410, #4501, #5912, #5096, #87, #1881, #724, #3302, #3274, #1808, #3198, #2061, #1391, #4742, #1471, #1529, #4284, #3001, #5759, #3949, #4763, #4796, #3918, #1074, #5187, #6229, #2693, #2356, #5855, #2342, #3676, #5443, #2546, #6072, #1941, #4718, #3645, #978, #6283, #4227, #1853, #2029, #4364, #120, #948, #499, #6308, #913, #3770, #5608, #2283, #1501, #6108, #3386, #591, #2218, #2803, #3259, #1207, #4961, #1437, #845, #5716, #2664, #4464, #2484, #3980, #413, #2190, #3123, #5294, #3360, #1359, #4329, #4193, #875, #5636, #1756, #3526, #3491, #4872, #1409, #557, #4402, #5157, #335, #4985, #1566, #2916, #2971, #275, #5321, #4267, #4780, #4301, #300, #1041, #5232, #5477, #1014, #4659, #378, #2331, #2757, #4132, #1970, #5819, #5221, #2833, #2886, #5690, #3706, #6241, #1728, #3315, #2787, #3816, #4896, #3884, #859, #2000, #3784, #5746, #1823, #1332, #4929, #3739, #5378, #6202, #526, #2512, #3329 ) ) ;
#902 = ORIENTED_EDGE ( 'NONE', *, *, #2036, .T. ) ;
#903 = CARTESIAN_POINT ( 'NONE',  ( 0.5907974110767845200, 8.005000000000000800, -5.214709366609894500 ) ) ;
#904 = UNCERTAINTY_MEASURE_WITH_UNIT (LENGTH_MEASURE( 1.000000000000000100E-005 ), #699, 'distance_accuracy_value', 'NONE');
#905 = STYLED_ITEM ( 'NONE', ( #563 ), #3123 ) ;
#906 = DIRECTION ( 'NONE',  ( 0.002813301677222472800, 0.0000000000000000000, -0.9999960426590062100 ) ) ;
#907 = EDGE_CURVE ( 'NONE', #5305, #1916, #625, .T. ) ;
#908 = DIRECTION ( 'NONE',  ( 1.000000000000000000, 0.0000000000000000000, 0.0000000000000000000 ) ) ;
#909 = DIRECTION ( 'NONE',  ( -0.9620200793798305800, 0.0000000000000000000, -0.2729786930696691000 ) ) ;
#910 = LINE ( 'NONE', #1934, #3399 ) ;
#911 = ORIENTED_EDGE ( 'NONE', *, *, #5620, .F. ) ;
#912 = EDGE_CURVE ( 'NONE', #3235, #117, #6110, .T. ) ;
#913 = ADVANCED_FACE ( 'NONE', ( #1553 ), #3819, .T. ) ;
#914 = PRESENTATION_LAYER_ASSIGNMENT (  '', '', ( #587 ) ) ;
#915 = SURFACE_STYLE_USAGE ( .BOTH. , #432 ) ;
#916 = EDGE_CURVE ( 'NONE', #1855, #3867, #4521, .T. ) ;
#917 = SURFACE_STYLE_FILL_AREA ( #5660 ) ;
#918 = ORIENTED_EDGE ( 'NONE', *, *, #5697, .T. ) ;
#919 =( NAMED_UNIT ( * ) PLANE_ANGLE_UNIT ( ) SI_UNIT ( $, .RADIAN. ) );
#920 = FACE_OUTER_BOUND ( 'NONE', #6116, .T. ) ;
#921 = CARTESIAN_POINT ( 'NONE',  ( 0.7386014640062313900, 8.005000000000000800, -4.105845552804479000 ) ) ;
#922 = EDGE_LOOP ( 'NONE', ( #5706, #370, #2851, #6286 ) ) ;
#923 = EDGE_CURVE ( 'NONE', #3732, #866, #1922, .T. ) ;
#924 =( NAMED_UNIT ( * ) PLANE_ANGLE_UNIT ( ) SI_UNIT ( $, .RADIAN. ) );
#925 =( NAMED_UNIT ( * ) SI_UNIT ( $, .STERADIAN. ) SOLID_ANGLE_UNIT ( ) );
#926 = AXIS2_PLACEMENT_3D ( 'NONE', #3125, #5229, #4244 ) ;
#927 = DIRECTION ( 'NONE',  ( 1.000000000000000000, 0.0000000000000000000, 0.0000000000000000000 ) ) ;
#928 = PRESENTATION_STYLE_ASSIGNMENT (( #1706 ) ) ;
#929 = DIRECTION ( 'NONE',  ( 0.0000000000000000000, -0.0000000000000000000, -1.000000000000000000 ) ) ;
#930 = ORIENTED_EDGE ( 'NONE', *, *, #1133, .T. ) ;
#931 = CARTESIAN_POINT ( 'NONE',  ( 1.210000000000000200, -6.500000000000000000, -1.930000000000000400 ) ) ;
#932 = SURFACE_STYLE_FILL_AREA ( #143 ) ;
#933 = ORIENTED_EDGE ( 'NONE', *, *, #5401, .T. ) ;
#934 = EDGE_CURVE ( 'NONE', #6297, #2906, #3509, .T. ) ;
#935 = ORIENTED_EDGE ( 'NONE', *, *, #2764, .F. ) ;
#936 = DIRECTION ( 'NONE',  ( -1.355252715606880500E-016, 0.0000000000000000000, 1.000000000000000000 ) ) ;
#937 = CARTESIAN_POINT ( 'NONE',  ( 1.593603221931818600, 0.08284271247461855200, 1.682139356102516900E-016 ) ) ;
#938 =( NAMED_UNIT ( * ) PLANE_ANGLE_UNIT ( ) SI_UNIT ( $, .RADIAN. ) );
#939 = CIRCLE ( 'NONE', #4173, 0.2000000000000000100 ) ;
#940 = ORIENTED_EDGE ( 'NONE', *, *, #232, .T. ) ;
#941 = DIRECTION ( 'NONE',  ( 0.0000000000000000000, 1.000000000000000000, 0.0000000000000000000 ) ) ;
#942 = FILL_AREA_STYLE_COLOUR ( '', #5577 ) ;
#943 = PRESENTATION_LAYER_ASSIGNMENT (  '', '', ( #2455 ) ) ;
#944 = AXIS2_PLACEMENT_3D ( 'NONE', #663, #4566, #2620 ) ;
#945 = SPHERICAL_SURFACE ( 'NONE', #3846, 0.2000000000000000100 ) ;
#946 = DIRECTION ( 'NONE',  ( -0.0000000000000000000, 1.000000000000000000, 0.0000000000000000000 ) ) ;
#947 = ORIENTED_EDGE ( 'NONE', *, *, #1081, .F. ) ;
#948 = ADVANCED_FACE ( 'NONE', ( #3667 ), #5724, .T. ) ;
#949 = CARTESIAN_POINT ( 'NONE',  ( 4.050000000000003400, 8.000000000000000000, -6.400000000000000400 ) ) ;
#950 = UNCERTAINTY_MEASURE_WITH_UNIT (LENGTH_MEASURE( 1.000000000000000100E-005 ), #6291, 'distance_accuracy_value', 'NONE');
#951 = DIRECTION ( 'NONE',  ( -0.0000000000000000000, -0.0000000000000000000, 1.000000000000000000 ) ) ;
#952 = DIRECTION ( 'NONE',  ( 0.0000000000000000000, 1.000000000000000000, 0.0000000000000000000 ) ) ;
#953 = COLOUR_RGB ( '',0.1019607843137254900, 0.1019607843137254900, 0.1019607843137254900 ) ;
#954 = PRESENTATION_LAYER_ASSIGNMENT (  '', '', ( #6294 ) ) ;
#955 = EDGE_CURVE ( 'NONE', #3985, #764, #99, .T. ) ;
#956 = EDGE_LOOP ( 'NONE', ( #2279, #5266, #2007, #2257 ) ) ;
#957 = SURFACE_SIDE_STYLE ('',( #4027 ) ) ;
#958 = EDGE_CURVE ( 'NONE', #5082, #2033, #1996, .T. ) ;
#959 =( NAMED_UNIT ( * ) PLANE_ANGLE_UNIT ( ) SI_UNIT ( $, .RADIAN. ) );
#960 = CARTESIAN_POINT ( 'NONE',  ( 1.241527841744380000, 8.005000000000000800, -4.342176664924645400 ) ) ;
#961 = VERTEX_POINT ( 'NONE', #4811 ) ;
#962 = EDGE_CURVE ( 'NONE', #4441, #117, #3126, .T. ) ;
#963 = DIRECTION ( 'NONE',  ( 0.0000000000000000000, 0.0000000000000000000, -1.000000000000000000 ) ) ;
#964 = AXIS2_PLACEMENT_3D ( 'NONE', #2527, #2100, #5894 ) ;
#965 = PRESENTATION_STYLE_ASSIGNMENT (( #860 ) ) ;
#966 = ORIENTED_EDGE ( 'NONE', *, *, #769, .F. ) ;
#967 = DIRECTION ( 'NONE',  ( -1.000000000000000000, 0.0000000000000000000, 0.0000000000000000000 ) ) ;
#968 = DIRECTION ( 'NONE',  ( -1.000000000000000000, 0.0000000000000000000, -0.0000000000000000000 ) ) ;
#969 = CARTESIAN_POINT ( 'NONE',  ( 0.4350673547405130000, 8.005000000000000800, -2.112500311261332100 ) ) ;
#970 = VECTOR ( 'NONE', #4013, 1000.000000000000000 ) ;
#971 = ORIENTED_EDGE ( 'NONE', *, *, #4568, .T. ) ;
#972 = PLANE ( 'NONE',  #1049 ) ;
#973 = CARTESIAN_POINT ( 'NONE',  ( 3.450000000000001100, 8.000000000000000000, 0.0000000000000000000 ) ) ;
#974 = LINE ( 'NONE', #5864, #65 ) ;
#975 = ORIENTED_EDGE ( 'NONE', *, *, #840, .F. ) ;
#976 = LINE ( 'NONE', #3554, #3942 ) ;
#977 = ORIENTED_EDGE ( 'NONE', *, *, #2477, .F. ) ;
#978 = ADVANCED_FACE ( 'NONE', ( #2532 ), #2450, .T. ) ;
#979 = CARTESIAN_POINT ( 'NONE',  ( 1.088068819367284500, 8.005000000000000800, -4.385721539159758800 ) ) ;
#980 = FILL_AREA_STYLE_COLOUR ( '', #3996 ) ;
#981 = DIRECTION ( 'NONE',  ( 0.0000000000000000000, 0.0000000000000000000, -1.000000000000000000 ) ) ;
#982 =( GEOMETRIC_REPRESENTATION_CONTEXT ( 3 ) GLOBAL_UNCERTAINTY_ASSIGNED_CONTEXT ( ( #1067 ) ) GLOBAL_UNIT_ASSIGNED_CONTEXT ( ( #3330, #959, #5841 ) ) REPRESENTATION_CONTEXT ( 'NONE', 'WORKASPACE' ) );
#983 = EDGE_LOOP ( 'NONE', ( #5645, #2157, #5998, #4954 ) ) ;
#984 = FACE_OUTER_BOUND ( 'NONE', #2267, .T. ) ;
#985 = VECTOR ( 'NONE', #445, 1000.000000000000000 ) ;
#986 = UNCERTAINTY_MEASURE_WITH_UNIT (LENGTH_MEASURE( 1.000000000000000100E-005 ), #1585, 'distance_accuracy_value', 'NONE');
#987 = CARTESIAN_POINT ( 'NONE',  ( 6.023554065593562400, 8.000000000000000000, -6.200000000000001100 ) ) ;
#988 = DIRECTION ( 'NONE',  ( 0.0000000000000000000, 0.0000000000000000000, -1.000000000000000000 ) ) ;
#989 = DIRECTION ( 'NONE',  ( 1.000000000000000000, -4.182971413094637300E-016, 0.0000000000000000000 ) ) ;
#990 = LINE ( 'NONE', #3231, #3338 ) ;
#991 = ORIENTED_EDGE ( 'NONE', *, *, #513, .T. ) ;
#992 = DIRECTION ( 'NONE',  ( 0.0000000000000000000, 0.0000000000000000000, 1.000000000000000000 ) ) ;
#993 = MECHANICAL_DESIGN_GEOMETRIC_PRESENTATION_REPRESENTATION (  '', ( #2300 ), #1531 ) ;
#994 = MECHANICAL_DESIGN_GEOMETRIC_PRESENTATION_REPRESENTATION (  '', ( #6213 ), #5160 ) ;
#995 = DIRECTION ( 'NONE',  ( 0.0000000000000000000, 0.0000000000000000000, -1.000000000000000000 ) ) ;
#996 = DIRECTION ( 'NONE',  ( 1.000000000000000000, 0.0000000000000000000, 0.0000000000000000000 ) ) ;
#997 = ORIENTED_EDGE ( 'NONE', *, *, #4391, .F. ) ;
#998 = CARTESIAN_POINT ( 'NONE',  ( 2.732874672760973000, 4.254010373035235700, -0.9982095379755290300 ) ) ;
#999 = CYLINDRICAL_SURFACE ( 'NONE', #1711, 0.1999999999999996500 ) ;
#1000 = EDGE_CURVE ( 'NONE', #2761, #5268, #6179, .T. ) ;
#1001 = DIRECTION ( 'NONE',  ( -1.000000000000000000, -0.0000000000000000000, -0.0000000000000000000 ) ) ;
#1002 = CARTESIAN_POINT ( 'NONE',  ( 1.676445934406437100, 0.0000000000000000000, -0.2000000000000000100 ) ) ;
#1003 = CARTESIAN_POINT ( 'NONE',  ( 0.4350673547405130000, 8.005000000000000800, -1.602943381662248500 ) ) ;
#1004 = FACE_OUTER_BOUND ( 'NONE', #1480, .T. ) ;
#1005 = ORIENTED_EDGE ( 'NONE', *, *, #3237, .F. ) ;
#1006 = DIRECTION ( 'NONE',  ( 1.000000000000000000, 0.0000000000000000000, 0.0000000000000000000 ) ) ;
#1007 = CARTESIAN_POINT ( 'NONE',  ( 0.5885999409341159400, 8.005000000000000800, -4.149493416380924100 ) ) ;
#1008 = VECTOR ( 'NONE', #5080, 1000.000000000000000 ) ;
#1009 = EDGE_CURVE ( 'NONE', #4497, #1558, #2678, .T. ) ;
#1010 = ORIENTED_EDGE ( 'NONE', *, *, #5583, .F. ) ;
#1011 = CARTESIAN_POINT ( 'NONE',  ( 0.4350673547405130000, 8.005000000000000800, -2.915793909427316400 ) ) ;
#1012 = ORIENTED_EDGE ( 'NONE', *, *, #1340, .T. ) ;
#1013 = EDGE_CURVE ( 'NONE', #1021, #1478, #856, .T. ) ;
#1014 = ADVANCED_FACE ( 'NONE', ( #6252 ), #4789, .F. ) ;
#1015 = CARTESIAN_POINT ( 'NONE',  ( 6.290000000000000000, -6.500000000000000000, -4.469999999999999800 ) ) ;
#1016 =( NAMED_UNIT ( * ) PLANE_ANGLE_UNIT ( ) SI_UNIT ( $, .RADIAN. ) );
#1017 = ORIENTED_EDGE ( 'NONE', *, *, #3562, .F. ) ;
#1018 =( NAMED_UNIT ( * ) PLANE_ANGLE_UNIT ( ) SI_UNIT ( $, .RADIAN. ) );
#1019 = CARTESIAN_POINT ( 'NONE',  ( 2.932874672760972700, 0.1999999999999996500, 0.0000000000000000000 ) ) ;
#1020 = VERTEX_POINT ( 'NONE', #2796 ) ;
#1021 = VERTEX_POINT ( 'NONE', #3258 ) ;
#1022 = DIRECTION ( 'NONE',  ( -0.8843386665632471100, 0.0000000000000000000, -0.4668459304964947000 ) ) ;
#1023 = ORIENTED_EDGE ( 'NONE', *, *, #5883, .T. ) ;
#1024 = CARTESIAN_POINT ( 'NONE',  ( 7.299999999999999800, 8.000000000000000000, -6.400000000000000400 ) ) ;
#1025 = CARTESIAN_POINT ( 'NONE',  ( 0.8036416849884211500, 8.005000000000000800, -1.736020322378861500 ) ) ;
#1026 = FILL_AREA_STYLE ('',( #2907 ) ) ;
#1027 = VECTOR ( 'NONE', #2341, 1000.000000000000000 ) ;
#1028 = ORIENTED_EDGE ( 'NONE', *, *, #5175, .T. ) ;
#1029 = DIRECTION ( 'NONE',  ( 1.000000000000000000, 0.0000000000000000000, 0.0000000000000000000 ) ) ;
#1030 = FACE_OUTER_BOUND ( 'NONE', #2089, .T. ) ;
#1031 = CARTESIAN_POINT ( 'NONE',  ( 2.450000000000002000, 4.929470609902312900, -0.8969307934301100600 ) ) ;
#1032 = LINE ( 'NONE', #1611, #4944 ) ;
#1033 = ORIENTED_EDGE ( 'NONE', *, *, #3328, .T. ) ;
#1034 = CARTESIAN_POINT ( 'NONE',  ( 4.684282614764412300, 4.171167660560614700, -6.400000000000001200 ) ) ;
#1035 =( NAMED_UNIT ( * ) PLANE_ANGLE_UNIT ( ) SI_UNIT ( $, .RADIAN. ) );
#1036 = AXIS2_PLACEMENT_3D ( 'NONE', #5935, #1574, #5364 ) ;
#1037 = CYLINDRICAL_SURFACE ( 'NONE', #5308, 0.2000000000000000100 ) ;
#1038 = ORIENTED_EDGE ( 'NONE', *, *, #399, .F. ) ;
#1039 = EDGE_CURVE ( 'NONE', #5136, #1089, #3970, .T. ) ;
#1040 =( NAMED_UNIT ( * ) SI_UNIT ( $, .STERADIAN. ) SOLID_ANGLE_UNIT ( ) );
#1041 = ADVANCED_FACE ( 'NONE', ( #4912 ), #1807, .F. ) ;
#1042 = CARTESIAN_POINT ( 'NONE',  ( 6.290000000000000000, -6.500000000000000000, -1.630000000000000100 ) ) ;
#1043 = CARTESIAN_POINT ( 'NONE',  ( 1.241527841744380000, 8.000000000000000000, -1.370874065910685300 ) ) ;
#1044 = DIRECTION ( 'NONE',  ( -1.000000000000000000, 0.0000000000000000000, -0.0000000000000000000 ) ) ;
#1045 = ORIENTED_EDGE ( 'NONE', *, *, #1140, .F. ) ;
#1046 = LINE ( 'NONE', #4544, #3710 ) ;
#1047 = EDGE_CURVE ( 'NONE', #4598, #861, #95, .T. ) ;
#1048 =( NAMED_UNIT ( * ) PLANE_ANGLE_UNIT ( ) SI_UNIT ( $, .RADIAN. ) );
#1049 = AXIS2_PLACEMENT_3D ( 'NONE', #2955, #5413, #5859 ) ;
#1050 = DIRECTION ( 'NONE',  ( 0.0000000000000000000, 0.0000000000000000000, -1.000000000000000000 ) ) ;
#1051 = LINE ( 'NONE', #5429, #2126 ) ;
#1052 = ORIENTED_EDGE ( 'NONE', *, *, #5625, .F. ) ;
#1053 = SURFACE_SIDE_STYLE ('',( #283 ) ) ;
#1054 = LINE ( 'NONE', #2420, #1517 ) ;
#1055 = DIRECTION ( 'NONE',  ( 0.0000000000000000000, -1.000000000000000000, 0.0000000000000000000 ) ) ;
#1056 = SURFACE_STYLE_USAGE ( .BOTH. , #3971 ) ;
#1057 = LINE ( 'NONE', #5188, #5765 ) ;
#1058 = ORIENTED_EDGE ( 'NONE', *, *, #1216, .T. ) ;
#1059 = MECHANICAL_DESIGN_GEOMETRIC_PRESENTATION_REPRESENTATION (  '', ( #5817 ), #1605 ) ;
#1060 = EDGE_CURVE ( 'NONE', #3421, #2364, #1707, .T. ) ;
#1061 = CARTESIAN_POINT ( 'NONE',  ( 4.767125327239030600, 4.254010373035235700, -2.219774974057284700 ) ) ;
#1062 = DIRECTION ( 'NONE',  ( 0.0000000000000000000, 1.000000000000000000, 0.0000000000000000000 ) ) ;
#1063 = ORIENTED_EDGE ( 'NONE', *, *, #5530, .T. ) ;
#1064 = CIRCLE ( 'NONE', #314, 0.1999999999999996500 ) ;
#1065 = VECTOR ( 'NONE', #5112, 1000.000000000000000 ) ;
#1066 = DIRECTION ( 'NONE',  ( -0.9611542233435371700, 0.0000000000000000000, -0.2760118818980114000 ) ) ;
#1067 = UNCERTAINTY_MEASURE_WITH_UNIT (LENGTH_MEASURE( 1.000000000000000100E-005 ), #3330, 'distance_accuracy_value', 'NONE');
#1068 = CARTESIAN_POINT ( 'NONE',  ( 0.2000000000000000100, 8.000000000000000000, -0.2000000000000000100 ) ) ;
#1069 = STYLED_ITEM ( 'NONE', ( #5087 ), #2484 ) ;
#1070 = EDGE_LOOP ( 'NONE', ( #3221, #2879, #1250 ) ) ;
#1071 = DIRECTION ( 'NONE',  ( -0.9611638845405788800, 0.0000000000000000000, -0.2759782365601763900 ) ) ;
#1072 = VECTOR ( 'NONE', #1895, 1000.000000000000000 ) ;
#1073 = DIRECTION ( 'NONE',  ( -0.9610853065513952400, 0.0000000000000000000, -0.2762517575166005800 ) ) ;
#1074 = ADVANCED_FACE ( 'NONE', ( #5124 ), #3662, .T. ) ;
#1075 = DIRECTION ( 'NONE',  ( -2.989837354970738300E-016, 0.0000000000000000000, -1.000000000000000000 ) ) ;
#1076 =( GEOMETRIC_REPRESENTATION_CONTEXT ( 3 ) GLOBAL_UNCERTAINTY_ASSIGNED_CONTEXT ( ( #4674 ) ) GLOBAL_UNIT_ASSIGNED_CONTEXT ( ( #1794, #2255, #3731 ) ) REPRESENTATION_CONTEXT ( 'NONE', 'WORKASPACE' ) );
#1077 = ORIENTED_EDGE ( 'NONE', *, *, #5442, .F. ) ;
#1078 = MECHANICAL_DESIGN_GEOMETRIC_PRESENTATION_REPRESENTATION (  '', ( #427 ), #1170 ) ;
#1079 = CIRCLE ( 'NONE', #4312, 0.2000000000000000100 ) ;
#1080 = LINE ( 'NONE', #2410, #5784 ) ;
#1081 = EDGE_CURVE ( 'NONE', #3743, #2081, #709, .T. ) ;
#1082 = CARTESIAN_POINT ( 'NONE',  ( 4.567125327239032200, 8.000000000000000000, 0.0000000000000000000 ) ) ;
#1083 = ORIENTED_EDGE ( 'NONE', *, *, #3490, .F. ) ;
#1084 = CARTESIAN_POINT ( 'NONE',  ( 1.241527841744380200, 8.005000000000000800, -3.430882837268343500 ) ) ;
#1085 = ORIENTED_EDGE ( 'NONE', *, *, #2872, .T. ) ;
#1086 = LINE ( 'NONE', #5207, #2307 ) ;
#1087 = CYLINDRICAL_SURFACE ( 'NONE', #1752, 0.1999999999999996500 ) ;
#1088 = DIRECTION ( 'NONE',  ( -1.000000000000000000, 0.0000000000000000000, 0.0000000000000000000 ) ) ;
#1089 = VERTEX_POINT ( 'NONE', #4883 ) ;
#1090 = EDGE_CURVE ( 'NONE', #2988, #1861, #5933, .T. ) ;
#1091 = CARTESIAN_POINT ( 'NONE',  ( 1.241527841744380000, 8.000000000000000000, -4.577134585831736000 ) ) ;
#1092 =( LENGTH_UNIT ( ) NAMED_UNIT ( * ) SI_UNIT ( .MILLI., .METRE. ) );
#1093 = MECHANICAL_DESIGN_GEOMETRIC_PRESENTATION_REPRESENTATION (  '', ( #1789 ), #5446 ) ;
#1094 = PLANE ( 'NONE',  #209 ) ;
#1095 = AXIS2_PLACEMENT_3D ( 'NONE', #282, #6082, #2608 ) ;
#1096 = LINE ( 'NONE', #5104, #1930 ) ;
#1097 = ORIENTED_EDGE ( 'NONE', *, *, #5930, .F. ) ;
#1098 = EDGE_LOOP ( 'NONE', ( #1058, #869, #3256, #1874 ) ) ;
#1099 = DIRECTION ( 'NONE',  ( 1.355252715606880500E-016, -0.0000000000000000000, -1.000000000000000000 ) ) ;
#1100 = PRESENTATION_STYLE_ASSIGNMENT (( #4337 ) ) ;
#1101 = DIRECTION ( 'NONE',  ( 0.0000000000000000000, 0.0000000000000000000, -1.000000000000000000 ) ) ;
#1102 = CYLINDRICAL_SURFACE ( 'NONE', #4234, 0.2000000000000000100 ) ;
#1103 = SURFACE_STYLE_FILL_AREA ( #5196 ) ;
#1104 = LINE ( 'NONE', #5895, #3524 ) ;
#1105 = VERTEX_POINT ( 'NONE', #3354 ) ;
#1106 = AXIS2_PLACEMENT_3D ( 'NONE', #753, #5675, #2766 ) ;
#1107 = DIRECTION ( 'NONE',  ( -1.000000000000000000, -0.0000000000000000000, -0.0000000000000000000 ) ) ;
#1108 = SURFACE_STYLE_USAGE ( .BOTH. , #5481 ) ;
#1109 = CARTESIAN_POINT ( 'NONE',  ( 4.167157287525382600, 0.08284271247461863500, -7.573155319898681200E-017 ) ) ;
#1110 = PRESENTATION_STYLE_ASSIGNMENT (( #4799 ) ) ;
#1111 = UNCERTAINTY_MEASURE_WITH_UNIT (LENGTH_MEASURE( 1.000000000000000100E-005 ), #3325, 'distance_accuracy_value', 'NONE');
#1112 = EDGE_LOOP ( 'NONE', ( #933, #1565, #5205, #1436 ) ) ;
#1113 =( LENGTH_UNIT ( ) NAMED_UNIT ( * ) SI_UNIT ( .MILLI., .METRE. ) );
#1114 = SURFACE_SIDE_STYLE ('',( #1776 ) ) ;
#1115 = SURFACE_STYLE_USAGE ( .BOTH. , #3454 ) ;
#1116 = CARTESIAN_POINT ( 'NONE',  ( 3.450000000000001100, -0.8000000000000000400, -0.2000000000000000100 ) ) ;
#1117 = DIRECTION ( 'NONE',  ( 9.054909572959127300E-017, 0.0000000000000000000, 1.000000000000000000 ) ) ;
#1118 = LINE ( 'NONE', #5738, #4866 ) ;
#1119 = ORIENTED_EDGE ( 'NONE', *, *, #411, .F. ) ;
#1120 = DIRECTION ( 'NONE',  ( 1.000000000000000000, 0.0000000000000000000, 1.355252715606883000E-016 ) ) ;
#1121 = CIRCLE ( 'NONE', #5010, 0.3000000000000001600 ) ;
#1122 = STYLED_ITEM ( 'NONE', ( #5090 ), #3676 ) ;
#1123 = LINE ( 'NONE', #1289, #356 ) ;
#1124 = EDGE_LOOP ( 'NONE', ( #4353, #4276, #5726, #4168 ) ) ;
#1125 =( NAMED_UNIT ( * ) PLANE_ANGLE_UNIT ( ) SI_UNIT ( $, .RADIAN. ) );
#1126 = MECHANICAL_DESIGN_GEOMETRIC_PRESENTATION_REPRESENTATION (  '', ( #1210 ), #350 ) ;
#1127 = DIRECTION ( 'NONE',  ( 0.0000000000000000000, 0.0000000000000000000, -1.000000000000000000 ) ) ;
#1128 =( NAMED_UNIT ( * ) SI_UNIT ( $, .STERADIAN. ) SOLID_ANGLE_UNIT ( ) );
#1129 = VERTEX_POINT ( 'NONE', #2478 ) ;
#1130 = CARTESIAN_POINT ( 'NONE',  ( 1.210000000000000200, -6.500000000000000000, -1.930000000000000400 ) ) ;
#1131 = LINE ( 'NONE', #2699, #2414 ) ;
#1132 = SURFACE_STYLE_USAGE ( .BOTH. , #5966 ) ;
#1133 = EDGE_CURVE ( 'NONE', #3928, #2429, #1324, .T. ) ;
#1134 =( NAMED_UNIT ( * ) SI_UNIT ( $, .STERADIAN. ) SOLID_ANGLE_UNIT ( ) );
#1135 = MECHANICAL_DESIGN_GEOMETRIC_PRESENTATION_REPRESENTATION (  '', ( #587 ), #4067 ) ;
#1136 = VERTEX_POINT ( 'NONE', #4901 ) ;
#1137 = FACE_OUTER_BOUND ( 'NONE', #1908, .T. ) ;
#1138 = FILL_AREA_STYLE_COLOUR ( '', #613 ) ;
#1139 = DIRECTION ( 'NONE',  ( -3.907430924870045500E-016, 0.0000000000000000000, 1.000000000000000000 ) ) ;
#1140 = EDGE_CURVE ( 'NONE', #721, #3239, #6103, .T. ) ;
#1141 = SURFACE_STYLE_FILL_AREA ( #2871 ) ;
#1142 = FILL_AREA_STYLE ('',( #6062 ) ) ;
#1143 = ORIENTED_EDGE ( 'NONE', *, *, #5620, .T. ) ;
#1144 = CIRCLE ( 'NONE', #1972, 0.1999999999999996500 ) ;
#1145 = CARTESIAN_POINT ( 'NONE',  ( 0.2000000000000000100, 0.1999999999999996500, -6.200000000000001100 ) ) ;
#1146 = PRESENTATION_LAYER_ASSIGNMENT (  '', '', ( #2327 ) ) ;
#1147 = DIRECTION ( 'NONE',  ( -0.9601763114342665200, 0.0000000000000000000, -0.2793947940826500000 ) ) ;
#1148 = VECTOR ( 'NONE', #1448, 1000.000000000000000 ) ;
#1149 = EDGE_LOOP ( 'NONE', ( #2399, #5742, #3822, #3545 ) ) ;
#1150 =( LENGTH_UNIT ( ) NAMED_UNIT ( * ) SI_UNIT ( .MILLI., .METRE. ) );
#1151 = CARTESIAN_POINT ( 'NONE',  ( 0.4350673547405130000, 8.005000000000000800, -1.602943381662248500 ) ) ;
#1152 = SURFACE_STYLE_USAGE ( .BOTH. , #3666 ) ;
#1153 = SURFACE_STYLE_FILL_AREA ( #2114 ) ;
#1154 = LINE ( 'NONE', #4995, #697 ) ;
#1155 = CARTESIAN_POINT ( 'NONE',  ( 1.210000000000000200, -6.500000000000000000, -1.630000000000000300 ) ) ;
#1156 = FACE_OUTER_BOUND ( 'NONE', #5918, .T. ) ;
#1157 =( BOUNDED_CURVE ( )  B_SPLINE_CURVE ( 3, ( #2097, #2991, #5891, #3467 ),
 .UNSPECIFIED., .F., .T. ) 
 B_SPLINE_CURVE_WITH_KNOTS ( ( 4, 4 ),
 ( 3.141592653589793100, 4.712388980384689700 ),
 .UNSPECIFIED. ) 
 CURVE ( )  GEOMETRIC_REPRESENTATION_ITEM ( )  RATIONAL_B_SPLINE_CURVE ( ( 1.000000000000000000, 0.8047378541243649400, 0.8047378541243649400, 1.000000000000000000 ) ) 
 REPRESENTATION_ITEM ( '' )  );
#1158 = DIRECTION ( 'NONE',  ( -0.2759782365601763900, 0.0000000000000000000, 0.9611638845405788800 ) ) ;
#1159 = CARTESIAN_POINT ( 'NONE',  ( 6.290000000000000000, -6.500000000000000000, -1.930000000000000400 ) ) ;
#1160 = AXIS2_PLACEMENT_3D ( 'NONE', #1371, #5218, #6248 ) ;
#1161 = MECHANICAL_DESIGN_GEOMETRIC_PRESENTATION_REPRESENTATION (  '', ( #1614 ), #1814 ) ;
#1162 = DIRECTION ( 'NONE',  ( -0.9280290862140316800, 0.0000000000000000000, 0.3725077383635800300 ) ) ;
#1163 = CARTESIAN_POINT ( 'NONE',  ( 0.5896396428537221700, 8.000000000000000000, -4.519058406004661200 ) ) ;
#1164 = VECTOR ( 'NONE', #1734, 1000.000000000000000 ) ;
#1165 = DIRECTION ( 'NONE',  ( 0.8958676361826930500, 0.0000000000000000000, 0.4443210308329259000 ) ) ;
#1166 = COLOUR_RGB ( '',0.1019607843137254900, 0.1019607843137254900, 0.1019607843137254900 ) ;
#1167 =( NAMED_UNIT ( * ) PLANE_ANGLE_UNIT ( ) SI_UNIT ( $, .RADIAN. ) );
#1168 = ORIENTED_EDGE ( 'NONE', *, *, #5493, .F. ) ;
#1169 = EDGE_CURVE ( 'NONE', #4603, #4828, #1080, .T. ) ;
#1170 =( GEOMETRIC_REPRESENTATION_CONTEXT ( 3 ) GLOBAL_UNCERTAINTY_ASSIGNED_CONTEXT ( ( #4630 ) ) GLOBAL_UNIT_ASSIGNED_CONTEXT ( ( #1150, #4122, #1128 ) ) REPRESENTATION_CONTEXT ( 'NONE', 'WORKASPACE' ) );
#1171 = EDGE_CURVE ( 'NONE', #6257, #1187, #1849, .T. ) ;
#1172 = DIRECTION ( 'NONE',  ( 0.0000000000000000000, 0.0000000000000000000, 1.000000000000000000 ) ) ;
#1173 = FILL_AREA_STYLE ('',( #3609 ) ) ;
#1174 = FACE_OUTER_BOUND ( 'NONE', #4530, .T. ) ;
#1175 = PRESENTATION_STYLE_ASSIGNMENT (( #3623 ) ) ;
#1176 = ORIENTED_EDGE ( 'NONE', *, *, #4826, .T. ) ;
#1177 = CARTESIAN_POINT ( 'NONE',  ( 2.732874672760972500, 4.254010373035235700, -0.1999999999999996500 ) ) ;
#1178 = ORIENTED_EDGE ( 'NONE', *, *, #1216, .F. ) ;
#1179 = FILL_AREA_STYLE ('',( #4047 ) ) ;
#1180 = FACE_OUTER_BOUND ( 'NONE', #260, .T. ) ;
#1181 = LINE ( 'NONE', #2461, #2004 ) ;
#1182 = EDGE_CURVE ( 'NONE', #4676, #961, #2526, .T. ) ;
#1183 = ORIENTED_EDGE ( 'NONE', *, *, #4980, .F. ) ;
#1184 = FILL_AREA_STYLE ('',( #1138 ) ) ;
#1185 = PLANE ( 'NONE',  #2966 ) ;
#1186 = AXIS2_PLACEMENT_3D ( 'NONE', #5871, #4488, #2456 ) ;
#1187 = VERTEX_POINT ( 'NONE', #3856 ) ;
#1188 = PRESENTATION_LAYER_ASSIGNMENT (  '', '', ( #6059 ) ) ;
#1189 = ORIENTED_EDGE ( 'NONE', *, *, #3728, .F. ) ;
#1190 = PRESENTATION_STYLE_ASSIGNMENT (( #5468 ) ) ;
#1191 = CARTESIAN_POINT ( 'NONE',  ( 1.241527841744381600, 8.005000000000000800, -1.141553586008539100 ) ) ;
#1192 = CARTESIAN_POINT ( 'NONE',  ( 0.7386014640062313900, 8.000000000000000000, -4.105845552804479000 ) ) ;
#1193 = SURFACE_STYLE_USAGE ( .BOTH. , #4597 ) ;
#1194 = UNCERTAINTY_MEASURE_WITH_UNIT (LENGTH_MEASURE( 1.000000000000000100E-005 ), #739, 'distance_accuracy_value', 'NONE');
#1195 = EDGE_LOOP ( 'NONE', ( #3129, #2092, #2227, #4438 ) ) ;
#1196 = CARTESIAN_POINT ( 'NONE',  ( 2.250000000000001800, 4.254010373035234800, -6.400000000000000400 ) ) ;
#1197 = DIRECTION ( 'NONE',  ( 1.000000000000000000, 0.0000000000000000000, 0.0000000000000000000 ) ) ;
#1198 = FILL_AREA_STYLE_COLOUR ( '', #2572 ) ;
#1199 = DIRECTION ( 'NONE',  ( 3.907430924870044500E-016, 0.0000000000000000000, -1.000000000000000000 ) ) ;
#1200 = SURFACE_STYLE_FILL_AREA ( #39 ) ;
#1201 = ORIENTED_EDGE ( 'NONE', *, *, #4491, .F. ) ;
#1202 = AXIS2_PLACEMENT_3D ( 'NONE', #4897, #4387, #2387 ) ;
#1203 =( NAMED_UNIT ( * ) SI_UNIT ( $, .STERADIAN. ) SOLID_ANGLE_UNIT ( ) );
#1204 = CARTESIAN_POINT ( 'NONE',  ( 1.241527841744380200, 8.005000000000000800, -1.672147313927540500 ) ) ;
#1205 = CARTESIAN_POINT ( 'NONE',  ( 0.5896396428537221700, 8.005000000000000800, -4.519058406004661200 ) ) ;
#1206 = CARTESIAN_POINT ( 'NONE',  ( 5.250000000000001800, 4.929470609902312900, -1.096930793430110000 ) ) ;
#1207 = ADVANCED_FACE ( 'NONE', ( #920 ), #4269, .T. ) ;
#1208 = SURFACE_STYLE_FILL_AREA ( #9 ) ;
#1209 = DIRECTION ( 'NONE',  ( 0.0000000000000000000, 0.0000000000000000000, 1.000000000000000000 ) ) ;
#1210 = STYLED_ITEM ( 'NONE', ( #3096 ), #474 ) ;
#1211 =( NAMED_UNIT ( * ) PLANE_ANGLE_UNIT ( ) SI_UNIT ( $, .RADIAN. ) );
#1212 = LINE ( 'NONE', #354, #5459 ) ;
#1213 = VERTEX_POINT ( 'NONE', #3986 ) ;
#1214 = PLANE ( 'NONE',  #1634 ) ;
#1215 = ORIENTED_EDGE ( 'NONE', *, *, #4345, .F. ) ;
#1216 = EDGE_CURVE ( 'NONE', #434, #2033, #4428, .T. ) ;
#1217 = DIRECTION ( 'NONE',  ( -0.9617234872620599200, 0.0000000000000000000, -0.2740217765954055500 ) ) ;
#1218 = PRESENTATION_LAYER_ASSIGNMENT (  '', '', ( #2064 ) ) ;
#1219 = SURFACE_STYLE_USAGE ( .BOTH. , #3179 ) ;
#1220 = PRESENTATION_STYLE_ASSIGNMENT (( #3859 ) ) ;
#1221 = ORIENTED_EDGE ( 'NONE', *, *, #1826, .T. ) ;
#1222 = CARTESIAN_POINT ( 'NONE',  ( 1.241527841744380500, 8.005000000000000800, -2.876307305006477100 ) ) ;
#1223 = FILL_AREA_STYLE_COLOUR ( '', #2485 ) ;
#1224 = CARTESIAN_POINT ( 'NONE',  ( 0.2000000000000000100, 0.0000000000000000000, -0.2000000000000000100 ) ) ;
#1225 = LINE ( 'NONE', #5932, #2736 ) ;
#1226 = CARTESIAN_POINT ( 'NONE',  ( 4.767125327239030600, 0.0000000000000000000, -2.219774974057284700 ) ) ;
#1227 = EDGE_CURVE ( 'NONE', #2105, #225, #2959, .T. ) ;
#1228 =( NAMED_UNIT ( * ) SI_UNIT ( $, .STERADIAN. ) SOLID_ANGLE_UNIT ( ) );
#1229 = MECHANICAL_DESIGN_GEOMETRIC_PRESENTATION_REPRESENTATION (  '', ( #2615 ), #5224 ) ;
#1230 = VECTOR ( 'NONE', #4189, 1000.000000000000000 ) ;
#1231 = DIRECTION ( 'NONE',  ( 1.000000000000000000, 0.0000000000000000000, 0.0000000000000000000 ) ) ;
#1232 = DIRECTION ( 'NONE',  ( 0.0000000000000000000, 0.0000000000000000000, 1.000000000000000000 ) ) ;
#1233 = FACE_OUTER_BOUND ( 'NONE', #5731, .T. ) ;
#1234 = LINE ( 'NONE', #1204, #6242 ) ;
#1235 = SURFACE_STYLE_FILL_AREA ( #1142 ) ;
#1236 =( NAMED_UNIT ( * ) SI_UNIT ( $, .STERADIAN. ) SOLID_ANGLE_UNIT ( ) );
#1237 = VECTOR ( 'NONE', #3271, 1000.000000000000000 ) ;
#1238 = SURFACE_STYLE_USAGE ( .BOTH. , #2656 ) ;
#1239 = ORIENTED_EDGE ( 'NONE', *, *, #2427, .F. ) ;
#1240 = SURFACE_STYLE_FILL_AREA ( #5902 ) ;
#1241 = ORIENTED_EDGE ( 'NONE', *, *, #684, .F. ) ;
#1242 = SURFACE_SIDE_STYLE ('',( #2294 ) ) ;
#1243 = DIRECTION ( 'NONE',  ( 0.0000000000000000000, -1.000000000000000000, -1.761828530288944900E-015 ) ) ;
#1244 = ORIENTED_EDGE ( 'NONE', *, *, #2350, .T. ) ;
#1245 = AXIS2_PLACEMENT_3D ( 'NONE', #4545, #200, #2084 ) ;
#1246 = CIRCLE ( 'NONE', #3865, 0.2000000000000000100 ) ;
#1247 = SURFACE_STYLE_USAGE ( .BOTH. , #91 ) ;
#1248 = COLOUR_RGB ( '',0.1019607843137254900, 0.1019607843137254900, 0.1019607843137254900 ) ;
#1249 = CARTESIAN_POINT ( 'NONE',  ( 0.4350673547405130000, 8.005000000000000800, -2.112500311261332100 ) ) ;
#1250 = ORIENTED_EDGE ( 'NONE', *, *, #2691, .F. ) ;
#1251 = SURFACE_STYLE_USAGE ( .BOTH. , #5162 ) ;
#1252 = CARTESIAN_POINT ( 'NONE',  ( 1.676445934406436600, 8.000000000000000000, -6.400000000000000400 ) ) ;
#1253 = VECTOR ( 'NONE', #4513, 1000.000000000000000 ) ;
#1254 = ORIENTED_EDGE ( 'NONE', *, *, #1788, .F. ) ;
#1255 = EDGE_CURVE ( 'NONE', #866, #2988, #5043, .T. ) ;
#1256 = CARTESIAN_POINT ( 'NONE',  ( 2.932874672760973100, 8.000000000000000000, -6.200000000000001100 ) ) ;
#1257 = AXIS2_PLACEMENT_3D ( 'NONE', #1429, #2917, #968 ) ;
#1258 = EDGE_CURVE ( 'NONE', #2404, #3624, #1701, .T. ) ;
#1259 = SURFACE_SIDE_STYLE ('',( #2593 ) ) ;
#1260 = ORIENTED_EDGE ( 'NONE', *, *, #3768, .F. ) ;
#1261 = DIRECTION ( 'NONE',  ( 0.0000000000000000000, 0.0000000000000000000, 1.000000000000000000 ) ) ;
#1262 = ORIENTED_EDGE ( 'NONE', *, *, #3437, .F. ) ;
#1263 = ADVANCED_BREP_SHAPE_REPRESENTATION ( 'IFC_NTSBT01W_L7.5W6.4H8', ( #2924, #4783 ), #858 ) ;
#1264 = CIRCLE ( 'NONE', #3161, 0.2999999999999999300 ) ;
#1265 = EDGE_CURVE ( 'NONE', #1187, #5022, #5573, .T. ) ;
#1266 = DIRECTION ( 'NONE',  ( -1.000000000000000000, 0.0000000000000000000, 0.0000000000000000000 ) ) ;
#1267 =( LENGTH_UNIT ( ) NAMED_UNIT ( * ) SI_UNIT ( .MILLI., .METRE. ) );
#1268 = SURFACE_STYLE_FILL_AREA ( #5356 ) ;
#1269 = VERTEX_POINT ( 'NONE', #621 ) ;
#1270 = STYLED_ITEM ( 'NONE', ( #5418 ), #5352 ) ;
#1271 = ADVANCED_FACE ( 'NONE', ( #84 ), #136, .F. ) ;
#1272 = DIRECTION ( 'NONE',  ( -1.000000000000000000, 0.0000000000000000000, 0.0000000000000000000 ) ) ;
#1273 = DIRECTION ( 'NONE',  ( 0.0000000000000000000, 0.0000000000000000000, -1.000000000000000000 ) ) ;
#1274 = UNCERTAINTY_MEASURE_WITH_UNIT (LENGTH_MEASURE( 1.000000000000000100E-005 ), #1092, 'distance_accuracy_value', 'NONE');
#1275 = ORIENTED_EDGE ( 'NONE', *, *, #2434, .T. ) ;
#1276 = SURFACE_STYLE_USAGE ( .BOTH. , #223 ) ;
#1277 = EDGE_CURVE ( 'NONE', #4749, #746, #3202, .T. ) ;
#1278 = SURFACE_SIDE_STYLE ('',( #2968 ) ) ;
#1279 = ORIENTED_EDGE ( 'NONE', *, *, #1944, .F. ) ;
#1280 =( LENGTH_UNIT ( ) NAMED_UNIT ( * ) SI_UNIT ( .MILLI., .METRE. ) );
#1281 =( LENGTH_UNIT ( ) NAMED_UNIT ( * ) SI_UNIT ( .MILLI., .METRE. ) );
#1282 = FILL_AREA_STYLE ('',( #4711 ) ) ;
#1283 = AXIS2_PLACEMENT_3D ( 'NONE', #1580, #2601, #3563 ) ;
#1284 = ORIENTED_EDGE ( 'NONE', *, *, #4939, .T. ) ;
#1285 = PLANE ( 'NONE',  #5354 ) ;
#1286 = AXIS2_PLACEMENT_3D ( 'NONE', #1803, #4701, #854 ) ;
#1287 = PRESENTATION_STYLE_ASSIGNMENT (( #685 ) ) ;
#1288 =( NAMED_UNIT ( * ) SI_UNIT ( $, .STERADIAN. ) SOLID_ANGLE_UNIT ( ) );
#1289 = CARTESIAN_POINT ( 'NONE',  ( 0.5235572678224954500, 8.005000000000000800, -3.082457635954221100 ) ) ;
#1290 = DIRECTION ( 'NONE',  ( 0.0000000000000000000, 1.000000000000000000, 0.0000000000000000000 ) ) ;
#1291 = FACE_OUTER_BOUND ( 'NONE', #5278, .T. ) ;
#1292 = CARTESIAN_POINT ( 'NONE',  ( 1.241527841744380000, 8.000000000000000000, -4.806864571618342900 ) ) ;
#1293 = EDGE_LOOP ( 'NONE', ( #5720, #4051, #452, #1241 ) ) ;
#1294 = LINE ( 'NONE', #1771, #3947 ) ;
#1295 = EDGE_CURVE ( 'NONE', #5766, #1609, #703, .T. ) ;
#1296 = PLANE ( 'NONE',  #4791 ) ;
#1297 = PRESENTATION_LAYER_ASSIGNMENT (  '', '', ( #5081 ) ) ;
#1298 = CIRCLE ( 'NONE', #4436, 0.1999999999999996500 ) ;
#1299 = ORIENTED_EDGE ( 'NONE', *, *, #2237, .T. ) ;
#1300 = SURFACE_STYLE_USAGE ( .BOTH. , #1278 ) ;
#1301 = DIRECTION ( 'NONE',  ( 0.4443210308329259000, 0.0000000000000000000, -0.8958676361826930500 ) ) ;
#1302 =( LENGTH_UNIT ( ) NAMED_UNIT ( * ) SI_UNIT ( .MILLI., .METRE. ) );
#1303 = SURFACE_SIDE_STYLE ('',( #2046 ) ) ;
#1304 = EDGE_CURVE ( 'NONE', #3674, #1732, #3112, .T. ) ;
#1305 = PRESENTATION_STYLE_ASSIGNMENT (( #4381 ) ) ;
#1306 = LINE ( 'NONE', #5353, #985 ) ;
#1307 = CARTESIAN_POINT ( 'NONE',  ( 1.476445934406436700, 8.000000000000000000, -0.1999999999999996500 ) ) ;
#1308 = AXIS2_PLACEMENT_3D ( 'NONE', #425, #42, #1232 ) ;
#1309 = MECHANICAL_DESIGN_GEOMETRIC_PRESENTATION_REPRESENTATION (  '', ( #2357 ), #2804 ) ;
#1310 = DIRECTION ( 'NONE',  ( 1.000000000000000000, 0.0000000000000000000, 0.0000000000000000000 ) ) ;
#1311 = DIRECTION ( 'NONE',  ( 0.0000000000000000000, 0.0000000000000000000, -1.000000000000000000 ) ) ;
#1312 = VECTOR ( 'NONE', #668, 1000.000000000000000 ) ;
#1313 = UNCERTAINTY_MEASURE_WITH_UNIT (LENGTH_MEASURE( 1.000000000000000100E-005 ), #1519, 'distance_accuracy_value', 'NONE');
#1314 = ORIENTED_EDGE ( 'NONE', *, *, #2903, .T. ) ;
#1315 = VECTOR ( 'NONE', #5400, 1000.000000000000000 ) ;
#1316 = CARTESIAN_POINT ( 'NONE',  ( 4.567125327239032200, 0.1999999999999996500, 0.0000000000000000000 ) ) ;
#1317 = SURFACE_SIDE_STYLE ('',( #3497 ) ) ;
#1318 = ORIENTED_EDGE ( 'NONE', *, *, #1169, .T. ) ;
#1319 = ORIENTED_EDGE ( 'NONE', *, *, #2468, .F. ) ;
#1320 = DIRECTION ( 'NONE',  ( 1.000000000000000000, 0.0000000000000000000, 0.0000000000000000000 ) ) ;
#1321 = CARTESIAN_POINT ( 'NONE',  ( 1.241527841744380200, 8.000000000000000000, -3.042213324885009400 ) ) ;
#1322 = VECTOR ( 'NONE', #1099, 1000.000000000000000 ) ;
#1323 = PRESENTATION_LAYER_ASSIGNMENT (  '', '', ( #11 ) ) ;
#1324 = LINE ( 'NONE', #5248, #5719 ) ;
#1325 = CARTESIAN_POINT ( 'NONE',  ( 4.567125327239032200, 4.054010373035233700, -6.400000000000000400 ) ) ;
#1326 = VERTEX_POINT ( 'NONE', #1550 ) ;
#1327 = SURFACE_SIDE_STYLE ('',( #234 ) ) ;
#1328 = ORIENTED_EDGE ( 'NONE', *, *, #4230, .F. ) ;
#1329 = DIRECTION ( 'NONE',  ( -0.9610674221107388100, 0.0000000000000000000, -0.2763139702538020500 ) ) ;
#1330 = EDGE_LOOP ( 'NONE', ( #5299, #3515, #604, #667 ) ) ;
#1331 = AXIS2_PLACEMENT_3D ( 'NONE', #3404, #47, #4895 ) ;
#1332 = ADVANCED_FACE ( 'NONE', ( #2149 ), #2068, .F. ) ;
#1333 =( GEOMETRIC_REPRESENTATION_CONTEXT ( 3 ) GLOBAL_UNCERTAINTY_ASSIGNED_CONTEXT ( ( #4554 ) ) GLOBAL_UNIT_ASSIGNED_CONTEXT ( ( #4714, #815, #5192 ) ) REPRESENTATION_CONTEXT ( 'NONE', 'WORKASPACE' ) );
#1334 =( LENGTH_UNIT ( ) NAMED_UNIT ( * ) SI_UNIT ( .MILLI., .METRE. ) );
#1335 =( NAMED_UNIT ( * ) SI_UNIT ( $, .STERADIAN. ) SOLID_ANGLE_UNIT ( ) );
#1336 = COLOUR_RGB ( '',0.8980392156862745400, 0.9215686274509803400, 0.9294117647058823800 ) ;
#1337 = ORIENTED_EDGE ( 'NONE', *, *, #4148, .F. ) ;
#1338 = ORIENTED_EDGE ( 'NONE', *, *, #4809, .F. ) ;
#1339 = DIRECTION ( 'NONE',  ( 1.000000000000000000, 0.0000000000000000000, 0.0000000000000000000 ) ) ;
#1340 = EDGE_CURVE ( 'NONE', #4225, #5521, #5648, .T. ) ;
#1341 = ORIENTED_EDGE ( 'NONE', *, *, #1182, .F. ) ;
#1342 = PRESENTATION_LAYER_ASSIGNMENT (  '', '', ( #5020 ) ) ;
#1343 =( LENGTH_UNIT ( ) NAMED_UNIT ( * ) SI_UNIT ( .MILLI., .METRE. ) );
#1344 = SURFACE_STYLE_USAGE ( .BOTH. , #1303 ) ;
#1345 = PRESENTATION_STYLE_ASSIGNMENT (( #5041 ) ) ;
#1346 =( NAMED_UNIT ( * ) SI_UNIT ( $, .STERADIAN. ) SOLID_ANGLE_UNIT ( ) );
#1347 = VECTOR ( 'NONE', #774, 1000.000000000000000 ) ;
#1348 = EDGE_LOOP ( 'NONE', ( #1284, #2687, #5803, #6003 ) ) ;
#1349 = EDGE_CURVE ( 'NONE', #225, #3786, #6175, .T. ) ;
#1350 = DIRECTION ( 'NONE',  ( 0.0000000000000000000, 1.649706505670485600E-015, -1.000000000000000000 ) ) ;
#1351 = DIRECTION ( 'NONE',  ( 0.0000000000000000000, 0.0000000000000000000, -1.000000000000000000 ) ) ;
#1352 = AXIS2_PLACEMENT_3D ( 'NONE', #2232, #3219, #6119 ) ;
#1353 = UNCERTAINTY_MEASURE_WITH_UNIT (LENGTH_MEASURE( 1.000000000000000100E-005 ), #1441, 'distance_accuracy_value', 'NONE');
#1354 = ORIENTED_EDGE ( 'NONE', *, *, #5844, .F. ) ;
#1355 = DIRECTION ( 'NONE',  ( 0.0000000000000000000, 0.0000000000000000000, -1.000000000000000000 ) ) ;
#1356 = CARTESIAN_POINT ( 'NONE',  ( 1.210000000000000200, 0.0000000000000000000, -4.469999999999999800 ) ) ;
#1357 = ORIENTED_EDGE ( 'NONE', *, *, #5083, .T. ) ;
#1358 = DIRECTION ( 'NONE',  ( -0.0000000000000000000, -1.000000000000000000, -0.0000000000000000000 ) ) ;
#1359 = ADVANCED_FACE ( 'NONE', ( #2824 ), #999, .T. ) ;
#1360 = FILL_AREA_STYLE_COLOUR ( '', #2531 ) ;
#1361 =( NAMED_UNIT ( * ) PLANE_ANGLE_UNIT ( ) SI_UNIT ( $, .RADIAN. ) );
#1362 = VECTOR ( 'NONE', #3682, 1000.000000000000000 ) ;
#1363 = ORIENTED_EDGE ( 'NONE', *, *, #4653, .F. ) ;
#1364 =( NAMED_UNIT ( * ) SI_UNIT ( $, .STERADIAN. ) SOLID_ANGLE_UNIT ( ) );
#1365 = CARTESIAN_POINT ( 'NONE',  ( 7.500000000000000000, 8.000000000000000000, -0.2000000000000000100 ) ) ;
#1366 = FILL_AREA_STYLE ('',( #6145 ) ) ;
#1367 = EDGE_CURVE ( 'NONE', #412, #764, #3581, .T. ) ;
#1368 = CYLINDRICAL_SURFACE ( 'NONE', #2802, 0.1999999999999996500 ) ;
#1369 = EDGE_LOOP ( 'NONE', ( #1052, #546, #4522, #5159, #4406, #3022, #2653, #1999, #1486, #1603, #5006, #1939 ) ) ;
#1370 = DIRECTION ( 'NONE',  ( 0.0000000000000000000, 1.000000000000000000, 0.0000000000000000000 ) ) ;
#1371 = CARTESIAN_POINT ( 'NONE',  ( 0.0000000000000000000, 8.005000000000000800, 0.0000000000000000000 ) ) ;
#1372 =( NAMED_UNIT ( * ) SI_UNIT ( $, .STERADIAN. ) SOLID_ANGLE_UNIT ( ) );
#1373 = LINE ( 'NONE', #1163, #1767 ) ;
#1374 = PRESENTATION_LAYER_ASSIGNMENT (  '', '', ( #5390 ) ) ;
#1375 = CARTESIAN_POINT ( 'NONE',  ( 0.5885729675345048300, 8.005000000000000800, -2.791755508800442000 ) ) ;
#1376 = STYLED_ITEM ( 'NONE', ( #2359 ), #1529 ) ;
#1377 = EDGE_CURVE ( 'NONE', #750, #6159, #2297, .T. ) ;
#1378 = CYLINDRICAL_SURFACE ( 'NONE', #645, 0.2000000000000000900 ) ;
#1379 = DIRECTION ( 'NONE',  ( 0.0000000000000000000, 0.0000000000000000000, 1.000000000000000000 ) ) ;
#1380 = SURFACE_SIDE_STYLE ('',( #451 ) ) ;
#1381 = EDGE_CURVE ( 'NONE', #6159, #3235, #2520, .T. ) ;
#1382 = SURFACE_STYLE_USAGE ( .BOTH. , #6268 ) ;
#1383 = UNCERTAINTY_MEASURE_WITH_UNIT (LENGTH_MEASURE( 1.000000000000000100E-005 ), #3264, 'distance_accuracy_value', 'NONE');
#1384 = ORIENTED_EDGE ( 'NONE', *, *, #202, .T. ) ;
#1385 = CYLINDRICAL_SURFACE ( 'NONE', #576, 0.2000000000000000100 ) ;
#1386 =( GEOMETRIC_REPRESENTATION_CONTEXT ( 3 ) GLOBAL_UNCERTAINTY_ASSIGNED_CONTEXT ( ( #4147 ) ) GLOBAL_UNIT_ASSIGNED_CONTEXT ( ( #3054, #3994, #3472 ) ) REPRESENTATION_CONTEXT ( 'NONE', 'WORKASPACE' ) );
#1387 = VECTOR ( 'NONE', #5931, 1000.000000000000000 ) ;
#1388 = CARTESIAN_POINT ( 'NONE',  ( 4.250000000000001800, -0.8000000000000000400, -0.1999999999999999800 ) ) ;
#1389 = CARTESIAN_POINT ( 'NONE',  ( 6.023554065593562400, 8.000000000000000000, 0.0000000000000000000 ) ) ;
#1390 = DIRECTION ( 'NONE',  ( 0.0000000000000000000, 0.0000000000000000000, -1.000000000000000000 ) ) ;
#1391 = ADVANCED_FACE ( 'NONE', ( #3891 ), #2057, .T. ) ;
#1392 = VERTEX_POINT ( 'NONE', #182 ) ;
#1393 = DIRECTION ( 'NONE',  ( 1.000000000000000000, 0.0000000000000000000, 0.0000000000000000000 ) ) ;
#1394 = FILL_AREA_STYLE ('',( #4959 ) ) ;
#1395 = ORIENTED_EDGE ( 'NONE', *, *, #5290, .T. ) ;
#1396 = AXIS2_PLACEMENT_3D ( 'NONE', #1068, #5447, #5929 ) ;
#1397 = ORIENTED_EDGE ( 'NONE', *, *, #5362, .F. ) ;
#1398 = PLANE ( 'NONE',  #437 ) ;
#1399 = SURFACE_STYLE_FILL_AREA ( #3772 ) ;
#1400 = VECTOR ( 'NONE', #6261, 1000.000000000000000 ) ;
#1401 = VERTEX_POINT ( 'NONE', #3575 ) ;
#1402 = CARTESIAN_POINT ( 'NONE',  ( 0.2000000000000000100, 7.800000000000000700, -0.2000000000000000100 ) ) ;
#1403 = MECHANICAL_DESIGN_GEOMETRIC_PRESENTATION_REPRESENTATION (  '', ( #1069 ), #5111 ) ;
#1404 =( NAMED_UNIT ( * ) PLANE_ANGLE_UNIT ( ) SI_UNIT ( $, .RADIAN. ) );
#1405 = PRESENTATION_STYLE_ASSIGNMENT (( #4558 ) ) ;
#1406 = ORIENTED_EDGE ( 'NONE', *, *, #3437, .T. ) ;
#1407 = CARTESIAN_POINT ( 'NONE',  ( 4.767125327239031500, 0.1999999999999996500, 0.0000000000000000000 ) ) ;
#1408 = ORIENTED_EDGE ( 'NONE', *, *, #1584, .F. ) ;
#1409 = ADVANCED_FACE ( 'NONE', ( #2950 ), #3088, .F. ) ;
#1410 = DIRECTION ( 'NONE',  ( 0.0000000000000000000, -1.000000000000000000, 0.0000000000000000000 ) ) ;
#1411 = VECTOR ( 'NONE', #2199, 1000.000000000000000 ) ;
#1412 = DIRECTION ( 'NONE',  ( -0.0000000000000000000, -1.000000000000000000, -0.0000000000000000000 ) ) ;
#1413 = COLOUR_RGB ( '',0.8980392156862745400, 0.9215686274509803400, 0.9294117647058823800 ) ;
#1414 = ORIENTED_EDGE ( 'NONE', *, *, #4785, .T. ) ;
#1415 = AXIS2_PLACEMENT_3D ( 'NONE', #2639, #5068, #3584 ) ;
#1416 =( LENGTH_UNIT ( ) NAMED_UNIT ( * ) SI_UNIT ( .MILLI., .METRE. ) );
#1417 =( LENGTH_UNIT ( ) NAMED_UNIT ( * ) SI_UNIT ( .MILLI., .METRE. ) );
#1418 = STYLED_ITEM ( 'NONE', ( #5135 ), #875 ) ;
#1419 =( NAMED_UNIT ( * ) PLANE_ANGLE_UNIT ( ) SI_UNIT ( $, .RADIAN. ) );
#1420 = EDGE_CURVE ( 'NONE', #4604, #4949, #3191, .T. ) ;
#1421 = ORIENTED_EDGE ( 'NONE', *, *, #3199, .T. ) ;
#1422 = EDGE_CURVE ( 'NONE', #768, #1326, #460, .T. ) ;
#1423 = DIRECTION ( 'NONE',  ( -0.0000000000000000000, -1.000000000000000000, -0.0000000000000000000 ) ) ;
#1424 = EDGE_LOOP ( 'NONE', ( #3749, #3817, #5782, #5751 ) ) ;
#1425 =( NAMED_UNIT ( * ) PLANE_ANGLE_UNIT ( ) SI_UNIT ( $, .RADIAN. ) );
#1426 = AXIS2_PLACEMENT_3D ( 'NONE', #606, #4041, #5461 ) ;
#1427 = CARTESIAN_POINT ( 'NONE',  ( 4.050000000000003400, -1.000000000000000000, -6.200000000000001100 ) ) ;
#1428 = COLOUR_RGB ( '',0.8980392156862745400, 0.9215686274509803400, 0.9294117647058823800 ) ;
#1429 = CARTESIAN_POINT ( 'NONE',  ( 0.0000000000000000000, 8.000000000000000000, 0.0000000000000000000 ) ) ;
#1430 = UNCERTAINTY_MEASURE_WITH_UNIT (LENGTH_MEASURE( 1.000000000000000100E-005 ), #5161, 'distance_accuracy_value', 'NONE');
#1431 = ORIENTED_EDGE ( 'NONE', *, *, #5401, .F. ) ;
#1432 = DIRECTION ( 'NONE',  ( 0.0000000000000000000, -1.000000000000000000, 0.0000000000000000000 ) ) ;
#1433 = DIRECTION ( 'NONE',  ( 1.578431070763902200E-016, 0.0000000000000000000, 1.000000000000000000 ) ) ;
#1434 = CARTESIAN_POINT ( 'NONE',  ( 1.241527841744380200, 8.005000000000000800, -3.635816913140191200 ) ) ;
#1435 = SURFACE_SIDE_STYLE ('',( #3522 ) ) ;
#1436 = ORIENTED_EDGE ( 'NONE', *, *, #1039, .T. ) ;
#1437 = ADVANCED_FACE ( 'NONE', ( #2140 ), #775, .T. ) ;
#1438 =( NAMED_UNIT ( * ) PLANE_ANGLE_UNIT ( ) SI_UNIT ( $, .RADIAN. ) );
#1439 = CARTESIAN_POINT ( 'NONE',  ( 7.500000000000000000, 0.1999999999999996500, -6.200000000000001100 ) ) ;
#1440 = ORIENTED_EDGE ( 'NONE', *, *, #1754, .T. ) ;
#1441 =( LENGTH_UNIT ( ) NAMED_UNIT ( * ) SI_UNIT ( .MILLI., .METRE. ) );
#1442 = DIRECTION ( 'NONE',  ( 0.0000000000000000000, 1.000000000000000000, 0.0000000000000000000 ) ) ;
#1443 = ORIENTED_EDGE ( 'NONE', *, *, #307, .T. ) ;
#1444 = LINE ( 'NONE', #1466, #5917 ) ;
#1445 = ORIENTED_EDGE ( 'NONE', *, *, #1258, .F. ) ;
#1446 = DIRECTION ( 'NONE',  ( -0.0000000000000000000, -1.000000000000000000, -0.0000000000000000000 ) ) ;
#1447 = CYLINDRICAL_SURFACE ( 'NONE', #6130, 0.1999999999999996500 ) ;
#1448 = DIRECTION ( 'NONE',  ( -0.0000000000000000000, -1.000000000000000000, -0.0000000000000000000 ) ) ;
#1449 = AXIS2_PLACEMENT_3D ( 'NONE', #4937, #490, #3871 ) ;
#1450 = DIRECTION ( 'NONE',  ( -0.0000000000000000000, -1.000000000000000000, -0.0000000000000000000 ) ) ;
#1451 = PRESENTATION_LAYER_ASSIGNMENT (  '', '', ( #1210 ) ) ;
#1452 = CARTESIAN_POINT ( 'NONE',  ( 3.450000000000001100, -0.8000000000000000400, -6.200000000000001100 ) ) ;
#1453 = VECTOR ( 'NONE', #3303, 1000.000000000000000 ) ;
#1454 = FILL_AREA_STYLE_COLOUR ( '', #1821 ) ;
#1455 =( NAMED_UNIT ( * ) SI_UNIT ( $, .STERADIAN. ) SOLID_ANGLE_UNIT ( ) );
#1456 = ORIENTED_EDGE ( 'NONE', *, *, #2867, .F. ) ;
#1457 = EDGE_CURVE ( 'NONE', #2081, #4340, #1691, .T. ) ;
#1458 = VECTOR ( 'NONE', #2013, 1000.000000000000100 ) ;
#1459 = CARTESIAN_POINT ( 'NONE',  ( 1.241527841744381600, 8.005000000000000800, -1.141553586008539100 ) ) ;
#1460 = AXIS2_PLACEMENT_3D ( 'NONE', #351, #2243, #6132 ) ;
#1461 = COLOUR_RGB ( '',0.1019607843137254900, 0.1019607843137254900, 0.1019607843137254900 ) ;
#1462 = FILL_AREA_STYLE ('',( #5842 ) ) ;
#1463 = UNCERTAINTY_MEASURE_WITH_UNIT (LENGTH_MEASURE( 1.000000000000000100E-005 ), #2611, 'distance_accuracy_value', 'NONE');
#1464 = ORIENTED_EDGE ( 'NONE', *, *, #1736, .T. ) ;
#1465 = CARTESIAN_POINT ( 'NONE',  ( 7.299999999999999800, 7.800000000000000700, -6.200000000000001100 ) ) ;
#1466 = CARTESIAN_POINT ( 'NONE',  ( 4.767125327239031500, 4.254010373035235700, 0.0000000000000000000 ) ) ;
#1467 = ORIENTED_EDGE ( 'NONE', *, *, #4181, .F. ) ;
#1468 = EDGE_CURVE ( 'NONE', #1213, #3229, #5853, .T. ) ;
#1469 = DIRECTION ( 'NONE',  ( -1.000000000000000000, 0.0000000000000000000, 0.0000000000000000000 ) ) ;
#1470 = EDGE_CURVE ( 'NONE', #1652, #4748, #990, .T. ) ;
#1471 = ADVANCED_FACE ( 'NONE', ( #5778 ), #5563, .T. ) ;
#1472 = AXIS2_PLACEMENT_3D ( 'NONE', #900, #5327, #2411 ) ;
#1473 = ORIENTED_EDGE ( 'NONE', *, *, #2885, .F. ) ;
#1474 = DIRECTION ( 'NONE',  ( 0.0000000000000000000, 0.0000000000000000000, -1.000000000000000000 ) ) ;
#1475 = SURFACE_STYLE_FILL_AREA ( #3333 ) ;
#1476 = DIRECTION ( 'NONE',  ( -0.0000000000000000000, -1.000000000000000000, -0.0000000000000000000 ) ) ;
#1477 = ORIENTED_EDGE ( 'NONE', *, *, #355, .F. ) ;
#1478 = VERTEX_POINT ( 'NONE', #1292 ) ;
#1479 = ORIENTED_EDGE ( 'NONE', *, *, #3543, .T. ) ;
#1480 = EDGE_LOOP ( 'NONE', ( #4910, #719, #4101, #2614 ) ) ;
#1481 = DIRECTION ( 'NONE',  ( -0.0000000000000000000, -1.000000000000000000, -0.0000000000000000000 ) ) ;
#1482 = FACE_OUTER_BOUND ( 'NONE', #4412, .T. ) ;
#1483 = ORIENTED_EDGE ( 'NONE', *, *, #3948, .T. ) ;
#1484 = ORIENTED_EDGE ( 'NONE', *, *, #4200, .F. ) ;
#1485 = CARTESIAN_POINT ( 'NONE',  ( 5.823554065593563100, 0.0000000000000000000, -4.180225025942715600 ) ) ;
#1486 = ORIENTED_EDGE ( 'NONE', *, *, #2979, .T. ) ;
#1487 =( GEOMETRIC_REPRESENTATION_CONTEXT ( 3 ) GLOBAL_UNCERTAINTY_ASSIGNED_CONTEXT ( ( #478 ) ) GLOBAL_UNIT_ASSIGNED_CONTEXT ( ( #2961, #525, #1040 ) ) REPRESENTATION_CONTEXT ( 'NONE', 'WORKASPACE' ) );
#1488 = FILL_AREA_STYLE_COLOUR ( '', #953 ) ;
#1489 = LINE ( 'NONE', #4969, #5142 ) ;
#1490 = VERTEX_POINT ( 'NONE', #2709 ) ;
#1491 = CARTESIAN_POINT ( 'NONE',  ( 7.299999999999999800, 0.1999999999999996500, -0.2000000000000000100 ) ) ;
#1492 = DIRECTION ( 'NONE',  ( 0.0000000000000000000, 0.0000000000000000000, 1.000000000000000000 ) ) ;
#1493 = CARTESIAN_POINT ( 'NONE',  ( 2.340583461286391400, 2.872365940043745800, -4.180225025942715600 ) ) ;
#1494 = STYLED_ITEM ( 'NONE', ( #1287 ), #3849 ) ;
#1495 = EDGE_CURVE ( 'NONE', #5332, #2368, #5331, .T. ) ;
#1496 = CARTESIAN_POINT ( 'NONE',  ( 5.250000000000002700, 3.012830513570802400, -2.219774974057284300 ) ) ;
#1497 = AXIS2_PLACEMENT_3D ( 'NONE', #2076, #5026, #5480 ) ;
#1498 = EDGE_CURVE ( 'NONE', #556, #3987, #1839, .T. ) ;
#1499 = UNCERTAINTY_MEASURE_WITH_UNIT (LENGTH_MEASURE( 1.000000000000000100E-005 ), #5397, 'distance_accuracy_value', 'NONE');
#1500 = LINE ( 'NONE', #4310, #2996 ) ;
#1501 = ADVANCED_FACE ( 'NONE', ( #608 ), #5637, .T. ) ;
#1502 = LINE ( 'NONE', #5973, #3073 ) ;
#1503 = ORIENTED_EDGE ( 'NONE', *, *, #3562, .T. ) ;
#1504 = EDGE_CURVE ( 'NONE', #6046, #5725, #3878, .T. ) ;
#1505 = PRESENTATION_LAYER_ASSIGNMENT (  '', '', ( #5541 ) ) ;
#1506 = CARTESIAN_POINT ( 'NONE',  ( 0.0000000000000000000, 8.005000000000000800, 0.0000000000000000000 ) ) ;
#1507 = VECTOR ( 'NONE', #4455, 1000.000000000000000 ) ;
#1508 = EDGE_LOOP ( 'NONE', ( #4983, #1484, #2206, #3793 ) ) ;
#1509 = SURFACE_STYLE_USAGE ( .BOTH. , #3925 ) ;
#1510 =( NAMED_UNIT ( * ) PLANE_ANGLE_UNIT ( ) SI_UNIT ( $, .RADIAN. ) );
#1511 =( LENGTH_UNIT ( ) NAMED_UNIT ( * ) SI_UNIT ( .MILLI., .METRE. ) );
#1512 = ORIENTED_EDGE ( 'NONE', *, *, #5548, .T. ) ;
#1513 = CARTESIAN_POINT ( 'NONE',  ( 0.0000000000000000000, 0.1999999999999996500, -0.2000000000000000100 ) ) ;
#1514 = FILL_AREA_STYLE ('',( #22 ) ) ;
#1515 = SPHERICAL_SURFACE ( 'NONE', #2540, 0.2000000000000000100 ) ;
#1516 = DIRECTION ( 'NONE',  ( -0.0000000000000000000, 1.000000000000000000, -0.0000000000000000000 ) ) ;
#1517 = VECTOR ( 'NONE', #1516, 1000.000000000000000 ) ;
#1518 =( NAMED_UNIT ( * ) PLANE_ANGLE_UNIT ( ) SI_UNIT ( $, .RADIAN. ) );
#1519 =( LENGTH_UNIT ( ) NAMED_UNIT ( * ) SI_UNIT ( .MILLI., .METRE. ) );
#1520 = MECHANICAL_DESIGN_GEOMETRIC_PRESENTATION_REPRESENTATION (  '', ( #3921 ), #4586 ) ;
#1521 = EDGE_LOOP ( 'NONE', ( #4450, #1363, #2561, #1784 ) ) ;
#1522 = CIRCLE ( 'NONE', #1835, 0.2000000000000000100 ) ;
#1523 = DIRECTION ( 'NONE',  ( -0.2729786930696691000, 0.0000000000000000000, 0.9620200793798304700 ) ) ;
#1524 = FACE_OUTER_BOUND ( 'NONE', #796, .T. ) ;
#1525 = VECTOR ( 'NONE', #3456, 1000.000000000000000 ) ;
#1526 =( NAMED_UNIT ( * ) SI_UNIT ( $, .STERADIAN. ) SOLID_ANGLE_UNIT ( ) );
#1527 =( NAMED_UNIT ( * ) SI_UNIT ( $, .STERADIAN. ) SOLID_ANGLE_UNIT ( ) );
#1528 = VECTOR ( 'NONE', #1717, 1000.000000000000000 ) ;
#1529 = ADVANCED_FACE ( 'NONE', ( #6085 ), #3700, .F. ) ;
#1530 = SURFACE_STYLE_FILL_AREA ( #4202 ) ;
#1531 =( GEOMETRIC_REPRESENTATION_CONTEXT ( 3 ) GLOBAL_UNCERTAINTY_ASSIGNED_CONTEXT ( ( #593 ) ) GLOBAL_UNIT_ASSIGNED_CONTEXT ( ( #5612, #6215, #268 ) ) REPRESENTATION_CONTEXT ( 'NONE', 'WORKASPACE' ) );
#1532 = DIRECTION ( 'NONE',  ( 0.9611542233435371700, 0.0000000000000000000, 0.2760118818980114000 ) ) ;
#1533 = PRESENTATION_LAYER_ASSIGNMENT (  '', '', ( #4848 ) ) ;
#1534 = DIRECTION ( 'NONE',  ( 0.0000000000000000000, 0.0000000000000000000, -1.000000000000000000 ) ) ;
#1535 = UNCERTAINTY_MEASURE_WITH_UNIT (LENGTH_MEASURE( 1.000000000000000100E-005 ), #428, 'distance_accuracy_value', 'NONE');
#1536 = ORIENTED_EDGE ( 'NONE', *, *, #1899, .T. ) ;
#1537 = LINE ( 'NONE', #5901, #389 ) ;
#1538 = CARTESIAN_POINT ( 'NONE',  ( 0.0000000000000000000, 0.1999999999999996500, -6.200000000000001100 ) ) ;
#1539 = VECTOR ( 'NONE', #2606, 1000.000000000000000 ) ;
#1540 = VECTOR ( 'NONE', #5402, 1000.000000000000000 ) ;
#1541 = LINE ( 'NONE', #2849, #6097 ) ;
#1542 = EDGE_CURVE ( 'NONE', #4294, #4604, #4332, .T. ) ;
#1543 = DIRECTION ( 'NONE',  ( 0.2760118818980114000, 0.0000000000000000000, -0.9611542233435371700 ) ) ;
#1544 = DIRECTION ( 'NONE',  ( 0.0000000000000000000, -1.000000000000000000, 0.0000000000000000000 ) ) ;
#1545 = CARTESIAN_POINT ( 'NONE',  ( 0.8036416849884211500, 8.005000000000000800, -1.736020322378861500 ) ) ;
#1546 = AXIS2_PLACEMENT_3D ( 'NONE', #1742, #1692, #195 ) ;
#1547 = UNCERTAINTY_MEASURE_WITH_UNIT (LENGTH_MEASURE( 1.000000000000000100E-005 ), #3836, 'distance_accuracy_value', 'NONE');
#1548 = DIRECTION ( 'NONE',  ( 1.000000000000000000, 0.0000000000000000000, -0.0000000000000000000 ) ) ;
#1549 = EDGE_LOOP ( 'NONE', ( #1176, #2718, #4590, #4241, #6101, #1940, #4426, #4397 ) ) ;
#1550 = CARTESIAN_POINT ( 'NONE',  ( 4.767125327239031500, 0.0000000000000000000, -0.2000000000000000100 ) ) ;
#1551 = EDGE_LOOP ( 'NONE', ( #5351, #2051 ) ) ;
#1552 = COLOUR_RGB ( '',0.1019607843137254900, 0.1019607843137254900, 0.1019607843137254900 ) ;
#1553 = FACE_OUTER_BOUND ( 'NONE', #1070, .T. ) ;
#1554 = ORIENTED_EDGE ( 'NONE', *, *, #4561, .T. ) ;
#1555 = PRESENTATION_LAYER_ASSIGNMENT (  '', '', ( #559 ) ) ;
#1556 = CARTESIAN_POINT ( 'NONE',  ( 5.250000000000001800, 4.929470609902312900, -3.200000000000000200 ) ) ;
#1557 = DIRECTION ( 'NONE',  ( -0.0000000000000000000, 1.000000000000000000, -0.0000000000000000000 ) ) ;
#1558 = VERTEX_POINT ( 'NONE', #1950 ) ;
#1559 = ORIENTED_EDGE ( 'NONE', *, *, #763, .F. ) ;
#1560 = FILL_AREA_STYLE ('',( #3498 ) ) ;
#1561 = VECTOR ( 'NONE', #2644, 1000.000000000000000 ) ;
#1562 = DIRECTION ( 'NONE',  ( -0.0000000000000000000, -1.000000000000000000, -0.0000000000000000000 ) ) ;
#1563 = LINE ( 'NONE', #3018, #3832 ) ;
#1564 = VECTOR ( 'NONE', #2328, 1000.000000000000000 ) ;
#1565 = ORIENTED_EDGE ( 'NONE', *, *, #1340, .F. ) ;
#1566 = ADVANCED_FACE ( 'NONE', ( #2878 ), #4909, .F. ) ;
#1567 = CARTESIAN_POINT ( 'NONE',  ( 1.210000000000000200, -6.500000000000000000, -4.469999999999999800 ) ) ;
#1568 = FACE_OUTER_BOUND ( 'NONE', #2793, .T. ) ;
#1569 = CARTESIAN_POINT ( 'NONE',  ( 3.750000000000000000, 4.254010373035233900, -6.200000000000001100 ) ) ;
#1570 = VECTOR ( 'NONE', #1476, 1000.000000000000000 ) ;
#1571 = VERTEX_POINT ( 'NONE', #1249 ) ;
#1572 = PLANE ( 'NONE',  #874 ) ;
#1573 = PRESENTATION_LAYER_ASSIGNMENT (  '', '', ( #1122 ) ) ;
#1574 = DIRECTION ( 'NONE',  ( 1.000000000000000000, 0.0000000000000000000, -0.0000000000000000000 ) ) ;
#1575 = LINE ( 'NONE', #3903, #278 ) ;
#1576 = CARTESIAN_POINT ( 'NONE',  ( 6.023554065593562400, 8.000000000000000000, 0.0000000000000000000 ) ) ;
#1577 = ORIENTED_EDGE ( 'NONE', *, *, #5649, .F. ) ;
#1578 = DIRECTION ( 'NONE',  ( 0.0000000000000000000, -0.0000000000000000000, -1.000000000000000000 ) ) ;
#1579 = DIRECTION ( 'NONE',  ( 0.0000000000000000000, 0.0000000000000000000, 1.000000000000000000 ) ) ;
#1580 = CARTESIAN_POINT ( 'NONE',  ( 7.299999999999999800, 0.1999999999999996500, -6.200000000000001100 ) ) ;
#1581 = UNCERTAINTY_MEASURE_WITH_UNIT (LENGTH_MEASURE( 1.000000000000000100E-005 ), #1654, 'distance_accuracy_value', 'NONE');
#1582 = AXIS2_PLACEMENT_3D ( 'NONE', #2073, #2568, #2121 ) ;
#1583 = VECTOR ( 'NONE', #6288, 1000.000000000000100 ) ;
#1584 = EDGE_CURVE ( 'NONE', #4598, #2451, #79, .T. ) ;
#1585 =( LENGTH_UNIT ( ) NAMED_UNIT ( * ) SI_UNIT ( .MILLI., .METRE. ) );
#1586 = LINE ( 'NONE', #3939, #1507 ) ;
#1587 = VERTEX_POINT ( 'NONE', #3905 ) ;
#1588 = EDGE_CURVE ( 'NONE', #4760, #4860, #1769, .T. ) ;
#1589 = CARTESIAN_POINT ( 'NONE',  ( 0.0000000000000000000, 8.000000000000000000, -6.200000000000001100 ) ) ;
#1590 = PLANE ( 'NONE',  #5028 ) ;
#1591 =( NAMED_UNIT ( * ) PLANE_ANGLE_UNIT ( ) SI_UNIT ( $, .RADIAN. ) );
#1592 = DIRECTION ( 'NONE',  ( 0.9610674221107388100, 0.0000000000000000000, 0.2763139702538020000 ) ) ;
#1593 = VECTOR ( 'NONE', #4221, 1000.000000000000000 ) ;
#1594 = ORIENTED_EDGE ( 'NONE', *, *, #3059, .F. ) ;
#1595 = EDGE_CURVE ( 'NONE', #4627, #4410, #3719, .T. ) ;
#1596 = DIRECTION ( 'NONE',  ( 0.0000000000000000000, 1.000000000000000000, 0.0000000000000000000 ) ) ;
#1597 = PRESENTATION_LAYER_ASSIGNMENT (  '', '', ( #3574 ) ) ;
#1598 = PLANE ( 'NONE',  #6058 ) ;
#1599 = DIRECTION ( 'NONE',  ( 0.0000000000000000000, 0.0000000000000000000, 1.000000000000000000 ) ) ;
#1600 = ADVANCED_FACE ( 'NONE', ( #1608 ), #3885, .F. ) ;
#1601 = DIRECTION ( 'NONE',  ( -1.157720421520753000E-016, 1.000000000000000000, -0.0000000000000000000 ) ) ;
#1602 = PLANE ( 'NONE',  #839 ) ;
#1603 = ORIENTED_EDGE ( 'NONE', *, *, #6220, .T. ) ;
#1604 = CARTESIAN_POINT ( 'NONE',  ( 2.932874672760973100, 4.054010373035234600, -6.400000000000000400 ) ) ;
#1605 =( GEOMETRIC_REPRESENTATION_CONTEXT ( 3 ) GLOBAL_UNCERTAINTY_ASSIGNED_CONTEXT ( ( #6133 ) ) GLOBAL_UNIT_ASSIGNED_CONTEXT ( ( #5301, #3366, #1455 ) ) REPRESENTATION_CONTEXT ( 'NONE', 'WORKASPACE' ) );
#1606 = EDGE_CURVE ( 'NONE', #610, #2444, #2813, .T. ) ;
#1607 = CARTESIAN_POINT ( 'NONE',  ( 3.750000000000000000, 4.254010373035233900, -6.400000000000000400 ) ) ;
#1608 = FACE_OUTER_BOUND ( 'NONE', #4376, .T. ) ;
#1609 = VERTEX_POINT ( 'NONE', #4377 ) ;
#1610 = CARTESIAN_POINT ( 'NONE',  ( 1.241527841744380500, 8.000000000000000000, -2.732759780638301700 ) ) ;
#1611 = CARTESIAN_POINT ( 'NONE',  ( 1.241527841744380700, 8.005000000000000800, -2.007501484776174300 ) ) ;
#1612 = VECTOR ( 'NONE', #4366, 1000.000000000000000 ) ;
#1613 =( NAMED_UNIT ( * ) SI_UNIT ( $, .STERADIAN. ) SOLID_ANGLE_UNIT ( ) );
#1614 = STYLED_ITEM ( 'NONE', ( #770 ), #368 ) ;
#1615 = DIRECTION ( 'NONE',  ( 0.0000000000000000000, 0.0000000000000000000, 1.000000000000000000 ) ) ;
#1616 = FILL_AREA_STYLE ('',( #4080 ) ) ;
#1617 = FACE_OUTER_BOUND ( 'NONE', #1521, .T. ) ;
#1618 = CARTESIAN_POINT ( 'NONE',  ( 1.241527841744380200, 8.005000000000000800, -3.042213324885009400 ) ) ;
#1619 = CARTESIAN_POINT ( 'NONE',  ( 2.250000000000001800, 0.0000000000000000000, -4.180225025942715600 ) ) ;
#1620 = CARTESIAN_POINT ( 'NONE',  ( 3.250000000000001300, 0.0000000000000000000, -6.200000000000001100 ) ) ;
#1621 = PRESENTATION_LAYER_ASSIGNMENT (  '', '', ( #4469 ) ) ;
#1622 = VECTOR ( 'NONE', #2087, 1000.000000000000000 ) ;
#1623 = EDGE_CURVE ( 'NONE', #3786, #3916, #2428, .T. ) ;
#1624 = CARTESIAN_POINT ( 'NONE',  ( 4.684282614764412300, 0.08284271247461863500, -6.400000000000001200 ) ) ;
#1625 = ORIENTED_EDGE ( 'NONE', *, *, #4766, .T. ) ;
#1626 = PLANE ( 'NONE',  #138 ) ;
#1627 = ORIENTED_EDGE ( 'NONE', *, *, #3063, .T. ) ;
#1628 = VECTOR ( 'NONE', #602, 1000.000000000000000 ) ;
#1629 = CARTESIAN_POINT ( 'NONE',  ( 3.450000000000001100, 0.1999999999999996500, 0.0000000000000000000 ) ) ;
#1630 = ORIENTED_EDGE ( 'NONE', *, *, #3736, .T. ) ;
#1631 = EDGE_CURVE ( 'NONE', #3624, #3705, #4891, .T. ) ;
#1632 = DIRECTION ( 'NONE',  ( 1.000000000000000000, 0.0000000000000000000, -9.098923155897436200E-017 ) ) ;
#1633 = AXIS2_PLACEMENT_3D ( 'NONE', #2209, #4624, #5148 ) ;
#1634 = AXIS2_PLACEMENT_3D ( 'NONE', #2208, #6022, #1172 ) ;
#1635 = VECTOR ( 'NONE', #4814, 1000.000000000000000 ) ;
#1636 = LINE ( 'NONE', #1196, #1008 ) ;
#1637 = ORIENTED_EDGE ( 'NONE', *, *, #5971, .F. ) ;
#1638 =( LENGTH_UNIT ( ) NAMED_UNIT ( * ) SI_UNIT ( .MILLI., .METRE. ) );
#1639 = ORIENTED_EDGE ( 'NONE', *, *, #4568, .F. ) ;
#1640 = FILL_AREA_STYLE_COLOUR ( '', #3716 ) ;
#1641 =( LENGTH_UNIT ( ) NAMED_UNIT ( * ) SI_UNIT ( .MILLI., .METRE. ) );
#1642 = DIRECTION ( 'NONE',  ( 0.0000000000000000000, -1.000000000000000000, 1.761828530288947900E-015 ) ) ;
#1643 = DIRECTION ( 'NONE',  ( -0.0000000000000000000, 1.000000000000000000, -0.0000000000000000000 ) ) ;
#1644 = SHAPE_DEFINITION_REPRESENTATION ( #3150, #1263 ) ;
#1645 = ORIENTED_EDGE ( 'NONE', *, *, #4561, .F. ) ;
#1646 = AXIS2_PLACEMENT_3D ( 'NONE', #1985, #5866, #1548 ) ;
#1647 = ORIENTED_EDGE ( 'NONE', *, *, #4666, .F. ) ;
#1648 = PLANE ( 'NONE',  #851 ) ;
#1649 = ORIENTED_EDGE ( 'NONE', *, *, #4870, .T. ) ;
#1650 = FACE_OUTER_BOUND ( 'NONE', #4965, .T. ) ;
#1651 = LINE ( 'NONE', #4647, #5882 ) ;
#1652 = VERTEX_POINT ( 'NONE', #2437 ) ;
#1653 =( GEOMETRIC_REPRESENTATION_CONTEXT ( 3 ) GLOBAL_UNCERTAINTY_ASSIGNED_CONTEXT ( ( #2203 ) ) GLOBAL_UNIT_ASSIGNED_CONTEXT ( ( #3829, #6284, #431 ) ) REPRESENTATION_CONTEXT ( 'NONE', 'WORKASPACE' ) );
#1654 =( LENGTH_UNIT ( ) NAMED_UNIT ( * ) SI_UNIT ( .MILLI., .METRE. ) );
#1655 = FILL_AREA_STYLE ('',( #1223 ) ) ;
#1656 = CARTESIAN_POINT ( 'NONE',  ( 1.241527841744380200, 8.005000000000000800, -3.430882837268343500 ) ) ;
#1657 = ORIENTED_EDGE ( 'NONE', *, *, #4520, .F. ) ;
#1658 = SURFACE_SIDE_STYLE ('',( #1153 ) ) ;
#1659 = FACE_OUTER_BOUND ( 'NONE', #401, .T. ) ;
#1660 = SURFACE_SIDE_STYLE ('',( #2281 ) ) ;
#1661 = STYLED_ITEM ( 'NONE', ( #2580 ), #3645 ) ;
#1662 = ORIENTED_EDGE ( 'NONE', *, *, #1796, .F. ) ;
#1663 = FILL_AREA_STYLE_COLOUR ( '', #2155 ) ;
#1664 = DIRECTION ( 'NONE',  ( 0.9985542843760937300, 0.0000000000000000000, 0.05375259206910172600 ) ) ;
#1665 = UNCERTAINTY_MEASURE_WITH_UNIT (LENGTH_MEASURE( 1.000000000000000100E-005 ), #1733, 'distance_accuracy_value', 'NONE');
#1666 =( NAMED_UNIT ( * ) SI_UNIT ( $, .STERADIAN. ) SOLID_ANGLE_UNIT ( ) );
#1667 = FACE_OUTER_BOUND ( 'NONE', #1098, .T. ) ;
#1668 = ORIENTED_EDGE ( 'NONE', *, *, #3809, .T. ) ;
#1669 = SURFACE_SIDE_STYLE ('',( #197 ) ) ;
#1670 = LINE ( 'NONE', #4692, #4169 ) ;
#1671 =( NAMED_UNIT ( * ) SI_UNIT ( $, .STERADIAN. ) SOLID_ANGLE_UNIT ( ) );
#1672 = EDGE_CURVE ( 'NONE', #2988, #5471, #910, .T. ) ;
#1673 =( LENGTH_UNIT ( ) NAMED_UNIT ( * ) SI_UNIT ( .MILLI., .METRE. ) );
#1674 = MECHANICAL_DESIGN_GEOMETRIC_PRESENTATION_REPRESENTATION (  '', ( #5020 ), #2944 ) ;
#1675 = ORIENTED_EDGE ( 'NONE', *, *, #2477, .T. ) ;
#1676 = CARTESIAN_POINT ( 'NONE',  ( 1.241527841744380200, 8.000000000000000000, -1.917526775295209700 ) ) ;
#1677 = FACE_OUTER_BOUND ( 'NONE', #4282, .T. ) ;
#1678 = DIRECTION ( 'NONE',  ( 0.0000000000000000000, 0.0000000000000000000, 1.000000000000000000 ) ) ;
#1679 = DIRECTION ( 'NONE',  ( -0.0000000000000000000, -1.000000000000000000, -0.0000000000000000000 ) ) ;
#1680 = PLANE ( 'NONE',  #5721 ) ;
#1681 = EDGE_LOOP ( 'NONE', ( #3844, #4519, #5833, #4233 ) ) ;
#1682 = LINE ( 'NONE', #2405, #5911 ) ;
#1683 = EDGE_CURVE ( 'NONE', #5725, #3786, #1157, .T. ) ;
#1684 = FILL_AREA_STYLE ('',( #5119 ) ) ;
#1685 = AXIS2_PLACEMENT_3D ( 'NONE', #4228, #1301, #4263 ) ;
#1686 =( NAMED_UNIT ( * ) SI_UNIT ( $, .STERADIAN. ) SOLID_ANGLE_UNIT ( ) );
#1687 = FILL_AREA_STYLE ('',( #6066 ) ) ;
#1688 = FACE_BOUND ( 'NONE', #1551, .T. ) ;
#1689 = LINE ( 'NONE', #5343, #1525 ) ;
#1690 =( NAMED_UNIT ( * ) PLANE_ANGLE_UNIT ( ) SI_UNIT ( $, .RADIAN. ) );
#1691 = LINE ( 'NONE', #757, #383 ) ;
#1692 = DIRECTION ( 'NONE',  ( -1.000000000000000000, 0.0000000000000000000, 0.0000000000000000000 ) ) ;
#1693 = SURFACE_STYLE_FILL_AREA ( #5478 ) ;
#1694 = CARTESIAN_POINT ( 'NONE',  ( 0.5907798819868245200, 8.005000000000000800, -4.764231888689944400 ) ) ;
#1695 = LINE ( 'NONE', #1003, #1315 ) ;
#1696 = DIRECTION ( 'NONE',  ( 0.0000000000000000000, 0.0000000000000000000, -1.000000000000000000 ) ) ;
#1697 = DIRECTION ( 'NONE',  ( 0.0000000000000000000, 0.0000000000000000000, 1.000000000000000000 ) ) ;
#1698 = ORIENTED_EDGE ( 'NONE', *, *, #3855, .F. ) ;
#1699 = VECTOR ( 'NONE', #6055, 1000.000000000000000 ) ;
#1700 = AXIS2_PLACEMENT_3D ( 'NONE', #4601, #3154, #4060 ) ;
#1701 = LINE ( 'NONE', #648, #5407 ) ;
#1702 =( GEOMETRIC_REPRESENTATION_CONTEXT ( 3 ) GLOBAL_UNCERTAINTY_ASSIGNED_CONTEXT ( ( #2544 ) ) GLOBAL_UNIT_ASSIGNED_CONTEXT ( ( #2728, #387, #3782 ) ) REPRESENTATION_CONTEXT ( 'NONE', 'WORKASPACE' ) );
#1703 = COLOUR_RGB ( '',0.8980392156862745400, 0.9215686274509803400, 0.9294117647058823800 ) ;
#1704 =( NAMED_UNIT ( * ) SI_UNIT ( $, .STERADIAN. ) SOLID_ANGLE_UNIT ( ) );
#1705 = LINE ( 'NONE', #5498, #855 ) ;
#1706 = SURFACE_STYLE_USAGE ( .BOTH. , #3091 ) ;
#1707 = CIRCLE ( 'NONE', #6295, 0.1999999999999996500 ) ;
#1708 = ORIENTED_EDGE ( 'NONE', *, *, #2870, .F. ) ;
#1709 = STYLED_ITEM ( 'NONE', ( #732 ), #4364 ) ;
#1710 =( NAMED_UNIT ( * ) PLANE_ANGLE_UNIT ( ) SI_UNIT ( $, .RADIAN. ) );
#1711 = AXIS2_PLACEMENT_3D ( 'NONE', #5906, #97, #1209 ) ;
#1712 = ORIENTED_EDGE ( 'NONE', *, *, #28, .F. ) ;
#1713 = EDGE_CURVE ( 'NONE', #4121, #5512, #230, .T. ) ;
#1714 = FILL_AREA_STYLE ('',( #6073 ) ) ;
#1715 =( NAMED_UNIT ( * ) SI_UNIT ( $, .STERADIAN. ) SOLID_ANGLE_UNIT ( ) );
#1716 = ORIENTED_EDGE ( 'NONE', *, *, #6226, .T. ) ;
#1717 = DIRECTION ( 'NONE',  ( 1.000000000000000000, 0.0000000000000000000, 0.0000000000000000000 ) ) ;
#1718 = VERTEX_POINT ( 'NONE', #102 ) ;
#1719 = DIRECTION ( 'NONE',  ( 0.2763173343581435400, 0.0000000000000000000, -0.9610664548995610000 ) ) ;
#1720 = FILL_AREA_STYLE_COLOUR ( '', #2142 ) ;
#1721 = EDGE_CURVE ( 'NONE', #2778, #2112, #3568, .T. ) ;
#1722 = ORIENTED_EDGE ( 'NONE', *, *, #3087, .F. ) ;
#1723 = CARTESIAN_POINT ( 'NONE',  ( 4.767125327239031500, 0.0000000000000000000, 0.0000000000000000000 ) ) ;
#1724 = CARTESIAN_POINT ( 'NONE',  ( 1.241527841744380200, 8.005000000000000800, -3.257208478524097600 ) ) ;
#1725 = DIRECTION ( 'NONE',  ( 3.907430924870044500E-016, 0.0000000000000000000, -1.000000000000000000 ) ) ;
#1726 = ORIENTED_EDGE ( 'NONE', *, *, #733, .F. ) ;
#1727 = MECHANICAL_DESIGN_GEOMETRIC_PRESENTATION_REPRESENTATION (  '', ( #3026 ), #5978 ) ;
#1728 = ADVANCED_FACE ( 'NONE', ( #3799 ), #2972, .F. ) ;
#1729 = LINE ( 'NONE', #3571, #5596 ) ;
#1730 = DIRECTION ( 'NONE',  ( 0.0000000000000000000, 0.0000000000000000000, 1.000000000000000000 ) ) ;
#1731 = VECTOR ( 'NONE', #133, 1000.000000000000000 ) ;
#1732 = VERTEX_POINT ( 'NONE', #2569 ) ;
#1733 =( LENGTH_UNIT ( ) NAMED_UNIT ( * ) SI_UNIT ( .MILLI., .METRE. ) );
#1734 = DIRECTION ( 'NONE',  ( -1.953715462435022800E-016, -0.0000000000000000000, -1.000000000000000000 ) ) ;
#1735 = PRESENTATION_LAYER_ASSIGNMENT (  '', '', ( #5817 ) ) ;
#1736 = EDGE_CURVE ( 'NONE', #5332, #117, #4082, .T. ) ;
#1737 = VECTOR ( 'NONE', #5835, 1000.000000000000000 ) ;
#1738 = ORIENTED_EDGE ( 'NONE', *, *, #2638, .F. ) ;
#1739 = DIRECTION ( 'NONE',  ( 1.000000000000000000, 0.0000000000000000000, 0.0000000000000000000 ) ) ;
#1740 = CARTESIAN_POINT ( 'NONE',  ( 7.500000000000000000, 8.000000000000000000, 0.0000000000000000000 ) ) ;
#1741 = DIRECTION ( 'NONE',  ( 0.0000000000000000000, 0.0000000000000000000, 1.000000000000000000 ) ) ;
#1742 = CARTESIAN_POINT ( 'NONE',  ( 1.241527841744380500, 8.005000000000000800, -2.732759780638301700 ) ) ;
#1743 = DIRECTION ( 'NONE',  ( -1.000000000000000000, 0.0000000000000000000, -0.0000000000000000000 ) ) ;
#1744 = ORIENTED_EDGE ( 'NONE', *, *, #5691, .T. ) ;
#1745 = PRESENTATION_LAYER_ASSIGNMENT (  '', '', ( #5992 ) ) ;
#1746 = DIRECTION ( 'NONE',  ( 0.8843386665632471100, 0.0000000000000000000, 0.4668459304964946400 ) ) ;
#1747 = DIRECTION ( 'NONE',  ( 1.000000000000000000, 0.0000000000000000000, 0.0000000000000000000 ) ) ;
#1748 = FACE_OUTER_BOUND ( 'NONE', #777, .T. ) ;
#1749 = VERTEX_POINT ( 'NONE', #628 ) ;
#1750 = UNCERTAINTY_MEASURE_WITH_UNIT (LENGTH_MEASURE( 1.000000000000000100E-005 ), #2643, 'distance_accuracy_value', 'NONE');
#1751 = PRESENTATION_LAYER_ASSIGNMENT (  '', '', ( #4219 ) ) ;
#1752 = AXIS2_PLACEMENT_3D ( 'NONE', #1256, #3643, #2269 ) ;
#1753 = EDGE_LOOP ( 'NONE', ( #656, #3979, #333, #3458 ) ) ;
#1754 = EDGE_CURVE ( 'NONE', #6060, #1020, #766, .T. ) ;
#1755 = DIRECTION ( 'NONE',  ( 1.000000000000000000, 0.0000000000000000000, 0.0000000000000000000 ) ) ;
#1756 = ADVANCED_FACE ( 'NONE', ( #5255 ), #5333, .T. ) ;
#1757 = CARTESIAN_POINT ( 'NONE',  ( 6.290000000000000000, -6.500000000000000000, -4.469999999999999800 ) ) ;
#1758 = SURFACE_STYLE_FILL_AREA ( #5059 ) ;
#1759 = ORIENTED_EDGE ( 'NONE', *, *, #1060, .T. ) ;
#1760 = LINE ( 'NONE', #6063, #5555 ) ;
#1761 = EDGE_CURVE ( 'NONE', #3434, #4287, #3725, .T. ) ;
#1762 = STYLED_ITEM ( 'NONE', ( #1305 ), #1853 ) ;
#1763 = MECHANICAL_DESIGN_GEOMETRIC_PRESENTATION_REPRESENTATION (  '', ( #5214 ), #4904 ) ;
#1764 = CARTESIAN_POINT ( 'NONE',  ( 3.250000000000001300, 0.1999999999999996500, 0.0000000000000000000 ) ) ;
#1765 = VERTEX_POINT ( 'NONE', #3992 ) ;
#1766 = CARTESIAN_POINT ( 'NONE',  ( 1.241527841744380200, 8.005000000000000800, -1.672147313927540500 ) ) ;
#1767 = VECTOR ( 'NONE', #3487, 1000.000000000000000 ) ;
#1768 =( NAMED_UNIT ( * ) PLANE_ANGLE_UNIT ( ) SI_UNIT ( $, .RADIAN. ) );
#1769 = LINE ( 'NONE', #4355, #5106 ) ;
#1770 = LINE ( 'NONE', #4249, #6160 ) ;
#1771 = CARTESIAN_POINT ( 'NONE',  ( 7.500000000000000000, 0.1999999999999996500, 0.0000000000000000000 ) ) ;
#1772 = STYLED_ITEM ( 'NONE', ( #4427 ), #5912 ) ;
#1773 = DIRECTION ( 'NONE',  ( 0.0000000000000000000, 0.0000000000000000000, 1.000000000000000000 ) ) ;
#1774 = VECTOR ( 'NONE', #2750, 1000.000000000000100 ) ;
#1775 = ORIENTED_EDGE ( 'NONE', *, *, #4991, .T. ) ;
#1776 = SURFACE_STYLE_FILL_AREA ( #1179 ) ;
#1777 = DIRECTION ( 'NONE',  ( -3.907430924870045500E-016, 0.0000000000000000000, 1.000000000000000000 ) ) ;
#1778 = VECTOR ( 'NONE', #116, 1000.000000000000000 ) ;
#1779 = VERTEX_POINT ( 'NONE', #4492 ) ;
#1780 =( NAMED_UNIT ( * ) PLANE_ANGLE_UNIT ( ) SI_UNIT ( $, .RADIAN. ) );
#1781 = PLANE ( 'NONE',  #2684 ) ;
#1782 = B_SPLINE_CURVE_WITH_KNOTS ( 'NONE', 3,
 ( #5769, #4752, #891, #3305, #6208, #3285 ),
 .UNSPECIFIED., .F., .F.,
 ( 4, 2, 4 ),
 ( 0.0000000000000000000, 0.0001656593132408570700, 0.0003313186264817141500 ),
 .UNSPECIFIED. ) ;
#1783 = AXIS2_PLACEMENT_3D ( 'NONE', #1892, #1474, #4404 ) ;
#1784 = ORIENTED_EDGE ( 'NONE', *, *, #271, .F. ) ;
#1785 = COLOUR_RGB ( '',0.8980392156862745400, 0.9215686274509803400, 0.9294117647058823800 ) ;
#1786 = VERTEX_POINT ( 'NONE', #1031 ) ;
#1787 = EDGE_LOOP ( 'NONE', ( #5801, #740, #1010, #3517 ) ) ;
#1788 = EDGE_CURVE ( 'NONE', #1587, #2778, #213, .T. ) ;
#1789 = STYLED_ITEM ( 'NONE', ( #3576 ), #1756 ) ;
#1790 = EDGE_CURVE ( 'NONE', #189, #3352, #695, .T. ) ;
#1791 = DIRECTION ( 'NONE',  ( 0.0000000000000000000, 0.0000000000000000000, -1.000000000000000000 ) ) ;
#1792 = VECTOR ( 'NONE', #2374, 1000.000000000000000 ) ;
#1793 = ORIENTED_EDGE ( 'NONE', *, *, #2311, .F. ) ;
#1794 =( LENGTH_UNIT ( ) NAMED_UNIT ( * ) SI_UNIT ( .MILLI., .METRE. ) );
#1795 =( LENGTH_UNIT ( ) NAMED_UNIT ( * ) SI_UNIT ( .MILLI., .METRE. ) );
#1796 = EDGE_CURVE ( 'NONE', #3235, #2368, #2141, .T. ) ;
#1797 = DIRECTION ( 'NONE',  ( -0.9619530280415750100, 0.0000000000000000000, -0.2732148821745347100 ) ) ;
#1798 = CARTESIAN_POINT ( 'NONE',  ( 2.340301594727332000, 2.872787572806491800, -2.219774974057284300 ) ) ;
#1799 = VECTOR ( 'NONE', #5715, 1000.000000000000000 ) ;
#1800 = ORIENTED_EDGE ( 'NONE', *, *, #5758, .F. ) ;
#1801 = EDGE_CURVE ( 'NONE', #5055, #4945, #384, .T. ) ;
#1802 = AXIS2_PLACEMENT_3D ( 'NONE', #4371, #2838, #3834 ) ;
#1803 = CARTESIAN_POINT ( 'NONE',  ( 3.750000000000000000, 4.254010373035233900, -6.400000000000000400 ) ) ;
#1804 =( NAMED_UNIT ( * ) PLANE_ANGLE_UNIT ( ) SI_UNIT ( $, .RADIAN. ) );
#1805 = ORIENTED_EDGE ( 'NONE', *, *, #4730, .T. ) ;
#1806 = LINE ( 'NONE', #5767, #1880 ) ;
#1807 = PLANE ( 'NONE',  #3016 ) ;
#1808 = ADVANCED_FACE ( 'NONE', ( #5184 ), #2852, .F. ) ;
#1809 = ORIENTED_EDGE ( 'NONE', *, *, #3345, .T. ) ;
#1810 = CARTESIAN_POINT ( 'NONE',  ( 4.050000000000003400, -0.8000000000000000400, -6.200000000000001100 ) ) ;
#1811 = DIRECTION ( 'NONE',  ( 0.0000000000000000000, 0.0000000000000000000, 1.000000000000000000 ) ) ;
#1812 = MECHANICAL_DESIGN_GEOMETRIC_PRESENTATION_REPRESENTATION (  '', ( #905 ), #5950 ) ;
#1813 = EDGE_LOOP ( 'NONE', ( #3943, #2517, #2799, #2016 ) ) ;
#1814 =( GEOMETRIC_REPRESENTATION_CONTEXT ( 3 ) GLOBAL_UNCERTAINTY_ASSIGNED_CONTEXT ( ( #3598 ) ) GLOBAL_UNIT_ASSIGNED_CONTEXT ( ( #731, #4695, #1203 ) ) REPRESENTATION_CONTEXT ( 'NONE', 'WORKASPACE' ) );
#1815 = COLOUR_RGB ( '',0.1019607843137254900, 0.1019607843137254900, 0.1019607843137254900 ) ;
#1816 = CARTESIAN_POINT ( 'NONE',  ( 0.8036416849884532300, 8.005000000000000800, -1.496381290710191900 ) ) ;
#1817 = PLANE ( 'NONE',  #1160 ) ;
#1818 = SURFACE_SIDE_STYLE ('',( #917 ) ) ;
#1819 = DIRECTION ( 'NONE',  ( 1.000000000000000000, 0.0000000000000000000, 0.0000000000000000000 ) ) ;
#1820 = VERTEX_POINT ( 'NONE', #4787 ) ;
#1821 = COLOUR_RGB ( '',0.1019607843137254900, 0.1019607843137254900, 0.1019607843137254900 ) ;
#1822 =( GEOMETRIC_REPRESENTATION_CONTEXT ( 3 ) GLOBAL_UNCERTAINTY_ASSIGNED_CONTEXT ( ( #2321 ) ) GLOBAL_UNIT_ASSIGNED_CONTEXT ( ( #5576, #6100, #2193 ) ) REPRESENTATION_CONTEXT ( 'NONE', 'WORKASPACE' ) );
#1823 = ADVANCED_FACE ( 'NONE', ( #4584 ), #1398, .F. ) ;
#1824 = DIRECTION ( 'NONE',  ( -0.0000000000000000000, -1.000000000000000000, -0.0000000000000000000 ) ) ;
#1825 = PRESENTATION_LAYER_ASSIGNMENT (  '', '', ( #1418 ) ) ;
#1826 = EDGE_CURVE ( 'NONE', #3181, #5082, #5396, .T. ) ;
#1827 = EDGE_LOOP ( 'NONE', ( #1279, #544 ) ) ;
#1828 = LINE ( 'NONE', #2958, #3787 ) ;
#1829 =( NAMED_UNIT ( * ) SI_UNIT ( $, .STERADIAN. ) SOLID_ANGLE_UNIT ( ) );
#1830 = SURFACE_SIDE_STYLE ('',( #2504 ) ) ;
#1831 = VERTEX_POINT ( 'NONE', #1439 ) ;
#1832 = EDGE_CURVE ( 'NONE', #1401, #863, #3268, .T. ) ;
#1833 = CIRCLE ( 'NONE', #5567, 0.2000000000000000900 ) ;
#1834 = CARTESIAN_POINT ( 'NONE',  ( 0.5235572678224954500, 8.005000000000000800, -3.082457635954221100 ) ) ;
#1835 = AXIS2_PLACEMENT_3D ( 'NONE', #4794, #3317, #1869 ) ;
#1836 = AXIS2_PLACEMENT_3D ( 'NONE', #4407, #2938, #995 ) ;
#1837 =( LENGTH_UNIT ( ) NAMED_UNIT ( * ) SI_UNIT ( .MILLI., .METRE. ) );
#1838 = DIRECTION ( 'NONE',  ( 0.0000000000000000000, 0.0000000000000000000, 1.000000000000000000 ) ) ;
#1839 = LINE ( 'NONE', #4215, #1774 ) ;
#1840 = FACE_OUTER_BOUND ( 'NONE', #922, .T. ) ;
#1841 = CIRCLE ( 'NONE', #2402, 0.1999999999999996500 ) ;
#1842 = ADVANCED_FACE ( 'NONE', ( #5702, #1688, #4422 ), #4808, .T. ) ;
#1843 = SURFACE_SIDE_STYLE ('',( #5117 ) ) ;
#1844 = VECTOR ( 'NONE', #5510, 1000.000000000000000 ) ;
#1845 = VECTOR ( 'NONE', #4435, 1000.000000000000000 ) ;
#1846 = VERTEX_POINT ( 'NONE', #3830 ) ;
#1847 = LINE ( 'NONE', #672, #1628 ) ;
#1848 = MECHANICAL_DESIGN_GEOMETRIC_PRESENTATION_REPRESENTATION (  '', ( #2819 ), #3790 ) ;
#1849 = LINE ( 'NONE', #5306, #4128 ) ;
#1850 = VERTEX_POINT ( 'NONE', #3785 ) ;
#1851 = CARTESIAN_POINT ( 'NONE',  ( 2.450000000000002000, 4.929470609902312900, -3.200000000000000200 ) ) ;
#1852 = UNCERTAINTY_MEASURE_WITH_UNIT (LENGTH_MEASURE( 1.000000000000000100E-005 ), #2551, 'distance_accuracy_value', 'NONE');
#1853 = ADVANCED_FACE ( 'NONE', ( #984 ), #5638, .T. ) ;
#1854 = ORIENTED_EDGE ( 'NONE', *, *, #958, .T. ) ;
#1855 = VERTEX_POINT ( 'NONE', #2895 ) ;
#1856 = CARTESIAN_POINT ( 'NONE',  ( 1.676445934406436600, 7.800000000000000700, -0.1999999999999996500 ) ) ;
#1857 =( GEOMETRIC_REPRESENTATION_CONTEXT ( 3 ) GLOBAL_UNCERTAINTY_ASSIGNED_CONTEXT ( ( #2854 ) ) GLOBAL_UNIT_ASSIGNED_CONTEXT ( ( #1302, #1361, #4349 ) ) REPRESENTATION_CONTEXT ( 'NONE', 'WORKASPACE' ) );
#1858 = PRESENTATION_LAYER_ASSIGNMENT (  '', '', ( #3601 ) ) ;
#1859 = FACE_OUTER_BOUND ( 'NONE', #956, .T. ) ;
#1860 = VECTOR ( 'NONE', #4330, 1000.000000000000000 ) ;
#1861 = VERTEX_POINT ( 'NONE', #1604 ) ;
#1862 = ORIENTED_EDGE ( 'NONE', *, *, #4419, .T. ) ;
#1863 = SURFACE_STYLE_USAGE ( .BOTH. , #4723 ) ;
#1864 = EDGE_CURVE ( 'NONE', #3732, #802, #2741, .T. ) ;
#1865 = EDGE_LOOP ( 'NONE', ( #5197, #646, #6282, #493 ) ) ;
#1866 = DIRECTION ( 'NONE',  ( -0.0000000000000000000, -1.000000000000000000, -0.0000000000000000000 ) ) ;
#1867 =( GEOMETRIC_REPRESENTATION_CONTEXT ( 3 ) GLOBAL_UNCERTAINTY_ASSIGNED_CONTEXT ( ( #2595 ) ) GLOBAL_UNIT_ASSIGNED_CONTEXT ( ( #1281, #6142, #1364 ) ) REPRESENTATION_CONTEXT ( 'NONE', 'WORKASPACE' ) );
#1868 = FILL_AREA_STYLE_COLOUR ( '', #542 ) ;
#1869 = DIRECTION ( 'NONE',  ( 0.0000000000000000000, 0.0000000000000000000, 1.000000000000000000 ) ) ;
#1870 = FACE_OUTER_BOUND ( 'NONE', #3735, .T. ) ;
#1871 = CARTESIAN_POINT ( 'NONE',  ( 0.5896396428537221700, 8.005000000000000800, -4.519058406004661200 ) ) ;
#1872 = LINE ( 'NONE', #5154, #4292 ) ;
#1873 = SPHERICAL_SURFACE ( 'NONE', #5607, 0.2000000000000000100 ) ;
#1874 = ORIENTED_EDGE ( 'NONE', *, *, #5538, .F. ) ;
#1875 = DIRECTION ( 'NONE',  ( 0.0000000000000000000, 0.0000000000000000000, -1.000000000000000000 ) ) ;
#1876 = SURFACE_STYLE_USAGE ( .BOTH. , #3341 ) ;
#1877 = VERTEX_POINT ( 'NONE', #2619 ) ;
#1878 = FILL_AREA_STYLE ('',( #5580 ) ) ;
#1879 = SURFACE_SIDE_STYLE ('',( #3417 ) ) ;
#1880 = VECTOR ( 'NONE', #3300, 1000.000000000000000 ) ;
#1881 = ADVANCED_FACE ( 'NONE', ( #6086 ), #5941, .F. ) ;
#1882 = DIRECTION ( 'NONE',  ( -1.000000000000000000, 0.0000000000000000000, 0.0000000000000000000 ) ) ;
#1883 = DIRECTION ( 'NONE',  ( 0.0000000000000000000, -0.0000000000000000000, -1.000000000000000000 ) ) ;
#1884 = CYLINDRICAL_SURFACE ( 'NONE', #3006, 0.1999999999999996500 ) ;
#1885 = ORIENTED_EDGE ( 'NONE', *, *, #4859, .F. ) ;
#1886 =( NAMED_UNIT ( * ) SI_UNIT ( $, .STERADIAN. ) SOLID_ANGLE_UNIT ( ) );
#1887 = CARTESIAN_POINT ( 'NONE',  ( 0.4350673547405130000, 8.000000000000000000, -1.847101683700655500 ) ) ;
#1888 = ORIENTED_EDGE ( 'NONE', *, *, #923, .F. ) ;
#1889 = FILL_AREA_STYLE_COLOUR ( '', #3954 ) ;
#1890 =( BOUNDED_CURVE ( )  B_SPLINE_CURVE ( 3, ( #1993, #2935, #1973, #4512 ),
 .UNSPECIFIED., .F., .F. ) 
 B_SPLINE_CURVE_WITH_KNOTS ( ( 4, 4 ),
 ( 1.570796326794896800, 3.141592653589793100 ),
 .UNSPECIFIED. ) 
 CURVE ( )  GEOMETRIC_REPRESENTATION_ITEM ( )  RATIONAL_B_SPLINE_CURVE ( ( 1.000000000000000000, 0.8047378541243650500, 0.8047378541243650500, 1.000000000000000000 ) ) 
 REPRESENTATION_ITEM ( '' )  );
#1891 = MECHANICAL_DESIGN_GEOMETRIC_PRESENTATION_REPRESENTATION (  '', ( #1122 ), #2217 ) ;
#1892 = CARTESIAN_POINT ( 'NONE',  ( 1.476445934406436700, 7.800000000000000700, -6.200000000000001100 ) ) ;
#1893 = ORIENTED_EDGE ( 'NONE', *, *, #1013, .F. ) ;
#1894 = CARTESIAN_POINT ( 'NONE',  ( 2.932874672760972700, 8.000000000000000000, 0.0000000000000000000 ) ) ;
#1895 = DIRECTION ( 'NONE',  ( -0.9610876102173480100, 0.0000000000000000000, -0.2762437428915032200 ) ) ;
#1896 = FILL_AREA_STYLE ('',( #6296 ) ) ;
#1897 = ORIENTED_EDGE ( 'NONE', *, *, #4386, .F. ) ;
#1898 = AXIS2_PLACEMENT_3D ( 'NONE', #4536, #4578, #1073 ) ;
#1899 = EDGE_CURVE ( 'NONE', #575, #4237, #302, .T. ) ;
#1900 = DIRECTION ( 'NONE',  ( -1.761828530288947700E-015, 0.0000000000000000000, -1.000000000000000000 ) ) ;
#1901 = MECHANICAL_DESIGN_GEOMETRIC_PRESENTATION_REPRESENTATION (  '', ( #5689 ), #5365 ) ;
#1902 = FILL_AREA_STYLE_COLOUR ( '', #6004 ) ;
#1903 = EDGE_CURVE ( 'NONE', #3946, #4443, #455, .T. ) ;
#1904 = CARTESIAN_POINT ( 'NONE',  ( 0.4350673547405129500, 8.000000000000000000, -3.259236899294713800 ) ) ;
#1905 = DIRECTION ( 'NONE',  ( -0.0000000000000000000, 1.000000000000000000, -0.0000000000000000000 ) ) ;
#1906 = EDGE_CURVE ( 'NONE', #1765, #2911, #1064, .T. ) ;
#1907 = VECTOR ( 'NONE', #2285, 1000.000000000000000 ) ;
#1908 = EDGE_LOOP ( 'NONE', ( #1716, #2751, #1328, #5685 ) ) ;
#1909 = CIRCLE ( 'NONE', #2967, 0.2999999999999999300 ) ;
#1910 = AXIS2_PLACEMENT_3D ( 'NONE', #6203, #2315, #5708 ) ;
#1911 = CARTESIAN_POINT ( 'NONE',  ( 0.8876613702446638500, 8.005000000000000800, -2.684234636770967500 ) ) ;
#1912 = CARTESIAN_POINT ( 'NONE',  ( 1.241527841744380000, 8.005000000000000800, -4.577134585831736000 ) ) ;
#1913 = FILL_AREA_STYLE ('',( #1454 ) ) ;
#1914 = FACE_OUTER_BOUND ( 'NONE', #5717, .T. ) ;
#1915 = VECTOR ( 'NONE', #598, 999.9999999999998900 ) ;
#1916 = VERTEX_POINT ( 'NONE', #4649 ) ;
#1917 = EDGE_CURVE ( 'NONE', #2957, #635, #2510, .T. ) ;
#1918 = SURFACE_STYLE_USAGE ( .BOTH. , #4365 ) ;
#1919 = EDGE_LOOP ( 'NONE', ( #3039, #5960, #319, #3068 ) ) ;
#1920 =( LENGTH_UNIT ( ) NAMED_UNIT ( * ) SI_UNIT ( .MILLI., .METRE. ) );
#1921 = LINE ( 'NONE', #4057, #3586 ) ;
#1922 = LINE ( 'NONE', #5616, #3284 ) ;
#1923 = ORIENTED_EDGE ( 'NONE', *, *, #2103, .T. ) ;
#1924 =( NAMED_UNIT ( * ) PLANE_ANGLE_UNIT ( ) SI_UNIT ( $, .RADIAN. ) );
#1925 = UNCERTAINTY_MEASURE_WITH_UNIT (LENGTH_MEASURE( 1.000000000000000100E-005 ), #3982, 'distance_accuracy_value', 'NONE');
#1926 = SURFACE_SIDE_STYLE ('',( #1530 ) ) ;
#1927 =( GEOMETRIC_REPRESENTATION_CONTEXT ( 3 ) GLOBAL_UNCERTAINTY_ASSIGNED_CONTEXT ( ( #3631 ) ) GLOBAL_UNIT_ASSIGNED_CONTEXT ( ( #4934, #4408, #4914 ) ) REPRESENTATION_CONTEXT ( 'NONE', 'WORKASPACE' ) );
#1928 = DIRECTION ( 'NONE',  ( 0.0000000000000000000, 0.0000000000000000000, 1.000000000000000000 ) ) ;
#1929 = MECHANICAL_DESIGN_GEOMETRIC_PRESENTATION_REPRESENTATION (  '', ( #5828 ), #262 ) ;
#1930 = VECTOR ( 'NONE', #1197, 1000.000000000000000 ) ;
#1931 = ORIENTED_EDGE ( 'NONE', *, *, #4220, .F. ) ;
#1932 = CARTESIAN_POINT ( 'NONE',  ( 7.299999999999999800, 0.1999999999999996500, -6.400000000000000400 ) ) ;
#1933 = VERTEX_POINT ( 'NONE', #728 ) ;
#1934 = CARTESIAN_POINT ( 'NONE',  ( 2.732874672760973000, 0.0000000000000000000, -6.200000000000001100 ) ) ;
#1935 = ORIENTED_EDGE ( 'NONE', *, *, #912, .T. ) ;
#1936 = AXIS2_PLACEMENT_3D ( 'NONE', #5599, #3158, #5556 ) ;
#1937 = DIRECTION ( 'NONE',  ( -1.953715462435022800E-016, -0.0000000000000000000, -1.000000000000000000 ) ) ;
#1938 = MECHANICAL_DESIGN_GEOMETRIC_PRESENTATION_REPRESENTATION (  '', ( #4469 ), #3236 ) ;
#1939 = ORIENTED_EDGE ( 'NONE', *, *, #508, .T. ) ;
#1940 = ORIENTED_EDGE ( 'NONE', *, *, #4111, .T. ) ;
#1941 = ADVANCED_FACE ( 'NONE', ( #2430 ), #1378, .T. ) ;
#1942 = FILL_AREA_STYLE ('',( #3876 ) ) ;
#1943 = SURFACE_STYLE_FILL_AREA ( #2044 ) ;
#1944 = EDGE_CURVE ( 'NONE', #188, #4340, #2133, .T. ) ;
#1945 = AXIS2_PLACEMENT_3D ( 'NONE', #5009, #538, #1127 ) ;
#1946 = LINE ( 'NONE', #2807, #3374 ) ;
#1947 = VERTEX_POINT ( 'NONE', #3080 ) ;
#1948 = AXIS2_PLACEMENT_3D ( 'NONE', #1954, #5834, #2918 ) ;
#1949 = DIRECTION ( 'NONE',  ( 0.0000000000000000000, 1.000000000000000000, 0.0000000000000000000 ) ) ;
#1950 = CARTESIAN_POINT ( 'NONE',  ( 0.8036416849884211500, 8.000000000000000000, -1.736020322378861500 ) ) ;
#1951 = LINE ( 'NONE', #3066, #660 ) ;
#1952 = ORIENTED_EDGE ( 'NONE', *, *, #696, .T. ) ;
#1953 =( NAMED_UNIT ( * ) SI_UNIT ( $, .STERADIAN. ) SOLID_ANGLE_UNIT ( ) );
#1954 = CARTESIAN_POINT ( 'NONE',  ( 6.290000000000000000, -6.500000000000000000, -4.469999999999999800 ) ) ;
#1955 =( NAMED_UNIT ( * ) PLANE_ANGLE_UNIT ( ) SI_UNIT ( $, .RADIAN. ) );
#1956 = AXIS2_PLACEMENT_3D ( 'NONE', #237, #5052, #3041 ) ;
#1957 = DIRECTION ( 'NONE',  ( -0.9612861490927322400, -0.0000000000000000000, -0.2755520632520565600 ) ) ;
#1958 = VECTOR ( 'NONE', #1824, 1000.000000000000000 ) ;
#1959 = COLOUR_RGB ( '',0.1019607843137254900, 0.1019607843137254900, 0.1019607843137254900 ) ;
#1960 = DIRECTION ( 'NONE',  ( 0.0000000000000000000, 0.0000000000000000000, 1.000000000000000000 ) ) ;
#1961 =( NAMED_UNIT ( * ) SI_UNIT ( $, .STERADIAN. ) SOLID_ANGLE_UNIT ( ) );
#1962 = CARTESIAN_POINT ( 'NONE',  ( 5.823554065593562300, 0.0000000000000000000, -0.2000000000000000100 ) ) ;
#1963 = PRESENTATION_LAYER_ASSIGNMENT (  '', '', ( #2819 ) ) ;
#1964 = VERTEX_POINT ( 'NONE', #1177 ) ;
#1965 = VECTOR ( 'NONE', #3061, 1000.000000000000000 ) ;
#1966 = DIRECTION ( 'NONE',  ( 0.0000000000000000000, 0.0000000000000000000, -1.000000000000000000 ) ) ;
#1967 = CARTESIAN_POINT ( 'NONE',  ( 2.250000000000001800, 4.254010373035234800, -4.180225025942715600 ) ) ;
#1968 = CARTESIAN_POINT ( 'NONE',  ( 0.0000000000000000000, 0.1999999999999996500, -0.2000000000000000100 ) ) ;
#1969 = LINE ( 'NONE', #652, #2587 ) ;
#1970 = ADVANCED_FACE ( 'NONE', ( #5257 ), #4146, .F. ) ;
#1971 = FILL_AREA_STYLE ('',( #462 ) ) ;
#1972 = AXIS2_PLACEMENT_3D ( 'NONE', #1465, #14, #3462 ) ;
#1973 = CARTESIAN_POINT ( 'NONE',  ( 2.732874672760973000, -3.109130220291769000E-016, -6.317157287525380300 ) ) ;
#1974 = PRESENTATION_LAYER_ASSIGNMENT (  '', '', ( #4510 ) ) ;
#1975 = FILL_AREA_STYLE_COLOUR ( '', #2777 ) ;
#1976 = CARTESIAN_POINT ( 'NONE',  ( 2.250000000000001800, 3.068809709539726900, -4.180225025942715600 ) ) ;
#1977 = ORIENTED_EDGE ( 'NONE', *, *, #3389, .F. ) ;
#1978 = CIRCLE ( 'NONE', #5249, 0.2999999999999999300 ) ;
#1979 = FACE_OUTER_BOUND ( 'NONE', #983, .T. ) ;
#1980 = CARTESIAN_POINT ( 'NONE',  ( 0.4350673547405130000, 8.005000000000000800, -1.602943381662248500 ) ) ;
#1981 = EDGE_CURVE ( 'NONE', #1786, #6198, #3401, .T. ) ;
#1982 = DIRECTION ( 'NONE',  ( -0.0000000000000000000, -0.0000000000000000000, -1.000000000000000000 ) ) ;
#1983 = PRESENTATION_LAYER_ASSIGNMENT (  '', '', ( #3483 ) ) ;
#1984 = CIRCLE ( 'NONE', #893, 0.1999999999999996500 ) ;
#1985 = CARTESIAN_POINT ( 'NONE',  ( 0.0000000000000000000, 8.000000000000000000, -6.400000000000000400 ) ) ;
#1986 = CARTESIAN_POINT ( 'NONE',  ( 2.732874672760973000, 4.254010373035235700, -6.317157287525380300 ) ) ;
#1987 = ORIENTED_EDGE ( 'NONE', *, *, #5795, .F. ) ;
#1988 = VECTOR ( 'NONE', #3841, 1000.000000000000000 ) ;
#1989 = DIRECTION ( 'NONE',  ( 0.0000000000000000000, 1.000000000000000000, 0.0000000000000000000 ) ) ;
#1990 = CYLINDRICAL_SURFACE ( 'NONE', #1956, 0.1999999999999996500 ) ;
#1991 = CARTESIAN_POINT ( 'NONE',  ( 0.2000000000000000100, 0.2000000000000000100, -0.2000000000000000100 ) ) ;
#1992 =( GEOMETRIC_REPRESENTATION_CONTEXT ( 3 ) GLOBAL_UNCERTAINTY_ASSIGNED_CONTEXT ( ( #2035 ) ) GLOBAL_UNIT_ASSIGNED_CONTEXT ( ( #5307, #919, #2396 ) ) REPRESENTATION_CONTEXT ( 'NONE', 'WORKASPACE' ) );
#1993 = CARTESIAN_POINT ( 'NONE',  ( 2.932874672760973100, 0.1999999999999996500, -6.400000000000000400 ) ) ;
#1994 = PLANE ( 'NONE',  #1836 ) ;
#1995 = CARTESIAN_POINT ( 'NONE',  ( 0.4350673547405127200, 8.005000000000000800, -5.259463492025189700 ) ) ;
#1996 = LINE ( 'NONE', #3810, #5128 ) ;
#1997 = ORIENTED_EDGE ( 'NONE', *, *, #684, .T. ) ;
#1998 = DIRECTION ( 'NONE',  ( -0.0000000000000000000, -1.000000000000000000, -0.0000000000000000000 ) ) ;
#1999 = ORIENTED_EDGE ( 'NONE', *, *, #6137, .T. ) ;
#2000 = ADVANCED_FACE ( 'NONE', ( #2287 ), #253, .F. ) ;
#2001 = DIRECTION ( 'NONE',  ( -0.0000000000000000000, -1.000000000000000000, -0.0000000000000000000 ) ) ;
#2002 =( BOUNDED_CURVE ( )  B_SPLINE_CURVE ( 3, ( #638, #3474, #5463, #2554 ),
 .UNSPECIFIED., .F., .T. ) 
 B_SPLINE_CURVE_WITH_KNOTS ( ( 4, 4 ),
 ( 1.570796326794896800, 3.141592653589793100 ),
 .UNSPECIFIED. ) 
 CURVE ( )  GEOMETRIC_REPRESENTATION_ITEM ( )  RATIONAL_B_SPLINE_CURVE ( ( 1.000000000000000000, 0.8047378541243650500, 0.8047378541243650500, 1.000000000000000000 ) ) 
 REPRESENTATION_ITEM ( '' )  );
#2003 = VERTEX_POINT ( 'NONE', #2654 ) ;
#2004 = VECTOR ( 'NONE', #1532, 1000.000000000000100 ) ;
#2005 = ORIENTED_EDGE ( 'NONE', *, *, #5730, .T. ) ;
#2006 = CARTESIAN_POINT ( 'NONE',  ( 0.4350673547405130000, 8.005000000000000800, -2.915793909427316400 ) ) ;
#2007 = ORIENTED_EDGE ( 'NONE', *, *, #2055, .T. ) ;
#2008 = ORIENTED_EDGE ( 'NONE', *, *, #4065, .F. ) ;
#2009 = EDGE_CURVE ( 'NONE', #4511, #5055, #3959, .T. ) ;
#2010 = SURFACE_STYLE_FILL_AREA ( #569 ) ;
#2011 = SPHERICAL_SURFACE ( 'NONE', #2489, 0.2000000000000000100 ) ;
#2012 = VERTEX_POINT ( 'NONE', #4088 ) ;
#2013 = DIRECTION ( 'NONE',  ( -0.9615454294334477800, 0.0000000000000000000, -0.2746459304916903400 ) ) ;
#2014 = SURFACE_STYLE_USAGE ( .BOTH. , #125 ) ;
#2015 = MECHANICAL_DESIGN_GEOMETRIC_PRESENTATION_REPRESENTATION (  '', ( #5390 ), #2347 ) ;
#2016 = ORIENTED_EDGE ( 'NONE', *, *, #816, .T. ) ;
#2017 = DIRECTION ( 'NONE',  ( 1.000000000000000000, 0.0000000000000000000, 0.0000000000000000000 ) ) ;
#2018 =( GEOMETRIC_REPRESENTATION_CONTEXT ( 3 ) GLOBAL_UNCERTAINTY_ASSIGNED_CONTEXT ( ( #5283 ) ) GLOBAL_UNIT_ASSIGNED_CONTEXT ( ( #1638, #5562, #2139 ) ) REPRESENTATION_CONTEXT ( 'NONE', 'WORKASPACE' ) );
#2019 = EDGE_CURVE ( 'NONE', #2680, #1105, #1978, .T. ) ;
#2020 = CARTESIAN_POINT ( 'NONE',  ( 0.5885999409341159400, 8.005000000000000800, -4.149493416380924100 ) ) ;
#2021 = SURFACE_STYLE_USAGE ( .BOTH. , #2984 ) ;
#2022 = CARTESIAN_POINT ( 'NONE',  ( 6.023554065593562400, 7.800000000000000700, -6.200000000000001100 ) ) ;
#2023 = ORIENTED_EDGE ( 'NONE', *, *, #202, .F. ) ;
#2024 = EDGE_CURVE ( 'NONE', #214, #2731, #2205, .T. ) ;
#2025 = CARTESIAN_POINT ( 'NONE',  ( 4.050000000000002500, 8.000000000000000000, 0.0000000000000000000 ) ) ;
#2026 = LINE ( 'NONE', #3862, #1583 ) ;
#2027 = ORIENTED_EDGE ( 'NONE', *, *, #4188, .F. ) ;
#2028 = PLANE ( 'NONE',  #472 ) ;
#2029 = ADVANCED_FACE ( 'NONE', ( #296 ), #226, .T. ) ;
#2030 = CARTESIAN_POINT ( 'NONE',  ( 6.023554065593562400, 0.1999999999999996500, -6.400000000000000400 ) ) ;
#2031 = DIRECTION ( 'NONE',  ( -1.000000000000000000, -0.0000000000000000000, -0.0000000000000000000 ) ) ;
#2032 = SPHERICAL_SURFACE ( 'NONE', #2700, 0.2000000000000000100 ) ;
#2033 = VERTEX_POINT ( 'NONE', #4688 ) ;
#2034 = FILL_AREA_STYLE_COLOUR ( '', #4375 ) ;
#2035 = UNCERTAINTY_MEASURE_WITH_UNIT (LENGTH_MEASURE( 1.000000000000000100E-005 ), #5307, 'distance_accuracy_value', 'NONE');
#2036 = EDGE_CURVE ( 'NONE', #352, #124, #1057, .T. ) ;
#2037 = DIRECTION ( 'NONE',  ( 0.0000000000000000000, 0.0000000000000000000, 1.000000000000000000 ) ) ;
#2038 = ORIENTED_EDGE ( 'NONE', *, *, #6099, .T. ) ;
#2039 = PRESENTATION_STYLE_ASSIGNMENT (( #1509 ) ) ;
#2040 = EDGE_LOOP ( 'NONE', ( #808, #1467, #1675, #5903 ) ) ;
#2041 = SURFACE_STYLE_USAGE ( .BOTH. , #5420 ) ;
#2042 = SURFACE_SIDE_STYLE ('',( #1240 ) ) ;
#2043 = DIRECTION ( 'NONE',  ( 0.0000000000000000000, 0.0000000000000000000, 1.000000000000000000 ) ) ;
#2044 = FILL_AREA_STYLE ('',( #756 ) ) ;
#2045 =( GEOMETRIC_REPRESENTATION_CONTEXT ( 3 ) GLOBAL_UNCERTAINTY_ASSIGNED_CONTEXT ( ( #2956 ) ) GLOBAL_UNIT_ASSIGNED_CONTEXT ( ( #2752, #5227, #4739 ) ) REPRESENTATION_CONTEXT ( 'NONE', 'WORKASPACE' ) );
#2046 = SURFACE_STYLE_FILL_AREA ( #4247 ) ;
#2047 = VERTEX_POINT ( 'NONE', #3709 ) ;
#2048 = LINE ( 'NONE', #2912, #5177 ) ;
#2049 = DIRECTION ( 'NONE',  ( -1.000000000000000000, -0.0000000000000000000, -3.907430924870045500E-016 ) ) ;
#2050 = PRESENTATION_STYLE_ASSIGNMENT (( #3839 ) ) ;
#2051 = ORIENTED_EDGE ( 'NONE', *, *, #3287, .F. ) ;
#2052 = PRESENTATION_LAYER_ASSIGNMENT (  '', '', ( #3559 ) ) ;
#2053 = DIRECTION ( 'NONE',  ( -0.0000000000000000000, -0.0000000000000000000, -1.000000000000000000 ) ) ;
#2054 = PRESENTATION_LAYER_ASSIGNMENT (  '', '', ( #2380 ) ) ;
#2055 = EDGE_CURVE ( 'NONE', #717, #1831, #5703, .T. ) ;
#2056 = DIRECTION ( 'NONE',  ( 0.0000000000000000000, 1.000000000000000000, 0.0000000000000000000 ) ) ;
#2057 = CYLINDRICAL_SURFACE ( 'NONE', #2978, 0.2999999999999999300 ) ;
#2058 = DIRECTION ( 'NONE',  ( 1.000000000000000000, 0.0000000000000000000, 0.0000000000000000000 ) ) ;
#2059 = ORIENTED_EDGE ( 'NONE', *, *, #2138, .F. ) ;
#2060 = DIRECTION ( 'NONE',  ( 0.0000000000000000000, 1.000000000000000000, 0.0000000000000000000 ) ) ;
#2061 = ADVANCED_FACE ( 'NONE', ( #5389 ), #6180, .F. ) ;
#2062 = CARTESIAN_POINT ( 'NONE',  ( 1.011213088402185500, 8.000000000000000000, -3.228222735039017800 ) ) ;
#2063 = CARTESIAN_POINT ( 'NONE',  ( 0.2000000000000000100, 0.2000000000000000100, -6.200000000000001100 ) ) ;
#2064 = STYLED_ITEM ( 'NONE', ( #4893 ), #1941 ) ;
#2065 = CARTESIAN_POINT ( 'NONE',  ( 1.241527841744380000, 8.005000000000000800, -4.806864571618342900 ) ) ;
#2066 = AXIS2_PLACEMENT_3D ( 'NONE', #2973, #1579, #5939 ) ;
#2067 = VERTEX_POINT ( 'NONE', #4264 ) ;
#2068 = PLANE ( 'NONE',  #2674 ) ;
#2069 = DIRECTION ( 'NONE',  ( 0.0000000000000000000, 0.0000000000000000000, -1.000000000000000000 ) ) ;
#2070 = PRESENTATION_STYLE_ASSIGNMENT (( #247 ) ) ;
#2071 = CARTESIAN_POINT ( 'NONE',  ( 0.4350673547405127200, 8.000000000000000000, -5.259463492025189700 ) ) ;
#2072 = PRESENTATION_STYLE_ASSIGNMENT (( #5185 ) ) ;
#2073 = CARTESIAN_POINT ( 'NONE',  ( 3.450000000000001100, -0.8000000000000000400, -0.2000000000000000100 ) ) ;
#2074 = ORIENTED_EDGE ( 'NONE', *, *, #6137, .F. ) ;
#2075 = PRESENTATION_LAYER_ASSIGNMENT (  '', '', ( #1772 ) ) ;
#2076 = CARTESIAN_POINT ( 'NONE',  ( 5.250000000000001800, 4.929470609902312900, -3.200000000000000200 ) ) ;
#2077 = CARTESIAN_POINT ( 'NONE',  ( 3.750000000000000000, 4.254010373035233900, -0.1999999999999996500 ) ) ;
#2078 = LINE ( 'NONE', #1082, #4526 ) ;
#2079 = VECTOR ( 'NONE', #6007, 1000.000000000000000 ) ;
#2080 = ORIENTED_EDGE ( 'NONE', *, *, #5691, .F. ) ;
#2081 = VERTEX_POINT ( 'NONE', #5251 ) ;
#2082 = UNCERTAINTY_MEASURE_WITH_UNIT (LENGTH_MEASURE( 1.000000000000000100E-005 ), #2301, 'distance_accuracy_value', 'NONE');
#2083 = VECTOR ( 'NONE', #3845, 1000.000000000000000 ) ;
#2084 = DIRECTION ( 'NONE',  ( 0.0000000000000000000, 0.0000000000000000000, -1.000000000000000000 ) ) ;
#2085 = VECTOR ( 'NONE', #501, 1000.000000000000000 ) ;
#2086 = ORIENTED_EDGE ( 'NONE', *, *, #585, .T. ) ;
#2087 = DIRECTION ( 'NONE',  ( -0.9985542843760937300, 0.0000000000000000000, -0.05375259206910171900 ) ) ;
#2088 = DIRECTION ( 'NONE',  ( -0.0000000000000000000, -1.000000000000000000, -0.0000000000000000000 ) ) ;
#2089 = EDGE_LOOP ( 'NONE', ( #3452, #3888, #3922, #2074 ) ) ;
#2090 = VECTOR ( 'NONE', #3387, 1000.000000000000000 ) ;
#2091 = FILL_AREA_STYLE_COLOUR ( '', #4197 ) ;
#2092 = ORIENTED_EDGE ( 'NONE', *, *, #4400, .F. ) ;
#2093 = SURFACE_STYLE_USAGE ( .BOTH. , #1660 ) ;
#2094 = MECHANICAL_DESIGN_GEOMETRIC_PRESENTATION_REPRESENTATION (  '', ( #2747 ), #2415 ) ;
#2095 = PRESENTATION_LAYER_ASSIGNMENT (  '', '', ( #2302 ) ) ;
#2096 = CARTESIAN_POINT ( 'NONE',  ( 7.299999999999999800, 0.2000000000000000100, -6.200000000000001100 ) ) ;
#2097 = CARTESIAN_POINT ( 'NONE',  ( 4.250000000000002700, 0.0000000000000000000, -6.200000000000001100 ) ) ;
#2098 = VECTOR ( 'NONE', #4753, 1000.000000000000000 ) ;
#2099 = ORIENTED_EDGE ( 'NONE', *, *, #4181, .T. ) ;
#2100 = DIRECTION ( 'NONE',  ( 0.0000000000000000000, -1.000000000000000000, 0.0000000000000000000 ) ) ;
#2101 = CARTESIAN_POINT ( 'NONE',  ( 2.815717385235591700, 4.171167660560614700, 1.969091950432004900E-016 ) ) ;
#2102 = LINE ( 'NONE', #6238, #3847 ) ;
#2103 = EDGE_CURVE ( 'NONE', #6046, #5082, #5102, .T. ) ;
#2104 = SURFACE_STYLE_FILL_AREA ( #3547 ) ;
#2105 = VERTEX_POINT ( 'NONE', #1325 ) ;
#2106 = EDGE_CURVE ( 'NONE', #5323, #2951, #1522, .T. ) ;
#2107 = PLANE ( 'NONE',  #712 ) ;
#2108 = SURFACE_SIDE_STYLE ('',( #5710 ) ) ;
#2109 = DIRECTION ( 'NONE',  ( -0.0000000000000000000, -1.000000000000000000, -0.0000000000000000000 ) ) ;
#2110 = DIRECTION ( 'NONE',  ( 0.0000000000000000000, 0.0000000000000000000, -1.000000000000000000 ) ) ;
#2111 = LINE ( 'NONE', #377, #2645 ) ;
#2112 = VERTEX_POINT ( 'NONE', #826 ) ;
#2113 = EDGE_CURVE ( 'NONE', #3987, #2957, #4179, .T. ) ;
#2114 = FILL_AREA_STYLE ('',( #5035 ) ) ;
#2115 = EDGE_CURVE ( 'NONE', #315, #4598, #4413, .T. ) ;
#2116 = MECHANICAL_DESIGN_GEOMETRIC_PRESENTATION_REPRESENTATION (  '', ( #3574 ), #3950 ) ;
#2117 = DIRECTION ( 'NONE',  ( -1.000000000000000000, 0.0000000000000000000, -0.0000000000000000000 ) ) ;
#2118 = CARTESIAN_POINT ( 'NONE',  ( 6.023554065593562400, 8.000000000000000000, -0.2000000000000000100 ) ) ;
#2119 = SURFACE_STYLE_FILL_AREA ( #6114 ) ;
#2120 = EDGE_LOOP ( 'NONE', ( #4074, #6092, #2646, #2376 ) ) ;
#2121 = DIRECTION ( 'NONE',  ( 0.0000000000000000000, 0.0000000000000000000, -1.000000000000000000 ) ) ;
#2122 = VECTOR ( 'NONE', #3974, 1000.000000000000000 ) ;
#2123 = UNCERTAINTY_MEASURE_WITH_UNIT (LENGTH_MEASURE( 1.000000000000000100E-005 ), #1113, 'distance_accuracy_value', 'NONE');
#2124 = DIRECTION ( 'NONE',  ( 0.0000000000000000000, 0.0000000000000000000, 1.000000000000000000 ) ) ;
#2125 = FILL_AREA_STYLE ('',( #5044 ) ) ;
#2126 = VECTOR ( 'NONE', #1050, 1000.000000000000000 ) ;
#2127 = ORIENTED_EDGE ( 'NONE', *, *, #4139, .T. ) ;
#2128 =( NAMED_UNIT ( * ) PLANE_ANGLE_UNIT ( ) SI_UNIT ( $, .RADIAN. ) );
#2129 = FACE_OUTER_BOUND ( 'NONE', #5428, .T. ) ;
#2130 = CARTESIAN_POINT ( 'NONE',  ( 1.676445934406436900, 0.0000000000000000000, -2.219774974057283900 ) ) ;
#2131 = CARTESIAN_POINT ( 'NONE',  ( 0.0000000000000000000, 7.800000000000000700, -6.400000000000000400 ) ) ;
#2132 = ORIENTED_EDGE ( 'NONE', *, *, #4974, .F. ) ;
#2133 = CIRCLE ( 'NONE', #1633, 0.2999999999999999300 ) ;
#2134 = DIRECTION ( 'NONE',  ( 0.9610992334315716600, -0.0000000000000000000, 0.2762033010252509800 ) ) ;
#2135 = CARTESIAN_POINT ( 'NONE',  ( 0.2000000000000000100, 0.1999999999999996500, -0.2000000000000000100 ) ) ;
#2136 = CARTESIAN_POINT ( 'NONE',  ( 0.0000000000000000000, 8.000000000000000000, -6.200000000000001100 ) ) ;
#2137 =( GEOMETRIC_REPRESENTATION_CONTEXT ( 3 ) GLOBAL_UNCERTAINTY_ASSIGNED_CONTEXT ( ( #515 ) ) GLOBAL_UNIT_ASSIGNED_CONTEXT ( ( #659, #1035, #633 ) ) REPRESENTATION_CONTEXT ( 'NONE', 'WORKASPACE' ) );
#2138 = EDGE_CURVE ( 'NONE', #2404, #768, #1444, .T. ) ;
#2139 =( NAMED_UNIT ( * ) SI_UNIT ( $, .STERADIAN. ) SOLID_ANGLE_UNIT ( ) );
#2140 = FACE_OUTER_BOUND ( 'NONE', #4064, .T. ) ;
#2141 = CIRCLE ( 'NONE', #1308, 0.1999999999999996500 ) ;
#2142 = COLOUR_RGB ( '',0.1019607843137254900, 0.1019607843137254900, 0.1019607843137254900 ) ;
#2143 = DIRECTION ( 'NONE',  ( 0.0000000000000000000, 1.000000000000000000, -0.0000000000000000000 ) ) ;
#2144 = DIRECTION ( 'NONE',  ( 0.0000000000000000000, 0.0000000000000000000, -1.000000000000000000 ) ) ;
#2145 = FILL_AREA_STYLE_COLOUR ( '', #5438 ) ;
#2146 = AXIS2_PLACEMENT_3D ( 'NONE', #2179, #2154, #3670 ) ;
#2147 = DIRECTION ( 'NONE',  ( -0.0000000000000000000, -0.0000000000000000000, -1.000000000000000000 ) ) ;
#2148 = AXIS2_PLACEMENT_3D ( 'NONE', #2737, #3664, #1755 ) ;
#2149 = FACE_OUTER_BOUND ( 'NONE', #6123, .T. ) ;
#2150 = EDGE_CURVE ( 'NONE', #2680, #2874, #5319, .T. ) ;
#2151 = FILL_AREA_STYLE_COLOUR ( '', #2325 ) ;
#2152 = PRESENTATION_STYLE_ASSIGNMENT (( #5300 ) ) ;
#2153 = CARTESIAN_POINT ( 'NONE',  ( 2.732874672760972500, 0.0000000000000000000, 0.0000000000000000000 ) ) ;
#2154 = DIRECTION ( 'NONE',  ( 0.0000000000000000000, 1.000000000000000000, -1.224646799147353200E-016 ) ) ;
#2155 = COLOUR_RGB ( '',0.1019607843137254900, 0.1019607843137254900, 0.1019607843137254900 ) ;
#2156 = VECTOR ( 'NONE', #2853, 1000.000000000000000 ) ;
#2157 = ORIENTED_EDGE ( 'NONE', *, *, #5930, .T. ) ;
#2158 = EDGE_CURVE ( 'NONE', #4237, #4497, #3095, .T. ) ;
#2159 = PLANE ( 'NONE',  #1106 ) ;
#2160 = SURFACE_STYLE_USAGE ( .BOTH. , #5018 ) ;
#2161 = STYLED_ITEM ( 'NONE', ( #1220 ), #2190 ) ;
#2162 = MECHANICAL_DESIGN_GEOMETRIC_PRESENTATION_REPRESENTATION (  '', ( #2976 ), #5095 ) ;
#2163 = EDGE_LOOP ( 'NONE', ( #5360, #3297, #4549, #2038 ) ) ;
#2164 = ORIENTED_EDGE ( 'NONE', *, *, #4491, .T. ) ;
#2165 = CARTESIAN_POINT ( 'NONE',  ( 5.823554065593562300, 4.254010373035233000, -0.1999999999999996500 ) ) ;
#2166 = ORIENTED_EDGE ( 'NONE', *, *, #6010, .T. ) ;
#2167 = CARTESIAN_POINT ( 'NONE',  ( 5.250000000000001800, 3.068809709539726900, -4.180225025942715600 ) ) ;
#2168 = CARTESIAN_POINT ( 'NONE',  ( 1.676445934406437100, 4.254010373035233900, -6.400000000000000400 ) ) ;
#2169 = CARTESIAN_POINT ( 'NONE',  ( 1.476445934406436700, 7.800000000000000700, -0.2000000000000000100 ) ) ;
#2170 = FACE_OUTER_BOUND ( 'NONE', #1330, .T. ) ;
#2171 = EDGE_LOOP ( 'NONE', ( #3687, #4922 ) ) ;
#2172 = ORIENTED_EDGE ( 'NONE', *, *, #5806, .F. ) ;
#2173 = DIRECTION ( 'NONE',  ( -0.9612934544744229400, -0.0000000000000000000, -0.2755265765486711300 ) ) ;
#2174 = DIRECTION ( 'NONE',  ( -0.0000000000000000000, 1.000000000000000000, -0.0000000000000000000 ) ) ;
#2175 = DIRECTION ( 'NONE',  ( 0.9610992334305258300, 0.0000000000000000000, 0.2762033010288899600 ) ) ;
#2176 = LINE ( 'NONE', #4315, #649 ) ;
#2177 = LINE ( 'NONE', #5414, #2246 ) ;
#2178 = ORIENTED_EDGE ( 'NONE', *, *, #4557, .F. ) ;
#2179 = CARTESIAN_POINT ( 'NONE',  ( 2.450000000000002000, 4.929470609902312900, -1.096930793430110000 ) ) ;
#2180 = AXIS2_PLACEMENT_3D ( 'NONE', #5666, #4277, #2774 ) ;
#2181 =( NAMED_UNIT ( * ) SI_UNIT ( $, .STERADIAN. ) SOLID_ANGLE_UNIT ( ) );
#2182 = CARTESIAN_POINT ( 'NONE',  ( 4.767125327239031500, 4.254010373035235700, -0.1999999999999996500 ) ) ;
#2183 = FACE_OUTER_BOUND ( 'NONE', #5233, .T. ) ;
#2184 = VERTEX_POINT ( 'NONE', #921 ) ;
#2185 = SURFACE_SIDE_STYLE ('',( #5479 ) ) ;
#2186 = FILL_AREA_STYLE_COLOUR ( '', #157 ) ;
#2187 = ORIENTED_EDGE ( 'NONE', *, *, #3023, .F. ) ;
#2188 = DIRECTION ( 'NONE',  ( -1.000000000000000000, 0.0000000000000000000, 0.0000000000000000000 ) ) ;
#2189 = CARTESIAN_POINT ( 'NONE',  ( 6.023554065593562400, 7.800000000000000700, -0.2000000000000000100 ) ) ;
#2190 = ADVANCED_FACE ( 'NONE', ( #2734 ), #1368, .T. ) ;
#2191 = ORIENTED_EDGE ( 'NONE', *, *, #3848, .F. ) ;
#2192 = EDGE_CURVE ( 'NONE', #1947, #4903, #6306, .T. ) ;
#2193 =( NAMED_UNIT ( * ) SI_UNIT ( $, .STERADIAN. ) SOLID_ANGLE_UNIT ( ) );
#2194 = STYLED_ITEM ( 'NONE', ( #6011 ), #1808 ) ;
#2195 = AXIS2_PLACEMENT_3D ( 'NONE', #2063, #3528, #5490 ) ;
#2196 = ORIENTED_EDGE ( 'NONE', *, *, #4021, .F. ) ;
#2197 = DIRECTION ( 'NONE',  ( 1.000000000000000000, 0.0000000000000000000, 0.0000000000000000000 ) ) ;
#2198 = VECTOR ( 'NONE', #3889, 1000.000000000000200 ) ;
#2199 = DIRECTION ( 'NONE',  ( 0.0000000000000000000, -1.000000000000000000, 0.0000000000000000000 ) ) ;
#2200 = VECTOR ( 'NONE', #1071, 1000.000000000000100 ) ;
#2201 = VERTEX_POINT ( 'NONE', #5804 ) ;
#2202 = MECHANICAL_DESIGN_GEOMETRIC_PRESENTATION_REPRESENTATION (  '', ( #559 ), #2847 ) ;
#2203 = UNCERTAINTY_MEASURE_WITH_UNIT (LENGTH_MEASURE( 1.000000000000000100E-005 ), #3829, 'distance_accuracy_value', 'NONE');
#2204 = CARTESIAN_POINT ( 'NONE',  ( 1.476445934406436700, 8.000000000000000000, -6.200000000000001100 ) ) ;
#2205 = LINE ( 'NONE', #847, #6232 ) ;
#2206 = ORIENTED_EDGE ( 'NONE', *, *, #3774, .F. ) ;
#2207 = DIRECTION ( 'NONE',  ( -7.938847109812685100E-005, 0.0000000000000000000, 0.9999999968487352000 ) ) ;
#2208 = CARTESIAN_POINT ( 'NONE',  ( 0.8876613702446638500, 8.005000000000000800, -2.338141408391912500 ) ) ;
#2209 = CARTESIAN_POINT ( 'NONE',  ( 1.210000000000000200, 0.0000000000000000000, -1.930000000000000400 ) ) ;
#2210 = ORIENTED_EDGE ( 'NONE', *, *, #6141, .T. ) ;
#2211 = CARTESIAN_POINT ( 'NONE',  ( 1.676445934406437100, 0.0000000000000000000, -0.2000000000000000100 ) ) ;
#2212 = DIRECTION ( 'NONE',  ( 1.000000000000000000, 0.0000000000000000000, -0.0000000000000000000 ) ) ;
#2213 = COLOUR_RGB ( '',0.1019607843137254900, 0.1019607843137254900, 0.1019607843137254900 ) ;
#2214 =( NAMED_UNIT ( * ) SI_UNIT ( $, .STERADIAN. ) SOLID_ANGLE_UNIT ( ) );
#2215 = VERTEX_POINT ( 'NONE', #6223 ) ;
#2216 = VECTOR ( 'NONE', #2134, 1000.000000000000000 ) ;
#2217 =( GEOMETRIC_REPRESENTATION_CONTEXT ( 3 ) GLOBAL_UNCERTAINTY_ASSIGNED_CONTEXT ( ( #2123 ) ) GLOBAL_UNIT_ASSIGNED_CONTEXT ( ( #1113, #3566, #1134 ) ) REPRESENTATION_CONTEXT ( 'NONE', 'WORKASPACE' ) );
#2218 = ADVANCED_FACE ( 'NONE', ( #5383 ), #5098, .T. ) ;
#2219 = STYLED_ITEM ( 'NONE', ( #160 ), #394 ) ;
#2220 =( NAMED_UNIT ( * ) PLANE_ANGLE_UNIT ( ) SI_UNIT ( $, .RADIAN. ) );
#2221 = COLOUR_RGB ( '',0.1019607843137254900, 0.1019607843137254900, 0.1019607843137254900 ) ;
#2222 = FILL_AREA_STYLE ('',( #2305 ) ) ;
#2223 = DIRECTION ( 'NONE',  ( 1.000000000000000000, 0.0000000000000000000, 0.0000000000000000000 ) ) ;
#2224 = ORIENTED_EDGE ( 'NONE', *, *, #2231, .T. ) ;
#2225 = DIRECTION ( 'NONE',  ( -0.0000000000000000000, -0.0000000000000000000, 1.000000000000000000 ) ) ;
#2226 = VECTOR ( 'NONE', #3412, 1000.000000000000000 ) ;
#2227 = ORIENTED_EDGE ( 'NONE', *, *, #5391, .F. ) ;
#2228 =( GEOMETRIC_REPRESENTATION_CONTEXT ( 3 ) GLOBAL_UNCERTAINTY_ASSIGNED_CONTEXT ( ( #6171 ) ) GLOBAL_UNIT_ASSIGNED_CONTEXT ( ( #4898, #3348, #1961 ) ) REPRESENTATION_CONTEXT ( 'NONE', 'WORKASPACE' ) );
#2229 = EDGE_CURVE ( 'NONE', #1105, #2680, #3872, .T. ) ;
#2230 = AXIS2_PLACEMENT_3D ( 'NONE', #4966, #3968, #2499 ) ;
#2231 = EDGE_CURVE ( 'NONE', #5542, #2368, #1298, .T. ) ;
#2232 = CARTESIAN_POINT ( 'NONE',  ( 7.299999999999999800, 0.1999999999999996500, -6.200000000000001100 ) ) ;
#2233 = VERTEX_POINT ( 'NONE', #4869 ) ;
#2234 = SURFACE_STYLE_USAGE ( .BOTH. , #4731 ) ;
#2235 = SURFACE_STYLE_USAGE ( .BOTH. , #3613 ) ;
#2236 = CIRCLE ( 'NONE', #964, 0.2999999999999999300 ) ;
#2237 = EDGE_CURVE ( 'NONE', #6117, #3434, #1051, .T. ) ;
#2238 = ORIENTED_EDGE ( 'NONE', *, *, #288, .F. ) ;
#2239 = CARTESIAN_POINT ( 'NONE',  ( 4.767125327239030600, 4.254010373035235700, -5.401790462024471200 ) ) ;
#2240 = DIRECTION ( 'NONE',  ( -0.4668459304964947000, 0.0000000000000000000, 0.8843386665632472200 ) ) ;
#2241 = ORIENTED_EDGE ( 'NONE', *, *, #193, .T. ) ;
#2242 =( NAMED_UNIT ( * ) SI_UNIT ( $, .STERADIAN. ) SOLID_ANGLE_UNIT ( ) );
#2243 = DIRECTION ( 'NONE',  ( -0.0000000000000000000, 1.000000000000000000, -0.0000000000000000000 ) ) ;
#2244 = LINE ( 'NONE', #43, #2621 ) ;
#2245 = PRESENTATION_STYLE_ASSIGNMENT (( #6192 ) ) ;
#2246 = VECTOR ( 'NONE', #1534, 1000.000000000000000 ) ;
#2247 = VERTEX_POINT ( 'NONE', #397 ) ;
#2248 = LINE ( 'NONE', #509, #5216 ) ;
#2249 = VECTOR ( 'NONE', #3781, 1000.000000000000000 ) ;
#2250 = EDGE_CURVE ( 'NONE', #2247, #5508, #6075, .T. ) ;
#2251 = ORIENTED_EDGE ( 'NONE', *, *, #2638, .T. ) ;
#2252 =( LENGTH_UNIT ( ) NAMED_UNIT ( * ) SI_UNIT ( .MILLI., .METRE. ) );
#2253 =( NAMED_UNIT ( * ) PLANE_ANGLE_UNIT ( ) SI_UNIT ( $, .RADIAN. ) );
#2254 = VECTOR ( 'NONE', #3926, 1000.000000000000000 ) ;
#2255 =( NAMED_UNIT ( * ) PLANE_ANGLE_UNIT ( ) SI_UNIT ( $, .RADIAN. ) );
#2256 = VECTOR ( 'NONE', #2785, 1000.000000000000000 ) ;
#2257 = ORIENTED_EDGE ( 'NONE', *, *, #5050, .T. ) ;
#2258 = AXIS2_PLACEMENT_3D ( 'NONE', #1724, #2240, #1746 ) ;
#2259 = SURFACE_SIDE_STYLE ('',( #691 ) ) ;
#2260 = AXIS2_PLACEMENT_3D ( 'NONE', #256, #4187, #1696 ) ;
#2261 = CARTESIAN_POINT ( 'NONE',  ( 0.4350673547405130000, 8.005000000000000800, -2.835354329834380800 ) ) ;
#2262 = DIRECTION ( 'NONE',  ( 0.0000000000000000000, -0.0000000000000000000, -1.000000000000000000 ) ) ;
#2263 = ORIENTED_EDGE ( 'NONE', *, *, #837, .T. ) ;
#2264 = CARTESIAN_POINT ( 'NONE',  ( 6.023554065593562400, 8.000000000000000000, -6.400000000000000400 ) ) ;
#2265 =( GEOMETRIC_REPRESENTATION_CONTEXT ( 3 ) GLOBAL_UNCERTAINTY_ASSIGNED_CONTEXT ( ( #1383 ) ) GLOBAL_UNIT_ASSIGNED_CONTEXT ( ( #3264, #3242, #4231 ) ) REPRESENTATION_CONTEXT ( 'NONE', 'WORKASPACE' ) );
#2266 = EDGE_CURVE ( 'NONE', #1020, #3928, #3636, .T. ) ;
#2267 = EDGE_LOOP ( 'NONE', ( #4071, #4480, #1119 ) ) ;
#2268 = EDGE_CURVE ( 'NONE', #4736, #26, #4250, .T. ) ;
#2269 = DIRECTION ( 'NONE',  ( 0.0000000000000000000, 0.0000000000000000000, 1.000000000000000000 ) ) ;
#2270 = CARTESIAN_POINT ( 'NONE',  ( 0.4350673547405130000, 8.000000000000000000, -2.112500311261332100 ) ) ;
#2271 = PRESENTATION_STYLE_ASSIGNMENT (( #1276 ) ) ;
#2272 = EDGE_LOOP ( 'NONE', ( #5067, #4915, #174, #3692 ) ) ;
#2273 = EDGE_CURVE ( 'NONE', #2033, #3674, #5909, .T. ) ;
#2274 = CARTESIAN_POINT ( 'NONE',  ( 4.767125327239031500, 4.254010373035235700, -6.400000000000000400 ) ) ;
#2275 = PRESENTATION_LAYER_ASSIGNMENT (  '', '', ( #2194 ) ) ;
#2276 =( GEOMETRIC_REPRESENTATION_CONTEXT ( 3 ) GLOBAL_UNCERTAINTY_ASSIGNED_CONTEXT ( ( #5925 ) ) GLOBAL_UNIT_ASSIGNED_CONTEXT ( ( #5065, #3153, #1236 ) ) REPRESENTATION_CONTEXT ( 'NONE', 'WORKASPACE' ) );
#2277 = SURFACE_SIDE_STYLE ('',( #5847 ) ) ;
#2278 = VERTEX_POINT ( 'NONE', #4964 ) ;
#2279 = ORIENTED_EDGE ( 'NONE', *, *, #3684, .T. ) ;
#2280 = SURFACE_STYLE_USAGE ( .BOTH. , #281 ) ;
#2281 = SURFACE_STYLE_FILL_AREA ( #5058 ) ;
#2282 = UNCERTAINTY_MEASURE_WITH_UNIT (LENGTH_MEASURE( 1.000000000000000100E-005 ), #833, 'distance_accuracy_value', 'NONE');
#2283 = ADVANCED_FACE ( 'NONE', ( #898 ), #516, .T. ) ;
#2284 = CARTESIAN_POINT ( 'NONE',  ( 4.767125327239031500, 0.0000000000000000000, -0.2000000000000000100 ) ) ;
#2285 = DIRECTION ( 'NONE',  ( 0.0000000000000000000, 1.000000000000000000, -0.0000000000000000000 ) ) ;
#2286 = ORIENTED_EDGE ( 'NONE', *, *, #2794, .T. ) ;
#2287 = FACE_OUTER_BOUND ( 'NONE', #5854, .T. ) ;
#2288 = PRESENTATION_LAYER_ASSIGNMENT (  '', '', ( #4950 ) ) ;
#2289 = VECTOR ( 'NONE', #2559, 1000.000000000000000 ) ;
#2290 = EDGE_CURVE ( 'NONE', #6140, #489, #5996, .T. ) ;
#2291 = CARTESIAN_POINT ( 'NONE',  ( 0.2000000000000000100, 0.1999999999999996500, 0.0000000000000000000 ) ) ;
#2292 = VECTOR ( 'NONE', #2771, 1000.000000000000000 ) ;
#2293 = VERTEX_POINT ( 'NONE', #4576 ) ;
#2294 = SURFACE_STYLE_FILL_AREA ( #794 ) ;
#2295 = DIRECTION ( 'NONE',  ( 0.0000000000000000000, 0.0000000000000000000, -1.000000000000000000 ) ) ;
#2296 =( LENGTH_UNIT ( ) NAMED_UNIT ( * ) SI_UNIT ( .MILLI., .METRE. ) );
#2297 = LINE ( 'NONE', #2165, #4669 ) ;
#2298 = DIRECTION ( 'NONE',  ( 0.0000000000000000000, 0.0000000000000000000, -1.000000000000000000 ) ) ;
#2299 = CARTESIAN_POINT ( 'NONE',  ( 1.241527841744380000, 8.005000000000000800, -4.342176664924645400 ) ) ;
#2300 = STYLED_ITEM ( 'NONE', ( #449 ), #3453 ) ;
#2301 =( LENGTH_UNIT ( ) NAMED_UNIT ( * ) SI_UNIT ( .MILLI., .METRE. ) );
#2302 = STYLED_ITEM ( 'NONE', ( #4286 ), #724 ) ;
#2303 = COLOUR_RGB ( '',0.8980392156862745400, 0.9215686274509803400, 0.9294117647058823800 ) ;
#2304 = VECTOR ( 'NONE', #1866, 1000.000000000000000 ) ;
#2305 = FILL_AREA_STYLE_COLOUR ( '', #2740 ) ;
#2306 = ORIENTED_EDGE ( 'NONE', *, *, #2138, .T. ) ;
#2307 = VECTOR ( 'NONE', #290, 1000.000000000000200 ) ;
#2308 = SURFACE_STYLE_FILL_AREA ( #4201 ) ;
#2309 = ORIENTED_EDGE ( 'NONE', *, *, #1899, .F. ) ;
#2310 = ORIENTED_EDGE ( 'NONE', *, *, #5362, .T. ) ;
#2311 = EDGE_CURVE ( 'NONE', #1558, #5339, #976, .T. ) ;
#2312 =( NAMED_UNIT ( * ) PLANE_ANGLE_UNIT ( ) SI_UNIT ( $, .RADIAN. ) );
#2313 = MECHANICAL_DESIGN_GEOMETRIC_PRESENTATION_REPRESENTATION (  '', ( #3483 ), #4942 ) ;
#2314 = ADVANCED_FACE ( 'NONE', ( #5832 ), #1598, .F. ) ;
#2315 = DIRECTION ( 'NONE',  ( 1.000000000000000000, -0.0000000000000000000, 0.0000000000000000000 ) ) ;
#2316 = CARTESIAN_POINT ( 'NONE',  ( 1.210000000000000200, -6.500000000000000000, -4.469999999999999800 ) ) ;
#2317 = PRESENTATION_STYLE_ASSIGNMENT (( #4087 ) ) ;
#2318 = LINE ( 'NONE', #3015, #4759 ) ;
#2319 = EDGE_LOOP ( 'NONE', ( #5991, #853, #5063, #3649 ) ) ;
#2320 = SURFACE_STYLE_USAGE ( .BOTH. , #868 ) ;
#2321 = UNCERTAINTY_MEASURE_WITH_UNIT (LENGTH_MEASURE( 1.000000000000000100E-005 ), #5576, 'distance_accuracy_value', 'NONE');
#2322 = ORIENTED_EDGE ( 'NONE', *, *, #547, .F. ) ;
#2323 = CARTESIAN_POINT ( 'NONE',  ( 0.4350673547405129500, 8.005000000000000800, -3.259236899294713800 ) ) ;
#2324 = PLANE ( 'NONE',  #3414 ) ;
#2325 = COLOUR_RGB ( '',0.1019607843137254900, 0.1019607843137254900, 0.1019607843137254900 ) ;
#2326 = EDGE_LOOP ( 'NONE', ( #3248, #3293, #2841 ) ) ;
#2327 = STYLED_ITEM ( 'NONE', ( #708 ), #5443 ) ;
#2328 = DIRECTION ( 'NONE',  ( -1.000000000000000000, -0.0000000000000000000, -0.0000000000000000000 ) ) ;
#2329 = CYLINDRICAL_SURFACE ( 'NONE', #2839, 0.2999999999999999300 ) ;
#2330 = EDGE_LOOP ( 'NONE', ( #5946, #6151, #4984, #3708 ) ) ;
#2331 = ADVANCED_FACE ( 'NONE', ( #4323 ), #3600, .F. ) ;
#2332 = CARTESIAN_POINT ( 'NONE',  ( 1.476445934406436700, 7.800000000000000700, -6.200000000000001100 ) ) ;
#2333 = ORIENTED_EDGE ( 'NONE', *, *, #2237, .F. ) ;
#2334 = DIRECTION ( 'NONE',  ( -1.000000000000000000, 0.0000000000000000000, 5.673468883100952700E-015 ) ) ;
#2335 =( NAMED_UNIT ( * ) SI_UNIT ( $, .STERADIAN. ) SOLID_ANGLE_UNIT ( ) );
#2336 = STYLED_ITEM ( 'NONE', ( #5525 ), #2924 ) ;
#2337 = ORIENTED_EDGE ( 'NONE', *, *, #1171, .T. ) ;
#2338 = CARTESIAN_POINT ( 'NONE',  ( 3.450000000000001100, -0.8000000000000000400, -6.200000000000001100 ) ) ;
#2339 = AXIS2_PLACEMENT_3D ( 'NONE', #4317, #3309, #408 ) ;
#2340 = DIRECTION ( 'NONE',  ( 0.002813301677222472800, 0.0000000000000000000, -0.9999960426590062100 ) ) ;
#2341 = DIRECTION ( 'NONE',  ( -0.0000000000000000000, -1.000000000000000000, -0.0000000000000000000 ) ) ;
#2342 = ADVANCED_FACE ( 'NONE', ( #1291 ), #446, .T. ) ;
#2343 = FILL_AREA_STYLE_COLOUR ( '', #1703 ) ;
#2344 = LINE ( 'NONE', #3639, #1593 ) ;
#2345 = ORIENTED_EDGE ( 'NONE', *, *, #3428, .T. ) ;
#2346 = FACE_OUTER_BOUND ( 'NONE', #287, .T. ) ;
#2347 =( GEOMETRIC_REPRESENTATION_CONTEXT ( 3 ) GLOBAL_UNCERTAINTY_ASSIGNED_CONTEXT ( ( #1111 ) ) GLOBAL_UNIT_ASSIGNED_CONTEXT ( ( #3325, #3207, #5627 ) ) REPRESENTATION_CONTEXT ( 'NONE', 'WORKASPACE' ) );
#2348 =( GEOMETRIC_REPRESENTATION_CONTEXT ( 3 ) GLOBAL_UNCERTAINTY_ASSIGNED_CONTEXT ( ( #98 ) ) GLOBAL_UNIT_ASSIGNED_CONTEXT ( ( #3485, #1048, #5952 ) ) REPRESENTATION_CONTEXT ( 'NONE', 'WORKASPACE' ) );
#2349 = SURFACE_SIDE_STYLE ('',( #689 ) ) ;
#2350 = EDGE_CURVE ( 'NONE', #3854, #315, #2650, .T. ) ;
#2351 = EDGE_LOOP ( 'NONE', ( #418, #3596, #1647, #3000, #1445, #5099, #461, #4724 ) ) ;
#2352 = SURFACE_STYLE_FILL_AREA ( #1684 ) ;
#2353 = DIRECTION ( 'NONE',  ( -1.883056174591082300E-016, 0.0000000000000000000, -1.000000000000000000 ) ) ;
#2354 = EDGE_LOOP ( 'NONE', ( #918, #1893, #3094, #4754 ) ) ;
#2355 = CARTESIAN_POINT ( 'NONE',  ( -1.650596180596158100E-015, 4.054010373035235500, -6.200000000000001100 ) ) ;
#2356 = ADVANCED_FACE ( 'NONE', ( #2577 ), #63, .T. ) ;
#2357 = STYLED_ITEM ( 'NONE', ( #791 ), #5187 ) ;
#2358 = UNCERTAINTY_MEASURE_WITH_UNIT (LENGTH_MEASURE( 1.000000000000000100E-005 ), #2965, 'distance_accuracy_value', 'NONE');
#2359 = PRESENTATION_STYLE_ASSIGNMENT (( #3188 ) ) ;
#2360 = LINE ( 'NONE', #3714, #3334 ) ;
#2361 = SURFACE_SIDE_STYLE ('',( #423 ) ) ;
#2362 = CARTESIAN_POINT ( 'NONE',  ( 1.476445934406436700, 8.000000000000000000, -6.400000000000000400 ) ) ;
#2363 = EDGE_CURVE ( 'NONE', #841, #6257, #2729, .T. ) ;
#2364 = VERTEX_POINT ( 'NONE', #2204 ) ;
#2365 = LINE ( 'NONE', #3866, #1988 ) ;
#2366 = PRESENTATION_STYLE_ASSIGNMENT (( #4115 ) ) ;
#2367 = DIRECTION ( 'NONE',  ( 1.000000000000000000, 0.0000000000000000000, 0.0000000000000000000 ) ) ;
#2368 = VERTEX_POINT ( 'NONE', #306 ) ;
#2369 = PRESENTATION_STYLE_ASSIGNMENT (( #4523 ) ) ;
#2370 = STYLED_ITEM ( 'NONE', ( #507 ), #2664 ) ;
#2371 = FILL_AREA_STYLE_COLOUR ( '', #5244 ) ;
#2372 = DIRECTION ( 'NONE',  ( 0.0000000000000000000, 0.0000000000000000000, 1.000000000000000000 ) ) ;
#2373 = ORIENTED_EDGE ( 'NONE', *, *, #179, .T. ) ;
#2374 = DIRECTION ( 'NONE',  ( 0.0000000000000000000, 0.0000000000000000000, 1.000000000000000000 ) ) ;
#2375 =( NAMED_UNIT ( * ) PLANE_ANGLE_UNIT ( ) SI_UNIT ( $, .RADIAN. ) );
#2376 = ORIENTED_EDGE ( 'NONE', *, *, #1013, .T. ) ;
#2377 = PRESENTATION_LAYER_ASSIGNMENT (  '', '', ( #5434 ) ) ;
#2378 = DIRECTION ( 'NONE',  ( 0.0000000000000000000, 0.0000000000000000000, -1.000000000000000000 ) ) ;
#2379 = CARTESIAN_POINT ( 'NONE',  ( 1.241527841744380200, 8.005000000000000800, -3.257208478524097600 ) ) ;
#2380 = STYLED_ITEM ( 'NONE', ( #2072 ), #948 ) ;
#2381 = APPLICATION_CONTEXT ( 'automotive_design' ) ;
#2382 = EDGE_CURVE ( 'NONE', #6046, #3916, #5760, .T. ) ;
#2383 = LINE ( 'NONE', #1620, #2079 ) ;
#2384 = ORIENTED_EDGE ( 'NONE', *, *, #1457, .F. ) ;
#2385 = ORIENTED_EDGE ( 'NONE', *, *, #4520, .T. ) ;
#2386 = ADVANCED_FACE ( 'NONE', ( #6150 ), #1296, .F. ) ;
#2387 = DIRECTION ( 'NONE',  ( 3.766112349182165200E-016, 0.0000000000000000000, 1.000000000000000000 ) ) ;
#2388 = FACE_OUTER_BOUND ( 'NONE', #284, .T. ) ;
#2389 = FACE_OUTER_BOUND ( 'NONE', #488, .T. ) ;
#2390 = LINE ( 'NONE', #2065, #1731 ) ;
#2391 = EDGE_CURVE ( 'NONE', #2184, #6140, #6143, .T. ) ;
#2392 = ORIENTED_EDGE ( 'NONE', *, *, #1227, .T. ) ;
#2393 = DIRECTION ( 'NONE',  ( 0.0000000000000000000, 1.000000000000000000, 0.0000000000000000000 ) ) ;
#2394 = AXIS2_PLACEMENT_3D ( 'NONE', #2835, #6235, #3312 ) ;
#2395 = UNCERTAINTY_MEASURE_WITH_UNIT (LENGTH_MEASURE( 1.000000000000000100E-005 ), #3049, 'distance_accuracy_value', 'NONE');
#2396 =( NAMED_UNIT ( * ) SI_UNIT ( $, .STERADIAN. ) SOLID_ANGLE_UNIT ( ) );
#2397 = ORIENTED_EDGE ( 'NONE', *, *, #3205, .T. ) ;
#2398 = CARTESIAN_POINT ( 'NONE',  ( 1.676445934406436600, 4.254010373035235700, -4.180225025942715600 ) ) ;
#2399 = ORIENTED_EDGE ( 'NONE', *, *, #1367, .T. ) ;
#2400 =( NAMED_UNIT ( * ) SI_UNIT ( $, .STERADIAN. ) SOLID_ANGLE_UNIT ( ) );
#2401 = PLANE ( 'NONE',  #6185 ) ;
#2402 = AXIS2_PLACEMENT_3D ( 'NONE', #4153, #3206, #6081 ) ;
#2403 = VECTOR ( 'NONE', #1351, 1000.000000000000000 ) ;
#2404 = VERTEX_POINT ( 'NONE', #3146 ) ;
#2405 = CARTESIAN_POINT ( 'NONE',  ( 2.732874672760973000, 0.0000000000000000000, -6.400000000000000400 ) ) ;
#2406 = CARTESIAN_POINT ( 'NONE',  ( 0.0000000000000000000, 8.000000000000000000, -6.200000000000001100 ) ) ;
#2407 = FILL_AREA_STYLE_COLOUR ( '', #5965 ) ;
#2408 = FACE_OUTER_BOUND ( 'NONE', #3363, .T. ) ;
#2409 = EDGE_LOOP ( 'NONE', ( #2930, #1594, #6307, #4514 ) ) ;
#2410 = CARTESIAN_POINT ( 'NONE',  ( 1.241527841744380200, 8.005000000000000800, -3.430882837268343500 ) ) ;
#2411 = DIRECTION ( 'NONE',  ( 1.000000000000000000, 0.0000000000000000000, 0.0000000000000000000 ) ) ;
#2412 = ORIENTED_EDGE ( 'NONE', *, *, #5890, .T. ) ;
#2413 = CARTESIAN_POINT ( 'NONE',  ( 0.5907798819880761800, 8.000000000000000000, -4.993907927677669900 ) ) ;
#2414 = VECTOR ( 'NONE', #730, 1000.000000000000000 ) ;
#2415 =( GEOMETRIC_REPRESENTATION_CONTEXT ( 3 ) GLOBAL_UNCERTAINTY_ASSIGNED_CONTEXT ( ( #986 ) ) GLOBAL_UNIT_ASSIGNED_CONTEXT ( ( #1585, #5969, #3544 ) ) REPRESENTATION_CONTEXT ( 'NONE', 'WORKASPACE' ) );
#2416 = CARTESIAN_POINT ( 'NONE',  ( 0.4350673547405130000, 8.000000000000000000, -2.915793909427316400 ) ) ;
#2417 = PRESENTATION_STYLE_ASSIGNMENT (( #3213 ) ) ;
#2418 = ORIENTED_EDGE ( 'NONE', *, *, #4939, .F. ) ;
#2419 = CARTESIAN_POINT ( 'NONE',  ( 1.241527841744380200, 8.000000000000000000, -1.672147313927540500 ) ) ;
#2420 = CARTESIAN_POINT ( 'NONE',  ( 1.676445934406436900, 0.0000000000000000000, -2.219774974057283900 ) ) ;
#2421 = ORIENTED_EDGE ( 'NONE', *, *, #5837, .T. ) ;
#2422 = ORIENTED_EDGE ( 'NONE', *, *, #5103, .T. ) ;
#2423 = UNCERTAINTY_MEASURE_WITH_UNIT (LENGTH_MEASURE( 1.000000000000000100E-005 ), #4943, 'distance_accuracy_value', 'NONE');
#2424 = EDGE_CURVE ( 'NONE', #4142, #471, #3247, .T. ) ;
#2425 = CARTESIAN_POINT ( 'NONE',  ( 0.5896396428537220600, 8.000000000000000000, -4.519058406004662100 ) ) ;
#2426 =( GEOMETRIC_REPRESENTATION_CONTEXT ( 3 ) GLOBAL_UNCERTAINTY_ASSIGNED_CONTEXT ( ( #1430 ) ) GLOBAL_UNIT_ASSIGNED_CONTEXT ( ( #5161, #1804, #6111 ) ) REPRESENTATION_CONTEXT ( 'NONE', 'WORKASPACE' ) );
#2427 = EDGE_CURVE ( 'NONE', #1749, #5606, #4712, .T. ) ;
#2428 = LINE ( 'NONE', #949, #1148 ) ;
#2429 = VERTEX_POINT ( 'NONE', #2688 ) ;
#2430 = FACE_OUTER_BOUND ( 'NONE', #2789, .T. ) ;
#2431 = TOROIDAL_SURFACE ( 'NONE', #3187, 2.103069206569890200, 0.2000000000000000100 ) ;
#2432 = LINE ( 'NONE', #4525, #6162 ) ;
#2433 = CARTESIAN_POINT ( 'NONE',  ( 1.241527841744380200, 8.000000000000000000, -3.732872106417935300 ) ) ;
#2434 = EDGE_CURVE ( 'NONE', #5937, #1855, #2344, .T. ) ;
#2435 = FILL_AREA_STYLE_COLOUR ( '', #2922 ) ;
#2436 = VECTOR ( 'NONE', #4574, 1000.000000000000000 ) ;
#2437 = CARTESIAN_POINT ( 'NONE',  ( 1.241527841744380000, 8.005000000000000800, -4.577134585831736000 ) ) ;
#2438 = VECTOR ( 'NONE', #3226, 1000.000000000000000 ) ;
#2439 = PLANE ( 'NONE',  #5474 ) ;
#2440 = DIRECTION ( 'NONE',  ( 0.9610664548995610000, 0.0000000000000000000, 0.2763173343581436000 ) ) ;
#2441 = DIRECTION ( 'NONE',  ( 0.0000000000000000000, 1.000000000000000000, -0.0000000000000000000 ) ) ;
#2442 =( NAMED_UNIT ( * ) PLANE_ANGLE_UNIT ( ) SI_UNIT ( $, .RADIAN. ) );
#2443 = LINE ( 'NONE', #2962, #4126 ) ;
#2444 = VERTEX_POINT ( 'NONE', #4136 ) ;
#2445 = CARTESIAN_POINT ( 'NONE',  ( 6.023554065593562400, 7.800000000000000700, -0.2000000000000000100 ) ) ;
#2446 = DIRECTION ( 'NONE',  ( 0.9610029908221285900, 0.0000000000000000000, 0.2765379750249930000 ) ) ;
#2447 = CARTESIAN_POINT ( 'NONE',  ( 0.4350673547405128300, 8.005000000000000800, -3.964838432828492000 ) ) ;
#2448 = ORIENTED_EDGE ( 'NONE', *, *, #5083, .F. ) ;
#2449 = SPHERICAL_SURFACE ( 'NONE', #1472, 0.2000000000000000100 ) ;
#2450 = CYLINDRICAL_SURFACE ( 'NONE', #631, 0.2000000000000000100 ) ;
#2451 = VERTEX_POINT ( 'NONE', #2291 ) ;
#2452 = DIRECTION ( 'NONE',  ( -0.0000000000000000000, -1.000000000000000000, -0.0000000000000000000 ) ) ;
#2453 = CARTESIAN_POINT ( 'NONE',  ( 1.241527841744380500, 8.000000000000000000, -2.876307305006477100 ) ) ;
#2454 = DIRECTION ( 'NONE',  ( -0.002813301677222472800, 0.0000000000000000000, 0.9999960426590062100 ) ) ;
#2455 = STYLED_ITEM ( 'NONE', ( #2982 ), #3259 ) ;
#2456 = DIRECTION ( 'NONE',  ( 1.000000000000000000, 0.0000000000000000000, 0.0000000000000000000 ) ) ;
#2457 = ORIENTED_EDGE ( 'NONE', *, *, #3774, .T. ) ;
#2458 = DIRECTION ( 'NONE',  ( 0.0000000000000000000, 0.0000000000000000000, -1.000000000000000000 ) ) ;
#2459 = ORIENTED_EDGE ( 'NONE', *, *, #2885, .T. ) ;
#2460 = SURFACE_SIDE_STYLE ('',( #2591 ) ) ;
#2461 = CARTESIAN_POINT ( 'NONE',  ( 0.5200997685186503600, 8.005000000000000800, -3.638053253117329500 ) ) ;
#2462 = CARTESIAN_POINT ( 'NONE',  ( 2.732874672760972500, 0.0000000000000000000, -0.2000000000000000900 ) ) ;
#2463 = VECTOR ( 'NONE', #4423, 1000.000000000000000 ) ;
#2464 = EDGE_LOOP ( 'NONE', ( #1759, #991, #553 ) ) ;
#2465 = EDGE_LOOP ( 'NONE', ( #2164, #245, #3139, #930 ) ) ;
#2466 = CARTESIAN_POINT ( 'NONE',  ( 0.2000000000000000100, 0.2000000000000000100, -0.2000000000000000100 ) ) ;
#2467 = MECHANICAL_DESIGN_GEOMETRIC_PRESENTATION_REPRESENTATION (  '', ( #3890 ), #3099 ) ;
#2468 = EDGE_CURVE ( 'NONE', #3553, #610, #2722, .T. ) ;
#2469 = LINE ( 'NONE', #1459, #3530 ) ;
#2470 = PRESENTATION_STYLE_ASSIGNMENT (( #5355 ) ) ;
#2471 = SURFACE_STYLE_FILL_AREA ( #2617 ) ;
#2472 = ORIENTED_EDGE ( 'NONE', *, *, #191, .F. ) ;
#2473 = CARTESIAN_POINT ( 'NONE',  ( 0.0000000000000000000, 7.800000000000000700, -0.2000000000000000100 ) ) ;
#2474 = UNCERTAINTY_MEASURE_WITH_UNIT (LENGTH_MEASURE( 1.000000000000000100E-005 ), #3422, 'distance_accuracy_value', 'NONE');
#2475 = SURFACE_STYLE_USAGE ( .BOTH. , #3941 ) ;
#2476 = FACE_OUTER_BOUND ( 'NONE', #4069, .T. ) ;
#2477 = EDGE_CURVE ( 'NONE', #892, #3946, #4792, .T. ) ;
#2478 = CARTESIAN_POINT ( 'NONE',  ( 1.241527841744380000, 8.000000000000000000, -1.917526775295209700 ) ) ;
#2479 =( GEOMETRIC_REPRESENTATION_CONTEXT ( 3 ) GLOBAL_UNCERTAINTY_ASSIGNED_CONTEXT ( ( #4951 ) ) GLOBAL_UNIT_ASSIGNED_CONTEXT ( ( #6263, #6287, #3298 ) ) REPRESENTATION_CONTEXT ( 'NONE', 'WORKASPACE' ) );
#2480 = EDGE_LOOP ( 'NONE', ( #3395, #5986, #1473, #1559 ) ) ;
#2481 = DIRECTION ( 'NONE',  ( 0.0000000000000000000, -0.0000000000000000000, 1.000000000000000000 ) ) ;
#2482 = PRESENTATION_LAYER_ASSIGNMENT (  '', '', ( #2357 ) ) ;
#2483 =( NAMED_UNIT ( * ) PLANE_ANGLE_UNIT ( ) SI_UNIT ( $, .RADIAN. ) );
#2484 = ADVANCED_FACE ( 'NONE', ( #5985 ), #2032, .T. ) ;
#2485 = COLOUR_RGB ( '',0.1019607843137254900, 0.1019607843137254900, 0.1019607843137254900 ) ;
#2486 = VERTEX_POINT ( 'NONE', #820 ) ;
#2487 = DIRECTION ( 'NONE',  ( -1.000000000000000000, 0.0000000000000000000, 0.0000000000000000000 ) ) ;
#2488 = DIRECTION ( 'NONE',  ( 0.0000000000000000000, 0.0000000000000000000, -1.000000000000000000 ) ) ;
#2489 = AXIS2_PLACEMENT_3D ( 'NONE', #324, #832, #1819 ) ;
#2490 = EDGE_LOOP ( 'NONE', ( #3654, #5021, #267, #5279 ) ) ;
#2491 = CARTESIAN_POINT ( 'NONE',  ( 6.023554065593562400, 4.254010373035233000, -0.1999999999999996500 ) ) ;
#2492 = PLANE ( 'NONE',  #817 ) ;
#2493 = AXIS2_PLACEMENT_3D ( 'NONE', #161, #5456, #3010 ) ;
#2494 = FACE_OUTER_BOUND ( 'NONE', #171, .T. ) ;
#2495 = ORIENTED_EDGE ( 'NONE', *, *, #1761, .T. ) ;
#2496 = DIRECTION ( 'NONE',  ( 1.355252715606882800E-016, -0.0000000000000000000, -1.000000000000000000 ) ) ;
#2497 = DIRECTION ( 'NONE',  ( -0.0000000000000000000, 1.000000000000000000, -0.0000000000000000000 ) ) ;
#2498 = ORIENTED_EDGE ( 'NONE', *, *, #811, .T. ) ;
#2499 = DIRECTION ( 'NONE',  ( 3.766112349182164700E-016, 0.0000000000000000000, -1.000000000000000000 ) ) ;
#2500 =( GEOMETRIC_REPRESENTATION_CONTEXT ( 3 ) GLOBAL_UNCERTAINTY_ASSIGNED_CONTEXT ( ( #1463 ) ) GLOBAL_UNIT_ASSIGNED_CONTEXT ( ( #2611, #5980, #3045 ) ) REPRESENTATION_CONTEXT ( 'NONE', 'WORKASPACE' ) );
#2501 = CARTESIAN_POINT ( 'NONE',  ( 0.2000000000000000100, 0.0000000000000000000, -6.400000000000000400 ) ) ;
#2502 = DIRECTION ( 'NONE',  ( -0.0000000000000000000, -1.000000000000000000, -0.0000000000000000000 ) ) ;
#2503 = SURFACE_STYLE_USAGE ( .BOTH. , #3019 ) ;
#2504 = SURFACE_STYLE_FILL_AREA ( #788 ) ;
#2505 = EDGE_LOOP ( 'NONE', ( #2566, #3973 ) ) ;
#2506 = COLOUR_RGB ( '',0.1019607843137254900, 0.1019607843137254900, 0.1019607843137254900 ) ;
#2507 =( BOUNDED_CURVE ( )  B_SPLINE_CURVE ( 3, ( #168, #106, #1109, #4042 ),
 .UNSPECIFIED., .F., .T. ) 
 B_SPLINE_CURVE_WITH_KNOTS ( ( 4, 4 ),
 ( 3.141592653589793100, 4.712388980384689700 ),
 .UNSPECIFIED. ) 
 CURVE ( )  GEOMETRIC_REPRESENTATION_ITEM ( )  RATIONAL_B_SPLINE_CURVE ( ( 1.000000000000000000, 0.8047378541243649400, 0.8047378541243649400, 1.000000000000000000 ) ) 
 REPRESENTATION_ITEM ( '' )  );
#2508 = FILL_AREA_STYLE_COLOUR ( '', #4822 ) ;
#2509 = EDGE_CURVE ( 'NONE', #1933, #2874, #5756, .T. ) ;
#2510 = LINE ( 'NONE', #3626, #5324 ) ;
#2511 = VECTOR ( 'NONE', #2657, 1000.000000000000000 ) ;
#2512 = ADVANCED_FACE ( 'NONE', ( #2494 ), #4786, .F. ) ;
#2513 = PRESENTATION_STYLE_ASSIGNMENT (( #5137 ) ) ;
#2514 =( NAMED_UNIT ( * ) PLANE_ANGLE_UNIT ( ) SI_UNIT ( $, .RADIAN. ) );
#2515 =( GEOMETRIC_REPRESENTATION_CONTEXT ( 3 ) GLOBAL_UNCERTAINTY_ASSIGNED_CONTEXT ( ( #873 ) ) GLOBAL_UNIT_ASSIGNED_CONTEXT ( ( #4388, #1438, #5865 ) ) REPRESENTATION_CONTEXT ( 'NONE', 'WORKASPACE' ) );
#2516 = CARTESIAN_POINT ( 'NONE',  ( 0.4350673547405129500, 8.000000000000000000, -3.867680249561948400 ) ) ;
#2517 = ORIENTED_EDGE ( 'NONE', *, *, #3431, .T. ) ;
#2518 = COLOUR_RGB ( '',0.1019607843137254900, 0.1019607843137254900, 0.1019607843137254900 ) ;
#2519 = SURFACE_STYLE_FILL_AREA ( #5070 ) ;
#2520 = LINE ( 'NONE', #2610, #3808 ) ;
#2521 = SURFACE_SIDE_STYLE ('',( #3372 ) ) ;
#2522 = FILL_AREA_STYLE_COLOUR ( '', #5843 ) ;
#2523 = ORIENTED_EDGE ( 'NONE', *, *, #4642, .T. ) ;
#2524 = FILL_AREA_STYLE_COLOUR ( '', #4140 ) ;
#2525 = COLOUR_RGB ( '',0.8980392156862745400, 0.9215686274509803400, 0.9294117647058823800 ) ;
#2526 = LINE ( 'NONE', #2928, #2226 ) ;
#2527 = CARTESIAN_POINT ( 'NONE',  ( 6.290000000000000000, 0.0000000000000000000, -4.469999999999999800 ) ) ;
#2528 = ORIENTED_EDGE ( 'NONE', *, *, #547, .T. ) ;
#2529 = SURFACE_SIDE_STYLE ('',( #4409 ) ) ;
#2530 = ORIENTED_EDGE ( 'NONE', *, *, #1917, .F. ) ;
#2531 = COLOUR_RGB ( '',0.1019607843137254900, 0.1019607843137254900, 0.1019607843137254900 ) ;
#2532 = FACE_OUTER_BOUND ( 'NONE', #3902, .T. ) ;
#2533 = DIRECTION ( 'NONE',  ( 1.000000000000000000, -0.0000000000000000000, -0.0000000000000000000 ) ) ;
#2534 =( NAMED_UNIT ( * ) SI_UNIT ( $, .STERADIAN. ) SOLID_ANGLE_UNIT ( ) );
#2535 = LINE ( 'NONE', #4889, #5134 ) ;
#2536 = ORIENTED_EDGE ( 'NONE', *, *, #3319, .F. ) ;
#2537 = DIRECTION ( 'NONE',  ( -1.000000000000000000, -0.0000000000000000000, -0.0000000000000000000 ) ) ;
#2538 = ORIENTED_EDGE ( 'NONE', *, *, #2019, .T. ) ;
#2539 = CARTESIAN_POINT ( 'NONE',  ( 7.299999999999999800, 0.0000000000000000000, -0.2000000000000000100 ) ) ;
#2540 = AXIS2_PLACEMENT_3D ( 'NONE', #2466, #5944, #4499 ) ;
#2541 = FILL_AREA_STYLE ('',( #5523 ) ) ;
#2542 = CARTESIAN_POINT ( 'NONE',  ( 6.290000000000000000, -6.500000000000000000, -4.469999999999999800 ) ) ;
#2543 = LINE ( 'NONE', #5551, #4997 ) ;
#2544 = UNCERTAINTY_MEASURE_WITH_UNIT (LENGTH_MEASURE( 1.000000000000000100E-005 ), #2728, 'distance_accuracy_value', 'NONE');
#2545 = ORIENTED_EDGE ( 'NONE', *, *, #4864, .F. ) ;
#2546 = ADVANCED_FACE ( 'NONE', ( #5165 ), #4953, .T. ) ;
#2547 = CARTESIAN_POINT ( 'NONE',  ( 5.906396778068180500, 0.08284271247461866300, -6.400000000000000400 ) ) ;
#2548 =( NAMED_UNIT ( * ) SI_UNIT ( $, .STERADIAN. ) SOLID_ANGLE_UNIT ( ) );
#2549 = CARTESIAN_POINT ( 'NONE',  ( 4.567125327239032200, 0.1999999999999996500, -6.400000000000000400 ) ) ;
#2550 = ORIENTED_EDGE ( 'NONE', *, *, #6090, .T. ) ;
#2551 =( LENGTH_UNIT ( ) NAMED_UNIT ( * ) SI_UNIT ( .MILLI., .METRE. ) );
#2552 = PRESENTATION_LAYER_ASSIGNMENT (  '', '', ( #1709 ) ) ;
#2553 = EDGE_CURVE ( 'NONE', #5057, #204, #1212, .T. ) ;
#2554 = CARTESIAN_POINT ( 'NONE',  ( 3.250000000000001300, 0.0000000000000000000, -6.200000000000001100 ) ) ;
#2555 = UNCERTAINTY_MEASURE_WITH_UNIT (LENGTH_MEASURE( 1.000000000000000100E-005 ), #1795, 'distance_accuracy_value', 'NONE');
#2556 = EDGE_CURVE ( 'NONE', #3867, #2233, #5826, .T. ) ;
#2557 = DIRECTION ( 'NONE',  ( -0.0000000000000000000, -0.0000000000000000000, 1.000000000000000000 ) ) ;
#2558 =( LENGTH_UNIT ( ) NAMED_UNIT ( * ) SI_UNIT ( .MILLI., .METRE. ) );
#2559 = DIRECTION ( 'NONE',  ( -1.000000000000000000, -0.0000000000000000000, -8.210319413871544100E-016 ) ) ;
#2560 = VECTOR ( 'NONE', #4094, 1000.000000000000000 ) ;
#2561 = ORIENTED_EDGE ( 'NONE', *, *, #1060, .F. ) ;
#2562 = EDGE_CURVE ( 'NONE', #4410, #2404, #5899, .T. ) ;
#2563 = SURFACE_STYLE_USAGE ( .BOTH. , #4459 ) ;
#2564 = VECTOR ( 'NONE', #537, 1000.000000000000000 ) ;
#2565 = AXIS2_PLACEMENT_3D ( 'NONE', #479, #6237, #2353 ) ;
#2566 = ORIENTED_EDGE ( 'NONE', *, *, #4645, .F. ) ;
#2567 = CARTESIAN_POINT ( 'NONE',  ( 6.290000000000000000, -6.500000000000000000, -1.930000000000000400 ) ) ;
#2568 = DIRECTION ( 'NONE',  ( 0.0000000000000000000, -1.000000000000000000, 0.0000000000000000000 ) ) ;
#2569 = CARTESIAN_POINT ( 'NONE',  ( 4.050000000000002500, 0.1999999999999996500, 0.0000000000000000000 ) ) ;
#2570 = PRESENTATION_STYLE_ASSIGNMENT (( #5173 ) ) ;
#2571 = CARTESIAN_POINT ( 'NONE',  ( 0.4350673547405129500, 8.005000000000000800, -3.867680249561948400 ) ) ;
#2572 = COLOUR_RGB ( '',0.8980392156862745400, 0.9215686274509803400, 0.9294117647058823800 ) ;
#2573 = ORIENTED_EDGE ( 'NONE', *, *, #2192, .T. ) ;
#2574 = CARTESIAN_POINT ( 'NONE',  ( 4.567125327239032200, 4.054010373035232800, 0.0000000000000000000 ) ) ;
#2575 = COLOUR_RGB ( '',0.1019607843137254900, 0.1019607843137254900, 0.1019607843137254900 ) ;
#2576 = EDGE_CURVE ( 'NONE', #3916, #5082, #5618, .T. ) ;
#2577 = FACE_OUTER_BOUND ( 'NONE', #6052, .T. ) ;
#2578 = ORIENTED_EDGE ( 'NONE', *, *, #1255, .F. ) ;
#2579 = DIRECTION ( 'NONE',  ( 0.0000000000000000000, 0.0000000000000000000, 1.000000000000000000 ) ) ;
#2580 = PRESENTATION_STYLE_ASSIGNMENT (( #3429 ) ) ;
#2581 = CARTESIAN_POINT ( 'NONE',  ( 0.0000000000000000000, 0.1999999999999996500, -0.2000000000000000100 ) ) ;
#2582 = DIRECTION ( 'NONE',  ( -1.000000000000000000, 0.0000000000000000000, -3.907430924870045500E-016 ) ) ;
#2583 = AXIS2_PLACEMENT_3D ( 'NONE', #5626, #345, #3183 ) ;
#2584 = PRESENTATION_LAYER_ASSIGNMENT (  '', '', ( #1614 ) ) ;
#2585 = CARTESIAN_POINT ( 'NONE',  ( 1.241527841744380000, 8.005000000000000800, -4.342176664924645400 ) ) ;
#2586 = ORIENTED_EDGE ( 'NONE', *, *, #733, .T. ) ;
#2587 = VECTOR ( 'NONE', #3071, 1000.000000000000000 ) ;
#2588 = DIRECTION ( 'NONE',  ( 0.0000000000000000000, 0.0000000000000000000, -1.000000000000000000 ) ) ;
#2589 = DIRECTION ( 'NONE',  ( 0.0000000000000000000, -1.761828530288947900E-015, -1.000000000000000000 ) ) ;
#2590 = CARTESIAN_POINT ( 'NONE',  ( 3.250000000000001300, 0.0000000000000000000, -6.400000000000000400 ) ) ;
#2591 = SURFACE_STYLE_FILL_AREA ( #1971 ) ;
#2592 = ORIENTED_EDGE ( 'NONE', *, *, #1000, .T. ) ;
#2593 = SURFACE_STYLE_FILL_AREA ( #5129 ) ;
#2594 = SURFACE_SIDE_STYLE ('',( #1693 ) ) ;
#2595 = UNCERTAINTY_MEASURE_WITH_UNIT (LENGTH_MEASURE( 1.000000000000000100E-005 ), #1281, 'distance_accuracy_value', 'NONE');
#2596 = AXIS2_PLACEMENT_3D ( 'NONE', #1307, #4248, #313 ) ;
#2597 = EDGE_CURVE ( 'NONE', #6159, #189, #4948, .T. ) ;
#2598 = CARTESIAN_POINT ( 'NONE',  ( 2.450000000000002000, 4.929470609902312900, -3.200000000000000200 ) ) ;
#2599 = MECHANICAL_DESIGN_GEOMETRIC_PRESENTATION_REPRESENTATION (  '', ( #2380 ), #5963 ) ;
#2600 = EDGE_CURVE ( 'NONE', #5508, #5542, #5376, .T. ) ;
#2601 = DIRECTION ( 'NONE',  ( 0.0000000000000000000, -1.000000000000000000, 0.0000000000000000000 ) ) ;
#2602 = PRESENTATION_STYLE_ASSIGNMENT (( #2686 ) ) ;
#2603 = ORIENTED_EDGE ( 'NONE', *, *, #3480, .F. ) ;
#2604 = FACE_OUTER_BOUND ( 'NONE', #3953, .T. ) ;
#2605 = CARTESIAN_POINT ( 'NONE',  ( 1.241527841744380200, 8.005000000000000800, -1.917526775295209700 ) ) ;
#2606 = DIRECTION ( 'NONE',  ( 3.907430924870044500E-016, -0.0000000000000000000, 1.000000000000000000 ) ) ;
#2607 = DIRECTION ( 'NONE',  ( 0.0000000000000000000, 0.0000000000000000000, -1.000000000000000000 ) ) ;
#2608 = DIRECTION ( 'NONE',  ( -1.578431070763902500E-016, 0.0000000000000000000, -1.000000000000000000 ) ) ;
#2609 = EDGE_LOOP ( 'NONE', ( #2457, #5862, #4878, #2616 ) ) ;
#2610 = CARTESIAN_POINT ( 'NONE',  ( 5.823554065593562300, 7.800000000000000700, -6.400000000000000400 ) ) ;
#2611 =( LENGTH_UNIT ( ) NAMED_UNIT ( * ) SI_UNIT ( .MILLI., .METRE. ) );
#2612 = ORIENTED_EDGE ( 'NONE', *, *, #6176, .F. ) ;
#2613 = DIRECTION ( 'NONE',  ( 0.0000000000000000000, 0.0000000000000000000, 1.000000000000000000 ) ) ;
#2614 = ORIENTED_EDGE ( 'NONE', *, *, #3543, .F. ) ;
#2615 = STYLED_ITEM ( 'NONE', ( #2513 ), #5947 ) ;
#2616 = ORIENTED_EDGE ( 'NONE', *, *, #6281, .F. ) ;
#2617 = FILL_AREA_STYLE ('',( #2151 ) ) ;
#2618 = ORIENTED_EDGE ( 'NONE', *, *, #4309, .F. ) ;
#2619 = CARTESIAN_POINT ( 'NONE',  ( 0.8876613702446638500, 8.005000000000000800, -2.338141408391912500 ) ) ;
#2620 = DIRECTION ( 'NONE',  ( 0.0000000000000000000, 0.0000000000000000000, 1.000000000000000000 ) ) ;
#2621 = VECTOR ( 'NONE', #1, 1000.000000000000000 ) ;
#2622 = ORIENTED_EDGE ( 'NONE', *, *, #2268, .T. ) ;
#2623 = CARTESIAN_POINT ( 'NONE',  ( 7.299999999999999800, 7.800000000000000700, -0.2000000000000000100 ) ) ;
#2624 = DIRECTION ( 'NONE',  ( 0.0000000000000000000, 0.0000000000000000000, 1.000000000000000000 ) ) ;
#2625 = CARTESIAN_POINT ( 'NONE',  ( 4.767125327239030600, 0.0000000000000000000, -2.219774974057284700 ) ) ;
#2626 = ORIENTED_EDGE ( 'NONE', *, *, #4859, .T. ) ;
#2627 = ORIENTED_EDGE ( 'NONE', *, *, #3948, .F. ) ;
#2628 = FACE_OUTER_BOUND ( 'NONE', #2351, .T. ) ;
#2629 = ORIENTED_EDGE ( 'NONE', *, *, #5367, .F. ) ;
#2630 = SURFACE_STYLE_USAGE ( .BOTH. , #3536 ) ;
#2631 =( GEOMETRIC_REPRESENTATION_CONTEXT ( 3 ) GLOBAL_UNCERTAINTY_ASSIGNED_CONTEXT ( ( #687 ) ) GLOBAL_UNIT_ASSIGNED_CONTEXT ( ( #1511, #1016, #2548 ) ) REPRESENTATION_CONTEXT ( 'NONE', 'WORKASPACE' ) );
#2632 = SURFACE_STYLE_USAGE ( .BOTH. , #1926 ) ;
#2633 = CARTESIAN_POINT ( 'NONE',  ( 1.676445934406437100, 0.0000000000000000000, -6.200000000000001100 ) ) ;
#2634 = LINE ( 'NONE', #6147, #3616 ) ;
#2635 = DIRECTION ( 'NONE',  ( 1.000000000000000000, -0.0000000000000000000, -0.0000000000000000000 ) ) ;
#2636 = CARTESIAN_POINT ( 'NONE',  ( 2.250000000000001800, 4.929470609902312900, -3.200000000000000200 ) ) ;
#2637 = CARTESIAN_POINT ( 'NONE',  ( 0.2000000000000000100, 8.000000000000000000, -6.400000000000000400 ) ) ;
#2638 = EDGE_CURVE ( 'NONE', #1718, #3176, #4475, .T. ) ;
#2639 = CARTESIAN_POINT ( 'NONE',  ( 0.4350673547405127800, 8.005000000000000800, -4.563520376446835900 ) ) ;
#2640 = PRESENTATION_LAYER_ASSIGNMENT (  '', '', ( #5885 ) ) ;
#2641 = VECTOR ( 'NONE', #2109, 1000.000000000000000 ) ;
#2642 = ORIENTED_EDGE ( 'NONE', *, *, #3087, .T. ) ;
#2643 =( LENGTH_UNIT ( ) NAMED_UNIT ( * ) SI_UNIT ( .MILLI., .METRE. ) );
#2644 = DIRECTION ( 'NONE',  ( -1.000000000000000000, -0.0000000000000000000, -0.0000000000000000000 ) ) ;
#2645 = VECTOR ( 'NONE', #3775, 1000.000000000000000 ) ;
#2646 = ORIENTED_EDGE ( 'NONE', *, *, #6259, .F. ) ;
#2647 = DIRECTION ( 'NONE',  ( 0.0000000000000000000, 1.000000000000000000, 0.0000000000000000000 ) ) ;
#2648 = CARTESIAN_POINT ( 'NONE',  ( 1.476445934406436700, 7.800000000000000700, -6.400000000000000400 ) ) ;
#2649 = ORIENTED_EDGE ( 'NONE', *, *, #5169, .T. ) ;
#2650 = LINE ( 'NONE', #622, #970 ) ;
#2651 = ORIENTED_EDGE ( 'NONE', *, *, #6146, .F. ) ;
#2652 = DIRECTION ( 'NONE',  ( -1.000000000000000000, -0.0000000000000000000, -0.0000000000000000000 ) ) ;
#2653 = ORIENTED_EDGE ( 'NONE', *, *, #6146, .T. ) ;
#2654 = CARTESIAN_POINT ( 'NONE',  ( 2.250000000000001800, 4.929470609902312900, -5.303069206569889900 ) ) ;
#2655 = LINE ( 'NONE', #3638, #3177 ) ;
#2656 = SURFACE_SIDE_STYLE ('',( #3551 ) ) ;
#2657 = DIRECTION ( 'NONE',  ( 0.0000000000000000000, 0.0000000000000000000, 1.000000000000000000 ) ) ;
#2658 = ORIENTED_EDGE ( 'NONE', *, *, #3999, .T. ) ;
#2659 = LINE ( 'NONE', #4750, #3263 ) ;
#2660 = SURFACE_SIDE_STYLE ('',( #2519 ) ) ;
#2661 = CARTESIAN_POINT ( 'NONE',  ( 1.241527841744381600, 8.005000000000000800, -1.141553586008539100 ) ) ;
#2662 = CARTESIAN_POINT ( 'NONE',  ( 2.732874672760972500, 0.0000000000000000000, 0.0000000000000000000 ) ) ;
#2663 = AXIS2_PLACEMENT_3D ( 'NONE', #3887, #996, #2488 ) ;
#2664 = ADVANCED_FACE ( 'NONE', ( #1667 ), #1884, .T. ) ;
#2665 = MECHANICAL_DESIGN_GEOMETRIC_PRESENTATION_REPRESENTATION (  '', ( #5714 ), #1487 ) ;
#2666 = VECTOR ( 'NONE', #285, 1000.000000000000000 ) ;
#2667 = FACE_OUTER_BOUND ( 'NONE', #3189, .T. ) ;
#2668 = UNCERTAINTY_MEASURE_WITH_UNIT (LENGTH_MEASURE( 1.000000000000000100E-005 ), #664, 'distance_accuracy_value', 'NONE');
#2669 = DIRECTION ( 'NONE',  ( 0.0000000000000000000, 0.0000000000000000000, -1.000000000000000000 ) ) ;
#2670 = DIRECTION ( 'NONE',  ( 0.0000000000000000000, 0.0000000000000000000, 1.000000000000000000 ) ) ;
#2671 = AXIS2_PLACEMENT_3D ( 'NONE', #2473, #2943, #50 ) ;
#2672 = ORIENTED_EDGE ( 'NONE', *, *, #2942, .T. ) ;
#2673 = CARTESIAN_POINT ( 'NONE',  ( 0.8876613702460888200, 8.000000000000000000, -4.063310954961972100 ) ) ;
#2674 = AXIS2_PLACEMENT_3D ( 'NONE', #2585, #1523, #4946 ) ;
#2675 = PRESENTATION_STYLE_ASSIGNMENT (( #2563 ) ) ;
#2676 = DIRECTION ( 'NONE',  ( 0.0000000000000000000, -1.000000000000000000, 0.0000000000000000000 ) ) ;
#2677 = DIRECTION ( 'NONE',  ( -0.9610664548995610000, 0.0000000000000000000, -0.2763173343581435400 ) ) ;
#2678 = LINE ( 'NONE', #842, #2304 ) ;
#2679 = CARTESIAN_POINT ( 'NONE',  ( 5.050000000000002500, 4.929470609902312900, -3.200000000000000200 ) ) ;
#2680 = VERTEX_POINT ( 'NONE', #5796 ) ;
#2681 = EDGE_CURVE ( 'NONE', #204, #4788, #3853, .T. ) ;
#2682 = CARTESIAN_POINT ( 'NONE',  ( 1.241527841744381600, 8.000000000000000000, -1.141553586008539100 ) ) ;
#2683 = DIRECTION ( 'NONE',  ( 0.9984327301129573000, 0.0000000000000000000, 0.05596501978188291000 ) ) ;
#2684 = AXIS2_PLACEMENT_3D ( 'NONE', #931, #3803, #2262 ) ;
#2685 =( NAMED_UNIT ( * ) PLANE_ANGLE_UNIT ( ) SI_UNIT ( $, .RADIAN. ) );
#2686 = SURFACE_STYLE_USAGE ( .BOTH. , #1658 ) ;
#2687 = ORIENTED_EDGE ( 'NONE', *, *, #1470, .F. ) ;
#2688 = CARTESIAN_POINT ( 'NONE',  ( 0.5235572678224953400, 8.000000000000000000, -3.082457635954220600 ) ) ;
#2689 = FACE_OUTER_BOUND ( 'NONE', #2465, .T. ) ;
#2690 = VERTEX_POINT ( 'NONE', #2425 ) ;
#2691 = EDGE_CURVE ( 'NONE', #6159, #5569, #3077, .T. ) ;
#2692 = ORIENTED_EDGE ( 'NONE', *, *, #5526, .T. ) ;
#2693 = ADVANCED_FACE ( 'NONE', ( #3778 ), #1037, .T. ) ;
#2694 = FILL_AREA_STYLE ('',( #678 ) ) ;
#2695 =( NAMED_UNIT ( * ) PLANE_ANGLE_UNIT ( ) SI_UNIT ( $, .RADIAN. ) );
#2696 = VECTOR ( 'NONE', #776, 1000.000000000000000 ) ;
#2697 = DIRECTION ( 'NONE',  ( -0.0000000000000000000, -0.0000000000000000000, -1.000000000000000000 ) ) ;
#2698 = ORIENTED_EDGE ( 'NONE', *, *, #3328, .F. ) ;
#2699 = CARTESIAN_POINT ( 'NONE',  ( 1.241527841744380200, 8.005000000000000800, -3.732872106417935300 ) ) ;
#2700 = AXIS2_PLACEMENT_3D ( 'NONE', #2812, #4807, #4764 ) ;
#2701 = PLANE ( 'NONE',  #20 ) ;
#2702 = CARTESIAN_POINT ( 'NONE',  ( 7.299999999999999800, 0.1999999999999996500, -0.2000000000000000100 ) ) ;
#2703 = CARTESIAN_POINT ( 'NONE',  ( 3.250000000000001300, -1.000000000000000000, -0.1999999999999996500 ) ) ;
#2704 = CARTESIAN_POINT ( 'NONE',  ( 1.241527841744380000, 8.000000000000000000, -4.577134585831736000 ) ) ;
#2705 = UNCERTAINTY_MEASURE_WITH_UNIT (LENGTH_MEASURE( 1.000000000000000100E-005 ), #704, 'distance_accuracy_value', 'NONE');
#2706 = LINE ( 'NONE', #126, #6045 ) ;
#2707 = ORIENTED_EDGE ( 'NONE', *, *, #4605, .F. ) ;
#2708 =( LENGTH_UNIT ( ) NAMED_UNIT ( * ) SI_UNIT ( .MILLI., .METRE. ) );
#2709 = CARTESIAN_POINT ( 'NONE',  ( 3.250000000000001300, -0.8000000000000000400, -0.1999999999999996500 ) ) ;
#2710 = CARTESIAN_POINT ( 'NONE',  ( 6.290000000000000000, -6.500000000000000000, -2.230000000000000400 ) ) ;
#2711 = AXIS2_PLACEMENT_3D ( 'NONE', #3967, #577, #1029 ) ;
#2712 = LINE ( 'NONE', #2861, #3691 ) ;
#2713 = EDGE_LOOP ( 'NONE', ( #5228, #3441, #2828, #6135 ) ) ;
#2714 = FILL_AREA_STYLE_COLOUR ( '', #2936 ) ;
#2715 = AXIS2_PLACEMENT_3D ( 'NONE', #1402, #899, #5745 ) ;
#2716 = EDGE_CURVE ( 'NONE', #1861, #2105, #1586, .T. ) ;
#2717 = CARTESIAN_POINT ( 'NONE',  ( 4.767125327239031500, 4.254010373035235700, -6.200000000000001100 ) ) ;
#2718 = ORIENTED_EDGE ( 'NONE', *, *, #399, .T. ) ;
#2719 = SURFACE_STYLE_USAGE ( .BOTH. , #1830 ) ;
#2720 = DIRECTION ( 'NONE',  ( -0.0000000000000000000, 0.0000000000000000000, 1.000000000000000000 ) ) ;
#2721 =( GEOMETRIC_REPRESENTATION_CONTEXT ( 3 ) GLOBAL_UNCERTAINTY_ASSIGNED_CONTEXT ( ( #3912 ) ) GLOBAL_UNIT_ASSIGNED_CONTEXT ( ( #767, #3104, #1671 ) ) REPRESENTATION_CONTEXT ( 'NONE', 'WORKASPACE' ) );
#2722 = LINE ( 'NONE', #1375, #1958 ) ;
#2723 = EDGE_LOOP ( 'NONE', ( #6200, #4920, #2459, #3011, #3606, #2915, #2027 ) ) ;
#2724 = FACE_OUTER_BOUND ( 'NONE', #1348, .T. ) ;
#2725 = DIRECTION ( 'NONE',  ( -0.0000000000000000000, -1.000000000000000000, -0.0000000000000000000 ) ) ;
#2726 = CARTESIAN_POINT ( 'NONE',  ( 1.210000000000000200, 0.0000000000000000000, -4.769999999999999600 ) ) ;
#2727 = ADVANCED_FACE ( 'NONE', ( #2929, #433, #4396, #360 ), #1590, .F. ) ;
#2728 =( LENGTH_UNIT ( ) NAMED_UNIT ( * ) SI_UNIT ( .MILLI., .METRE. ) );
#2729 = LINE ( 'NONE', #3171, #1362 ) ;
#2730 =( NAMED_UNIT ( * ) SI_UNIT ( $, .STERADIAN. ) SOLID_ANGLE_UNIT ( ) );
#2731 = VERTEX_POINT ( 'NONE', #4941 ) ;
#2732 = LINE ( 'NONE', #1995, #3870 ) ;
#2733 = MECHANICAL_DESIGN_GEOMETRIC_PRESENTATION_REPRESENTATION (  '', ( #6 ), #781 ) ;
#2734 = FACE_OUTER_BOUND ( 'NONE', #3740, .T. ) ;
#2735 = EDGE_LOOP ( 'NONE', ( #4713, #1722, #6260, #1275 ) ) ;
#2736 = VECTOR ( 'NONE', #5954, 1000.000000000000000 ) ;
#2737 = CARTESIAN_POINT ( 'NONE',  ( 7.299999999999999800, 0.1999999999999996500, 0.0000000000000000000 ) ) ;
#2738 = CARTESIAN_POINT ( 'NONE',  ( 6.290000000000000000, 0.0000000000000000000, -4.769999999999999600 ) ) ;
#2739 = SURFACE_STYLE_USAGE ( .BOTH. , #4745 ) ;
#2740 = COLOUR_RGB ( '',0.8980392156862745400, 0.9215686274509803400, 0.9294117647058823800 ) ;
#2741 = LINE ( 'NONE', #3516, #3721 ) ;
#2742 = CARTESIAN_POINT ( 'NONE',  ( 0.8036416849884211500, 8.000000000000000000, -1.736020322378861500 ) ) ;
#2743 = LINE ( 'NONE', #3962, #1612 ) ;
#2744 = FILL_AREA_STYLE_COLOUR ( '', #5639 ) ;
#2745 = DIRECTION ( 'NONE',  ( 0.0000000000000000000, 0.0000000000000000000, -1.000000000000000000 ) ) ;
#2746 = UNCERTAINTY_MEASURE_WITH_UNIT (LENGTH_MEASURE( 1.000000000000000100E-005 ), #2252, 'distance_accuracy_value', 'NONE');
#2747 = STYLED_ITEM ( 'NONE', ( #216 ), #3770 ) ;
#2748 = AXIS2_PLACEMENT_3D ( 'NONE', #1556, #5435, #4952 ) ;
#2749 = FILL_AREA_STYLE_COLOUR ( '', #2981 ) ;
#2750 = DIRECTION ( 'NONE',  ( -0.9615454294334477800, 0.0000000000000000000, -0.2746459304916903400 ) ) ;
#2751 = ORIENTED_EDGE ( 'NONE', *, *, #6182, .F. ) ;
#2752 =( LENGTH_UNIT ( ) NAMED_UNIT ( * ) SI_UNIT ( .MILLI., .METRE. ) );
#2753 = CIRCLE ( 'NONE', #3321, 2.303069206569890800 ) ;
#2754 = ORIENTED_EDGE ( 'NONE', *, *, #2391, .T. ) ;
#2755 = EDGE_CURVE ( 'NONE', #2451, #861, #4707, .T. ) ;
#2756 =( LENGTH_UNIT ( ) NAMED_UNIT ( * ) SI_UNIT ( .MILLI., .METRE. ) );
#2757 = ADVANCED_FACE ( 'NONE', ( #4389 ), #3591, .F. ) ;
#2758 = EDGE_CURVE ( 'NONE', #4676, #46, #3378, .T. ) ;
#2759 = SURFACE_STYLE_USAGE ( .BOTH. , #3729 ) ;
#2760 = FACE_OUTER_BOUND ( 'NONE', #3506, .T. ) ;
#2761 = VERTEX_POINT ( 'NONE', #4589 ) ;
#2762 = CARTESIAN_POINT ( 'NONE',  ( 2.250000000000001800, 4.929470609902312900, -3.200000000000000200 ) ) ;
#2763 = CIRCLE ( 'NONE', #1497, 2.103069206569890200 ) ;
#2764 = EDGE_CURVE ( 'NONE', #841, #5766, #1502, .T. ) ;
#2765 = VERTEX_POINT ( 'NONE', #238 ) ;
#2766 = DIRECTION ( 'NONE',  ( 3.907430924870044500E-016, 0.0000000000000000000, 1.000000000000000000 ) ) ;
#2767 = ORIENTED_EDGE ( 'NONE', *, *, #4728, .T. ) ;
#2768 = EDGE_CURVE ( 'NONE', #6060, #3761, #1032, .T. ) ;
#2769 = CARTESIAN_POINT ( 'NONE',  ( 6.290000000000000000, -6.500000000000000000, -4.769999999999999600 ) ) ;
#2770 = SURFACE_SIDE_STYLE ('',( #5800 ) ) ;
#2771 = DIRECTION ( 'NONE',  ( 0.0000000000000000000, -1.000000000000000000, 0.0000000000000000000 ) ) ;
#2772 = ORIENTED_EDGE ( 'NONE', *, *, #4766, .F. ) ;
#2773 = ORIENTED_EDGE ( 'NONE', *, *, #112, .F. ) ;
#2774 = DIRECTION ( 'NONE',  ( 0.0000000000000000000, 0.0000000000000000000, -1.000000000000000000 ) ) ;
#2775 = EDGE_LOOP ( 'NONE', ( #1221, #1854, #5046, #108 ) ) ;
#2776 = PRESENTATION_STYLE_ASSIGNMENT (( #2021 ) ) ;
#2777 = COLOUR_RGB ( '',0.1019607843137254900, 0.1019607843137254900, 0.1019607843137254900 ) ;
#2778 = VERTEX_POINT ( 'NONE', #734 ) ;
#2779 = DIRECTION ( 'NONE',  ( 1.000000000000000000, -0.0000000000000000000, -0.0000000000000000000 ) ) ;
#2780 = PLANE ( 'NONE',  #3764 ) ;
#2781 = UNCERTAINTY_MEASURE_WITH_UNIT (LENGTH_MEASURE( 1.000000000000000100E-005 ), #4533, 'distance_accuracy_value', 'NONE');
#2782 = ORIENTED_EDGE ( 'NONE', *, *, #2382, .F. ) ;
#2783 = MECHANICAL_DESIGN_GEOMETRIC_PRESENTATION_REPRESENTATION (  '', ( #2455 ), #3965 ) ;
#2784 = DIRECTION ( 'NONE',  ( -1.000000000000000000, -0.0000000000000000000, -0.0000000000000000000 ) ) ;
#2785 = DIRECTION ( 'NONE',  ( -0.0000000000000000000, -0.0000000000000000000, 1.000000000000000000 ) ) ;
#2786 = TOROIDAL_SURFACE ( 'NONE', #4762, 2.103069206569890200, 0.2000000000000000100 ) ;
#2787 = ADVANCED_FACE ( 'NONE', ( #2925 ), #3614, .F. ) ;
#2788 = LINE ( 'NONE', #4611, #3457 ) ;
#2789 = EDGE_LOOP ( 'NONE', ( #5395, #5245, #1254, #3349 ) ) ;
#2790 = CARTESIAN_POINT ( 'NONE',  ( 1.241527841744380000, 8.000000000000000000, -4.806864571618342900 ) ) ;
#2791 =( NAMED_UNIT ( * ) PLANE_ANGLE_UNIT ( ) SI_UNIT ( $, .RADIAN. ) );
#2792 = MECHANICAL_DESIGN_GEOMETRIC_PRESENTATION_REPRESENTATION (  '', ( #1418 ), #5755 ) ;
#2793 = EDGE_LOOP ( 'NONE', ( #1023, #5614, #1189, #4751 ) ) ;
#2794 = EDGE_CURVE ( 'NONE', #5606, #4749, #1951, .T. ) ;
#2795 = CIRCLE ( 'NONE', #2146, 0.1999999999999999800 ) ;
#2796 = CARTESIAN_POINT ( 'NONE',  ( 1.241527841744380500, 8.005000000000000800, -2.876307305006477100 ) ) ;
#2797 = ORIENTED_EDGE ( 'NONE', *, *, #6048, .F. ) ;
#2798 = PLANE ( 'NONE',  #1685 ) ;
#2799 = ORIENTED_EDGE ( 'NONE', *, *, #6176, .T. ) ;
#2800 = FILL_AREA_STYLE_COLOUR ( '', #5559 ) ;
#2801 = EDGE_CURVE ( 'NONE', #3987, #4287, #2788, .T. ) ;
#2802 = AXIS2_PLACEMENT_3D ( 'NONE', #1427, #1949, #421 ) ;
#2803 = ADVANCED_FACE ( 'NONE', ( #571 ), #4626, .T. ) ;
#2804 =( GEOMETRIC_REPRESENTATION_CONTEXT ( 3 ) GLOBAL_UNCERTAINTY_ASSIGNED_CONTEXT ( ( #3070 ) ) GLOBAL_UNIT_ASSIGNED_CONTEXT ( ( #4471, #4968, #3496 ) ) REPRESENTATION_CONTEXT ( 'NONE', 'WORKASPACE' ) );
#2805 = PRESENTATION_STYLE_ASSIGNMENT (( #5764 ) ) ;
#2806 = ORIENTED_EDGE ( 'NONE', *, *, #6054, .T. ) ;
#2807 = CARTESIAN_POINT ( 'NONE',  ( 5.823554065593562300, 0.0000000000000000000, 0.0000000000000000000 ) ) ;
#2808 = FACE_OUTER_BOUND ( 'NONE', #3753, .T. ) ;
#2809 = FILL_AREA_STYLE ('',( #2343 ) ) ;
#2810 = ORIENTED_EDGE ( 'NONE', *, *, #3861, .F. ) ;
#2811 = STYLED_ITEM ( 'NONE', ( #3051 ), #6308 ) ;
#2812 = CARTESIAN_POINT ( 'NONE',  ( 4.050000000000003400, -0.8000000000000000400, -6.200000000000001100 ) ) ;
#2813 = LINE ( 'NONE', #4845, #5030 ) ;
#2814 = UNCERTAINTY_MEASURE_WITH_UNIT (LENGTH_MEASURE( 1.000000000000000100E-005 ), #2896, 'distance_accuracy_value', 'NONE');
#2815 = DIRECTION ( 'NONE',  ( -0.2740217765954056100, 0.0000000000000000000, 0.9617234872620600300 ) ) ;
#2816 = FACE_OUTER_BOUND ( 'NONE', #4565, .T. ) ;
#2817 = LINE ( 'NONE', #5658, #2438 ) ;
#2818 = ADVANCED_FACE ( 'NONE', ( #818 ), #4090, .T. ) ;
#2819 = STYLED_ITEM ( 'NONE', ( #2417 ), #2356 ) ;
#2820 = DIRECTION ( 'NONE',  ( 0.7083077534943990100, -0.0000000000000000000, 0.7059037656364483000 ) ) ;
#2821 = EDGE_LOOP ( 'NONE', ( #1028, #211, #1183, #1888 ) ) ;
#2822 = SURFACE_STYLE_FILL_AREA ( #1394 ) ;
#2823 = VECTOR ( 'NONE', #4628, 1000.000000000000100 ) ;
#2824 = FACE_OUTER_BOUND ( 'NONE', #2821, .T. ) ;
#2825 = SURFACE_SIDE_STYLE ('',( #4415 ) ) ;
#2826 = FILL_AREA_STYLE_COLOUR ( '', #1461 ) ;
#2827 = FILL_AREA_STYLE ('',( #6209 ) ) ;
#2828 = ORIENTED_EDGE ( 'NONE', *, *, #1754, .F. ) ;
#2829 = CARTESIAN_POINT ( 'NONE',  ( 0.5907798819868245200, 8.005000000000000800, -4.764231888689944400 ) ) ;
#2830 = DIRECTION ( 'NONE',  ( -8.210319413871509600E-016, 0.0000000000000000000, -1.000000000000000000 ) ) ;
#2831 = PRESENTATION_LAYER_ASSIGNMENT (  '', '', ( #2219 ) ) ;
#2832 = ORIENTED_EDGE ( 'NONE', *, *, #2509, .T. ) ;
#2833 = ADVANCED_FACE ( 'NONE', ( #2408 ), #1185, .F. ) ;
#2834 = ORIENTED_EDGE ( 'NONE', *, *, #5761, .T. ) ;
#2835 = CARTESIAN_POINT ( 'NONE',  ( 3.250000000000001300, -1.000000000000000000, -6.400000000000000400 ) ) ;
#2836 = FACE_OUTER_BOUND ( 'NONE', #2735, .T. ) ;
#2837 = EDGE_CURVE ( 'NONE', #3928, #3160, #1123, .T. ) ;
#2838 = DIRECTION ( 'NONE',  ( -1.000000000000000000, 0.0000000000000000000, 0.0000000000000000000 ) ) ;
#2839 = AXIS2_PLACEMENT_3D ( 'NONE', #2542, #1643, #1599 ) ;
#2840 = CIRCLE ( 'NONE', #4932, 2.303069206569890800 ) ;
#2841 = ORIENTED_EDGE ( 'NONE', *, *, #1367, .F. ) ;
#2842 = DIRECTION ( 'NONE',  ( 1.000000000000000000, 0.0000000000000000000, 0.0000000000000000000 ) ) ;
#2843 = CARTESIAN_POINT ( 'NONE',  ( 0.5885999409341159400, 8.000000000000000000, -4.149493416380924100 ) ) ;
#2844 = VECTOR ( 'NONE', #1725, 1000.000000000000000 ) ;
#2845 = COLOUR_RGB ( '',0.1019607843137254900, 0.1019607843137254900, 0.1019607843137254900 ) ;
#2846 = ORIENTED_EDGE ( 'NONE', *, *, #3069, .T. ) ;
#2847 =( GEOMETRIC_REPRESENTATION_CONTEXT ( 3 ) GLOBAL_UNCERTAINTY_ASSIGNED_CONTEXT ( ( #170 ) ) GLOBAL_UNIT_ASSIGNED_CONTEXT ( ( #570, #2685, #1613 ) ) REPRESENTATION_CONTEXT ( 'NONE', 'WORKASPACE' ) );
#2848 = FILL_AREA_STYLE ('',( #6277 ) ) ;
#2849 = CARTESIAN_POINT ( 'NONE',  ( 0.4350673547405130000, 8.005000000000000800, -2.835354329834380800 ) ) ;
#2850 = LINE ( 'NONE', #2829, #2696 ) ;
#2851 = ORIENTED_EDGE ( 'NONE', *, *, #4557, .T. ) ;
#2852 = PLANE ( 'NONE',  #2394 ) ;
#2853 = DIRECTION ( 'NONE',  ( -0.0000000000000000000, -1.000000000000000000, -0.0000000000000000000 ) ) ;
#2854 = UNCERTAINTY_MEASURE_WITH_UNIT (LENGTH_MEASURE( 1.000000000000000100E-005 ), #1302, 'distance_accuracy_value', 'NONE');
#2855 = FACE_OUTER_BOUND ( 'NONE', #885, .T. ) ;
#2856 = ORIENTED_EDGE ( 'NONE', *, *, #1721, .T. ) ;
#2857 = SURFACE_SIDE_STYLE ('',( #1141 ) ) ;
#2858 = ORIENTED_EDGE ( 'NONE', *, *, #3199, .F. ) ;
#2859 = DIRECTION ( 'NONE',  ( 0.0000000000000000000, 0.0000000000000000000, 1.000000000000000000 ) ) ;
#2860 =( GEOMETRIC_REPRESENTATION_CONTEXT ( 3 ) GLOBAL_UNCERTAINTY_ASSIGNED_CONTEXT ( ( #2998 ) ) GLOBAL_UNIT_ASSIGNED_CONTEXT ( ( #362, #5674, #890 ) ) REPRESENTATION_CONTEXT ( 'NONE', 'WORKASPACE' ) );
#2861 = CARTESIAN_POINT ( 'NONE',  ( 1.476445934406436700, 8.000000000000000000, 0.0000000000000000000 ) ) ;
#2862 = CARTESIAN_POINT ( 'NONE',  ( 0.0000000000000000000, 7.800000000000000700, -0.2000000000000000100 ) ) ;
#2863 = FACE_OUTER_BOUND ( 'NONE', #6144, .T. ) ;
#2864 = ORIENTED_EDGE ( 'NONE', *, *, #3855, .T. ) ;
#2865 = SURFACE_STYLE_FILL_AREA ( #4205 ) ;
#2866 = PRESENTATION_LAYER_ASSIGNMENT (  '', '', ( #4516 ) ) ;
#2867 = EDGE_CURVE ( 'NONE', #575, #5031, #5372, .T. ) ;
#2868 = ORIENTED_EDGE ( 'NONE', *, *, #179, .F. ) ;
#2869 = MECHANICAL_DESIGN_GEOMETRIC_PRESENTATION_REPRESENTATION (  '', ( #4559 ), #2348 ) ;
#2870 = EDGE_CURVE ( 'NONE', #2278, #2293, #5977, .T. ) ;
#2871 = FILL_AREA_STYLE ('',( #2371 ) ) ;
#2872 = EDGE_CURVE ( 'NONE', #1490, #352, #5225, .T. ) ;
#2873 = VECTOR ( 'NONE', #5329, 1000.000000000000000 ) ;
#2874 = VERTEX_POINT ( 'NONE', #2726 ) ;
#2875 = CARTESIAN_POINT ( 'NONE',  ( 0.4350673547405130000, 8.005000000000000800, -1.602943381662248500 ) ) ;
#2876 = MECHANICAL_DESIGN_GEOMETRIC_PRESENTATION_REPRESENTATION (  '', ( #2327 ), #5371 ) ;
#2877 = FILL_AREA_STYLE ('',( #1975 ) ) ;
#2878 = FACE_OUTER_BOUND ( 'NONE', #4500, .T. ) ;
#2879 = ORIENTED_EDGE ( 'NONE', *, *, #3728, .T. ) ;
#2880 = COLOUR_RGB ( '',0.1019607843137254900, 0.1019607843137254900, 0.1019607843137254900 ) ;
#2881 = COLOUR_RGB ( '',0.1019607843137254900, 0.1019607843137254900, 0.1019607843137254900 ) ;
#2882 = SURFACE_SIDE_STYLE ('',( #5836 ) ) ;
#2883 = SURFACE_SIDE_STYLE ('',( #6275 ) ) ;
#2884 = PRODUCT_RELATED_PRODUCT_CATEGORY ( 'part', '', ( #707 ) ) ;
#2885 = EDGE_CURVE ( 'NONE', #4421, #4867, #6249, .T. ) ;
#2886 = ADVANCED_FACE ( 'NONE', ( #2855 ), #5604, .F. ) ;
#2887 = CARTESIAN_POINT ( 'NONE',  ( 4.050000000000003400, -0.8000000000000000400, -6.200000000000001100 ) ) ;
#2888 = LINE ( 'NONE', #4610, #5335 ) ;
#2889 = LINE ( 'NONE', #2062, #1622 ) ;
#2890 = PRESENTATION_STYLE_ASSIGNMENT (( #5520 ) ) ;
#2891 = PRESENTATION_LAYER_ASSIGNMENT (  '', '', ( #3966 ) ) ;
#2892 = ORIENTED_EDGE ( 'NONE', *, *, #2009, .T. ) ;
#2893 = DIRECTION ( 'NONE',  ( -1.000000000000000000, 0.0000000000000000000, 0.0000000000000000000 ) ) ;
#2894 = SURFACE_STYLE_USAGE ( .BOTH. , #5311 ) ;
#2895 = CARTESIAN_POINT ( 'NONE',  ( 0.8876613702460888200, 8.000000000000000000, -4.063310954961972100 ) ) ;
#2896 =( LENGTH_UNIT ( ) NAMED_UNIT ( * ) SI_UNIT ( .MILLI., .METRE. ) );
#2897 = CARTESIAN_POINT ( 'NONE',  ( 2.250000000000001800, 3.012830513570802400, -4.180225025942714700 ) ) ;
#2898 = ORIENTED_EDGE ( 'NONE', *, *, #3848, .T. ) ;
#2899 = MECHANICAL_DESIGN_GEOMETRIC_PRESENTATION_REPRESENTATION (  '', ( #3559 ), #1076 ) ;
#2900 = DIRECTION ( 'NONE',  ( -0.9612861490927322400, -0.0000000000000000000, -0.2755520632520565600 ) ) ;
#2901 = MECHANICAL_DESIGN_GEOMETRIC_PRESENTATION_REPRESENTATION (  '', ( #3683 ), #5122 ) ;
#2902 = ORIENTED_EDGE ( 'NONE', *, *, #2556, .F. ) ;
#2903 = EDGE_CURVE ( 'NONE', #1820, #2906, #4006, .T. ) ;
#2904 = LINE ( 'NONE', #3316, #1635 ) ;
#2905 = ORIENTED_EDGE ( 'NONE', *, *, #3651, .F. ) ;
#2906 = VERTEX_POINT ( 'NONE', #3163 ) ;
#2907 = FILL_AREA_STYLE_COLOUR ( '', #3494 ) ;
#2908 = FACE_OUTER_BOUND ( 'NONE', #4207, .T. ) ;
#2909 = EDGE_CURVE ( 'NONE', #4176, #1855, #2634, .T. ) ;
#2910 = ORIENTED_EDGE ( 'NONE', *, *, #2600, .T. ) ;
#2911 = VERTEX_POINT ( 'NONE', #831 ) ;
#2912 = CARTESIAN_POINT ( 'NONE',  ( 1.088068819367284500, 8.005000000000000800, -4.006097923896482400 ) ) ;
#2913 = PRESENTATION_LAYER_ASSIGNMENT (  '', '', ( #5214 ) ) ;
#2914 = LINE ( 'NONE', #5033, #5881 ) ;
#2915 = ORIENTED_EDGE ( 'NONE', *, *, #3550, .F. ) ;
#2916 = ADVANCED_FACE ( 'NONE', ( #3843 ), #3715, .F. ) ;
#2917 = DIRECTION ( 'NONE',  ( 0.0000000000000000000, 0.0000000000000000000, -1.000000000000000000 ) ) ;
#2918 = DIRECTION ( 'NONE',  ( 0.0000000000000000000, 0.0000000000000000000, -1.000000000000000000 ) ) ;
#2919 = CIRCLE ( 'NONE', #1582, 0.2000000000000000100 ) ;
#2920 = EDGE_LOOP ( 'NONE', ( #5256, #2337, #4063, #1649, #5347, #6292, #2898, #5657, #2975, #5054, #5581, #2005, #5465, #867, #144, #1440, #5077, #152, #5293, #219, #1952, #3611, #4838 ) ) ;
#2921 = CARTESIAN_POINT ( 'NONE',  ( 5.250000000000001800, 3.068809709539726900, -2.219774974057284300 ) ) ;
#2922 = COLOUR_RGB ( '',0.1019607843137254900, 0.1019607843137254900, 0.1019607843137254900 ) ;
#2923 = CARTESIAN_POINT ( 'NONE',  ( 2.450000000000002000, 2.845415267842974500, -2.219774974057284300 ) ) ;
#2924 = MANIFOLD_SOLID_BREP ( 'Boss-Extrude5', #901 ) ;
#2925 = FACE_OUTER_BOUND ( 'NONE', #1195, .T. ) ;
#2926 = EDGE_LOOP ( 'NONE', ( #5733, #4266, #911, #3923 ) ) ;
#2927 =( GEOMETRIC_REPRESENTATION_CONTEXT ( 3 ) GLOBAL_UNCERTAINTY_ASSIGNED_CONTEXT ( ( #2781 ) ) GLOBAL_UNIT_ASSIGNED_CONTEXT ( ( #4533, #4594, #1686 ) ) REPRESENTATION_CONTEXT ( 'NONE', 'WORKASPACE' ) );
#2928 = CARTESIAN_POINT ( 'NONE',  ( 1.241527841744380200, 8.005000000000000800, -1.370874065910685500 ) ) ;
#2929 = FACE_BOUND ( 'NONE', #272, .T. ) ;
#2930 = ORIENTED_EDGE ( 'NONE', *, *, #5687, .F. ) ;
#2931 = DIRECTION ( 'NONE',  ( -1.000000000000000000, -0.0000000000000000000, 0.0000000000000000000 ) ) ;
#2932 = CARTESIAN_POINT ( 'NONE',  ( 1.241527841744380200, 8.005000000000000800, -1.917526775295209700 ) ) ;
#2933 = DIRECTION ( 'NONE',  ( 1.000000000000000000, 0.0000000000000000000, 0.0000000000000000000 ) ) ;
#2934 = AXIS2_PLACEMENT_3D ( 'NONE', #1506, #1989, #2481 ) ;
#2935 = CARTESIAN_POINT ( 'NONE',  ( 2.815717385235591700, 0.08284271247461866300, -6.400000000000000400 ) ) ;
#2936 = COLOUR_RGB ( '',0.1019607843137254900, 0.1019607843137254900, 0.1019607843137254900 ) ;
#2937 = ORIENTED_EDGE ( 'NONE', *, *, #1349, .T. ) ;
#2938 = DIRECTION ( 'NONE',  ( 1.000000000000000000, 0.0000000000000000000, 0.0000000000000000000 ) ) ;
#2939 = FILL_AREA_STYLE ('',( #5880 ) ) ;
#2940 = ORIENTED_EDGE ( 'NONE', *, *, #1542, .T. ) ;
#2941 = CARTESIAN_POINT ( 'NONE',  ( 4.567125327239032200, 0.1999999999999996500, -6.400000000000000400 ) ) ;
#2942 = EDGE_CURVE ( 'NONE', #1571, #18, #4548, .T. ) ;
#2943 = DIRECTION ( 'NONE',  ( 1.000000000000000000, 0.0000000000000000000, 0.0000000000000000000 ) ) ;
#2944 =( GEOMETRIC_REPRESENTATION_CONTEXT ( 3 ) GLOBAL_UNCERTAINTY_ASSIGNED_CONTEXT ( ( #4465 ) ) GLOBAL_UNIT_ASSIGNED_CONTEXT ( ( #3730, #6121, #5694 ) ) REPRESENTATION_CONTEXT ( 'NONE', 'WORKASPACE' ) );
#2945 = CARTESIAN_POINT ( 'NONE',  ( 5.050000000000002500, 4.929470609902312900, -0.8969307934301100600 ) ) ;
#2946 = VECTOR ( 'NONE', #1791, 1000.000000000000000 ) ;
#2947 = PRESENTATION_STYLE_ASSIGNMENT (( #6187 ) ) ;
#2948 = FACE_OUTER_BOUND ( 'NONE', #3549, .T. ) ;
#2949 = DIRECTION ( 'NONE',  ( 0.0000000000000000000, 0.0000000000000000000, 1.000000000000000000 ) ) ;
#2950 = FACE_OUTER_BOUND ( 'NONE', #6269, .T. ) ;
#2951 = VERTEX_POINT ( 'NONE', #4213 ) ;
#2952 = AXIS2_PLACEMENT_3D ( 'NONE', #458, #4790, #5728 ) ;
#2953 = VECTOR ( 'NONE', #4697, 999.9999999999998900 ) ;
#2954 = CARTESIAN_POINT ( 'NONE',  ( 5.050000000000002500, 4.929470609902312900, -3.200000000000000200 ) ) ;
#2955 = CARTESIAN_POINT ( 'NONE',  ( 0.7789732856829172400, 8.005000000000000800, -1.504362965284422100 ) ) ;
#2956 = UNCERTAINTY_MEASURE_WITH_UNIT (LENGTH_MEASURE( 1.000000000000000100E-005 ), #2752, 'distance_accuracy_value', 'NONE');
#2957 = VERTEX_POINT ( 'NONE', #4800 ) ;
#2958 = CARTESIAN_POINT ( 'NONE',  ( 4.250000000000001800, -1.000000000000000000, -0.1999999999999999800 ) ) ;
#2959 = LINE ( 'NONE', #3460, #1387 ) ;
#2960 = LINE ( 'NONE', #4755, #1237 ) ;
#2961 =( LENGTH_UNIT ( ) NAMED_UNIT ( * ) SI_UNIT ( .MILLI., .METRE. ) );
#2962 = CARTESIAN_POINT ( 'NONE',  ( 0.5885729675345048300, 8.005000000000000800, -2.424323869812436100 ) ) ;
#2963 = CARTESIAN_POINT ( 'NONE',  ( 5.823554065593563100, 0.0000000000000000000, -4.180225025942715600 ) ) ;
#2964 = ORIENTED_EDGE ( 'NONE', *, *, #1588, .F. ) ;
#2965 =( LENGTH_UNIT ( ) NAMED_UNIT ( * ) SI_UNIT ( .MILLI., .METRE. ) );
#2966 = AXIS2_PLACEMENT_3D ( 'NONE', #644, #1266, #4154 ) ;
#2967 = AXIS2_PLACEMENT_3D ( 'NONE', #4092, #3589, #4026 ) ;
#2968 = SURFACE_STYLE_FILL_AREA ( #273 ) ;
#2969 = ORIENTED_EDGE ( 'NONE', *, *, #3976, .F. ) ;
#2970 = ORIENTED_EDGE ( 'NONE', *, *, #5530, .F. ) ;
#2971 = ADVANCED_FACE ( 'NONE', ( #4383 ), #1817, .F. ) ;
#2972 = PLANE ( 'NONE',  #30 ) ;
#2973 = CARTESIAN_POINT ( 'NONE',  ( 0.2000000000000000100, 7.800000000000000700, 0.0000000000000000000 ) ) ;
#2974 = DIRECTION ( 'NONE',  ( 3.907430924870044500E-016, 0.0000000000000000000, -1.000000000000000000 ) ) ;
#2975 = ORIENTED_EDGE ( 'NONE', *, *, #1498, .T. ) ;
#2976 = STYLED_ITEM ( 'NONE', ( #1100 ), #4742 ) ;
#2977 = DIRECTION ( 'NONE',  ( -0.2745159998584187900, 0.0000000000000000000, 0.9615825319865855000 ) ) ;
#2978 = AXIS2_PLACEMENT_3D ( 'NONE', #5887, #3659, #1730 ) ;
#2979 = EDGE_CURVE ( 'NONE', #750, #214, #1946, .T. ) ;
#2980 =( NAMED_UNIT ( * ) SI_UNIT ( $, .STERADIAN. ) SOLID_ANGLE_UNIT ( ) );
#2981 = COLOUR_RGB ( '',0.1019607843137254900, 0.1019607843137254900, 0.1019607843137254900 ) ;
#2982 = PRESENTATION_STYLE_ASSIGNMENT (( #5621 ) ) ;
#2983 = ORIENTED_EDGE ( 'NONE', *, *, #5393, .F. ) ;
#2984 = SURFACE_SIDE_STYLE ('',( #3056 ) ) ;
#2985 = FACE_OUTER_BOUND ( 'NONE', #2609, .T. ) ;
#2986 = EDGE_CURVE ( 'NONE', #2003, #4760, #5814, .T. ) ;
#2987 = PRESENTATION_STYLE_ASSIGNMENT (( #5659 ) ) ;
#2988 = VERTEX_POINT ( 'NONE', #404 ) ;
#2989 =( GEOMETRIC_REPRESENTATION_CONTEXT ( 3 ) GLOBAL_UNCERTAINTY_ASSIGNED_CONTEXT ( ( #636 ) ) GLOBAL_UNIT_ASSIGNED_CONTEXT ( ( #6043, #3117, #5101 ) ) REPRESENTATION_CONTEXT ( 'NONE', 'WORKASPACE' ) );
#2990 =( BOUNDED_CURVE ( )  B_SPLINE_CURVE ( 3, ( #4539, #5915, #1624, #2549 ),
 .UNSPECIFIED., .F., .F. ) 
 B_SPLINE_CURVE_WITH_KNOTS ( ( 4, 4 ),
 ( 3.141592653589793100, 4.712388980384689700 ),
 .UNSPECIFIED. ) 
 CURVE ( )  GEOMETRIC_REPRESENTATION_ITEM ( )  RATIONAL_B_SPLINE_CURVE ( ( 1.000000000000000000, 0.8047378541243649400, 0.8047378541243649400, 1.000000000000000000 ) ) 
 REPRESENTATION_ITEM ( '' )  );
#2991 = CARTESIAN_POINT ( 'NONE',  ( 4.250000000000002700, -3.396082814621257100E-016, -6.317157287525380300 ) ) ;
#2992 = ORIENTED_EDGE ( 'NONE', *, *, #5964, .T. ) ;
#2993 = CARTESIAN_POINT ( 'NONE',  ( 0.5200997685186503600, 8.000000000000000000, -3.638053253117329100 ) ) ;
#2994 = CARTESIAN_POINT ( 'NONE',  ( 1.241527841744380200, 8.005000000000000800, -1.370874065910685500 ) ) ;
#2995 = EDGE_CURVE ( 'NONE', #4362, #1718, #6205, .T. ) ;
#2996 = VECTOR ( 'NONE', #946, 1000.000000000000000 ) ;
#2997 = PLANE ( 'NONE',  #3186 ) ;
#2998 = UNCERTAINTY_MEASURE_WITH_UNIT (LENGTH_MEASURE( 1.000000000000000100E-005 ), #362, 'distance_accuracy_value', 'NONE');
#2999 = COLOUR_RGB ( '',0.1019607843137254900, 0.1019607843137254900, 0.1019607843137254900 ) ;
#3000 = ORIENTED_EDGE ( 'NONE', *, *, #1631, .F. ) ;
#3001 = ADVANCED_FACE ( 'NONE', ( #3540 ), #2324, .T. ) ;
#3002 = FILL_AREA_STYLE ('',( #4999 ) ) ;
#3003 = DIRECTION ( 'NONE',  ( 0.0000000000000000000, -0.0000000000000000000, -1.000000000000000000 ) ) ;
#3004 = CARTESIAN_POINT ( 'NONE',  ( 5.250000000000001800, 4.254010373035233000, -6.400000000000000400 ) ) ;
#3005 = CARTESIAN_POINT ( 'NONE',  ( 2.250000000000001800, 4.254010373035235700, -2.219774974057284300 ) ) ;
#3006 = AXIS2_PLACEMENT_3D ( 'NONE', #4834, #936, #4341 ) ;
#3007 = ORIENTED_EDGE ( 'NONE', *, *, #2872, .F. ) ;
#3008 = VECTOR ( 'NONE', #6161, 1000.000000000000200 ) ;
#3009 = DIRECTION ( 'NONE',  ( -0.0000000000000000000, -1.000000000000000000, -0.0000000000000000000 ) ) ;
#3010 = DIRECTION ( 'NONE',  ( 1.000000000000000000, 0.0000000000000000000, 0.0000000000000000000 ) ) ;
#3011 = ORIENTED_EDGE ( 'NONE', *, *, #393, .F. ) ;
#3012 = DIRECTION ( 'NONE',  ( -0.05375259206910172600, 0.0000000000000000000, 0.9985542843760937300 ) ) ;
#3013 = CARTESIAN_POINT ( 'NONE',  ( 0.8876613702446638500, 8.000000000000000000, -2.684234636770967500 ) ) ;
#3014 = MECHANICAL_DESIGN_GEOMETRIC_PRESENTATION_REPRESENTATION (  '', ( #5524 ), #761 ) ;
#3015 = CARTESIAN_POINT ( 'NONE',  ( 2.250000000000001300, 2.845415267842973600, -2.219774974057287000 ) ) ;
#3016 = AXIS2_PLACEMENT_3D ( 'NONE', #5206, #2815, #4242 ) ;
#3017 = EDGE_CURVE ( 'NONE', #4757, #1947, #5072, .T. ) ;
#3018 = CARTESIAN_POINT ( 'NONE',  ( 0.5907974110767845200, 8.000000000000000000, -5.214709366609894500 ) ) ;
#3019 = SURFACE_SIDE_STYLE ('',( #3451 ) ) ;
#3020 = ORIENTED_EDGE ( 'NONE', *, *, #923, .T. ) ;
#3021 = VECTOR ( 'NONE', #40, 1000.000000000000000 ) ;
#3022 = ORIENTED_EDGE ( 'NONE', *, *, #5210, .T. ) ;
#3023 = EDGE_CURVE ( 'NONE', #2778, #4511, #5448, .T. ) ;
#3024 = CARTESIAN_POINT ( 'NONE',  ( 4.767125327239031500, 0.0000000000000000000, -6.400000000000000400 ) ) ;
#3025 = MECHANICAL_DESIGN_GEOMETRIC_PRESENTATION_REPRESENTATION (  '', ( #5885 ), #1867 ) ;
#3026 = STYLED_ITEM ( 'NONE', ( #2470 ), #4961 ) ;
#3027 = EDGE_LOOP ( 'NONE', ( #405, #1885, #4978, #3433 ) ) ;
#3028 = LINE ( 'NONE', #5741, #82 ) ;
#3029 =( NAMED_UNIT ( * ) SI_UNIT ( $, .STERADIAN. ) SOLID_ANGLE_UNIT ( ) );
#3030 = DIRECTION ( 'NONE',  ( 0.9619530280415749000, 0.0000000000000000000, 0.2732148821745347700 ) ) ;
#3031 = DIRECTION ( 'NONE',  ( 1.000000000000000000, -0.0000000000000000000, -0.0000000000000000000 ) ) ;
#3032 = CARTESIAN_POINT ( 'NONE',  ( 5.823554065593562300, -3.109130220291769000E-016, -6.317157287525380300 ) ) ;
#3033 = AXIS2_PLACEMENT_3D ( 'NONE', #1222, #1158, #4093 ) ;
#3034 = UNCERTAINTY_MEASURE_WITH_UNIT (LENGTH_MEASURE( 1.000000000000000100E-005 ), #4503, 'distance_accuracy_value', 'NONE');
#3035 = CARTESIAN_POINT ( 'NONE',  ( 4.767125327239030600, 0.0000000000000000000, -4.180225025942715600 ) ) ;
#3036 = EDGE_LOOP ( 'NONE', ( #3833, #3044, #1262, #4025 ) ) ;
#3037 =( NAMED_UNIT ( * ) PLANE_ANGLE_UNIT ( ) SI_UNIT ( $, .RADIAN. ) );
#3038 = CARTESIAN_POINT ( 'NONE',  ( 1.241527841744380200, 8.000000000000000000, -1.672147313927540500 ) ) ;
#3039 = ORIENTED_EDGE ( 'NONE', *, *, #5806, .T. ) ;
#3040 = DIRECTION ( 'NONE',  ( -4.182971413094637300E-016, -1.000000000000000000, 0.0000000000000000000 ) ) ;
#3041 = DIRECTION ( 'NONE',  ( 0.0000000000000000000, 0.0000000000000000000, 1.000000000000000000 ) ) ;
#3042 =( NAMED_UNIT ( * ) PLANE_ANGLE_UNIT ( ) SI_UNIT ( $, .RADIAN. ) );
#3043 = ORIENTED_EDGE ( 'NONE', *, *, #5625, .T. ) ;
#3044 = ORIENTED_EDGE ( 'NONE', *, *, #435, .F. ) ;
#3045 =( NAMED_UNIT ( * ) SI_UNIT ( $, .STERADIAN. ) SOLID_ANGLE_UNIT ( ) );
#3046 =( GEOMETRIC_REPRESENTATION_CONTEXT ( 3 ) GLOBAL_UNCERTAINTY_ASSIGNED_CONTEXT ( ( #5704 ) ) GLOBAL_UNIT_ASSIGNED_CONTEXT ( ( #5453, #4011, #3029 ) ) REPRESENTATION_CONTEXT ( 'NONE', 'WORKASPACE' ) );
#3047 = STYLED_ITEM ( 'NONE', ( #5959 ), #755 ) ;
#3048 = DIRECTION ( 'NONE',  ( -0.9601763114327607200, 0.0000000000000000000, -0.2793947940878249200 ) ) ;
#3049 =( LENGTH_UNIT ( ) NAMED_UNIT ( * ) SI_UNIT ( .MILLI., .METRE. ) );
#3050 = VECTOR ( 'NONE', #2440, 1000.000000000000000 ) ;
#3051 = PRESENTATION_STYLE_ASSIGNMENT (( #6169 ) ) ;
#3052 = LINE ( 'NONE', #464, #1792 ) ;
#3053 = VERTEX_POINT ( 'NONE', #1856 ) ;
#3054 =( LENGTH_UNIT ( ) NAMED_UNIT ( * ) SI_UNIT ( .MILLI., .METRE. ) );
#3055 = DIRECTION ( 'NONE',  ( -1.000000000000000000, 0.0000000000000000000, -1.355252715606880500E-016 ) ) ;
#3056 = SURFACE_STYLE_FILL_AREA ( #4962 ) ;
#3057 = DIRECTION ( 'NONE',  ( 0.0000000000000000000, 1.000000000000000000, 0.0000000000000000000 ) ) ;
#3058 = SURFACE_STYLE_FILL_AREA ( #5271 ) ;
#3059 = EDGE_CURVE ( 'NONE', #1269, #183, #2712, .T. ) ;
#3060 = ORIENTED_EDGE ( 'NONE', *, *, #3059, .T. ) ;
#3061 = DIRECTION ( 'NONE',  ( -0.0000000000000000000, -1.000000000000000000, -0.0000000000000000000 ) ) ;
#3062 = AXIS2_PLACEMENT_3D ( 'NONE', #2875, #62, #3864 ) ;
#3063 = EDGE_CURVE ( 'NONE', #1652, #1021, #4159, .T. ) ;
#3064 = CARTESIAN_POINT ( 'NONE',  ( 3.332842712474620500, 0.08284271247461876000, 1.166849427962637700E-016 ) ) ;
#3065 = VECTOR ( 'NONE', #1481, 1000.000000000000000 ) ;
#3066 = CARTESIAN_POINT ( 'NONE',  ( 1.241527841744380200, 8.000000000000000000, -3.732872106417935300 ) ) ;
#3067 = COLOUR_RGB ( '',0.8980392156862745400, 0.9215686274509803400, 0.9294117647058823800 ) ;
#3068 = ORIENTED_EDGE ( 'NONE', *, *, #2681, .T. ) ;
#3069 = EDGE_CURVE ( 'NONE', #4851, #2184, #1118, .T. ) ;
#3070 = UNCERTAINTY_MEASURE_WITH_UNIT (LENGTH_MEASURE( 1.000000000000000100E-005 ), #4471, 'distance_accuracy_value', 'NONE');
#3071 = DIRECTION ( 'NONE',  ( -1.000000000000000000, 0.0000000000000000000, 8.210319413871508600E-016 ) ) ;
#3072 = MECHANICAL_DESIGN_GEOMETRIC_PRESENTATION_REPRESENTATION (  '', ( #1270 ), #484 ) ;
#3073 = VECTOR ( 'NONE', #2088, 1000.000000000000000 ) ;
#3074 = ORIENTED_EDGE ( 'NONE', *, *, #312, .F. ) ;
#3075 = CARTESIAN_POINT ( 'NONE',  ( 2.732874672760973000, 0.0000000000000000000, -6.400000000000000400 ) ) ;
#3076 = FILL_AREA_STYLE_COLOUR ( '', #25 ) ;
#3077 = CIRCLE ( 'NONE', #3671, 0.1999999999999996500 ) ;
#3078 = DIRECTION ( 'NONE',  ( -1.000000000000000000, -0.0000000000000000000, 0.0000000000000000000 ) ) ;
#3079 = LINE ( 'NONE', #2742, #3008 ) ;
#3080 = CARTESIAN_POINT ( 'NONE',  ( 0.5907798819880760700, 8.000000000000000000, -4.993907927677670800 ) ) ;
#3081 = DIRECTION ( 'NONE',  ( 0.0000000000000000000, 0.0000000000000000000, -1.000000000000000000 ) ) ;
#3082 = ORIENTED_EDGE ( 'NONE', *, *, #5442, .T. ) ;
#3083 = DIRECTION ( 'NONE',  ( -1.000000000000000000, -0.0000000000000000000, -0.0000000000000000000 ) ) ;
#3084 = DIRECTION ( 'NONE',  ( -1.000000000000000000, 0.0000000000000000000, 0.0000000000000000000 ) ) ;
#3085 = CARTESIAN_POINT ( 'NONE',  ( 6.290000000000000000, 0.0000000000000000000, -4.469999999999999800 ) ) ;
#3086 = PRESENTATION_LAYER_ASSIGNMENT (  '', '', ( #5907 ) ) ;
#3087 = EDGE_CURVE ( 'NONE', #4793, #3867, #5145, .T. ) ;
#3088 = PLANE ( 'NONE',  #149 ) ;
#3089 = VERTEX_POINT ( 'NONE', #1434 ) ;
#3090 = PLANE ( 'NONE',  #463 ) ;
#3091 = SURFACE_SIDE_STYLE ('',( #3116 ) ) ;
#3092 = SURFACE_SIDE_STYLE ('',( #201 ) ) ;
#3093 = VECTOR ( 'NONE', #4344, 1000.000000000000000 ) ;
#3094 = ORIENTED_EDGE ( 'NONE', *, *, #3063, .F. ) ;
#3095 = LINE ( 'NONE', #459, #4031 ) ;
#3096 = PRESENTATION_STYLE_ASSIGNMENT (( #3755 ) ) ;
#3097 = PRESENTATION_LAYER_ASSIGNMENT (  '', '', ( #5524 ) ) ;
#3098 = EDGE_CURVE ( 'NONE', #5875, #2951, #4461, .T. ) ;
#3099 =( GEOMETRIC_REPRESENTATION_CONTEXT ( 3 ) GLOBAL_UNCERTAINTY_ASSIGNED_CONTEXT ( ( #3475 ) ) GLOBAL_UNIT_ASSIGNED_CONTEXT ( ( #5707, #2312, #1886 ) ) REPRESENTATION_CONTEXT ( 'NONE', 'WORKASPACE' ) );
#3100 = EDGE_CURVE ( 'NONE', #4121, #2765, #5515, .T. ) ;
#3101 = CARTESIAN_POINT ( 'NONE',  ( 0.7386014640062313900, 8.000000000000000000, -4.451933876929233600 ) ) ;
#3102 = CARTESIAN_POINT ( 'NONE',  ( 6.290000000000000000, 0.0000000000000000000, -1.930000000000000400 ) ) ;
#3103 = PRESENTATION_STYLE_ASSIGNMENT (( #5662 ) ) ;
#3104 =( NAMED_UNIT ( * ) PLANE_ANGLE_UNIT ( ) SI_UNIT ( $, .RADIAN. ) );
#3105 = COLOUR_RGB ( '',0.1019607843137254900, 0.1019607843137254900, 0.1019607843137254900 ) ;
#3106 = CARTESIAN_POINT ( 'NONE',  ( 2.932874672760972700, 0.1999999999999996500, 0.0000000000000000000 ) ) ;
#3107 = EDGE_CURVE ( 'NONE', #802, #4441, #3837, .T. ) ;
#3108 =( NAMED_UNIT ( * ) SI_UNIT ( $, .STERADIAN. ) SOLID_ANGLE_UNIT ( ) );
#3109 = CARTESIAN_POINT ( 'NONE',  ( 5.250000000000001800, 4.929470609902312900, -3.200000000000000200 ) ) ;
#3110 = AXIS2_PLACEMENT_3D ( 'NONE', #3442, #2931, #5408 ) ;
#3111 = FACE_OUTER_BOUND ( 'NONE', #5809, .T. ) ;
#3112 = LINE ( 'NONE', #2025, #5491 ) ;
#3113 = DIRECTION ( 'NONE',  ( 0.2762033010252509800, 0.0000000000000000000, -0.9610992334315716600 ) ) ;
#3114 = ORIENTED_EDGE ( 'NONE', *, *, #4320, .F. ) ;
#3115 = DIRECTION ( 'NONE',  ( 1.000000000000000000, 0.0000000000000000000, 0.0000000000000000000 ) ) ;
#3116 = SURFACE_STYLE_FILL_AREA ( #1687 ) ;
#3117 =( NAMED_UNIT ( * ) PLANE_ANGLE_UNIT ( ) SI_UNIT ( $, .RADIAN. ) );
#3118 = VECTOR ( 'NONE', #1423, 1000.000000000000000 ) ;
#3119 = ORIENTED_EDGE ( 'NONE', *, *, #934, .T. ) ;
#3120 = PRODUCT_DEFINITION_FORMATION_WITH_SPECIFIED_SOURCE ( 'ANY', '', #707, .NOT_KNOWN. ) ;
#3121 = EDGE_CURVE ( 'NONE', #3743, #188, #4620, .T. ) ;
#3122 = FILL_AREA_STYLE ('',( #723 ) ) ;
#3123 = ADVANCED_FACE ( 'NONE', ( #5967 ), #1873, .T. ) ;
#3124 = EDGE_LOOP ( 'NONE', ( #92, #4012, #3323, #6076 ) ) ;
#3125 = CARTESIAN_POINT ( 'NONE',  ( 0.0000000000000000000, 0.1999999999999996500, -6.200000000000001100 ) ) ;
#3126 = LINE ( 'NONE', #4283, #1400 ) ;
#3127 = EDGE_LOOP ( 'NONE', ( #512, #4637, #1337, #1318 ) ) ;
#3128 = DIRECTION ( 'NONE',  ( 0.0000000000000000000, 1.000000000000000000, 0.0000000000000000000 ) ) ;
#3129 = ORIENTED_EDGE ( 'NONE', *, *, #3389, .T. ) ;
#3130 = CARTESIAN_POINT ( 'NONE',  ( 0.8876613702460888200, 8.000000000000000000, -4.409350236543373200 ) ) ;
#3131 = AXIS2_PLACEMENT_3D ( 'NONE', #2887, #1001, #4321 ) ;
#3132 = ORIENTED_EDGE ( 'NONE', *, *, #2562, .T. ) ;
#3133 =( NAMED_UNIT ( * ) PLANE_ANGLE_UNIT ( ) SI_UNIT ( $, .RADIAN. ) );
#3134 = SURFACE_STYLE_FILL_AREA ( #4494 ) ;
#3135 = ORIENTED_EDGE ( 'NONE', *, *, #1623, .F. ) ;
#3136 = DIRECTION ( 'NONE',  ( -0.9999891854649966000, 0.0000000000000000000, -0.004650693824870177400 ) ) ;
#3137 = CARTESIAN_POINT ( 'NONE',  ( 0.7385744906061866300, 8.005000000000000800, -2.380676006235239700 ) ) ;
#3138 = ORIENTED_EDGE ( 'NONE', *, *, #5649, .T. ) ;
#3139 = ORIENTED_EDGE ( 'NONE', *, *, #2837, .F. ) ;
#3140 =( LENGTH_UNIT ( ) NAMED_UNIT ( * ) SI_UNIT ( .MILLI., .METRE. ) );
#3141 = VECTOR ( 'NONE', #176, 1000.000000000000000 ) ;
#3142 = CARTESIAN_POINT ( 'NONE',  ( 4.767125327239031500, 0.0000000000000000000, -0.2000000000000000900 ) ) ;
#3143 = FACE_OUTER_BOUND ( 'NONE', #713, .T. ) ;
#3144 = ORIENTED_EDGE ( 'NONE', *, *, #3580, .T. ) ;
#3145 = AXIS2_PLACEMENT_3D ( 'NONE', #1538, #3933, #3383 ) ;
#3146 = CARTESIAN_POINT ( 'NONE',  ( 4.767125327239031500, 4.254010373035234800, -0.9982095379755290300 ) ) ;
#3147 = CARTESIAN_POINT ( 'NONE',  ( 0.0000000000000000000, 7.800000000000000700, -6.200000000000001100 ) ) ;
#3148 = EDGE_CURVE ( 'NONE', #861, #412, #806, .T. ) ;
#3149 = ORIENTED_EDGE ( 'NONE', *, *, #6217, .T. ) ;
#3150 = PRODUCT_DEFINITION_SHAPE ( 'NONE', 'NONE',  #6280 ) ;
#3151 = CIRCLE ( 'NONE', #3518, 0.1999999999999996500 ) ;
#3152 = SURFACE_SIDE_STYLE ('',( #4357 ) ) ;
#3153 =( NAMED_UNIT ( * ) PLANE_ANGLE_UNIT ( ) SI_UNIT ( $, .RADIAN. ) );
#3154 = DIRECTION ( 'NONE',  ( 0.0000000000000000000, -1.000000000000000000, 0.0000000000000000000 ) ) ;
#3155 = FILL_AREA_STYLE_COLOUR ( '', #5183 ) ;
#3156 = LINE ( 'NONE', #4420, #48 ) ;
#3157 = EDGE_CURVE ( 'NONE', #3814, #124, #132, .T. ) ;
#3158 = DIRECTION ( 'NONE',  ( -4.182971413094637300E-016, -1.000000000000000000, 0.0000000000000000000 ) ) ;
#3159 = MECHANICAL_DESIGN_GEOMETRIC_PRESENTATION_REPRESENTATION (  '', ( #2194 ), #5326 ) ;
#3160 = VERTEX_POINT ( 'NONE', #4331 ) ;
#3161 = AXIS2_PLACEMENT_3D ( 'NONE', #3653, #3164, #3592 ) ;
#3162 = CARTESIAN_POINT ( 'NONE',  ( 1.210000000000000200, -6.500000000000000000, -4.469999999999999800 ) ) ;
#3163 = CARTESIAN_POINT ( 'NONE',  ( 0.7789732856829172400, 8.000000000000000000, -1.504362965284422100 ) ) ;
#3164 = DIRECTION ( 'NONE',  ( 0.0000000000000000000, -1.000000000000000000, 0.0000000000000000000 ) ) ;
#3165 = VECTOR ( 'NONE', #3794, 1000.000000000000000 ) ;
#3166 = ADVANCED_FACE ( 'NONE', ( #5005 ), #5605, .T. ) ;
#3167 = SURFACE_STYLE_FILL_AREA ( #3502 ) ;
#3168 = ORIENTED_EDGE ( 'NONE', *, *, #6301, .F. ) ;
#3169 = PLANE ( 'NONE',  #3253 ) ;
#3170 = PLANE ( 'NONE',  #4255 ) ;
#3171 = CARTESIAN_POINT ( 'NONE',  ( 0.4350673547405129500, 8.005000000000000800, -3.867680249561948400 ) ) ;
#3172 = EDGE_LOOP ( 'NONE', ( #2782, #1923, #4655 ) ) ;
#3173 = CARTESIAN_POINT ( 'NONE',  ( 1.676445934406437500, -3.794707603699265500E-016, -6.317157287525380300 ) ) ;
#3174 = DIRECTION ( 'NONE',  ( 0.0000000000000000000, 0.0000000000000000000, 1.000000000000000000 ) ) ;
#3175 = COLOUR_RGB ( '',0.1019607843137254900, 0.1019607843137254900, 0.1019607843137254900 ) ;
#3176 = VERTEX_POINT ( 'NONE', #4472 ) ;
#3177 = VECTOR ( 'NONE', #5630, 1000.000000000000000 ) ;
#3178 = DIRECTION ( 'NONE',  ( 0.0000000000000000000, 0.0000000000000000000, -1.000000000000000000 ) ) ;
#3179 = SURFACE_SIDE_STYLE ('',( #6087 ) ) ;
#3180 = VERTEX_POINT ( 'NONE', #3972 ) ;
#3181 = VERTEX_POINT ( 'NONE', #3995 ) ;
#3182 =( LENGTH_UNIT ( ) NAMED_UNIT ( * ) SI_UNIT ( .MILLI., .METRE. ) );
#3183 = DIRECTION ( 'NONE',  ( 2.360789866322422700E-016, 0.0000000000000000000, -1.000000000000000000 ) ) ;
#3184 = SURFACE_SIDE_STYLE ('',( #4994 ) ) ;
#3185 = SURFACE_STYLE_FILL_AREA ( #1616 ) ;
#3186 = AXIS2_PLACEMENT_3D ( 'NONE', #1084, #5509, #586 ) ;
#3187 = AXIS2_PLACEMENT_3D ( 'NONE', #4778, #341, #1875 ) ;
#3188 = SURFACE_STYLE_USAGE ( .BOTH. , #5629 ) ;
#3189 = EDGE_LOOP ( 'NONE', ( #3082, #6196, #3680, #4769 ) ) ;
#3190 = FILL_AREA_STYLE_COLOUR ( '', #3175 ) ;
#3191 = LINE ( 'NONE', #5611, #2436 ) ;
#3192 = AXIS2_PLACEMENT_3D ( 'NONE', #1968, #1469, #4374 ) ;
#3193 = ORIENTED_EDGE ( 'NONE', *, *, #312, .T. ) ;
#3194 = EDGE_CURVE ( 'NONE', #2451, #1269, #2706, .T. ) ;
#3195 = FILL_AREA_STYLE ('',( #3218 ) ) ;
#3196 = PRESENTATION_LAYER_ASSIGNMENT (  '', '', ( #5797 ) ) ;
#3197 = PRESENTATION_STYLE_ASSIGNMENT (( #4546 ) ) ;
#3198 = ADVANCED_FACE ( 'NONE', ( #2183 ), #3473, .F. ) ;
#3199 = EDGE_CURVE ( 'NONE', #4198, #1732, #2507, .T. ) ;
#3200 = DIRECTION ( 'NONE',  ( 0.9611542233435371700, 0.0000000000000000000, 0.2760118818980114000 ) ) ;
#3201 = FACE_OUTER_BOUND ( 'NONE', #96, .T. ) ;
#3202 = LINE ( 'NONE', #4032, #1915 ) ;
#3203 = FILL_AREA_STYLE_COLOUR ( '', #3960 ) ;
#3204 = ORIENTED_EDGE ( 'NONE', *, *, #769, .T. ) ;
#3205 = EDGE_CURVE ( 'NONE', #4007, #1831, #4768, .T. ) ;
#3206 = DIRECTION ( 'NONE',  ( -0.0000000000000000000, -1.000000000000000000, -0.0000000000000000000 ) ) ;
#3207 =( NAMED_UNIT ( * ) PLANE_ANGLE_UNIT ( ) SI_UNIT ( $, .RADIAN. ) );
#3208 = MECHANICAL_DESIGN_GEOMETRIC_PRESENTATION_REPRESENTATION (  '', ( #4617 ), #2989 ) ;
#3209 = UNCERTAINTY_MEASURE_WITH_UNIT (LENGTH_MEASURE( 1.000000000000000100E-005 ), #6039, 'distance_accuracy_value', 'NONE');
#3210 =( NAMED_UNIT ( * ) PLANE_ANGLE_UNIT ( ) SI_UNIT ( $, .RADIAN. ) );
#3211 = SURFACE_STYLE_USAGE ( .BOTH. , #779 ) ;
#3212 = ORIENTED_EDGE ( 'NONE', *, *, #3023, .T. ) ;
#3213 = SURFACE_STYLE_USAGE ( .BOTH. , #4618 ) ;
#3214 = ORIENTED_EDGE ( 'NONE', *, *, #147, .T. ) ;
#3215 = MECHANICAL_DESIGN_GEOMETRIC_PRESENTATION_REPRESENTATION (  '', ( #3824 ), #3874 ) ;
#3216 = EDGE_CURVE ( 'NONE', #3160, #2012, #2177, .T. ) ;
#3217 = EDGE_LOOP ( 'NONE', ( #5421, #2178 ) ) ;
#3218 = FILL_AREA_STYLE_COLOUR ( '', #4058 ) ;
#3219 = DIRECTION ( 'NONE',  ( 0.0000000000000000000, 0.0000000000000000000, -1.000000000000000000 ) ) ;
#3220 = CIRCLE ( 'NONE', #1948, 0.2999999999999999300 ) ;
#3221 = ORIENTED_EDGE ( 'NONE', *, *, #2597, .T. ) ;
#3222 = CARTESIAN_POINT ( 'NONE',  ( 0.4350673547405127200, 8.005000000000000800, -5.259463492025189700 ) ) ;
#3223 =( GEOMETRIC_REPRESENTATION_CONTEXT ( 3 ) GLOBAL_UNCERTAINTY_ASSIGNED_CONTEXT ( ( #3993 ) ) GLOBAL_UNIT_ASSIGNED_CONTEXT ( ( #3648, #2695, #679 ) ) REPRESENTATION_CONTEXT ( 'NONE', 'WORKASPACE' ) );
#3224 = CARTESIAN_POINT ( 'NONE',  ( 0.5885999409341159400, 8.000000000000000000, -4.149493416380924100 ) ) ;
#3225 = LINE ( 'NONE', #3004, #4075 ) ;
#3226 = DIRECTION ( 'NONE',  ( -0.9985542843760937300, 0.0000000000000000000, -0.05375259206910171900 ) ) ;
#3227 = FILL_AREA_STYLE_COLOUR ( '', #3233 ) ;
#3228 = LINE ( 'NONE', #4933, #4224 ) ;
#3229 = VERTEX_POINT ( 'NONE', #5504 ) ;
#3230 = SURFACE_STYLE_USAGE ( .BOTH. , #1818 ) ;
#3231 = CARTESIAN_POINT ( 'NONE',  ( 1.241527841744380000, 8.005000000000000800, -4.577134585831736000 ) ) ;
#3232 = PRESENTATION_LAYER_ASSIGNMENT (  '', '', ( #503 ) ) ;
#3233 = COLOUR_RGB ( '',0.7921568627450980000, 0.8196078431372548800, 0.9333333333333333500 ) ;
#3234 = EDGE_CURVE ( 'NONE', #1964, #3624, #1104, .T. ) ;
#3235 = VERTEX_POINT ( 'NONE', #4446 ) ;
#3236 =( GEOMETRIC_REPRESENTATION_CONTEXT ( 3 ) GLOBAL_UNCERTAINTY_ASSIGNED_CONTEXT ( ( #2358 ) ) GLOBAL_UNIT_ASSIGNED_CONTEXT ( ( #2965, #552, #4505 ) ) REPRESENTATION_CONTEXT ( 'NONE', 'WORKASPACE' ) );
#3237 = EDGE_CURVE ( 'NONE', #158, #1964, #5242, .T. ) ;
#3238 = CARTESIAN_POINT ( 'NONE',  ( 6.290000000000000000, 0.0000000000000000000, -1.930000000000000400 ) ) ;
#3239 = VERTEX_POINT ( 'NONE', #2993 ) ;
#3240 = DIRECTION ( 'NONE',  ( 0.0000000000000000000, 0.0000000000000000000, -1.000000000000000000 ) ) ;
#3241 = EDGE_CURVE ( 'NONE', #5312, #1850, #1489, .T. ) ;
#3242 =( NAMED_UNIT ( * ) PLANE_ANGLE_UNIT ( ) SI_UNIT ( $, .RADIAN. ) );
#3243 = AXIS2_PLACEMENT_3D ( 'NONE', #185, #670, #3030 ) ;
#3244 = UNCERTAINTY_MEASURE_WITH_UNIT (LENGTH_MEASURE( 1.000000000000000100E-005 ), #440, 'distance_accuracy_value', 'NONE');
#3245 = LINE ( 'NONE', #5640, #3461 ) ;
#3246 = AXIS2_PLACEMENT_3D ( 'NONE', #665, #1290, #1393 ) ;
#3247 = LINE ( 'NONE', #2168, #666 ) ;
#3248 = ORIENTED_EDGE ( 'NONE', *, *, #276, .F. ) ;
#3249 = SURFACE_STYLE_USAGE ( .BOTH. , #2277 ) ;
#3250 = LINE ( 'NONE', #255, #5686 ) ;
#3251 = CARTESIAN_POINT ( 'NONE',  ( 2.450000000000002000, 2.845415267842974500, -2.219774974057284300 ) ) ;
#3252 = VERTEX_POINT ( 'NONE', #747 ) ;
#3253 = AXIS2_PLACEMENT_3D ( 'NONE', #4029, #241, #4483 ) ;
#3254 = EDGE_CURVE ( 'NONE', #1020, #5669, #1651, .T. ) ;
#3255 = ORIENTED_EDGE ( 'NONE', *, *, #435, .T. ) ;
#3256 = ORIENTED_EDGE ( 'NONE', *, *, #2103, .F. ) ;
#3257 = PRESENTATION_STYLE_ASSIGNMENT (( #3578 ) ) ;
#3258 = CARTESIAN_POINT ( 'NONE',  ( 1.241527841744380000, 8.005000000000000800, -4.806864571618342900 ) ) ;
#3259 = ADVANCED_FACE ( 'NONE', ( #4615 ), #3990, .T. ) ;
#3260 = FILL_AREA_STYLE ('',( #1360 ) ) ;
#3261 = STYLED_ITEM ( 'NONE', ( #2271 ), #2386 ) ;
#3262 = ORIENTED_EDGE ( 'NONE', *, *, #6301, .T. ) ;
#3263 = VECTOR ( 'NONE', #3265, 1000.000000000000000 ) ;
#3264 =( LENGTH_UNIT ( ) NAMED_UNIT ( * ) SI_UNIT ( .MILLI., .METRE. ) );
#3265 = DIRECTION ( 'NONE',  ( -0.9610674221107388100, 0.0000000000000000000, -0.2763139702538020500 ) ) ;
#3266 = CARTESIAN_POINT ( 'NONE',  ( 0.8876613702460888200, 8.005000000000000800, -4.409350236543372300 ) ) ;
#3267 =( LENGTH_UNIT ( ) NAMED_UNIT ( * ) SI_UNIT ( .MILLI., .METRE. ) );
#3268 = LINE ( 'NONE', #3331, #3093 ) ;
#3269 = VECTOR ( 'NONE', #1088, 1000.000000000000000 ) ;
#3270 = AXIS2_PLACEMENT_3D ( 'NONE', #5495, #2143, #5007 ) ;
#3271 = DIRECTION ( 'NONE',  ( 1.000000000000000000, -0.0000000000000000000, -0.0000000000000000000 ) ) ;
#3272 = CARTESIAN_POINT ( 'NONE',  ( 0.0000000000000000000, 7.800000000000000700, 0.0000000000000000000 ) ) ;
#3273 = FACE_OUTER_BOUND ( 'NONE', #1681, .T. ) ;
#3274 = ADVANCED_FACE ( 'NONE', ( #2628 ), #3760, .T. ) ;
#3275 = DIRECTION ( 'NONE',  ( -2.360789866322422700E-016, -0.0000000000000000000, 1.000000000000000000 ) ) ;
#3276 = COLOUR_RGB ( '',0.1019607843137254900, 0.1019607843137254900, 0.1019607843137254900 ) ;
#3277 = EDGE_CURVE ( 'NONE', #3916, #1765, #2543, .T. ) ;
#3278 = DIRECTION ( 'NONE',  ( -0.9615825319865853900, 0.0000000000000000000, -0.2745159998584187400 ) ) ;
#3279 = DIRECTION ( 'NONE',  ( -1.000000000000000000, 0.0000000000000000000, 0.0000000000000000000 ) ) ;
#3280 = ORIENTED_EDGE ( 'NONE', *, *, #5487, .T. ) ;
#3281 = DIRECTION ( 'NONE',  ( 0.9610876102173480100, 0.0000000000000000000, 0.2762437428915032700 ) ) ;
#3282 = EDGE_LOOP ( 'NONE', ( #572, #2651, #1397, #4648 ) ) ;
#3283 = CARTESIAN_POINT ( 'NONE',  ( 1.676445934406437100, 4.254010373035233900, -2.219774974057285200 ) ) ;
#3284 = VECTOR ( 'NONE', #5146, 1000.000000000000000 ) ;
#3285 = CARTESIAN_POINT ( 'NONE',  ( 5.250000000000001800, 3.068809709539726900, -4.180225025942715600 ) ) ;
#3286 = ORIENTED_EDGE ( 'NONE', *, *, #5318, .T. ) ;
#3287 = EDGE_CURVE ( 'NONE', #1916, #5305, #3679, .T. ) ;
#3288 = STYLED_ITEM ( 'NONE', ( #6109 ), #5410 ) ;
#3289 = ADVANCED_FACE ( 'NONE', ( #4850 ), #5105, .F. ) ;
#3290 = VECTOR ( 'NONE', #5594, 1000.000000000000000 ) ;
#3291 = FACE_OUTER_BOUND ( 'NONE', #651, .T. ) ;
#3292 = ORIENTED_EDGE ( 'NONE', *, *, #5125, .F. ) ;
#3293 = ORIENTED_EDGE ( 'NONE', *, *, #955, .T. ) ;
#3294 =( LENGTH_UNIT ( ) NAMED_UNIT ( * ) SI_UNIT ( .MILLI., .METRE. ) );
#3295 = DIRECTION ( 'NONE',  ( 1.000000000000000000, 0.0000000000000000000, -0.0000000000000000000 ) ) ;
#3296 = LINE ( 'NONE', #5398, #5736 ) ;
#3297 = ORIENTED_EDGE ( 'NONE', *, *, #2681, .F. ) ;
#3298 =( NAMED_UNIT ( * ) SI_UNIT ( $, .STERADIAN. ) SOLID_ANGLE_UNIT ( ) );
#3299 = SURFACE_STYLE_FILL_AREA ( #5379 ) ;
#3300 = DIRECTION ( 'NONE',  ( -1.000000000000000000, 4.182971413094637300E-016, -0.0000000000000000000 ) ) ;
#3301 = EDGE_LOOP ( 'NONE', ( #971, #70, #4700, #1987 ) ) ;
#3302 = ADVANCED_FACE ( 'NONE', ( #2863 ), #5045, .F. ) ;
#3303 = DIRECTION ( 'NONE',  ( -2.360789866322422700E-016, -0.0000000000000000000, 1.000000000000000000 ) ) ;
#3304 = EDGE_CURVE ( 'NONE', #3445, #1916, #146, .T. ) ;
#3305 = CARTESIAN_POINT ( 'NONE',  ( 5.231310860022410300, 2.957238407989750700, -4.180225025942715600 ) ) ;
#3306 = CARTESIAN_POINT ( 'NONE',  ( 0.4350673547405130000, 8.005000000000000800, -1.847101683700655500 ) ) ;
#3307 = EDGE_LOOP ( 'NONE', ( #789, #857, #2905, #2498 ) ) ;
#3308 =( NAMED_UNIT ( * ) PLANE_ANGLE_UNIT ( ) SI_UNIT ( $, .RADIAN. ) );
#3309 = DIRECTION ( 'NONE',  ( -1.000000000000000000, 0.0000000000000000000, 0.0000000000000000000 ) ) ;
#3310 = AXIS2_PLACEMENT_3D ( 'NONE', #626, #3012, #1664 ) ;
#3311 = AXIS2_PLACEMENT_3D ( 'NONE', #738, #4552, #6018 ) ;
#3312 = DIRECTION ( 'NONE',  ( -0.0000000000000000000, 0.0000000000000000000, -1.000000000000000000 ) ) ;
#3313 = ORIENTED_EDGE ( 'NONE', *, *, #4894, .T. ) ;
#3314 = DIRECTION ( 'NONE',  ( 0.0000000000000000000, 0.0000000000000000000, -1.000000000000000000 ) ) ;
#3315 = ADVANCED_FACE ( 'NONE', ( #5768 ), #4925, .F. ) ;
#3316 = CARTESIAN_POINT ( 'NONE',  ( 0.5896396428537221700, 8.005000000000000800, -4.519058406004661200 ) ) ;
#3317 = DIRECTION ( 'NONE',  ( -1.000000000000000000, 0.0000000000000000000, 0.0000000000000000000 ) ) ;
#3318 = FACE_OUTER_BOUND ( 'NONE', #4818, .T. ) ;
#3319 = EDGE_CURVE ( 'NONE', #3176, #4176, #2048, .T. ) ;
#3320 = DIRECTION ( 'NONE',  ( -0.9610029908221285900, 0.0000000000000000000, -0.2765379750249930000 ) ) ;
#3321 = AXIS2_PLACEMENT_3D ( 'NONE', #5568, #224, #716 ) ;
#3322 = CARTESIAN_POINT ( 'NONE',  ( 0.7386014640062313900, 8.005000000000000800, -4.451933876929233600 ) ) ;
#3323 = ORIENTED_EDGE ( 'NONE', *, *, #2597, .F. ) ;
#3324 = LINE ( 'NONE', #1042, #4960 ) ;
#3325 =( LENGTH_UNIT ( ) NAMED_UNIT ( * ) SI_UNIT ( .MILLI., .METRE. ) );
#3326 = EDGE_LOOP ( 'NONE', ( #4680, #5226, #5182, #5492, #4987 ) ) ;
#3327 = FACE_OUTER_BOUND ( 'NONE', #1508, .T. ) ;
#3328 = EDGE_CURVE ( 'NONE', #5508, #2761, #1144, .T. ) ;
#3329 = ADVANCED_FACE ( 'NONE', ( #453 ), #4417, .T. ) ;
#3330 =( LENGTH_UNIT ( ) NAMED_UNIT ( * ) SI_UNIT ( .MILLI., .METRE. ) );
#3331 = CARTESIAN_POINT ( 'NONE',  ( 4.767125327239030600, 4.254010373035235700, -4.180225025942715600 ) ) ;
#3332 = ORIENTED_EDGE ( 'NONE', *, *, #3984, .F. ) ;
#3333 = FILL_AREA_STYLE ('',( #6218 ) ) ;
#3334 = VECTOR ( 'NONE', #1329, 1000.000000000000000 ) ;
#3335 = PLANE ( 'NONE',  #2952 ) ;
#3336 = AXIS2_PLACEMENT_3D ( 'NONE', #4161, #5646, #2669 ) ;
#3337 = FILL_AREA_STYLE ('',( #1889 ) ) ;
#3338 = VECTOR ( 'NONE', #4194, 1000.000000000000000 ) ;
#3339 = VECTOR ( 'NONE', #4830, 1000.000000000000000 ) ;
#3340 = DIRECTION ( 'NONE',  ( 0.0000000000000000000, 1.000000000000000000, 0.0000000000000000000 ) ) ;
#3341 = SURFACE_SIDE_STYLE ('',( #6134 ) ) ;
#3342 = ORIENTED_EDGE ( 'NONE', *, *, #1468, .T. ) ;
#3343 = AXIS2_PLACEMENT_3D ( 'NONE', #5263, #2367, #3314 ) ;
#3344 =( NAMED_UNIT ( * ) SI_UNIT ( $, .STERADIAN. ) SOLID_ANGLE_UNIT ( ) );
#3345 = EDGE_CURVE ( 'NONE', #4511, #4142, #3565, .T. ) ;
#3346 = ORIENTED_EDGE ( 'NONE', *, *, #1683, .F. ) ;
#3347 = UNCERTAINTY_MEASURE_WITH_UNIT (LENGTH_MEASURE( 1.000000000000000100E-005 ), #5297, 'distance_accuracy_value', 'NONE');
#3348 =( NAMED_UNIT ( * ) PLANE_ANGLE_UNIT ( ) SI_UNIT ( $, .RADIAN. ) );
#3349 = ORIENTED_EDGE ( 'NONE', *, *, #150, .F. ) ;
#3350 = FILL_AREA_STYLE ('',( #4304 ) ) ;
#3351 = LINE ( 'NONE', #1485, #6178 ) ;
#3352 = VERTEX_POINT ( 'NONE', #4531 ) ;
#3353 = EDGE_CURVE ( 'NONE', #5569, #2247, #1225, .T. ) ;
#3354 = CARTESIAN_POINT ( 'NONE',  ( 1.210000000000000200, -6.500000000000000000, -4.169999999999999900 ) ) ;
#3355 = SURFACE_SIDE_STYLE ('',( #4596 ) ) ;
#3356 = PRESENTATION_LAYER_ASSIGNMENT (  '', '', ( #4777 ) ) ;
#3357 = CARTESIAN_POINT ( 'NONE',  ( 3.750000000000000000, 4.054010373035233700, -0.1999999999999996500 ) ) ;
#3358 = VECTOR ( 'NONE', #2147, 1000.000000000000000 ) ;
#3359 = EDGE_LOOP ( 'NONE', ( #4348, #5002, #5193, #2902, #3471, #5449, #1083, #4281, #5564, #1239, #4476, #3637, #5358, #5545, #327, #2418, #1977 ) ) ;
#3360 = ADVANCED_FACE ( 'NONE', ( #3327 ), #1447, .T. ) ;
#3361 = DIRECTION ( 'NONE',  ( -0.9619530280415750100, 0.0000000000000000000, -0.2732148821745347100 ) ) ;
#3362 = DIRECTION ( 'NONE',  ( 0.0000000000000000000, 0.0000000000000000000, -1.000000000000000000 ) ) ;
#3363 = EDGE_LOOP ( 'NONE', ( #101, #1897, #4583, #2692 ) ) ;
#3364 = AXIS2_PLACEMENT_3D ( 'NONE', #2623, #3083, #3590 ) ;
#3365 = CARTESIAN_POINT ( 'NONE',  ( 2.250000000000001800, 4.929470609902312900, -3.200000000000000200 ) ) ;
#3366 =( NAMED_UNIT ( * ) PLANE_ANGLE_UNIT ( ) SI_UNIT ( $, .RADIAN. ) );
#3367 = VERTEX_POINT ( 'NONE', #2539 ) ;
#3368 = LINE ( 'NONE', #3757, #4078 ) ;
#3369 = ORIENTED_EDGE ( 'NONE', *, *, #1265, .T. ) ;
#3370 = DIRECTION ( 'NONE',  ( -0.0000000000000000000, -1.000000000000000000, -0.0000000000000000000 ) ) ;
#3371 = CARTESIAN_POINT ( 'NONE',  ( 1.210000000000000200, 0.0000000000000000000, -2.230000000000000400 ) ) ;
#3372 = SURFACE_STYLE_FILL_AREA ( #3465 ) ;
#3373 = CARTESIAN_POINT ( 'NONE',  ( 2.815717385235592100, 4.171167660560615600, -6.400000000000001200 ) ) ;
#3374 = VECTOR ( 'NONE', #5236, 1000.000000000000000 ) ;
#3375 = ORIENTED_EDGE ( 'NONE', *, *, #5758, .T. ) ;
#3376 = DIRECTION ( 'NONE',  ( 0.0000000000000000000, 0.0000000000000000000, -1.000000000000000000 ) ) ;
#3377 = MECHANICAL_DESIGN_GEOMETRIC_PRESENTATION_REPRESENTATION (  '', ( #349 ), #3717 ) ;
#3378 = LINE ( 'NONE', #2661, #2641 ) ;
#3379 = VERTEX_POINT ( 'NONE', #5038 ) ;
#3380 = DIRECTION ( 'NONE',  ( 0.0000000000000000000, 0.0000000000000000000, -1.000000000000000000 ) ) ;
#3381 = DIRECTION ( 'NONE',  ( -0.0000000000000000000, 1.000000000000000000, -0.0000000000000000000 ) ) ;
#3382 =( LENGTH_UNIT ( ) NAMED_UNIT ( * ) SI_UNIT ( .MILLI., .METRE. ) );
#3383 = DIRECTION ( 'NONE',  ( 0.0000000000000000000, 0.0000000000000000000, -1.000000000000000000 ) ) ;
#3384 = ORIENTED_EDGE ( 'NONE', *, *, #5883, .F. ) ;
#3385 = EDGE_CURVE ( 'NONE', #5287, #3946, #4727, .T. ) ;
#3386 = ADVANCED_FACE ( 'NONE', ( #2129 ), #6234, .T. ) ;
#3387 = DIRECTION ( 'NONE',  ( -0.0000000000000000000, -1.000000000000000000, -0.0000000000000000000 ) ) ;
#3388 = UNCERTAINTY_MEASURE_WITH_UNIT (LENGTH_MEASURE( 1.000000000000000100E-005 ), #6093, 'distance_accuracy_value', 'NONE');
#3389 = EDGE_CURVE ( 'NONE', #2690, #348, #1373, .T. ) ;
#3390 = ORIENTED_EDGE ( 'NONE', *, *, #3875, .T. ) ;
#3391 = VECTOR ( 'NONE', #4517, 1000.000000000000000 ) ;
#3392 = SURFACE_SIDE_STYLE ('',( #21 ) ) ;
#3393 = CARTESIAN_POINT ( 'NONE',  ( 7.299999999999999800, 7.800000000000000700, -0.2000000000000000100 ) ) ;
#3394 = EDGE_CURVE ( 'NONE', #6253, #471, #1969, .T. ) ;
#3395 = ORIENTED_EDGE ( 'NONE', *, *, #3809, .F. ) ;
#3396 = AXIS2_PLACEMENT_3D ( 'NONE', #2567, #4534, #2613 ) ;
#3397 = CARTESIAN_POINT ( 'NONE',  ( 4.767125327239031500, 4.254010373035235700, -6.200000000000001100 ) ) ;
#3398 = SURFACE_SIDE_STYLE ('',( #4542 ) ) ;
#3399 = VECTOR ( 'NONE', #4016, 1000.000000000000000 ) ;
#3400 = ORIENTED_EDGE ( 'NONE', *, *, #3634, .T. ) ;
#3401 = LINE ( 'NONE', #5622, #1528 ) ;
#3402 = CYLINDRICAL_SURFACE ( 'NONE', #3470, 0.1999999999999996500 ) ;
#3403 = LINE ( 'NONE', #1962, #836 ) ;
#3404 = CARTESIAN_POINT ( 'NONE',  ( 5.250000000000001800, 4.929470609902312900, -3.200000000000000200 ) ) ;
#3405 = ORIENTED_EDGE ( 'NONE', *, *, #3531, .F. ) ;
#3406 = VECTOR ( 'NONE', #326, 1000.000000000000000 ) ;
#3407 = CIRCLE ( 'NONE', #139, 0.1999999999999996500 ) ;
#3408 = FILL_AREA_STYLE_COLOUR ( '', #2999 ) ;
#3409 = CARTESIAN_POINT ( 'NONE',  ( 0.0000000000000000000, 7.800000000000000700, 0.0000000000000000000 ) ) ;
#3410 = CIRCLE ( 'NONE', #4493, 0.1999999999999996500 ) ;
#3411 = CARTESIAN_POINT ( 'NONE',  ( 7.299999999999999800, 7.800000000000000700, -6.200000000000001100 ) ) ;
#3412 = DIRECTION ( 'NONE',  ( -5.673468883100951200E-015, -0.0000000000000000000, -1.000000000000000000 ) ) ;
#3413 = FACE_OUTER_BOUND ( 'NONE', #3617, .T. ) ;
#3414 = AXIS2_PLACEMENT_3D ( 'NONE', #4293, #3821, #929 ) ;
#3415 = SURFACE_STYLE_FILL_AREA ( #4487 ) ;
#3416 = STYLED_ITEM ( 'NONE', ( #4271 ), #29 ) ;
#3417 = SURFACE_STYLE_FILL_AREA ( #4477 ) ;
#3418 = SURFACE_SIDE_STYLE ('',( #1200 ) ) ;
#3419 = ADVANCED_FACE ( 'NONE', ( #6083 ), #1572, .F. ) ;
#3420 =( NAMED_UNIT ( * ) PLANE_ANGLE_UNIT ( ) SI_UNIT ( $, .RADIAN. ) );
#3421 = VERTEX_POINT ( 'NONE', #2648 ) ;
#3422 =( LENGTH_UNIT ( ) NAMED_UNIT ( * ) SI_UNIT ( .MILLI., .METRE. ) );
#3423 = FACE_OUTER_BOUND ( 'NONE', #2464, .T. ) ;
#3424 = CARTESIAN_POINT ( 'NONE',  ( 0.5907974110767845200, 8.000000000000000000, -5.214709366609894500 ) ) ;
#3425 = ORIENTED_EDGE ( 'NONE', *, *, #807, .T. ) ;
#3426 = UNCERTAINTY_MEASURE_WITH_UNIT (LENGTH_MEASURE( 1.000000000000000100E-005 ), #783, 'distance_accuracy_value', 'NONE');
#3427 = AXIS2_PLACEMENT_3D ( 'NONE', #6050, #3081, #1743 ) ;
#3428 = EDGE_CURVE ( 'NONE', #764, #1846, #1760, .T. ) ;
#3429 = SURFACE_STYLE_USAGE ( .BOTH. , #957 ) ;
#3430 = AXIS2_PLACEMENT_3D ( 'NONE', #4770, #4324, #1379 ) ;
#3431 = EDGE_CURVE ( 'NONE', #3352, #3605, #1294, .T. ) ;
#3432 = SURFACE_STYLE_FILL_AREA ( #6303 ) ;
#3433 = ORIENTED_EDGE ( 'NONE', *, *, #1381, .F. ) ;
#3434 = VERTEX_POINT ( 'NONE', #715 ) ;
#3435 = CARTESIAN_POINT ( 'NONE',  ( 1.241527841744380200, 8.005000000000000800, -3.257208478524097600 ) ) ;
#3436 = LINE ( 'NONE', #969, #4369 ) ;
#3437 = EDGE_CURVE ( 'NONE', #2047, #2215, #4254, .T. ) ;
#3438 = ORIENTED_EDGE ( 'NONE', *, *, #3234, .F. ) ;
#3439 = FILL_AREA_STYLE ('',( #864 ) ) ;
#3440 =( GEOMETRIC_REPRESENTATION_CONTEXT ( 3 ) GLOBAL_UNCERTAINTY_ASSIGNED_CONTEXT ( ( #5314 ) ) GLOBAL_UNIT_ASSIGNED_CONTEXT ( ( #1641, #1125, #5039 ) ) REPRESENTATION_CONTEXT ( 'NONE', 'WORKASPACE' ) );
#3441 = ORIENTED_EDGE ( 'NONE', *, *, #3254, .F. ) ;
#3442 = CARTESIAN_POINT ( 'NONE',  ( 4.050000000000002500, -0.8000000000000000400, -0.2000000000000000100 ) ) ;
#3443 =( NAMED_UNIT ( * ) PLANE_ANGLE_UNIT ( ) SI_UNIT ( $, .RADIAN. ) );
#3444 = FACE_OUTER_BOUND ( 'NONE', #1112, .T. ) ;
#3445 = VERTEX_POINT ( 'NONE', #2710 ) ;
#3446 = PLANE ( 'NONE',  #2748 ) ;
#3447 =( NAMED_UNIT ( * ) SI_UNIT ( $, .STERADIAN. ) SOLID_ANGLE_UNIT ( ) );
#3448 = SURFACE_SIDE_STYLE ('',( #1268 ) ) ;
#3449 = PRESENTATION_STYLE_ASSIGNMENT (( #1193 ) ) ;
#3450 = EDGE_CURVE ( 'NONE', #1877, #556, #2655, .T. ) ;
#3451 = SURFACE_STYLE_FILL_AREA ( #3542 ) ;
#3452 = ORIENTED_EDGE ( 'NONE', *, *, #5943, .F. ) ;
#3453 = ADVANCED_FACE ( 'NONE', ( #2808 ), #3170, .F. ) ;
#3454 = SURFACE_SIDE_STYLE ('',( #166 ) ) ;
#3455 = DIRECTION ( 'NONE',  ( 0.0000000000000000000, 0.0000000000000000000, -1.000000000000000000 ) ) ;
#3456 = DIRECTION ( 'NONE',  ( -0.0000000000000000000, -0.0000000000000000000, 1.000000000000000000 ) ) ;
#3457 = VECTOR ( 'NONE', #1679, 1000.000000000000000 ) ;
#3458 = ORIENTED_EDGE ( 'NONE', *, *, #907, .T. ) ;
#3459 = MECHANICAL_DESIGN_GEOMETRIC_PRESENTATION_REPRESENTATION (  '', ( #11 ), #1653 ) ;
#3460 = CARTESIAN_POINT ( 'NONE',  ( 4.567125327239032200, 8.000000000000000000, -6.400000000000000400 ) ) ;
#3461 = VECTOR ( 'NONE', #2720, 1000.000000000000000 ) ;
#3462 = DIRECTION ( 'NONE',  ( -1.000000000000000000, 0.0000000000000000000, 0.0000000000000000000 ) ) ;
#3463 = EDGE_LOOP ( 'NONE', ( #879, #420, #6009, #3812 ) ) ;
#3464 = CARTESIAN_POINT ( 'NONE',  ( 6.023554065593562400, 7.800000000000000700, -6.200000000000001100 ) ) ;
#3465 = FILL_AREA_STYLE ('',( #1488 ) ) ;
#3466 = VERTEX_POINT ( 'NONE', #2167 ) ;
#3467 = CARTESIAN_POINT ( 'NONE',  ( 4.050000000000003400, 0.1999999999999996500, -6.400000000000000400 ) ) ;
#3468 = AXIS2_PLACEMENT_3D ( 'NONE', #4328, #4795, #3320 ) ;
#3469 = SURFACE_STYLE_USAGE ( .BOTH. , #4018 ) ;
#3470 = AXIS2_PLACEMENT_3D ( 'NONE', #3780, #4797, #5656 ) ;
#3471 = ORIENTED_EDGE ( 'NONE', *, *, #916, .F. ) ;
#3472 =( NAMED_UNIT ( * ) SI_UNIT ( $, .STERADIAN. ) SOLID_ANGLE_UNIT ( ) );
#3473 = PLANE ( 'NONE',  #5267 ) ;
#3474 = CARTESIAN_POINT ( 'NONE',  ( 3.332842712474620100, 0.08284271247461866300, -6.400000000000000400 ) ) ;
#3475 = UNCERTAINTY_MEASURE_WITH_UNIT (LENGTH_MEASURE( 1.000000000000000100E-005 ), #5707, 'distance_accuracy_value', 'NONE');
#3476 = VECTOR ( 'NONE', #988, 1000.000000000000000 ) ;
#3477 = ORIENTED_EDGE ( 'NONE', *, *, #2903, .F. ) ;
#3478 = CARTESIAN_POINT ( 'NONE',  ( 2.732874672760972500, 0.0000000000000000000, -0.2000000000000000900 ) ) ;
#3479 = VECTOR ( 'NONE', #243, 1000.000000000000100 ) ;
#3480 = EDGE_CURVE ( 'NONE', #4828, #3180, #759, .T. ) ;
#3481 = DIRECTION ( 'NONE',  ( -1.000000000000000000, 0.0000000000000000000, 0.0000000000000000000 ) ) ;
#3482 = DIRECTION ( 'NONE',  ( 0.9984327301129573000, 0.0000000000000000000, 0.05596501978188291000 ) ) ;
#3483 = STYLED_ITEM ( 'NONE', ( #4810 ), #1881 ) ;
#3484 = AXIS2_PLACEMENT_3D ( 'NONE', #1025, #3877, #494 ) ;
#3485 =( LENGTH_UNIT ( ) NAMED_UNIT ( * ) SI_UNIT ( .MILLI., .METRE. ) );
#3486 = VERTEX_POINT ( 'NONE', #286 ) ;
#3487 = DIRECTION ( 'NONE',  ( 0.004650693824870178300, 0.0000000000000000000, -0.9999891854649966000 ) ) ;
#3488 =( NAMED_UNIT ( * ) SI_UNIT ( $, .STERADIAN. ) SOLID_ANGLE_UNIT ( ) );
#3489 = SURFACE_STYLE_FILL_AREA ( #2222 ) ;
#3490 = EDGE_CURVE ( 'NONE', #746, #4176, #5385, .T. ) ;
#3491 = ADVANCED_FACE ( 'NONE', ( #5313 ), #1626, .F. ) ;
#3492 = CARTESIAN_POINT ( 'NONE',  ( 5.823554065593562300, 0.0000000000000000000, -6.200000000000001100 ) ) ;
#3493 = PRESENTATION_LAYER_ASSIGNMENT (  '', '', ( #5025 ) ) ;
#3494 = COLOUR_RGB ( '',0.1019607843137254900, 0.1019607843137254900, 0.1019607843137254900 ) ;
#3495 = DIRECTION ( 'NONE',  ( 0.0000000000000000000, 0.0000000000000000000, -1.000000000000000000 ) ) ;
#3496 =( NAMED_UNIT ( * ) SI_UNIT ( $, .STERADIAN. ) SOLID_ANGLE_UNIT ( ) );
#3497 = SURFACE_STYLE_FILL_AREA ( #3742 ) ;
#3498 = FILL_AREA_STYLE_COLOUR ( '', #5695 ) ;
#3499 = LINE ( 'NONE', #175, #1699 ) ;
#3500 = DIRECTION ( 'NONE',  ( -0.0000000000000000000, -1.000000000000000000, 0.0000000000000000000 ) ) ;
#3501 = PLANE ( 'NONE',  #4359 ) ;
#3502 = FILL_AREA_STYLE ('',( #5445 ) ) ;
#3503 = SURFACE_SIDE_STYLE ('',( #2010 ) ) ;
#3504 = EDGE_LOOP ( 'NONE', ( #6186, #2940 ) ) ;
#3505 = COLOUR_RGB ( '',0.1019607843137254900, 0.1019607843137254900, 0.1019607843137254900 ) ;
#3506 = EDGE_LOOP ( 'NONE', ( #2495, #5664, #5051, #2385 ) ) ;
#3507 =( GEOMETRIC_REPRESENTATION_CONTEXT ( 3 ) GLOBAL_UNCERTAINTY_ASSIGNED_CONTEXT ( ( #329 ) ) GLOBAL_UNIT_ASSIGNED_CONTEXT ( ( #66, #2442, #3915 ) ) REPRESENTATION_CONTEXT ( 'NONE', 'WORKASPACE' ) );
#3508 = MECHANICAL_DESIGN_GEOMETRIC_PRESENTATION_REPRESENTATION (  '', ( #4848 ), #1333 ) ;
#3509 = LINE ( 'NONE', #5593, #5419 ) ;
#3510 = DIRECTION ( 'NONE',  ( -1.000000000000000000, -0.0000000000000000000, -0.0000000000000000000 ) ) ;
#3511 = UNCERTAINTY_MEASURE_WITH_UNIT (LENGTH_MEASURE( 1.000000000000000100E-005 ), #518, 'distance_accuracy_value', 'NONE');
#3512 = CARTESIAN_POINT ( 'NONE',  ( 0.5200997685186503600, 8.005000000000000800, -3.638053253117329500 ) ) ;
#3513 = DIRECTION ( 'NONE',  ( 8.210319413871543100E-016, 0.0000000000000000000, -1.000000000000000000 ) ) ;
#3514 = LINE ( 'NONE', #3101, #3290 ) ;
#3515 = ORIENTED_EDGE ( 'NONE', *, *, #588, .F. ) ;
#3516 = CARTESIAN_POINT ( 'NONE',  ( 4.767125327239031500, 0.0000000000000000000, -6.400000000000000400 ) ) ;
#3517 = ORIENTED_EDGE ( 'NONE', *, *, #3100, .F. ) ;
#3518 = AXIS2_PLACEMENT_3D ( 'NONE', #2096, #700, #5476 ) ;
#3519 = DIRECTION ( 'NONE',  ( 0.9280290862140316800, -0.0000000000000000000, -0.3725077383635799800 ) ) ;
#3520 = PRESENTATION_LAYER_ASSIGNMENT (  '', '', ( #4559 ) ) ;
#3521 = EDGE_CURVE ( 'NONE', #3720, #5305, #3324, .T. ) ;
#3522 = SURFACE_STYLE_FILL_AREA ( #2848 ) ;
#3523 =( LENGTH_UNIT ( ) NAMED_UNIT ( * ) SI_UNIT ( .MILLI., .METRE. ) );
#3524 = VECTOR ( 'NONE', #2974, 1000.000000000000000 ) ;
#3525 = ORIENTED_EDGE ( 'NONE', *, *, #4260, .T. ) ;
#3526 = ADVANCED_FACE ( 'NONE', ( #4490 ), #3090, .F. ) ;
#3527 = DIRECTION ( 'NONE',  ( 0.0000000000000000000, 0.0000000000000000000, -1.000000000000000000 ) ) ;
#3528 = DIRECTION ( 'NONE',  ( 0.0000000000000000000, -0.0000000000000000000, -1.000000000000000000 ) ) ;
#3529 = CARTESIAN_POINT ( 'NONE',  ( 4.767125327239029700, 2.845415267842974500, -4.180225025942715600 ) ) ;
#3530 = VECTOR ( 'NONE', #3920, 1000.000000000000000 ) ;
#3531 = EDGE_CURVE ( 'NONE', #5055, #5471, #1682, .T. ) ;
#3532 = CARTESIAN_POINT ( 'NONE',  ( 5.823554065593562300, 4.254010373035233000, -6.400000000000000400 ) ) ;
#3533 = FACE_OUTER_BOUND ( 'NONE', #2326, .T. ) ;
#3534 = ORIENTED_EDGE ( 'NONE', *, *, #2024, .T. ) ;
#3535 = MECHANICAL_DESIGN_GEOMETRIC_PRESENTATION_REPRESENTATION (  '', ( #3288 ), #1992 ) ;
#3536 = SURFACE_SIDE_STYLE ('',( #1758 ) ) ;
#3537 = PLANE ( 'NONE',  #4191 ) ;
#3538 = CARTESIAN_POINT ( 'NONE',  ( 2.250000000000001800, 4.929470609902312900, -3.200000000000000200 ) ) ;
#3539 = DIRECTION ( 'NONE',  ( 0.0000000000000000000, 1.000000000000000000, 0.0000000000000000000 ) ) ;
#3540 = FACE_OUTER_BOUND ( 'NONE', #3504, .T. ) ;
#3541 = ORIENTED_EDGE ( 'NONE', *, *, #6070, .T. ) ;
#3542 = FILL_AREA_STYLE ('',( #2034 ) ) ;
#3543 = EDGE_CURVE ( 'NONE', #4704, #3229, #5172, .T. ) ;
#3544 =( NAMED_UNIT ( * ) SI_UNIT ( $, .STERADIAN. ) SOLID_ANGLE_UNIT ( ) );
#3545 = ORIENTED_EDGE ( 'NONE', *, *, #4339, .F. ) ;
#3546 = CARTESIAN_POINT ( 'NONE',  ( 3.450000000000001100, 0.1999999999999996500, 0.0000000000000000000 ) ) ;
#3547 = FILL_AREA_STYLE ('',( #4547 ) ) ;
#3548 = PRESENTATION_LAYER_ASSIGNMENT (  '', '', ( #5074 ) ) ;
#3549 = EDGE_LOOP ( 'NONE', ( #4448, #3935, #5591, #2834 ) ) ;
#3550 = EDGE_CURVE ( 'NONE', #3854, #471, #1054, .T. ) ;
#3551 = SURFACE_STYLE_FILL_AREA ( #4625 ) ;
#3552 = UNCERTAINTY_MEASURE_WITH_UNIT (LENGTH_MEASURE( 1.000000000000000100E-005 ), #3182, 'distance_accuracy_value', 'NONE');
#3553 = VERTEX_POINT ( 'NONE', #468 ) ;
#3554 = CARTESIAN_POINT ( 'NONE',  ( 0.4350673547405130000, 8.000000000000000000, -2.112500311261332100 ) ) ;
#3555 = CARTESIAN_POINT ( 'NONE',  ( 4.250000000000001800, -0.8000000000000000400, 9.289713379543290500E-017 ) ) ;
#3556 = SURFACE_STYLE_FILL_AREA ( #5631 ) ;
#3557 = ORIENTED_EDGE ( 'NONE', *, *, #1796, .T. ) ;
#3558 = COLOUR_RGB ( '',0.1019607843137254900, 0.1019607843137254900, 0.1019607843137254900 ) ;
#3559 = STYLED_ITEM ( 'NONE', ( #2570 ), #3980 ) ;
#3560 = DIRECTION ( 'NONE',  ( 0.0000000000000000000, 1.000000000000000000, 0.0000000000000000000 ) ) ;
#3561 = AXIS2_PLACEMENT_3D ( 'NONE', #5451, #2496, #1120 ) ;
#3562 = EDGE_CURVE ( 'NONE', #6297, #5057, #4801, .T. ) ;
#3563 = DIRECTION ( 'NONE',  ( 0.0000000000000000000, 0.0000000000000000000, -1.000000000000000000 ) ) ;
#3564 = ORIENTED_EDGE ( 'NONE', *, *, #2995, .F. ) ;
#3565 = LINE ( 'NONE', #3945, #5027 ) ;
#3566 =( NAMED_UNIT ( * ) PLANE_ANGLE_UNIT ( ) SI_UNIT ( $, .RADIAN. ) );
#3567 = CARTESIAN_POINT ( 'NONE',  ( 3.250000000000001300, 0.0000000000000000000, -0.1999999999999996500 ) ) ;
#3568 = LINE ( 'NONE', #5433, #3 ) ;
#3569 = EDGE_CURVE ( 'NONE', #3895, #5554, #2732, .T. ) ;
#3570 = SURFACE_SIDE_STYLE ('',( #52 ) ) ;
#3571 = CARTESIAN_POINT ( 'NONE',  ( 0.0000000000000000000, -0.8000000000000003800, 0.0000000000000000000 ) ) ;
#3572 = PRESENTATION_LAYER_ASSIGNMENT (  '', '', ( #76 ) ) ;
#3573 = LINE ( 'NONE', #5366, #6006 ) ;
#3574 = STYLED_ITEM ( 'NONE', ( #2317 ), #5275 ) ;
#3575 = CARTESIAN_POINT ( 'NONE',  ( 5.250000000000001800, 4.254010373035233000, -4.180225025942715600 ) ) ;
#3576 = PRESENTATION_STYLE_ASSIGNMENT (( #5913 ) ) ;
#3577 = COLOUR_RGB ( '',0.8980392156862745400, 0.9215686274509803400, 0.9294117647058823800 ) ;
#3578 = SURFACE_STYLE_USAGE ( .BOTH. , #5472 ) ;
#3579 = STYLED_ITEM ( 'NONE', ( #529 ), #6072 ) ;
#3580 = EDGE_CURVE ( 'NONE', #3229, #6267, #406, .T. ) ;
#3581 = CIRCLE ( 'NONE', #3975, 0.2000000000000000100 ) ;
#3582 = DIRECTION ( 'NONE',  ( -0.9984327301129573000, 0.0000000000000000000, -0.05596501978188291700 ) ) ;
#3583 = DIRECTION ( 'NONE',  ( -0.0000000000000000000, -1.000000000000000000, -0.0000000000000000000 ) ) ;
#3584 = DIRECTION ( 'NONE',  ( -9.054909572959128600E-017, 0.0000000000000000000, -1.000000000000000000 ) ) ;
#3585 = ORIENTED_EDGE ( 'NONE', *, *, #3688, .F. ) ;
#3586 = VECTOR ( 'NONE', #1165, 1000.000000000000000 ) ;
#3587 = AXIS2_PLACEMENT_3D ( 'NONE', #5093, #1632, #5032 ) ;
#3588 = PRESENTATION_STYLE_ASSIGNMENT (( #5823 ) ) ;
#3589 = DIRECTION ( 'NONE',  ( 0.0000000000000000000, -1.000000000000000000, 0.0000000000000000000 ) ) ;
#3590 = DIRECTION ( 'NONE',  ( 0.0000000000000000000, 0.0000000000000000000, -1.000000000000000000 ) ) ;
#3591 = PLANE ( 'NONE',  #3587 ) ;
#3592 = DIRECTION ( 'NONE',  ( 0.0000000000000000000, 0.0000000000000000000, 1.000000000000000000 ) ) ;
#3593 = LINE ( 'NONE', #1904, #4602 ) ;
#3594 = ORIENTED_EDGE ( 'NONE', *, *, #1258, .T. ) ;
#3595 = DIRECTION ( 'NONE',  ( -0.0000000000000000000, 1.000000000000000000, -0.0000000000000000000 ) ) ;
#3596 = ORIENTED_EDGE ( 'NONE', *, *, #763, .T. ) ;
#3597 = CARTESIAN_POINT ( 'NONE',  ( 1.088068819367284500, 8.000000000000000000, -4.385721539159758800 ) ) ;
#3598 = UNCERTAINTY_MEASURE_WITH_UNIT (LENGTH_MEASURE( 1.000000000000000100E-005 ), #731, 'distance_accuracy_value', 'NONE');
#3599 = PRESENTATION_LAYER_ASSIGNMENT (  '', '', ( #5237 ) ) ;
#3600 = PLANE ( 'NONE',  #3243 ) ;
#3601 = STYLED_ITEM ( 'NONE', ( #5258 ), #413 ) ;
#3602 = PLANE ( 'NONE',  #1898 ) ;
#3603 = LINE ( 'NONE', #3647, #5951 ) ;
#3604 = FACE_BOUND ( 'NONE', #1827, .T. ) ;
#3605 = VERTEX_POINT ( 'NONE', #8 ) ;
#3606 = ORIENTED_EDGE ( 'NONE', *, *, #3394, .T. ) ;
#3607 =( LENGTH_UNIT ( ) NAMED_UNIT ( * ) SI_UNIT ( .MILLI., .METRE. ) );
#3608 = SURFACE_STYLE_USAGE ( .BOTH. , #5550 ) ;
#3609 = FILL_AREA_STYLE_COLOUR ( '', #347 ) ;
#3610 = EDGE_CURVE ( 'NONE', #4860, #541, #683, .T. ) ;
#3611 = ORIENTED_EDGE ( 'NONE', *, *, #4148, .T. ) ;
#3612 = MECHANICAL_DESIGN_GEOMETRIC_PRESENTATION_REPRESENTATION (  '', ( #2064 ), #2721 ) ;
#3613 = SURFACE_SIDE_STYLE ('',( #80 ) ) ;
#3614 = PLANE ( 'NONE',  #5345 ) ;
#3615 = CARTESIAN_POINT ( 'NONE',  ( 4.767125327239031500, 4.254010373035233900, -0.08284271247461871800 ) ) ;
#3616 = VECTOR ( 'NONE', #6165, 1000.000000000000200 ) ;
#3617 = EDGE_LOOP ( 'NONE', ( #2306, #5349, #1354, #5953, #3132 ) ) ;
#3618 = CARTESIAN_POINT ( 'NONE',  ( 0.2000000000000000100, 7.800000000000000700, -0.2000000000000000100 ) ) ;
#3619 = DIRECTION ( 'NONE',  ( 1.000000000000000000, 0.0000000000000000000, -0.0000000000000000000 ) ) ;
#3620 =( GEOMETRIC_REPRESENTATION_CONTEXT ( 3 ) GLOBAL_UNCERTAINTY_ASSIGNED_CONTEXT ( ( #904 ) ) GLOBAL_UNIT_ASSIGNED_CONTEXT ( ( #699, #1211, #3640 ) ) REPRESENTATION_CONTEXT ( 'NONE', 'WORKASPACE' ) );
#3621 = ORIENTED_EDGE ( 'NONE', *, *, #5723, .F. ) ;
#3622 = SURFACE_STYLE_FILL_AREA ( #1282 ) ;
#3623 = SURFACE_STYLE_USAGE ( .BOTH. , #192 ) ;
#3624 = VERTEX_POINT ( 'NONE', #998 ) ;
#3625 = FILL_AREA_STYLE ('',( #4582 ) ) ;
#3626 = CARTESIAN_POINT ( 'NONE',  ( 0.7385744906061866300, 8.005000000000000800, -2.380676006235239700 ) ) ;
#3627 = CARTESIAN_POINT ( 'NONE',  ( 1.088098244891528400, 8.005000000000000800, -2.281031366666376400 ) ) ;
#3628 = ORIENTED_EDGE ( 'NONE', *, *, #3724, .T. ) ;
#3629 = PLANE ( 'NONE',  #3033 ) ;
#3630 = DIRECTION ( 'NONE',  ( 1.000000000000000000, -0.0000000000000000000, -0.0000000000000000000 ) ) ;
#3631 = UNCERTAINTY_MEASURE_WITH_UNIT (LENGTH_MEASURE( 1.000000000000000100E-005 ), #4934, 'distance_accuracy_value', 'NONE');
#3632 = MECHANICAL_DESIGN_GEOMETRIC_PRESENTATION_REPRESENTATION (  '', ( #5907 ), #574 ) ;
#3633 = FILL_AREA_STYLE ('',( #3694 ) ) ;
#3634 = EDGE_CURVE ( 'NONE', #4198, #434, #1828, .T. ) ;
#3635 = DIRECTION ( 'NONE',  ( -0.0000000000000000000, -1.000000000000000000, -0.0000000000000000000 ) ) ;
#3636 = LINE ( 'NONE', #16, #2200 ) ;
#3637 = ORIENTED_EDGE ( 'NONE', *, *, #5091, .F. ) ;
#3638 = CARTESIAN_POINT ( 'NONE',  ( 0.8876613702446638500, 8.005000000000000800, -2.338141408391912500 ) ) ;
#3639 = CARTESIAN_POINT ( 'NONE',  ( 0.8876613702460888200, 8.005000000000000800, -4.063310954961972100 ) ) ;
#3640 =( NAMED_UNIT ( * ) SI_UNIT ( $, .STERADIAN. ) SOLID_ANGLE_UNIT ( ) );
#3641 = EDGE_LOOP ( 'NONE', ( #1299, #1657, #711, #5900 ) ) ;
#3642 = AXIS2_PLACEMENT_3D ( 'NONE', #118, #2049, #5457 ) ;
#3643 = DIRECTION ( 'NONE',  ( -0.0000000000000000000, 1.000000000000000000, 0.0000000000000000000 ) ) ;
#3644 = STYLED_ITEM ( 'NONE', ( #4665 ), #1471 ) ;
#3645 = ADVANCED_FACE ( 'NONE', ( #220 ), #4722, .T. ) ;
#3646 = EDGE_CURVE ( 'NONE', #2906, #64, #974, .T. ) ;
#3647 = CARTESIAN_POINT ( 'NONE',  ( 7.500000000000000000, 0.0000000000000000000, -6.200000000000001100 ) ) ;
#3648 =( LENGTH_UNIT ( ) NAMED_UNIT ( * ) SI_UNIT ( .MILLI., .METRE. ) );
#3649 = ORIENTED_EDGE ( 'NONE', *, *, #3148, .T. ) ;
#3650 = CARTESIAN_POINT ( 'NONE',  ( 3.250000000000001300, 0.0000000000000000000, -0.1999999999999996500 ) ) ;
#3651 = EDGE_CURVE ( 'NONE', #1392, #6060, #5905, .T. ) ;
#3652 = CARTESIAN_POINT ( 'NONE',  ( 0.4350673547405129500, 8.005000000000000800, -3.513972164922811700 ) ) ;
#3653 = CARTESIAN_POINT ( 'NONE',  ( 1.210000000000000200, 0.0000000000000000000, -4.469999999999999800 ) ) ;
#3654 = ORIENTED_EDGE ( 'NONE', *, *, #725, .T. ) ;
#3655 = VECTOR ( 'NONE', #1022, 1000.000000000000100 ) ;
#3656 = AXIS2_PLACEMENT_3D ( 'NONE', #5078, #5060, #2144 ) ;
#3657 = COLOUR_RGB ( '',0.8980392156862745400, 0.9215686274509803400, 0.9294117647058823800 ) ;
#3658 = FACE_OUTER_BOUND ( 'NONE', #5274, .T. ) ;
#3659 = DIRECTION ( 'NONE',  ( -0.0000000000000000000, 1.000000000000000000, -0.0000000000000000000 ) ) ;
#3660 = CARTESIAN_POINT ( 'NONE',  ( 0.0000000000000000000, 8.000000000000000000, -6.400000000000000400 ) ) ;
#3661 = CYLINDRICAL_SURFACE ( 'NONE', #450, 0.2000000000000000100 ) ;
#3662 = SPHERICAL_SURFACE ( 'NONE', #4222, 0.2000000000000000100 ) ;
#3663 = ORIENTED_EDGE ( 'NONE', *, *, #3550, .T. ) ;
#3664 = DIRECTION ( 'NONE',  ( 0.0000000000000000000, 0.0000000000000000000, 1.000000000000000000 ) ) ;
#3665 = ORIENTED_EDGE ( 'NONE', *, *, #1683, .T. ) ;
#3666 = SURFACE_SIDE_STYLE ('',( #2471 ) ) ;
#3667 = FACE_OUTER_BOUND ( 'NONE', #3282, .T. ) ;
#3668 = DIRECTION ( 'NONE',  ( 1.000000000000000000, 0.0000000000000000000, 0.0000000000000000000 ) ) ;
#3669 = ORIENTED_EDGE ( 'NONE', *, *, #4541, .T. ) ;
#3670 = DIRECTION ( 'NONE',  ( 0.0000000000000000000, 0.0000000000000000000, 1.000000000000000000 ) ) ;
#3671 = AXIS2_PLACEMENT_3D ( 'NONE', #2445, #1900, #5302 ) ;
#3672 = CARTESIAN_POINT ( 'NONE',  ( 0.7385744906061866300, 8.000000000000000000, -2.726818277157608600 ) ) ;
#3673 = ORIENTED_EDGE ( 'NONE', *, *, #3277, .T. ) ;
#3674 = VERTEX_POINT ( 'NONE', #5790 ) ;
#3675 = UNCERTAINTY_MEASURE_WITH_UNIT (LENGTH_MEASURE( 1.000000000000000100E-005 ), #5056, 'distance_accuracy_value', 'NONE');
#3676 = ADVANCED_FACE ( 'NONE', ( #1677 ), #1515, .T. ) ;
#3677 = VECTOR ( 'NONE', #3381, 1000.000000000000000 ) ;
#3678 = LINE ( 'NONE', #5180, #5958 ) ;
#3679 = CIRCLE ( 'NONE', #5711, 0.3000000000000001600 ) ;
#3680 = ORIENTED_EDGE ( 'NONE', *, *, #2942, .F. ) ;
#3681 = SURFACE_SIDE_STYLE ('',( #2352 ) ) ;
#3682 = DIRECTION ( 'NONE',  ( 0.0000000000000000000, 0.0000000000000000000, 1.000000000000000000 ) ) ;
#3683 = STYLED_ITEM ( 'NONE', ( #1175 ), #787 ) ;
#3684 = EDGE_CURVE ( 'NONE', #2761, #26, #4956, .T. ) ;
#3685 = CYLINDRICAL_SURFACE ( 'NONE', #2671, 0.2000000000000000100 ) ;
#3686 = LINE ( 'NONE', #1894, #1799 ) ;
#3687 = ORIENTED_EDGE ( 'NONE', *, *, #5484, .T. ) ;
#3688 = EDGE_CURVE ( 'NONE', #1877, #6117, #1046, .T. ) ;
#3689 = FILL_AREA_STYLE_COLOUR ( '', #134 ) ;
#3690 = STYLED_ITEM ( 'NONE', ( #4116 ), #1842 ) ;
#3691 = VECTOR ( 'NONE', #4735, 1000.000000000000000 ) ;
#3692 = ORIENTED_EDGE ( 'NONE', *, *, #3768, .T. ) ;
#3693 = STYLED_ITEM ( 'NONE', ( #5729 ), #5250 ) ;
#3694 = FILL_AREA_STYLE_COLOUR ( '', #834 ) ;
#3695 = DIRECTION ( 'NONE',  ( 0.0000000000000000000, 0.0000000000000000000, -1.000000000000000000 ) ) ;
#3696 = CARTESIAN_POINT ( 'NONE',  ( 2.268689139977593200, 2.957238407989749400, -2.219774974057283900 ) ) ;
#3697 = CARTESIAN_POINT ( 'NONE',  ( 0.7386014640062313900, 8.005000000000000800, -4.105845552804479000 ) ) ;
#3698 = ORIENTED_EDGE ( 'NONE', *, *, #5091, .T. ) ;
#3699 = FILL_AREA_STYLE ('',( #4174 ) ) ;
#3700 = PLANE ( 'NONE',  #6256 ) ;
#3701 = AXIS2_PLACEMENT_3D ( 'NONE', #3411, #1044, #981 ) ;
#3702 =( NAMED_UNIT ( * ) PLANE_ANGLE_UNIT ( ) SI_UNIT ( $, .RADIAN. ) );
#3703 = SURFACE_STYLE_FILL_AREA ( #880 ) ;
#3704 = ORIENTED_EDGE ( 'NONE', *, *, #3490, .T. ) ;
#3705 = VERTEX_POINT ( 'NONE', #4044 ) ;
#3706 = ADVANCED_FACE ( 'NONE', ( #5546 ), #2997, .F. ) ;
#3707 = CARTESIAN_POINT ( 'NONE',  ( 0.2000000000000000100, 7.800000000000000700, -6.200000000000001100 ) ) ;
#3708 = ORIENTED_EDGE ( 'NONE', *, *, #305, .F. ) ;
#3709 = CARTESIAN_POINT ( 'NONE',  ( 0.4350673547405128300, 8.005000000000000800, -3.964838432828492000 ) ) ;
#3710 = VECTOR ( 'NONE', #4066, 1000.000000000000000 ) ;
#3711 = UNCERTAINTY_MEASURE_WITH_UNIT (LENGTH_MEASURE( 1.000000000000000100E-005 ), #705, 'distance_accuracy_value', 'NONE');
#3712 = CARTESIAN_POINT ( 'NONE',  ( 2.732874672760973400, 0.0000000000000000000, -4.180225025942715600 ) ) ;
#3713 = ORIENTED_EDGE ( 'NONE', *, *, #4880, .T. ) ;
#3714 = CARTESIAN_POINT ( 'NONE',  ( 1.241527841744380200, 8.005000000000000800, -3.635816913140191200 ) ) ;
#3715 = PLANE ( 'NONE',  #2583 ) ;
#3716 = COLOUR_RGB ( '',0.1019607843137254900, 0.1019607843137254900, 0.1019607843137254900 ) ;
#3717 =( GEOMETRIC_REPRESENTATION_CONTEXT ( 3 ) GLOBAL_UNCERTAINTY_ASSIGNED_CONTEXT ( ( #1194 ) ) GLOBAL_UNIT_ASSIGNED_CONTEXT ( ( #739, #5100, #1228 ) ) REPRESENTATION_CONTEXT ( 'NONE', 'WORKASPACE' ) );
#3718 = DIRECTION ( 'NONE',  ( 0.0000000000000000000, 1.000000000000000000, 0.0000000000000000000 ) ) ;
#3719 = LINE ( 'NONE', #5334, #3021 ) ;
#3720 = VERTEX_POINT ( 'NONE', #5990 ) ;
#3721 = VECTOR ( 'NONE', #4515, 1000.000000000000000 ) ;
#3722 = DIRECTION ( 'NONE',  ( 0.0000000000000000000, 0.0000000000000000000, 1.000000000000000000 ) ) ;
#3723 = ORIENTED_EDGE ( 'NONE', *, *, #393, .T. ) ;
#3724 = EDGE_CURVE ( 'NONE', #2731, #1213, #676, .T. ) ;
#3725 = LINE ( 'NONE', #3013, #1458 ) ;
#3726 = CARTESIAN_POINT ( 'NONE',  ( 5.823554065593562300, 4.254010373035233000, -6.200000000000001100 ) ) ;
#3727 = STYLED_ITEM ( 'NONE', ( #3103 ), #1501 ) ;
#3728 = EDGE_CURVE ( 'NONE', #189, #5569, #4102, .T. ) ;
#3729 = SURFACE_SIDE_STYLE ('',( #4440 ) ) ;
#3730 =( LENGTH_UNIT ( ) NAMED_UNIT ( * ) SI_UNIT ( .MILLI., .METRE. ) );
#3731 =( NAMED_UNIT ( * ) SI_UNIT ( $, .STERADIAN. ) SOLID_ANGLE_UNIT ( ) );
#3732 = VERTEX_POINT ( 'NONE', #5898 ) ;
#3733 = SURFACE_STYLE_FILL_AREA ( #242 ) ;
#3734 = DIRECTION ( 'NONE',  ( 0.0000000000000000000, -1.000000000000000000, 0.0000000000000000000 ) ) ;
#3735 = EDGE_LOOP ( 'NONE', ( #2086, #1708, #4990, #1012 ) ) ;
#3736 = EDGE_CURVE ( 'NONE', #5211, #5031, #4567, .T. ) ;
#3737 = FILL_AREA_STYLE_COLOUR ( '', #6088 ) ;
#3738 = AXIS2_PLACEMENT_3D ( 'NONE', #4014, #3899, #4394 ) ;
#3739 = ADVANCED_FACE ( 'NONE', ( #2346 ), #612, .F. ) ;
#3740 = EDGE_LOOP ( 'NONE', ( #5815, #3135, #3346, #4782 ) ) ;
#3741 = CIRCLE ( 'NONE', #4274, 0.2000000000000000100 ) ;
#3742 = FILL_AREA_STYLE ('',( #4175 ) ) ;
#3743 = VERTEX_POINT ( 'NONE', #1155 ) ;
#3744 = CARTESIAN_POINT ( 'NONE',  ( 0.2000000000000000100, 0.1999999999999996500, -6.200000000000001100 ) ) ;
#3745 = ORIENTED_EDGE ( 'NONE', *, *, #4260, .F. ) ;
#3746 = VECTOR ( 'NONE', #812, 1000.000000000000000 ) ;
#3747 = EDGE_LOOP ( 'NONE', ( #3384, #2622, #729 ) ) ;
#3748 = UNCERTAINTY_MEASURE_WITH_UNIT (LENGTH_MEASURE( 1.000000000000000100E-005 ), #2708, 'distance_accuracy_value', 'NONE');
#3749 = ORIENTED_EDGE ( 'NONE', *, *, #3237, .T. ) ;
#3750 = DIRECTION ( 'NONE',  ( -1.000000000000000000, 0.0000000000000000000, 0.0000000000000000000 ) ) ;
#3751 = CIRCLE ( 'NONE', #4257, 0.2000000000000000100 ) ;
#3752 = CARTESIAN_POINT ( 'NONE',  ( 4.050000000000003400, -0.8000000000000000400, -6.400000000000000400 ) ) ;
#3753 = EDGE_LOOP ( 'NONE', ( #2392, #2937, #4054, #3673, #1512, #4979, #23, #207 ) ) ;
#3754 = AXIS2_PLACEMENT_3D ( 'NONE', #1159, #5539, #2624 ) ;
#3755 = SURFACE_STYLE_USAGE ( .BOTH. , #2825 ) ;
#3756 = EDGE_CURVE ( 'NONE', #4225, #2278, #3944, .T. ) ;
#3757 = CARTESIAN_POINT ( 'NONE',  ( 0.5885999409341159400, 8.005000000000000800, -4.149493416380924100 ) ) ;
#3758 = CARTESIAN_POINT ( 'NONE',  ( 1.241527841744380000, 8.005000000000000800, -4.577134585831736000 ) ) ;
#3759 = CYLINDRICAL_SURFACE ( 'NONE', #6304, 0.2000000000000000100 ) ;
#3760 = CYLINDRICAL_SURFACE ( 'NONE', #4550, 2.303069206569890800 ) ;
#3761 = VERTEX_POINT ( 'NONE', #148 ) ;
#3762 = DIRECTION ( 'NONE',  ( -0.0000000000000000000, 1.000000000000000000, -0.0000000000000000000 ) ) ;
#3763 = VECTOR ( 'NONE', #3031, 1000.000000000000000 ) ;
#3764 = AXIS2_PLACEMENT_3D ( 'NONE', #6183, #5672, #3281 ) ;
#3765 = EDGE_LOOP ( 'NONE', ( #2263, #5584, #3669, #2345 ) ) ;
#3766 = DIRECTION ( 'NONE',  ( 0.0000000000000000000, -1.000000000000000000, 0.0000000000000000000 ) ) ;
#3767 =( GEOMETRIC_REPRESENTATION_CONTEXT ( 3 ) GLOBAL_UNCERTAINTY_ASSIGNED_CONTEXT ( ( #2746 ) ) GLOBAL_UNIT_ASSIGNED_CONTEXT ( ( #2252, #1710, #4143 ) ) REPRESENTATION_CONTEXT ( 'NONE', 'WORKASPACE' ) );
#3768 = EDGE_CURVE ( 'NONE', #4237, #1129, #752, .T. ) ;
#3769 = DIRECTION ( 'NONE',  ( -0.0000000000000000000, -0.0000000000000000000, -1.000000000000000000 ) ) ;
#3770 = ADVANCED_FACE ( 'NONE', ( #3318 ), #5995, .T. ) ;
#3771 = ORIENTED_EDGE ( 'NONE', *, *, #2268, .F. ) ;
#3772 = FILL_AREA_STYLE ('',( #358 ) ) ;
#3773 = CARTESIAN_POINT ( 'NONE',  ( 7.500000000000000000, 0.1999999999999996500, -6.400000000000000400 ) ) ;
#3774 = EDGE_CURVE ( 'NONE', #5623, #681, #2002, .T. ) ;
#3775 = DIRECTION ( 'NONE',  ( 0.0000000000000000000, 1.000000000000000000, -0.0000000000000000000 ) ) ;
#3776 = PRESENTATION_STYLE_ASSIGNMENT (( #2320 ) ) ;
#3777 =( GEOMETRIC_REPRESENTATION_CONTEXT ( 3 ) GLOBAL_UNCERTAINTY_ASSIGNED_CONTEXT ( ( #3347 ) ) GLOBAL_UNIT_ASSIGNED_CONTEXT ( ( #5297, #2375, #5235 ) ) REPRESENTATION_CONTEXT ( 'NONE', 'WORKASPACE' ) );
#3778 = FACE_OUTER_BOUND ( 'NONE', #4204, .T. ) ;
#3779 = ORIENTED_EDGE ( 'NONE', *, *, #1864, .F. ) ;
#3780 = CARTESIAN_POINT ( 'NONE',  ( 0.0000000000000000000, -0.8000000000000000400, -6.200000000000001100 ) ) ;
#3781 = DIRECTION ( 'NONE',  ( -5.673468883100951200E-015, -0.0000000000000000000, -1.000000000000000000 ) ) ;
#3782 =( NAMED_UNIT ( * ) SI_UNIT ( $, .STERADIAN. ) SOLID_ANGLE_UNIT ( ) );
#3783 = ORIENTED_EDGE ( 'NONE', *, *, #4733, .T. ) ;
#3784 = ADVANCED_FACE ( 'NONE', ( #1137 ), #5416, .F. ) ;
#3785 = CARTESIAN_POINT ( 'NONE',  ( 1.241527841744380200, 8.000000000000000000, -3.257208478524098000 ) ) ;
#3786 = VERTEX_POINT ( 'NONE', #4089 ) ;
#3787 = VECTOR ( 'NONE', #524, 1000.000000000000000 ) ;
#3788 = UNCERTAINTY_MEASURE_WITH_UNIT (LENGTH_MEASURE( 1.000000000000000100E-005 ), #3267, 'distance_accuracy_value', 'NONE');
#3789 = CARTESIAN_POINT ( 'NONE',  ( 2.250000000000001800, 4.929470609902312900, -3.200000000000000200 ) ) ;
#3790 =( GEOMETRIC_REPRESENTATION_CONTEXT ( 3 ) GLOBAL_UNCERTAINTY_ASSIGNED_CONTEXT ( ( #1665 ) ) GLOBAL_UNIT_ASSIGNED_CONTEXT ( ( #1733, #5164, #762 ) ) REPRESENTATION_CONTEXT ( 'NONE', 'WORKASPACE' ) );
#3791 = DIRECTION ( 'NONE',  ( 0.0000000000000000000, 0.0000000000000000000, 1.000000000000000000 ) ) ;
#3792 = VECTOR ( 'NONE', #1905, 1000.000000000000000 ) ;
#3793 = ORIENTED_EDGE ( 'NONE', *, *, #5548, .F. ) ;
#3794 = DIRECTION ( 'NONE',  ( -0.0000000000000000000, -1.000000000000000000, -0.0000000000000000000 ) ) ;
#3795 = PRESENTATION_STYLE_ASSIGNMENT (( #1251 ) ) ;
#3796 =( NAMED_UNIT ( * ) PLANE_ANGLE_UNIT ( ) SI_UNIT ( $, .RADIAN. ) );
#3797 = CARTESIAN_POINT ( 'NONE',  ( 0.4350673547405129500, 8.000000000000000000, -1.373316385216680500 ) ) ;
#3798 =( NAMED_UNIT ( * ) SI_UNIT ( $, .STERADIAN. ) SOLID_ANGLE_UNIT ( ) );
#3799 = FACE_OUTER_BOUND ( 'NONE', #2920, .T. ) ;
#3800 = CIRCLE ( 'NONE', #122, 0.2000000000000000100 ) ;
#3801 = STYLED_ITEM ( 'NONE', ( #4553 ), #4163 ) ;
#3802 = ADVANCED_FACE ( 'NONE', ( #6152 ), #6077, .F. ) ;
#3803 = DIRECTION ( 'NONE',  ( 0.0000000000000000000, -1.000000000000000000, 0.0000000000000000000 ) ) ;
#3804 =( GEOMETRIC_REPRESENTATION_CONTEXT ( 3 ) GLOBAL_UNCERTAINTY_ASSIGNED_CONTEXT ( ( #1353 ) ) GLOBAL_UNIT_ASSIGNED_CONTEXT ( ( #1441, #1924, #12 ) ) REPRESENTATION_CONTEXT ( 'NONE', 'WORKASPACE' ) );
#3805 = SURFACE_STYLE_USAGE ( .BOTH. , #2883 ) ;
#3806 = ORIENTED_EDGE ( 'NONE', *, *, #5391, .T. ) ;
#3807 = VECTOR ( 'NONE', #5754, 1000.000000000000200 ) ;
#3808 = VECTOR ( 'NONE', #5585, 1000.000000000000000 ) ;
#3809 = EDGE_CURVE ( 'NONE', #5926, #1786, #2795, .T. ) ;
#3810 = CARTESIAN_POINT ( 'NONE',  ( 4.050000000000002500, -1.000000000000000000, 5.488773498207869200E-016 ) ) ;
#3811 = AXIS2_PLACEMENT_3D ( 'NONE', #1810, #2295, #4372 ) ;
#3812 = ORIENTED_EDGE ( 'NONE', *, *, #2468, .T. ) ;
#3813 = DIRECTION ( 'NONE',  ( -0.0000000000000000000, -0.0000000000000000000, 1.000000000000000000 ) ) ;
#3814 = VERTEX_POINT ( 'NONE', #3106 ) ;
#3815 = DIRECTION ( 'NONE',  ( 0.0000000000000000000, -1.000000000000000000, 0.0000000000000000000 ) ) ;
#3816 = ADVANCED_FACE ( 'NONE', ( #2724 ), #4606, .F. ) ;
#3817 = ORIENTED_EDGE ( 'NONE', *, *, #156, .F. ) ;
#3818 = CARTESIAN_POINT ( 'NONE',  ( 0.5885729675345048300, 8.005000000000000800, -2.424323869812436100 ) ) ;
#3819 = SPHERICAL_SURFACE ( 'NONE', #5317, 0.2000000000000000100 ) ;
#3820 = DIRECTION ( 'NONE',  ( -0.0000000000000000000, -1.000000000000000000, -0.0000000000000000000 ) ) ;
#3821 = DIRECTION ( 'NONE',  ( 0.0000000000000000000, -1.000000000000000000, 0.0000000000000000000 ) ) ;
#3822 = ORIENTED_EDGE ( 'NONE', *, *, #5285, .F. ) ;
#3823 = EDGE_CURVE ( 'NONE', #961, #4462, #3860, .T. ) ;
#3824 = STYLED_ITEM ( 'NONE', ( #2245 ), #6283 ) ;
#3825 = CARTESIAN_POINT ( 'NONE',  ( 6.023554065593562400, 7.800000000000000700, 0.0000000000000000000 ) ) ;
#3826 = ORIENTED_EDGE ( 'NONE', *, *, #28, .T. ) ;
#3827 = UNCERTAINTY_MEASURE_WITH_UNIT (LENGTH_MEASURE( 1.000000000000000100E-005 ), #567, 'distance_accuracy_value', 'NONE');
#3828 = ORIENTED_EDGE ( 'NONE', *, *, #3394, .F. ) ;
#3829 =( LENGTH_UNIT ( ) NAMED_UNIT ( * ) SI_UNIT ( .MILLI., .METRE. ) );
#3830 = CARTESIAN_POINT ( 'NONE',  ( 1.476445934406436700, 8.000000000000000000, -0.2000000000000000100 ) ) ;
#3831 = LINE ( 'NONE', #5775, #2083 ) ;
#3832 = VECTOR ( 'NONE', #658, 1000.000000000000000 ) ;
#3833 = ORIENTED_EDGE ( 'NONE', *, *, #2427, .T. ) ;
#3834 = DIRECTION ( 'NONE',  ( 0.0000000000000000000, 0.0000000000000000000, 1.000000000000000000 ) ) ;
#3835 = DIRECTION ( 'NONE',  ( -0.9237839814038612000, -0.0000000000000000000, 0.3829140317377133800 ) ) ;
#3836 =( LENGTH_UNIT ( ) NAMED_UNIT ( * ) SI_UNIT ( .MILLI., .METRE. ) );
#3837 = LINE ( 'NONE', #467, #1737 ) ;
#3838 = EDGE_LOOP ( 'NONE', ( #5415, #424, #1645, #439 ) ) ;
#3839 = SURFACE_STYLE_USAGE ( .BOTH. , #2460 ) ;
#3840 = AXIS2_PLACEMENT_3D ( 'NONE', #83, #5015, #2037 ) ;
#3841 = DIRECTION ( 'NONE',  ( -1.000000000000000000, -0.0000000000000000000, 0.0000000000000000000 ) ) ;
#3842 = CARTESIAN_POINT ( 'NONE',  ( 0.7386014640062313900, 8.005000000000000800, -4.451933876929233600 ) ) ;
#3843 = FACE_OUTER_BOUND ( 'NONE', #2163, .T. ) ;
#3844 = ORIENTED_EDGE ( 'NONE', *, *, #1295, .T. ) ;
#3845 = DIRECTION ( 'NONE',  ( 9.098923155897435000E-017, 0.0000000000000000000, 1.000000000000000000 ) ) ;
#3846 = AXIS2_PLACEMENT_3D ( 'NONE', #1116, #5019, #5000 ) ;
#3847 = VECTOR ( 'NONE', #100, 1000.000000000000000 ) ;
#3848 = EDGE_CURVE ( 'NONE', #3486, #1877, #363, .T. ) ;
#3849 = ADVANCED_FACE ( 'NONE', ( #5989 ), #771, .F. ) ;
#3850 = CARTESIAN_POINT ( 'NONE',  ( 4.767125327239029700, 2.845415267842974500, -2.219774974057284700 ) ) ;
#3851 = MECHANICAL_DESIGN_GEOMETRIC_PRESENTATION_REPRESENTATION (  '', ( #1376 ), #5922 ) ;
#3852 =( NAMED_UNIT ( * ) PLANE_ANGLE_UNIT ( ) SI_UNIT ( $, .RADIAN. ) );
#3853 = LINE ( 'NONE', #5341, #57 ) ;
#3854 = VERTEX_POINT ( 'NONE', #2130 ) ;
#3855 = EDGE_CURVE ( 'NONE', #2215, #4362, #1131, .T. ) ;
#3856 = CARTESIAN_POINT ( 'NONE',  ( 1.011213088402185500, 8.005000000000000800, -3.228222735039017800 ) ) ;
#3857 = FACE_OUTER_BOUND ( 'NONE', #3301, .T. ) ;
#3858 = ORIENTED_EDGE ( 'NONE', *, *, #4230, .T. ) ;
#3859 = SURFACE_STYLE_USAGE ( .BOTH. , #1380 ) ;
#3860 = LINE ( 'NONE', #5132, #135 ) ;
#3861 = EDGE_CURVE ( 'NONE', #3252, #610, #3250, .T. ) ;
#3862 = CARTESIAN_POINT ( 'NONE',  ( 1.241527841744380500, 8.000000000000000000, -2.876307305006477100 ) ) ;
#3863 = EDGE_CURVE ( 'NONE', #4497, #1571, #5543, .T. ) ;
#3864 = DIRECTION ( 'NONE',  ( 0.9612861490927322400, 0.0000000000000000000, 0.2755520632520565600 ) ) ;
#3865 = AXIS2_PLACEMENT_3D ( 'NONE', #3707, #3240, #3750 ) ;
#3866 = CARTESIAN_POINT ( 'NONE',  ( 4.250000000000001800, 0.0000000000000000000, -0.2000000000000000100 ) ) ;
#3867 = VERTEX_POINT ( 'NONE', #3130 ) ;
#3868 = CARTESIAN_POINT ( 'NONE',  ( 3.250000000000001300, -0.8000000000000000400, -6.400000000000000400 ) ) ;
#3869 = CARTESIAN_POINT ( 'NONE',  ( 2.450000000000002000, 2.845415267842974500, -4.180225025942715600 ) ) ;
#3870 = VECTOR ( 'NONE', #5359, 1000.000000000000000 ) ;
#3871 = DIRECTION ( 'NONE',  ( 0.0000000000000000000, 0.0000000000000000000, -1.000000000000000000 ) ) ;
#3872 = CIRCLE ( 'NONE', #4113, 0.2999999999999999300 ) ;
#3873 = ORIENTED_EDGE ( 'NONE', *, *, #5583, .T. ) ;
#3874 =( GEOMETRIC_REPRESENTATION_CONTEXT ( 3 ) GLOBAL_UNCERTAINTY_ASSIGNED_CONTEXT ( ( #3748 ) ) GLOBAL_UNIT_ASSIGNED_CONTEXT ( ( #2708, #369, #6149 ) ) REPRESENTATION_CONTEXT ( 'NONE', 'WORKASPACE' ) );
#3875 = EDGE_CURVE ( 'NONE', #1105, #1933, #4879, .T. ) ;
#3876 = FILL_AREA_STYLE_COLOUR ( '', #5304 ) ;
#3877 = DIRECTION ( 'NONE',  ( 0.3829140317377134300, -0.0000000000000000000, 0.9237839814038613100 ) ) ;
#3878 = LINE ( 'NONE', #800, #2666 ) ;
#3879 = COLOUR_RGB ( '',0.8980392156862745400, 0.9215686274509803400, 0.9294117647058823800 ) ;
#3880 = DIRECTION ( 'NONE',  ( 0.0000000000000000000, -1.000000000000000000, 0.0000000000000000000 ) ) ;
#3881 = MECHANICAL_DESIGN_GEOMETRIC_PRESENTATION_REPRESENTATION (  '', ( #3416 ), #5518 ) ;
#3882 = CARTESIAN_POINT ( 'NONE',  ( 0.7386014640062313900, 8.005000000000000800, -4.451933876929233600 ) ) ;
#3883 = LINE ( 'NONE', #3672, #2511 ) ;
#3884 = ADVANCED_FACE ( 'NONE', ( #4715 ), #2780, .F. ) ;
#3885 = PLANE ( 'NONE',  #1257 ) ;
#3886 = CARTESIAN_POINT ( 'NONE',  ( 0.4350673547405130000, 8.005000000000000800, -2.835354329834380800 ) ) ;
#3887 = CARTESIAN_POINT ( 'NONE',  ( 5.050000000000002500, 4.929470609902312900, -3.200000000000000200 ) ) ;
#3888 = ORIENTED_EDGE ( 'NONE', *, *, #3431, .F. ) ;
#3889 = DIRECTION ( 'NONE',  ( 0.9610029908221285900, 0.0000000000000000000, 0.2765379750249930000 ) ) ;
#3890 = STYLED_ITEM ( 'NONE', ( #172 ), #978 ) ;
#3891 = FACE_OUTER_BOUND ( 'NONE', #178, .T. ) ;
#3892 = SURFACE_STYLE_USAGE ( .BOTH. , #6255 ) ;
#3893 = DIRECTION ( 'NONE',  ( 0.0000000000000000000, 0.0000000000000000000, -1.000000000000000000 ) ) ;
#3894 = VECTOR ( 'NONE', #4138, 1000.000000000000000 ) ;
#3895 = VERTEX_POINT ( 'NONE', #3222 ) ;
#3896 = EDGE_CURVE ( 'NONE', #1129, #1558, #3079, .T. ) ;
#3897 = CARTESIAN_POINT ( 'NONE',  ( 1.210000000000000200, -6.500000000000000000, -1.930000000000000400 ) ) ;
#3898 = PRESENTATION_LAYER_ASSIGNMENT (  '', '', ( #203 ) ) ;
#3899 = DIRECTION ( 'NONE',  ( 1.000000000000000000, 0.0000000000000000000, 0.0000000000000000000 ) ) ;
#3900 = EDGE_LOOP ( 'NONE', ( #6181, #5241, #896, #4453 ) ) ;
#3901 = DIRECTION ( 'NONE',  ( 5.673468883100952700E-015, 0.0000000000000000000, 1.000000000000000000 ) ) ;
#3902 = EDGE_LOOP ( 'NONE', ( #3771, #2612, #4708, #3332 ) ) ;
#3903 = CARTESIAN_POINT ( 'NONE',  ( 4.767125327239030600, 0.0000000000000000000, -4.180225025942715600 ) ) ;
#3904 = ORIENTED_EDGE ( 'NONE', *, *, #271, .T. ) ;
#3905 = CARTESIAN_POINT ( 'NONE',  ( 1.476445934406437600, 0.1999999999999996500, -6.400000000000000400 ) ) ;
#3906 = CARTESIAN_POINT ( 'NONE',  ( 4.567125327239032200, 8.000000000000000000, -0.2000000000000000100 ) ) ;
#3907 = CARTESIAN_POINT ( 'NONE',  ( 4.567125327239032200, 0.1999999999999996500, 0.0000000000000000000 ) ) ;
#3908 = SURFACE_STYLE_USAGE ( .BOTH. , #3398 ) ;
#3909 = COLOUR_RGB ( '',0.7921568627450980000, 0.8196078431372548800, 0.9333333333333333500 ) ;
#3910 = VERTEX_POINT ( 'NONE', #4185 ) ;
#3911 = PRESENTATION_LAYER_ASSIGNMENT (  '', '', ( #3579 ) ) ;
#3912 = UNCERTAINTY_MEASURE_WITH_UNIT (LENGTH_MEASURE( 1.000000000000000100E-005 ), #767, 'distance_accuracy_value', 'NONE');
#3913 = EDGE_CURVE ( 'NONE', #4129, #2690, #1670, .T. ) ;
#3914 = ORIENTED_EDGE ( 'NONE', *, *, #4065, .T. ) ;
#3915 =( NAMED_UNIT ( * ) SI_UNIT ( $, .STERADIAN. ) SOLID_ANGLE_UNIT ( ) );
#3916 = VERTEX_POINT ( 'NONE', #3752 ) ;
#3917 = EDGE_LOOP ( 'NONE', ( #2187, #2856, #6035, #2210, #109, #3663, #5264, #5757 ) ) ;
#3918 = ADVANCED_FACE ( 'NONE', ( #5462 ), #3932, .T. ) ;
#3919 = CARTESIAN_POINT ( 'NONE',  ( 6.023554065593562400, 7.800000000000000700, -0.1999999999999996500 ) ) ;
#3920 = DIRECTION ( 'NONE',  ( 0.9610992334315716600, -0.0000000000000000000, 0.2762033010252509800 ) ) ;
#3921 = STYLED_ITEM ( 'NONE', ( #5613 ), #2803 ) ;
#3922 = ORIENTED_EDGE ( 'NONE', *, *, #5270, .F. ) ;
#3923 = ORIENTED_EDGE ( 'NONE', *, *, #3428, .F. ) ;
#3924 = DIRECTION ( 'NONE',  ( 0.0000000000000000000, 0.0000000000000000000, -1.000000000000000000 ) ) ;
#3925 = SURFACE_SIDE_STYLE ('',( #680 ) ) ;
#3926 = DIRECTION ( 'NONE',  ( 7.789445345576081700E-017, 0.0000000000000000000, 1.000000000000000000 ) ) ;
#3927 = FACE_OUTER_BOUND ( 'NONE', #4496, .T. ) ;
#3928 = VERTEX_POINT ( 'NONE', #1834 ) ;
#3929 = FILL_AREA_STYLE_COLOUR ( '', #1336 ) ;
#3930 = PRESENTATION_LAYER_ASSIGNMENT (  '', '', ( #6213 ) ) ;
#3931 = CARTESIAN_POINT ( 'NONE',  ( 2.732874672760973400, 2.845415267842974500, -4.180225025942715600 ) ) ;
#3932 = CYLINDRICAL_SURFACE ( 'NONE', #2596, 0.2000000000000000900 ) ;
#3933 = DIRECTION ( 'NONE',  ( 1.000000000000000000, 0.0000000000000000000, -0.0000000000000000000 ) ) ;
#3934 = PRESENTATION_STYLE_ASSIGNMENT (( #3892 ) ) ;
#3935 = ORIENTED_EDGE ( 'NONE', *, *, #1495, .T. ) ;
#3936 = CARTESIAN_POINT ( 'NONE',  ( 0.4350673547405130000, 8.000000000000000000, -1.602943381662248500 ) ) ;
#3937 = EDGE_CURVE ( 'NONE', #5287, #861, #3245, .T. ) ;
#3938 = DIRECTION ( 'NONE',  ( 0.0000000000000000000, 0.0000000000000000000, 1.000000000000000000 ) ) ;
#3939 = CARTESIAN_POINT ( 'NONE',  ( -1.650596180596158100E-015, 4.054010373035235500, -6.400000000000000400 ) ) ;
#3940 = PLANE ( 'NONE',  #3484 ) ;
#3941 = SURFACE_SIDE_STYLE ('',( #5928 ) ) ;
#3942 = VECTOR ( 'NONE', #4055, 1000.000000000000000 ) ;
#3943 = ORIENTED_EDGE ( 'NONE', *, *, #1790, .T. ) ;
#3944 = LINE ( 'NONE', #4474, #3391 ) ;
#3945 = CARTESIAN_POINT ( 'NONE',  ( 1.676445934406436600, 0.0000000000000000000, -4.180225025942715600 ) ) ;
#3946 = VERTEX_POINT ( 'NONE', #813 ) ;
#3947 = VECTOR ( 'NONE', #2223, 1000.000000000000000 ) ;
#3948 = EDGE_CURVE ( 'NONE', #3466, #1401, #2111, .T. ) ;
#3949 = ADVANCED_FACE ( 'NONE', ( #888 ), #5189, .F. ) ;
#3950 =( GEOMETRIC_REPRESENTATION_CONTEXT ( 3 ) GLOBAL_UNCERTAINTY_ASSIGNED_CONTEXT ( ( #2705 ) ) GLOBAL_UNIT_ASSIGNED_CONTEXT ( ( #704, #5531, #194 ) ) REPRESENTATION_CONTEXT ( 'NONE', 'WORKASPACE' ) );
#3951 = CARTESIAN_POINT ( 'NONE',  ( 4.767125327239031500, 4.254010373035233900, -6.317157287525380300 ) ) ;
#3952 = CARTESIAN_POINT ( 'NONE',  ( 1.210000000000000200, -6.500000000000000000, -1.630000000000000300 ) ) ;
#3953 = EDGE_LOOP ( 'NONE', ( #5633, #4506, #595, #5073 ) ) ;
#3954 = COLOUR_RGB ( '',0.1019607843137254900, 0.1019607843137254900, 0.1019607843137254900 ) ;
#3955 = FACE_OUTER_BOUND ( 'NONE', #1865, .T. ) ;
#3956 = CARTESIAN_POINT ( 'NONE',  ( 5.159416538713611700, 2.872365940043745800, -2.219774974057283900 ) ) ;
#3957 = PLANE ( 'NONE',  #295 ) ;
#3958 = ORIENTED_EDGE ( 'NONE', *, *, #2266, .F. ) ;
#3959 = LINE ( 'NONE', #4203, #5107 ) ;
#3960 = COLOUR_RGB ( '',0.1019607843137254900, 0.1019607843137254900, 0.1019607843137254900 ) ;
#3961 = CARTESIAN_POINT ( 'NONE',  ( 0.4350673547405128300, 8.005000000000000800, -3.964838432828492000 ) ) ;
#3962 = CARTESIAN_POINT ( 'NONE',  ( 1.676445934406436600, 8.000000000000000000, -0.1999999999999996500 ) ) ;
#3963 = DIRECTION ( 'NONE',  ( 1.000000000000000000, -0.0000000000000000000, 0.0000000000000000000 ) ) ;
#3964 = VECTOR ( 'NONE', #1562, 1000.000000000000000 ) ;
#3965 =( GEOMETRIC_REPRESENTATION_CONTEXT ( 3 ) GLOBAL_UNCERTAINTY_ASSIGNED_CONTEXT ( ( #4382 ) ) GLOBAL_UNIT_ASSIGNED_CONTEXT ( ( #4106, #4145, #1715 ) ) REPRESENTATION_CONTEXT ( 'NONE', 'WORKASPACE' ) );
#3966 = STYLED_ITEM ( 'NONE', ( #85 ), #61 ) ;
#3967 = CARTESIAN_POINT ( 'NONE',  ( 7.299999999999999800, 7.800000000000000700, -0.2000000000000000100 ) ) ;
#3968 = DIRECTION ( 'NONE',  ( 1.000000000000000000, 0.0000000000000000000, 3.907430924870044500E-016 ) ) ;
#3969 = CARTESIAN_POINT ( 'NONE',  ( 0.2000000000000000100, 8.000000000000000000, -0.2000000000000000100 ) ) ;
#3970 = LINE ( 'NONE', #4729, #784 ) ;
#3971 = SURFACE_SIDE_STYLE ('',( #932 ) ) ;
#3972 = CARTESIAN_POINT ( 'NONE',  ( 1.241527841744380200, 8.000000000000000000, -3.635816913140191200 ) ) ;
#3973 = ORIENTED_EDGE ( 'NONE', *, *, #5169, .F. ) ;
#3974 = DIRECTION ( 'NONE',  ( -1.000000000000000000, -0.0000000000000000000, -8.210319413871544100E-016 ) ) ;
#3975 = AXIS2_PLACEMENT_3D ( 'NONE', #3618, #4614, #5997 ) ;
#3976 = EDGE_CURVE ( 'NONE', #866, #5945, #5683, .T. ) ;
#3977 = LINE ( 'NONE', #4687, #3746 ) ;
#3978 = CARTESIAN_POINT ( 'NONE',  ( 0.8876613702460888200, 8.005000000000000800, -4.409350236543372300 ) ) ;
#3979 = ORIENTED_EDGE ( 'NONE', *, *, #5484, .F. ) ;
#3980 = ADVANCED_FACE ( 'NONE', ( #3857 ), #4473, .T. ) ;
#3981 = DIRECTION ( 'NONE',  ( 0.2764273280489141800, 0.0000000000000000000, -0.9610348236706816000 ) ) ;
#3982 =( LENGTH_UNIT ( ) NAMED_UNIT ( * ) SI_UNIT ( .MILLI., .METRE. ) );
#3983 = FACE_OUTER_BOUND ( 'NONE', #4246, .T. ) ;
#3984 = EDGE_CURVE ( 'NONE', #26, #717, #5615, .T. ) ;
#3985 = VERTEX_POINT ( 'NONE', #4843 ) ;
#3986 = CARTESIAN_POINT ( 'NONE',  ( 5.250000000000001800, 4.254010373035235700, -2.219774974057284300 ) ) ;
#3987 = VERTEX_POINT ( 'NONE', #400 ) ;
#3988 = AXIS2_PLACEMENT_3D ( 'NONE', #4940, #88, #4976 ) ;
#3989 = VECTOR ( 'NONE', #5540, 1000.000000000000000 ) ;
#3990 = CYLINDRICAL_SURFACE ( 'NONE', #4885, 0.2000000000000000100 ) ;
#3991 = ORIENTED_EDGE ( 'NONE', *, *, #3385, .T. ) ;
#3992 = CARTESIAN_POINT ( 'NONE',  ( 3.450000000000001100, -0.8000000000000000400, -6.400000000000000400 ) ) ;
#3993 = UNCERTAINTY_MEASURE_WITH_UNIT (LENGTH_MEASURE( 1.000000000000000100E-005 ), #3648, 'distance_accuracy_value', 'NONE');
#3994 =( NAMED_UNIT ( * ) PLANE_ANGLE_UNIT ( ) SI_UNIT ( $, .RADIAN. ) );
#3995 = CARTESIAN_POINT ( 'NONE',  ( 3.450000000000001100, -1.000000000000000000, -6.200000000000001100 ) ) ;
#3996 = COLOUR_RGB ( '',0.1019607843137254900, 0.1019607843137254900, 0.1019607843137254900 ) ;
#3997 =( LENGTH_UNIT ( ) NAMED_UNIT ( * ) SI_UNIT ( .MILLI., .METRE. ) );
#3998 = AXIS2_PLACEMENT_3D ( 'NONE', #799, #3718, #4720 ) ;
#3999 = EDGE_CURVE ( 'NONE', #3379, #4903, #5676, .T. ) ;
#4000 = VECTOR ( 'NONE', #486, 1000.000000000000000 ) ;
#4001 = EDGE_LOOP ( 'NONE', ( #1143, #5130, #4 ) ) ;
#4002 = SURFACE_STYLE_USAGE ( .BOTH. , #2529 ) ;
#4003 = DIRECTION ( 'NONE',  ( 0.0000000000000000000, 0.0000000000000000000, -1.000000000000000000 ) ) ;
#4004 = PRESENTATION_STYLE_ASSIGNMENT (( #60 ) ) ;
#4005 = CARTESIAN_POINT ( 'NONE',  ( 1.476445934406436700, 7.800000000000000700, -0.2000000000000000100 ) ) ;
#4006 = LINE ( 'NONE', #795, #5673 ) ;
#4007 = VERTEX_POINT ( 'NONE', #1932 ) ;
#4008 = PRESENTATION_LAYER_ASSIGNMENT (  '', '', ( #4046 ) ) ;
#4009 = DIRECTION ( 'NONE',  ( 0.0000000000000000000, 0.0000000000000000000, 1.000000000000000000 ) ) ;
#4010 = LINE ( 'NONE', #4354, #4162 ) ;
#4011 =( NAMED_UNIT ( * ) PLANE_ANGLE_UNIT ( ) SI_UNIT ( $, .RADIAN. ) );
#4012 = ORIENTED_EDGE ( 'NONE', *, *, #1790, .F. ) ;
#4013 = DIRECTION ( 'NONE',  ( 9.768577312175115000E-017, -0.0000000000000000000, 1.000000000000000000 ) ) ;
#4014 = CARTESIAN_POINT ( 'NONE',  ( 2.450000000000002000, 4.929470609902312900, -3.200000000000000200 ) ) ;
#4015 = DIRECTION ( 'NONE',  ( 1.000000000000000000, 0.0000000000000000000, -1.953715462435022800E-016 ) ) ;
#4016 = DIRECTION ( 'NONE',  ( -0.0000000000000000000, -1.000000000000000000, -0.0000000000000000000 ) ) ;
#4017 = MECHANICAL_DESIGN_GEOMETRIC_PRESENTATION_REPRESENTATION (  '', ( #503 ), #629 ) ;
#4018 = SURFACE_SIDE_STYLE ('',( #3134 ) ) ;
#4019 = AXIS2_PLACEMENT_3D ( 'NONE', #372, #3769, #4261 ) ;
#4020 = EDGE_LOOP ( 'NONE', ( #5536, #5893, #1341, #5062 ) ) ;
#4021 = EDGE_CURVE ( 'NONE', #18, #6297, #4010, .T. ) ;
#4022 = CARTESIAN_POINT ( 'NONE',  ( 4.250000000000001800, -1.000000000000000000, 9.289713379543290500E-017 ) ) ;
#4023 = DIRECTION ( 'NONE',  ( -1.000000000000000000, -0.0000000000000000000, -0.0000000000000000000 ) ) ;
#4024 = PRESENTATION_STYLE_ASSIGNMENT (( #4099 ) ) ;
#4025 = ORIENTED_EDGE ( 'NONE', *, *, #6182, .T. ) ;
#4026 = DIRECTION ( 'NONE',  ( 0.0000000000000000000, 0.0000000000000000000, -1.000000000000000000 ) ) ;
#4027 = SURFACE_STYLE_FILL_AREA ( #2939 ) ;
#4028 = AXIS2_PLACEMENT_3D ( 'NONE', #5085, #4747, #3279 ) ;
#4029 = CARTESIAN_POINT ( 'NONE',  ( 0.0000000000000000000, 8.000000000000000000, -6.400000000000000400 ) ) ;
#4030 = AXIS2_PLACEMENT_3D ( 'NONE', #4646, #5084, #3582 ) ;
#4031 = VECTOR ( 'NONE', #3835, 1000.000000000000200 ) ;
#4032 = CARTESIAN_POINT ( 'NONE',  ( 1.241527841744380000, 8.000000000000000000, -4.342176664924645400 ) ) ;
#4033 = ORIENTED_EDGE ( 'NONE', *, *, #4470, .T. ) ;
#4034 = FILL_AREA_STYLE_COLOUR ( '', #4806 ) ;
#4035 = FILL_AREA_STYLE ('',( #2145 ) ) ;
#4036 = COLOUR_RGB ( '',0.1019607843137254900, 0.1019607843137254900, 0.1019607843137254900 ) ;
#4037 = ORIENTED_EDGE ( 'NONE', *, *, #840, .T. ) ;
#4038 = MECHANICAL_DESIGN_GEOMETRIC_PRESENTATION_REPRESENTATION (  '', ( #5025 ), #5861 ) ;
#4039 = LINE ( 'NONE', #4635, #7 ) ;
#4040 = CARTESIAN_POINT ( 'NONE',  ( 0.4350673547405130600, 8.005000000000000800, -2.239568348400532200 ) ) ;
#4041 = DIRECTION ( 'NONE',  ( -0.7145695586381787300, 0.0000000000000000000, 0.6995643972270447800 ) ) ;
#4042 = CARTESIAN_POINT ( 'NONE',  ( 4.050000000000002500, 0.1999999999999996500, 0.0000000000000000000 ) ) ;
#4043 =( NAMED_UNIT ( * ) SI_UNIT ( $, .STERADIAN. ) SOLID_ANGLE_UNIT ( ) );
#4044 = CARTESIAN_POINT ( 'NONE',  ( 2.732874672760973400, 2.845415267842974500, -2.219774974057284700 ) ) ;
#4045 = CIRCLE ( 'NONE', #3364, 0.2000000000000000100 ) ;
#4046 = STYLED_ITEM ( 'NONE', ( #5454 ), #2727 ) ;
#4047 = FILL_AREA_STYLE_COLOUR ( '', #2518 ) ;
#4048 =( NAMED_UNIT ( * ) SI_UNIT ( $, .STERADIAN. ) SOLID_ANGLE_UNIT ( ) );
#4049 =( NAMED_UNIT ( * ) PLANE_ANGLE_UNIT ( ) SI_UNIT ( $, .RADIAN. ) );
#4050 = CARTESIAN_POINT ( 'NONE',  ( 1.676445934406436600, 0.0000000000000000000, -4.180225025942715600 ) ) ;
#4051 = ORIENTED_EDGE ( 'NONE', *, *, #3937, .F. ) ;
#4052 = ORIENTED_EDGE ( 'NONE', *, *, #38, .F. ) ;
#4053 = DIRECTION ( 'NONE',  ( 0.0000000000000000000, 0.0000000000000000000, -1.000000000000000000 ) ) ;
#4054 = ORIENTED_EDGE ( 'NONE', *, *, #1623, .T. ) ;
#4055 = DIRECTION ( 'NONE',  ( -0.6995643972270447800, -0.0000000000000000000, -0.7145695586381787300 ) ) ;
#4056 = PRESENTATION_LAYER_ASSIGNMENT (  '', '', ( #3047 ) ) ;
#4057 = CARTESIAN_POINT ( 'NONE',  ( 0.4350673547405129500, 8.000000000000000000, -3.513972164922811700 ) ) ;
#4058 = COLOUR_RGB ( '',0.1019607843137254900, 0.1019607843137254900, 0.1019607843137254900 ) ;
#4059 = DIRECTION ( 'NONE',  ( 1.000000000000000000, 0.0000000000000000000, 0.0000000000000000000 ) ) ;
#4060 = DIRECTION ( 'NONE',  ( 0.0000000000000000000, -0.0000000000000000000, -1.000000000000000000 ) ) ;
#4061 = CIRCLE ( 'NONE', #1352, 0.1999999999999996500 ) ;
#4062 = SURFACE_STYLE_FILL_AREA ( #3122 ) ;
#4063 = ORIENTED_EDGE ( 'NONE', *, *, #6048, .T. ) ;
#4064 = EDGE_LOOP ( 'NONE', ( #1178, #2528, #4251 ) ) ;
#4065 = EDGE_CURVE ( 'NONE', #5669, #2429, #2026, .T. ) ;
#4066 = DIRECTION ( 'NONE',  ( -0.0000000000000000000, -1.000000000000000000, -0.0000000000000000000 ) ) ;
#4067 =( GEOMETRIC_REPRESENTATION_CONTEXT ( 3 ) GLOBAL_UNCERTAINTY_ASSIGNED_CONTEXT ( ( #950 ) ) GLOBAL_UNIT_ASSIGNED_CONTEXT ( ( #6291, #3420, #925 ) ) REPRESENTATION_CONTEXT ( 'NONE', 'WORKASPACE' ) );
#4068 = EDGE_CURVE ( 'NONE', #2067, #1861, #1500, .T. ) ;
#4069 = EDGE_LOOP ( 'NONE', ( #1712, #4743, #5772, #889 ) ) ;
#4070 = PRESENTATION_STYLE_ASSIGNMENT (( #2894 ) ) ;
#4071 = ORIENTED_EDGE ( 'NONE', *, *, #596, .T. ) ;
#4072 = DIRECTION ( 'NONE',  ( 0.0000000000000000000, -1.000000000000000000, 0.0000000000000000000 ) ) ;
#4073 =( NAMED_UNIT ( * ) PLANE_ANGLE_UNIT ( ) SI_UNIT ( $, .RADIAN. ) );
#4074 = ORIENTED_EDGE ( 'NONE', *, *, #68, .T. ) ;
#4075 = VECTOR ( 'NONE', #2043, 1000.000000000000000 ) ;
#4076 = EDGE_CURVE ( 'NONE', #3445, #3720, #1121, .T. ) ;
#4077 = SURFACE_SIDE_STYLE ('',( #3733 ) ) ;
#4078 = VECTOR ( 'NONE', #2340, 1000.000000000000000 ) ;
#4079 = ORIENTED_EDGE ( 'NONE', *, *, #1255, .T. ) ;
#4080 = FILL_AREA_STYLE_COLOUR ( '', #2506 ) ;
#4081 = PRESENTATION_LAYER_ASSIGNMENT (  '', '', ( #367 ) ) ;
#4082 =( BOUNDED_CURVE ( )  B_SPLINE_CURVE ( 3, ( #2030, #2547, #3032, #3492 ),
 .UNSPECIFIED., .F., .T. ) 
 B_SPLINE_CURVE_WITH_KNOTS ( ( 4, 4 ),
 ( 1.570796326794896800, 3.141592653589793100 ),
 .UNSPECIFIED. ) 
 CURVE ( )  GEOMETRIC_REPRESENTATION_ITEM ( )  RATIONAL_B_SPLINE_CURVE ( ( 1.000000000000000000, 0.8047378541243650500, 0.8047378541243650500, 1.000000000000000000 ) ) 
 REPRESENTATION_ITEM ( '' )  );
#4083 = CARTESIAN_POINT ( 'NONE',  ( 0.8876613702446638500, 8.005000000000000800, -2.684234636770967500 ) ) ;
#4084 = ORIENTED_EDGE ( 'NONE', *, *, #4478, .F. ) ;
#4085 = CIRCLE ( 'NONE', #3642, 2.303069206569890300 ) ;
#4086 = ORIENTED_EDGE ( 'NONE', *, *, #641, .F. ) ;
#4087 = SURFACE_STYLE_USAGE ( .BOTH. , #4670 ) ;
#4088 = CARTESIAN_POINT ( 'NONE',  ( 1.241527841744380200, 8.005000000000000800, -3.257208478524097600 ) ) ;
#4089 = CARTESIAN_POINT ( 'NONE',  ( 4.050000000000003400, 0.1999999999999996500, -6.400000000000000400 ) ) ;
#4090 = CYLINDRICAL_SURFACE ( 'NONE', #3754, 0.3000000000000001600 ) ;
#4091 = ORIENTED_EDGE ( 'NONE', *, *, #6266, .T. ) ;
#4092 = CARTESIAN_POINT ( 'NONE',  ( 1.210000000000000200, 0.0000000000000000000, -1.930000000000000400 ) ) ;
#4093 = DIRECTION ( 'NONE',  ( 0.9611638845405788800, 0.0000000000000000000, 0.2759782365601763900 ) ) ;
#4094 = DIRECTION ( 'NONE',  ( -0.0000000000000000000, -1.000000000000000000, -0.0000000000000000000 ) ) ;
#4095 = ORIENTED_EDGE ( 'NONE', *, *, #2250, .T. ) ;
#4096 = EDGE_CURVE ( 'NONE', #4851, #2233, #743, .T. ) ;
#4097 = VECTOR ( 'NONE', #5048, 1000.000000000000000 ) ;
#4098 = CARTESIAN_POINT ( 'NONE',  ( 1.241527841744380200, 8.000000000000000000, -3.430882837268343500 ) ) ;
#4099 = SURFACE_STYLE_USAGE ( .BOTH. , #208 ) ;
#4100 = CARTESIAN_POINT ( 'NONE',  ( 4.250000000000001800, 0.0000000000000000000, 9.289713379543290500E-017 ) ) ;
#4101 = ORIENTED_EDGE ( 'NONE', *, *, #3580, .F. ) ;
#4102 = CIRCLE ( 'NONE', #3840, 0.2000000000000000100 ) ;
#4103 = DIRECTION ( 'NONE',  ( 0.0000000000000000000, 0.0000000000000000000, -1.000000000000000000 ) ) ;
#4104 = PRESENTATION_LAYER_ASSIGNMENT (  '', '', ( #3683 ) ) ;
#4105 = PLANE ( 'NONE',  #4573 ) ;
#4106 =( LENGTH_UNIT ( ) NAMED_UNIT ( * ) SI_UNIT ( .MILLI., .METRE. ) );
#4107 = CARTESIAN_POINT ( 'NONE',  ( 0.5907974110767845200, 8.005000000000000800, -5.214709366609894500 ) ) ;
#4108 = VECTOR ( 'NONE', #5076, 1000.000000000000000 ) ;
#4109 = DIRECTION ( 'NONE',  ( -0.0000000000000000000, 1.000000000000000000, -0.0000000000000000000 ) ) ;
#4110 = ORIENTED_EDGE ( 'NONE', *, *, #2231, .F. ) ;
#4111 = EDGE_CURVE ( 'NONE', #1732, #4936, #4871, .T. ) ;
#4112 =( NAMED_UNIT ( * ) PLANE_ANGLE_UNIT ( ) SI_UNIT ( $, .RADIAN. ) );
#4113 = AXIS2_PLACEMENT_3D ( 'NONE', #6305, #3880, #3791 ) ;
#4114 = PRESENTATION_LAYER_ASSIGNMENT (  '', '', ( #3693 ) ) ;
#4115 = SURFACE_STYLE_USAGE ( .BOTH. , #265 ) ;
#4116 = PRESENTATION_STYLE_ASSIGNMENT (( #915 ) ) ;
#4117 = CIRCLE ( 'NONE', #498, 2.303069206569890800 ) ;
#4118 = DIRECTION ( 'NONE',  ( 1.000000000000000000, 0.0000000000000000000, -0.0000000000000000000 ) ) ;
#4119 = VECTOR ( 'NONE', #2725, 1000.000000000000000 ) ;
#4120 = EDGE_CURVE ( 'NONE', #5166, #158, #1806, .T. ) ;
#4121 = VERTEX_POINT ( 'NONE', #4817 ) ;
#4122 =( NAMED_UNIT ( * ) PLANE_ANGLE_UNIT ( ) SI_UNIT ( $, .RADIAN. ) );
#4123 = PLANE ( 'NONE',  #4030 ) ;
#4124 = DIRECTION ( 'NONE',  ( -0.0000000000000000000, 1.000000000000000000, 0.0000000000000000000 ) ) ;
#4125 =( NAMED_UNIT ( * ) PLANE_ANGLE_UNIT ( ) SI_UNIT ( $, .RADIAN. ) );
#4126 = VECTOR ( 'NONE', #3527, 1000.000000000000000 ) ;
#4127 = MECHANICAL_DESIGN_GEOMETRIC_PRESENTATION_REPRESENTATION (  '', ( #3261 ), #6204 ) ;
#4128 = VECTOR ( 'NONE', #4865, 1000.000000000000000 ) ;
#4129 = VERTEX_POINT ( 'NONE', #1871 ) ;
#4130 = CARTESIAN_POINT ( 'NONE',  ( 1.241527841744380200, 8.000000000000000000, -3.257208478524097600 ) ) ;
#4131 = DIRECTION ( 'NONE',  ( -0.004650693824870177400, 0.0000000000000000000, 0.9999891854649966000 ) ) ;
#4132 = ADVANCED_FACE ( 'NONE', ( #4311 ), #6224, .F. ) ;
#4133 = FACE_OUTER_BOUND ( 'NONE', #2319, .T. ) ;
#4134 = ORIENTED_EDGE ( 'NONE', *, *, #5634, .F. ) ;
#4135 = AXIS2_PLACEMENT_3D ( 'NONE', #1694, #1719, #2677 ) ;
#4136 = CARTESIAN_POINT ( 'NONE',  ( 0.4350673547405130000, 8.000000000000000000, -2.835354329834380800 ) ) ;
#4137 = AXIS2_PLACEMENT_3D ( 'NONE', #5064, #4059, #5528 ) ;
#4138 = DIRECTION ( 'NONE',  ( -1.355252715606880500E-016, -0.0000000000000000000, 1.000000000000000000 ) ) ;
#4139 = EDGE_CURVE ( 'NONE', #1587, #3946, #5818, .T. ) ;
#4140 = COLOUR_RGB ( '',0.1019607843137254900, 0.1019607843137254900, 0.1019607843137254900 ) ;
#4141 = ORIENTED_EDGE ( 'NONE', *, *, #1349, .F. ) ;
#4142 = VERTEX_POINT ( 'NONE', #2398 ) ;
#4143 =( NAMED_UNIT ( * ) SI_UNIT ( $, .STERADIAN. ) SOLID_ANGLE_UNIT ( ) );
#4144 = CARTESIAN_POINT ( 'NONE',  ( 0.8036416849884532300, 8.000000000000000000, -1.496381290710191900 ) ) ;
#4145 =( NAMED_UNIT ( * ) PLANE_ANGLE_UNIT ( ) SI_UNIT ( $, .RADIAN. ) );
#4146 = PLANE ( 'NONE',  #1546 ) ;
#4147 = UNCERTAINTY_MEASURE_WITH_UNIT (LENGTH_MEASURE( 1.000000000000000100E-005 ), #3054, 'distance_accuracy_value', 'NONE');
#4148 = EDGE_CURVE ( 'NONE', #4603, #3089, #5533, .T. ) ;
#4149 = FILL_AREA_STYLE_COLOUR ( '', #2575 ) ;
#4150 = AXIS2_PLACEMENT_3D ( 'NONE', #4322, #392, #1883 ) ;
#4151 = PRESENTATION_LAYER_ASSIGNMENT (  '', '', ( #722 ) ) ;
#4152 = DIRECTION ( 'NONE',  ( 0.0000000000000000000, 1.883056174591082300E-015, -1.000000000000000000 ) ) ;
#4153 = CARTESIAN_POINT ( 'NONE',  ( 0.2000000000000000100, 7.800000000000000700, -6.200000000000001100 ) ) ;
#4154 = DIRECTION ( 'NONE',  ( 0.0000000000000000000, 0.0000000000000000000, 1.000000000000000000 ) ) ;
#4155 = DIRECTION ( 'NONE',  ( -1.000000000000000000, -0.0000000000000000000, -0.0000000000000000000 ) ) ;
#4156 = ORIENTED_EDGE ( 'NONE', *, *, #742, .T. ) ;
#4157 = DIRECTION ( 'NONE',  ( 0.0000000000000000000, 0.0000000000000000000, -1.000000000000000000 ) ) ;
#4158 = MECHANICAL_DESIGN_GEOMETRIC_PRESENTATION_REPRESENTATION (  '', ( #1772 ), #5338 ) ;
#4159 = LINE ( 'NONE', #3758, #2403 ) ;
#4160 = ORIENTED_EDGE ( 'NONE', *, *, #1903, .F. ) ;
#4161 = CARTESIAN_POINT ( 'NONE',  ( 4.050000000000003400, -0.8000000000000000400, -6.200000000000001100 ) ) ;
#4162 = VECTOR ( 'NONE', #2820, 1000.000000000000000 ) ;
#4163 = ADVANCED_FACE ( 'NONE', ( #1748 ), #2786, .T. ) ;
#4164 = ORIENTED_EDGE ( 'NONE', *, *, #513, .F. ) ;
#4165 = CARTESIAN_POINT ( 'NONE',  ( 5.906396778068180500, 0.08284271247461871800, 1.140038269859764600E-016 ) ) ;
#4166 = CARTESIAN_POINT ( 'NONE',  ( 0.4350673547405130000, 8.005000000000000800, -2.112500311261332100 ) ) ;
#4167 = VECTOR ( 'NONE', #4240, 1000.000000000000200 ) ;
#4168 = ORIENTED_EDGE ( 'NONE', *, *, #3521, .F. ) ;
#4169 = VECTOR ( 'NONE', #359, 1000.000000000000000 ) ;
#4170 = CARTESIAN_POINT ( 'NONE',  ( 4.250000000000002700, -0.8000000000000000400, -6.200000000000001100 ) ) ;
#4171 = CARTESIAN_POINT ( 'NONE',  ( 2.250000000000001800, 3.012918677409995200, -2.219774974057284300 ) ) ;
#4172 = AXIS2_PLACEMENT_3D ( 'NONE', #1007, #4395, #2454 ) ;
#4173 = AXIS2_PLACEMENT_3D ( 'NONE', #5269, #1410, #3362 ) ;
#4174 = FILL_AREA_STYLE_COLOUR ( '', #5431 ) ;
#4175 = FILL_AREA_STYLE_COLOUR ( '', #4259 ) ;
#4176 = VERTEX_POINT ( 'NONE', #5750 ) ;
#4177 =( NAMED_UNIT ( * ) SI_UNIT ( $, .STERADIAN. ) SOLID_ANGLE_UNIT ( ) );
#4178 = ORIENTED_EDGE ( 'NONE', *, *, #2150, .F. ) ;
#4179 = LINE ( 'NONE', #4308, #4654 ) ;
#4180 = ORIENTED_EDGE ( 'NONE', *, *, #5538, .T. ) ;
#4181 = EDGE_CURVE ( 'NONE', #892, #2778, #2102, .T. ) ;
#4182 = CARTESIAN_POINT ( 'NONE',  ( 0.0000000000000000000, 0.1999999999999996500, -0.2000000000000000100 ) ) ;
#4183 = AXIS2_PLACEMENT_3D ( 'NONE', #1015, #4888, #3376 ) ;
#4184 = ORIENTED_EDGE ( 'NONE', *, *, #4188, .T. ) ;
#4185 = CARTESIAN_POINT ( 'NONE',  ( 0.0000000000000000000, 7.800000000000000700, -6.200000000000001100 ) ) ;
#4186 =( BOUNDED_CURVE ( )  B_SPLINE_CURVE ( 3, ( #1002, #528, #937, #5342 ),
 .UNSPECIFIED., .F., .T. ) 
 B_SPLINE_CURVE_WITH_KNOTS ( ( 4, 4 ),
 ( 3.141592653589792200, 4.712388980384689700 ),
 .UNSPECIFIED. ) 
 CURVE ( )  GEOMETRIC_REPRESENTATION_ITEM ( )  RATIONAL_B_SPLINE_CURVE ( ( 1.000000000000000000, 0.8047378541243648300, 0.8047378541243648300, 1.000000000000000000 ) ) 
 REPRESENTATION_ITEM ( '' )  );
#4187 = DIRECTION ( 'NONE',  ( 1.000000000000000000, -0.0000000000000000000, 0.0000000000000000000 ) ) ;
#4188 = EDGE_CURVE ( 'NONE', #1136, #3854, #4385, .T. ) ;
#4189 = DIRECTION ( 'NONE',  ( -0.0000000000000000000, -1.000000000000000000, -0.0000000000000000000 ) ) ;
#4190 = EDGE_LOOP ( 'NONE', ( #3779, #3020, #4363, #5869, #1931 ) ) ;
#4191 = AXIS2_PLACEMENT_3D ( 'NONE', #4083, #162, #624 ) ;
#4192 = CYLINDRICAL_SURFACE ( 'NONE', #4703, 0.2999999999999999300 ) ;
#4193 = ADVANCED_FACE ( 'NONE', ( #1659 ), #5744, .T. ) ;
#4194 = DIRECTION ( 'NONE',  ( -0.0000000000000000000, -1.000000000000000000, -0.0000000000000000000 ) ) ;
#4195 = CARTESIAN_POINT ( 'NONE',  ( 0.4350673547405128300, 8.000000000000000000, -3.964838432828492000 ) ) ;
#4196 = FACE_OUTER_BOUND ( 'NONE', #3036, .T. ) ;
#4197 = COLOUR_RGB ( '',0.1019607843137254900, 0.1019607843137254900, 0.1019607843137254900 ) ;
#4198 = VERTEX_POINT ( 'NONE', #5830 ) ;
#4199 = PRESENTATION_LAYER_ASSIGNMENT (  '', '', ( #2811 ) ) ;
#4200 = EDGE_CURVE ( 'NONE', #681, #2911, #3156, .T. ) ;
#4201 = FILL_AREA_STYLE ('',( #3076 ) ) ;
#4202 = FILL_AREA_STYLE ('',( #2826 ) ) ;
#4203 = CARTESIAN_POINT ( 'NONE',  ( 2.732874672760973400, 0.0000000000000000000, -4.180225025942715600 ) ) ;
#4204 = EDGE_LOOP ( 'NONE', ( #426, #36, #1408, #6105 ) ) ;
#4205 = FILL_AREA_STYLE ('',( #5150 ) ) ;
#4206 = MECHANICAL_DESIGN_GEOMETRIC_PRESENTATION_REPRESENTATION (  '', ( #177 ), #2137 ) ;
#4207 = EDGE_LOOP ( 'NONE', ( #2627, #2523, #4037, #1479, #279, #4084 ) ) ;
#4208 =( NAMED_UNIT ( * ) SI_UNIT ( $, .STERADIAN. ) SOLID_ANGLE_UNIT ( ) );
#4209 = MECHANICAL_DESIGN_GEOMETRIC_PRESENTATION_REPRESENTATION (  '', ( #3966 ), #1702 ) ;
#4210 = VECTOR ( 'NONE', #3200, 1000.000000000000100 ) ;
#4211 = ORIENTED_EDGE ( 'NONE', *, *, #2867, .T. ) ;
#4212 = CARTESIAN_POINT ( 'NONE',  ( 6.023554065593562400, 7.800000000000000700, -6.200000000000001100 ) ) ;
#4213 = CARTESIAN_POINT ( 'NONE',  ( 3.450000000000001100, -0.8000000000000000400, 0.0000000000000000000 ) ) ;
#4214 = ORIENTED_EDGE ( 'NONE', *, *, #5318, .F. ) ;
#4215 = CARTESIAN_POINT ( 'NONE',  ( 0.8876613702446638500, 8.005000000000000800, -2.684234636770967500 ) ) ;
#4216 = SPHERICAL_SURFACE ( 'NONE', #3998, 0.2000000000000000100 ) ;
#4217 = ORIENTED_EDGE ( 'NONE', *, *, #5393, .T. ) ;
#4218 = EDGE_LOOP ( 'NONE', ( #5740, #3826, #2649, #617 ) ) ;
#4219 = STYLED_ITEM ( 'NONE', ( #5155 ), #4193 ) ;
#4220 = EDGE_CURVE ( 'NONE', #802, #6189, #1575, .T. ) ;
#4221 = DIRECTION ( 'NONE',  ( -0.0000000000000000000, -1.000000000000000000, -0.0000000000000000000 ) ) ;
#4222 = AXIS2_PLACEMENT_3D ( 'NONE', #5688, #2393, #1006 ) ;
#4223 = EDGE_CURVE ( 'NONE', #2247, #26, #4938, .T. ) ;
#4224 = VECTOR ( 'NONE', #4424, 1000.000000000000000 ) ;
#4225 = VERTEX_POINT ( 'NONE', #1011 ) ;
#4226 = DIRECTION ( 'NONE',  ( -0.0000000000000000000, -1.000000000000000000, -0.0000000000000000000 ) ) ;
#4227 = ADVANCED_FACE ( 'NONE', ( #1030 ), #5813, .T. ) ;
#4228 = CARTESIAN_POINT ( 'NONE',  ( 0.4350673547405129500, 8.005000000000000800, -3.513972164922811700 ) ) ;
#4229 = CARTESIAN_POINT ( 'NONE',  ( 0.0000000000000000000, 0.0000000000000000000, -0.2000000000000000100 ) ) ;
#4230 = EDGE_CURVE ( 'NONE', #3895, #2047, #119, .T. ) ;
#4231 =( NAMED_UNIT ( * ) SI_UNIT ( $, .STERADIAN. ) SOLID_ANGLE_UNIT ( ) );
#4232 = AXIS2_PLACEMENT_3D ( 'NONE', #3357, #4352, #1442 ) ;
#4233 = ORIENTED_EDGE ( 'NONE', *, *, #2764, .T. ) ;
#4234 = AXIS2_PLACEMENT_3D ( 'NONE', #1513, #2487, #5374 ) ;
#4235 = DIRECTION ( 'NONE',  ( -0.0000000000000000000, -1.000000000000000000, -0.0000000000000000000 ) ) ;
#4236 = VECTOR ( 'NONE', #5807, 1000.000000000000000 ) ;
#4237 = VERTEX_POINT ( 'NONE', #2932 ) ;
#4238 =( NAMED_UNIT ( * ) PLANE_ANGLE_UNIT ( ) SI_UNIT ( $, .RADIAN. ) );
#4239 = STYLED_ITEM ( 'NONE', ( #4663 ), #6108 ) ;
#4240 = DIRECTION ( 'NONE',  ( -0.9615323037681010600, 0.0000000000000000000, -0.2746918797678738500 ) ) ;
#4241 = ORIENTED_EDGE ( 'NONE', *, *, #4605, .T. ) ;
#4242 = DIRECTION ( 'NONE',  ( 0.9617234872620599200, 0.0000000000000000000, 0.2740217765954055500 ) ) ;
#4243 = ORIENTED_EDGE ( 'NONE', *, *, #1981, .T. ) ;
#4244 = DIRECTION ( 'NONE',  ( 0.0000000000000000000, 0.0000000000000000000, -1.000000000000000000 ) ) ;
#4245 = PRESENTATION_LAYER_ASSIGNMENT (  '', '', ( #3921 ) ) ;
#4246 = EDGE_LOOP ( 'NONE', ( #2573, #4776, #4214, #5373 ) ) ;
#4247 = FILL_AREA_STYLE ('',( #2800 ) ) ;
#4248 = DIRECTION ( 'NONE',  ( 1.157720421520753000E-016, -1.000000000000000000, 0.0000000000000000000 ) ) ;
#4249 = CARTESIAN_POINT ( 'NONE',  ( 1.241527841744380200, 8.005000000000000800, -3.732872106417935300 ) ) ;
#4250 = CIRCLE ( 'NONE', #6184, 0.2000000000000000100 ) ;
#4251 = ORIENTED_EDGE ( 'NONE', *, *, #2273, .F. ) ;
#4252 = CARTESIAN_POINT ( 'NONE',  ( 0.8036416849884532300, 8.005000000000000800, -1.496381290710191900 ) ) ;
#4253 = CARTESIAN_POINT ( 'NONE',  ( 1.676445934406437100, 0.0000000000000000000, -6.400000000000000400 ) ) ;
#4254 = LINE ( 'NONE', #4662, #3479 ) ;
#4255 = AXIS2_PLACEMENT_3D ( 'NONE', #3660, #760, #4118 ) ;
#4256 = ADVANCED_FACE ( 'NONE', ( #3927 ), #2028, .F. ) ;
#4257 = AXIS2_PLACEMENT_3D ( 'NONE', #1491, #1432, #4847 ) ;
#4258 = EDGE_LOOP ( 'NONE', ( #3138, #4243, #2586, #2964 ) ) ;
#4259 = COLOUR_RGB ( '',0.1019607843137254900, 0.1019607843137254900, 0.1019607843137254900 ) ;
#4260 = EDGE_CURVE ( 'NONE', #352, #681, #4458, .T. ) ;
#4261 = DIRECTION ( 'NONE',  ( 1.000000000000000000, 0.0000000000000000000, 0.0000000000000000000 ) ) ;
#4262 = LINE ( 'NONE', #3652, #1230 ) ;
#4263 = DIRECTION ( 'NONE',  ( -0.8958676361826930500, 0.0000000000000000000, -0.4443210308329259000 ) ) ;
#4264 = CARTESIAN_POINT ( 'NONE',  ( 2.932874672760973100, 0.1999999999999996500, -6.400000000000000400 ) ) ;
#4265 = CARTESIAN_POINT ( 'NONE',  ( 1.210000000000000200, -6.500000000000000000, -4.469999999999999800 ) ) ;
#4266 = ORIENTED_EDGE ( 'NONE', *, *, #6266, .F. ) ;
#4267 = ADVANCED_FACE ( 'NONE', ( #566 ), #5983, .F. ) ;
#4268 = LINE ( 'NONE', #1723, #1539 ) ;
#4269 = CYLINDRICAL_SURFACE ( 'NONE', #810, 0.2000000000000000100 ) ;
#4270 = FILL_AREA_STYLE ('',( #2744 ) ) ;
#4271 = PRESENTATION_STYLE_ASSIGNMENT (( #3230 ) ) ;
#4272 = CARTESIAN_POINT ( 'NONE',  ( 2.250000000000001800, 3.068809709539726900, -2.219774974057284300 ) ) ;
#4273 = EDGE_CURVE ( 'NONE', #5926, #2003, #4772, .T. ) ;
#4274 = AXIS2_PLACEMENT_3D ( 'NONE', #2169, #1231, #4638 ) ;
#4275 = CIRCLE ( 'NONE', #5701, 0.1999999999999996500 ) ;
#4276 = ORIENTED_EDGE ( 'NONE', *, *, #3304, .T. ) ;
#4277 = DIRECTION ( 'NONE',  ( -0.0000000000000000000, -1.000000000000000000, 0.0000000000000000000 ) ) ;
#4278 = ORIENTED_EDGE ( 'NONE', *, *, #4305, .T. ) ;
#4279 =( NAMED_UNIT ( * ) SI_UNIT ( $, .STERADIAN. ) SOLID_ANGLE_UNIT ( ) );
#4280 = FACE_OUTER_BOUND ( 'NONE', #5126, .T. ) ;
#4281 = ORIENTED_EDGE ( 'NONE', *, *, #1277, .F. ) ;
#4282 = EDGE_LOOP ( 'NONE', ( #642, #6129, #5793 ) ) ;
#4283 = CARTESIAN_POINT ( 'NONE',  ( 5.823554065593562300, 0.0000000000000000000, -6.400000000000000400 ) ) ;
#4284 = ADVANCED_FACE ( 'NONE', ( #2476 ), #2329, .T. ) ;
#4285 = COLOUR_RGB ( '',0.1019607843137254900, 0.1019607843137254900, 0.1019607843137254900 ) ;
#4286 = PRESENTATION_STYLE_ASSIGNMENT (( #3469 ) ) ;
#4287 = VERTEX_POINT ( 'NONE', #5008 ) ;
#4288 = CARTESIAN_POINT ( 'NONE',  ( 1.241527841744380200, 8.005000000000000800, -3.430882837268343500 ) ) ;
#4289 = ORIENTED_EDGE ( 'NONE', *, *, #1495, .F. ) ;
#4290 = SURFACE_STYLE_USAGE ( .BOTH. , #1327 ) ;
#4291 = PRESENTATION_LAYER_ASSIGNMENT (  '', '', ( #381 ) ) ;
#4292 = VECTOR ( 'NONE', #5176, 1000.000000000000000 ) ;
#4293 = CARTESIAN_POINT ( 'NONE',  ( 6.290000000000000000, -6.500000000000000000, -4.469999999999999800 ) ) ;
#4294 = VERTEX_POINT ( 'NONE', #603 ) ;
#4295 = DIRECTION ( 'NONE',  ( -0.0000000000000000000, 1.000000000000000000, 0.0000000000000000000 ) ) ;
#4296 = CIRCLE ( 'NONE', #6254, 0.1999999999999999800 ) ;
#4297 = UNCERTAINTY_MEASURE_WITH_UNIT (LENGTH_MEASURE( 1.000000000000000100E-005 ), #1343, 'distance_accuracy_value', 'NONE');
#4298 = MECHANICAL_DESIGN_GEOMETRIC_PRESENTATION_REPRESENTATION (  '', ( #722 ), #2228 ) ;
#4299 = EDGE_CURVE ( 'NONE', #4007, #482, #3151, .T. ) ;
#4300 = ORIENTED_EDGE ( 'NONE', *, *, #3385, .F. ) ;
#4301 = ADVANCED_FACE ( 'NONE', ( #1870 ), #3602, .F. ) ;
#4302 = CARTESIAN_POINT ( 'NONE',  ( 0.7386014640062313900, 8.005000000000000800, -4.105845552804479000 ) ) ;
#4303 = MECHANICAL_DESIGN_GEOMETRIC_PRESENTATION_REPRESENTATION (  '', ( #3644 ), #2426 ) ;
#4304 = FILL_AREA_STYLE_COLOUR ( '', #3105 ) ;
#4305 = EDGE_CURVE ( 'NONE', #2951, #1490, #2919, .T. ) ;
#4306 = DIRECTION ( 'NONE',  ( 0.0000000000000000000, -1.000000000000000000, 0.0000000000000000000 ) ) ;
#4307 = ORIENTED_EDGE ( 'NONE', *, *, #696, .F. ) ;
#4308 = CARTESIAN_POINT ( 'NONE',  ( 0.7385744906061866300, 8.005000000000000800, -2.726818277157608600 ) ) ;
#4309 = EDGE_CURVE ( 'NONE', #2368, #5268, #5223, .T. ) ;
#4310 = CARTESIAN_POINT ( 'NONE',  ( 2.932874672760973100, 8.000000000000000000, -6.400000000000000400 ) ) ;
#4311 = FACE_OUTER_BOUND ( 'NONE', #3307, .T. ) ;
#4312 = AXIS2_PLACEMENT_3D ( 'NONE', #4005, #5972, #5927 ) ;
#4313 = SURFACE_STYLE_FILL_AREA ( #1942 ) ;
#4314 = ORIENTED_EDGE ( 'NONE', *, *, #429, .F. ) ;
#4315 = CARTESIAN_POINT ( 'NONE',  ( 1.088098244891528400, 8.005000000000000800, -2.281031366666376400 ) ) ;
#4316 =( NAMED_UNIT ( * ) PLANE_ANGLE_UNIT ( ) SI_UNIT ( $, .RADIAN. ) );
#4317 = CARTESIAN_POINT ( 'NONE',  ( 0.2000000000000000100, 7.800000000000000700, -6.200000000000001100 ) ) ;
#4318 = ORIENTED_EDGE ( 'NONE', *, *, #4386, .T. ) ;
#4319 = VECTOR ( 'NONE', #5654, 1000.000000000000000 ) ;
#4320 = EDGE_CURVE ( 'NONE', #5945, #6189, #4085, .T. ) ;
#4321 = DIRECTION ( 'NONE',  ( 0.0000000000000000000, 0.0000000000000000000, -1.000000000000000000 ) ) ;
#4322 = CARTESIAN_POINT ( 'NONE',  ( 0.0000000000000000000, 0.0000000000000000000, 0.0000000000000000000 ) ) ;
#4323 = FACE_OUTER_BOUND ( 'NONE', #3463, .T. ) ;
#4324 = DIRECTION ( 'NONE',  ( -0.0000000000000000000, 1.000000000000000000, 0.0000000000000000000 ) ) ;
#4325 = SURFACE_SIDE_STYLE ('',( #3432 ) ) ;
#4326 = MECHANICAL_DESIGN_GEOMETRIC_PRESENTATION_REPRESENTATION (  '', ( #2370 ), #982 ) ;
#4327 = CARTESIAN_POINT ( 'NONE',  ( 1.210000000000000200, -6.500000000000000000, -4.769999999999999600 ) ) ;
#4328 = CARTESIAN_POINT ( 'NONE',  ( 0.4350673547405130600, 8.005000000000000800, -2.239568348400532200 ) ) ;
#4329 = ADVANCED_FACE ( 'NONE', ( #2985 ), #5886, .T. ) ;
#4330 = DIRECTION ( 'NONE',  ( 0.9610853065513952400, 0.0000000000000000000, 0.2762517575166005300 ) ) ;
#4331 = CARTESIAN_POINT ( 'NONE',  ( 1.241527841744380200, 8.005000000000000800, -3.042213324885009400 ) ) ;
#4332 = CIRCLE ( 'NONE', #4183, 0.2999999999999999300 ) ;
#4333 = EDGE_LOOP ( 'NONE', ( #581, #3991, #977 ) ) ;
#4334 = SURFACE_STYLE_FILL_AREA ( #5482 ) ;
#4335 = FACE_OUTER_BOUND ( 'NONE', #627, .T. ) ;
#4336 = PRESENTATION_LAYER_ASSIGNMENT (  '', '', ( #5198 ) ) ;
#4337 = SURFACE_STYLE_USAGE ( .BOTH. , #2361 ) ;
#4338 = MECHANICAL_DESIGN_GEOMETRIC_PRESENTATION_REPRESENTATION (  '', ( #5081 ), #3804 ) ;
#4339 = EDGE_CURVE ( 'NONE', #412, #3910, #562, .T. ) ;
#4340 = VERTEX_POINT ( 'NONE', #3371 ) ;
#4341 = DIRECTION ( 'NONE',  ( 1.000000000000000000, 0.0000000000000000000, 1.355252715606883000E-016 ) ) ;
#4342 = SURFACE_SIDE_STYLE ('',( #3299 ) ) ;
#4343 = UNCERTAINTY_MEASURE_WITH_UNIT (LENGTH_MEASURE( 1.000000000000000100E-005 ), #4702, 'distance_accuracy_value', 'NONE');
#4344 = DIRECTION ( 'NONE',  ( 1.000000000000000000, 0.0000000000000000000, 0.0000000000000000000 ) ) ;
#4345 = EDGE_CURVE ( 'NONE', #2486, #3761, #45, .T. ) ;
#4346 = FILL_AREA_STYLE_COLOUR ( '', #3505 ) ;
#4347 = MECHANICAL_DESIGN_GEOMETRIC_PRESENTATION_REPRESENTATION (  '', ( #3690 ), #4693 ) ;
#4348 = ORIENTED_EDGE ( 'NONE', *, *, #630, .F. ) ;
#4349 =( NAMED_UNIT ( * ) SI_UNIT ( $, .STERADIAN. ) SOLID_ANGLE_UNIT ( ) );
#4350 = PRESENTATION_LAYER_ASSIGNMENT (  '', '', ( #3026 ) ) ;
#4351 = VECTOR ( 'NONE', #4430, 1000.000000000000000 ) ;
#4352 = DIRECTION ( 'NONE',  ( 1.000000000000000000, -4.182971413094637300E-016, 0.0000000000000000000 ) ) ;
#4353 = ORIENTED_EDGE ( 'NONE', *, *, #4076, .F. ) ;
#4354 = CARTESIAN_POINT ( 'NONE',  ( 0.7789732856829172400, 8.005000000000000800, -1.504362965284422100 ) ) ;
#4355 = CARTESIAN_POINT ( 'NONE',  ( 2.250000000000001800, 4.929470609902312900, -5.503069206569891000 ) ) ;
#4356 = CARTESIAN_POINT ( 'NONE',  ( 1.241527841744380200, 8.005000000000000800, -1.917526775295209700 ) ) ;
#4357 = SURFACE_STYLE_FILL_AREA ( #3195 ) ;
#4358 = ORIENTED_EDGE ( 'NONE', *, *, #3100, .T. ) ;
#4359 = AXIS2_PLACEMENT_3D ( 'NONE', #3961, #3981, #4454 ) ;
#4360 = ORIENTED_EDGE ( 'NONE', *, *, #4299, .F. ) ;
#4361 = VECTOR ( 'NONE', #228, 1000.000000000000000 ) ;
#4362 = VERTEX_POINT ( 'NONE', #960 ) ;
#4363 = ORIENTED_EDGE ( 'NONE', *, *, #3976, .T. ) ;
#4364 = ADVANCED_FACE ( 'NONE', ( #1568 ), #3685, .T. ) ;
#4365 = SURFACE_SIDE_STYLE ('',( #4313 ) ) ;
#4366 = DIRECTION ( 'NONE',  ( 1.157720421520753000E-016, -1.000000000000000000, 0.0000000000000000000 ) ) ;
#4367 = MECHANICAL_DESIGN_GEOMETRIC_PRESENTATION_REPRESENTATION (  '', ( #4046 ), #5557 ) ;
#4368 = FACE_OUTER_BOUND ( 'NONE', #6154, .T. ) ;
#4369 = VECTOR ( 'NONE', #1450, 1000.000000000000000 ) ;
#4370 = ORIENTED_EDGE ( 'NONE', *, *, #811, .F. ) ;
#4371 = CARTESIAN_POINT ( 'NONE',  ( 0.8876613702460888200, 8.005000000000000800, -4.063310954961972100 ) ) ;
#4372 = DIRECTION ( 'NONE',  ( -1.000000000000000000, 0.0000000000000000000, 0.0000000000000000000 ) ) ;
#4373 = FACE_OUTER_BOUND ( 'NONE', #4798, .T. ) ;
#4374 = DIRECTION ( 'NONE',  ( 0.0000000000000000000, 0.0000000000000000000, 1.000000000000000000 ) ) ;
#4375 = COLOUR_RGB ( '',0.1019607843137254900, 0.1019607843137254900, 0.1019607843137254900 ) ;
#4376 = EDGE_LOOP ( 'NONE', ( #6300, #3060, #4091, #5455 ) ) ;
#4377 = CARTESIAN_POINT ( 'NONE',  ( 0.4350673547405129500, 8.000000000000000000, -3.513972164922811700 ) ) ;
#4378 = AXIS2_PLACEMENT_3D ( 'NONE', #4993, #2060, #2017 ) ;
#4379 = DIRECTION ( 'NONE',  ( 0.0000000000000000000, 0.0000000000000000000, 1.000000000000000000 ) ) ;
#4380 = MECHANICAL_DESIGN_GEOMETRIC_PRESENTATION_REPRESENTATION (  '', ( #3047 ), #506 ) ;
#4381 = SURFACE_STYLE_USAGE ( .BOTH. , #4564 ) ;
#4382 = UNCERTAINTY_MEASURE_WITH_UNIT (LENGTH_MEASURE( 1.000000000000000100E-005 ), #4106, 'distance_accuracy_value', 'NONE');
#4383 = FACE_OUTER_BOUND ( 'NONE', #637, .T. ) ;
#4384 = ORIENTED_EDGE ( 'NONE', *, *, #4200, .T. ) ;
#4385 = LINE ( 'NONE', #4774, #2564 ) ;
#4386 = EDGE_CURVE ( 'NONE', #2012, #1850, #5671, .T. ) ;
#4387 = DIRECTION ( 'NONE',  ( -1.000000000000000000, 0.0000000000000000000, 3.907430924870044500E-016 ) ) ;
#4388 =( LENGTH_UNIT ( ) NAMED_UNIT ( * ) SI_UNIT ( .MILLI., .METRE. ) );
#4389 = FACE_OUTER_BOUND ( 'NONE', #4543, .T. ) ;
#4390 = ORIENTED_EDGE ( 'NONE', *, *, #5964, .F. ) ;
#4391 = EDGE_CURVE ( 'NONE', #2201, #5211, #4696, .T. ) ;
#4392 = CARTESIAN_POINT ( 'NONE',  ( 2.732874672760973000, 4.254010373035235700, -6.200000000000001100 ) ) ;
#4393 = SURFACE_STYLE_FILL_AREA ( #339 ) ;
#4394 = DIRECTION ( 'NONE',  ( 0.0000000000000000000, 0.0000000000000000000, -1.000000000000000000 ) ) ;
#4395 = DIRECTION ( 'NONE',  ( -0.9999960426590062100, 0.0000000000000000000, -0.002813301677222472800 ) ) ;
#4396 = FACE_BOUND ( 'NONE', #4529, .T. ) ;
#4397 = ORIENTED_EDGE ( 'NONE', *, *, #4120, .T. ) ;
#4398 = DIRECTION ( 'NONE',  ( -1.000000000000000000, 0.0000000000000000000, 0.0000000000000000000 ) ) ;
#4399 = FACE_OUTER_BOUND ( 'NONE', #3900, .T. ) ;
#4400 = EDGE_CURVE ( 'NONE', #825, #348, #5519, .T. ) ;
#4401 = DIRECTION ( 'NONE',  ( -0.0000000000000000000, 1.000000000000000000, -0.0000000000000000000 ) ) ;
#4402 = ADVANCED_FACE ( 'NONE', ( #6279 ), #3940, .F. ) ;
#4403 = PRESENTATION_LAYER_ASSIGNMENT (  '', '', ( #3288 ) ) ;
#4404 = DIRECTION ( 'NONE',  ( -1.000000000000000000, 0.0000000000000000000, 0.0000000000000000000 ) ) ;
#4405 = COLOUR_RGB ( '',0.1019607843137254900, 0.1019607843137254900, 0.1019607843137254900 ) ;
#4406 = ORIENTED_EDGE ( 'NONE', *, *, #962, .T. ) ;
#4407 = CARTESIAN_POINT ( 'NONE',  ( 1.088068819367284500, 8.005000000000000800, -4.385721539159758800 ) ) ;
#4408 =( NAMED_UNIT ( * ) PLANE_ANGLE_UNIT ( ) SI_UNIT ( $, .RADIAN. ) );
#4409 = SURFACE_STYLE_FILL_AREA ( #1560 ) ;
#4410 = VERTEX_POINT ( 'NONE', #3850 ) ;
#4411 =( NAMED_UNIT ( * ) PLANE_ANGLE_UNIT ( ) SI_UNIT ( $, .RADIAN. ) );
#4412 = EDGE_LOOP ( 'NONE', ( #1384, #1260, #2309, #4211 ) ) ;
#4413 = LINE ( 'NONE', #4229, #2873 ) ;
#4414 = SURFACE_SIDE_STYLE ('',( #396 ) ) ;
#4415 = SURFACE_STYLE_FILL_AREA ( #1366 ) ;
#4416 = VECTOR ( 'NONE', #263, 1000.000000000000000 ) ;
#4417 = PLANE ( 'NONE',  #2934 ) ;
#4418 = PRESENTATION_LAYER_ASSIGNMENT (  '', '', ( #905 ) ) ;
#4419 = EDGE_CURVE ( 'NONE', #204, #4676, #2469, .T. ) ;
#4420 = CARTESIAN_POINT ( 'NONE',  ( 3.250000000000001300, -1.000000000000000000, -6.200000000000001100 ) ) ;
#4421 = VERTEX_POINT ( 'NONE', #2923 ) ;
#4422 = FACE_BOUND ( 'NONE', #2505, .T. ) ;
#4423 = DIRECTION ( 'NONE',  ( 0.0000000000000000000, 0.0000000000000000000, 1.000000000000000000 ) ) ;
#4424 = DIRECTION ( 'NONE',  ( 1.000000000000000000, 0.0000000000000000000, 0.0000000000000000000 ) ) ;
#4425 = AXIS2_PLACEMENT_3D ( 'NONE', #4265, #4673, #1811 ) ;
#4426 = ORIENTED_EDGE ( 'NONE', *, *, #5131, .T. ) ;
#4427 = PRESENTATION_STYLE_ASSIGNMENT (( #4588 ) ) ;
#4428 = CIRCLE ( 'NONE', #3561, 0.1999999999999996500 ) ;
#4429 = EDGE_CURVE ( 'NONE', #315, #1269, #4186, .T. ) ;
#4430 = DIRECTION ( 'NONE',  ( -0.0000000000000000000, -1.000000000000000000, -0.0000000000000000000 ) ) ;
#4431 = SURFACE_STYLE_USAGE ( .BOTH. , #89 ) ;
#4432 = SURFACE_STYLE_USAGE ( .BOTH. , #4342 ) ;
#4433 = SURFACE_STYLE_FILL_AREA ( #5325 ) ;
#4434 = EDGE_CURVE ( 'NONE', #18, #1820, #2248, .T. ) ;
#4435 = DIRECTION ( 'NONE',  ( -0.0000000000000000000, -1.000000000000000000, -0.0000000000000000000 ) ) ;
#4436 = AXIS2_PLACEMENT_3D ( 'NONE', #3464, #4398, #554 ) ;
#4437 = MECHANICAL_DESIGN_GEOMETRIC_PRESENTATION_REPRESENTATION (  '', ( #3693 ), #2276 ) ;
#4438 = ORIENTED_EDGE ( 'NONE', *, *, #3913, .T. ) ;
#4439 =( LENGTH_UNIT ( ) NAMED_UNIT ( * ) SI_UNIT ( .MILLI., .METRE. ) );
#4440 = SURFACE_STYLE_FILL_AREA ( #3260 ) ;
#4441 = VERTEX_POINT ( 'NONE', #2963 ) ;
#4442 = FILL_AREA_STYLE_COLOUR ( '', #5149 ) ;
#4443 = VERTEX_POINT ( 'NONE', #131 ) ;
#4444 = CARTESIAN_POINT ( 'NONE',  ( 1.476445934406437600, 0.1999999999999996500, -6.400000000000000400 ) ) ;
#4445 = CARTESIAN_POINT ( 'NONE',  ( 4.567125327239032200, 4.054010373035233700, -6.400000000000000400 ) ) ;
#4446 = CARTESIAN_POINT ( 'NONE',  ( 5.823554065593562300, 7.800000000000000700, -6.200000000000001100 ) ) ;
#4447 = COLOUR_RGB ( '',0.1019607843137254900, 0.1019607843137254900, 0.1019607843137254900 ) ;
#4448 = ORIENTED_EDGE ( 'NONE', *, *, #305, .T. ) ;
#4449 = EDGE_CURVE ( 'NONE', #892, #5287, #5805, .T. ) ;
#4450 = ORIENTED_EDGE ( 'NONE', *, *, #147, .F. ) ;
#4451 = CARTESIAN_POINT ( 'NONE',  ( 2.732874672760973400, 0.0000000000000000000, -2.219774974057284700 ) ) ;
#4452 = LINE ( 'NONE', #1389, #5361 ) ;
#4453 = ORIENTED_EDGE ( 'NONE', *, *, #4690, .F. ) ;
#4454 = DIRECTION ( 'NONE',  ( -0.9610348236706816000, 0.0000000000000000000, -0.2764273280489141800 ) ) ;
#4455 = DIRECTION ( 'NONE',  ( 1.000000000000000000, -4.182971413094637300E-016, 0.0000000000000000000 ) ) ;
#4456 = DIRECTION ( 'NONE',  ( -0.9617234872620599200, 0.0000000000000000000, -0.2740217765954055500 ) ) ;
#4457 = AXIS2_PLACEMENT_3D ( 'NONE', #3744, #1339, #5243 ) ;
#4458 = LINE ( 'NONE', #2590, #422 ) ;
#4459 = SURFACE_SIDE_STYLE ('',( #3415 ) ) ;
#4460 = COLOUR_RGB ( '',0.8980392156862745400, 0.9215686274509803400, 0.9294117647058823800 ) ;
#4461 = LINE ( 'NONE', #973, #1570 ) ;
#4462 = VERTEX_POINT ( 'NONE', #1043 ) ;
#4463 =( LENGTH_UNIT ( ) NAMED_UNIT ( * ) SI_UNIT ( .MILLI., .METRE. ) );
#4464 = ADVANCED_FACE ( 'NONE', ( #4373 ), #945, .T. ) ;
#4465 = UNCERTAINTY_MEASURE_WITH_UNIT (LENGTH_MEASURE( 1.000000000000000100E-005 ), #3730, 'distance_accuracy_value', 'NONE');
#4466 = MECHANICAL_DESIGN_GEOMETRIC_PRESENTATION_REPRESENTATION (  '', ( #5198 ), #2265 ) ;
#4467 = SURFACE_STYLE_FILL_AREA ( #6023 ) ;
#4468 = ORIENTED_EDGE ( 'NONE', *, *, #6017, .F. ) ;
#4469 = STYLED_ITEM ( 'NONE', ( #539 ), #1207 ) ;
#4470 = EDGE_CURVE ( 'NONE', #27, #6117, #6199, .T. ) ;
#4471 =( LENGTH_UNIT ( ) NAMED_UNIT ( * ) SI_UNIT ( .MILLI., .METRE. ) );
#4472 = CARTESIAN_POINT ( 'NONE',  ( 1.088068819367284500, 8.005000000000000800, -4.006097923896482400 ) ) ;
#4473 = CYLINDRICAL_SURFACE ( 'NONE', #5079, 0.2000000000000000900 ) ;
#4474 = CARTESIAN_POINT ( 'NONE',  ( 0.4350673547405130000, 8.005000000000000800, -2.915793909427316400 ) ) ;
#4475 = LINE ( 'NONE', #979, #5158 ) ;
#4476 = ORIENTED_EDGE ( 'NONE', *, *, #6226, .F. ) ;
#4477 = FILL_AREA_STYLE ('',( #2508 ) ) ;
#4478 = EDGE_CURVE ( 'NONE', #1401, #1213, #3225, .T. ) ;
#4479 =( NAMED_UNIT ( * ) PLANE_ANGLE_UNIT ( ) SI_UNIT ( $, .RADIAN. ) );
#4480 = ORIENTED_EDGE ( 'NONE', *, *, #5943, .T. ) ;
#4481 = DIRECTION ( 'NONE',  ( -0.0000000000000000000, -1.000000000000000000, -0.0000000000000000000 ) ) ;
#4482 = AXIS2_PLACEMENT_3D ( 'NONE', #6158, #5208, #337 ) ;
#4483 = DIRECTION ( 'NONE',  ( 1.000000000000000000, 0.0000000000000000000, -0.0000000000000000000 ) ) ;
#4484 = AXIS2_PLACEMENT_3D ( 'NONE', #3024, #2582, #1139 ) ;
#4485 = COLOUR_RGB ( '',0.1019607843137254900, 0.1019607843137254900, 0.1019607843137254900 ) ;
#4486 = ORIENTED_EDGE ( 'NONE', *, *, #1713, .F. ) ;
#4487 = FILL_AREA_STYLE ('',( #5494 ) ) ;
#4488 = DIRECTION ( 'NONE',  ( 0.0000000000000000000, 0.0000000000000000000, 1.000000000000000000 ) ) ;
#4489 = ORIENTED_EDGE ( 'NONE', *, *, #1672, .T. ) ;
#4490 = FACE_OUTER_BOUND ( 'NONE', #1919, .T. ) ;
#4491 = EDGE_CURVE ( 'NONE', #2429, #5312, #343, .T. ) ;
#4492 = CARTESIAN_POINT ( 'NONE',  ( 0.5885999409341159400, 8.005000000000000800, -4.149493416380924100 ) ) ;
#4493 = AXIS2_PLACEMENT_3D ( 'NONE', #4212, #1311, #4716 ) ;
#4494 = FILL_AREA_STYLE ('',( #3929 ) ) ;
#4495 = PLANE ( 'NONE',  #1426 ) ;
#4496 = EDGE_LOOP ( 'NONE', ( #6041, #4489, #3405, #5747, #4217 ) ) ;
#4497 = VERTEX_POINT ( 'NONE', #1545 ) ;
#4498 = PRESENTATION_STYLE_ASSIGNMENT (( #2093 ) ) ;
#4499 = DIRECTION ( 'NONE',  ( 1.000000000000000000, 0.0000000000000000000, 0.0000000000000000000 ) ) ;
#4500 = EDGE_LOOP ( 'NONE', ( #5884, #5592, #1017, #3119 ) ) ;
#4501 = ADVANCED_FACE ( 'NONE', ( #4767 ), #5948, .F. ) ;
#4502 =( NAMED_UNIT ( * ) SI_UNIT ( $, .STERADIAN. ) SOLID_ANGLE_UNIT ( ) );
#4503 =( LENGTH_UNIT ( ) NAMED_UNIT ( * ) SI_UNIT ( .MILLI., .METRE. ) );
#4504 = FILL_AREA_STYLE ('',( #5610 ) ) ;
#4505 =( NAMED_UNIT ( * ) SI_UNIT ( $, .STERADIAN. ) SOLID_ANGLE_UNIT ( ) );
#4506 = ORIENTED_EDGE ( 'NONE', *, *, #4478, .T. ) ;
#4507 = LINE ( 'NONE', #3978, #3807 ) ;
#4508 = CARTESIAN_POINT ( 'NONE',  ( 3.450000000000001100, 8.000000000000000000, -6.200000000000001100 ) ) ;
#4509 = PRESENTATION_LAYER_ASSIGNMENT (  '', '', ( #2747 ) ) ;
#4510 = STYLED_ITEM ( 'NONE', ( #4070 ), #591 ) ;
#4511 = VERTEX_POINT ( 'NONE', #4050 ) ;
#4512 = CARTESIAN_POINT ( 'NONE',  ( 2.732874672760973000, 0.0000000000000000000, -6.200000000000001100 ) ) ;
#4513 = DIRECTION ( 'NONE',  ( 1.000000000000000000, -4.182971413094637300E-016, 0.0000000000000000000 ) ) ;
#4514 = ORIENTED_EDGE ( 'NONE', *, *, #6141, .F. ) ;
#4515 = DIRECTION ( 'NONE',  ( -3.907430924870045500E-016, 0.0000000000000000000, 1.000000000000000000 ) ) ;
#4516 = STYLED_ITEM ( 'NONE', ( #1190 ), #4464 ) ;
#4517 = DIRECTION ( 'NONE',  ( 0.9610853065513952400, 0.0000000000000000000, 0.2762517575166005300 ) ) ;
#4518 = MECHANICAL_DESIGN_GEOMETRIC_PRESENTATION_REPRESENTATION (  '', ( #5049 ), #2018 ) ;
#4519 = ORIENTED_EDGE ( 'NONE', *, *, #6010, .F. ) ;
#4520 = EDGE_CURVE ( 'NONE', #556, #3434, #2914, .T. ) ;
#4521 = LINE ( 'NONE', #2673, #5873 ) ;
#4522 = ORIENTED_EDGE ( 'NONE', *, *, #1864, .T. ) ;
#4523 = SURFACE_STYLE_USAGE ( .BOTH. , #2042 ) ;
#4524 = CARTESIAN_POINT ( 'NONE',  ( 1.088098244891528400, 8.000000000000000000, -2.281031366666376400 ) ) ;
#4525 = CARTESIAN_POINT ( 'NONE',  ( 0.4350673547405127800, 8.000000000000000000, -4.563520376446835900 ) ) ;
#4526 = VECTOR ( 'NONE', #2056, 1000.000000000000000 ) ;
#4527 = COLOUR_RGB ( '',0.1019607843137254900, 0.1019607843137254900, 0.1019607843137254900 ) ;
#4528 = EDGE_CURVE ( 'NONE', #5937, #4793, #3296, .T. ) ;
#4529 = EDGE_LOOP ( 'NONE', ( #2172, #4314, #5516, #3477, #1077, #1793, #4882, #2023, #5432, #5140, #2545 ) ) ;
#4530 = EDGE_LOOP ( 'NONE', ( #3665, #4141, #301, #4052 ) ) ;
#4531 = CARTESIAN_POINT ( 'NONE',  ( 6.023554065593562400, 0.1999999999999996500, 0.0000000000000000000 ) ) ;
#4532 =( GEOMETRIC_REPRESENTATION_CONTEXT ( 3 ) GLOBAL_UNCERTAINTY_ASSIGNED_CONTEXT ( ( #4825 ) ) GLOBAL_UNIT_ASSIGNED_CONTEXT ( ( #1280, #2253, #4709 ) ) REPRESENTATION_CONTEXT ( 'NONE', 'WORKASPACE' ) );
#4533 =( LENGTH_UNIT ( ) NAMED_UNIT ( * ) SI_UNIT ( .MILLI., .METRE. ) );
#4534 = DIRECTION ( 'NONE',  ( 0.0000000000000000000, -1.000000000000000000, 0.0000000000000000000 ) ) ;
#4535 = CIRCLE ( 'NONE', #5133, 2.103069206569890200 ) ;
#4536 = CARTESIAN_POINT ( 'NONE',  ( 0.4350673547405130000, 8.005000000000000800, -2.915793909427316400 ) ) ;
#4537 = ORIENTED_EDGE ( 'NONE', *, *, #1304, .F. ) ;
#4538 = DIRECTION ( 'NONE',  ( -0.0000000000000000000, -1.000000000000000000, -0.0000000000000000000 ) ) ;
#4539 = CARTESIAN_POINT ( 'NONE',  ( 4.767125327239031500, 0.0000000000000000000, -6.200000000000001100 ) ) ;
#4540 = FACE_OUTER_BOUND ( 'NONE', #2354, .T. ) ;
#4541 = EDGE_CURVE ( 'NONE', #361, #764, #4613, .T. ) ;
#4542 = SURFACE_STYLE_FILL_AREA ( #1514 ) ;
#4543 = EDGE_LOOP ( 'NONE', ( #3783, #4370, #2132, #5598 ) ) ;
#4544 = CARTESIAN_POINT ( 'NONE',  ( 0.8876613702446638500, 8.005000000000000800, -2.338141408391912500 ) ) ;
#4545 = CARTESIAN_POINT ( 'NONE',  ( 0.4350673547405129500, 8.005000000000000800, -3.867680249561948400 ) ) ;
#4546 = SURFACE_STYLE_USAGE ( .BOTH. , #2660 ) ;
#4547 = FILL_AREA_STYLE_COLOUR ( '', #4781 ) ;
#4548 = LINE ( 'NONE', #3306, #2256 ) ;
#4549 = ORIENTED_EDGE ( 'NONE', *, *, #2553, .F. ) ;
#4550 = AXIS2_PLACEMENT_3D ( 'NONE', #2636, #5595, #6074 ) ;
#4551 = PRESENTATION_LAYER_ASSIGNMENT (  '', '', ( #3416 ) ) ;
#4552 = DIRECTION ( 'NONE',  ( 0.0000000000000000000, 1.000000000000000000, 0.0000000000000000000 ) ) ;
#4553 = PRESENTATION_STYLE_ASSIGNMENT (( #1382 ) ) ;
#4554 = UNCERTAINTY_MEASURE_WITH_UNIT (LENGTH_MEASURE( 1.000000000000000100E-005 ), #4714, 'distance_accuracy_value', 'NONE');
#4555 = ORIENTED_EDGE ( 'NONE', *, *, #1133, .F. ) ;
#4556 = AXIS2_PLACEMENT_3D ( 'NONE', #2355, #989, #4907 ) ;
#4557 = EDGE_CURVE ( 'NONE', #2874, #1933, #1264, .T. ) ;
#4558 = SURFACE_STYLE_USAGE ( .BOTH. , #657 ) ;
#4559 = STYLED_ITEM ( 'NONE', ( #2675 ), #1271 ) ;
#4560 = ORIENTED_EDGE ( 'NONE', *, *, #1944, .T. ) ;
#4561 = EDGE_CURVE ( 'NONE', #1765, #3181, #5003, .T. ) ;
#4562 = CARTESIAN_POINT ( 'NONE',  ( 4.050000000000003400, -1.000000000000000000, -6.200000000000001100 ) ) ;
#4563 =( NAMED_UNIT ( * ) SI_UNIT ( $, .STERADIAN. ) SOLID_ANGLE_UNIT ( ) );
#4564 = SURFACE_SIDE_STYLE ('',( #605 ) ) ;
#4565 = EDGE_LOOP ( 'NONE', ( #371, #1319, #6155, #4833 ) ) ;
#4566 = DIRECTION ( 'NONE',  ( 0.0000000000000000000, 1.000000000000000000, -1.224646799147353200E-016 ) ) ;
#4567 = LINE ( 'NONE', #3038, #4640 ) ;
#4568 = EDGE_CURVE ( 'NONE', #5323, #1490, #4296, .T. ) ;
#4569 = CARTESIAN_POINT ( 'NONE',  ( 5.250000000000001800, 4.929470609902312900, -5.303069206569889900 ) ) ;
#4570 =( NAMED_UNIT ( * ) SI_UNIT ( $, .STERADIAN. ) SOLID_ANGLE_UNIT ( ) );
#4571 = CARTESIAN_POINT ( 'NONE',  ( 3.450000000000001100, -0.8000000000000000400, -6.200000000000001100 ) ) ;
#4572 = PRESENTATION_LAYER_ASSIGNMENT (  '', '', ( #2161 ) ) ;
#4573 = AXIS2_PLACEMENT_3D ( 'NONE', #1740, #5127, #6095 ) ;
#4574 = DIRECTION ( 'NONE',  ( -0.0000000000000000000, 1.000000000000000000, -0.0000000000000000000 ) ) ;
#4575 = ORIENTED_EDGE ( 'NONE', *, *, #3684, .F. ) ;
#4576 = CARTESIAN_POINT ( 'NONE',  ( 1.088098244891528400, 8.000000000000000000, -2.728088479027833900 ) ) ;
#4577 = CARTESIAN_POINT ( 'NONE',  ( 3.450000000000001100, 0.1999999999999996500, -6.400000000000000400 ) ) ;
#4578 = DIRECTION ( 'NONE',  ( 0.2762517575166005800, 0.0000000000000000000, -0.9610853065513952400 ) ) ;
#4579 = CYLINDRICAL_SURFACE ( 'NONE', #4595, 2.303069206569890800 ) ;
#4580 = PRESENTATION_LAYER_ASSIGNMENT (  '', '', ( #328 ) ) ;
#4581 = PRESENTATION_STYLE_ASSIGNMENT (( #6084 ) ) ;
#4582 = FILL_AREA_STYLE_COLOUR ( '', #1413 ) ;
#4583 = ORIENTED_EDGE ( 'NONE', *, *, #3216, .F. ) ;
#4584 = FACE_OUTER_BOUND ( 'NONE', #5357, .T. ) ;
#4585 = CIRCLE ( 'NONE', #1783, 0.2000000000000000900 ) ;
#4586 =( GEOMETRIC_REPRESENTATION_CONTEXT ( 3 ) GLOBAL_UNCERTAINTY_ASSIGNED_CONTEXT ( ( #2668 ) ) GLOBAL_UNIT_ASSIGNED_CONTEXT ( ( #664, #4049, #3108 ) ) REPRESENTATION_CONTEXT ( 'NONE', 'WORKASPACE' ) );
#4587 = CARTESIAN_POINT ( 'NONE',  ( 0.4350673547405129500, 8.005000000000000800, -1.373316385216680500 ) ) ;
#4588 = SURFACE_STYLE_USAGE ( .BOTH. , #2108 ) ;
#4589 = CARTESIAN_POINT ( 'NONE',  ( 7.500000000000000000, 7.800000000000000700, -6.200000000000001100 ) ) ;
#4590 = ORIENTED_EDGE ( 'NONE', *, *, #3098, .T. ) ;
#4591 = LINE ( 'NONE', #1676, #1844 ) ;
#4592 =( NAMED_UNIT ( * ) PLANE_ANGLE_UNIT ( ) SI_UNIT ( $, .RADIAN. ) );
#4593 = MECHANICAL_DESIGN_GEOMETRIC_PRESENTATION_REPRESENTATION (  '', ( #5876 ), #3046 ) ;
#4594 =( NAMED_UNIT ( * ) PLANE_ANGLE_UNIT ( ) SI_UNIT ( $, .RADIAN. ) );
#4595 = AXIS2_PLACEMENT_3D ( 'NONE', #2762, #1310, #2298 ) ;
#4596 = SURFACE_STYLE_FILL_AREA ( #5783 ) ;
#4597 = SURFACE_SIDE_STYLE ('',( #877 ) ) ;
#4598 = VERTEX_POINT ( 'NONE', #1224 ) ;
#4599 = CARTESIAN_POINT ( 'NONE',  ( 0.0000000000000000000, 7.800000000000000700, 0.0000000000000000000 ) ) ;
#4600 = CARTESIAN_POINT ( 'NONE',  ( 6.023554065593562400, 0.1999999999999996500, 0.0000000000000000000 ) ) ;
#4601 = CARTESIAN_POINT ( 'NONE',  ( 0.0000000000000000000, 8.000000000000000000, 0.0000000000000000000 ) ) ;
#4602 = VECTOR ( 'NONE', #4868, 1000.000000000000000 ) ;
#4603 = VERTEX_POINT ( 'NONE', #1656 ) ;
#4604 = VERTEX_POINT ( 'NONE', #4657 ) ;
#4605 = EDGE_CURVE ( 'NONE', #2951, #3674, #1729, .T. ) ;
#4606 = PLANE ( 'NONE',  #4135 ) ;
#4607 =( GEOMETRIC_REPRESENTATION_CONTEXT ( 3 ) GLOBAL_UNCERTAINTY_ASSIGNED_CONTEXT ( ( #5600 ) ) GLOBAL_UNIT_ASSIGNED_CONTEXT ( ( #3997, #2128, #1953 ) ) REPRESENTATION_CONTEXT ( 'NONE', 'WORKASPACE' ) );
#4608 = DIRECTION ( 'NONE',  ( -0.0000000000000000000, -0.0000000000000000000, -1.000000000000000000 ) ) ;
#4609 = ORIENTED_EDGE ( 'NONE', *, *, #2273, .T. ) ;
#4610 = CARTESIAN_POINT ( 'NONE',  ( 1.088098244891528400, 8.000000000000000000, -2.728088479027833900 ) ) ;
#4611 = CARTESIAN_POINT ( 'NONE',  ( 0.7385744906061866300, 8.005000000000000800, -2.726818277157608600 ) ) ;
#4612 = DIRECTION ( 'NONE',  ( 0.9601763114327607200, 0.0000000000000000000, 0.2793947940878249200 ) ) ;
#4613 = LINE ( 'NONE', #72, #3141 ) ;
#4614 = DIRECTION ( 'NONE',  ( -0.0000000000000000000, 0.0000000000000000000, -1.000000000000000000 ) ) ;
#4615 = FACE_OUTER_BOUND ( 'NONE', #1424, .T. ) ;
#4616 = ORIENTED_EDGE ( 'NONE', *, *, #1140, .T. ) ;
#4617 = STYLED_ITEM ( 'NONE', ( #928 ), #5636 ) ;
#4618 = SURFACE_SIDE_STYLE ('',( #2119 ) ) ;
#4619 = CARTESIAN_POINT ( 'NONE',  ( 2.732874672760973000, 4.254010373035235700, -6.400000000000000400 ) ) ;
#4620 = LINE ( 'NONE', #3952, #4000 ) ;
#4621 = ORIENTED_EDGE ( 'NONE', *, *, #2290, .T. ) ;
#4622 = CARTESIAN_POINT ( 'NONE',  ( 5.823554065593562300, -2.355517069714797500E-016, -0.08284271247461876000 ) ) ;
#4623 = SURFACE_STYLE_USAGE ( .BOTH. , #727 ) ;
#4624 = DIRECTION ( 'NONE',  ( 0.0000000000000000000, -1.000000000000000000, 0.0000000000000000000 ) ) ;
#4625 = FILL_AREA_STYLE ('',( #6028 ) ) ;
#4626 = CYLINDRICAL_SURFACE ( 'NONE', #5868, 0.2000000000000000100 ) ;
#4627 = VERTEX_POINT ( 'NONE', #2625 ) ;
#4628 = DIRECTION ( 'NONE',  ( -0.8843386665632471100, 0.0000000000000000000, -0.4668459304964947000 ) ) ;
#4629 = DIRECTION ( 'NONE',  ( -0.0000000000000000000, 1.761828530288944900E-015, -1.000000000000000000 ) ) ;
#4630 = UNCERTAINTY_MEASURE_WITH_UNIT (LENGTH_MEASURE( 1.000000000000000100E-005 ), #1150, 'distance_accuracy_value', 'NONE');
#4631 = STYLED_ITEM ( 'NONE', ( #5219 ), #3274 ) ;
#4632 = COLOUR_RGB ( '',0.1019607843137254900, 0.1019607843137254900, 0.1019607843137254900 ) ;
#4633 = ORIENTED_EDGE ( 'NONE', *, *, #3913, .F. ) ;
#4634 = MECHANICAL_DESIGN_GEOMETRIC_PRESENTATION_REPRESENTATION (  '', ( #381 ), #5609 ) ;
#4635 = CARTESIAN_POINT ( 'NONE',  ( 1.241527841744380200, 8.005000000000000800, -3.635816913140191200 ) ) ;
#4636 =( NAMED_UNIT ( * ) PLANE_ANGLE_UNIT ( ) SI_UNIT ( $, .RADIAN. ) );
#4637 = ORIENTED_EDGE ( 'NONE', *, *, #6217, .F. ) ;
#4638 = DIRECTION ( 'NONE',  ( 0.0000000000000000000, 0.0000000000000000000, -1.000000000000000000 ) ) ;
#4639 = ORIENTED_EDGE ( 'NONE', *, *, #2995, .T. ) ;
#4640 = VECTOR ( 'NONE', #3519, 1000.000000000000200 ) ;
#4641 = MECHANICAL_DESIGN_GEOMETRIC_PRESENTATION_REPRESENTATION (  '', ( #1709 ), #2515 ) ;
#4642 = EDGE_CURVE ( 'NONE', #3466, #5827, #4535, .T. ) ;
#4643 =( NAMED_UNIT ( * ) SI_UNIT ( $, .STERADIAN. ) SOLID_ANGLE_UNIT ( ) );
#4644 = AXIS2_PLACEMENT_3D ( 'NONE', #5682, #6170, #4157 ) ;
#4645 = EDGE_CURVE ( 'NONE', #4949, #5384, #269, .T. ) ;
#4646 = CARTESIAN_POINT ( 'NONE',  ( 0.5235572678224954500, 8.005000000000000800, -3.082457635954221100 ) ) ;
#4647 = CARTESIAN_POINT ( 'NONE',  ( 1.241527841744380500, 8.005000000000000800, -2.876307305006477100 ) ) ;
#4648 = ORIENTED_EDGE ( 'NONE', *, *, #2055, .F. ) ;
#4649 = CARTESIAN_POINT ( 'NONE',  ( 6.290000000000000000, 0.0000000000000000000, -2.230000000000000400 ) ) ;
#4650 = VECTOR ( 'NONE', #1957, 1000.000000000000100 ) ;
#4651 =( NAMED_UNIT ( * ) SI_UNIT ( $, .STERADIAN. ) SOLID_ANGLE_UNIT ( ) );
#4652 = CARTESIAN_POINT ( 'NONE',  ( 3.750000000000000000, 4.254010373035233900, -6.400000000000000400 ) ) ;
#4653 = EDGE_CURVE ( 'NONE', #2364, #361, #5141, .T. ) ;
#4654 = VECTOR ( 'NONE', #1928, 1000.000000000000000 ) ;
#4655 = ORIENTED_EDGE ( 'NONE', *, *, #2576, .F. ) ;
#4656 = FILL_AREA_STYLE ('',( #3227 ) ) ;
#4657 = CARTESIAN_POINT ( 'NONE',  ( 6.290000000000000000, -6.500000000000000000, -4.169999999999999900 ) ) ;
#4658 = AXIS2_PLACEMENT_3D ( 'NONE', #3147, #2188, #2670 ) ;
#4659 = ADVANCED_FACE ( 'NONE', ( #2388 ), #1680, .F. ) ;
#4660 = ORIENTED_EDGE ( 'NONE', *, *, #2986, .F. ) ;
#4661 = VECTOR ( 'NONE', #2697, 1000.000000000000000 ) ;
#4662 = CARTESIAN_POINT ( 'NONE',  ( 0.4350673547405128300, 8.005000000000000800, -3.964838432828492000 ) ) ;
#4663 = PRESENTATION_STYLE_ASSIGNMENT (( #2475 ) ) ;
#4664 = DIRECTION ( 'NONE',  ( 1.157720421520753000E-016, -1.000000000000000000, 0.0000000000000000000 ) ) ;
#4665 = PRESENTATION_STYLE_ASSIGNMENT (( #3211 ) ) ;
#4666 = EDGE_CURVE ( 'NONE', #3705, #4421, #5439, .T. ) ;
#4667 = ORIENTED_EDGE ( 'NONE', *, *, #882, .T. ) ;
#4668 = SURFACE_STYLE_USAGE ( .BOTH. , #823 ) ;
#4669 = VECTOR ( 'NONE', #2647, 1000.000000000000000 ) ;
#4670 = SURFACE_SIDE_STYLE ('',( #5277 ) ) ;
#4671 = FACE_OUTER_BOUND ( 'NONE', #4258, .T. ) ;
#4672 = DIRECTION ( 'NONE',  ( 1.000000000000000000, 0.0000000000000000000, 3.907430924870044500E-016 ) ) ;
#4673 = DIRECTION ( 'NONE',  ( -0.0000000000000000000, 1.000000000000000000, 0.0000000000000000000 ) ) ;
#4674 = UNCERTAINTY_MEASURE_WITH_UNIT (LENGTH_MEASURE( 1.000000000000000100E-005 ), #1794, 'distance_accuracy_value', 'NONE');
#4675 = DIRECTION ( 'NONE',  ( 0.0000000000000000000, 0.0000000000000000000, 1.000000000000000000 ) ) ;
#4676 = VERTEX_POINT ( 'NONE', #239 ) ;
#4677 = VECTOR ( 'NONE', #3813, 1000.000000000000000 ) ;
#4678 = CARTESIAN_POINT ( 'NONE',  ( 4.684282614764412300, 0.08284271247461863500, -7.573155319898681200E-017 ) ) ;
#4679 = PRESENTATION_STYLE_ASSIGNMENT (( #1300 ) ) ;
#4680 = ORIENTED_EDGE ( 'NONE', *, *, #4683, .F. ) ;
#4681 = EDGE_CURVE ( 'NONE', #5166, #768, #803, .T. ) ;
#4682 = AXIS2_PLACEMENT_3D ( 'NONE', #3897, #4923, #1966 ) ;
#4683 = EDGE_CURVE ( 'NONE', #124, #1136, #264, .T. ) ;
#4684 = ORIENTED_EDGE ( 'NONE', *, *, #2106, .T. ) ;
#4685 = ORIENTED_EDGE ( 'NONE', *, *, #4096, .F. ) ;
#4686 =( NAMED_UNIT ( * ) SI_UNIT ( $, .STERADIAN. ) SOLID_ANGLE_UNIT ( ) );
#4687 = CARTESIAN_POINT ( 'NONE',  ( 2.732874672760973400, 4.254010373035235700, -4.180225025942715600 ) ) ;
#4688 = CARTESIAN_POINT ( 'NONE',  ( 4.050000000000002500, -1.000000000000000000, -0.2000000000000000100 ) ) ;
#4689 = PRESENTATION_STYLE_ASSIGNMENT (( #1108 ) ) ;
#4690 = EDGE_CURVE ( 'NONE', #3985, #2451, #415, .T. ) ;
#4691 = ORIENTED_EDGE ( 'NONE', *, *, #1906, .F. ) ;
#4692 = CARTESIAN_POINT ( 'NONE',  ( 0.5896396428537221700, 8.005000000000000800, -4.519058406004661200 ) ) ;
#4693 =( GEOMETRIC_REPRESENTATION_CONTEXT ( 3 ) GLOBAL_UNCERTAINTY_ASSIGNED_CONTEXT ( ( #4876 ) ) GLOBAL_UNIT_ASSIGNED_CONTEXT ( ( #1920, #3852, #4279 ) ) REPRESENTATION_CONTEXT ( 'NONE', 'WORKASPACE' ) );
#4694 = PRESENTATION_LAYER_ASSIGNMENT (  '', '', ( #2976 ) ) ;
#4695 =( NAMED_UNIT ( * ) PLANE_ANGLE_UNIT ( ) SI_UNIT ( $, .RADIAN. ) );
#4696 = LINE ( 'NONE', #5821, #4855 ) ;
#4697 = DIRECTION ( 'NONE',  ( -0.9612934544744229400, -0.0000000000000000000, -0.2755265765486711300 ) ) ;
#4698 = CARTESIAN_POINT ( 'NONE',  ( 2.250000000000001800, 3.068809709539726900, -2.219774974057284300 ) ) ;
#4699 = COLOUR_RGB ( '',0.8980392156862745400, 0.9215686274509803400, 0.9294117647058823800 ) ;
#4700 = ORIENTED_EDGE ( 'NONE', *, *, #481, .F. ) ;
#4701 = DIRECTION ( 'NONE',  ( -4.182971413094637300E-016, -1.000000000000000000, 0.0000000000000000000 ) ) ;
#4702 =( LENGTH_UNIT ( ) NAMED_UNIT ( * ) SI_UNIT ( .MILLI., .METRE. ) );
#4703 = AXIS2_PLACEMENT_3D ( 'NONE', #1567, #114, #5467 ) ;
#4704 = VERTEX_POINT ( 'NONE', #1206 ) ;
#4705 = DIRECTION ( 'NONE',  ( -1.000000000000000000, -1.157720421520753000E-016, 0.0000000000000000000 ) ) ;
#4706 =( BOUNDED_CURVE ( )  B_SPLINE_CURVE ( 3, ( #277, #4622, #4165, #4600 ),
 .UNSPECIFIED., .F., .T. ) 
 B_SPLINE_CURVE_WITH_KNOTS ( ( 4, 4 ),
 ( 3.141592653589794000, 4.712388980384689700 ),
 .UNSPECIFIED. ) 
 CURVE ( )  GEOMETRIC_REPRESENTATION_ITEM ( )  RATIONAL_B_SPLINE_CURVE ( ( 1.000000000000000000, 0.8047378541243652700, 0.8047378541243652700, 1.000000000000000000 ) ) 
 REPRESENTATION_ITEM ( '' )  );
#4707 = CIRCLE ( 'NONE', #531, 0.2000000000000000100 ) ;
#4708 = ORIENTED_EDGE ( 'NONE', *, *, #596, .F. ) ;
#4709 =( NAMED_UNIT ( * ) SI_UNIT ( $, .STERADIAN. ) SOLID_ANGLE_UNIT ( ) );
#4710 = DIRECTION ( 'NONE',  ( -1.000000000000000000, -0.0000000000000000000, 0.0000000000000000000 ) ) ;
#4711 = FILL_AREA_STYLE_COLOUR ( '', #5897 ) ;
#4712 = LINE ( 'NONE', #4195, #5684 ) ;
#4713 = ORIENTED_EDGE ( 'NONE', *, *, #916, .T. ) ;
#4714 =( LENGTH_UNIT ( ) NAMED_UNIT ( * ) SI_UNIT ( .MILLI., .METRE. ) );
#4715 = FACE_OUTER_BOUND ( 'NONE', #2120, .T. ) ;
#4716 = DIRECTION ( 'NONE',  ( -1.000000000000000000, 0.0000000000000000000, 0.0000000000000000000 ) ) ;
#4717 = PRESENTATION_LAYER_ASSIGNMENT (  '', '', ( #5876 ) ) ;
#4718 = ADVANCED_FACE ( 'NONE', ( #6120 ), #110, .T. ) ;
#4719 = MECHANICAL_DESIGN_GEOMETRIC_PRESENTATION_REPRESENTATION (  '', ( #2302 ), #2631 ) ;
#4720 = DIRECTION ( 'NONE',  ( 1.000000000000000000, 0.0000000000000000000, 0.0000000000000000000 ) ) ;
#4721 = ORIENTED_EDGE ( 'NONE', *, *, #105, .F. ) ;
#4722 = CYLINDRICAL_SURFACE ( 'NONE', #3145, 0.1999999999999996500 ) ;
#4723 = SURFACE_SIDE_STYLE ('',( #580 ) ) ;
#4724 = ORIENTED_EDGE ( 'NONE', *, *, #364, .T. ) ;
#4725 = VECTOR ( 'NONE', #1147, 1000.000000000000000 ) ;
#4726 = ORIENTED_EDGE ( 'NONE', *, *, #4528, .T. ) ;
#4727 = CIRCLE ( 'NONE', #4930, 0.1999999999999996500 ) ;
#4728 = EDGE_CURVE ( 'NONE', #3379, #3895, #1872, .T. ) ;
#4729 = CARTESIAN_POINT ( 'NONE',  ( 0.4350673547405129500, 8.005000000000000800, -3.259236899294713800 ) ) ;
#4730 = EDGE_CURVE ( 'NONE', #825, #1652, #2850, .T. ) ;
#4731 = SURFACE_SIDE_STYLE ('',( #2865 ) ) ;
#4732 = DIRECTION ( 'NONE',  ( -1.000000000000000000, 0.0000000000000000000, 0.0000000000000000000 ) ) ;
#4733 = EDGE_CURVE ( 'NONE', #2444, #2486, #3831, .T. ) ;
#4734 = CARTESIAN_POINT ( 'NONE',  ( 1.241527841744380700, 8.005000000000000800, -2.007501484776174300 ) ) ;
#4735 = DIRECTION ( 'NONE',  ( -1.157720421520753000E-016, 1.000000000000000000, -0.0000000000000000000 ) ) ;
#4736 = VERTEX_POINT ( 'NONE', #5642 ) ;
#4737 = VECTOR ( 'NONE', #4538, 1000.000000000000000 ) ;
#4738 = FILL_AREA_STYLE_COLOUR ( '', #2221 ) ;
#4739 =( NAMED_UNIT ( * ) SI_UNIT ( $, .STERADIAN. ) SOLID_ANGLE_UNIT ( ) );
#4740 = DIRECTION ( 'NONE',  ( -1.355252715606880500E-016, -0.0000000000000000000, 1.000000000000000000 ) ) ;
#4741 =( BOUNDED_CURVE ( )  B_SPLINE_CURVE ( 3, ( #1629, #3064, #173, #3567 ),
 .UNSPECIFIED., .F., .F. ) 
 B_SPLINE_CURVE_WITH_KNOTS ( ( 4, 4 ),
 ( 1.570796326794896800, 3.141592653589792200 ),
 .UNSPECIFIED. ) 
 CURVE ( )  GEOMETRIC_REPRESENTATION_ITEM ( )  RATIONAL_B_SPLINE_CURVE ( ( 1.000000000000000000, 0.8047378541243652700, 0.8047378541243652700, 1.000000000000000000 ) ) 
 REPRESENTATION_ITEM ( '' )  );
#4742 = ADVANCED_FACE ( 'NONE', ( #5799 ), #1781, .T. ) ;
#4743 = ORIENTED_EDGE ( 'NONE', *, *, #5047, .F. ) ;
#4744 =( NAMED_UNIT ( * ) PLANE_ANGLE_UNIT ( ) SI_UNIT ( $, .RADIAN. ) );
#4745 = SURFACE_SIDE_STYLE ('',( #4467 ) ) ;
#4746 = VECTOR ( 'NONE', #5040, 1000.000000000000000 ) ;
#4747 = DIRECTION ( 'NONE',  ( 0.0000000000000000000, 0.0000000000000000000, -1.000000000000000000 ) ) ;
#4748 = VERTEX_POINT ( 'NONE', #2704 ) ;
#4749 = VERTEX_POINT ( 'NONE', #6107 ) ;
#4750 = CARTESIAN_POINT ( 'NONE',  ( 1.241527841744380200, 8.000000000000000000, -3.635816913140191200 ) ) ;
#4751 = ORIENTED_EDGE ( 'NONE', *, *, #816, .F. ) ;
#4752 = CARTESIAN_POINT ( 'NONE',  ( 5.106049310047749800, 2.845415267842974500, -4.180225025942714700 ) ) ;
#4753 = DIRECTION ( 'NONE',  ( -1.953715462435022800E-016, 0.0000000000000000000, 1.000000000000000000 ) ) ;
#4754 = ORIENTED_EDGE ( 'NONE', *, *, #1470, .T. ) ;
#4755 = CARTESIAN_POINT ( 'NONE',  ( 4.767125327239031500, 0.0000000000000000000, -6.200000000000001100 ) ) ;
#4756 = CARTESIAN_POINT ( 'NONE',  ( 0.7789732856829172400, 8.005000000000000800, -1.504362965284422100 ) ) ;
#4757 = VERTEX_POINT ( 'NONE', #894 ) ;
#4758 = PRESENTATION_STYLE_ASSIGNMENT (( #3805 ) ) ;
#4759 = VECTOR ( 'NONE', #1107, 1000.000000000000000 ) ;
#4760 = VERTEX_POINT ( 'NONE', #6230 ) ;
#4761 = ORIENTED_EDGE ( 'NONE', *, *, #2391, .F. ) ;
#4762 = AXIS2_PLACEMENT_3D ( 'NONE', #1851, #2842, #442 ) ;
#4763 = ADVANCED_FACE ( 'NONE', ( #5955 ), #3759, .T. ) ;
#4764 = DIRECTION ( 'NONE',  ( 1.000000000000000000, 0.0000000000000000000, 0.0000000000000000000 ) ) ;
#4765 = STYLED_ITEM ( 'NONE', ( #4679 ), #913 ) ;
#4766 = EDGE_CURVE ( 'NONE', #2184, #1779, #5808, .T. ) ;
#4767 = FACE_OUTER_BOUND ( 'NONE', #4190, .T. ) ;
#4768 = CIRCLE ( 'NONE', #1283, 0.1999999999999996500 ) ;
#4769 = ORIENTED_EDGE ( 'NONE', *, *, #588, .T. ) ;
#4770 = CARTESIAN_POINT ( 'NONE',  ( 7.299999999999999800, 7.800000000000000700, -6.200000000000001100 ) ) ;
#4771 = CARTESIAN_POINT ( 'NONE',  ( 0.5200997685186503600, 8.000000000000000000, -3.638053253117329500 ) ) ;
#4772 = CIRCLE ( 'NONE', #270, 2.103069206569890200 ) ;
#4773 = EDGE_CURVE ( 'NONE', #2003, #4121, #346, .T. ) ;
#4774 = CARTESIAN_POINT ( 'NONE',  ( 2.732874672760973400, 0.0000000000000000000, -2.219774974057284700 ) ) ;
#4775 = MECHANICAL_DESIGN_GEOMETRIC_PRESENTATION_REPRESENTATION (  '', ( #203 ), #514 ) ;
#4776 = ORIENTED_EDGE ( 'NONE', *, *, #3999, .F. ) ;
#4777 = STYLED_ITEM ( 'NONE', ( #4689 ), #5096 ) ;
#4778 = CARTESIAN_POINT ( 'NONE',  ( 5.050000000000002500, 4.929470609902312900, -3.200000000000000200 ) ) ;
#4779 = CARTESIAN_POINT ( 'NONE',  ( 1.241527841744380000, 8.005000000000000800, -4.342176664924645400 ) ) ;
#4780 = ADVANCED_FACE ( 'NONE', ( #3444 ), #4852, .F. ) ;
#4781 = COLOUR_RGB ( '',0.8980392156862745400, 0.9215686274509803400, 0.9294117647058823800 ) ;
#4782 = ORIENTED_EDGE ( 'NONE', *, *, #1504, .F. ) ;
#4783 = AXIS2_PLACEMENT_3D ( 'NONE', #5681, #470, #4853 ) ;
#4784 = UNCERTAINTY_MEASURE_WITH_UNIT (LENGTH_MEASURE( 1.000000000000000100E-005 ), #259, 'distance_accuracy_value', 'NONE');
#4785 = EDGE_CURVE ( 'NONE', #541, #3466, #1782, .T. ) ;
#4786 = PLANE ( 'NONE',  #5748 ) ;
#4787 = CARTESIAN_POINT ( 'NONE',  ( 0.4350673547405130600, 8.000000000000000000, -1.847101683700655500 ) ) ;
#4788 = VERTEX_POINT ( 'NONE', #3797 ) ;
#4789 = PLANE ( 'NONE',  #3343 ) ;
#4790 = DIRECTION ( 'NONE',  ( -0.0000000000000000000, 0.0000000000000000000, 1.000000000000000000 ) ) ;
#4791 = AXIS2_PLACEMENT_3D ( 'NONE', #1252, #4705, #4664 ) ;
#4792 = CIRCLE ( 'NONE', #4457, 0.1999999999999996500 ) ;
#4793 = VERTEX_POINT ( 'NONE', #3266 ) ;
#4794 = CARTESIAN_POINT ( 'NONE',  ( 3.450000000000001100, -0.8000000000000000400, -0.2000000000000000100 ) ) ;
#4795 = DIRECTION ( 'NONE',  ( 0.2765379750249930500, 0.0000000000000000000, -0.9610029908221287000 ) ) ;
#4796 = ADVANCED_FACE ( 'NONE', ( #3533 ), #5004, .T. ) ;
#4797 = DIRECTION ( 'NONE',  ( 1.000000000000000000, 0.0000000000000000000, -0.0000000000000000000 ) ) ;
#4798 = EDGE_LOOP ( 'NONE', ( #4684, #4278, #1639 ) ) ;
#4799 = SURFACE_STYLE_USAGE ( .BOTH. , #5752 ) ;
#4800 = CARTESIAN_POINT ( 'NONE',  ( 0.7385744906061866300, 8.005000000000000800, -2.380676006235239700 ) ) ;
#4801 = LINE ( 'NONE', #1980, #4650 ) ;
#4802 = PRESENTATION_LAYER_ASSIGNMENT (  '', '', ( #1494 ) ) ;
#4803 = FILL_AREA_STYLE ('',( #299 ) ) ;
#4804 = CARTESIAN_POINT ( 'NONE',  ( 5.823554065593562300, 0.0000000000000000000, -6.200000000000001100 ) ) ;
#4805 = ORIENTED_EDGE ( 'NONE', *, *, #2106, .F. ) ;
#4806 = COLOUR_RGB ( '',0.1019607843137254900, 0.1019607843137254900, 0.1019607843137254900 ) ;
#4807 = DIRECTION ( 'NONE',  ( 0.0000000000000000000, 1.000000000000000000, 0.0000000000000000000 ) ) ;
#4808 = PLANE ( 'NONE',  #4150 ) ;
#4809 = EDGE_CURVE ( 'NONE', #3486, #27, #2176, .T. ) ;
#4810 = PRESENTATION_STYLE_ASSIGNMENT (( #1132 ) ) ;
#4811 = CARTESIAN_POINT ( 'NONE',  ( 1.241527841744380200, 8.005000000000000800, -1.370874065910685500 ) ) ;
#4812 = LINE ( 'NONE', #5152, #5108 ) ;
#4813 = PRESENTATION_LAYER_ASSIGNMENT (  '', '', ( #1789 ) ) ;
#4814 = DIRECTION ( 'NONE',  ( 0.004650693824870178300, 0.0000000000000000000, -0.9999891854649966000 ) ) ;
#4815 = AXIS2_PLACEMENT_3D ( 'NONE', #4571, #4155, #694 ) ;
#4816 = DIRECTION ( 'NONE',  ( 7.938847109812683700E-005, 0.0000000000000000000, -0.9999999968487352000 ) ) ;
#4817 = CARTESIAN_POINT ( 'NONE',  ( 2.250000000000001800, 3.068809709539726900, -4.180225025942715600 ) ) ;
#4818 = EDGE_LOOP ( 'NONE', ( #2397, #2310, #4360 ) ) ;
#4819 = COLOUR_RGB ( '',0.1019607843137254900, 0.1019607843137254900, 0.1019607843137254900 ) ;
#4820 = LINE ( 'NONE', #2682, #2216 ) ;
#4821 = FILL_AREA_STYLE ('',( #5811 ) ) ;
#4822 = COLOUR_RGB ( '',0.1019607843137254900, 0.1019607843137254900, 0.1019607843137254900 ) ;
#4823 = DIRECTION ( 'NONE',  ( 0.9612934544744229400, 0.0000000000000000000, 0.2755265765486711300 ) ) ;
#4824 = CARTESIAN_POINT ( 'NONE',  ( 2.450000000000002000, 4.929470609902312900, -5.303069206569889900 ) ) ;
#4825 = UNCERTAINTY_MEASURE_WITH_UNIT (LENGTH_MEASURE( 1.000000000000000100E-005 ), #1280, 'distance_accuracy_value', 'NONE');
#4826 = EDGE_CURVE ( 'NONE', #158, #3814, #3686, .T. ) ;
#4827 = AXIS2_PLACEMENT_3D ( 'NONE', #6106, #344, #5217 ) ;
#4828 = VERTEX_POINT ( 'NONE', #6272 ) ;
#4829 =( NAMED_UNIT ( * ) SI_UNIT ( $, .STERADIAN. ) SOLID_ANGLE_UNIT ( ) );
#4830 = DIRECTION ( 'NONE',  ( 1.157720421520753000E-016, -1.000000000000000000, 0.0000000000000000000 ) ) ;
#4831 = VECTOR ( 'NONE', #130, 1000.000000000000000 ) ;
#4832 = APPLICATION_PROTOCOL_DEFINITION ( 'draft international standard', 'automotive_design', 1998, #6231 ) ;
#4833 = ORIENTED_EDGE ( 'NONE', *, *, #5125, .T. ) ;
#4834 = CARTESIAN_POINT ( 'NONE',  ( 4.050000000000002500, -0.8000000000000000400, 5.488773498207869200E-016 ) ) ;
#4835 = UNCERTAINTY_MEASURE_WITH_UNIT (LENGTH_MEASURE( 1.000000000000000100E-005 ), #2756, 'distance_accuracy_value', 'NONE');
#4836 = ORIENTED_EDGE ( 'NONE', *, *, #3634, .F. ) ;
#4837 = LINE ( 'NONE', #1618, #4746 ) ;
#4838 = ORIENTED_EDGE ( 'NONE', *, *, #6017, .T. ) ;
#4839 = CARTESIAN_POINT ( 'NONE',  ( 2.732874672760973000, 0.0000000000000000000, -6.200000000000001100 ) ) ;
#4840 = FACE_OUTER_BOUND ( 'NONE', #1149, .T. ) ;
#4841 = LINE ( 'NONE', #5502, #3358 ) ;
#4842 = ORIENTED_EDGE ( 'NONE', *, *, #508, .F. ) ;
#4843 = CARTESIAN_POINT ( 'NONE',  ( 0.2000000000000000100, 7.800000000000000700, 0.0000000000000000000 ) ) ;
#4844 = ORIENTED_EDGE ( 'NONE', *, *, #1381, .T. ) ;
#4845 = CARTESIAN_POINT ( 'NONE',  ( 0.5885729675345048300, 8.000000000000000000, -2.791755508800442000 ) ) ;
#4846 = PRESENTATION_LAYER_ASSIGNMENT (  '', '', ( #1661 ) ) ;
#4847 = DIRECTION ( 'NONE',  ( 0.0000000000000000000, 0.0000000000000000000, -1.000000000000000000 ) ) ;
#4848 = STYLED_ITEM ( 'NONE', ( #2947 ), #499 ) ;
#4849 = CYLINDRICAL_SURFACE ( 'NONE', #1396, 0.2000000000000000100 ) ;
#4850 = FACE_OUTER_BOUND ( 'NONE', #5201, .T. ) ;
#4851 = VERTEX_POINT ( 'NONE', #3842 ) ;
#4852 = PLANE ( 'NONE',  #1095 ) ;
#4853 = DIRECTION ( 'NONE',  ( 1.000000000000000000, 0.0000000000000000000, 0.0000000000000000000 ) ) ;
#4854 = ORIENTED_EDGE ( 'NONE', *, *, #3241, .F. ) ;
#4855 = VECTOR ( 'NONE', #2001, 1000.000000000000000 ) ;
#4856 = VECTOR ( 'NONE', #1433, 1000.000000000000000 ) ;
#4857 = MECHANICAL_DESIGN_GEOMETRIC_PRESENTATION_REPRESENTATION (  '', ( #773 ), #5794 ) ;
#4858 = VECTOR ( 'NONE', #2441, 1000.000000000000000 ) ;
#4859 = EDGE_CURVE ( 'NONE', #5542, #5569, #4452, .T. ) ;
#4860 = VERTEX_POINT ( 'NONE', #870 ) ;
#4861 = DIRECTION ( 'NONE',  ( 0.0000000000000000000, 0.0000000000000000000, 1.000000000000000000 ) ) ;
#4862 = MECHANICAL_DESIGN_GEOMETRIC_PRESENTATION_REPRESENTATION (  '', ( #5797 ), #5282 ) ;
#4863 = SURFACE_STYLE_USAGE ( .BOTH. , #2349 ) ;
#4864 = EDGE_CURVE ( 'NONE', #46, #4462, #492, .T. ) ;
#4865 = DIRECTION ( 'NONE',  ( 0.8958676361826930500, 0.0000000000000000000, 0.4443210308329259000 ) ) ;
#4866 = VECTOR ( 'NONE', #5272, 1000.000000000000000 ) ;
#4867 = VERTEX_POINT ( 'NONE', #4272 ) ;
#4868 = DIRECTION ( 'NONE',  ( 1.578431070763902200E-016, 0.0000000000000000000, 1.000000000000000000 ) ) ;
#4869 = CARTESIAN_POINT ( 'NONE',  ( 0.7386014640062313900, 8.000000000000000000, -4.451933876929233600 ) ) ;
#4870 = EDGE_CURVE ( 'NONE', #5136, #4225, #6128, .T. ) ;
#4871 = LINE ( 'NONE', #1407, #5452 ) ;
#4872 = ADVANCED_FACE ( 'NONE', ( #3143 ), #2401, .F. ) ;
#4873 = CARTESIAN_POINT ( 'NONE',  ( 6.290000000000000000, -6.500000000000000000, -1.930000000000000400 ) ) ;
#4874 = PRESENTATION_LAYER_ASSIGNMENT (  '', '', ( #1270 ) ) ;
#4875 = ORIENTED_EDGE ( 'NONE', *, *, #1090, .F. ) ;
#4876 = UNCERTAINTY_MEASURE_WITH_UNIT (LENGTH_MEASURE( 1.000000000000000100E-005 ), #1920, 'distance_accuracy_value', 'NONE');
#4877 = SURFACE_STYLE_USAGE ( .BOTH. , #2882 ) ;
#4878 = ORIENTED_EDGE ( 'NONE', *, *, #725, .F. ) ;
#4879 = LINE ( 'NONE', #5534, #4319 ) ;
#4880 = EDGE_CURVE ( 'NONE', #1779, #4129, #3368, .T. ) ;
#4881 = SURFACE_STYLE_USAGE ( .BOTH. , #5424 ) ;
#4882 = ORIENTED_EDGE ( 'NONE', *, *, #3896, .F. ) ;
#4883 = CARTESIAN_POINT ( 'NONE',  ( 0.4350673547405129500, 8.000000000000000000, -3.259236899294713800 ) ) ;
#4884 = SURFACE_STYLE_USAGE ( .BOTH. , #3355 ) ;
#4885 = AXIS2_PLACEMENT_3D ( 'NONE', #5574, #4124, #1741 ) ;
#4886 = EDGE_LOOP ( 'NONE', ( #1554, #661, #4691 ) ) ;
#4887 = ORIENTED_EDGE ( 'NONE', *, *, #2024, .F. ) ;
#4888 = DIRECTION ( 'NONE',  ( 0.0000000000000000000, -1.000000000000000000, 0.0000000000000000000 ) ) ;
#4889 = CARTESIAN_POINT ( 'NONE',  ( 0.5885729675345048300, 8.005000000000000800, -2.424323869812436100 ) ) ;
#4890 = CARTESIAN_POINT ( 'NONE',  ( 2.393802345241003800, 2.845415267842973200, -4.180225025942715600 ) ) ;
#4891 = CIRCLE ( 'NONE', #2230, 2.303069206569890800 ) ;
#4892 = ORIENTED_EDGE ( 'NONE', *, *, #2036, .F. ) ;
#4893 = PRESENTATION_STYLE_ASSIGNMENT (( #6098 ) ) ;
#4894 = EDGE_CURVE ( 'NONE', #4867, #5926, #5739, .T. ) ;
#4895 = DIRECTION ( 'NONE',  ( 0.0000000000000000000, 0.0000000000000000000, -1.000000000000000000 ) ) ;
#4896 = ADVANCED_FACE ( 'NONE', ( #4540 ), #6247, .F. ) ;
#4897 = CARTESIAN_POINT ( 'NONE',  ( 4.767125327239029700, 4.929470609902312900, -3.200000000000000200 ) ) ;
#4898 =( LENGTH_UNIT ( ) NAMED_UNIT ( * ) SI_UNIT ( .MILLI., .METRE. ) );
#4899 = CARTESIAN_POINT ( 'NONE',  ( 0.7386014640062313900, 8.000000000000000000, -4.105845552804479000 ) ) ;
#4900 = EDGE_CURVE ( 'NONE', #2765, #4945, #3228, .T. ) ;
#4901 = CARTESIAN_POINT ( 'NONE',  ( 2.732874672760973400, 0.0000000000000000000, -2.219774974057284700 ) ) ;
#4902 = MECHANICAL_DESIGN_GEOMETRIC_PRESENTATION_REPRESENTATION (  '', ( #2161 ), #5212 ) ;
#4903 = VERTEX_POINT ( 'NONE', #3424 ) ;
#4904 =( GEOMETRIC_REPRESENTATION_CONTEXT ( 3 ) GLOBAL_UNCERTAINTY_ASSIGNED_CONTEXT ( ( #5273 ) ) GLOBAL_UNIT_ASSIGNED_CONTEXT ( ( #1416, #3308, #4829 ) ) REPRESENTATION_CONTEXT ( 'NONE', 'WORKASPACE' ) );
#4905 = LINE ( 'NONE', #1610, #4831 ) ;
#4906 = VECTOR ( 'NONE', #3762, 1000.000000000000000 ) ;
#4907 = DIRECTION ( 'NONE',  ( 4.182971413094639800E-016, 1.000000000000000000, 0.0000000000000000000 ) ) ;
#4908 = UNCERTAINTY_MEASURE_WITH_UNIT (LENGTH_MEASURE( 1.000000000000000100E-005 ), #438, 'distance_accuracy_value', 'NONE');
#4909 = PLANE ( 'NONE',  #3062 ) ;
#4910 = ORIENTED_EDGE ( 'NONE', *, *, #193, .F. ) ;
#4911 = PLANE ( 'NONE',  #6001 ) ;
#4912 = FACE_OUTER_BOUND ( 'NONE', #6194, .T. ) ;
#4913 = CARTESIAN_POINT ( 'NONE',  ( 0.5907798819868245200, 8.000000000000000000, -4.764231888689944400 ) ) ;
#4914 =( NAMED_UNIT ( * ) SI_UNIT ( $, .STERADIAN. ) SOLID_ANGLE_UNIT ( ) );
#4915 = ORIENTED_EDGE ( 'NONE', *, *, #1009, .F. ) ;
#4916 =( GEOMETRIC_REPRESENTATION_CONTEXT ( 3 ) GLOBAL_UNCERTAINTY_ASSIGNED_CONTEXT ( ( #366 ) ) GLOBAL_UNIT_ASSIGNED_CONTEXT ( ( #3140, #2220, #5628 ) ) REPRESENTATION_CONTEXT ( 'NONE', 'WORKASPACE' ) );
#4917 = ORIENTED_EDGE ( 'NONE', *, *, #5247, .T. ) ;
#4918 = CARTESIAN_POINT ( 'NONE',  ( 5.823554065593562300, 7.800000000000000700, -0.1999999999999996500 ) ) ;
#4919 = STYLED_ITEM ( 'NONE', ( #5535 ), #2818 ) ;
#4920 = ORIENTED_EDGE ( 'NONE', *, *, #4666, .T. ) ;
#4921 = COLOUR_RGB ( '',0.8980392156862745400, 0.9215686274509803400, 0.9294117647058823800 ) ;
#4922 = ORIENTED_EDGE ( 'NONE', *, *, #4076, .T. ) ;
#4923 = DIRECTION ( 'NONE',  ( 0.0000000000000000000, -1.000000000000000000, 0.0000000000000000000 ) ) ;
#4924 = ORIENTED_EDGE ( 'NONE', *, *, #1182, .T. ) ;
#4925 = PLANE ( 'NONE',  #4172 ) ;
#4926 =( NAMED_UNIT ( * ) PLANE_ANGLE_UNIT ( ) SI_UNIT ( $, .RADIAN. ) );
#4927 = FILL_AREA_STYLE ('',( #2435 ) ) ;
#4928 = ORIENTED_EDGE ( 'NONE', *, *, #1606, .F. ) ;
#4929 = ADVANCED_FACE ( 'NONE', ( #1650 ), #1994, .F. ) ;
#4930 = AXIS2_PLACEMENT_3D ( 'NONE', #1145, #3009, #2069 ) ;
#4931 =( NAMED_UNIT ( * ) PLANE_ANGLE_UNIT ( ) SI_UNIT ( $, .RADIAN. ) );
#4932 = AXIS2_PLACEMENT_3D ( 'NONE', #2954, #2031, #3495 ) ;
#4933 = CARTESIAN_POINT ( 'NONE',  ( 2.250000000000001800, 2.845415267842974500, -4.180225025942715600 ) ) ;
#4934 =( LENGTH_UNIT ( ) NAMED_UNIT ( * ) SI_UNIT ( .MILLI., .METRE. ) );
#4935 = VECTOR ( 'NONE', #1412, 1000.000000000000000 ) ;
#4936 = VERTEX_POINT ( 'NONE', #3907 ) ;
#4937 = CARTESIAN_POINT ( 'NONE',  ( 5.050000000000002500, 4.929470609902312900, -3.200000000000000200 ) ) ;
#4938 = CIRCLE ( 'NONE', #2711, 0.1999999999999996500 ) ;
#4939 = EDGE_CURVE ( 'NONE', #348, #4748, #5957, .T. ) ;
#4940 = CARTESIAN_POINT ( 'NONE',  ( 1.476445934406436700, 7.800000000000000700, -6.200000000000001100 ) ) ;
#4941 = CARTESIAN_POINT ( 'NONE',  ( 5.823554065593562300, 4.254010373035235700, -2.219774974057283900 ) ) ;
#4942 =( GEOMETRIC_REPRESENTATION_CONTEXT ( 3 ) GLOBAL_UNCERTAINTY_ASSIGNED_CONTEXT ( ( #1852 ) ) GLOBAL_UNIT_ASSIGNED_CONTEXT ( ( #2551, #3037, #4043 ) ) REPRESENTATION_CONTEXT ( 'NONE', 'WORKASPACE' ) );
#4943 =( LENGTH_UNIT ( ) NAMED_UNIT ( * ) SI_UNIT ( .MILLI., .METRE. ) );
#4944 = VECTOR ( 'NONE', #154, 1000.000000000000000 ) ;
#4945 = VERTEX_POINT ( 'NONE', #3931 ) ;
#4946 = DIRECTION ( 'NONE',  ( 0.9620200793798304700, 0.0000000000000000000, 0.2729786930696691000 ) ) ;
#4947 = DIRECTION ( 'NONE',  ( -0.0000000000000000000, 1.000000000000000000, -0.0000000000000000000 ) ) ;
#4948 = CIRCLE ( 'NONE', #5641, 0.2000000000000000100 ) ;
#4949 = VERTEX_POINT ( 'NONE', #520 ) ;
#4950 = STYLED_ITEM ( 'NONE', ( #4581 ), #6214 ) ;
#4951 = UNCERTAINTY_MEASURE_WITH_UNIT (LENGTH_MEASURE( 1.000000000000000100E-005 ), #6263, 'distance_accuracy_value', 'NONE');
#4952 = DIRECTION ( 'NONE',  ( 0.0000000000000000000, 0.0000000000000000000, -1.000000000000000000 ) ) ;
#4953 = CYLINDRICAL_SURFACE ( 'NONE', #2180, 0.1999999999999996500 ) ;
#4954 = ORIENTED_EDGE ( 'NONE', *, *, #4785, .F. ) ;
#4955 = CARTESIAN_POINT ( 'NONE',  ( 7.500000000000000000, 8.000000000000000000, -6.200000000000001100 ) ) ;
#4956 = LINE ( 'NONE', #5921, #583 ) ;
#4957 = DIRECTION ( 'NONE',  ( 0.9615825319865853900, 0.0000000000000000000, 0.2745159998584187400 ) ) ;
#4958 = ORIENTED_EDGE ( 'NONE', *, *, #1595, .F. ) ;
#4959 = FILL_AREA_STYLE_COLOUR ( '', #4819 ) ;
#4960 = VECTOR ( 'NONE', #1557, 1000.000000000000000 ) ;
#4961 = ADVANCED_FACE ( 'NONE', ( #2389 ), #1102, .T. ) ;
#4962 = FILL_AREA_STYLE ('',( #90 ) ) ;
#4963 = MECHANICAL_DESIGN_GEOMETRIC_PRESENTATION_REPRESENTATION (  '', ( #4631 ), #3223 ) ;
#4964 = CARTESIAN_POINT ( 'NONE',  ( 1.088098244891528400, 8.005000000000000800, -2.728088479027833900 ) ) ;
#4965 = EDGE_LOOP ( 'NONE', ( #3704, #2536, #1738, #517 ) ) ;
#4966 = CARTESIAN_POINT ( 'NONE',  ( 2.732874672760973800, 4.929470609902312900, -3.200000000000000200 ) ) ;
#4967 = LINE ( 'NONE', #1816, #2953 ) ;
#4968 =( NAMED_UNIT ( * ) PLANE_ANGLE_UNIT ( ) SI_UNIT ( $, .RADIAN. ) );
#4969 = CARTESIAN_POINT ( 'NONE',  ( 1.241527841744380200, 8.000000000000000000, -3.042213324885009400 ) ) ;
#4970 = MECHANICAL_DESIGN_GEOMETRIC_PRESENTATION_REPRESENTATION (  '', ( #4516 ), #5168 ) ;
#4971 = VECTOR ( 'NONE', #2533, 1000.000000000000000 ) ;
#4972 = CARTESIAN_POINT ( 'NONE',  ( 1.088068819367284500, 8.005000000000000800, -4.006097923896482400 ) ) ;
#4973 = PRESENTATION_LAYER_ASSIGNMENT (  '', '', ( #1376 ) ) ;
#4974 = EDGE_CURVE ( 'NONE', #5940, #1392, #32, .T. ) ;
#4975 = CYLINDRICAL_SURFACE ( 'NONE', #6164, 2.303069206569890800 ) ;
#4976 = DIRECTION ( 'NONE',  ( 0.0000000000000000000, 0.0000000000000000000, 1.000000000000000000 ) ) ;
#4977 = CARTESIAN_POINT ( 'NONE',  ( 1.241527841744380200, 8.005000000000000800, -3.635816913140191200 ) ) ;
#4978 = ORIENTED_EDGE ( 'NONE', *, *, #6054, .F. ) ;
#4979 = ORIENTED_EDGE ( 'NONE', *, *, #6281, .T. ) ;
#4980 = EDGE_CURVE ( 'NONE', #866, #2105, #6289, .T. ) ;
#4981 = SURFACE_STYLE_USAGE ( .BOTH. , #5802 ) ;
#4982 = STYLED_ITEM ( 'NONE', ( #5123 ), #5716 ) ;
#4983 = ORIENTED_EDGE ( 'NONE', *, *, #1906, .T. ) ;
#4984 = ORIENTED_EDGE ( 'NONE', *, *, #1736, .F. ) ;
#4985 = ADVANCED_FACE ( 'NONE', ( #266 ), #972, .F. ) ;
#4986 = CARTESIAN_POINT ( 'NONE',  ( 3.250000000000001300, 0.0000000000000000000, -6.200000000000001100 ) ) ;
#4987 = ORIENTED_EDGE ( 'NONE', *, *, #504, .F. ) ;
#4988 = SURFACE_STYLE_FILL_AREA ( #2694 ) ;
#4989 = SURFACE_STYLE_FILL_AREA ( #5570 ) ;
#4990 = ORIENTED_EDGE ( 'NONE', *, *, #3756, .F. ) ;
#4991 = EDGE_CURVE ( 'NONE', #2957, #5016, #2244, .T. ) ;
#4992 = ORIENTED_EDGE ( 'NONE', *, *, #3319, .T. ) ;
#4993 = CARTESIAN_POINT ( 'NONE',  ( 7.299999999999999800, 0.2000000000000000100, -6.200000000000001100 ) ) ;
#4994 = SURFACE_STYLE_FILL_AREA ( #1878 ) ;
#4995 = CARTESIAN_POINT ( 'NONE',  ( 5.823554065593562300, 4.254010373035233000, -6.400000000000000400 ) ) ;
#4996 = LINE ( 'NONE', #3868, #416 ) ;
#4997 = VECTOR ( 'NONE', #3078, 1000.000000000000000 ) ;
#4998 = ORIENTED_EDGE ( 'NONE', *, *, #1377, .T. ) ;
#4999 = FILL_AREA_STYLE_COLOUR ( '', #93 ) ;
#5000 = DIRECTION ( 'NONE',  ( 1.000000000000000000, 0.0000000000000000000, 0.0000000000000000000 ) ) ;
#5001 = MECHANICAL_DESIGN_GEOMETRIC_PRESENTATION_REPRESENTATION (  '', ( #76 ), #2927 ) ;
#5002 = ORIENTED_EDGE ( 'NONE', *, *, #2290, .F. ) ;
#5003 = CIRCLE ( 'NONE', #4815, 0.1999999999999996500 ) ;
#5004 = SPHERICAL_SURFACE ( 'NONE', #5851, 0.2000000000000000100 ) ;
#5005 = FACE_OUTER_BOUND ( 'NONE', #5417, .T. ) ;
#5006 = ORIENTED_EDGE ( 'NONE', *, *, #5844, .T. ) ;
#5007 = DIRECTION ( 'NONE',  ( 0.0000000000000000000, 0.0000000000000000000, 1.000000000000000000 ) ) ;
#5008 = CARTESIAN_POINT ( 'NONE',  ( 0.7385744906061866300, 8.000000000000000000, -2.726818277157608600 ) ) ;
#5009 = CARTESIAN_POINT ( 'NONE',  ( 2.450000000000002000, 4.929470609902312900, -3.200000000000000200 ) ) ;
#5010 = AXIS2_PLACEMENT_3D ( 'NONE', #483, #5786, #2372 ) ;
#5011 = ORIENTED_EDGE ( 'NONE', *, *, #4391, .T. ) ;
#5012 = CARTESIAN_POINT ( 'NONE',  ( 3.450000000000001100, -1.000000000000000000, -0.1999999999999996500 ) ) ;
#5013 = AXIS2_PLACEMENT_3D ( 'NONE', #5635, #250, #2207 ) ;
#5014 = EDGE_CURVE ( 'NONE', #2911, #1490, #4996, .T. ) ;
#5015 = DIRECTION ( 'NONE',  ( -1.000000000000000000, 0.0000000000000000000, 0.0000000000000000000 ) ) ;
#5016 = VERTEX_POINT ( 'NONE', #5788 ) ;
#5017 = CARTESIAN_POINT ( 'NONE',  ( 0.5200997685186503600, 8.005000000000000800, -3.638053253117329500 ) ) ;
#5018 = SURFACE_SIDE_STYLE ('',( #2104 ) ) ;
#5019 = DIRECTION ( 'NONE',  ( 0.0000000000000000000, 1.000000000000000000, 0.0000000000000000000 ) ) ;
#5020 = STYLED_ITEM ( 'NONE', ( #597 ), #2061 ) ;
#5021 = ORIENTED_EDGE ( 'NONE', *, *, #1672, .F. ) ;
#5022 = VERTEX_POINT ( 'NONE', #466 ) ;
#5023 = UNCERTAINTY_MEASURE_WITH_UNIT (LENGTH_MEASURE( 1.000000000000000100E-005 ), #3607, 'distance_accuracy_value', 'NONE');
#5024 = FILL_AREA_STYLE_COLOUR ( '', #496 ) ;
#5025 = STYLED_ITEM ( 'NONE', ( #3197 ), #5855 ) ;
#5026 = DIRECTION ( 'NONE',  ( 1.000000000000000000, 0.0000000000000000000, 0.0000000000000000000 ) ) ;
#5027 = VECTOR ( 'NONE', #2497, 1000.000000000000000 ) ;
#5028 = AXIS2_PLACEMENT_3D ( 'NONE', #568, #1544, #3003 ) ;
#5029 = PLANE ( 'NONE',  #2260 ) ;
#5030 = VECTOR ( 'NONE', #3361, 1000.000000000000100 ) ;
#5031 = VERTEX_POINT ( 'NONE', #2419 ) ;
#5032 = DIRECTION ( 'NONE',  ( -9.098923155897436200E-017, 0.0000000000000000000, -1.000000000000000000 ) ) ;
#5033 = CARTESIAN_POINT ( 'NONE',  ( 0.8876613702446638500, 8.005000000000000800, -2.684234636770967500 ) ) ;
#5034 = LINE ( 'NONE', #1226, #2289 ) ;
#5035 = FILL_AREA_STYLE_COLOUR ( '', #2213 ) ;
#5036 = SURFACE_STYLE_FILL_AREA ( #5181 ) ;
#5037 = ORIENTED_EDGE ( 'NONE', *, *, #837, .F. ) ;
#5038 = CARTESIAN_POINT ( 'NONE',  ( 0.5907974110767845200, 8.005000000000000800, -5.214709366609894500 ) ) ;
#5039 =( NAMED_UNIT ( * ) SI_UNIT ( $, .STERADIAN. ) SOLID_ANGLE_UNIT ( ) );
#5040 = DIRECTION ( 'NONE',  ( -0.0000000000000000000, -1.000000000000000000, -0.0000000000000000000 ) ) ;
#5041 = SURFACE_STYLE_USAGE ( .BOTH. , #3092 ) ;
#5042 = VECTOR ( 'NONE', #615, 1000.000000000000000 ) ;
#5043 = LINE ( 'NONE', #1569, #619 ) ;
#5044 = FILL_AREA_STYLE_COLOUR ( '', #2845 ) ;
#5045 = PLANE ( 'NONE',  #17 ) ;
#5046 = ORIENTED_EDGE ( 'NONE', *, *, #112, .T. ) ;
#5047 = EDGE_CURVE ( 'NONE', #4604, #4294, #3220, .T. ) ;
#5048 = DIRECTION ( 'NONE',  ( -0.6995643972270447800, -0.0000000000000000000, -0.7145695586381787300 ) ) ;
#5049 = STYLED_ITEM ( 'NONE', ( #2890 ), #1359 ) ;
#5050 = EDGE_CURVE ( 'NONE', #1831, #2761, #187, .T. ) ;
#5051 = ORIENTED_EDGE ( 'NONE', *, *, #1498, .F. ) ;
#5052 = DIRECTION ( 'NONE',  ( -1.000000000000000000, 0.0000000000000000000, 0.0000000000000000000 ) ) ;
#5053 = CARTESIAN_POINT ( 'NONE',  ( 3.450000000000001100, -0.8000000000000000400, -0.1999999999999996500 ) ) ;
#5054 = ORIENTED_EDGE ( 'NONE', *, *, #2113, .T. ) ;
#5055 = VERTEX_POINT ( 'NONE', #5436 ) ;
#5056 =( LENGTH_UNIT ( ) NAMED_UNIT ( * ) SI_UNIT ( .MILLI., .METRE. ) );
#5057 = VERTEX_POINT ( 'NONE', #1151 ) ;
#5058 = FILL_AREA_STYLE ('',( #1640 ) ) ;
#5059 = FILL_AREA_STYLE ('',( #5934 ) ) ;
#5060 = DIRECTION ( 'NONE',  ( 1.000000000000000000, 0.0000000000000000000, 0.0000000000000000000 ) ) ;
#5061 = CYLINDRICAL_SURFACE ( 'NONE', #671, 0.2000000000000000100 ) ;
#5062 = ORIENTED_EDGE ( 'NONE', *, *, #2758, .T. ) ;
#5063 = ORIENTED_EDGE ( 'NONE', *, *, #3937, .T. ) ;
#5064 = CARTESIAN_POINT ( 'NONE',  ( 2.450000000000002000, 4.929470609902312900, -3.200000000000000200 ) ) ;
#5065 =( LENGTH_UNIT ( ) NAMED_UNIT ( * ) SI_UNIT ( .MILLI., .METRE. ) );
#5066 = CARTESIAN_POINT ( 'NONE',  ( 3.450000000000001100, -0.8000000000000000400, -6.200000000000001100 ) ) ;
#5067 = ORIENTED_EDGE ( 'NONE', *, *, #3896, .T. ) ;
#5068 = DIRECTION ( 'NONE',  ( 1.000000000000000000, 0.0000000000000000000, -9.054909572959128600E-017 ) ) ;
#5069 = SURFACE_STYLE_USAGE ( .BOTH. , #1114 ) ;
#5070 = FILL_AREA_STYLE ('',( #217 ) ) ;
#5071 = DIRECTION ( 'NONE',  ( -0.2793947940878249200, 0.0000000000000000000, 0.9601763114327607200 ) ) ;
#5072 = LINE ( 'NONE', #5770, #4935 ) ;
#5073 = ORIENTED_EDGE ( 'NONE', *, *, #307, .F. ) ;
#5074 = STYLED_ITEM ( 'NONE', ( #6122 ), #3289 ) ;
#5075 = CARTESIAN_POINT ( 'NONE',  ( 5.250000000000001800, 0.0000000000000000000, -2.219774974057284300 ) ) ;
#5076 = DIRECTION ( 'NONE',  ( 0.0000000000000000000, 0.0000000000000000000, 1.000000000000000000 ) ) ;
#5077 = ORIENTED_EDGE ( 'NONE', *, *, #2266, .T. ) ;
#5078 = CARTESIAN_POINT ( 'NONE',  ( 5.050000000000002500, 4.929470609902312900, -3.200000000000000200 ) ) ;
#5079 = AXIS2_PLACEMENT_3D ( 'NONE', #6124, #293, #967 ) ;
#5080 = DIRECTION ( 'NONE',  ( 0.0000000000000000000, 0.0000000000000000000, 1.000000000000000000 ) ) ;
#5081 = STYLED_ITEM ( 'NONE', ( #3588 ), #1074 ) ;
#5082 = VERTEX_POINT ( 'NONE', #4562 ) ;
#5083 = EDGE_CURVE ( 'NONE', #2081, #3743, #5209, .T. ) ;
#5084 = DIRECTION ( 'NONE',  ( 0.05596501978188291700, 0.0000000000000000000, -0.9984327301129573000 ) ) ;
#5085 = CARTESIAN_POINT ( 'NONE',  ( 7.299999999999999800, 7.800000000000000700, 0.0000000000000000000 ) ) ;
#5086 = SURFACE_SIDE_STYLE ('',( #5377 ) ) ;
#5087 = PRESENTATION_STYLE_ASSIGNMENT (( #1863 ) ) ;
#5088 = ORIENTED_EDGE ( 'NONE', *, *, #6070, .F. ) ;
#5089 = CARTESIAN_POINT ( 'NONE',  ( 0.5885729675345048300, 8.005000000000000800, -2.424323869812436100 ) ) ;
#5090 = PRESENTATION_STYLE_ASSIGNMENT (( #4877 ) ) ;
#5091 = EDGE_CURVE ( 'NONE', #4903, #5554, #1563, .T. ) ;
#5092 =( NAMED_UNIT ( * ) SI_UNIT ( $, .STERADIAN. ) SOLID_ANGLE_UNIT ( ) );
#5093 = CARTESIAN_POINT ( 'NONE',  ( 0.4350673547405130000, 8.005000000000000800, -2.835354329834380800 ) ) ;
#5094 = MECHANICAL_DESIGN_GEOMETRIC_PRESENTATION_REPRESENTATION (  '', ( #5732 ), #3440 ) ;
#5095 =( GEOMETRIC_REPRESENTATION_CONTEXT ( 3 ) GLOBAL_UNCERTAINTY_ASSIGNED_CONTEXT ( ( #6091 ) ) GLOBAL_UNIT_ASSIGNED_CONTEXT ( ( #1267, #407, #2214 ) ) REPRESENTATION_CONTEXT ( 'NONE', 'WORKASPACE' ) );
#5096 = ADVANCED_FACE ( 'NONE', ( #1180 ), #1648, .F. ) ;
#5097 = PLANE ( 'NONE',  #5507 ) ;
#5098 = CYLINDRICAL_SURFACE ( 'NONE', #4232, 0.1999999999999996500 ) ;
#5099 = ORIENTED_EDGE ( 'NONE', *, *, #2562, .F. ) ;
#5100 =( NAMED_UNIT ( * ) PLANE_ANGLE_UNIT ( ) SI_UNIT ( $, .RADIAN. ) );
#5101 =( NAMED_UNIT ( * ) SI_UNIT ( $, .STERADIAN. ) SOLID_ANGLE_UNIT ( ) );
#5102 = CIRCLE ( 'NONE', #3811, 0.2000000000000000900 ) ;
#5103 = EDGE_CURVE ( 'NONE', #1964, #768, #480, .T. ) ;
#5104 = CARTESIAN_POINT ( 'NONE',  ( 2.250000000000001800, 2.845415267842974500, -4.180225025942715600 ) ) ;
#5105 = PLANE ( 'NONE',  #1700 ) ;
#5106 = VECTOR ( 'NONE', #2933, 1000.000000000000000 ) ;
#5107 = VECTOR ( 'NONE', #2779, 1000.000000000000000 ) ;
#5108 = VECTOR ( 'NONE', #5174, 1000.000000000000000 ) ;
#5109 = FILL_AREA_STYLE ('',( #4149 ) ) ;
#5110 = CYLINDRICAL_SURFACE ( 'NONE', #4827, 0.2999999999999999300 ) ;
#5111 =( GEOMETRIC_REPRESENTATION_CONTEXT ( 3 ) GLOBAL_UNCERTAINTY_ASSIGNED_CONTEXT ( ( #5976 ) ) GLOBAL_UNIT_ASSIGNED_CONTEXT ( ( #3294, #2791, #6197 ) ) REPRESENTATION_CONTEXT ( 'NONE', 'WORKASPACE' ) );
#5112 = DIRECTION ( 'NONE',  ( 1.000000000000000000, 0.0000000000000000000, 0.0000000000000000000 ) ) ;
#5113 = CARTESIAN_POINT ( 'NONE',  ( 0.2000000000000000100, 8.000000000000000000, 0.0000000000000000000 ) ) ;
#5114 = ORIENTED_EDGE ( 'NONE', *, *, #3569, .F. ) ;
#5115 = CIRCLE ( 'NONE', #944, 0.1999999999999999800 ) ;
#5116 = LINE ( 'NONE', #1024, #5572 ) ;
#5117 = SURFACE_STYLE_FILL_AREA ( #2809 ) ;
#5118 = DIRECTION ( 'NONE',  ( -0.3725077383635800300, 0.0000000000000000000, -0.9280290862140316800 ) ) ;
#5119 = FILL_AREA_STYLE_COLOUR ( '', #5700 ) ;
#5120 =( GEOMETRIC_REPRESENTATION_CONTEXT ( 3 ) GLOBAL_UNCERTAINTY_ASSIGNED_CONTEXT ( ( #5888 ) ) GLOBAL_UNIT_ASSIGNED_CONTEXT ( ( #4463, #2483, #78 ) ) REPRESENTATION_CONTEXT ( 'NONE', 'WORKASPACE' ) );
#5121 = ORIENTED_EDGE ( 'NONE', *, *, #3531, .T. ) ;
#5122 =( GEOMETRIC_REPRESENTATION_CONTEXT ( 3 ) GLOBAL_UNCERTAINTY_ASSIGNED_CONTEXT ( ( #5023 ) ) GLOBAL_UNIT_ASSIGNED_CONTEXT ( ( #3607, #142, #1666 ) ) REPRESENTATION_CONTEXT ( 'NONE', 'WORKASPACE' ) );
#5123 = PRESENTATION_STYLE_ASSIGNMENT (( #1115 ) ) ;
#5124 = FACE_OUTER_BOUND ( 'NONE', #4001, .T. ) ;
#5125 = EDGE_CURVE ( 'NONE', #635, #3252, #2535, .T. ) ;
#5126 = EDGE_LOOP ( 'NONE', ( #6068, #5779, #1414, #1483, #342, #589, #5879 ) ) ;
#5127 = DIRECTION ( 'NONE',  ( -1.000000000000000000, 0.0000000000000000000, 0.0000000000000000000 ) ) ;
#5128 = VECTOR ( 'NONE', #4740, 1000.000000000000000 ) ;
#5129 = FILL_AREA_STYLE ('',( #3155 ) ) ;
#5130 = ORIENTED_EDGE ( 'NONE', *, *, #5687, .T. ) ;
#5131 = EDGE_CURVE ( 'NONE', #4936, #5166, #2078, .T. ) ;
#5132 = CARTESIAN_POINT ( 'NONE',  ( 1.241527841744380200, 8.005000000000000800, -1.370874065910685500 ) ) ;
#5133 = AXIS2_PLACEMENT_3D ( 'NONE', #3109, #1747, #6015 ) ;
#5134 = VECTOR ( 'NONE', #2502, 1000.000000000000000 ) ;
#5135 = PRESENTATION_STYLE_ASSIGNMENT (( #4668 ) ) ;
#5136 = VERTEX_POINT ( 'NONE', #5503 ) ;
#5137 = SURFACE_STYLE_USAGE ( .BOTH. , #1242 ) ;
#5138 = DIRECTION ( 'NONE',  ( 0.7083077534943990100, -0.0000000000000000000, 0.7059037656364483000 ) ) ;
#5139 = DIRECTION ( 'NONE',  ( -0.9601763114342665200, 0.0000000000000000000, -0.2793947940826500000 ) ) ;
#5140 = ORIENTED_EDGE ( 'NONE', *, *, #807, .F. ) ;
#5141 = LINE ( 'NONE', #2136, #3989 ) ;
#5142 = VECTOR ( 'NONE', #251, 1000.000000000000000 ) ;
#5143 = ORIENTED_EDGE ( 'NONE', *, *, #5839, .T. ) ;
#5144 = MECHANICAL_DESIGN_GEOMETRIC_PRESENTATION_REPRESENTATION (  '', ( #3579 ), #244 ) ;
#5145 = LINE ( 'NONE', #5254, #1027 ) ;
#5146 = DIRECTION ( 'NONE',  ( 0.0000000000000000000, 1.000000000000000000, 0.0000000000000000000 ) ) ;
#5147 = DIRECTION ( 'NONE',  ( 0.0000000000000000000, 0.0000000000000000000, 1.000000000000000000 ) ) ;
#5148 = DIRECTION ( 'NONE',  ( 0.0000000000000000000, 0.0000000000000000000, -1.000000000000000000 ) ) ;
#5149 = COLOUR_RGB ( '',0.1019607843137254900, 0.1019607843137254900, 0.1019607843137254900 ) ;
#5150 = FILL_AREA_STYLE_COLOUR ( '', #1815 ) ;
#5151 = ORIENTED_EDGE ( 'NONE', *, *, #2229, .T. ) ;
#5152 = CARTESIAN_POINT ( 'NONE',  ( 2.250000000000001800, 0.0000000000000000000, -2.219774974057284300 ) ) ;
#5153 = CARTESIAN_POINT ( 'NONE',  ( 0.5885729675345048300, 8.005000000000000800, -2.791755508800442000 ) ) ;
#5154 = CARTESIAN_POINT ( 'NONE',  ( 0.5907974110767845200, 8.005000000000000800, -5.214709366609894500 ) ) ;
#5155 = PRESENTATION_STYLE_ASSIGNMENT (( #555 ) ) ;
#5156 = AXIS2_PLACEMENT_3D ( 'NONE', #4972, #2977, #4957 ) ;
#5157 = ADVANCED_FACE ( 'NONE', ( #2170 ), #4495, .F. ) ;
#5158 = VECTOR ( 'NONE', #1960, 1000.000000000000000 ) ;
#5159 = ORIENTED_EDGE ( 'NONE', *, *, #3107, .T. ) ;
#5160 =( GEOMETRIC_REPRESENTATION_CONTEXT ( 3 ) GLOBAL_UNCERTAINTY_ASSIGNED_CONTEXT ( ( #2555 ) ) GLOBAL_UNIT_ASSIGNED_CONTEXT ( ( #1795, #5713, #380 ) ) REPRESENTATION_CONTEXT ( 'NONE', 'WORKASPACE' ) );
#5161 =( LENGTH_UNIT ( ) NAMED_UNIT ( * ) SI_UNIT ( .MILLI., .METRE. ) );
#5162 = SURFACE_SIDE_STYLE ('',( #6156 ) ) ;
#5163 = VECTOR ( 'NONE', #1777, 1000.000000000000000 ) ;
#5164 =( NAMED_UNIT ( * ) PLANE_ANGLE_UNIT ( ) SI_UNIT ( $, .RADIAN. ) );
#5165 = FACE_OUTER_BOUND ( 'NONE', #297, .T. ) ;
#5166 = VERTEX_POINT ( 'NONE', #2574 ) ;
#5167 = UNCERTAINTY_MEASURE_WITH_UNIT (LENGTH_MEASURE( 1.000000000000000100E-005 ), #2558, 'distance_accuracy_value', 'NONE');
#5168 =( GEOMETRIC_REPRESENTATION_CONTEXT ( 3 ) GLOBAL_UNCERTAINTY_ASSIGNED_CONTEXT ( ( #3034 ) ) GLOBAL_UNIT_ASSIGNED_CONTEXT ( ( #4503, #1591, #5423 ) ) REPRESENTATION_CONTEXT ( 'NONE', 'WORKASPACE' ) );
#5169 = EDGE_CURVE ( 'NONE', #5384, #4949, #2236, .T. ) ;
#5170 = CARTESIAN_POINT ( 'NONE',  ( 2.250000000000001800, 4.254010373035234800, -5.401790462024471200 ) ) ;
#5171 = ORIENTED_EDGE ( 'NONE', *, *, #5103, .F. ) ;
#5172 = CIRCLE ( 'NONE', #1331, 2.103069206569890200 ) ;
#5173 = SURFACE_STYLE_USAGE ( .BOTH. , #790 ) ;
#5174 = DIRECTION ( 'NONE',  ( 0.0000000000000000000, -1.000000000000000000, 0.0000000000000000000 ) ) ;
#5175 = EDGE_CURVE ( 'NONE', #3732, #225, #2990, .T. ) ;
#5176 = DIRECTION ( 'NONE',  ( -0.9610992334305258300, 0.0000000000000000000, -0.2762033010288899600 ) ) ;
#5177 = VECTOR ( 'NONE', #5405, 1000.000000000000000 ) ;
#5178 = MECHANICAL_DESIGN_GEOMETRIC_PRESENTATION_REPRESENTATION (  '', ( #367 ), #3620 ) ;
#5179 = CARTESIAN_POINT ( 'NONE',  ( 1.088098244891528200, 8.000000000000000000, -2.281031366666376800 ) ) ;
#5180 = CARTESIAN_POINT ( 'NONE',  ( 2.732874672760973000, 0.1999999999999996500, -6.400000000000000400 ) ) ;
#5181 = FILL_AREA_STYLE ('',( #2186 ) ) ;
#5182 = ORIENTED_EDGE ( 'NONE', *, *, #3234, .T. ) ;
#5183 = COLOUR_RGB ( '',0.1019607843137254900, 0.1019607843137254900, 0.1019607843137254900 ) ;
#5184 = FACE_OUTER_BOUND ( 'NONE', #5619, .T. ) ;
#5185 = SURFACE_STYLE_USAGE ( .BOTH. , #3152 ) ;
#5186 = LINE ( 'NONE', #5994, #3269 ) ;
#5187 = ADVANCED_FACE ( 'NONE', ( #4840 ), #6031, .T. ) ;
#5188 = CARTESIAN_POINT ( 'NONE',  ( 2.732874672760972500, 0.0000000000000000000, -0.2000000000000000100 ) ) ;
#5189 = PLANE ( 'NONE',  #4425 ) ;
#5190 = CIRCLE ( 'NONE', #3988, 0.1999999999999996500 ) ;
#5191 = PRESENTATION_LAYER_ASSIGNMENT (  '', '', ( #827 ) ) ;
#5192 =( NAMED_UNIT ( * ) SI_UNIT ( $, .STERADIAN. ) SOLID_ANGLE_UNIT ( ) );
#5193 = ORIENTED_EDGE ( 'NONE', *, *, #5247, .F. ) ;
#5194 = ORIENTED_EDGE ( 'NONE', *, *, #2909, .T. ) ;
#5195 = LINE ( 'NONE', #4100, #3894 ) ;
#5196 = FILL_AREA_STYLE ('',( #2749 ) ) ;
#5197 = ORIENTED_EDGE ( 'NONE', *, *, #1000, .F. ) ;
#5198 = STYLED_ITEM ( 'NONE', ( #3776 ), #3949 ) ;
#5199 = EDGE_CURVE ( 'NONE', #6189, #541, #1096, .T. ) ;
#5200 = PRESENTATION_LAYER_ASSIGNMENT (  '', '', ( #3890 ) ) ;
#5201 = EDGE_LOOP ( 'NONE', ( #2626, #6064, #4095, #2910 ) ) ;
#5202 = VECTOR ( 'NONE', #3278, 1000.000000000000200 ) ;
#5203 = LINE ( 'NONE', #4599, #5506 ) ;
#5204 = ORIENTED_EDGE ( 'NONE', *, *, #4880, .F. ) ;
#5205 = ORIENTED_EDGE ( 'NONE', *, *, #4870, .F. ) ;
#5206 = CARTESIAN_POINT ( 'NONE',  ( 1.088098244891528400, 8.005000000000000800, -2.281031366666376400 ) ) ;
#5207 = CARTESIAN_POINT ( 'NONE',  ( 0.5907798819880761800, 8.005000000000000800, -4.993907927677669900 ) ) ;
#5208 = DIRECTION ( 'NONE',  ( -0.0000000000000000000, 1.000000000000000000, 0.0000000000000000000 ) ) ;
#5209 = CIRCLE ( 'NONE', #205, 0.2999999999999999300 ) ;
#5210 = EDGE_CURVE ( 'NONE', #117, #482, #3603, .T. ) ;
#5211 = VERTEX_POINT ( 'NONE', #4144 ) ;
#5212 =( GEOMETRIC_REPRESENTATION_CONTEXT ( 3 ) GLOBAL_UNCERTAINTY_ASSIGNED_CONTEXT ( ( #3244 ) ) GLOBAL_UNIT_ASSIGNED_CONTEXT ( ( #440, #1404, #5309 ) ) REPRESENTATION_CONTEXT ( 'NONE', 'WORKASPACE' ) );
#5213 = ORIENTED_EDGE ( 'NONE', *, *, #3069, .F. ) ;
#5214 = STYLED_ITEM ( 'NONE', ( #5661 ), #4763 ) ;
#5215 = DIRECTION ( 'NONE',  ( -0.0000000000000000000, -0.0000000000000000000, -1.000000000000000000 ) ) ;
#5216 = VECTOR ( 'NONE', #5904, 1000.000000000000000 ) ;
#5217 = DIRECTION ( 'NONE',  ( 0.0000000000000000000, 0.0000000000000000000, 1.000000000000000000 ) ) ;
#5218 = DIRECTION ( 'NONE',  ( 0.0000000000000000000, -1.000000000000000000, 0.0000000000000000000 ) ) ;
#5219 = PRESENTATION_STYLE_ASSIGNMENT (( #4623 ) ) ;
#5220 = ORIENTED_EDGE ( 'NONE', *, *, #4120, .F. ) ;
#5221 = ADVANCED_FACE ( 'NONE', ( #2689 ), #4123, .F. ) ;
#5222 = CARTESIAN_POINT ( 'NONE',  ( 4.767125327239031500, -3.396082814621257100E-016, -0.08284271247461907900 ) ) ;
#5223 = LINE ( 'NONE', #5956, #3763 ) ;
#5224 =( GEOMETRIC_REPRESENTATION_CONTEXT ( 3 ) GLOBAL_UNCERTAINTY_ASSIGNED_CONTEXT ( ( #3552 ) ) GLOBAL_UNIT_ASSIGNED_CONTEXT ( ( #3182, #1780, #1288 ) ) REPRESENTATION_CONTEXT ( 'NONE', 'WORKASPACE' ) );
#5225 = LINE ( 'NONE', #2703, #1347 ) ;
#5226 = ORIENTED_EDGE ( 'NONE', *, *, #156, .T. ) ;
#5227 =( NAMED_UNIT ( * ) PLANE_ANGLE_UNIT ( ) SI_UNIT ( $, .RADIAN. ) );
#5228 = ORIENTED_EDGE ( 'NONE', *, *, #5723, .T. ) ;
#5229 = DIRECTION ( 'NONE',  ( 1.000000000000000000, 0.0000000000000000000, -0.0000000000000000000 ) ) ;
#5230 = PRESENTATION_LAYER_ASSIGNMENT (  '', '', ( #4919 ) ) ;
#5231 = DIRECTION ( 'NONE',  ( 0.0000000000000000000, -1.000000000000000000, 0.0000000000000000000 ) ) ;
#5232 = ADVANCED_FACE ( 'NONE', ( #6264 ), #1214, .F. ) ;
#5233 = EDGE_LOOP ( 'NONE', ( #4180, #5381, #3043, #3400 ) ) ;
#5234 = CARTESIAN_POINT ( 'NONE',  ( 7.299999999999999800, 8.000000000000000000, -6.200000000000001100 ) ) ;
#5235 =( NAMED_UNIT ( * ) SI_UNIT ( $, .STERADIAN. ) SOLID_ANGLE_UNIT ( ) );
#5236 = DIRECTION ( 'NONE',  ( 0.0000000000000000000, 0.0000000000000000000, -1.000000000000000000 ) ) ;
#5237 = STYLED_ITEM ( 'NONE', ( #3257 ), #3386 ) ;
#5238 = CARTESIAN_POINT ( 'NONE',  ( 7.500000000000000000, 7.800000000000000700, -0.2000000000000000100 ) ) ;
#5239 = MECHANICAL_DESIGN_GEOMETRIC_PRESENTATION_REPRESENTATION (  '', ( #3601 ), #2860 ) ;
#5240 = PRESENTATION_STYLE_ASSIGNMENT (( #2630 ) ) ;
#5241 = ORIENTED_EDGE ( 'NONE', *, *, #3148, .F. ) ;
#5242 =( BOUNDED_CURVE ( )  B_SPLINE_CURVE ( 3, ( #81, #2101, #5437, #5532 ),
 .UNSPECIFIED., .F., .T. ) 
 B_SPLINE_CURVE_WITH_KNOTS ( ( 4, 4 ),
 ( 1.570796326794896600, 3.141592653589792200 ),
 .UNSPECIFIED. ) 
 CURVE ( )  GEOMETRIC_REPRESENTATION_ITEM ( )  RATIONAL_B_SPLINE_CURVE ( ( 1.000000000000000000, 0.8047378541243652700, 0.8047378541243652700, 1.000000000000000000 ) ) 
 REPRESENTATION_ITEM ( '' )  );
#5243 = DIRECTION ( 'NONE',  ( 0.0000000000000000000, 0.0000000000000000000, 1.000000000000000000 ) ) ;
#5244 = COLOUR_RGB ( '',0.1019607843137254900, 0.1019607843137254900, 0.1019607843137254900 ) ;
#5245 = ORIENTED_EDGE ( 'NONE', *, *, #1721, .F. ) ;
#5246 = COLOUR_RGB ( '',0.1019607843137254900, 0.1019607843137254900, 0.1019607843137254900 ) ;
#5247 = EDGE_CURVE ( 'NONE', #2233, #6140, #3514, .T. ) ;
#5248 = CARTESIAN_POINT ( 'NONE',  ( 0.5235572678224954500, 8.005000000000000800, -3.082457635954221100 ) ) ;
#5249 = AXIS2_PLACEMENT_3D ( 'NONE', #2316, #5231, #375 ) ;
#5250 = ADVANCED_FACE ( 'NONE', ( #1859 ), #4105, .F. ) ;
#5251 = CARTESIAN_POINT ( 'NONE',  ( 1.210000000000000200, -6.500000000000000000, -2.230000000000000400 ) ) ;
#5252 = ORIENTED_EDGE ( 'NONE', *, *, #2424, .T. ) ;
#5253 = FILL_AREA_STYLE ('',( #887 ) ) ;
#5254 = CARTESIAN_POINT ( 'NONE',  ( 0.8876613702460888200, 8.005000000000000800, -4.409350236543372300 ) ) ;
#5255 = FACE_OUTER_BOUND ( 'NONE', #2480, .T. ) ;
#5256 = ORIENTED_EDGE ( 'NONE', *, *, #2363, .T. ) ;
#5257 = FACE_OUTER_BOUND ( 'NONE', #2713, .T. ) ;
#5258 = PRESENTATION_STYLE_ASSIGNMENT (( #4290 ) ) ;
#5259 = DIRECTION ( 'NONE',  ( 1.000000000000000000, 0.0000000000000000000, 0.0000000000000000000 ) ) ;
#5260 = PRODUCT_CONTEXT ( 'NONE', #6231, 'mechanical' ) ;
#5261 = DIRECTION ( 'NONE',  ( 0.9601763114342665200, 0.0000000000000000000, 0.2793947940826500000 ) ) ;
#5262 = LINE ( 'NONE', #2790, #1072 ) ;
#5263 = CARTESIAN_POINT ( 'NONE',  ( 0.7385744906061866300, 8.005000000000000800, -2.726818277157608600 ) ) ;
#5264 = ORIENTED_EDGE ( 'NONE', *, *, #2424, .F. ) ;
#5265 = SURFACE_STYLE_USAGE ( .BOTH. , #4325 ) ;
#5266 = ORIENTED_EDGE ( 'NONE', *, *, #3984, .T. ) ;
#5267 = AXIS2_PLACEMENT_3D ( 'NONE', #4022, #3055, #607 ) ;
#5268 = VERTEX_POINT ( 'NONE', #765 ) ;
#5269 = CARTESIAN_POINT ( 'NONE',  ( 4.050000000000002500, -0.8000000000000000400, -0.2000000000000000100 ) ) ;
#5270 = EDGE_CURVE ( 'NONE', #750, #3352, #4706, .T. ) ;
#5271 = FILL_AREA_STYLE ('',( #382 ) ) ;
#5272 = DIRECTION ( 'NONE',  ( 0.0000000000000000000, 0.0000000000000000000, 1.000000000000000000 ) ) ;
#5273 = UNCERTAINTY_MEASURE_WITH_UNIT (LENGTH_MEASURE( 1.000000000000000100E-005 ), #1416, 'distance_accuracy_value', 'NONE');
#5274 = EDGE_LOOP ( 'NONE', ( #966, #5792, #5252, #3828 ) ) ;
#5275 = ADVANCED_FACE ( 'NONE', ( #6193 ), #5348, .T. ) ;
#5276 = DIRECTION ( 'NONE',  ( 1.000000000000000000, 0.0000000000000000000, 0.0000000000000000000 ) ) ;
#5277 = SURFACE_STYLE_FILL_AREA ( #1714 ) ;
#5278 = EDGE_LOOP ( 'NONE', ( #231, #3214, #1637 ) ) ;
#5279 = ORIENTED_EDGE ( 'NONE', *, *, #4068, .F. ) ;
#5280 = MECHANICAL_DESIGN_GEOMETRIC_PRESENTATION_REPRESENTATION (  '', ( #6136 ), #5920 ) ;
#5281 = DIRECTION ( 'NONE',  ( 0.0000000000000000000, 0.0000000000000000000, 1.000000000000000000 ) ) ;
#5282 =( GEOMETRIC_REPRESENTATION_CONTEXT ( 3 ) GLOBAL_UNCERTAINTY_ASSIGNED_CONTEXT ( ( #3209 ) ) GLOBAL_UNIT_ASSIGNED_CONTEXT ( ( #6039, #4636, #1704 ) ) REPRESENTATION_CONTEXT ( 'NONE', 'WORKASPACE' ) );
#5283 = UNCERTAINTY_MEASURE_WITH_UNIT (LENGTH_MEASURE( 1.000000000000000100E-005 ), #1638, 'distance_accuracy_value', 'NONE');
#5284 =( LENGTH_UNIT ( ) NAMED_UNIT ( * ) SI_UNIT ( .MILLI., .METRE. ) );
#5285 = EDGE_CURVE ( 'NONE', #3910, #361, #1246, .T. ) ;
#5286 = COLOUR_RGB ( '',0.1019607843137254900, 0.1019607843137254900, 0.1019607843137254900 ) ;
#5287 = VERTEX_POINT ( 'NONE', #6049 ) ;
#5288 =( NAMED_UNIT ( * ) SI_UNIT ( $, .STERADIAN. ) SOLID_ANGLE_UNIT ( ) );
#5289 = VECTOR ( 'NONE', #2446, 1000.000000000000200 ) ;
#5290 = EDGE_CURVE ( 'NONE', #3176, #5937, #6024, .T. ) ;
#5291 = DIRECTION ( 'NONE',  ( 1.000000000000000000, 0.0000000000000000000, 0.0000000000000000000 ) ) ;
#5292 = COLOUR_RGB ( '',0.1019607843137254900, 0.1019607843137254900, 0.1019607843137254900 ) ;
#5293 = ORIENTED_EDGE ( 'NONE', *, *, #3216, .T. ) ;
#5294 = ADVANCED_FACE ( 'NONE', ( #1174 ), #5582, .T. ) ;
#5295 = PRESENTATION_LAYER_ASSIGNMENT (  '', '', ( #4982 ) ) ;
#5296 = CARTESIAN_POINT ( 'NONE',  ( 1.241527841744380200, 8.005000000000000800, -1.672147313927540500 ) ) ;
#5297 =( LENGTH_UNIT ( ) NAMED_UNIT ( * ) SI_UNIT ( .MILLI., .METRE. ) );
#5298 = VECTOR ( 'NONE', #4235, 1000.000000000000000 ) ;
#5299 = ORIENTED_EDGE ( 'NONE', *, *, #2311, .T. ) ;
#5300 = SURFACE_STYLE_USAGE ( .BOTH. , #1879 ) ;
#5301 =( LENGTH_UNIT ( ) NAMED_UNIT ( * ) SI_UNIT ( .MILLI., .METRE. ) );
#5302 = DIRECTION ( 'NONE',  ( 1.000000000000000000, 0.0000000000000000000, -1.761828530288947900E-015 ) ) ;
#5303 =( NAMED_UNIT ( * ) SI_UNIT ( $, .STERADIAN. ) SOLID_ANGLE_UNIT ( ) );
#5304 = COLOUR_RGB ( '',0.1019607843137254900, 0.1019607843137254900, 0.1019607843137254900 ) ;
#5305 = VERTEX_POINT ( 'NONE', #5692 ) ;
#5306 = CARTESIAN_POINT ( 'NONE',  ( 0.4350673547405129500, 8.005000000000000800, -3.513972164922811700 ) ) ;
#5307 =( LENGTH_UNIT ( ) NAMED_UNIT ( * ) SI_UNIT ( .MILLI., .METRE. ) );
#5308 = AXIS2_PLACEMENT_3D ( 'NONE', #5820, #1882, #5281 ) ;
#5309 =( NAMED_UNIT ( * ) SI_UNIT ( $, .STERADIAN. ) SOLID_ANGLE_UNIT ( ) );
#5310 = DIRECTION ( 'NONE',  ( -1.000000000000000000, 0.0000000000000000000, 0.0000000000000000000 ) ) ;
#5311 = SURFACE_SIDE_STYLE ('',( #6032 ) ) ;
#5312 = VERTEX_POINT ( 'NONE', #1321 ) ;
#5313 = FACE_OUTER_BOUND ( 'NONE', #4020, .T. ) ;
#5314 = UNCERTAINTY_MEASURE_WITH_UNIT (LENGTH_MEASURE( 1.000000000000000100E-005 ), #1641, 'distance_accuracy_value', 'NONE');
#5315 = MECHANICAL_DESIGN_GEOMETRIC_PRESENTATION_REPRESENTATION (  '', ( #4219 ), #5120 ) ;
#5316 = CARTESIAN_POINT ( 'NONE',  ( 0.4350673547405130600, 8.005000000000000800, -2.239568348400532200 ) ) ;
#5317 = AXIS2_PLACEMENT_3D ( 'NONE', #2189, #786, #1739 ) ;
#5318 = EDGE_CURVE ( 'NONE', #4757, #3379, #1086, .T. ) ;
#5319 = LINE ( 'NONE', #4327, #3792 ) ;
#5320 = EDGE_LOOP ( 'NONE', ( #3262, #6216, #2858, #4842 ) ) ;
#5321 = ADVANCED_FACE ( 'NONE', ( #402 ), #2798, .F. ) ;
#5322 = CARTESIAN_POINT ( 'NONE',  ( 0.5907798819868245200, 8.005000000000000800, -4.764231888689944400 ) ) ;
#5323 = VERTEX_POINT ( 'NONE', #846 ) ;
#5324 = VECTOR ( 'NONE', #212, 1000.000000000000100 ) ;
#5325 = FILL_AREA_STYLE ('',( #4346 ) ) ;
#5326 =( GEOMETRIC_REPRESENTATION_CONTEXT ( 3 ) GLOBAL_UNCERTAINTY_ASSIGNED_CONTEXT ( ( #5386 ) ) GLOBAL_UNIT_ASSIGNED_CONTEXT ( ( #5284, #938, #5303 ) ) REPRESENTATION_CONTEXT ( 'NONE', 'WORKASPACE' ) );
#5327 = DIRECTION ( 'NONE',  ( 0.0000000000000000000, 1.000000000000000000, 0.0000000000000000000 ) ) ;
#5328 = AXIS2_PLACEMENT_3D ( 'NONE', #448, #2784, #1350 ) ;
#5329 = DIRECTION ( 'NONE',  ( -1.000000000000000000, -0.0000000000000000000, 0.0000000000000000000 ) ) ;
#5330 = CARTESIAN_POINT ( 'NONE',  ( 0.0000000000000000000, 0.1999999999999996500, -6.400000000000000400 ) ) ;
#5331 = LINE ( 'NONE', #2264, #1907 ) ;
#5332 = VERTEX_POINT ( 'NONE', #5652 ) ;
#5333 = TOROIDAL_SURFACE ( 'NONE', #1945, 2.103069206569890200, 0.2000000000000000100 ) ;
#5334 = CARTESIAN_POINT ( 'NONE',  ( 4.767125327239030600, 0.0000000000000000000, -2.219774974057284700 ) ) ;
#5335 = VECTOR ( 'NONE', #1678, 1000.000000000000000 ) ;
#5336 = DIRECTION ( 'NONE',  ( 0.0000000000000000000, 0.0000000000000000000, -1.000000000000000000 ) ) ;
#5337 = FILL_AREA_STYLE_COLOUR ( '', #5292 ) ;
#5338 =( GEOMETRIC_REPRESENTATION_CONTEXT ( 3 ) GLOBAL_UNCERTAINTY_ASSIGNED_CONTEXT ( ( #443 ) ) GLOBAL_UNIT_ASSIGNED_CONTEXT ( ( #5560, #4112, #5092 ) ) REPRESENTATION_CONTEXT ( 'NONE', 'WORKASPACE' ) );
#5339 = VERTEX_POINT ( 'NONE', #2270 ) ;
#5340 = EDGE_LOOP ( 'NONE', ( #6029, #5171, #1005, #5220 ) ) ;
#5341 = CARTESIAN_POINT ( 'NONE',  ( 0.4350673547405129500, 8.005000000000000800, -1.373316385216680500 ) ) ;
#5342 = CARTESIAN_POINT ( 'NONE',  ( 1.476445934406437600, 0.1999999999999996500, 0.0000000000000000000 ) ) ;
#5343 = CARTESIAN_POINT ( 'NONE',  ( 7.299999999999999800, 0.0000000000000000000, 0.0000000000000000000 ) ) ;
#5344 = CYLINDRICAL_SURFACE ( 'NONE', #4658, 0.1999999999999996500 ) ;
#5345 = AXIS2_PLACEMENT_3D ( 'NONE', #1205, #3136, #4131 ) ;
#5346 = ORIENTED_EDGE ( 'NONE', *, *, #1169, .F. ) ;
#5347 = ORIENTED_EDGE ( 'NONE', *, *, #3756, .T. ) ;
#5348 = CYLINDRICAL_SURFACE ( 'NONE', #41, 0.2999999999999999300 ) ;
#5349 = ORIENTED_EDGE ( 'NONE', *, *, #1422, .T. ) ;
#5350 = CARTESIAN_POINT ( 'NONE',  ( 0.4350673547405127200, 8.005000000000000800, -5.259463492025189700 ) ) ;
#5351 = ORIENTED_EDGE ( 'NONE', *, *, #907, .F. ) ;
#5352 = ADVANCED_FACE ( 'NONE', ( #4133 ), #6177, .F. ) ;
#5353 = CARTESIAN_POINT ( 'NONE',  ( 2.732874672760973400, 0.0000000000000000000, -2.219774974057284700 ) ) ;
#5354 = AXIS2_PLACEMENT_3D ( 'NONE', #5089, #215, #1261 ) ;
#5355 = SURFACE_STYLE_USAGE ( .BOTH. , #5388 ) ;
#5356 = FILL_AREA_STYLE ('',( #5337 ) ) ;
#5357 = EDGE_LOOP ( 'NONE', ( #2286, #4390, #1698, #3255 ) ) ;
#5358 = ORIENTED_EDGE ( 'NONE', *, *, #2192, .F. ) ;
#5359 = DIRECTION ( 'NONE',  ( -0.0000000000000000000, -1.000000000000000000, -0.0000000000000000000 ) ) ;
#5360 = ORIENTED_EDGE ( 'NONE', *, *, #429, .T. ) ;
#5361 = VECTOR ( 'NONE', #1838, 1000.000000000000000 ) ;
#5362 = EDGE_CURVE ( 'NONE', #1831, #482, #4061, .T. ) ;
#5363 = ORIENTED_EDGE ( 'NONE', *, *, #630, .T. ) ;
#5364 = DIRECTION ( 'NONE',  ( 0.0000000000000000000, 0.0000000000000000000, -1.000000000000000000 ) ) ;
#5365 =( GEOMETRIC_REPRESENTATION_CONTEXT ( 3 ) GLOBAL_UNCERTAINTY_ASSIGNED_CONTEXT ( ( #3675 ) ) GLOBAL_UNIT_ASSIGNED_CONTEXT ( ( #5056, #4592, #5544 ) ) REPRESENTATION_CONTEXT ( 'NONE', 'WORKASPACE' ) );
#5366 = CARTESIAN_POINT ( 'NONE',  ( 7.299999999999999800, 8.000000000000000000, 0.0000000000000000000 ) ) ;
#5367 = EDGE_CURVE ( 'NONE', #3239, #4828, #5505, .T. ) ;
#5368 = PRESENTATION_STYLE_ASSIGNMENT (( #1876 ) ) ;
#5369 = ORIENTED_EDGE ( 'NONE', *, *, #1903, .T. ) ;
#5370 = EDGE_CURVE ( 'NONE', #4142, #5512, #3977, .T. ) ;
#5371 =( GEOMETRIC_REPRESENTATION_CONTEXT ( 3 ) GLOBAL_UNCERTAINTY_ASSIGNED_CONTEXT ( ( #4908 ) ) GLOBAL_UNIT_ASSIGNED_CONTEXT ( ( #438, #1425, #5288 ) ) REPRESENTATION_CONTEXT ( 'NONE', 'WORKASPACE' ) );
#5372 = LINE ( 'NONE', #1766, #5298 ) ;
#5373 = ORIENTED_EDGE ( 'NONE', *, *, #3017, .T. ) ;
#5374 = DIRECTION ( 'NONE',  ( 0.0000000000000000000, 0.0000000000000000000, 1.000000000000000000 ) ) ;
#5375 = CARTESIAN_POINT ( 'NONE',  ( 2.732874672760972100, -3.629413092745000100E-016, -0.08284271247461910700 ) ) ;
#5376 = LINE ( 'NONE', #2406, #745 ) ;
#5377 = SURFACE_STYLE_FILL_AREA ( #5109 ) ;
#5378 = ADVANCED_FACE ( 'NONE', ( #2836 ), #6262, .F. ) ;
#5379 = FILL_AREA_STYLE ('',( #980 ) ) ;
#5380 = DIRECTION ( 'NONE',  ( -1.000000000000000000, -0.0000000000000000000, 0.0000000000000000000 ) ) ;
#5381 = ORIENTED_EDGE ( 'NONE', *, *, #1504, .T. ) ;
#5382 = MECHANICAL_DESIGN_GEOMETRIC_PRESENTATION_REPRESENTATION (  '', ( #5074 ), #5517 ) ;
#5383 = FACE_OUTER_BOUND ( 'NONE', #5340, .T. ) ;
#5384 = VERTEX_POINT ( 'NONE', #2738 ) ;
#5385 = LINE ( 'NONE', #3597, #4108 ) ;
#5386 = UNCERTAINTY_MEASURE_WITH_UNIT (LENGTH_MEASURE( 1.000000000000000100E-005 ), #5284, 'distance_accuracy_value', 'NONE');
#5387 = CARTESIAN_POINT ( 'NONE',  ( 5.823554065593562300, 0.0000000000000000000, -0.1999999999999996500 ) ) ;
#5388 = SURFACE_SIDE_STYLE ('',( #196 ) ) ;
#5389 = FACE_OUTER_BOUND ( 'NONE', #2775, .T. ) ;
#5390 = STYLED_ITEM ( 'NONE', ( #2987 ), #4718 ) ;
#5391 = EDGE_CURVE ( 'NONE', #4129, #825, #2904, .T. ) ;
#5392 = PRESENTATION_LAYER_ASSIGNMENT (  '', '', ( #427 ) ) ;
#5393 = EDGE_CURVE ( 'NONE', #4945, #491, #5872, .T. ) ;
#5394 = DIRECTION ( 'NONE',  ( -1.000000000000000000, 0.0000000000000000000, 8.210319413871509600E-016 ) ) ;
#5395 = ORIENTED_EDGE ( 'NONE', *, *, #5653, .T. ) ;
#5396 = LINE ( 'NONE', #6258, #159 ) ;
#5397 =( LENGTH_UNIT ( ) NAMED_UNIT ( * ) SI_UNIT ( .MILLI., .METRE. ) );
#5398 = CARTESIAN_POINT ( 'NONE',  ( 0.8876613702460888200, 8.005000000000000800, -4.063310954961972100 ) ) ;
#5399 = LINE ( 'NONE', #2299, #4119 ) ;
#5400 = DIRECTION ( 'NONE',  ( -0.0000000000000000000, -1.000000000000000000, -0.0000000000000000000 ) ) ;
#5401 = EDGE_CURVE ( 'NONE', #1089, #5521, #3593, .T. ) ;
#5402 = DIRECTION ( 'NONE',  ( -1.000000000000000000, 0.0000000000000000000, 0.0000000000000000000 ) ) ;
#5403 = ORIENTED_EDGE ( 'NONE', *, *, #1713, .T. ) ;
#5404 = FACE_OUTER_BOUND ( 'NONE', #3124, .T. ) ;
#5405 = DIRECTION ( 'NONE',  ( -0.0000000000000000000, -1.000000000000000000, -0.0000000000000000000 ) ) ;
#5406 = LINE ( 'NONE', #4130, #2823 ) ;
#5407 = VECTOR ( 'NONE', #2537, 1000.000000000000000 ) ;
#5408 = DIRECTION ( 'NONE',  ( 0.0000000000000000000, 0.0000000000000000000, -1.000000000000000000 ) ) ;
#5409 = DIRECTION ( 'NONE',  ( -0.0000000000000000000, -1.000000000000000000, -0.0000000000000000000 ) ) ;
#5410 = ADVANCED_FACE ( 'NONE', ( #4280 ), #3335, .F. ) ;
#5411 =( NAMED_UNIT ( * ) SI_UNIT ( $, .STERADIAN. ) SOLID_ANGLE_UNIT ( ) );
#5412 = CIRCLE ( 'NONE', #3396, 0.3000000000000001600 ) ;
#5413 = DIRECTION ( 'NONE',  ( 0.7059037656364483000, 0.0000000000000000000, -0.7083077534943990100 ) ) ;
#5414 = CARTESIAN_POINT ( 'NONE',  ( 1.241527841744380200, 8.005000000000000800, -3.042213324885009400 ) ) ;
#5415 = ORIENTED_EDGE ( 'NONE', *, *, #2576, .T. ) ;
#5416 = PLANE ( 'NONE',  #1415 ) ;
#5417 = EDGE_LOOP ( 'NONE', ( #1726, #2241, #975, #1097 ) ) ;
#5418 = PRESENTATION_STYLE_ASSIGNMENT (( #2759 ) ) ;
#5419 = VECTOR ( 'NONE', #744, 1000.000000000000000 ) ;
#5420 = SURFACE_SIDE_STYLE ('',( #2822 ) ) ;
#5421 = ORIENTED_EDGE ( 'NONE', *, *, #2509, .F. ) ;
#5422 = FILL_AREA_STYLE_COLOUR ( '', #2525 ) ;
#5423 =( NAMED_UNIT ( * ) SI_UNIT ( $, .STERADIAN. ) SOLID_ANGLE_UNIT ( ) );
#5424 = SURFACE_SIDE_STYLE ('',( #457 ) ) ;
#5425 = AXIS2_PLACEMENT_3D ( 'NONE', #6000, #1773, #3115 ) ;
#5426 = FACE_BOUND ( 'NONE', #3217, .T. ) ;
#5427 = ORIENTED_EDGE ( 'NONE', *, *, #1457, .T. ) ;
#5428 = EDGE_LOOP ( 'NONE', ( #1464, #53, #3557, #4289 ) ) ;
#5429 = CARTESIAN_POINT ( 'NONE',  ( 0.8876613702446638500, 8.000000000000000000, -2.338141408391912500 ) ) ;
#5430 = SURFACE_STYLE_USAGE ( .BOTH. , #3418 ) ;
#5431 = COLOUR_RGB ( '',0.1019607843137254900, 0.1019607843137254900, 0.1019607843137254900 ) ;
#5432 = ORIENTED_EDGE ( 'NONE', *, *, #3736, .F. ) ;
#5433 = CARTESIAN_POINT ( 'NONE',  ( 1.676445934406436600, 8.000000000000000000, -6.200000000000001100 ) ) ;
#5434 = STYLED_ITEM ( 'NONE', ( #4004 ), #4227 ) ;
#5435 = DIRECTION ( 'NONE',  ( 1.000000000000000000, 0.0000000000000000000, 0.0000000000000000000 ) ) ;
#5436 = CARTESIAN_POINT ( 'NONE',  ( 2.732874672760973400, 0.0000000000000000000, -4.180225025942715600 ) ) ;
#5437 = CARTESIAN_POINT ( 'NONE',  ( 2.732874672760972100, 4.254010373035233900, -0.08284271247461871800 ) ) ;
#5438 = COLOUR_RGB ( '',0.8980392156862745400, 0.9215686274509803400, 0.9294117647058823800 ) ;
#5439 = LINE ( 'NONE', #5514, #1561 ) ;
#5440 = ORIENTED_EDGE ( 'NONE', *, *, #6259, .T. ) ;
#5441 = CARTESIAN_POINT ( 'NONE',  ( 1.210000000000000200, 0.0000000000000000000, -1.630000000000000300 ) ) ;
#5442 = EDGE_CURVE ( 'NONE', #5339, #1820, #5867, .T. ) ;
#5443 = ADVANCED_FACE ( 'NONE', ( #3423 ), #2449, .T. ) ;
#5444 =( NAMED_UNIT ( * ) PLANE_ANGLE_UNIT ( ) SI_UNIT ( $, .RADIAN. ) );
#5445 = FILL_AREA_STYLE_COLOUR ( '', #4632 ) ;
#5446 =( GEOMETRIC_REPRESENTATION_CONTEXT ( 3 ) GLOBAL_UNCERTAINTY_ASSIGNED_CONTEXT ( ( #5858 ) ) GLOBAL_UNIT_ASSIGNED_CONTEXT ( ( #121, #141, #164 ) ) REPRESENTATION_CONTEXT ( 'NONE', 'WORKASPACE' ) );
#5447 = DIRECTION ( 'NONE',  ( 0.0000000000000000000, -1.000000000000000000, 0.0000000000000000000 ) ) ;
#5448 = LINE ( 'NONE', #4253, #2098 ) ;
#5449 = ORIENTED_EDGE ( 'NONE', *, *, #2909, .F. ) ;
#5450 = PRESENTATION_LAYER_ASSIGNMENT (  '', '', ( #773 ) ) ;
#5451 = CARTESIAN_POINT ( 'NONE',  ( 4.050000000000002500, -0.8000000000000000400, -0.2000000000000000100 ) ) ;
#5452 = VECTOR ( 'NONE', #5291, 1000.000000000000000 ) ;
#5453 =( LENGTH_UNIT ( ) NAMED_UNIT ( * ) SI_UNIT ( .MILLI., .METRE. ) );
#5454 = PRESENTATION_STYLE_ASSIGNMENT (( #4431 ) ) ;
#5455 = ORIENTED_EDGE ( 'NONE', *, *, #4690, .T. ) ;
#5456 = DIRECTION ( 'NONE',  ( 0.0000000000000000000, 1.000000000000000000, 0.0000000000000000000 ) ) ;
#5457 = DIRECTION ( 'NONE',  ( -3.766112349182165200E-016, 0.0000000000000000000, 1.000000000000000000 ) ) ;
#5458 = AXIS2_PLACEMENT_3D ( 'NONE', #549, #3893, #530 ) ;
#5459 = VECTOR ( 'NONE', #3275, 1000.000000000000000 ) ;
#5460 = ORIENTED_EDGE ( 'NONE', *, *, #1277, .T. ) ;
#5461 = DIRECTION ( 'NONE',  ( 0.6995643972270447800, 0.0000000000000000000, 0.7145695586381787300 ) ) ;
#5462 = FACE_OUTER_BOUND ( 'NONE', #2409, .T. ) ;
#5463 = CARTESIAN_POINT ( 'NONE',  ( 3.250000000000000900, -3.109130220291769000E-016, -6.317157287525380300 ) ) ;
#5464 = ORIENTED_EDGE ( 'NONE', *, *, #2870, .T. ) ;
#5465 = ORIENTED_EDGE ( 'NONE', *, *, #5923, .T. ) ;
#5466 = UNCERTAINTY_MEASURE_WITH_UNIT (LENGTH_MEASURE( 1.000000000000000100E-005 ), #1417, 'distance_accuracy_value', 'NONE');
#5467 = DIRECTION ( 'NONE',  ( 0.0000000000000000000, 0.0000000000000000000, 1.000000000000000000 ) ) ;
#5468 = SURFACE_STYLE_USAGE ( .BOTH. , #3503 ) ;
#5469 = DIRECTION ( 'NONE',  ( 0.9615323037681010600, 0.0000000000000000000, 0.2746918797678738500 ) ) ;
#5470 = DIRECTION ( 'NONE',  ( -1.000000000000000000, 4.182971413094637300E-016, -0.0000000000000000000 ) ) ;
#5471 = VERTEX_POINT ( 'NONE', #4839 ) ;
#5472 = SURFACE_SIDE_STYLE ('',( #3185 ) ) ;
#5473 = UNCERTAINTY_MEASURE_WITH_UNIT (LENGTH_MEASURE( 1.000000000000000100E-005 ), #485, 'distance_accuracy_value', 'NONE');
#5474 = AXIS2_PLACEMENT_3D ( 'NONE', #4356, #5831, #2859 ) ;
#5475 = DIRECTION ( 'NONE',  ( -0.0000000000000000000, 1.000000000000000000, -0.0000000000000000000 ) ) ;
#5476 = DIRECTION ( 'NONE',  ( 0.0000000000000000000, 0.0000000000000000000, -1.000000000000000000 ) ) ;
#5477 = ADVANCED_FACE ( 'NONE', ( #2760 ), #3537, .F. ) ;
#5478 = FILL_AREA_STYLE ('',( #2522 ) ) ;
#5479 = SURFACE_STYLE_FILL_AREA ( #4504 ) ;
#5480 = DIRECTION ( 'NONE',  ( 0.0000000000000000000, 0.0000000000000000000, -1.000000000000000000 ) ) ;
#5481 = SURFACE_SIDE_STYLE ('',( #6274 ) ) ;
#5482 = FILL_AREA_STYLE ('',( #145 ) ) ;
#5483 = ORIENTED_EDGE ( 'NONE', *, *, #5014, .T. ) ;
#5484 = EDGE_CURVE ( 'NONE', #3720, #3445, #5412, .T. ) ;
#5485 = PRESENTATION_LAYER_ASSIGNMENT (  '', '', ( #5049 ) ) ;
#5486 = LINE ( 'NONE', #5153, #702 ) ;
#5487 = EDGE_CURVE ( 'NONE', #1846, #3053, #4275, .T. ) ;
#5488 = CARTESIAN_POINT ( 'NONE',  ( 0.2000000000000000100, 7.800000000000000700, -0.2000000000000000100 ) ) ;
#5489 =( NAMED_UNIT ( * ) SI_UNIT ( $, .STERADIAN. ) SOLID_ANGLE_UNIT ( ) );
#5490 = DIRECTION ( 'NONE',  ( -1.000000000000000000, 0.0000000000000000000, 0.0000000000000000000 ) ) ;
#5491 = VECTOR ( 'NONE', #1596, 1000.000000000000000 ) ;
#5492 = ORIENTED_EDGE ( 'NONE', *, *, #1631, .T. ) ;
#5493 = EDGE_CURVE ( 'NONE', #5016, #3252, #1705, .T. ) ;
#5494 = FILL_AREA_STYLE_COLOUR ( '', #3276 ) ;
#5495 = CARTESIAN_POINT ( 'NONE',  ( 6.023554065593562400, 8.000000000000000000, -6.200000000000001100 ) ) ;
#5496 = CARTESIAN_POINT ( 'NONE',  ( 0.0000000000000000000, 8.000000000000000000, 0.0000000000000000000 ) ) ;
#5497 = FACE_OUTER_BOUND ( 'NONE', #258, .T. ) ;
#5498 = CARTESIAN_POINT ( 'NONE',  ( 0.7385744906061866300, 8.000000000000000000, -2.380676006235239700 ) ) ;
#5499 =( NAMED_UNIT ( * ) SI_UNIT ( $, .STERADIAN. ) SOLID_ANGLE_UNIT ( ) );
#5500 = ORIENTED_EDGE ( 'NONE', *, *, #4470, .F. ) ;
#5501 = DIRECTION ( 'NONE',  ( 0.0000000000000000000, -0.0000000000000000000, -1.000000000000000000 ) ) ;
#5502 = CARTESIAN_POINT ( 'NONE',  ( 1.476445934406436700, 8.000000000000000000, 0.0000000000000000000 ) ) ;
#5503 = CARTESIAN_POINT ( 'NONE',  ( 0.4350673547405129500, 8.005000000000000800, -3.259236899294713800 ) ) ;
#5504 = CARTESIAN_POINT ( 'NONE',  ( 5.250000000000001800, 3.068809709539726900, -2.219774974057284300 ) ) ;
#5505 = LINE ( 'NONE', #4771, #4210 ) ;
#5506 = VECTOR ( 'NONE', #2652, 1000.000000000000000 ) ;
#5507 = AXIS2_PLACEMENT_3D ( 'NONE', #4977, #594, #1592 ) ;
#5508 = VERTEX_POINT ( 'NONE', #186 ) ;
#5509 = DIRECTION ( 'NONE',  ( -1.000000000000000000, 0.0000000000000000000, 0.0000000000000000000 ) ) ;
#5510 = DIRECTION ( 'NONE',  ( -0.0000000000000000000, -0.0000000000000000000, -1.000000000000000000 ) ) ;
#5511 = VECTOR ( 'NONE', #2053, 1000.000000000000000 ) ;
#5512 = VERTEX_POINT ( 'NONE', #1967 ) ;
#5513 = DIRECTION ( 'NONE',  ( -3.558818516449895000E-016, 0.0000000000000000000, -1.000000000000000000 ) ) ;
#5514 = CARTESIAN_POINT ( 'NONE',  ( 2.250000000000002700, 2.845415267842974500, -2.219774974057284300 ) ) ;
#5515 = B_SPLINE_CURVE_WITH_KNOTS ( 'NONE', 3,
 ( #1976, #2897, #502, #1493, #4890, #3869 ),
 .UNSPECIFIED., .F., .F.,
 ( 4, 2, 4 ),
 ( 0.0000000000000000000, 0.0001656524090284525100, 0.0003313048180569050200 ),
 .UNSPECIFIED. ) ;
#5516 = ORIENTED_EDGE ( 'NONE', *, *, #3646, .F. ) ;
#5517 =( GEOMETRIC_REPRESENTATION_CONTEXT ( 3 ) GLOBAL_UNCERTAINTY_ASSIGNED_CONTEXT ( ( #3711 ) ) GLOBAL_UNIT_ASSIGNED_CONTEXT ( ( #705, #1690, #4563 ) ) REPRESENTATION_CONTEXT ( 'NONE', 'WORKASPACE' ) );
#5518 =( GEOMETRIC_REPRESENTATION_CONTEXT ( 3 ) GLOBAL_UNCERTAINTY_ASSIGNED_CONTEXT ( ( #2082 ) ) GLOBAL_UNIT_ASSIGNED_CONTEXT ( ( #2301, #322, #1372 ) ) REPRESENTATION_CONTEXT ( 'NONE', 'WORKASPACE' ) );
#5519 = LINE ( 'NONE', #5322, #2090 ) ;
#5520 = SURFACE_STYLE_USAGE ( .BOTH. , #4077 ) ;
#5521 = VERTEX_POINT ( 'NONE', #653 ) ;
#5522 = DIRECTION ( 'NONE',  ( 0.0000000000000000000, 0.0000000000000000000, 1.000000000000000000 ) ) ;
#5523 = FILL_AREA_STYLE_COLOUR ( '', #4405 ) ;
#5524 = STYLED_ITEM ( 'NONE', ( #210 ), #3918 ) ;
#5525 = PRESENTATION_STYLE_ASSIGNMENT (( #2280 ) ) ;
#5526 = EDGE_CURVE ( 'NONE', #3160, #5312, #4837, .T. ) ;
#5527 = ORIENTED_EDGE ( 'NONE', *, *, #1588, .T. ) ;
#5528 = DIRECTION ( 'NONE',  ( 0.0000000000000000000, 0.0000000000000000000, -1.000000000000000000 ) ) ;
#5529 = AXIS2_PLACEMENT_3D ( 'NONE', #3238, #6157, #3174 ) ;
#5530 = EDGE_CURVE ( 'NONE', #1609, #5022, #1921, .T. ) ;
#5531 =( NAMED_UNIT ( * ) PLANE_ANGLE_UNIT ( ) SI_UNIT ( $, .RADIAN. ) );
#5532 = CARTESIAN_POINT ( 'NONE',  ( 2.732874672760972500, 4.254010373035235700, -0.1999999999999996500 ) ) ;
#5533 = LINE ( 'NONE', #4288, #4236 ) ;
#5534 = CARTESIAN_POINT ( 'NONE',  ( 1.210000000000000200, -6.500000000000000000, -4.169999999999999900 ) ) ;
#5535 = PRESENTATION_STYLE_ASSIGNMENT (( #2160 ) ) ;
#5536 = ORIENTED_EDGE ( 'NONE', *, *, #4864, .T. ) ;
#5537 = DIRECTION ( 'NONE',  ( 1.000000000000000000, -4.182971413094637300E-016, 0.0000000000000000000 ) ) ;
#5538 = EDGE_CURVE ( 'NONE', #434, #6046, #623, .T. ) ;
#5539 = DIRECTION ( 'NONE',  ( -0.0000000000000000000, 1.000000000000000000, -0.0000000000000000000 ) ) ;
#5540 = DIRECTION ( 'NONE',  ( -1.000000000000000000, 0.0000000000000000000, 0.0000000000000000000 ) ) ;
#5541 = STYLED_ITEM ( 'NONE', ( #2805 ), #2218 ) ;
#5542 = VERTEX_POINT ( 'NONE', #987 ) ;
#5543 = LINE ( 'NONE', #4166, #4097 ) ;
#5544 =( NAMED_UNIT ( * ) SI_UNIT ( $, .STERADIAN. ) SOLID_ANGLE_UNIT ( ) );
#5545 = ORIENTED_EDGE ( 'NONE', *, *, #68, .F. ) ;
#5546 = FACE_OUTER_BOUND ( 'NONE', #3127, .T. ) ;
#5547 = PRESENTATION_LAYER_ASSIGNMENT (  '', '', ( #2615 ) ) ;
#5548 = EDGE_CURVE ( 'NONE', #1765, #5623, #1847, .T. ) ;
#5549 = CARTESIAN_POINT ( 'NONE',  ( 0.8036416849884532300, 8.000000000000000000, -1.496381290710191900 ) ) ;
#5550 = SURFACE_SIDE_STYLE ('',( #4988 ) ) ;
#5551 = CARTESIAN_POINT ( 'NONE',  ( 0.0000000000000000000, -0.8000000000000003800, -6.400000000000000400 ) ) ;
#5552 = EDGE_LOOP ( 'NONE', ( #3713, #3806, #1805, #1627, #5440, #3286, #2767, #3858, #1406, #2864, #4639, #2251, #1395, #4726, #2373, #2846, #1625 ) ) ;
#5553 = COLOUR_RGB ( '',0.1019607843137254900, 0.1019607843137254900, 0.1019607843137254900 ) ;
#5554 = VERTEX_POINT ( 'NONE', #2071 ) ;
#5555 = VECTOR ( 'NONE', #6042, 1000.000000000000000 ) ;
#5556 = DIRECTION ( 'NONE',  ( 1.000000000000000000, -4.182971413094637300E-016, 0.0000000000000000000 ) ) ;
#5557 =( GEOMETRIC_REPRESENTATION_CONTEXT ( 3 ) GLOBAL_UNCERTAINTY_ASSIGNED_CONTEXT ( ( #1274 ) ) GLOBAL_UNIT_ASSIGNED_CONTEXT ( ( #1092, #1518, #4502 ) ) REPRESENTATION_CONTEXT ( 'NONE', 'WORKASPACE' ) );
#5558 = CARTESIAN_POINT ( 'NONE',  ( 7.299999999999999800, 0.2000000000000000100, -0.2000000000000000100 ) ) ;
#5559 = COLOUR_RGB ( '',0.1019607843137254900, 0.1019607843137254900, 0.1019607843137254900 ) ;
#5560 =( LENGTH_UNIT ( ) NAMED_UNIT ( * ) SI_UNIT ( .MILLI., .METRE. ) );
#5561 = PRESENTATION_STYLE_ASSIGNMENT (( #4881 ) ) ;
#5562 =( NAMED_UNIT ( * ) PLANE_ANGLE_UNIT ( ) SI_UNIT ( $, .RADIAN. ) );
#5563 = CYLINDRICAL_SURFACE ( 'NONE', #1460, 0.3000000000000001600 ) ;
#5564 = ORIENTED_EDGE ( 'NONE', *, *, #2794, .F. ) ;
#5565 = LINE ( 'NONE', #1764, #1065 ) ;
#5566 = CARTESIAN_POINT ( 'NONE',  ( 2.732874672760973400, 0.0000000000000000000, -4.180225025942715600 ) ) ;
#5567 = AXIS2_PLACEMENT_3D ( 'NONE', #2338, #5215, #4732 ) ;
#5568 = CARTESIAN_POINT ( 'NONE',  ( 2.450000000000002000, 4.929470609902312900, -3.200000000000000200 ) ) ;
#5569 = VERTEX_POINT ( 'NONE', #2118 ) ;
#5570 = FILL_AREA_STYLE ('',( #5984 ) ) ;
#5571 = LINE ( 'NONE', #2131, #4971 ) ;
#5572 = VECTOR ( 'NONE', #4072, 1000.000000000000000 ) ;
#5573 = LINE ( 'NONE', #75, #1845 ) ;
#5574 = CARTESIAN_POINT ( 'NONE',  ( 2.932874672760972700, 0.0000000000000000000, -0.2000000000000000100 ) ) ;
#5575 = EDGE_CURVE ( 'NONE', #4441, #863, #3351, .T. ) ;
#5576 =( LENGTH_UNIT ( ) NAMED_UNIT ( * ) SI_UNIT ( .MILLI., .METRE. ) );
#5577 = COLOUR_RGB ( '',0.1019607843137254900, 0.1019607843137254900, 0.1019607843137254900 ) ;
#5578 = ORIENTED_EDGE ( 'NONE', *, *, #473, .T. ) ;
#5579 =( NAMED_UNIT ( * ) PLANE_ANGLE_UNIT ( ) SI_UNIT ( $, .RADIAN. ) );
#5580 = FILL_AREA_STYLE_COLOUR ( '', #5286 ) ;
#5581 = ORIENTED_EDGE ( 'NONE', *, *, #1917, .T. ) ;
#5582 = CYLINDRICAL_SURFACE ( 'NONE', #926, 0.1999999999999996500 ) ;
#5583 = EDGE_CURVE ( 'NONE', #2765, #4760, #395, .T. ) ;
#5584 = ORIENTED_EDGE ( 'NONE', *, *, #4653, .T. ) ;
#5585 = DIRECTION ( 'NONE',  ( -0.0000000000000000000, -0.0000000000000000000, -1.000000000000000000 ) ) ;
#5586 = ORIENTED_EDGE ( 'NONE', *, *, #5839, .F. ) ;
#5587 = AXIS2_PLACEMENT_3D ( 'NONE', #2022, #10, #6298 ) ;
#5588 = DIRECTION ( 'NONE',  ( -0.9610992334315716600, 0.0000000000000000000, -0.2762033010252509800 ) ) ;
#5589 = UNCERTAINTY_MEASURE_WITH_UNIT (LENGTH_MEASURE( 1.000000000000000100E-005 ), #1334, 'distance_accuracy_value', 'NONE');
#5590 = LINE ( 'NONE', #2501, #5511 ) ;
#5591 = ORIENTED_EDGE ( 'NONE', *, *, #4309, .T. ) ;
#5592 = ORIENTED_EDGE ( 'NONE', *, *, #6099, .F. ) ;
#5593 = CARTESIAN_POINT ( 'NONE',  ( 0.7789732856829172400, 8.005000000000000800, -1.504362965284422100 ) ) ;
#5594 = DIRECTION ( 'NONE',  ( 0.0000000000000000000, 0.0000000000000000000, 1.000000000000000000 ) ) ;
#5595 = DIRECTION ( 'NONE',  ( 1.000000000000000000, 0.0000000000000000000, 0.0000000000000000000 ) ) ;
#5596 = VECTOR ( 'NONE', #3630, 1000.000000000000000 ) ;
#5597 = DIRECTION ( 'NONE',  ( -0.0000000000000000000, 1.000000000000000000, -0.0000000000000000000 ) ) ;
#5598 = ORIENTED_EDGE ( 'NONE', *, *, #74, .T. ) ;
#5599 = CARTESIAN_POINT ( 'NONE',  ( 3.750000000000000000, 4.254010373035233900, -6.400000000000000400 ) ) ;
#5600 = UNCERTAINTY_MEASURE_WITH_UNIT (LENGTH_MEASURE( 1.000000000000000100E-005 ), #3997, 'distance_accuracy_value', 'NONE');
#5601 = FILL_AREA_STYLE ('',( #3203 ) ) ;
#5602 = ORIENTED_EDGE ( 'NONE', *, *, #1801, .F. ) ;
#5603 = VECTOR ( 'NONE', #1982, 1000.000000000000000 ) ;
#5604 = PLANE ( 'NONE',  #2258 ) ;
#5605 = TOROIDAL_SURFACE ( 'NONE', #2663, 2.103069206569890200, 0.2000000000000000100 ) ;
#5606 = VERTEX_POINT ( 'NONE', #2433 ) ;
#5607 = AXIS2_PLACEMENT_3D ( 'NONE', #1452, #952, #2 ) ;
#5608 = ADVANCED_FACE ( 'NONE', ( #5497 ), #5344, .T. ) ;
#5609 =( GEOMETRIC_REPRESENTATION_CONTEXT ( 3 ) GLOBAL_UNCERTAINTY_ASSIGNED_CONTEXT ( ( #5663 ) ) GLOBAL_UNIT_ASSIGNED_CONTEXT ( ( #3523, #129, #6014 ) ) REPRESENTATION_CONTEXT ( 'NONE', 'WORKASPACE' ) );
#5610 = FILL_AREA_STYLE_COLOUR ( '', #2881 ) ;
#5611 = CARTESIAN_POINT ( 'NONE',  ( 6.290000000000000000, -6.500000000000000000, -4.169999999999999900 ) ) ;
#5612 =( LENGTH_UNIT ( ) NAMED_UNIT ( * ) SI_UNIT ( .MILLI., .METRE. ) );
#5613 = PRESENTATION_STYLE_ASSIGNMENT (( #6033 ) ) ;
#5614 = ORIENTED_EDGE ( 'NONE', *, *, #3353, .F. ) ;
#5615 = LINE ( 'NONE', #1365, #6290 ) ;
#5616 = CARTESIAN_POINT ( 'NONE',  ( 4.767125327239031500, 0.0000000000000000000, -6.200000000000001100 ) ) ;
#5617 = AXIS2_PLACEMENT_3D ( 'NONE', #3532, #3963, #4053 ) ;
#5618 = CIRCLE ( 'NONE', #3131, 0.1999999999999996500 ) ;
#5619 = EDGE_LOOP ( 'NONE', ( #3525, #4384, #5483, #1085 ) ) ;
#5620 = EDGE_CURVE ( 'NONE', #1846, #183, #3741, .T. ) ;
#5621 = SURFACE_STYLE_USAGE ( .BOTH. , #1669 ) ;
#5622 = CARTESIAN_POINT ( 'NONE',  ( 2.250000000000001800, 4.929470609902312900, -0.8969307934301100600 ) ) ;
#5623 = VERTEX_POINT ( 'NONE', #4577 ) ;
#5624 = DIRECTION ( 'NONE',  ( -1.000000000000000000, -0.0000000000000000000, -0.0000000000000000000 ) ) ;
#5625 = EDGE_CURVE ( 'NONE', #5725, #4198, #5195, .T. ) ;
#5626 = CARTESIAN_POINT ( 'NONE',  ( 0.4350673547405129500, 8.005000000000000800, -1.373316385216680500 ) ) ;
#5627 =( NAMED_UNIT ( * ) SI_UNIT ( $, .STERADIAN. ) SOLID_ANGLE_UNIT ( ) );
#5628 =( NAMED_UNIT ( * ) SI_UNIT ( $, .STERADIAN. ) SOLID_ANGLE_UNIT ( ) );
#5629 = SURFACE_SIDE_STYLE ('',( #3489 ) ) ;
#5630 = DIRECTION ( 'NONE',  ( 0.0000000000000000000, 0.0000000000000000000, -1.000000000000000000 ) ) ;
#5631 = FILL_AREA_STYLE ('',( #3190 ) ) ;
#5632 = PRESENTATION_STYLE_ASSIGNMENT (( #1344 ) ) ;
#5633 = ORIENTED_EDGE ( 'NONE', *, *, #1832, .F. ) ;
#5634 = EDGE_CURVE ( 'NONE', #491, #2988, #323, .T. ) ;
#5635 = CARTESIAN_POINT ( 'NONE',  ( 0.5907798819880761800, 8.005000000000000800, -4.993907927677669900 ) ) ;
#5636 = ADVANCED_FACE ( 'NONE', ( #1004 ), #15, .T. ) ;
#5637 = CYLINDRICAL_SURFACE ( 'NONE', #4644, 0.1999999999999996500 ) ;
#5638 = SPHERICAL_SURFACE ( 'NONE', #5975, 0.2000000000000000100 ) ;
#5639 = COLOUR_RGB ( '',0.1019607843137254900, 0.1019607843137254900, 0.1019607843137254900 ) ;
#5640 = CARTESIAN_POINT ( 'NONE',  ( 0.0000000000000000000, 0.1999999999999996500, 0.0000000000000000000 ) ) ;
#5641 = AXIS2_PLACEMENT_3D ( 'NONE', #3919, #475, #4861 ) ;
#5642 = CARTESIAN_POINT ( 'NONE',  ( 7.299999999999999800, 7.800000000000000700, 0.0000000000000000000 ) ) ;
#5643 = DIRECTION ( 'NONE',  ( 0.0000000000000000000, 0.0000000000000000000, 1.000000000000000000 ) ) ;
#5644 = MECHANICAL_DESIGN_GEOMETRIC_PRESENTATION_REPRESENTATION (  '', ( #5434 ), #5961 ) ;
#5645 = ORIENTED_EDGE ( 'NONE', *, *, #3610, .F. ) ;
#5646 = DIRECTION ( 'NONE',  ( -0.0000000000000000000, 1.000000000000000000, -0.0000000000000000000 ) ) ;
#5647 = PRESENTATION_LAYER_ASSIGNMENT (  '', '', ( #4765 ) ) ;
#5648 = LINE ( 'NONE', #2006, #1778 ) ;
#5649 = EDGE_CURVE ( 'NONE', #4760, #1786, #2753, .T. ) ;
#5650 = ORIENTED_EDGE ( 'NONE', *, *, #609, .F. ) ;
#5651 = ORIENTED_EDGE ( 'NONE', *, *, #3121, .F. ) ;
#5652 = CARTESIAN_POINT ( 'NONE',  ( 6.023554065593562400, 0.1999999999999996500, -6.400000000000000400 ) ) ;
#5653 = EDGE_CURVE ( 'NONE', #3421, #2112, #5190, .T. ) ;
#5654 = DIRECTION ( 'NONE',  ( -0.0000000000000000000, 1.000000000000000000, -0.0000000000000000000 ) ) ;
#5655 = MECHANICAL_DESIGN_GEOMETRIC_PRESENTATION_REPRESENTATION (  '', ( #4777 ), #1386 ) ;
#5656 = DIRECTION ( 'NONE',  ( 0.0000000000000000000, 0.0000000000000000000, -1.000000000000000000 ) ) ;
#5657 = ORIENTED_EDGE ( 'NONE', *, *, #3450, .T. ) ;
#5658 = CARTESIAN_POINT ( 'NONE',  ( 1.011213088402185500, 8.005000000000000800, -3.228222735039017800 ) ) ;
#5659 = SURFACE_STYLE_USAGE ( .BOTH. , #3184 ) ;
#5660 = FILL_AREA_STYLE ('',( #4738 ) ) ;
#5661 = PRESENTATION_STYLE_ASSIGNMENT (( #6250 ) ) ;
#5662 = SURFACE_STYLE_USAGE ( .BOTH. , #1317 ) ;
#5663 = UNCERTAINTY_MEASURE_WITH_UNIT (LENGTH_MEASURE( 1.000000000000000100E-005 ), #3523, 'distance_accuracy_value', 'NONE');
#5664 = ORIENTED_EDGE ( 'NONE', *, *, #2801, .F. ) ;
#5665 =( GEOMETRIC_REPRESENTATION_CONTEXT ( 3 ) GLOBAL_UNCERTAINTY_ASSIGNED_CONTEXT ( ( #2423 ) ) GLOBAL_UNIT_ASSIGNED_CONTEXT ( ( #4943, #4411, #73 ) ) REPRESENTATION_CONTEXT ( 'NONE', 'WORKASPACE' ) );
#5666 = CARTESIAN_POINT ( 'NONE',  ( 0.2000000000000000100, 8.000000000000000000, -6.200000000000001100 ) ) ;
#5667 = COLOUR_RGB ( '',0.1019607843137254900, 0.1019607843137254900, 0.1019607843137254900 ) ;
#5668 = VECTOR ( 'NONE', #5139, 1000.000000000000000 ) ;
#5669 = VERTEX_POINT ( 'NONE', #2453 ) ;
#5670 = FILL_AREA_STYLE_COLOUR ( '', #5845 ) ;
#5671 = LINE ( 'NONE', #3435, #3065 ) ;
#5672 = DIRECTION ( 'NONE',  ( -0.2762437428915032700, 0.0000000000000000000, 0.9610876102173480100 ) ) ;
#5673 = VECTOR ( 'NONE', #5138, 1000.000000000000000 ) ;
#5674 =( NAMED_UNIT ( * ) PLANE_ANGLE_UNIT ( ) SI_UNIT ( $, .RADIAN. ) );
#5675 = DIRECTION ( 'NONE',  ( -1.000000000000000000, 0.0000000000000000000, 3.907430924870044500E-016 ) ) ;
#5676 = LINE ( 'NONE', #903, #3165 ) ;
#5677 = MECHANICAL_DESIGN_GEOMETRIC_PRESENTATION_REPRESENTATION (  '', ( #379 ), #1857 ) ;
#5678 = EDGE_LOOP ( 'NONE', ( #1314, #782, #2196, #113 ) ) ;
#5679 = PLANE ( 'NONE',  #1286 ) ;
#5680 = MECHANICAL_DESIGN_GEOMETRIC_PRESENTATION_REPRESENTATION (  '', ( #2219 ), #876 ) ;
#5681 = CARTESIAN_POINT ( 'NONE',  ( 0.0000000000000000000, 0.0000000000000000000, 0.0000000000000000000 ) ) ;
#5682 = CARTESIAN_POINT ( 'NONE',  ( 0.0000000000000000000, 0.1999999999999996500, -6.200000000000001100 ) ) ;
#5683 = LINE ( 'NONE', #2274, #5163 ) ;
#5684 = VECTOR ( 'NONE', #246, 1000.000000000000100 ) ;
#5685 = ORIENTED_EDGE ( 'NONE', *, *, #3569, .T. ) ;
#5686 = VECTOR ( 'NONE', #3178, 1000.000000000000000 ) ;
#5687 = EDGE_CURVE ( 'NONE', #183, #3053, #1079, .T. ) ;
#5688 = CARTESIAN_POINT ( 'NONE',  ( 1.476445934406436700, 7.800000000000000700, -0.2000000000000000100 ) ) ;
#5689 = STYLED_ITEM ( 'NONE', ( #2602 ), #1437 ) ;
#5690 = ADVANCED_FACE ( 'NONE', ( #1914 ), #2492, .F. ) ;
#5691 = EDGE_CURVE ( 'NONE', #1779, #489, #469, .T. ) ;
#5692 = CARTESIAN_POINT ( 'NONE',  ( 6.290000000000000000, 0.0000000000000000000, -1.630000000000000100 ) ) ;
#5693 = ORIENTED_EDGE ( 'NONE', *, *, #882, .F. ) ;
#5694 =( NAMED_UNIT ( * ) SI_UNIT ( $, .STERADIAN. ) SOLID_ANGLE_UNIT ( ) );
#5695 = COLOUR_RGB ( '',0.1019607843137254900, 0.1019607843137254900, 0.1019607843137254900 ) ;
#5696 = CARTESIAN_POINT ( 'NONE',  ( 7.299999999999999800, 0.0000000000000000000, -6.200000000000001100 ) ) ;
#5697 = EDGE_CURVE ( 'NONE', #4748, #1478, #6016, .T. ) ;
#5698 = ORIENTED_EDGE ( 'NONE', *, *, #2434, .F. ) ;
#5699 = CARTESIAN_POINT ( 'NONE',  ( 5.050000000000002500, 4.929470609902312900, -5.303069206569889900 ) ) ;
#5700 = COLOUR_RGB ( '',0.1019607843137254900, 0.1019607843137254900, 0.1019607843137254900 ) ;
#5701 = AXIS2_PLACEMENT_3D ( 'NONE', #5850, #2589, #1642 ) ;
#5702 = FACE_OUTER_BOUND ( 'NONE', #1369, .T. ) ;
#5703 = LINE ( 'NONE', #3773, #2946 ) ;
#5704 = UNCERTAINTY_MEASURE_WITH_UNIT (LENGTH_MEASURE( 1.000000000000000100E-005 ), #5453, 'distance_accuracy_value', 'NONE');
#5705 = FILL_AREA_STYLE ('',( #5743 ) ) ;
#5706 = ORIENTED_EDGE ( 'NONE', *, *, #2019, .F. ) ;
#5707 =( LENGTH_UNIT ( ) NAMED_UNIT ( * ) SI_UNIT ( .MILLI., .METRE. ) );
#5708 = DIRECTION ( 'NONE',  ( 0.0000000000000000000, 0.0000000000000000000, -1.000000000000000000 ) ) ;
#5709 = DIRECTION ( 'NONE',  ( -0.0000000000000000000, 1.000000000000000000, -0.0000000000000000000 ) ) ;
#5710 = SURFACE_STYLE_FILL_AREA ( #1184 ) ;
#5711 = AXIS2_PLACEMENT_3D ( 'NONE', #3102, #2676, #6096 ) ;
#5712 = VECTOR ( 'NONE', #1615, 1000.000000000000000 ) ;
#5713 =( NAMED_UNIT ( * ) PLANE_ANGLE_UNIT ( ) SI_UNIT ( $, .RADIAN. ) );
#5714 = STYLED_ITEM ( 'NONE', ( #2152 ), #87 ) ;
#5715 = DIRECTION ( 'NONE',  ( -0.0000000000000000000, -1.000000000000000000, -0.0000000000000000000 ) ) ;
#5716 = ADVANCED_FACE ( 'NONE', ( #3201 ), #3661, .T. ) ;
#5717 = EDGE_LOOP ( 'NONE', ( #5822, #5346, #4307, #4616 ) ) ;
#5718 = CARTESIAN_POINT ( 'NONE',  ( 2.250000000000001800, 4.929470609902312900, -3.200000000000000200 ) ) ;
#5719 = VECTOR ( 'NONE', #35, 1000.000000000000000 ) ;
#5720 = ORIENTED_EDGE ( 'NONE', *, *, #1047, .T. ) ;
#5721 = AXIS2_PLACEMENT_3D ( 'NONE', #3137, #5071, #4612 ) ;
#5722 = PRESENTATION_LAYER_ASSIGNMENT (  '', '', ( #3644 ) ) ;
#5723 = EDGE_CURVE ( 'NONE', #3761, #5669, #4905, .T. ) ;
#5724 = CYLINDRICAL_SURFACE ( 'NONE', #2148, 0.1999999999999996500 ) ;
#5725 = VERTEX_POINT ( 'NONE', #548 ) ;
#5726 = ORIENTED_EDGE ( 'NONE', *, *, #3287, .T. ) ;
#5727 = DIRECTION ( 'NONE',  ( 1.000000000000000000, -0.0000000000000000000, 0.0000000000000000000 ) ) ;
#5728 = DIRECTION ( 'NONE',  ( 1.000000000000000000, 0.0000000000000000000, 0.0000000000000000000 ) ) ;
#5729 = PRESENTATION_STYLE_ASSIGNMENT (( #3608 ) ) ;
#5730 = EDGE_CURVE ( 'NONE', #635, #3553, #2443, .T. ) ;
#5731 = EDGE_LOOP ( 'NONE', ( #2421, #1338, #5650, #5464 ) ) ;
#5732 = STYLED_ITEM ( 'NONE', ( #5240 ), #2314 ) ;
#5733 = ORIENTED_EDGE ( 'NONE', *, *, #955, .F. ) ;
#5734 = AXIS2_PLACEMENT_3D ( 'NONE', #3365, #4023, #2458 ) ;
#5735 = FILL_AREA_STYLE ('',( #318 ) ) ;
#5736 = VECTOR ( 'NONE', #3455, 1000.000000000000000 ) ;
#5737 = DIRECTION ( 'NONE',  ( -0.2755265765486711300, 0.0000000000000000000, 0.9612934544744229400 ) ) ;
#5738 = CARTESIAN_POINT ( 'NONE',  ( 0.7386014640062313900, 8.005000000000000800, -4.451933876929233600 ) ) ;
#5739 = CIRCLE ( 'NONE', #5328, 2.103069206569890200 ) ;
#5740 = ORIENTED_EDGE ( 'NONE', *, *, #1542, .F. ) ;
#5741 = CARTESIAN_POINT ( 'NONE',  ( 2.732874672760972500, 0.0000000000000000000, -0.2000000000000000900 ) ) ;
#5742 = ORIENTED_EDGE ( 'NONE', *, *, #4541, .F. ) ;
#5743 = FILL_AREA_STYLE_COLOUR ( '', #6221 ) ;
#5744 = CYLINDRICAL_SURFACE ( 'NONE', #4556, 0.1999999999999996500 ) ;
#5745 = DIRECTION ( 'NONE',  ( 0.0000000000000000000, 0.0000000000000000000, 1.000000000000000000 ) ) ;
#5746 = ADVANCED_FACE ( 'NONE', ( #4196 ), #3501, .F. ) ;
#5747 = ORIENTED_EDGE ( 'NONE', *, *, #1801, .T. ) ;
#5748 = AXIS2_PLACEMENT_3D ( 'NONE', #4302, #6153, #5261 ) ;
#5749 = DIRECTION ( 'NONE',  ( 3.907430924870044500E-016, -0.0000000000000000000, 1.000000000000000000 ) ) ;
#5750 = CARTESIAN_POINT ( 'NONE',  ( 1.088068819367284500, 8.000000000000000000, -4.006097923896482400 ) ) ;
#5751 = ORIENTED_EDGE ( 'NONE', *, *, #4826, .F. ) ;
#5752 = SURFACE_SIDE_STYLE ('',( #3058 ) ) ;
#5753 = MECHANICAL_DESIGN_GEOMETRIC_PRESENTATION_REPRESENTATION (  '', ( #3801 ), #190 ) ;
#5754 = DIRECTION ( 'NONE',  ( -0.9615323037681010600, 0.0000000000000000000, -0.2746918797678738500 ) ) ;
#5755 =( GEOMETRIC_REPRESENTATION_CONTEXT ( 3 ) GLOBAL_UNCERTAINTY_ASSIGNED_CONTEXT ( ( #4835 ) ) GLOBAL_UNIT_ASSIGNED_CONTEXT ( ( #2756, #6118, #4686 ) ) REPRESENTATION_CONTEXT ( 'NONE', 'WORKASPACE' ) );
#5756 = CIRCLE ( 'NONE', #336, 0.2999999999999999300 ) ;
#5757 = ORIENTED_EDGE ( 'NONE', *, *, #3345, .F. ) ;
#5758 = EDGE_CURVE ( 'NONE', #5022, #1089, #2889, .T. ) ;
#5759 = ADVANCED_FACE ( 'NONE', ( #317 ), #4192, .T. ) ;
#5760 = CIRCLE ( 'NONE', #3336, 0.1999999999999996500 ) ;
#5761 = EDGE_CURVE ( 'NONE', #5268, #4007, #5116, .T. ) ;
#5762 = CARTESIAN_POINT ( 'NONE',  ( 1.241527841744380000, 8.005000000000000800, -4.806864571618342900 ) ) ;
#5763 =( GEOMETRIC_REPRESENTATION_CONTEXT ( 3 ) GLOBAL_UNCERTAINTY_ASSIGNED_CONTEXT ( ( #3511 ) ) GLOBAL_UNIT_ASSIGNED_CONTEXT ( ( #518, #1510, #1527 ) ) REPRESENTATION_CONTEXT ( 'NONE', 'WORKASPACE' ) );
#5764 = SURFACE_STYLE_USAGE ( .BOTH. , #2857 ) ;
#5765 = VECTOR ( 'NONE', #4710, 1000.000000000000000 ) ;
#5766 = VERTEX_POINT ( 'NONE', #49 ) ;
#5767 = CARTESIAN_POINT ( 'NONE',  ( -1.650596180596158500E-015, 4.054010373035234600, 0.0000000000000000000 ) ) ;
#5768 = FACE_OUTER_BOUND ( 'NONE', #357, .T. ) ;
#5769 = CARTESIAN_POINT ( 'NONE',  ( 5.050000000000002500, 2.845415267842974500, -4.180225025942715600 ) ) ;
#5770 = CARTESIAN_POINT ( 'NONE',  ( 0.5907798819880761800, 8.005000000000000800, -4.993907927677669900 ) ) ;
#5771 = VECTOR ( 'NONE', #1075, 1000.000000000000000 ) ;
#5772 = ORIENTED_EDGE ( 'NONE', *, *, #1420, .T. ) ;
#5773 = PRESENTATION_LAYER_ASSIGNMENT (  '', '', ( #4239 ) ) ;
#5774 = UNCERTAINTY_MEASURE_WITH_UNIT (LENGTH_MEASURE( 1.000000000000000100E-005 ), #2296, 'distance_accuracy_value', 'NONE');
#5775 = CARTESIAN_POINT ( 'NONE',  ( 0.4350673547405130000, 8.000000000000000000, -2.835354329834380800 ) ) ;
#5776 = CARTESIAN_POINT ( 'NONE',  ( 1.476445934406436700, 7.800000000000000700, 0.0000000000000000000 ) ) ;
#5777 = APPLICATION_PROTOCOL_DEFINITION ( 'draft international standard', 'automotive_design', 1998, #2381 ) ;
#5778 = FACE_OUTER_BOUND ( 'NONE', #1753, .T. ) ;
#5779 = ORIENTED_EDGE ( 'NONE', *, *, #5199, .T. ) ;
#5780 = CIRCLE ( 'NONE', #2339, 0.1999999999999996500 ) ;
#5781 = DIRECTION ( 'NONE',  ( -1.000000000000000000, 0.0000000000000000000, 0.0000000000000000000 ) ) ;
#5782 = ORIENTED_EDGE ( 'NONE', *, *, #3157, .F. ) ;
#5783 = FILL_AREA_STYLE ('',( #942 ) ) ;
#5784 = VECTOR ( 'NONE', #2452, 1000.000000000000000 ) ;
#5785 = ORIENTED_EDGE ( 'NONE', *, *, #1081, .T. ) ;
#5786 = DIRECTION ( 'NONE',  ( 0.0000000000000000000, -1.000000000000000000, 0.0000000000000000000 ) ) ;
#5787 = CARTESIAN_POINT ( 'NONE',  ( 5.050000000000002500, 2.845415267842974500, -4.180225025942715600 ) ) ;
#5788 = CARTESIAN_POINT ( 'NONE',  ( 0.7385744906061866300, 8.000000000000000000, -2.380676006235239700 ) ) ;
#5789 = ORIENTED_EDGE ( 'NONE', *, *, #4728, .F. ) ;
#5790 = CARTESIAN_POINT ( 'NONE',  ( 4.050000000000002500, -0.8000000000000000400, 0.0000000000000000000 ) ) ;
#5791 = FACE_OUTER_BOUND ( 'NONE', #2490, .T. ) ;
#5792 = ORIENTED_EDGE ( 'NONE', *, *, #5370, .F. ) ;
#5793 = ORIENTED_EDGE ( 'NONE', *, *, #1047, .F. ) ;
#5794 =( GEOMETRIC_REPRESENTATION_CONTEXT ( 3 ) GLOBAL_UNCERTAINTY_ASSIGNED_CONTEXT ( ( #2395 ) ) GLOBAL_UNIT_ASSIGNED_CONTEXT ( ( #3049, #1167, #5499 ) ) REPRESENTATION_CONTEXT ( 'NONE', 'WORKASPACE' ) );
#5795 = EDGE_CURVE ( 'NONE', #5323, #3181, #3499, .T. ) ;
#5796 = CARTESIAN_POINT ( 'NONE',  ( 1.210000000000000200, -6.500000000000000000, -4.769999999999999600 ) ) ;
#5797 = STYLED_ITEM ( 'NONE', ( #2366 ), #1391 ) ;
#5798 = DIRECTION ( 'NONE',  ( -1.000000000000000000, 0.0000000000000000000, 3.558818516449896000E-016 ) ) ;
#5799 = FACE_OUTER_BOUND ( 'NONE', #353, .T. ) ;
#5800 = SURFACE_STYLE_FILL_AREA ( #3699 ) ;
#5801 = ORIENTED_EDGE ( 'NONE', *, *, #4773, .F. ) ;
#5802 = SURFACE_SIDE_STYLE ('',( #4433 ) ) ;
#5803 = ORIENTED_EDGE ( 'NONE', *, *, #4730, .F. ) ;
#5804 = CARTESIAN_POINT ( 'NONE',  ( 0.8036416849884532300, 8.005000000000000800, -1.496381290710191900 ) ) ;
#5805 = CIRCLE ( 'NONE', #2195, 0.2000000000000000100 ) ;
#5806 = EDGE_CURVE ( 'NONE', #4788, #46, #4820, .T. ) ;
#5807 = DIRECTION ( 'NONE',  ( 0.0000000000000000000, 0.0000000000000000000, -1.000000000000000000 ) ) ;
#5808 = LINE ( 'NONE', #3697, #5668 ) ;
#5809 = EDGE_LOOP ( 'NONE', ( #2969, #4079, #4134, #4667 ) ) ;
#5810 = MECHANICAL_DESIGN_GEOMETRIC_PRESENTATION_REPRESENTATION (  '', ( #4982 ), #601 ) ;
#5811 = FILL_AREA_STYLE_COLOUR ( '', #4447 ) ;
#5812 = DIRECTION ( 'NONE',  ( -1.000000000000000000, 0.0000000000000000000, 0.0000000000000000000 ) ) ;
#5813 = CYLINDRICAL_SURFACE ( 'NONE', #3192, 0.2000000000000000100 ) ;
#5814 = CIRCLE ( 'NONE', #6243, 0.1999999999999996500 ) ;
#5815 = ORIENTED_EDGE ( 'NONE', *, *, #2382, .T. ) ;
#5816 = CARTESIAN_POINT ( 'NONE',  ( 5.106197654759000700, 2.845415267842973200, -2.219774974057284300 ) ) ;
#5817 = STYLED_ITEM ( 'NONE', ( #4758 ), #1263 ) ;
#5818 = LINE ( 'NONE', #5330, #5979 ) ;
#5819 = ADVANCED_FACE ( 'NONE', ( #391 ), #3629, .F. ) ;
#5820 = CARTESIAN_POINT ( 'NONE',  ( 0.0000000000000000000, 0.1999999999999996500, -0.2000000000000000100 ) ) ;
#5821 = CARTESIAN_POINT ( 'NONE',  ( 0.8036416849884532300, 8.005000000000000800, -1.496381290710191900 ) ) ;
#5822 = ORIENTED_EDGE ( 'NONE', *, *, #5367, .T. ) ;
#5823 = SURFACE_STYLE_USAGE ( .BOTH. , #4414 ) ;
#5824 = FILL_AREA_STYLE ('',( #1663 ) ) ;
#5825 = PRESENTATION_LAYER_ASSIGNMENT (  '', '', ( #2336 ) ) ;
#5826 = LINE ( 'NONE', #838, #4167 ) ;
#5827 = VERTEX_POINT ( 'NONE', #4569 ) ;
#5828 = STYLED_ITEM ( 'NONE', ( #310 ), #120 ) ;
#5829 = VECTOR ( 'NONE', #1217, 1000.000000000000100 ) ;
#5830 = CARTESIAN_POINT ( 'NONE',  ( 4.250000000000001800, 0.0000000000000000000, -0.1999999999999999800 ) ) ;
#5831 = DIRECTION ( 'NONE',  ( -1.000000000000000000, 0.0000000000000000000, 0.0000000000000000000 ) ) ;
#5832 = FACE_OUTER_BOUND ( 'NONE', #1813, .T. ) ;
#5833 = ORIENTED_EDGE ( 'NONE', *, *, #2363, .F. ) ;
#5834 = DIRECTION ( 'NONE',  ( 0.0000000000000000000, -1.000000000000000000, 0.0000000000000000000 ) ) ;
#5835 = DIRECTION ( 'NONE',  ( 1.000000000000000000, 0.0000000000000000000, 0.0000000000000000000 ) ) ;
#5836 = SURFACE_STYLE_FILL_AREA ( #1913 ) ;
#5837 = EDGE_CURVE ( 'NONE', #2293, #27, #2888, .T. ) ;
#5838 = AXIS2_PLACEMENT_3D ( 'NONE', #2598, #677, #4103 ) ;
#5839 = EDGE_CURVE ( 'NONE', #1850, #3239, #5406, .T. ) ;
#5840 = ORIENTED_EDGE ( 'NONE', *, *, #4273, .F. ) ;
#5841 =( NAMED_UNIT ( * ) SI_UNIT ( $, .STERADIAN. ) SOLID_ANGLE_UNIT ( ) );
#5842 = FILL_AREA_STYLE_COLOUR ( '', #523 ) ;
#5843 = COLOUR_RGB ( '',0.8980392156862745400, 0.9215686274509803400, 0.9294117647058823800 ) ;
#5844 = EDGE_CURVE ( 'NONE', #4627, #1326, #4268, .T. ) ;
#5845 = COLOUR_RGB ( '',0.1019607843137254900, 0.1019607843137254900, 0.1019607843137254900 ) ;
#5846 = CARTESIAN_POINT ( 'NONE',  ( 0.5200997685186503600, 8.005000000000000800, -3.638053253117329500 ) ) ;
#5847 = SURFACE_STYLE_FILL_AREA ( #5735 ) ;
#5848 = MECHANICAL_DESIGN_GEOMETRIC_PRESENTATION_REPRESENTATION (  '', ( #5541 ), #2479 ) ;
#5849 = LINE ( 'NONE', #2447, #4416 ) ;
#5850 = CARTESIAN_POINT ( 'NONE',  ( 1.476445934406436700, 7.800000000000000700, -0.1999999999999996500 ) ) ;
#5851 = AXIS2_PLACEMENT_3D ( 'NONE', #852, #1370, #908 ) ;
#5852 = DIRECTION ( 'NONE',  ( 0.0000000000000000000, 1.000000000000000000, 0.0000000000000000000 ) ) ;
#5853 = LINE ( 'NONE', #5075, #2292 ) ;
#5854 = EDGE_LOOP ( 'NONE', ( #3698, #5114, #5789, #2658 ) ) ;
#5855 = ADVANCED_FACE ( 'NONE', ( #1617 ), #1990, .T. ) ;
#5856 = DIRECTION ( 'NONE',  ( 0.0000000000000000000, 0.0000000000000000000, 1.000000000000000000 ) ) ;
#5857 = FACE_OUTER_BOUND ( 'NONE', #1293, .T. ) ;
#5858 = UNCERTAINTY_MEASURE_WITH_UNIT (LENGTH_MEASURE( 1.000000000000000100E-005 ), #121, 'distance_accuracy_value', 'NONE');
#5859 = DIRECTION ( 'NONE',  ( -0.7083077534943990100, 0.0000000000000000000, -0.7059037656364483000 ) ) ;
#5860 = SURFACE_STYLE_USAGE ( .BOTH. , #3448 ) ;
#5861 =( GEOMETRIC_REPRESENTATION_CONTEXT ( 3 ) GLOBAL_UNCERTAINTY_ASSIGNED_CONTEXT ( ( #1581 ) ) GLOBAL_UNIT_ASSIGNED_CONTEXT ( ( #1654, #5579, #4048 ) ) REPRESENTATION_CONTEXT ( 'NONE', 'WORKASPACE' ) );
#5862 = ORIENTED_EDGE ( 'NONE', *, *, #829, .F. ) ;
#5863 = VECTOR ( 'NONE', #151, 1000.000000000000000 ) ;
#5864 = CARTESIAN_POINT ( 'NONE',  ( 0.4350673547405130000, 8.000000000000000000, -1.602943381662248500 ) ) ;
#5865 =( NAMED_UNIT ( * ) SI_UNIT ( $, .STERADIAN. ) SOLID_ANGLE_UNIT ( ) );
#5866 = DIRECTION ( 'NONE',  ( 0.0000000000000000000, 0.0000000000000000000, 1.000000000000000000 ) ) ;
#5867 = LINE ( 'NONE', #1887, #4677 ) ;
#5868 = AXIS2_PLACEMENT_3D ( 'NONE', #2581, #3084, #1697 ) ;
#5869 = ORIENTED_EDGE ( 'NONE', *, *, #4320, .T. ) ;
#5870 = CARTESIAN_POINT ( 'NONE',  ( 6.290000000000000000, -6.500000000000000000, -2.230000000000000400 ) ) ;
#5871 = CARTESIAN_POINT ( 'NONE',  ( 6.023554065593562400, 7.800000000000000700, 0.0000000000000000000 ) ) ;
#5872 = CIRCLE ( 'NONE', #2565, 2.303069206569890800 ) ;
#5873 = VECTOR ( 'NONE', #6071, 1000.000000000000000 ) ;
#5874 = ORIENTED_EDGE ( 'NONE', *, *, #4273, .T. ) ;
#5875 = VERTEX_POINT ( 'NONE', #3546 ) ;
#5876 = STYLED_ITEM ( 'NONE', ( #4498 ), #3360 ) ;
#5877 = AXIS2_PLACEMENT_3D ( 'NONE', #3162, #4109, #4675 ) ;
#5878 = SURFACE_STYLE_FILL_AREA ( #5914 ) ;
#5879 = ORIENTED_EDGE ( 'NONE', *, *, #3107, .F. ) ;
#5880 = FILL_AREA_STYLE_COLOUR ( '', #5246 ) ;
#5881 = VECTOR ( 'NONE', #4481, 1000.000000000000000 ) ;
#5882 = VECTOR ( 'NONE', #3583, 1000.000000000000000 ) ;
#5883 = EDGE_CURVE ( 'NONE', #4736, #2247, #4045, .T. ) ;
#5884 = ORIENTED_EDGE ( 'NONE', *, *, #3646, .T. ) ;
#5885 = STYLED_ITEM ( 'NONE', ( #5632 ), #2029 ) ;
#5886 = CYLINDRICAL_SURFACE ( 'NONE', #1036, 0.1999999999999996500 ) ;
#5887 = CARTESIAN_POINT ( 'NONE',  ( 1.210000000000000200, -6.500000000000000000, -1.930000000000000400 ) ) ;
#5888 = UNCERTAINTY_MEASURE_WITH_UNIT (LENGTH_MEASURE( 1.000000000000000100E-005 ), #4463, 'distance_accuracy_value', 'NONE');
#5889 = EDGE_LOOP ( 'NONE', ( #1063, #6173, #58, #2166 ) ) ;
#5890 = EDGE_CURVE ( 'NONE', #2201, #575, #1234, .T. ) ;
#5891 = CARTESIAN_POINT ( 'NONE',  ( 4.167157287525384400, 0.08284271247461863500, -6.400000000000001200 ) ) ;
#5892 = PRESENTATION_LAYER_ASSIGNMENT (  '', '', ( #6 ) ) ;
#5893 = ORIENTED_EDGE ( 'NONE', *, *, #3823, .F. ) ;
#5894 = DIRECTION ( 'NONE',  ( 0.0000000000000000000, 0.0000000000000000000, -1.000000000000000000 ) ) ;
#5895 = CARTESIAN_POINT ( 'NONE',  ( 2.732874672760972500, 4.254010373035235700, 0.0000000000000000000 ) ) ;
#5896 = PRODUCT_DEFINITION_CONTEXT ( 'detailed design', #2381, 'design' ) ;
#5897 = COLOUR_RGB ( '',0.8980392156862745400, 0.9215686274509803400, 0.9294117647058823800 ) ;
#5898 = CARTESIAN_POINT ( 'NONE',  ( 4.767125327239031500, 0.0000000000000000000, -6.200000000000001100 ) ) ;
#5899 = CIRCLE ( 'NONE', #1202, 2.303069206569890300 ) ;
#5900 = ORIENTED_EDGE ( 'NONE', *, *, #3688, .T. ) ;
#5901 = CARTESIAN_POINT ( 'NONE',  ( 0.0000000000000000000, -1.000000000000000000, -0.2000000000000000100 ) ) ;
#5902 = FILL_AREA_STYLE ('',( #5422 ) ) ;
#5903 = ORIENTED_EDGE ( 'NONE', *, *, #4139, .F. ) ;
#5904 = DIRECTION ( 'NONE',  ( -0.0000000000000000000, -1.000000000000000000, -0.0000000000000000000 ) ) ;
#5905 = LINE ( 'NONE', #5316, #2198 ) ;
#5906 = CARTESIAN_POINT ( 'NONE',  ( 4.567125327239032200, 0.0000000000000000000, -6.200000000000001100 ) ) ;
#5907 = STYLED_ITEM ( 'NONE', ( #5368 ), #3001 ) ;
#5908 = AXIS2_PLACEMENT_3D ( 'NONE', #5488, #3500, #2579 ) ;
#5909 = CIRCLE ( 'NONE', #3110, 0.2000000000000000100 ) ;
#5910 =( LENGTH_UNIT ( ) NAMED_UNIT ( * ) SI_UNIT ( .MILLI., .METRE. ) );
#5911 = VECTOR ( 'NONE', #1937, 1000.000000000000000 ) ;
#5912 = ADVANCED_FACE ( 'NONE', ( #3413 ), #2159, .F. ) ;
#5913 = SURFACE_STYLE_USAGE ( .BOTH. , #2594 ) ;
#5914 = FILL_AREA_STYLE ('',( #2524 ) ) ;
#5915 = CARTESIAN_POINT ( 'NONE',  ( 4.767125327239031500, -3.396082814621257100E-016, -6.317157287525380300 ) ) ;
#5916 = ORIENTED_EDGE ( 'NONE', *, *, #2801, .T. ) ;
#5917 = VECTOR ( 'NONE', #5749, 1000.000000000000000 ) ;
#5918 = EDGE_LOOP ( 'NONE', ( #2806, #2224, #1662 ) ) ;
#5919 = CARTESIAN_POINT ( 'NONE',  ( 7.299999999999999800, 0.2000000000000000100, -0.2000000000000000100 ) ) ;
#5920 =( GEOMETRIC_REPRESENTATION_CONTEXT ( 3 ) GLOBAL_UNCERTAINTY_ASSIGNED_CONTEXT ( ( #1925 ) ) GLOBAL_UNIT_ASSIGNED_CONTEXT ( ( #3982, #3042, #155 ) ) REPRESENTATION_CONTEXT ( 'NONE', 'WORKASPACE' ) );
#5921 = CARTESIAN_POINT ( 'NONE',  ( 7.500000000000000000, 7.800000000000000700, 0.0000000000000000000 ) ) ;
#5922 =( GEOMETRIC_REPRESENTATION_CONTEXT ( 3 ) GLOBAL_UNCERTAINTY_ASSIGNED_CONTEXT ( ( #4343 ) ) GLOBAL_UNIT_ASSIGNED_CONTEXT ( ( #4702, #1768, #2730 ) ) REPRESENTATION_CONTEXT ( 'NONE', 'WORKASPACE' ) );
#5923 = EDGE_CURVE ( 'NONE', #3553, #5940, #5486, .T. ) ;
#5924 = VECTOR ( 'NONE', #3539, 1000.000000000000000 ) ;
#5925 = UNCERTAINTY_MEASURE_WITH_UNIT (LENGTH_MEASURE( 1.000000000000000100E-005 ), #5065, 'distance_accuracy_value', 'NONE');
#5926 = VERTEX_POINT ( 'NONE', #692 ) ;
#5927 = DIRECTION ( 'NONE',  ( 0.0000000000000000000, 0.0000000000000000000, 1.000000000000000000 ) ) ;
#5928 = SURFACE_STYLE_FILL_AREA ( #1026 ) ;
#5929 = DIRECTION ( 'NONE',  ( 0.0000000000000000000, 0.0000000000000000000, -1.000000000000000000 ) ) ;
#5930 = EDGE_CURVE ( 'NONE', #4860, #5827, #1984, .T. ) ;
#5931 = DIRECTION ( 'NONE',  ( -0.0000000000000000000, -1.000000000000000000, -0.0000000000000000000 ) ) ;
#5932 = CARTESIAN_POINT ( 'NONE',  ( 0.0000000000000000000, 8.000000000000000000, -0.2000000000000000100 ) ) ;
#5933 =( BOUNDED_CURVE ( )  B_SPLINE_CURVE ( 3, ( #4392, #1986, #3373, #54 ),
 .UNSPECIFIED., .F., .F. ) 
 B_SPLINE_CURVE_WITH_KNOTS ( ( 4, 4 ),
 ( 3.141592653589793100, 4.712388980384689700 ),
 .UNSPECIFIED. ) 
 CURVE ( )  GEOMETRIC_REPRESENTATION_ITEM ( )  RATIONAL_B_SPLINE_CURVE ( ( 1.000000000000000000, 0.8047378541243649400, 0.8047378541243649400, 1.000000000000000000 ) ) 
 REPRESENTATION_ITEM ( '' )  );
#5934 = FILL_AREA_STYLE_COLOUR ( '', #673 ) ;
#5935 = CARTESIAN_POINT ( 'NONE',  ( 0.0000000000000000000, 0.1999999999999996500, -6.200000000000001100 ) ) ;
#5936 = CARTESIAN_POINT ( 'NONE',  ( 1.241527841744380700, 8.005000000000000800, -2.007501484776174300 ) ) ;
#5937 = VERTEX_POINT ( 'NONE', #6126 ) ;
#5938 = CARTESIAN_POINT ( 'NONE',  ( 7.500000000000000000, 0.1999999999999996500, -0.2000000000000000100 ) ) ;
#5939 = DIRECTION ( 'NONE',  ( 1.000000000000000000, 0.0000000000000000000, 0.0000000000000000000 ) ) ;
#5940 = VERTEX_POINT ( 'NONE', #2261 ) ;
#5941 = PLANE ( 'NONE',  #6302 ) ;
#5942 = MECHANICAL_DESIGN_GEOMETRIC_PRESENTATION_REPRESENTATION (  '', ( #2811 ), #822 ) ;
#5943 = EDGE_CURVE ( 'NONE', #3605, #3367, #3800, .T. ) ;
#5944 = DIRECTION ( 'NONE',  ( 0.0000000000000000000, 1.000000000000000000, 0.0000000000000000000 ) ) ;
#5945 = VERTEX_POINT ( 'NONE', #2239 ) ;
#5946 = ORIENTED_EDGE ( 'NONE', *, *, #4299, .T. ) ;
#5947 = ADVANCED_FACE ( 'NONE', ( #844 ), #5110, .T. ) ;
#5948 = PLANE ( 'NONE',  #4484 ) ;
#5949 = CARTESIAN_POINT ( 'NONE',  ( 0.4350673547405129500, 8.005000000000000800, -3.513972164922811700 ) ) ;
#5950 =( GEOMETRIC_REPRESENTATION_CONTEXT ( 3 ) GLOBAL_UNCERTAINTY_ASSIGNED_CONTEXT ( ( #55 ) ) GLOBAL_UNIT_ASSIGNED_CONTEXT ( ( #3382, #1955, #44 ) ) REPRESENTATION_CONTEXT ( 'NONE', 'WORKASPACE' ) );
#5951 = VECTOR ( 'NONE', #2635, 1000.000000000000000 ) ;
#5952 =( NAMED_UNIT ( * ) SI_UNIT ( $, .STERADIAN. ) SOLID_ANGLE_UNIT ( ) );
#5953 = ORIENTED_EDGE ( 'NONE', *, *, #1595, .T. ) ;
#5954 = DIRECTION ( 'NONE',  ( 1.000000000000000000, 0.0000000000000000000, 0.0000000000000000000 ) ) ;
#5955 = FACE_OUTER_BOUND ( 'NONE', #2926, .T. ) ;
#5956 = CARTESIAN_POINT ( 'NONE',  ( 0.0000000000000000000, 7.800000000000000700, -6.400000000000000400 ) ) ;
#5957 = LINE ( 'NONE', #4913, #3050 ) ;
#5958 = VECTOR ( 'NONE', #1272, 1000.000000000000000 ) ;
#5959 = PRESENTATION_STYLE_ASSIGNMENT (( #2014 ) ) ;
#5960 = ORIENTED_EDGE ( 'NONE', *, *, #2758, .F. ) ;
#5961 =( GEOMETRIC_REPRESENTATION_CONTEXT ( 3 ) GLOBAL_UNCERTAINTY_ASSIGNED_CONTEXT ( ( #249 ) ) GLOBAL_UNIT_ASSIGNED_CONTEXT ( ( #5910, #3443, #3488 ) ) REPRESENTATION_CONTEXT ( 'NONE', 'WORKASPACE' ) );
#5962 = PLANE ( 'NONE',  #5013 ) ;
#5963 =( GEOMETRIC_REPRESENTATION_CONTEXT ( 3 ) GLOBAL_UNCERTAINTY_ASSIGNED_CONTEXT ( ( #3388 ) ) GLOBAL_UNIT_ASSIGNED_CONTEXT ( ( #6093, #309, #4643 ) ) REPRESENTATION_CONTEXT ( 'NONE', 'WORKASPACE' ) );
#5964 = EDGE_CURVE ( 'NONE', #4362, #4749, #5399, .T. ) ;
#5965 = COLOUR_RGB ( '',0.1019607843137254900, 0.1019607843137254900, 0.1019607843137254900 ) ;
#5966 = SURFACE_SIDE_STYLE ('',( #4334 ) ) ;
#5967 = FACE_OUTER_BOUND ( 'NONE', #4886, .T. ) ;
#5968 = ORIENTED_EDGE ( 'NONE', *, *, #4733, .F. ) ;
#5969 =( NAMED_UNIT ( * ) PLANE_ANGLE_UNIT ( ) SI_UNIT ( $, .RADIAN. ) );
#5970 = PRESENTATION_STYLE_ASSIGNMENT (( #5430 ) ) ;
#5971 = EDGE_CURVE ( 'NONE', #3910, #4443, #1841, .T. ) ;
#5972 = DIRECTION ( 'NONE',  ( 0.0000000000000000000, 1.000000000000000000, 0.0000000000000000000 ) ) ;
#5973 = CARTESIAN_POINT ( 'NONE',  ( 0.4350673547405129500, 8.005000000000000800, -3.867680249561948400 ) ) ;
#5974 = CARTESIAN_POINT ( 'NONE',  ( 0.5235572678224954500, 8.000000000000000000, -3.082457635954221100 ) ) ;
#5975 = AXIS2_PLACEMENT_3D ( 'NONE', #5919, #3057, #2058 ) ;
#5976 = UNCERTAINTY_MEASURE_WITH_UNIT (LENGTH_MEASURE( 1.000000000000000100E-005 ), #3294, 'distance_accuracy_value', 'NONE');
#5977 = LINE ( 'NONE', #693, #2560 ) ;
#5978 =( GEOMETRIC_REPRESENTATION_CONTEXT ( 3 ) GLOBAL_UNCERTAINTY_ASSIGNED_CONTEXT ( ( #2814 ) ) GLOBAL_UNIT_ASSIGNED_CONTEXT ( ( #2896, #1018, #3447 ) ) REPRESENTATION_CONTEXT ( 'NONE', 'WORKASPACE' ) );
#5979 = VECTOR ( 'NONE', #5310, 1000.000000000000000 ) ;
#5980 =( NAMED_UNIT ( * ) PLANE_ANGLE_UNIT ( ) SI_UNIT ( $, .RADIAN. ) );
#5981 = PRESENTATION_STYLE_ASSIGNMENT (( #2739 ) ) ;
#5982 = EDGE_LOOP ( 'NONE', ( #814, #2127, #5369, #3904 ) ) ;
#5983 = PLANE ( 'NONE',  #3310 ) ;
#5984 = FILL_AREA_STYLE_COLOUR ( '', #1785 ) ;
#5985 = FACE_OUTER_BOUND ( 'NONE', #3172, .T. ) ;
#5986 = ORIENTED_EDGE ( 'NONE', *, *, #4894, .F. ) ;
#5987 = FILL_AREA_STYLE_COLOUR ( '', #634 ) ;
#5988 = DIRECTION ( 'NONE',  ( 1.000000000000000000, 0.0000000000000000000, 0.0000000000000000000 ) ) ;
#5989 = FACE_OUTER_BOUND ( 'NONE', #6227, .T. ) ;
#5990 = CARTESIAN_POINT ( 'NONE',  ( 6.290000000000000000, -6.500000000000000000, -1.630000000000000100 ) ) ;
#5991 = ORIENTED_EDGE ( 'NONE', *, *, #4339, .T. ) ;
#5992 = STYLED_ITEM ( 'NONE', ( #965 ), #2546 ) ;
#5993 = ORIENTED_EDGE ( 'NONE', *, *, #1039, .F. ) ;
#5994 = CARTESIAN_POINT ( 'NONE',  ( 5.823554065593562300, 0.1999999999999996500, -6.400000000000000400 ) ) ;
#5995 = SPHERICAL_SURFACE ( 'NONE', #4378, 0.2000000000000000100 ) ;
#5996 = LINE ( 'NONE', #1192, #4725 ) ;
#5997 = DIRECTION ( 'NONE',  ( 1.000000000000000000, 0.0000000000000000000, 0.0000000000000000000 ) ) ;
#5998 = ORIENTED_EDGE ( 'NONE', *, *, #4642, .F. ) ;
#5999 = PRESENTATION_LAYER_ASSIGNMENT (  '', '', ( #379 ) ) ;
#6000 = CARTESIAN_POINT ( 'NONE',  ( 1.476445934406436700, 7.800000000000000700, -6.400000000000000400 ) ) ;
#6001 = AXIS2_PLACEMENT_3D ( 'NONE', #3322, #927, #3380 ) ;
#6002 = CARTESIAN_POINT ( 'NONE',  ( 0.4350673547405130600, 8.000000000000000000, -2.239568348400532200 ) ) ;
#6003 = ORIENTED_EDGE ( 'NONE', *, *, #4400, .T. ) ;
#6004 = COLOUR_RGB ( '',0.1019607843137254900, 0.1019607843137254900, 0.1019607843137254900 ) ;
#6005 = CYLINDRICAL_SURFACE ( 'NONE', #6131, 0.1999999999999996500 ) ;
#6006 = VECTOR ( 'NONE', #31, 1000.000000000000000 ) ;
#6007 = DIRECTION ( 'NONE',  ( 1.000000000000000000, -0.0000000000000000000, -0.0000000000000000000 ) ) ;
#6008 = DIRECTION ( 'NONE',  ( 0.0000000000000000000, 0.0000000000000000000, -1.000000000000000000 ) ) ;
#6009 = ORIENTED_EDGE ( 'NONE', *, *, #5923, .F. ) ;
#6010 = EDGE_CURVE ( 'NONE', #6257, #1609, #4262, .T. ) ;
#6011 = PRESENTATION_STYLE_ASSIGNMENT (( #4863 ) ) ;
#6012 = FACE_OUTER_BOUND ( 'NONE', #3838, .T. ) ;
#6013 = PRESENTATION_LAYER_ASSIGNMENT (  '', '', ( #3727 ) ) ;
#6014 =( NAMED_UNIT ( * ) SI_UNIT ( $, .STERADIAN. ) SOLID_ANGLE_UNIT ( ) );
#6015 = DIRECTION ( 'NONE',  ( 0.0000000000000000000, 0.0000000000000000000, -1.000000000000000000 ) ) ;
#6016 = LINE ( 'NONE', #1091, #5042 ) ;
#6017 = EDGE_CURVE ( 'NONE', #3089, #841, #2360, .T. ) ;
#6018 = DIRECTION ( 'NONE',  ( 1.000000000000000000, 0.0000000000000000000, 0.0000000000000000000 ) ) ;
#6019 = MECHANICAL_DESIGN_GEOMETRIC_PRESENTATION_REPRESENTATION (  '', ( #698 ), #4532 ) ;
#6020 = DIRECTION ( 'NONE',  ( -0.0000000000000000000, -0.0000000000000000000, -1.000000000000000000 ) ) ;
#6021 = ORIENTED_EDGE ( 'NONE', *, *, #3823, .T. ) ;
#6022 = DIRECTION ( 'NONE',  ( -1.000000000000000000, 0.0000000000000000000, 0.0000000000000000000 ) ) ;
#6023 = FILL_AREA_STYLE ('',( #1198 ) ) ;
#6024 = LINE ( 'NONE', #229, #5202 ) ;
#6025 = CIRCLE ( 'NONE', #5838, 2.303069206569890800 ) ;
#6026 = CARTESIAN_POINT ( 'NONE',  ( 1.241527841744380200, 8.005000000000000800, -1.917526775295209700 ) ) ;
#6027 = EDGE_LOOP ( 'NONE', ( #6211, #169, #497, #5916 ) ) ;
#6028 = FILL_AREA_STYLE_COLOUR ( '', #1959 ) ;
#6029 = ORIENTED_EDGE ( 'NONE', *, *, #4681, .T. ) ;
#6030 = CARTESIAN_POINT ( 'NONE',  ( 0.2000000000000000100, 8.000000000000000000, -6.200000000000001100 ) ) ;
#6031 = CYLINDRICAL_SURFACE ( 'NONE', #2066, 0.2000000000000000100 ) ;
#6032 = SURFACE_STYLE_FILL_AREA ( #4821 ) ;
#6033 = SURFACE_STYLE_USAGE ( .BOTH. , #3570 ) ;
#6034 = CARTESIAN_POINT ( 'NONE',  ( 4.684282614764412300, 4.171167660560614700, 2.112568247596748900E-016 ) ) ;
#6035 = ORIENTED_EDGE ( 'NONE', *, *, #641, .T. ) ;
#6036 = PRESENTATION_LAYER_ASSIGNMENT (  '', '', ( #4631 ) ) ;
#6037 = PRESENTATION_LAYER_ASSIGNMENT (  '', '', ( #5714 ) ) ;
#6038 = VECTOR ( 'NONE', #4456, 1000.000000000000100 ) ;
#6039 =( LENGTH_UNIT ( ) NAMED_UNIT ( * ) SI_UNIT ( .MILLI., .METRE. ) );
#6040 = SURFACE_STYLE_FILL_AREA ( #3625 ) ;
#6041 = ORIENTED_EDGE ( 'NONE', *, *, #5634, .T. ) ;
#6042 = DIRECTION ( 'NONE',  ( 1.000000000000000000, 0.0000000000000000000, 0.0000000000000000000 ) ) ;
#6043 =( LENGTH_UNIT ( ) NAMED_UNIT ( * ) SI_UNIT ( .MILLI., .METRE. ) );
#6044 = ORIENTED_EDGE ( 'NONE', *, *, #4900, .F. ) ;
#6045 = VECTOR ( 'NONE', #5988, 1000.000000000000000 ) ;
#6046 = VERTEX_POINT ( 'NONE', #4170 ) ;
#6047 = CARTESIAN_POINT ( 'NONE',  ( 0.5907798819868245200, 8.005000000000000800, -4.764231888689944400 ) ) ;
#6048 = EDGE_CURVE ( 'NONE', #1187, #5136, #2817, .T. ) ;
#6049 = CARTESIAN_POINT ( 'NONE',  ( 0.0000000000000000000, 0.1999999999999996500, -6.200000000000001100 ) ) ;
#6050 = CARTESIAN_POINT ( 'NONE',  ( 0.0000000000000000000, 8.000000000000000000, 0.0000000000000000000 ) ) ;
#6051 = UNCERTAINTY_MEASURE_WITH_UNIT (LENGTH_MEASURE( 1.000000000000000100E-005 ), #4439, 'distance_accuracy_value', 'NONE');
#6052 = EDGE_LOOP ( 'NONE', ( #3280, #4086, #4164, #5037 ) ) ;
#6053 = FILL_AREA_STYLE ('',( #751 ) ) ;
#6054 = EDGE_CURVE ( 'NONE', #3235, #5542, #3410, .T. ) ;
#6055 = DIRECTION ( 'NONE',  ( 0.0000000000000000000, 0.0000000000000000000, -1.000000000000000000 ) ) ;
#6056 = DIRECTION ( 'NONE',  ( 0.0000000000000000000, -1.000000000000000000, 0.0000000000000000000 ) ) ;
#6057 = DIRECTION ( 'NONE',  ( 0.0000000000000000000, -1.000000000000000000, 0.0000000000000000000 ) ) ;
#6058 = AXIS2_PLACEMENT_3D ( 'NONE', #5496, #2588, #2117 ) ;
#6059 = STYLED_ITEM ( 'NONE', ( #1110 ), #4796 ) ;
#6060 = VERTEX_POINT ( 'NONE', #4734 ) ;
#6061 = CARTESIAN_POINT ( 'NONE',  ( 5.050000000000002500, 2.845415267842973600, -2.219774974057287000 ) ) ;
#6062 = FILL_AREA_STYLE_COLOUR ( '', #3657 ) ;
#6063 = CARTESIAN_POINT ( 'NONE',  ( 0.0000000000000000000, 8.000000000000000000, -0.2000000000000000100 ) ) ;
#6064 = ORIENTED_EDGE ( 'NONE', *, *, #3353, .T. ) ;
#6065 = CARTESIAN_POINT ( 'NONE',  ( 0.7386014640062313900, 8.005000000000000800, -4.105845552804479000 ) ) ;
#6066 = FILL_AREA_STYLE_COLOUR ( '', #2303 ) ;
#6067 = VECTOR ( 'NONE', #804, 1000.000000000000000 ) ;
#6068 = ORIENTED_EDGE ( 'NONE', *, *, #4220, .T. ) ;
#6069 = PRESENTATION_LAYER_ASSIGNMENT (  '', '', ( #3824 ) ) ;
#6070 = EDGE_CURVE ( 'NONE', #961, #2201, #4967, .T. ) ;
#6071 = DIRECTION ( 'NONE',  ( 0.0000000000000000000, 0.0000000000000000000, -1.000000000000000000 ) ) ;
#6072 = ADVANCED_FACE ( 'NONE', ( #5857 ), #386, .T. ) ;
#6073 = FILL_AREA_STYLE_COLOUR ( '', #4921 ) ;
#6074 = DIRECTION ( 'NONE',  ( 0.0000000000000000000, 0.0000000000000000000, -1.000000000000000000 ) ) ;
#6075 = LINE ( 'NONE', #886, #3476 ) ;
#6076 = ORIENTED_EDGE ( 'NONE', *, *, #1377, .F. ) ;
#6077 = PLANE ( 'NONE',  #3427 ) ;
#6078 = PRESENTATION_LAYER_ASSIGNMENT (  '', '', ( #1069 ) ) ;
#6079 =( LENGTH_UNIT ( ) NAMED_UNIT ( * ) SI_UNIT ( .MILLI., .METRE. ) );
#6080 = EDGE_LOOP ( 'NONE', ( #3193, #3007, #690, #308 ) ) ;
#6081 = DIRECTION ( 'NONE',  ( 0.0000000000000000000, 0.0000000000000000000, 1.000000000000000000 ) ) ;
#6082 = DIRECTION ( 'NONE',  ( 1.000000000000000000, 0.0000000000000000000, -1.578431070763902500E-016 ) ) ;
#6083 = FACE_OUTER_BOUND ( 'NONE', #599, .T. ) ;
#6084 = SURFACE_STYLE_USAGE ( .BOTH. , #2185 ) ;
#6085 = FACE_OUTER_BOUND ( 'NONE', #2171, .T. ) ;
#6086 = FACE_OUTER_BOUND ( 'NONE', #3326, .T. ) ;
#6087 = SURFACE_STYLE_FILL_AREA ( #236 ) ;
#6088 = COLOUR_RGB ( '',0.8980392156862745400, 0.9215686274509803400, 0.9294117647058823800 ) ;
#6089 = MECHANICAL_DESIGN_GEOMETRIC_PRESENTATION_REPRESENTATION (  '', ( #4765 ), #3767 ) ;
#6090 = EDGE_CURVE ( 'NONE', #5508, #5268, #6166, .T. ) ;
#6091 = UNCERTAINTY_MEASURE_WITH_UNIT (LENGTH_MEASURE( 1.000000000000000100E-005 ), #1267, 'distance_accuracy_value', 'NONE');
#6092 = ORIENTED_EDGE ( 'NONE', *, *, #3017, .F. ) ;
#6093 =( LENGTH_UNIT ( ) NAMED_UNIT ( * ) SI_UNIT ( .MILLI., .METRE. ) );
#6094 = CIRCLE ( 'NONE', #5908, 0.2000000000000000100 ) ;
#6095 = DIRECTION ( 'NONE',  ( 0.0000000000000000000, 0.0000000000000000000, 1.000000000000000000 ) ) ;
#6096 = DIRECTION ( 'NONE',  ( 0.0000000000000000000, 0.0000000000000000000, 1.000000000000000000 ) ) ;
#6097 = VECTOR ( 'NONE', #1998, 1000.000000000000000 ) ;
#6098 = SURFACE_STYLE_USAGE ( .BOTH. , #1259 ) ;
#6099 = EDGE_CURVE ( 'NONE', #5057, #64, #1695, .T. ) ;
#6100 =( NAMED_UNIT ( * ) PLANE_ANGLE_UNIT ( ) SI_UNIT ( $, .RADIAN. ) );
#6101 = ORIENTED_EDGE ( 'NONE', *, *, #1304, .T. ) ;
#6102 = MECHANICAL_DESIGN_GEOMETRIC_PRESENTATION_REPRESENTATION (  '', ( #6294 ), #5763 ) ;
#6103 = LINE ( 'NONE', #5846, #3118 ) ;
#6104 = CARTESIAN_POINT ( 'NONE',  ( 0.5907798819868245200, 8.000000000000000000, -4.764231888689944400 ) ) ;
#6105 = ORIENTED_EDGE ( 'NONE', *, *, #2115, .F. ) ;
#6106 = CARTESIAN_POINT ( 'NONE',  ( 1.210000000000000200, -6.500000000000000000, -1.930000000000000400 ) ) ;
#6107 = CARTESIAN_POINT ( 'NONE',  ( 1.241527841744380000, 8.000000000000000000, -4.342176664924645400 ) ) ;
#6108 = ADVANCED_FACE ( 'NONE', ( #1156 ), #227, .T. ) ;
#6109 = PRESENTATION_STYLE_ASSIGNMENT (( #5265 ) ) ;
#6110 = LINE ( 'NONE', #3726, #252 ) ;
#6111 =( NAMED_UNIT ( * ) SI_UNIT ( $, .STERADIAN. ) SOLID_ANGLE_UNIT ( ) );
#6112 = EDGE_LOOP ( 'NONE', ( #248, #4575, #2698, #726 ) ) ;
#6113 =( GEOMETRIC_REPRESENTATION_CONTEXT ( 3 ) GLOBAL_UNCERTAINTY_ASSIGNED_CONTEXT ( ( #1313 ) ) GLOBAL_UNIT_ASSIGNED_CONTEXT ( ( #1519, #2514, #510 ) ) REPRESENTATION_CONTEXT ( 'NONE', 'WORKASPACE' ) );
#6114 = FILL_AREA_STYLE ('',( #2714 ) ) ;
#6115 = VECTOR ( 'NONE', #2173, 999.9999999999998900 ) ;
#6116 = EDGE_LOOP ( 'NONE', ( #1421, #4537, #2322, #4836 ) ) ;
#6117 = VERTEX_POINT ( 'NONE', #495 ) ;
#6118 =( NAMED_UNIT ( * ) PLANE_ANGLE_UNIT ( ) SI_UNIT ( $, .RADIAN. ) );
#6119 = DIRECTION ( 'NONE',  ( -1.000000000000000000, 0.0000000000000000000, 0.0000000000000000000 ) ) ;
#6120 = FACE_OUTER_BOUND ( 'NONE', #4333, .T. ) ;
#6121 =( NAMED_UNIT ( * ) PLANE_ANGLE_UNIT ( ) SI_UNIT ( $, .RADIAN. ) );
#6122 = PRESENTATION_STYLE_ASSIGNMENT (( #1152 ) ) ;
#6123 = EDGE_LOOP ( 'NONE', ( #5460, #4721, #3564, #2992 ) ) ;
#6124 = CARTESIAN_POINT ( 'NONE',  ( 3.450000000000001100, -0.8000000000000000400, 0.0000000000000000000 ) ) ;
#6125 = CARTESIAN_POINT ( 'NONE',  ( 0.0000000000000000000, 7.800000000000000700, -0.2000000000000000100 ) ) ;
#6126 = CARTESIAN_POINT ( 'NONE',  ( 0.8876613702460888200, 8.005000000000000800, -4.063310954961972100 ) ) ;
#6127 = CARTESIAN_POINT ( 'NONE',  ( 2.393950689952254700, 2.845415267842974500, -2.219774974057284300 ) ) ;
#6128 = LINE ( 'NONE', #2323, #4856 ) ;
#6129 = ORIENTED_EDGE ( 'NONE', *, *, #2755, .T. ) ;
#6130 = AXIS2_PLACEMENT_3D ( 'NONE', #4508, #184, #5522 ) ;
#6131 = AXIS2_PLACEMENT_3D ( 'NONE', #5234, #3734, #5336 ) ;
#6132 = DIRECTION ( 'NONE',  ( 0.0000000000000000000, 0.0000000000000000000, 1.000000000000000000 ) ) ;
#6133 = UNCERTAINTY_MEASURE_WITH_UNIT (LENGTH_MEASURE( 1.000000000000000100E-005 ), #5301, 'distance_accuracy_value', 'NONE');
#6134 = SURFACE_STYLE_FILL_AREA ( #2827 ) ;
#6135 = ORIENTED_EDGE ( 'NONE', *, *, #2768, .T. ) ;
#6136 = STYLED_ITEM ( 'NONE', ( #2776 ), #4501 ) ;
#6137 = EDGE_CURVE ( 'NONE', #3367, #750, #3403, .T. ) ;
#6138 = CARTESIAN_POINT ( 'NONE',  ( 0.2000000000000000100, 0.0000000000000000000, -6.200000000000001100 ) ) ;
#6139 = UNCERTAINTY_MEASURE_WITH_UNIT (LENGTH_MEASURE( 1.000000000000000100E-005 ), #6079, 'distance_accuracy_value', 'NONE');
#6140 = VERTEX_POINT ( 'NONE', #4899 ) ;
#6141 = EDGE_CURVE ( 'NONE', #3053, #315, #2743, .T. ) ;
#6142 =( NAMED_UNIT ( * ) PLANE_ANGLE_UNIT ( ) SI_UNIT ( $, .RADIAN. ) );
#6143 = LINE ( 'NONE', #6065, #6067 ) ;
#6144 = EDGE_LOOP ( 'NONE', ( #3723, #3313, #5874, #13, #5403, #3204 ) ) ;
#6145 = FILL_AREA_STYLE_COLOUR ( '', #5 ) ;
#6146 = EDGE_CURVE ( 'NONE', #482, #3367, #1689, .T. ) ;
#6147 = CARTESIAN_POINT ( 'NONE',  ( 1.088068819367284500, 8.000000000000000000, -4.006097923896482400 ) ) ;
#6148 = PRESENTATION_LAYER_ASSIGNMENT (  '', '', ( #698 ) ) ;
#6149 =( NAMED_UNIT ( * ) SI_UNIT ( $, .STERADIAN. ) SOLID_ANGLE_UNIT ( ) );
#6150 = FACE_OUTER_BOUND ( 'NONE', #3917, .T. ) ;
#6151 = ORIENTED_EDGE ( 'NONE', *, *, #5210, .F. ) ;
#6152 = FACE_OUTER_BOUND ( 'NONE', #1549, .T. ) ;
#6153 = DIRECTION ( 'NONE',  ( -0.2793947940826500000, 0.0000000000000000000, 0.9601763114342665200 ) ) ;
#6154 = EDGE_LOOP ( 'NONE', ( #1033, #2592, #332 ) ) ;
#6155 = ORIENTED_EDGE ( 'NONE', *, *, #5730, .F. ) ;
#6156 = SURFACE_STYLE_FILL_AREA ( #221 ) ;
#6157 = DIRECTION ( 'NONE',  ( 0.0000000000000000000, -1.000000000000000000, 0.0000000000000000000 ) ) ;
#6158 = CARTESIAN_POINT ( 'NONE',  ( 0.0000000000000000000, -1.000000000000000000, 0.0000000000000000000 ) ) ;
#6159 = VERTEX_POINT ( 'NONE', #4918 ) ;
#6160 = VECTOR ( 'NONE', #6207, 1000.000000000000000 ) ;
#6161 = DIRECTION ( 'NONE',  ( -0.9237839814038612000, -0.0000000000000000000, 0.3829140317377133800 ) ) ;
#6162 = VECTOR ( 'NONE', #1117, 1000.000000000000000 ) ;
#6163 =( GEOMETRIC_REPRESENTATION_CONTEXT ( 3 ) GLOBAL_UNCERTAINTY_ASSIGNED_CONTEXT ( ( #4784 ) ) GLOBAL_UNIT_ASSIGNED_CONTEXT ( ( #259, #754, #320 ) ) REPRESENTATION_CONTEXT ( 'NONE', 'WORKASPACE' ) );
#6164 = AXIS2_PLACEMENT_3D ( 'NONE', #5718, #5259, #1355 ) ;
#6165 = DIRECTION ( 'NONE',  ( -0.9615825319865853900, 0.0000000000000000000, -0.2745159998584187400 ) ) ;
#6166 = CIRCLE ( 'NONE', #3701, 0.1999999999999996500 ) ;
#6167 = ADVANCED_FACE ( 'NONE', ( #2948 ), #476, .F. ) ;
#6168 = CARTESIAN_POINT ( 'NONE',  ( 1.241527841744381600, 8.000000000000000000, -1.141553586008539100 ) ) ;
#6169 = SURFACE_STYLE_USAGE ( .BOTH. , #2770 ) ;
#6170 = DIRECTION ( 'NONE',  ( 1.000000000000000000, 0.0000000000000000000, -0.0000000000000000000 ) ) ;
#6171 = UNCERTAINTY_MEASURE_WITH_UNIT (LENGTH_MEASURE( 1.000000000000000100E-005 ), #4898, 'distance_accuracy_value', 'NONE');
#6172 = PRESENTATION_LAYER_ASSIGNMENT (  '', '', ( #3801 ) ) ;
#6173 = ORIENTED_EDGE ( 'NONE', *, *, #1265, .F. ) ;
#6174 = AXIS2_PLACEMENT_3D ( 'NONE', #5012, #3560, #2124 ) ;
#6175 = LINE ( 'NONE', #573, #1540 ) ;
#6176 = EDGE_CURVE ( 'NONE', #3605, #4736, #3573, .T. ) ;
#6177 = PLANE ( 'NONE',  #1910 ) ;
#6178 = VECTOR ( 'NONE', #5475, 1000.000000000000000 ) ;
#6179 = CIRCLE ( 'NONE', #3430, 0.1999999999999996500 ) ;
#6180 = PLANE ( 'NONE',  #4482 ) ;
#6181 = ORIENTED_EDGE ( 'NONE', *, *, #276, .T. ) ;
#6182 = EDGE_CURVE ( 'NONE', #2047, #1749, #5849, .T. ) ;
#6183 = CARTESIAN_POINT ( 'NONE',  ( 1.241527841744380000, 8.005000000000000800, -4.806864571618342900 ) ) ;
#6184 = AXIS2_PLACEMENT_3D ( 'NONE', #3393, #5852, #2949 ) ;
#6185 = AXIS2_PLACEMENT_3D ( 'NONE', #4252, #5737, #4823 ) ;
#6186 = ORIENTED_EDGE ( 'NONE', *, *, #5047, .T. ) ;
#6187 = SURFACE_STYLE_USAGE ( .BOTH. , #2259 ) ;
#6188 = PRESENTATION_STYLE_ASSIGNMENT (( #824 ) ) ;
#6189 = VERTEX_POINT ( 'NONE', #3529 ) ;
#6190 = ORIENTED_EDGE ( 'NONE', *, *, #4980, .T. ) ;
#6191 = CARTESIAN_POINT ( 'NONE',  ( 0.4350673547405130000, 8.005000000000000800, -1.847101683700655500 ) ) ;
#6192 = SURFACE_STYLE_USAGE ( .BOTH. , #778 ) ;
#6193 = FACE_OUTER_BOUND ( 'NONE', #4218, .T. ) ;
#6194 = EDGE_LOOP ( 'NONE', ( #4033, #3585, #2191, #321 ) ) ;
#6195 = MECHANICAL_DESIGN_GEOMETRIC_PRESENTATION_REPRESENTATION (  '', ( #4239 ), #5665 ) ;
#6196 = ORIENTED_EDGE ( 'NONE', *, *, #4434, .F. ) ;
#6197 =( NAMED_UNIT ( * ) SI_UNIT ( $, .STERADIAN. ) SOLID_ANGLE_UNIT ( ) );
#6198 = VERTEX_POINT ( 'NONE', #2945 ) ;
#6199 = LINE ( 'NONE', #4524, #6038 ) ;
#6200 = ORIENTED_EDGE ( 'NONE', *, *, #504, .T. ) ;
#6201 = SURFACE_SIDE_STYLE ('',( #1475 ) ) ;
#6202 = ADVANCED_FACE ( 'NONE', ( #4335 ), #1094, .F. ) ;
#6203 = CARTESIAN_POINT ( 'NONE',  ( 0.0000000000000000000, 8.000000000000000000, 0.0000000000000000000 ) ) ;
#6204 =( GEOMETRIC_REPRESENTATION_CONTEXT ( 3 ) GLOBAL_UNCERTAINTY_ASSIGNED_CONTEXT ( ( #3426 ) ) GLOBAL_UNIT_ASSIGNED_CONTEXT ( ( #783, #3702, #4177 ) ) REPRESENTATION_CONTEXT ( 'NONE', 'WORKASPACE' ) );
#6205 = LINE ( 'NONE', #4779, #123 ) ;
#6206 = ORIENTED_EDGE ( 'NONE', *, *, #3121, .T. ) ;
#6207 = DIRECTION ( 'NONE',  ( -0.0000000000000000000, -1.000000000000000000, -0.0000000000000000000 ) ) ;
#6208 = CARTESIAN_POINT ( 'NONE',  ( 5.250000000000000900, 3.012918677409996500, -4.180225025942715600 ) ) ;
#6209 = FILL_AREA_STYLE_COLOUR ( '', #3067 ) ;
#6210 = MECHANICAL_DESIGN_GEOMETRIC_PRESENTATION_REPRESENTATION (  '', ( #5237 ), #2500 ) ;
#6211 = ORIENTED_EDGE ( 'NONE', *, *, #355, .T. ) ;
#6212 = SURFACE_STYLE_USAGE ( .BOTH. , #1843 ) ;
#6213 = STYLED_ITEM ( 'NONE', ( #303 ), #444 ) ;
#6214 = ADVANCED_FACE ( 'NONE', ( #304 ), #3169, .F. ) ;
#6215 =( NAMED_UNIT ( * ) PLANE_ANGLE_UNIT ( ) SI_UNIT ( $, .RADIAN. ) );
#6216 = ORIENTED_EDGE ( 'NONE', *, *, #4111, .F. ) ;
#6217 = EDGE_CURVE ( 'NONE', #3089, #3180, #4039, .T. ) ;
#6218 = FILL_AREA_STYLE_COLOUR ( '', #1248 ) ;
#6219 = PRESENTATION_LAYER_ASSIGNMENT (  '', '', ( #1762 ) ) ;
#6220 = EDGE_CURVE ( 'NONE', #214, #4627, #5034, .T. ) ;
#6221 = COLOUR_RGB ( '',0.1019607843137254900, 0.1019607843137254900, 0.1019607843137254900 ) ;
#6222 = ORIENTED_EDGE ( 'NONE', *, *, #4096, .T. ) ;
#6223 = CARTESIAN_POINT ( 'NONE',  ( 1.241527841744380200, 8.005000000000000800, -3.732872106417935300 ) ) ;
#6224 = PLANE ( 'NONE',  #3468 ) ;
#6225 = CARTESIAN_POINT ( 'NONE',  ( 0.4350673547405129500, 8.000000000000000000, -1.373316385216680500 ) ) ;
#6226 = EDGE_CURVE ( 'NONE', #5554, #1749, #2432, .T. ) ;
#6227 = EDGE_LOOP ( 'NONE', ( #3438, #2422, #2059, #3594 ) ) ;
#6228 = MECHANICAL_DESIGN_GEOMETRIC_PRESENTATION_REPRESENTATION (  '', ( #4950 ), #4916 ) ;
#6229 = ADVANCED_FACE ( 'NONE', ( #4399 ), #4849, .T. ) ;
#6230 = CARTESIAN_POINT ( 'NONE',  ( 2.450000000000002000, 4.929470609902312900, -5.503069206569891000 ) ) ;
#6231 = APPLICATION_CONTEXT ( 'automotive_design' ) ;
#6232 = VECTOR ( 'NONE', #5709, 1000.000000000000000 ) ;
#6233 = ORIENTED_EDGE ( 'NONE', *, *, #2553, .T. ) ;
#6234 = CYLINDRICAL_SURFACE ( 'NONE', #3270, 0.1999999999999996500 ) ;
#6235 = DIRECTION ( 'NONE',  ( 1.000000000000000000, 0.0000000000000000000, -0.0000000000000000000 ) ) ;
#6236 = ORIENTED_EDGE ( 'NONE', *, *, #5199, .F. ) ;
#6237 = DIRECTION ( 'NONE',  ( 1.000000000000000000, 0.0000000000000000000, -1.953715462435022800E-016 ) ) ;
#6238 = CARTESIAN_POINT ( 'NONE',  ( 1.676445934406437100, 0.0000000000000000000, -6.200000000000001100 ) ) ;
#6239 = EDGE_LOOP ( 'NONE', ( #4178, #140, #3390, #2832 ) ) ;
#6240 = PRESENTATION_STYLE_ASSIGNMENT (( #5069 ) ) ;
#6241 = ADVANCED_FACE ( 'NONE', ( #639 ), #5097, .F. ) ;
#6242 = VECTOR ( 'NONE', #643, 1000.000000000000200 ) ;
#6243 = AXIS2_PLACEMENT_3D ( 'NONE', #4824, #6273, #1390 ) ;
#6244 = CARTESIAN_POINT ( 'NONE',  ( 1.676445934406436600, 7.800000000000000700, -6.400000000000000400 ) ) ;
#6245 = AXIS2_PLACEMENT_3D ( 'NONE', #111, #590, #4003 ) ;
#6246 = FACE_OUTER_BOUND ( 'NONE', #2723, .T. ) ;
#6247 = PLANE ( 'NONE',  #316 ) ;
#6248 = DIRECTION ( 'NONE',  ( 0.0000000000000000000, 0.0000000000000000000, -1.000000000000000000 ) ) ;
#6249 = B_SPLINE_CURVE_WITH_KNOTS ( 'NONE', 3,
 ( #3251, #6127, #1798, #3696, #4171, #4698 ),
 .UNSPECIFIED., .F., .F.,
 ( 4, 2, 4 ),
 ( 0.0000000000000000000, 0.0001656593132408571800, 0.0003313186264817143700 ),
 .UNSPECIFIED. ) ;
#6250 = SURFACE_STYLE_USAGE ( .BOTH. , #1435 ) ;
#6251 =( NAMED_UNIT ( * ) PLANE_ANGLE_UNIT ( ) SI_UNIT ( $, .RADIAN. ) );
#6252 = FACE_OUTER_BOUND ( 'NONE', #6027, .T. ) ;
#6253 = VERTEX_POINT ( 'NONE', #3005 ) ;
#6254 = AXIS2_PLACEMENT_3D ( 'NONE', #5053, #4629, #1243 ) ;
#6255 = SURFACE_SIDE_STYLE ('',( #1208 ) ) ;
#6256 = AXIS2_PLACEMENT_3D ( 'NONE', #4873, #519, #5856 ) ;
#6257 = VERTEX_POINT ( 'NONE', #5949 ) ;
#6258 = CARTESIAN_POINT ( 'NONE',  ( 0.0000000000000000000, -1.000000000000000000, -6.200000000000001100 ) ) ;
#6259 = EDGE_CURVE ( 'NONE', #1021, #4757, #2390, .T. ) ;
#6260 = ORIENTED_EDGE ( 'NONE', *, *, #4528, .F. ) ;
#6261 = DIRECTION ( 'NONE',  ( -3.907430924870045500E-016, -0.0000000000000000000, -1.000000000000000000 ) ) ;
#6262 = PLANE ( 'NONE',  #1802 ) ;
#6263 =( LENGTH_UNIT ( ) NAMED_UNIT ( * ) SI_UNIT ( .MILLI., .METRE. ) );
#6264 = FACE_OUTER_BOUND ( 'NONE', #3641, .T. ) ;
#6265 = FACE_OUTER_BOUND ( 'NONE', #1787, .T. ) ;
#6266 = EDGE_CURVE ( 'NONE', #183, #3985, #417, .T. ) ;
#6267 = VERTEX_POINT ( 'NONE', #6061 ) ;
#6268 = SURFACE_SIDE_STYLE ('',( #206 ) ) ;
#6269 = EDGE_LOOP ( 'NONE', ( #1630, #1456, #561, #5011 ) ) ;
#6270 = PRESENTATION_LAYER_ASSIGNMENT (  '', '', ( #4617 ) ) ;
#6271 = COLOUR_RGB ( '',0.1019607843137254900, 0.1019607843137254900, 0.1019607843137254900 ) ;
#6272 = CARTESIAN_POINT ( 'NONE',  ( 1.241527841744380200, 8.000000000000000000, -3.430882837268343500 ) ) ;
#6273 = DIRECTION ( 'NONE',  ( 0.0000000000000000000, -1.000000000000000000, 0.0000000000000000000 ) ) ;
#6274 = SURFACE_STYLE_FILL_AREA ( #2125 ) ;
#6275 = SURFACE_STYLE_FILL_AREA ( #1896 ) ;
#6276 = ORIENTED_EDGE ( 'NONE', *, *, #1422, .F. ) ;
#6277 = FILL_AREA_STYLE_COLOUR ( '', #6271 ) ;
#6278 = ORIENTED_EDGE ( 'NONE', *, *, #585, .F. ) ;
#6279 = FACE_OUTER_BOUND ( 'NONE', #2272, .T. ) ;
#6280 = PRODUCT_DEFINITION ( 'UNKNOWN', '', #3120, #5896 ) ;
#6281 = EDGE_CURVE ( 'NONE', #5623, #2067, #3678, .T. ) ;
#6282 = ORIENTED_EDGE ( 'NONE', *, *, #3205, .F. ) ;
#6283 = ADVANCED_FACE ( 'NONE', ( #801 ), #2011, .T. ) ;
#6284 =( NAMED_UNIT ( * ) PLANE_ANGLE_UNIT ( ) SI_UNIT ( $, .RADIAN. ) );
#6285 = SURFACE_STYLE_FILL_AREA ( #4656 ) ;
#6286 = ORIENTED_EDGE ( 'NONE', *, *, #3875, .F. ) ;
#6287 =( NAMED_UNIT ( * ) PLANE_ANGLE_UNIT ( ) SI_UNIT ( $, .RADIAN. ) );
#6288 = DIRECTION ( 'NONE',  ( -0.9611638845405788800, 0.0000000000000000000, -0.2759782365601763900 ) ) ;
#6289 =( BOUNDED_CURVE ( )  B_SPLINE_CURVE ( 3, ( #3397, #3951, #1034, #4445 ),
 .UNSPECIFIED., .F., .F. ) 
 B_SPLINE_CURVE_WITH_KNOTS ( ( 4, 4 ),
 ( 0.0000000000000000000, 1.570796326794896600 ),
 .UNSPECIFIED. ) 
 CURVE ( )  GEOMETRIC_REPRESENTATION_ITEM ( )  RATIONAL_B_SPLINE_CURVE ( ( 1.000000000000000000, 0.8047378541243649400, 0.8047378541243649400, 1.000000000000000000 ) ) 
 REPRESENTATION_ITEM ( '' )  );
#6290 = VECTOR ( 'NONE', #3815, 1000.000000000000000 ) ;
#6291 =( LENGTH_UNIT ( ) NAMED_UNIT ( * ) SI_UNIT ( .MILLI., .METRE. ) );
#6292 = ORIENTED_EDGE ( 'NONE', *, *, #609, .T. ) ;
#6293 = CARTESIAN_POINT ( 'NONE',  ( 0.0000000000000000000, 8.000000000000000000, -0.2000000000000000100 ) ) ;
#6294 = STYLED_ITEM ( 'NONE', ( #5970 ), #4256 ) ;
#6295 = AXIS2_PLACEMENT_3D ( 'NONE', #2332, #5727, #963 ) ;
#6296 = FILL_AREA_STYLE_COLOUR ( '', #3909 ) ;
#6297 = VERTEX_POINT ( 'NONE', #4756 ) ;
#6298 = DIRECTION ( 'NONE',  ( 1.000000000000000000, 0.0000000000000000000, 0.0000000000000000000 ) ) ;
#6299 = FILL_AREA_STYLE ('',( #1902 ) ) ;
#6300 = ORIENTED_EDGE ( 'NONE', *, *, #3194, .T. ) ;
#6301 = EDGE_CURVE ( 'NONE', #1326, #4936, #584, .T. ) ;
#6302 = AXIS2_PLACEMENT_3D ( 'NONE', #2153, #4672, #1199 ) ;
#6303 = FILL_AREA_STYLE ('',( #1868 ) ) ;
#6304 = AXIS2_PLACEMENT_3D ( 'NONE', #2862, #5276, #2378 ) ;
#6305 = CARTESIAN_POINT ( 'NONE',  ( 1.210000000000000200, -6.500000000000000000, -4.469999999999999800 ) ) ;
#6306 = LINE ( 'NONE', #2413, #69 ) ;
#6307 = ORIENTED_EDGE ( 'NONE', *, *, #4429, .F. ) ;
#6308 = ADVANCED_FACE ( 'NONE', ( #4368 ), #4216, .T. ) ;
#6309 =( NAMED_UNIT ( * ) PLANE_ANGLE_UNIT ( ) SI_UNIT ( $, .RADIAN. ) );
ENDSEC;
END-ISO-10303-21;
