ISO-10303-21;
HEADER;
/****************************************************************
 * Generated by software with PDE/Lib inside                    *
 * PDElib Version 3.2.7, created Wed Aug 14, 2002 at 18:42:09   *
 * International Technegroup Inc. (www.iti-oh.com)              *
 ****************************************************************/
FILE_DESCRIPTION((''),'2;1');
FILE_NAME(
   '/users1/sdrc2/0965_Dsub-S_male_straight_25-pins_board_lock_female_screw_lock.st'
,'2005-08-12T17:33:44',('User'),('SDRC'),'I-DEAS Master Series 9','UNIX','Yes');
FILE_SCHEMA(('AUTOMOTIVE_DESIGN { 1 0 10303 214 1 1 1 1 }'));
ENDSEC;
DATA;
#10=(NAMED_UNIT(*)PLANE_ANGLE_UNIT()SI_UNIT($,.RADIAN.));
#11=DIMENSIONAL_EXPONENTS(0.0,0.0,0.0,0.0,0.0,0.0,0.0);
#12=PLANE_ANGLE_MEASURE_WITH_UNIT(PLANE_ANGLE_MEASURE(
   0.017453292500000),#10);
#16=(CONVERSION_BASED_UNIT('DEGREE',#12)NAMED_UNIT(#11)
   PLANE_ANGLE_UNIT());
#20=(NAMED_UNIT(*)SI_UNIT($,.STERADIAN.)SOLID_ANGLE_UNIT());
#24=(LENGTH_UNIT()NAMED_UNIT(*)SI_UNIT(.MILLI.,.METRE.));
#26=UNCERTAINTY_MEASURE_WITH_UNIT(LENGTH_MEASURE(
   0.010000000000000),#24,'DISTANCE_ACCURACY_VALUE','');
#28=(GEOMETRIC_REPRESENTATION_CONTEXT(3)
   GLOBAL_UNCERTAINTY_ASSIGNED_CONTEXT((#26))
   GLOBAL_UNIT_ASSIGNED_CONTEXT((#16,#20,#24))
   REPRESENTATION_CONTEXT('','3D'));
#29=APPLICATION_CONTEXT('automotive design');
#30=APPLICATION_PROTOCOL_DEFINITION('International Standard',
   'automotive_design',2001,#29);
#31=PRODUCT_CONTEXT('None',#29,'mechanical');
#32=PRODUCT('09 65 361 x713',
   '0965_Dsub-S_male_straight_25-pins_board_lock_female_screw_lock',
   'None',(#31));
#33=PRODUCT_RELATED_PRODUCT_CATEGORY('part','description',(#32));
#34=PRODUCT_DEFINITION_FORMATION('','None',#32);
#35=PRODUCT_DEFINITION_CONTEXT('part definition',#29,'design');
#36=PRODUCT_DEFINITION('None','None',#34,#35);
#37=PRODUCT_DEFINITION_SHAPE('None','None',#36);
#38=ADVANCED_BREP_SHAPE_REPRESENTATION('',(#3308),#28);
#39=SHAPE_DEFINITION_REPRESENTATION(#37,#38);
#40=COLOUR_RGB('LIGHT_BLUE',0.0,0.660000026226044,1.0);
#41=DRAUGHTING_PRE_DEFINED_CURVE_FONT('continuous');
#42=CURVE_STYLE('',#41,POSITIVE_LENGTH_MEASURE(0.100000000000000),
   #40);
#43=FILL_AREA_STYLE_COLOUR('',#40);
#44=FILL_AREA_STYLE('',(#43));
#45=SURFACE_STYLE_FILL_AREA(#44);
#46=SURFACE_SIDE_STYLE('',(#45));
#47=SURFACE_STYLE_USAGE(.BOTH.,#46);
#48=PRESENTATION_STYLE_ASSIGNMENT((#42,#47));
#49=COLOUR_RGB('GOLDEN_ORANGE',1.0,0.660000026226044,0.0);
#50=CURVE_STYLE('',#41,POSITIVE_LENGTH_MEASURE(0.100000000000000),
   #49);
#51=FILL_AREA_STYLE_COLOUR('',#49);
#52=FILL_AREA_STYLE('',(#51));
#53=SURFACE_STYLE_FILL_AREA(#52);
#54=SURFACE_SIDE_STYLE('',(#53));
#55=SURFACE_STYLE_USAGE(.BOTH.,#54);
#56=PRESENTATION_STYLE_ASSIGNMENT((#50,#55));
#57=COLOUR_RGB('ORANGE',1.0,0.330000013113022,0.0);
#58=CURVE_STYLE('',#41,POSITIVE_LENGTH_MEASURE(0.100000000000000),
   #57);
#59=FILL_AREA_STYLE_COLOUR('',#57);
#60=FILL_AREA_STYLE('',(#59));
#61=SURFACE_STYLE_FILL_AREA(#60);
#62=SURFACE_SIDE_STYLE('',(#61));
#63=SURFACE_STYLE_USAGE(.BOTH.,#62);
#64=PRESENTATION_STYLE_ASSIGNMENT((#58,#63));
#65=CARTESIAN_POINT('F53',(-16.230000000000000,-5.861615295141601,
   -9.700000000000001));
#66=CARTESIAN_POINT('F53',(-16.889999999999997,-5.861615295141601,
   -9.700000000000001));
#67=CARTESIAN_POINT('F53',(-16.230000000000000,-5.208384704858400,
   -9.700000000000001));
#68=CARTESIAN_POINT('F53',(-16.889999999999997,-5.208384704858400,
   -9.700000000000001));
#69=QUASI_UNIFORM_SURFACE('F53',1,1,((#65,#67),(#66,#68)),
   .PLANE_SURF.,.F.,.F.,.U.);
#70=CARTESIAN_POINT('V88',(-16.859999999999999,-5.535000000000000,
   -9.700000000000001));
#71=VERTEX_POINT('V88',#70);
#72=CARTESIAN_POINT('E126',(-16.859999999999999,-5.535000000000000,
   -9.700000000000001));
#73=CARTESIAN_POINT('E126',(-16.859999999999999,-6.054615242270700,
   -9.700000000000001));
#74=CARTESIAN_POINT('E126',(-16.410000000000000,-5.794807621135300,
   -9.700000000000001));
#75=CARTESIAN_POINT('E126',(-15.959999999999999,-5.535000000000000,
   -9.700000000000001));
#76=CARTESIAN_POINT('E126',(-16.410000000000000,-5.275192378864700,
   -9.700000000000001));
#77=CARTESIAN_POINT('E126',(-16.859999999999999,-5.015384757729300,
   -9.700000000000001));
#78=CARTESIAN_POINT('E126',(-16.859999999999999,-5.535000000000000,
   -9.700000000000001));
#86=(BOUNDED_CURVE()B_SPLINE_CURVE(2,(#72,#73,#74,#75,#76,#77,#78),
   .CIRCULAR_ARC.,.T.,.U.)B_SPLINE_CURVE_WITH_KNOTS((3,2,2,3),(
   0.0,0.333333333333330,0.666666666666670,1.0),.UNSPECIFIED.)CURVE(
   )GEOMETRIC_REPRESENTATION_ITEM()RATIONAL_B_SPLINE_CURVE((1.0,
   0.500000000000000,1.0,0.500000000000000,1.0,0.500000000000000,1.0)
   )REPRESENTATION_ITEM('E126'));
#87=EDGE_CURVE('E126',#71,#71,#86,.T.);
#88=ORIENTED_EDGE('E126',*,*,#87,.F.);
#89=EDGE_LOOP('F53',(#88));
#90=FACE_OUTER_BOUND('F53',#89,.T.);
#91=ADVANCED_FACE('F53',(#90),#69,.T.);
#92=CARTESIAN_POINT('F60',(-16.859999999999999,-5.535000000000000,
   -9.700000000000001));
#93=CARTESIAN_POINT('F60',(-16.859999999999999,-6.054615242270599,
   -9.700000000000001));
#94=CARTESIAN_POINT('F60',(-16.410000000000000,-5.794807621135300,
   -9.700000000000001));
#95=CARTESIAN_POINT('F60',(-15.959999999999999,-5.535000000000000,
   -9.700000000000001));
#96=CARTESIAN_POINT('F60',(-16.410000000000000,-5.275192378864700,
   -9.700000000000001));
#97=CARTESIAN_POINT('F60',(-16.859999999999999,-5.015384757729400,
   -9.700000000000001));
#98=CARTESIAN_POINT('F60',(-16.859999999999999,-5.535000000000000,
   -9.700000000000001));
#99=CARTESIAN_POINT('F60',(-16.859999999999999,-5.535000000000000,
   0.500000000000000));
#100=CARTESIAN_POINT('F60',(-16.859999999999999,-6.054615242270599,
   0.500000000000000));
#101=CARTESIAN_POINT('F60',(-16.410000000000000,-5.794807621135300,
   0.500000000000000));
#102=CARTESIAN_POINT('F60',(-15.959999999999999,-5.535000000000000,
   0.500000000000000));
#103=CARTESIAN_POINT('F60',(-16.410000000000000,-5.275192378864700,
   0.500000000000000));
#104=CARTESIAN_POINT('F60',(-16.859999999999999,-5.015384757729400,
   0.500000000000000));
#105=CARTESIAN_POINT('F60',(-16.859999999999999,-5.535000000000000,
   0.500000000000000));
#113=(BOUNDED_SURFACE()B_SPLINE_SURFACE(2,1,((#92,#99),(#93,
   #100),(#94,#101),(#95,#102),(#96,#103),(#97,#104),(#98,
   #105)),.CYLINDRICAL_SURF.,.T.,.F.,.U.)
   B_SPLINE_SURFACE_WITH_KNOTS((3,2,2,3),(2,2),(0.0,
   0.333333333333330,0.666666666666670,1.0),(0.0,3.271651525407900),
   .UNSPECIFIED.)GEOMETRIC_REPRESENTATION_ITEM()
   RATIONAL_B_SPLINE_SURFACE(((1.0,1.0),(0.500000000000000,
   0.500000000000000),(1.0,1.0),(0.500000000000000,
   0.500000000000000),(1.0,1.0),(0.500000000000000,
   0.500000000000000),(1.0,1.0)))REPRESENTATION_ITEM('F60')SURFACE(
   ));
#114=CARTESIAN_POINT('V92',(-16.859999999999999,-5.535000000000000,
   -5.700000000000000));
#115=VERTEX_POINT('V92',#114);
#116=CARTESIAN_POINT('E136',(-16.859999999999999,-5.535000000000000,
   -5.700000000000000));
#117=CARTESIAN_POINT('E136',(-16.859999999999999,-6.054615242270700,
   -5.700000000000000));
#118=CARTESIAN_POINT('E136',(-16.410000000000000,-5.794807621135300,
   -5.700000000000000));
#119=CARTESIAN_POINT('E136',(-15.959999999999999,-5.535000000000000,
   -5.700000000000000));
#120=CARTESIAN_POINT('E136',(-16.410000000000000,-5.275192378864700,
   -5.700000000000000));
#121=CARTESIAN_POINT('E136',(-16.859999999999999,-5.015384757729300,
   -5.700000000000000));
#122=CARTESIAN_POINT('E136',(-16.859999999999999,-5.535000000000000,
   -5.700000000000000));
#130=(BOUNDED_CURVE()B_SPLINE_CURVE(2,(#116,#117,#118,#119,#120,
   #121,#122),.CIRCULAR_ARC.,.T.,.U.)B_SPLINE_CURVE_WITH_KNOTS((3,
   2,2,3),(0.0,0.333333333333330,0.666666666666670,1.0),
   .UNSPECIFIED.)CURVE()GEOMETRIC_REPRESENTATION_ITEM()
   RATIONAL_B_SPLINE_CURVE((1.0,0.500000000000000,1.0,
   0.500000000000000,1.0,0.500000000000000,1.0))REPRESENTATION_ITEM(
   'E136'));
#131=EDGE_CURVE('E136',#115,#115,#130,.T.);
#132=ORIENTED_EDGE('E136',*,*,#131,.F.);
#133=CARTESIAN_POINT('E137',(-16.859999999999999,-5.535000000000000,
   -9.700000000000001));
#134=CARTESIAN_POINT('E137',(-16.859999999999999,-5.535000000000000,
   -5.700000000000000));
#135=B_SPLINE_CURVE_WITH_KNOTS('E137',1,(#133,#134),.POLYLINE_FORM.,
   .F.,.U.,(2,2),(0.0,1.283000598199200),.UNSPECIFIED.);
#136=EDGE_CURVE('E137',#71,#115,#135,.T.);
#137=ORIENTED_EDGE('E137',*,*,#136,.F.);
#138=ORIENTED_EDGE('F53',*,*,#87,.T.);
#139=ORIENTED_EDGE('E137',*,*,#136,.T.);
#140=EDGE_LOOP('F60',(#132,#137,#138,#139));
#141=FACE_OUTER_BOUND('F60',#140,.T.);
#142=ADVANCED_FACE('F60',(#141),#113,.T.);
#143=CARTESIAN_POINT('F51',(16.889999999999997,-5.861615295141601,
   -9.700000000000001));
#144=CARTESIAN_POINT('F51',(16.230000000000000,-5.861615295141601,
   -9.700000000000001));
#145=CARTESIAN_POINT('F51',(16.889999999999997,-5.208384704858400,
   -9.700000000000001));
#146=CARTESIAN_POINT('F51',(16.230000000000000,-5.208384704858400,
   -9.700000000000001));
#147=QUASI_UNIFORM_SURFACE('F51',1,1,((#143,#145),(#144,#146)),
   .PLANE_SURF.,.F.,.F.,.U.);
#148=CARTESIAN_POINT('V86',(16.260000000000002,-5.535000000000000,
   -9.700000000000001));
#149=VERTEX_POINT('V86',#148);
#150=CARTESIAN_POINT('E124',(16.260000000000002,-5.535000000000000,
   -9.700000000000001));
#151=CARTESIAN_POINT('E124',(16.260000000000002,-6.054615242270700,
   -9.700000000000001));
#152=CARTESIAN_POINT('E124',(16.710000000000001,-5.794807621135300,
   -9.700000000000001));
#153=CARTESIAN_POINT('E124',(17.160000000000000,-5.535000000000000,
   -9.700000000000001));
#154=CARTESIAN_POINT('E124',(16.710000000000001,-5.275192378864700,
   -9.700000000000001));
#155=CARTESIAN_POINT('E124',(16.260000000000002,-5.015384757729300,
   -9.700000000000001));
#156=CARTESIAN_POINT('E124',(16.260000000000002,-5.535000000000000,
   -9.700000000000001));
#164=(BOUNDED_CURVE()B_SPLINE_CURVE(2,(#150,#151,#152,#153,#154,
   #155,#156),.CIRCULAR_ARC.,.T.,.U.)B_SPLINE_CURVE_WITH_KNOTS((3,
   2,2,3),(0.0,0.333333333333330,0.666666666666670,1.0),
   .UNSPECIFIED.)CURVE()GEOMETRIC_REPRESENTATION_ITEM()
   RATIONAL_B_SPLINE_CURVE((1.0,0.500000000000000,1.0,
   0.500000000000000,1.0,0.500000000000000,1.0))REPRESENTATION_ITEM(
   'E124'));
#165=EDGE_CURVE('E124',#149,#149,#164,.T.);
#166=ORIENTED_EDGE('E124',*,*,#165,.F.);
#167=EDGE_LOOP('F51',(#166));
#168=FACE_OUTER_BOUND('F51',#167,.T.);
#169=ADVANCED_FACE('F51',(#168),#147,.T.);
#170=CARTESIAN_POINT('F58',(16.260000000000002,-5.535000000000000,
   -9.700000000000001));
#171=CARTESIAN_POINT('F58',(16.260000000000002,-6.054615242270599,
   -9.700000000000001));
#172=CARTESIAN_POINT('F58',(16.710000000000001,-5.794807621135300,
   -9.700000000000001));
#173=CARTESIAN_POINT('F58',(17.160000000000000,-5.535000000000000,
   -9.700000000000001));
#174=CARTESIAN_POINT('F58',(16.710000000000001,-5.275192378864700,
   -9.700000000000001));
#175=CARTESIAN_POINT('F58',(16.260000000000002,-5.015384757729400,
   -9.700000000000001));
#176=CARTESIAN_POINT('F58',(16.260000000000002,-5.535000000000000,
   -9.700000000000001));
#177=CARTESIAN_POINT('F58',(16.260000000000002,-5.535000000000000,
   0.500000000000000));
#178=CARTESIAN_POINT('F58',(16.260000000000002,-6.054615242270599,
   0.500000000000000));
#179=CARTESIAN_POINT('F58',(16.710000000000001,-5.794807621135300,
   0.500000000000000));
#180=CARTESIAN_POINT('F58',(17.160000000000000,-5.535000000000000,
   0.500000000000000));
#181=CARTESIAN_POINT('F58',(16.710000000000001,-5.275192378864700,
   0.500000000000000));
#182=CARTESIAN_POINT('F58',(16.260000000000002,-5.015384757729400,
   0.500000000000000));
#183=CARTESIAN_POINT('F58',(16.260000000000002,-5.535000000000000,
   0.500000000000000));
#191=(BOUNDED_SURFACE()B_SPLINE_SURFACE(2,1,((#170,#177),(#171,
   #178),(#172,#179),(#173,#180),(#174,#181),(#175,#182),(
   #176,#183)),.CYLINDRICAL_SURF.,.T.,.F.,.U.)
   B_SPLINE_SURFACE_WITH_KNOTS((3,2,2,3),(2,2),(0.0,
   0.333333333333330,0.666666666666670,1.0),(0.0,3.271651525407900),
   .UNSPECIFIED.)GEOMETRIC_REPRESENTATION_ITEM()
   RATIONAL_B_SPLINE_SURFACE(((1.0,1.0),(0.500000000000000,
   0.500000000000000),(1.0,1.0),(0.500000000000000,
   0.500000000000000),(1.0,1.0),(0.500000000000000,
   0.500000000000000),(1.0,1.0)))REPRESENTATION_ITEM('F58')SURFACE(
   ));
#192=CARTESIAN_POINT('V91',(16.260000000000002,-5.535000000000000,
   -5.700000000000000));
#193=VERTEX_POINT('V91',#192);
#194=CARTESIAN_POINT('E133',(16.260000000000002,-5.535000000000000,
   -5.700000000000000));
#195=CARTESIAN_POINT('E133',(16.260000000000002,-6.054615242270700,
   -5.700000000000000));
#196=CARTESIAN_POINT('E133',(16.710000000000001,-5.794807621135300,
   -5.700000000000000));
#197=CARTESIAN_POINT('E133',(17.160000000000000,-5.535000000000000,
   -5.700000000000000));
#198=CARTESIAN_POINT('E133',(16.710000000000001,-5.275192378864700,
   -5.700000000000000));
#199=CARTESIAN_POINT('E133',(16.260000000000002,-5.015384757729300,
   -5.700000000000000));
#200=CARTESIAN_POINT('E133',(16.260000000000002,-5.535000000000000,
   -5.700000000000000));
#208=(BOUNDED_CURVE()B_SPLINE_CURVE(2,(#194,#195,#196,#197,#198,
   #199,#200),.CIRCULAR_ARC.,.T.,.U.)B_SPLINE_CURVE_WITH_KNOTS((3,
   2,2,3),(0.0,0.333333333333330,0.666666666666670,1.0),
   .UNSPECIFIED.)CURVE()GEOMETRIC_REPRESENTATION_ITEM()
   RATIONAL_B_SPLINE_CURVE((1.0,0.500000000000000,1.0,
   0.500000000000000,1.0,0.500000000000000,1.0))REPRESENTATION_ITEM(
   'E133'));
#209=EDGE_CURVE('E133',#193,#193,#208,.T.);
#210=ORIENTED_EDGE('E133',*,*,#209,.F.);
#211=CARTESIAN_POINT('E134',(16.260000000000002,-5.535000000000000,
   -9.700000000000001));
#212=CARTESIAN_POINT('E134',(16.260000000000002,-5.535000000000000,
   -5.700000000000000));
#213=B_SPLINE_CURVE_WITH_KNOTS('E134',1,(#211,#212),.POLYLINE_FORM.,
   .F.,.U.,(2,2),(0.0,1.283000598199200),.UNSPECIFIED.);
#214=EDGE_CURVE('E134',#149,#193,#213,.T.);
#215=ORIENTED_EDGE('E134',*,*,#214,.F.);
#216=ORIENTED_EDGE('F51',*,*,#165,.T.);
#217=ORIENTED_EDGE('E134',*,*,#214,.T.);
#218=EDGE_LOOP('F58',(#210,#215,#216,#217));
#219=FACE_OUTER_BOUND('F58',#218,.T.);
#220=ADVANCED_FACE('F58',(#219),#191,.T.);
#221=CARTESIAN_POINT('F49',(-14.850000000000000,-3.021615295141600,
   -9.700000000000001));
#222=CARTESIAN_POINT('F49',(-15.510000000000000,-3.021615295141600,
   -9.700000000000001));
#223=CARTESIAN_POINT('F49',(-14.850000000000000,-2.368384704858400,
   -9.700000000000001));
#224=CARTESIAN_POINT('F49',(-15.510000000000000,-2.368384704858400,
   -9.700000000000001));
#225=QUASI_UNIFORM_SURFACE('F49',1,1,((#221,#223),(#222,#224)),
   .PLANE_SURF.,.F.,.F.,.U.);
#226=CARTESIAN_POINT('V84',(-15.480000000000000,-2.695000000000000,
   -9.700000000000001));
#227=VERTEX_POINT('V84',#226);
#228=CARTESIAN_POINT('E122',(-15.480000000000000,-2.695000000000000,
   -9.700000000000001));
#229=CARTESIAN_POINT('E122',(-15.480000000000000,-3.214615242270700,
   -9.700000000000001));
#230=CARTESIAN_POINT('E122',(-15.029999999999999,-2.954807621135300,
   -9.700000000000001));
#231=CARTESIAN_POINT('E122',(-14.580000000000000,-2.695000000000000,
   -9.700000000000001));
#232=CARTESIAN_POINT('E122',(-15.029999999999999,-2.435192378864700,
   -9.700000000000001));
#233=CARTESIAN_POINT('E122',(-15.480000000000000,-2.175384757729300,
   -9.700000000000001));
#234=CARTESIAN_POINT('E122',(-15.480000000000000,-2.695000000000000,
   -9.700000000000001));
#242=(BOUNDED_CURVE()B_SPLINE_CURVE(2,(#228,#229,#230,#231,#232,
   #233,#234),.CIRCULAR_ARC.,.T.,.U.)B_SPLINE_CURVE_WITH_KNOTS((3,
   2,2,3),(0.0,0.333333333333330,0.666666666666670,1.0),
   .UNSPECIFIED.)CURVE()GEOMETRIC_REPRESENTATION_ITEM()
   RATIONAL_B_SPLINE_CURVE((1.0,0.500000000000000,1.0,
   0.500000000000000,1.0,0.500000000000000,1.0))REPRESENTATION_ITEM(
   'E122'));
#243=EDGE_CURVE('E122',#227,#227,#242,.T.);
#244=ORIENTED_EDGE('E122',*,*,#243,.F.);
#245=EDGE_LOOP('F49',(#244));
#246=FACE_OUTER_BOUND('F49',#245,.T.);
#247=ADVANCED_FACE('F49',(#246),#225,.T.);
#248=CARTESIAN_POINT('F56',(-15.480000000000000,-2.695000000000000,
   -9.700000000000001));
#249=CARTESIAN_POINT('F56',(-15.480000000000000,-3.214615242270600,
   -9.700000000000001));
#250=CARTESIAN_POINT('F56',(-15.029999999999999,-2.954807621135300,
   -9.700000000000001));
#251=CARTESIAN_POINT('F56',(-14.580000000000000,-2.695000000000000,
   -9.700000000000001));
#252=CARTESIAN_POINT('F56',(-15.029999999999999,-2.435192378864700,
   -9.700000000000001));
#253=CARTESIAN_POINT('F56',(-15.480000000000000,-2.175384757729400,
   -9.700000000000001));
#254=CARTESIAN_POINT('F56',(-15.480000000000000,-2.695000000000000,
   -9.700000000000001));
#255=CARTESIAN_POINT('F56',(-15.480000000000000,-2.695000000000000,
   0.500000000000000));
#256=CARTESIAN_POINT('F56',(-15.480000000000000,-3.214615242270600,
   0.500000000000000));
#257=CARTESIAN_POINT('F56',(-15.029999999999999,-2.954807621135300,
   0.500000000000000));
#258=CARTESIAN_POINT('F56',(-14.580000000000000,-2.695000000000000,
   0.500000000000000));
#259=CARTESIAN_POINT('F56',(-15.029999999999999,-2.435192378864700,
   0.500000000000000));
#260=CARTESIAN_POINT('F56',(-15.480000000000000,-2.175384757729400,
   0.500000000000000));
#261=CARTESIAN_POINT('F56',(-15.480000000000000,-2.695000000000000,
   0.500000000000000));
#269=(BOUNDED_SURFACE()B_SPLINE_SURFACE(2,1,((#248,#255),(#249,
   #256),(#250,#257),(#251,#258),(#252,#259),(#253,#260),(
   #254,#261)),.CYLINDRICAL_SURF.,.T.,.F.,.U.)
   B_SPLINE_SURFACE_WITH_KNOTS((3,2,2,3),(2,2),(0.0,
   0.333333333333330,0.666666666666670,1.0),(0.0,3.271651525407900),
   .UNSPECIFIED.)GEOMETRIC_REPRESENTATION_ITEM()
   RATIONAL_B_SPLINE_SURFACE(((1.0,1.0),(0.500000000000000,
   0.500000000000000),(1.0,1.0),(0.500000000000000,
   0.500000000000000),(1.0,1.0),(0.500000000000000,
   0.500000000000000),(1.0,1.0)))REPRESENTATION_ITEM('F56')SURFACE(
   ));
#270=CARTESIAN_POINT('V90',(-15.480000000000000,-2.695000000000000,
   -5.700000000000000));
#271=VERTEX_POINT('V90',#270);
#272=CARTESIAN_POINT('E130',(-15.480000000000000,-2.695000000000000,
   -5.700000000000000));
#273=CARTESIAN_POINT('E130',(-15.480000000000000,-3.214615242270700,
   -5.700000000000000));
#274=CARTESIAN_POINT('E130',(-15.029999999999999,-2.954807621135300,
   -5.700000000000000));
#275=CARTESIAN_POINT('E130',(-14.580000000000000,-2.695000000000000,
   -5.700000000000000));
#276=CARTESIAN_POINT('E130',(-15.029999999999999,-2.435192378864700,
   -5.700000000000000));
#277=CARTESIAN_POINT('E130',(-15.480000000000000,-2.175384757729300,
   -5.700000000000000));
#278=CARTESIAN_POINT('E130',(-15.480000000000000,-2.695000000000000,
   -5.700000000000000));
#286=(BOUNDED_CURVE()B_SPLINE_CURVE(2,(#272,#273,#274,#275,#276,
   #277,#278),.CIRCULAR_ARC.,.T.,.U.)B_SPLINE_CURVE_WITH_KNOTS((3,
   2,2,3),(0.0,0.333333333333330,0.666666666666670,1.0),
   .UNSPECIFIED.)CURVE()GEOMETRIC_REPRESENTATION_ITEM()
   RATIONAL_B_SPLINE_CURVE((1.0,0.500000000000000,1.0,
   0.500000000000000,1.0,0.500000000000000,1.0))REPRESENTATION_ITEM(
   'E130'));
#287=EDGE_CURVE('E130',#271,#271,#286,.T.);
#288=ORIENTED_EDGE('E130',*,*,#287,.F.);
#289=CARTESIAN_POINT('E131',(-15.480000000000000,-2.695000000000000,
   -9.700000000000001));
#290=CARTESIAN_POINT('E131',(-15.480000000000000,-2.695000000000000,
   -5.700000000000000));
#291=B_SPLINE_CURVE_WITH_KNOTS('E131',1,(#289,#290),.POLYLINE_FORM.,
   .F.,.U.,(2,2),(0.0,1.283000598199200),.UNSPECIFIED.);
#292=EDGE_CURVE('E131',#227,#271,#291,.T.);
#293=ORIENTED_EDGE('E131',*,*,#292,.F.);
#294=ORIENTED_EDGE('F49',*,*,#243,.T.);
#295=ORIENTED_EDGE('E131',*,*,#292,.T.);
#296=EDGE_LOOP('F56',(#288,#293,#294,#295));
#297=FACE_OUTER_BOUND('F56',#296,.T.);
#298=ADVANCED_FACE('F56',(#297),#269,.T.);
#299=CARTESIAN_POINT('F47',(15.510000000000000,-3.021615295141600,
   -9.700000000000001));
#300=CARTESIAN_POINT('F47',(14.850000000000000,-3.021615295141600,
   -9.700000000000001));
#301=CARTESIAN_POINT('F47',(15.510000000000000,-2.368384704858400,
   -9.700000000000001));
#302=CARTESIAN_POINT('F47',(14.850000000000000,-2.368384704858400,
   -9.700000000000001));
#303=QUASI_UNIFORM_SURFACE('F47',1,1,((#299,#301),(#300,#302)),
   .PLANE_SURF.,.F.,.F.,.U.);
#304=CARTESIAN_POINT('V82',(14.880000000000001,-2.695000000000000,
   -9.700000000000001));
#305=VERTEX_POINT('V82',#304);
#306=CARTESIAN_POINT('E120',(14.880000000000001,-2.695000000000000,
   -9.700000000000001));
#307=CARTESIAN_POINT('E120',(14.880000000000001,-3.214615242270700,
   -9.700000000000001));
#308=CARTESIAN_POINT('E120',(15.330000000000000,-2.954807621135300,
   -9.700000000000001));
#309=CARTESIAN_POINT('E120',(15.779999999999999,-2.695000000000000,
   -9.700000000000001));
#310=CARTESIAN_POINT('E120',(15.330000000000000,-2.435192378864700,
   -9.700000000000001));
#311=CARTESIAN_POINT('E120',(14.880000000000001,-2.175384757729300,
   -9.700000000000001));
#312=CARTESIAN_POINT('E120',(14.880000000000001,-2.695000000000000,
   -9.700000000000001));
#320=(BOUNDED_CURVE()B_SPLINE_CURVE(2,(#306,#307,#308,#309,#310,
   #311,#312),.CIRCULAR_ARC.,.T.,.U.)B_SPLINE_CURVE_WITH_KNOTS((3,
   2,2,3),(0.0,0.333333333333330,0.666666666666670,1.0),
   .UNSPECIFIED.)CURVE()GEOMETRIC_REPRESENTATION_ITEM()
   RATIONAL_B_SPLINE_CURVE((1.0,0.500000000000000,1.0,
   0.500000000000000,1.0,0.500000000000000,1.0))REPRESENTATION_ITEM(
   'E120'));
#321=EDGE_CURVE('E120',#305,#305,#320,.T.);
#322=ORIENTED_EDGE('E120',*,*,#321,.F.);
#323=EDGE_LOOP('F47',(#322));
#324=FACE_OUTER_BOUND('F47',#323,.T.);
#325=ADVANCED_FACE('F47',(#324),#303,.T.);
#326=CARTESIAN_POINT('F54',(14.880000000000001,-2.695000000000000,
   -9.700000000000001));
#327=CARTESIAN_POINT('F54',(14.880000000000001,-3.214615242270600,
   -9.700000000000001));
#328=CARTESIAN_POINT('F54',(15.330000000000000,-2.954807621135300,
   -9.700000000000001));
#329=CARTESIAN_POINT('F54',(15.779999999999999,-2.695000000000000,
   -9.700000000000001));
#330=CARTESIAN_POINT('F54',(15.330000000000000,-2.435192378864700,
   -9.700000000000001));
#331=CARTESIAN_POINT('F54',(14.880000000000001,-2.175384757729400,
   -9.700000000000001));
#332=CARTESIAN_POINT('F54',(14.880000000000001,-2.695000000000000,
   -9.700000000000001));
#333=CARTESIAN_POINT('F54',(14.880000000000001,-2.695000000000000,
   0.500000000000000));
#334=CARTESIAN_POINT('F54',(14.880000000000001,-3.214615242270600,
   0.500000000000000));
#335=CARTESIAN_POINT('F54',(15.330000000000000,-2.954807621135300,
   0.500000000000000));
#336=CARTESIAN_POINT('F54',(15.779999999999999,-2.695000000000000,
   0.500000000000000));
#337=CARTESIAN_POINT('F54',(15.330000000000000,-2.435192378864700,
   0.500000000000000));
#338=CARTESIAN_POINT('F54',(14.880000000000001,-2.175384757729400,
   0.500000000000000));
#339=CARTESIAN_POINT('F54',(14.880000000000001,-2.695000000000000,
   0.500000000000000));
#347=(BOUNDED_SURFACE()B_SPLINE_SURFACE(2,1,((#326,#333),(#327,
   #334),(#328,#335),(#329,#336),(#330,#337),(#331,#338),(
   #332,#339)),.CYLINDRICAL_SURF.,.T.,.F.,.U.)
   B_SPLINE_SURFACE_WITH_KNOTS((3,2,2,3),(2,2),(0.0,
   0.333333333333330,0.666666666666670,1.0),(0.0,3.271651525407900),
   .UNSPECIFIED.)GEOMETRIC_REPRESENTATION_ITEM()
   RATIONAL_B_SPLINE_SURFACE(((1.0,1.0),(0.500000000000000,
   0.500000000000000),(1.0,1.0),(0.500000000000000,
   0.500000000000000),(1.0,1.0),(0.500000000000000,
   0.500000000000000),(1.0,1.0)))REPRESENTATION_ITEM('F54')SURFACE(
   ));
#348=CARTESIAN_POINT('V89',(14.880000000000001,-2.695000000000000,
   -5.700000000000000));
#349=VERTEX_POINT('V89',#348);
#350=CARTESIAN_POINT('E127',(14.880000000000001,-2.695000000000000,
   -5.700000000000000));
#351=CARTESIAN_POINT('E127',(14.880000000000001,-3.214615242270700,
   -5.700000000000000));
#352=CARTESIAN_POINT('E127',(15.330000000000000,-2.954807621135300,
   -5.700000000000000));
#353=CARTESIAN_POINT('E127',(15.779999999999999,-2.695000000000000,
   -5.700000000000000));
#354=CARTESIAN_POINT('E127',(15.330000000000000,-2.435192378864700,
   -5.700000000000000));
#355=CARTESIAN_POINT('E127',(14.880000000000001,-2.175384757729300,
   -5.700000000000000));
#356=CARTESIAN_POINT('E127',(14.880000000000001,-2.695000000000000,
   -5.700000000000000));
#364=(BOUNDED_CURVE()B_SPLINE_CURVE(2,(#350,#351,#352,#353,#354,
   #355,#356),.CIRCULAR_ARC.,.T.,.U.)B_SPLINE_CURVE_WITH_KNOTS((3,
   2,2,3),(0.0,0.333333333333330,0.666666666666670,1.0),
   .UNSPECIFIED.)CURVE()GEOMETRIC_REPRESENTATION_ITEM()
   RATIONAL_B_SPLINE_CURVE((1.0,0.500000000000000,1.0,
   0.500000000000000,1.0,0.500000000000000,1.0))REPRESENTATION_ITEM(
   'E127'));
#365=EDGE_CURVE('E127',#349,#349,#364,.T.);
#366=ORIENTED_EDGE('E127',*,*,#365,.F.);
#367=CARTESIAN_POINT('E128',(14.880000000000001,-2.695000000000000,
   -9.700000000000001));
#368=CARTESIAN_POINT('E128',(14.880000000000001,-2.695000000000000,
   -5.700000000000000));
#369=B_SPLINE_CURVE_WITH_KNOTS('E128',1,(#367,#368),.POLYLINE_FORM.,
   .F.,.U.,(2,2),(0.0,1.283000598199200),.UNSPECIFIED.);
#370=EDGE_CURVE('E128',#305,#349,#369,.T.);
#371=ORIENTED_EDGE('E128',*,*,#370,.F.);
#372=ORIENTED_EDGE('F47',*,*,#321,.T.);
#373=ORIENTED_EDGE('E128',*,*,#370,.T.);
#374=EDGE_LOOP('F54',(#366,#371,#372,#373));
#375=FACE_OUTER_BOUND('F54',#374,.T.);
#376=ADVANCED_FACE('F54',(#375),#347,.T.);
#377=CARTESIAN_POINT('F82',(-23.023945178540998,-4.515000000000000,
   -9.060000000000000));
#378=CARTESIAN_POINT('F82',(-21.631716896259999,-4.515000000000000,
   -9.060000000000000));
#379=CARTESIAN_POINT('F82',(-23.023945178540998,-4.515000000000000,
   -5.540000000000000));
#380=CARTESIAN_POINT('F82',(-21.631716896259999,-4.515000000000000,
   -5.540000000000000));
#381=QUASI_UNIFORM_SURFACE('F82',1,1,((#377,#379),(#378,#380)),
   .PLANE_SURF.,.F.,.F.,.U.);
#382=CARTESIAN_POINT('V124',(-22.960662074801000,-4.515000000000000,
   -5.700000000000000));
#383=VERTEX_POINT('V124',#382);
#384=CARTESIAN_POINT('V127',(-22.320000000000000,-4.515000000000000,
   -5.700000000000000));
#385=VERTEX_POINT('V127',#384);
#386=CARTESIAN_POINT('E197',(-22.960662074801000,-4.515000000000000,
   -5.700000000000000));
#387=CARTESIAN_POINT('E197',(-22.320000000000000,-4.515000000000000,
   -5.700000000000000));
#388=QUASI_UNIFORM_CURVE('E197',1,(#386,#387),.POLYLINE_FORM.,.F.,
   .U.);
#389=EDGE_CURVE('E197',#383,#385,#388,.T.);
#390=ORIENTED_EDGE('E197',*,*,#389,.F.);
#391=CARTESIAN_POINT('V123',(-22.620000000000001,-4.515000000000000,
   -7.800000000000000));
#392=VERTEX_POINT('V123',#391);
#393=CARTESIAN_POINT('E183',(-22.620000000000001,-4.515000000000000,
   -7.800000000000000));
#394=CARTESIAN_POINT('E183',(-22.960662074801000,-4.515000000000000,
   -5.700000000000000));
#395=B_SPLINE_CURVE_WITH_KNOTS('E183',1,(#393,#394),.POLYLINE_FORM.,
   .F.,.U.,(2,2),(0.0,2.659314599551400),.UNSPECIFIED.);
#396=EDGE_CURVE('E183',#392,#383,#395,.T.);
#397=ORIENTED_EDGE('E183',*,*,#396,.F.);
#398=CARTESIAN_POINT('V137',(-22.620000000000001,-4.515000000000000,
   -8.900000000000000));
#399=VERTEX_POINT('V137',#398);
#400=CARTESIAN_POINT('E198',(-22.620000000000001,-4.515000000000000,
   -8.900000000000000));
#401=CARTESIAN_POINT('E198',(-22.620000000000001,-4.515000000000000,
   -7.800000000000000));
#402=B_SPLINE_CURVE_WITH_KNOTS('E198',1,(#400,#401),.POLYLINE_FORM.,
   .F.,.U.,(2,2),(0.0,1.375000000000000),.UNSPECIFIED.);
#403=EDGE_CURVE('E198',#399,#392,#402,.T.);
#404=ORIENTED_EDGE('E198',*,*,#403,.F.);
#405=CARTESIAN_POINT('V138',(-21.971016678232001,-4.515000000000000,
   -8.466363208028501));
#406=VERTEX_POINT('V138',#405);
#407=CARTESIAN_POINT('E199',(-21.971016678232001,-4.515000000000000,
   -8.466363208028501));
#408=CARTESIAN_POINT('E199',(-22.150634918609999,-4.515000000000000,
   -8.900000000000000));
#409=CARTESIAN_POINT('E199',(-22.620000000000001,-4.515000000000000,
   -8.900000000000000));
#417=(BOUNDED_CURVE()B_SPLINE_CURVE(2,(#407,#408,#409),
   .CIRCULAR_ARC.,.F.,.U.)B_SPLINE_CURVE_WITH_KNOTS((3,3),(0.0,
   1.173412703474600),.UNSPECIFIED.)CURVE()
   GEOMETRIC_REPRESENTATION_ITEM()RATIONAL_B_SPLINE_CURVE((1.0,
   0.831469612302550,1.0))REPRESENTATION_ITEM('E199'));
#418=EDGE_CURVE('E199',#406,#399,#417,.T.);
#419=ORIENTED_EDGE('E199',*,*,#418,.F.);
#420=CARTESIAN_POINT('V139',(-21.695000000000000,-4.515000000000000,
   -7.800000000000000));
#421=VERTEX_POINT('V139',#420);
#422=CARTESIAN_POINT('E200',(-21.695000000000000,-4.515000000000000,
   -7.800000000000000));
#423=CARTESIAN_POINT('E200',(-21.971016678232001,-4.515000000000000,
   -8.466363208028501));
#424=QUASI_UNIFORM_CURVE('E200',1,(#422,#423),.POLYLINE_FORM.,.F.,
   .U.);
#425=EDGE_CURVE('E200',#421,#406,#424,.T.);
#426=ORIENTED_EDGE('E200',*,*,#425,.F.);
#427=CARTESIAN_POINT('V128',(-22.320000000000000,-4.515000000000000,
   -6.082826612840800));
#428=VERTEX_POINT('V128',#427);
#429=CARTESIAN_POINT('E201',(-22.320000000000000,-4.515000000000000,
   -6.082826612840800));
#430=CARTESIAN_POINT('E201',(-21.695000000000000,-4.515000000000000,
   -7.800000000000000));
#431=B_SPLINE_CURVE_WITH_KNOTS('E201',1,(#429,#430),.POLYLINE_FORM.,
   .F.,.U.,(2,2),(0.0,2.284222187627500),.UNSPECIFIED.);
#432=EDGE_CURVE('E201',#428,#421,#431,.T.);
#433=ORIENTED_EDGE('E201',*,*,#432,.F.);
#434=CARTESIAN_POINT('E187',(-22.320000000000000,-4.515000000000000,
   -5.700000000000000));
#435=CARTESIAN_POINT('E187',(-22.320000000000000,-4.515000000000000,
   -6.082826612840800));
#436=QUASI_UNIFORM_CURVE('E187',1,(#434,#435),.POLYLINE_FORM.,.F.,
   .U.);
#437=EDGE_CURVE('E187',#385,#428,#436,.T.);
#438=ORIENTED_EDGE('E187',*,*,#437,.F.);
#439=EDGE_LOOP('F82',(#390,#397,#404,#419,#426,#433,#438));
#440=FACE_OUTER_BOUND('F82',#439,.T.);
#441=ADVANCED_FACE('F82',(#440),#381,.T.);
#442=CARTESIAN_POINT('F79',(-22.320000000000000,-3.715000000000000,
   -6.082826612840800));
#443=CARTESIAN_POINT('F79',(-22.320000000000000,-3.715000000000000,
   -5.700000000000000));
#444=CARTESIAN_POINT('F79',(-22.320000000000000,-4.515000000000000,
   -6.082826612840800));
#445=CARTESIAN_POINT('F79',(-22.320000000000000,-4.515000000000000,
   -5.700000000000000));
#446=B_SPLINE_SURFACE_WITH_KNOTS('F79',1,1,((#442,#444),(#443,
   #445)),.PLANE_SURF.,.F.,.F.,.U.,(2,2),(2,2),(0.0,1.0),(0.0,
   2.089718878380900),.UNSPECIFIED.);
#447=CARTESIAN_POINT('V125',(-22.320000000000000,-3.715000000000000,
   -6.082826612840800));
#448=VERTEX_POINT('V125',#447);
#449=CARTESIAN_POINT('V126',(-22.320000000000000,-3.715000000000000,
   -5.700000000000000));
#450=VERTEX_POINT('V126',#449);
#451=CARTESIAN_POINT('E185',(-22.320000000000000,-3.715000000000000,
   -6.082826612840800));
#452=CARTESIAN_POINT('E185',(-22.320000000000000,-3.715000000000000,
   -5.700000000000000));
#453=QUASI_UNIFORM_CURVE('E185',1,(#451,#452),.POLYLINE_FORM.,.F.,
   .U.);
#454=EDGE_CURVE('E185',#448,#450,#453,.T.);
#455=ORIENTED_EDGE('E185',*,*,#454,.T.);
#456=CARTESIAN_POINT('E186',(-22.320000000000000,-4.515000000000000,
   -5.700000000000000));
#457=CARTESIAN_POINT('E186',(-22.320000000000000,-3.715000000000000,
   -5.700000000000000));
#458=B_SPLINE_CURVE_WITH_KNOTS('E186',1,(#456,#457),.POLYLINE_FORM.,
   .F.,.U.,(2,2),(0.0,2.089718878380900),.UNSPECIFIED.);
#459=EDGE_CURVE('E186',#385,#450,#458,.T.);
#460=ORIENTED_EDGE('E186',*,*,#459,.F.);
#461=ORIENTED_EDGE('F82',*,*,#437,.T.);
#462=CARTESIAN_POINT('E188',(-22.320000000000000,-3.715000000000000,
   -6.082826612840800));
#463=CARTESIAN_POINT('E188',(-22.320000000000000,-4.515000000000000,
   -6.082826612840800));
#464=QUASI_UNIFORM_CURVE('E188',1,(#462,#463),.POLYLINE_FORM.,.F.,
   .U.);
#465=EDGE_CURVE('E188',#448,#428,#464,.T.);
#466=ORIENTED_EDGE('E188',*,*,#465,.F.);
#467=EDGE_LOOP('F79',(#455,#460,#461,#466));
#468=FACE_OUTER_BOUND('F79',#467,.T.);
#469=ADVANCED_FACE('F79',(#468),#446,.T.);
#470=CARTESIAN_POINT('F89',(-21.695000000000000,-3.715000000000000,
   -7.800000000000000));
#471=CARTESIAN_POINT('F89',(-22.320000000000000,-3.715000000000000,
   -6.082826612840800));
#472=CARTESIAN_POINT('F89',(-21.695000000000000,-4.515000000000000,
   -7.800000000000000));
#473=CARTESIAN_POINT('F89',(-22.320000000000000,-4.515000000000000,
   -6.082826612840800));
#474=B_SPLINE_SURFACE_WITH_KNOTS('F89',1,1,((#470,#472),(#471,
   #473)),.PLANE_SURF.,.F.,.F.,.U.,(2,2),(2,2),(0.0,
   2.284222187627500),(0.0,1.0),.UNSPECIFIED.);
#475=CARTESIAN_POINT('V140',(-21.695000000000000,-3.715000000000000,
   -7.800000000000000));
#476=VERTEX_POINT('V140',#475);
#477=CARTESIAN_POINT('E203',(-21.695000000000000,-3.715000000000000,
   -7.800000000000000));
#478=CARTESIAN_POINT('E203',(-22.320000000000000,-3.715000000000000,
   -6.082826612840800));
#479=B_SPLINE_CURVE_WITH_KNOTS('E203',1,(#477,#478),.POLYLINE_FORM.,
   .F.,.U.,(2,2),(0.0,2.284222187627500),.UNSPECIFIED.);
#480=EDGE_CURVE('E203',#476,#448,#479,.T.);
#481=ORIENTED_EDGE('E203',*,*,#480,.T.);
#482=ORIENTED_EDGE('F79',*,*,#465,.T.);
#483=ORIENTED_EDGE('E201',*,*,#432,.T.);
#484=CARTESIAN_POINT('E219',(-21.695000000000000,-3.715000000000000,
   -7.800000000000000));
#485=CARTESIAN_POINT('E219',(-21.695000000000000,-4.515000000000000,
   -7.800000000000000));
#486=B_SPLINE_CURVE_WITH_KNOTS('E219',1,(#484,#485),.POLYLINE_FORM.,
   .F.,.U.,(2,2),(0.0,1.109160315432000),.UNSPECIFIED.);
#487=EDGE_CURVE('E219',#476,#421,#486,.T.);
#488=ORIENTED_EDGE('E219',*,*,#487,.F.);
#489=EDGE_LOOP('F89',(#481,#482,#483,#488));
#490=FACE_OUTER_BOUND('F89',#489,.T.);
#491=ADVANCED_FACE('F89',(#490),#474,.T.);
#492=CARTESIAN_POINT('F88',(-21.971016678232001,-3.715000000000000,
   -8.466363208028501));
#493=CARTESIAN_POINT('F88',(-21.695000000000000,-3.715000000000000,
   -7.800000000000000));
#494=CARTESIAN_POINT('F88',(-21.971016678232001,-4.515000000000000,
   -8.466363208028501));
#495=CARTESIAN_POINT('F88',(-21.695000000000000,-4.515000000000000,
   -7.800000000000000));
#496=B_SPLINE_SURFACE_WITH_KNOTS('F88',1,1,((#492,#494),(#493,
   #495)),.PLANE_SURF.,.F.,.F.,.U.,(2,2),(2,2),(0.0,1.0),(0.0,
   1.109160315432000),.UNSPECIFIED.);
#497=CARTESIAN_POINT('V141',(-21.971016678232001,-3.715000000000000,
   -8.466363208028501));
#498=VERTEX_POINT('V141',#497);
#499=CARTESIAN_POINT('E204',(-21.971016678232001,-3.715000000000000,
   -8.466363208028501));
#500=CARTESIAN_POINT('E204',(-21.695000000000000,-3.715000000000000,
   -7.800000000000000));
#501=QUASI_UNIFORM_CURVE('E204',1,(#499,#500),.POLYLINE_FORM.,.F.,
   .U.);
#502=EDGE_CURVE('E204',#498,#476,#501,.T.);
#503=ORIENTED_EDGE('E204',*,*,#502,.T.);
#504=ORIENTED_EDGE('F89',*,*,#487,.T.);
#505=ORIENTED_EDGE('E200',*,*,#425,.T.);
#506=CARTESIAN_POINT('E218',(-21.971016678232001,-3.715000000000000,
   -8.466363208028501));
#507=CARTESIAN_POINT('E218',(-21.971016678232001,-4.515000000000000,
   -8.466363208028501));
#508=QUASI_UNIFORM_CURVE('E218',1,(#506,#507),.POLYLINE_FORM.,.F.,
   .U.);
#509=EDGE_CURVE('E218',#498,#406,#508,.T.);
#510=ORIENTED_EDGE('E218',*,*,#509,.F.);
#511=EDGE_LOOP('F88',(#503,#504,#505,#510));
#512=FACE_OUTER_BOUND('F88',#511,.T.);
#513=ADVANCED_FACE('F88',(#512),#496,.T.);
#514=CARTESIAN_POINT('F87',(-22.620000000000001,-3.715000000000000,
   -8.900000000000000));
#515=CARTESIAN_POINT('F87',(-22.150634918610020,-3.715000000000032,
   -8.900000000000006));
#516=CARTESIAN_POINT('F87',(-21.971016678232001,-3.715000000000000,
   -8.466363208028501));
#517=CARTESIAN_POINT('F87',(-22.620000000000001,-4.515000000000000,
   -8.900000000000000));
#518=CARTESIAN_POINT('F87',(-22.150634918610020,-4.514999999999984,
   -8.900000000000006));
#519=CARTESIAN_POINT('F87',(-21.971016678232001,-4.515000000000000,
   -8.466363208028501));
#527=(BOUNDED_SURFACE()B_SPLINE_SURFACE(2,1,((#514,#517),(#515,
   #518),(#516,#519)),.CYLINDRICAL_SURF.,.F.,.F.,.U.)
   B_SPLINE_SURFACE_WITH_KNOTS((3,3),(2,2),(0.0,
   1.173412703474600),(0.0,1.0),.UNSPECIFIED.)
   GEOMETRIC_REPRESENTATION_ITEM()RATIONAL_B_SPLINE_SURFACE(((1.0,
   1.0),(0.831469612302550,0.831469612302550),(1.0,1.0)))
   REPRESENTATION_ITEM('F87')SURFACE());
#528=CARTESIAN_POINT('V142',(-22.620000000000001,-3.715000000000000,
   -8.900000000000000));
#529=VERTEX_POINT('V142',#528);
#530=CARTESIAN_POINT('E205',(-22.620000000000001,-3.715000000000000,
   -8.900000000000000));
#531=CARTESIAN_POINT('E205',(-22.150634918609999,-3.715000000000000,
   -8.900000000000000));
#532=CARTESIAN_POINT('E205',(-21.971016678232001,-3.715000000000000,
   -8.466363208028501));
#540=(BOUNDED_CURVE()B_SPLINE_CURVE(2,(#530,#531,#532),
   .CIRCULAR_ARC.,.F.,.U.)B_SPLINE_CURVE_WITH_KNOTS((3,3),(0.0,
   1.173412703474600),.UNSPECIFIED.)CURVE()
   GEOMETRIC_REPRESENTATION_ITEM()RATIONAL_B_SPLINE_CURVE((1.0,
   0.831469612302550,1.0))REPRESENTATION_ITEM('E205'));
#541=EDGE_CURVE('E205',#529,#498,#540,.T.);
#542=ORIENTED_EDGE('E205',*,*,#541,.T.);
#543=ORIENTED_EDGE('F88',*,*,#509,.T.);
#544=ORIENTED_EDGE('E199',*,*,#418,.T.);
#545=CARTESIAN_POINT('E217',(-22.620000000000001,-3.715000000000000,
   -8.900000000000000));
#546=CARTESIAN_POINT('E217',(-22.620000000000001,-4.515000000000000,
   -8.900000000000000));
#547=QUASI_UNIFORM_CURVE('E217',1,(#545,#546),.POLYLINE_FORM.,.F.,
   .U.);
#548=EDGE_CURVE('E217',#529,#399,#547,.T.);
#549=ORIENTED_EDGE('E217',*,*,#548,.F.);
#550=EDGE_LOOP('F87',(#542,#543,#544,#549));
#551=FACE_OUTER_BOUND('F87',#550,.T.);
#552=ADVANCED_FACE('F87',(#551),#527,.T.);
#553=CARTESIAN_POINT('F86',(-22.620000000000001,-3.715000000000000,
   -7.800000000000000));
#554=CARTESIAN_POINT('F86',(-22.620000000000001,-3.715000000000000,
   -8.900000000000000));
#555=CARTESIAN_POINT('F86',(-22.620000000000001,-4.515000000000000,
   -7.800000000000000));
#556=CARTESIAN_POINT('F86',(-22.620000000000001,-4.515000000000000,
   -8.900000000000000));
#557=B_SPLINE_SURFACE_WITH_KNOTS('F86',1,1,((#553,#555),(#554,
   #556)),.PLANE_SURF.,.F.,.F.,.U.,(2,2),(2,2),(0.0,
   1.375000000000000),(0.0,1.0),.UNSPECIFIED.);
#558=CARTESIAN_POINT('V122',(-22.620000000000001,-3.715000000000000,
   -7.800000000000000));
#559=VERTEX_POINT('V122',#558);
#560=CARTESIAN_POINT('E206',(-22.620000000000001,-3.715000000000000,
   -7.800000000000000));
#561=CARTESIAN_POINT('E206',(-22.620000000000001,-3.715000000000000,
   -8.900000000000000));
#562=B_SPLINE_CURVE_WITH_KNOTS('E206',1,(#560,#561),.POLYLINE_FORM.,
   .F.,.U.,(2,2),(0.0,1.375000000000000),.UNSPECIFIED.);
#563=EDGE_CURVE('E206',#559,#529,#562,.T.);
#564=ORIENTED_EDGE('E206',*,*,#563,.T.);
#565=ORIENTED_EDGE('F87',*,*,#548,.T.);
#566=ORIENTED_EDGE('E198',*,*,#403,.T.);
#567=CARTESIAN_POINT('E182',(-22.620000000000001,-3.715000000000000,
   -7.800000000000000));
#568=CARTESIAN_POINT('E182',(-22.620000000000001,-4.515000000000000,
   -7.800000000000000));
#569=QUASI_UNIFORM_CURVE('E182',1,(#567,#568),.POLYLINE_FORM.,.F.,
   .U.);
#570=EDGE_CURVE('E182',#559,#392,#569,.T.);
#571=ORIENTED_EDGE('E182',*,*,#570,.F.);
#572=EDGE_LOOP('F86',(#564,#565,#566,#571));
#573=FACE_OUTER_BOUND('F86',#572,.T.);
#574=ADVANCED_FACE('F86',(#573),#557,.T.);
#575=CARTESIAN_POINT('F78',(-22.960662074801000,-3.715000000000000,
   -5.700000000000000));
#576=CARTESIAN_POINT('F78',(-22.620000000000001,-3.715000000000000,
   -7.800000000000000));
#577=CARTESIAN_POINT('F78',(-22.960662074801000,-4.515000000000000,
   -5.700000000000000));
#578=CARTESIAN_POINT('F78',(-22.620000000000001,-4.515000000000000,
   -7.800000000000000));
#579=B_SPLINE_SURFACE_WITH_KNOTS('F78',1,1,((#575,#577),(#576,
   #578)),.PLANE_SURF.,.F.,.F.,.U.,(2,2),(2,2),(0.0,
   2.659314599551400),(0.0,1.0),.UNSPECIFIED.);
#580=CARTESIAN_POINT('V121',(-22.960662074801000,-3.715000000000000,
   -5.700000000000000));
#581=VERTEX_POINT('V121',#580);
#582=CARTESIAN_POINT('E181',(-22.960662074801000,-3.715000000000000,
   -5.700000000000000));
#583=CARTESIAN_POINT('E181',(-22.620000000000001,-3.715000000000000,
   -7.800000000000000));
#584=B_SPLINE_CURVE_WITH_KNOTS('E181',1,(#582,#583),.POLYLINE_FORM.,
   .F.,.U.,(2,2),(0.0,2.659314599551400),.UNSPECIFIED.);
#585=EDGE_CURVE('E181',#581,#559,#584,.T.);
#586=ORIENTED_EDGE('E181',*,*,#585,.T.);
#587=ORIENTED_EDGE('F86',*,*,#570,.T.);
#588=ORIENTED_EDGE('E183',*,*,#396,.T.);
#589=CARTESIAN_POINT('E184',(-22.960662074801000,-3.715000000000000,
   -5.700000000000000));
#590=CARTESIAN_POINT('E184',(-22.960662074801000,-4.515000000000000,
   -5.700000000000000));
#591=QUASI_UNIFORM_CURVE('E184',1,(#589,#590),.POLYLINE_FORM.,.F.,
   .U.);
#592=EDGE_CURVE('E184',#581,#383,#591,.T.);
#593=ORIENTED_EDGE('E184',*,*,#592,.F.);
#594=EDGE_LOOP('F78',(#586,#587,#588,#593));
#595=FACE_OUTER_BOUND('F78',#594,.T.);
#596=ADVANCED_FACE('F78',(#595),#579,.T.);
#597=CARTESIAN_POINT('F83',(-23.023945178540998,-3.715000000000000,
   -5.540000000000000));
#598=CARTESIAN_POINT('F83',(-21.631716896259999,-3.715000000000000,
   -5.540000000000000));
#599=CARTESIAN_POINT('F83',(-23.023945178540998,-3.715000000000000,
   -9.060000000000000));
#600=CARTESIAN_POINT('F83',(-21.631716896259999,-3.715000000000000,
   -9.060000000000000));
#601=QUASI_UNIFORM_SURFACE('F83',1,1,((#597,#599),(#598,#600)),
   .PLANE_SURF.,.F.,.F.,.U.);
#602=ORIENTED_EDGE('E181',*,*,#585,.F.);
#603=CARTESIAN_POINT('E202',(-22.320000000000000,-3.715000000000000,
   -5.700000000000000));
#604=CARTESIAN_POINT('E202',(-22.960662074801000,-3.715000000000000,
   -5.700000000000000));
#605=QUASI_UNIFORM_CURVE('E202',1,(#603,#604),.POLYLINE_FORM.,.F.,
   .U.);
#606=EDGE_CURVE('E202',#450,#581,#605,.T.);
#607=ORIENTED_EDGE('E202',*,*,#606,.F.);
#608=ORIENTED_EDGE('E185',*,*,#454,.F.);
#609=ORIENTED_EDGE('E203',*,*,#480,.F.);
#610=ORIENTED_EDGE('E204',*,*,#502,.F.);
#611=ORIENTED_EDGE('E205',*,*,#541,.F.);
#612=ORIENTED_EDGE('E206',*,*,#563,.F.);
#613=EDGE_LOOP('F83',(#602,#607,#608,#609,#610,#611,#612));
#614=FACE_OUTER_BOUND('F83',#613,.T.);
#615=ADVANCED_FACE('F83',(#614),#601,.T.);
#616=CARTESIAN_POINT('F93',(-24.420000000000002,-3.715000000000000,
   -8.900000000000000));
#617=CARTESIAN_POINT('F93',(-24.420000000000002,-3.715000000000000,
   -7.800000000000000));
#618=CARTESIAN_POINT('F93',(-24.420000000000002,-4.515000000000000,
   -8.900000000000000));
#619=CARTESIAN_POINT('F93',(-24.420000000000002,-4.515000000000000,
   -7.800000000000000));
#620=B_SPLINE_SURFACE_WITH_KNOTS('F93',1,1,((#616,#618),(#617,
   #619)),.PLANE_SURF.,.F.,.F.,.U.,(2,2),(2,2),(0.0,
   1.375000000000000),(0.0,1.0),.UNSPECIFIED.);
#621=CARTESIAN_POINT('V146',(-24.420000000000002,-3.715000000000000,
   -8.900000000000000));
#622=VERTEX_POINT('V146',#621);
#623=CARTESIAN_POINT('V133',(-24.420000000000002,-3.715000000000000,
   -7.800000000000000));
#624=VERTEX_POINT('V133',#623);
#625=CARTESIAN_POINT('E213',(-24.420000000000002,-3.715000000000000,
   -8.900000000000000));
#626=CARTESIAN_POINT('E213',(-24.420000000000002,-3.715000000000000,
   -7.800000000000000));
#627=B_SPLINE_CURVE_WITH_KNOTS('E213',1,(#625,#626),.POLYLINE_FORM.,
   .F.,.U.,(2,2),(0.0,1.375000000000000),.UNSPECIFIED.);
#628=EDGE_CURVE('E213',#622,#624,#627,.T.);
#629=ORIENTED_EDGE('E213',*,*,#628,.T.);
#630=CARTESIAN_POINT('V136',(-24.420000000000002,-4.515000000000000,
   -7.800000000000000));
#631=VERTEX_POINT('V136',#630);
#632=CARTESIAN_POINT('E196',(-24.420000000000002,-3.715000000000000,
   -7.800000000000000));
#633=CARTESIAN_POINT('E196',(-24.420000000000002,-4.515000000000000,
   -7.800000000000000));
#634=QUASI_UNIFORM_CURVE('E196',1,(#632,#633),.POLYLINE_FORM.,.F.,
   .U.);
#635=EDGE_CURVE('E196',#624,#631,#634,.T.);
#636=ORIENTED_EDGE('E196',*,*,#635,.T.);
#637=CARTESIAN_POINT('V145',(-24.420000000000002,-4.515000000000000,
   -8.900000000000000));
#638=VERTEX_POINT('V145',#637);
#639=CARTESIAN_POINT('E211',(-24.420000000000002,-4.515000000000000,
   -7.800000000000000));
#640=CARTESIAN_POINT('E211',(-24.420000000000002,-4.515000000000000,
   -8.900000000000000));
#641=B_SPLINE_CURVE_WITH_KNOTS('E211',1,(#639,#640),.POLYLINE_FORM.,
   .F.,.U.,(2,2),(0.0,1.375000000000000),.UNSPECIFIED.);
#642=EDGE_CURVE('E211',#631,#638,#641,.T.);
#643=ORIENTED_EDGE('E211',*,*,#642,.T.);
#644=CARTESIAN_POINT('E222',(-24.420000000000002,-3.715000000000000,
   -8.900000000000000));
#645=CARTESIAN_POINT('E222',(-24.420000000000002,-4.515000000000000,
   -8.900000000000000));
#646=QUASI_UNIFORM_CURVE('E222',1,(#644,#645),.POLYLINE_FORM.,.F.,
   .U.);
#647=EDGE_CURVE('E222',#622,#638,#646,.T.);
#648=ORIENTED_EDGE('E222',*,*,#647,.F.);
#649=EDGE_LOOP('F93',(#629,#636,#643,#648));
#650=FACE_OUTER_BOUND('F93',#649,.T.);
#651=ADVANCED_FACE('F93',(#650),#620,.T.);
#652=CARTESIAN_POINT('F92',(-25.068983321769000,-3.715000000000000,
   -8.466363208028000));
#653=CARTESIAN_POINT('F92',(-24.889365081390643,-3.714999999999943,
   -8.900000000000032));
#654=CARTESIAN_POINT('F92',(-24.420000000000002,-3.715000000000000,
   -8.900000000000000));
#655=CARTESIAN_POINT('F92',(-25.068983321769000,-4.515000000000000,
   -8.466363208028000));
#656=CARTESIAN_POINT('F92',(-24.889365081390643,-4.514999999999995,
   -8.900000000000032));
#657=CARTESIAN_POINT('F92',(-24.420000000000002,-4.515000000000000,
   -8.900000000000000));
#665=(BOUNDED_SURFACE()B_SPLINE_SURFACE(2,1,((#652,#655),(#653,
   #656),(#654,#657)),.CYLINDRICAL_SURF.,.F.,.F.,.U.)
   B_SPLINE_SURFACE_WITH_KNOTS((3,3),(2,2),(0.0,
   1.173412703475700),(0.0,1.0),.UNSPECIFIED.)
   GEOMETRIC_REPRESENTATION_ITEM()RATIONAL_B_SPLINE_SURFACE(((1.0,
   1.0),(0.831469612302570,0.831469612302570),(1.0,1.0)))
   REPRESENTATION_ITEM('F92')SURFACE());
#666=CARTESIAN_POINT('V147',(-25.068983321769000,-3.715000000000000,
   -8.466363208028000));
#667=VERTEX_POINT('V147',#666);
#668=CARTESIAN_POINT('E214',(-25.068983321769000,-3.715000000000000,
   -8.466363208028000));
#669=CARTESIAN_POINT('E214',(-24.889365081390000,-3.715000000000000,
   -8.900000000000000));
#670=CARTESIAN_POINT('E214',(-24.420000000000002,-3.715000000000000,
   -8.900000000000000));
#678=(BOUNDED_CURVE()B_SPLINE_CURVE(2,(#668,#669,#670),
   .CIRCULAR_ARC.,.F.,.U.)B_SPLINE_CURVE_WITH_KNOTS((3,3),(0.0,
   1.173412703475700),.UNSPECIFIED.)CURVE()
   GEOMETRIC_REPRESENTATION_ITEM()RATIONAL_B_SPLINE_CURVE((1.0,
   0.831469612302570,1.0))REPRESENTATION_ITEM('E214'));
#679=EDGE_CURVE('E214',#667,#622,#678,.T.);
#680=ORIENTED_EDGE('E214',*,*,#679,.T.);
#681=ORIENTED_EDGE('F93',*,*,#647,.T.);
#682=CARTESIAN_POINT('V144',(-25.068983321769000,-4.515000000000000,
   -8.466363208028000));
#683=VERTEX_POINT('V144',#682);
#684=CARTESIAN_POINT('E210',(-24.420000000000002,-4.515000000000000,
   -8.900000000000000));
#685=CARTESIAN_POINT('E210',(-24.889365081390000,-4.515000000000000,
   -8.900000000000000));
#686=CARTESIAN_POINT('E210',(-25.068983321769000,-4.515000000000000,
   -8.466363208028000));
#694=(BOUNDED_CURVE()B_SPLINE_CURVE(2,(#684,#685,#686),
   .CIRCULAR_ARC.,.F.,.U.)B_SPLINE_CURVE_WITH_KNOTS((3,3),(0.0,
   1.173412703475700),.UNSPECIFIED.)CURVE()
   GEOMETRIC_REPRESENTATION_ITEM()RATIONAL_B_SPLINE_CURVE((1.0,
   0.831469612302570,1.0))REPRESENTATION_ITEM('E210'));
#695=EDGE_CURVE('E210',#638,#683,#694,.T.);
#696=ORIENTED_EDGE('E210',*,*,#695,.T.);
#697=CARTESIAN_POINT('E221',(-25.068983321769000,-3.715000000000000,
   -8.466363208028000));
#698=CARTESIAN_POINT('E221',(-25.068983321769000,-4.515000000000000,
   -8.466363208028000));
#699=B_SPLINE_CURVE_WITH_KNOTS('E221',1,(#697,#698),.POLYLINE_FORM.,
   .F.,.U.,(2,2),(0.0,1.109160315433000),.UNSPECIFIED.);
#700=EDGE_CURVE('E221',#667,#683,#699,.T.);
#701=ORIENTED_EDGE('E221',*,*,#700,.F.);
#702=EDGE_LOOP('F92',(#680,#681,#696,#701));
#703=FACE_OUTER_BOUND('F92',#702,.T.);
#704=ADVANCED_FACE('F92',(#703),#665,.T.);
#705=CARTESIAN_POINT('F91',(-25.344999999999999,-3.715000000000000,
   -7.800000000000000));
#706=CARTESIAN_POINT('F91',(-25.068983321769000,-3.715000000000000,
   -8.466363208028000));
#707=CARTESIAN_POINT('F91',(-25.344999999999999,-4.515000000000000,
   -7.800000000000000));
#708=CARTESIAN_POINT('F91',(-25.068983321769000,-4.515000000000000,
   -8.466363208028000));
#709=B_SPLINE_SURFACE_WITH_KNOTS('F91',1,1,((#705,#707),(#706,
   #708)),.PLANE_SURF.,.F.,.F.,.U.,(2,2),(2,2),(0.0,1.0),(0.0,
   1.109160315433000),.UNSPECIFIED.);
#710=CARTESIAN_POINT('V148',(-25.344999999999999,-3.715000000000000,
   -7.800000000000000));
#711=VERTEX_POINT('V148',#710);
#712=CARTESIAN_POINT('E215',(-25.344999999999999,-3.715000000000000,
   -7.800000000000000));
#713=CARTESIAN_POINT('E215',(-25.068983321769000,-3.715000000000000,
   -8.466363208028000));
#714=QUASI_UNIFORM_CURVE('E215',1,(#712,#713),.POLYLINE_FORM.,.F.,
   .U.);
#715=EDGE_CURVE('E215',#711,#667,#714,.T.);
#716=ORIENTED_EDGE('E215',*,*,#715,.T.);
#717=ORIENTED_EDGE('F92',*,*,#700,.T.);
#718=CARTESIAN_POINT('V143',(-25.344999999999999,-4.515000000000000,
   -7.800000000000000));
#719=VERTEX_POINT('V143',#718);
#720=CARTESIAN_POINT('E209',(-25.068983321769000,-4.515000000000000,
   -8.466363208028000));
#721=CARTESIAN_POINT('E209',(-25.344999999999999,-4.515000000000000,
   -7.800000000000000));
#722=QUASI_UNIFORM_CURVE('E209',1,(#720,#721),.POLYLINE_FORM.,.F.,
   .U.);
#723=EDGE_CURVE('E209',#683,#719,#722,.T.);
#724=ORIENTED_EDGE('E209',*,*,#723,.T.);
#725=CARTESIAN_POINT('E220',(-25.344999999999999,-3.715000000000000,
   -7.800000000000000));
#726=CARTESIAN_POINT('E220',(-25.344999999999999,-4.515000000000000,
   -7.800000000000000));
#727=QUASI_UNIFORM_CURVE('E220',1,(#725,#726),.POLYLINE_FORM.,.F.,
   .U.);
#728=EDGE_CURVE('E220',#711,#719,#727,.T.);
#729=ORIENTED_EDGE('E220',*,*,#728,.F.);
#730=EDGE_LOOP('F91',(#716,#717,#724,#729));
#731=FACE_OUTER_BOUND('F91',#730,.T.);
#732=ADVANCED_FACE('F91',(#731),#709,.T.);
#733=CARTESIAN_POINT('F90',(-24.719999999999999,-3.715000000000000,
   -6.082826612840900));
#734=CARTESIAN_POINT('F90',(-25.344999999999999,-3.715000000000000,
   -7.800000000000000));
#735=CARTESIAN_POINT('F90',(-24.719999999999999,-4.515000000000000,
   -6.082826612840900));
#736=CARTESIAN_POINT('F90',(-25.344999999999999,-4.515000000000000,
   -7.800000000000000));
#737=B_SPLINE_SURFACE_WITH_KNOTS('F90',1,1,((#733,#735),(#734,
   #736)),.PLANE_SURF.,.F.,.F.,.U.,(2,2),(2,2),(0.0,
   2.284222187627400),(0.0,1.0),.UNSPECIFIED.);
#738=CARTESIAN_POINT('V130',(-24.719999999999999,-3.715000000000000,
   -6.082826612840900));
#739=VERTEX_POINT('V130',#738);
#740=CARTESIAN_POINT('E216',(-24.719999999999999,-3.715000000000000,
   -6.082826612840900));
#741=CARTESIAN_POINT('E216',(-25.344999999999999,-3.715000000000000,
   -7.800000000000000));
#742=B_SPLINE_CURVE_WITH_KNOTS('E216',1,(#740,#741),.POLYLINE_FORM.,
   .F.,.U.,(2,2),(0.0,2.284222187627400),.UNSPECIFIED.);
#743=EDGE_CURVE('E216',#739,#711,#742,.T.);
#744=ORIENTED_EDGE('E216',*,*,#743,.T.);
#745=ORIENTED_EDGE('F91',*,*,#728,.T.);
#746=CARTESIAN_POINT('V131',(-24.719999999999999,-4.515000000000000,
   -6.082826612840900));
#747=VERTEX_POINT('V131',#746);
#748=CARTESIAN_POINT('E208',(-25.344999999999999,-4.515000000000000,
   -7.800000000000000));
#749=CARTESIAN_POINT('E208',(-24.719999999999999,-4.515000000000000,
   -6.082826612840900));
#750=B_SPLINE_CURVE_WITH_KNOTS('E208',1,(#748,#749),.POLYLINE_FORM.,
   .F.,.U.,(2,2),(0.0,2.284222187627400),.UNSPECIFIED.);
#751=EDGE_CURVE('E208',#719,#747,#750,.T.);
#752=ORIENTED_EDGE('E208',*,*,#751,.T.);
#753=CARTESIAN_POINT('E190',(-24.719999999999999,-3.715000000000000,
   -6.082826612840900));
#754=CARTESIAN_POINT('E190',(-24.719999999999999,-4.515000000000000,
   -6.082826612840900));
#755=B_SPLINE_CURVE_WITH_KNOTS('E190',1,(#753,#754),.POLYLINE_FORM.,
   .F.,.U.,(2,2),(0.0,2.089718878380500),.UNSPECIFIED.);
#756=EDGE_CURVE('E190',#739,#747,#755,.T.);
#757=ORIENTED_EDGE('E190',*,*,#756,.F.);
#758=EDGE_LOOP('F90',(#744,#745,#752,#757));
#759=FACE_OUTER_BOUND('F90',#758,.T.);
#760=ADVANCED_FACE('F90',(#759),#737,.T.);
#761=CARTESIAN_POINT('F80',(-24.719999999999999,-3.715000000000000,
   -5.700000000000000));
#762=CARTESIAN_POINT('F80',(-24.719999999999999,-3.715000000000000,
   -6.082826612840900));
#763=CARTESIAN_POINT('F80',(-24.719999999999999,-4.515000000000000,
   -5.700000000000000));
#764=CARTESIAN_POINT('F80',(-24.719999999999999,-4.515000000000000,
   -6.082826612840900));
#765=B_SPLINE_SURFACE_WITH_KNOTS('F80',1,1,((#761,#763),(#762,
   #764)),.PLANE_SURF.,.F.,.F.,.U.,(2,2),(2,2),(0.0,1.0),(0.0,
   2.089718878380500),.UNSPECIFIED.);
#766=CARTESIAN_POINT('V129',(-24.719999999999999,-3.715000000000000,
   -5.700000000000000));
#767=VERTEX_POINT('V129',#766);
#768=CARTESIAN_POINT('E189',(-24.719999999999999,-3.715000000000000,
   -5.700000000000000));
#769=CARTESIAN_POINT('E189',(-24.719999999999999,-3.715000000000000,
   -6.082826612840900));
#770=QUASI_UNIFORM_CURVE('E189',1,(#768,#769),.POLYLINE_FORM.,.F.,
   .U.);
#771=EDGE_CURVE('E189',#767,#739,#770,.T.);
#772=ORIENTED_EDGE('E189',*,*,#771,.T.);
#773=ORIENTED_EDGE('F90',*,*,#756,.T.);
#774=CARTESIAN_POINT('V132',(-24.719999999999999,-4.515000000000000,
   -5.700000000000000));
#775=VERTEX_POINT('V132',#774);
#776=CARTESIAN_POINT('E191',(-24.719999999999999,-4.515000000000000,
   -6.082826612840900));
#777=CARTESIAN_POINT('E191',(-24.719999999999999,-4.515000000000000,
   -5.700000000000000));
#778=QUASI_UNIFORM_CURVE('E191',1,(#776,#777),.POLYLINE_FORM.,.F.,
   .U.);
#779=EDGE_CURVE('E191',#747,#775,#778,.T.);
#780=ORIENTED_EDGE('E191',*,*,#779,.T.);
#781=CARTESIAN_POINT('E192',(-24.719999999999999,-3.715000000000000,
   -5.700000000000000));
#782=CARTESIAN_POINT('E192',(-24.719999999999999,-4.515000000000000,
   -5.700000000000000));
#783=B_SPLINE_CURVE_WITH_KNOTS('E192',1,(#781,#782),.POLYLINE_FORM.,
   .F.,.U.,(2,2),(0.0,1.248708221488300),.UNSPECIFIED.);
#784=EDGE_CURVE('E192',#767,#775,#783,.T.);
#785=ORIENTED_EDGE('E192',*,*,#784,.F.);
#786=EDGE_LOOP('F80',(#772,#773,#780,#785));
#787=FACE_OUTER_BOUND('F80',#786,.T.);
#788=ADVANCED_FACE('F80',(#787),#765,.T.);
#789=CARTESIAN_POINT('F84',(-25.408283103740001,-4.515000000000000,
   -9.060000000000000));
#790=CARTESIAN_POINT('F84',(-24.016054821459001,-4.515000000000000,
   -9.060000000000000));
#791=CARTESIAN_POINT('F84',(-25.408283103740001,-4.515000000000000,
   -5.540000000000000));
#792=CARTESIAN_POINT('F84',(-24.016054821459001,-4.515000000000000,
   -5.540000000000000));
#793=QUASI_UNIFORM_SURFACE('F84',1,1,((#789,#791),(#790,#792)),
   .PLANE_SURF.,.F.,.F.,.U.);
#794=CARTESIAN_POINT('V135',(-24.079337925198999,-4.515000000000000,
   -5.700000000000000));
#795=VERTEX_POINT('V135',#794);
#796=CARTESIAN_POINT('E195',(-24.079337925198999,-4.515000000000000,
   -5.700000000000000));
#797=CARTESIAN_POINT('E195',(-24.420000000000002,-4.515000000000000,
   -7.800000000000000));
#798=B_SPLINE_CURVE_WITH_KNOTS('E195',1,(#796,#797),.POLYLINE_FORM.,
   .F.,.U.,(2,2),(0.0,2.659314599551400),.UNSPECIFIED.);
#799=EDGE_CURVE('E195',#795,#631,#798,.T.);
#800=ORIENTED_EDGE('E195',*,*,#799,.F.);
#801=CARTESIAN_POINT('E207',(-24.719999999999999,-4.515000000000000,
   -5.700000000000000));
#802=CARTESIAN_POINT('E207',(-24.079337925198999,-4.515000000000000,
   -5.700000000000000));
#803=QUASI_UNIFORM_CURVE('E207',1,(#801,#802),.POLYLINE_FORM.,.F.,
   .U.);
#804=EDGE_CURVE('E207',#775,#795,#803,.T.);
#805=ORIENTED_EDGE('E207',*,*,#804,.F.);
#806=ORIENTED_EDGE('E191',*,*,#779,.F.);
#807=ORIENTED_EDGE('E208',*,*,#751,.F.);
#808=ORIENTED_EDGE('E209',*,*,#723,.F.);
#809=ORIENTED_EDGE('E210',*,*,#695,.F.);
#810=ORIENTED_EDGE('E211',*,*,#642,.F.);
#811=EDGE_LOOP('F84',(#800,#805,#806,#807,#808,#809,#810));
#812=FACE_OUTER_BOUND('F84',#811,.T.);
#813=ADVANCED_FACE('F84',(#812),#793,.T.);
#814=CARTESIAN_POINT('F81',(-24.420000000000002,-3.715000000000000,
   -7.800000000000000));
#815=CARTESIAN_POINT('F81',(-24.079337925198999,-3.715000000000000,
   -5.700000000000000));
#816=CARTESIAN_POINT('F81',(-24.420000000000002,-4.515000000000000,
   -7.800000000000000));
#817=CARTESIAN_POINT('F81',(-24.079337925198999,-4.515000000000000,
   -5.700000000000000));
#818=B_SPLINE_SURFACE_WITH_KNOTS('F81',1,1,((#814,#816),(#815,
   #817)),.PLANE_SURF.,.F.,.F.,.U.,(2,2),(2,2),(0.0,
   2.659314599551400),(0.0,1.0),.UNSPECIFIED.);
#819=CARTESIAN_POINT('V134',(-24.079337925198999,-3.715000000000000,
   -5.700000000000000));
#820=VERTEX_POINT('V134',#819);
#821=CARTESIAN_POINT('E193',(-24.420000000000002,-3.715000000000000,
   -7.800000000000000));
#822=CARTESIAN_POINT('E193',(-24.079337925198999,-3.715000000000000,
   -5.700000000000000));
#823=B_SPLINE_CURVE_WITH_KNOTS('E193',1,(#821,#822),.POLYLINE_FORM.,
   .F.,.U.,(2,2),(0.0,2.659314599551400),.UNSPECIFIED.);
#824=EDGE_CURVE('E193',#624,#820,#823,.T.);
#825=ORIENTED_EDGE('E193',*,*,#824,.T.);
#826=CARTESIAN_POINT('E194',(-24.079337925198999,-4.515000000000000,
   -5.700000000000000));
#827=CARTESIAN_POINT('E194',(-24.079337925198999,-3.715000000000000,
   -5.700000000000000));
#828=B_SPLINE_CURVE_WITH_KNOTS('E194',1,(#826,#827),.POLYLINE_FORM.,
   .F.,.U.,(2,2),(0.0,1.248708221488300),.UNSPECIFIED.);
#829=EDGE_CURVE('E194',#795,#820,#828,.T.);
#830=ORIENTED_EDGE('E194',*,*,#829,.F.);
#831=ORIENTED_EDGE('E195',*,*,#799,.T.);
#832=ORIENTED_EDGE('E196',*,*,#635,.F.);
#833=EDGE_LOOP('F81',(#825,#830,#831,#832));
#834=FACE_OUTER_BOUND('F81',#833,.T.);
#835=ADVANCED_FACE('F81',(#834),#818,.T.);
#836=CARTESIAN_POINT('F85',(-25.408283103740001,-3.715000000000000,
   -5.540000000000000));
#837=CARTESIAN_POINT('F85',(-24.016054821459001,-3.715000000000000,
   -5.540000000000000));
#838=CARTESIAN_POINT('F85',(-25.408283103740001,-3.715000000000000,
   -9.060000000000000));
#839=CARTESIAN_POINT('F85',(-24.016054821459001,-3.715000000000000,
   -9.060000000000000));
#840=QUASI_UNIFORM_SURFACE('F85',1,1,((#836,#838),(#837,#839)),
   .PLANE_SURF.,.F.,.F.,.U.);
#841=CARTESIAN_POINT('E212',(-24.079337925198999,-3.715000000000000,
   -5.700000000000000));
#842=CARTESIAN_POINT('E212',(-24.719999999999999,-3.715000000000000,
   -5.700000000000000));
#843=QUASI_UNIFORM_CURVE('E212',1,(#841,#842),.POLYLINE_FORM.,.F.,
   .U.);
#844=EDGE_CURVE('E212',#820,#767,#843,.T.);
#845=ORIENTED_EDGE('E212',*,*,#844,.F.);
#846=ORIENTED_EDGE('E193',*,*,#824,.F.);
#847=ORIENTED_EDGE('E213',*,*,#628,.F.);
#848=ORIENTED_EDGE('E214',*,*,#679,.F.);
#849=ORIENTED_EDGE('E215',*,*,#715,.F.);
#850=ORIENTED_EDGE('E216',*,*,#743,.F.);
#851=ORIENTED_EDGE('E189',*,*,#771,.F.);
#852=EDGE_LOOP('F85',(#845,#846,#847,#848,#849,#850,#851));
#853=FACE_OUTER_BOUND('F85',#852,.T.);
#854=ADVANCED_FACE('F85',(#853),#840,.T.);
#855=CARTESIAN_POINT('F66',(24.016054821459001,-4.515000000000000,
   -9.060000000000000));
#856=CARTESIAN_POINT('F66',(25.408283103740001,-4.515000000000000,
   -9.060000000000000));
#857=CARTESIAN_POINT('F66',(24.016054821459001,-4.515000000000000,
   -5.540000000000000));
#858=CARTESIAN_POINT('F66',(25.408283103740001,-4.515000000000000,
   -5.540000000000000));
#859=QUASI_UNIFORM_SURFACE('F66',1,1,((#855,#857),(#856,#858)),
   .PLANE_SURF.,.F.,.F.,.U.);
#860=CARTESIAN_POINT('V96',(24.079337925198999,-4.515000000000000,
   -5.700000000000000));
#861=VERTEX_POINT('V96',#860);
#862=CARTESIAN_POINT('V99',(24.719999999999999,-4.515000000000000,
   -5.700000000000000));
#863=VERTEX_POINT('V99',#862);
#864=CARTESIAN_POINT('E155',(24.079337925198999,-4.515000000000000,
   -5.700000000000000));
#865=CARTESIAN_POINT('E155',(24.719999999999999,-4.515000000000000,
   -5.700000000000000));
#866=QUASI_UNIFORM_CURVE('E155',1,(#864,#865),.POLYLINE_FORM.,.F.,
   .U.);
#867=EDGE_CURVE('E155',#861,#863,#866,.T.);
#868=ORIENTED_EDGE('E155',*,*,#867,.F.);
#869=CARTESIAN_POINT('V95',(24.420000000000002,-4.515000000000000,
   -7.800000000000000));
#870=VERTEX_POINT('V95',#869);
#871=CARTESIAN_POINT('E141',(24.420000000000002,-4.515000000000000,
   -7.800000000000000));
#872=CARTESIAN_POINT('E141',(24.079337925198999,-4.515000000000000,
   -5.700000000000000));
#873=B_SPLINE_CURVE_WITH_KNOTS('E141',1,(#871,#872),.POLYLINE_FORM.,
   .F.,.U.,(2,2),(0.0,2.659314599551400),.UNSPECIFIED.);
#874=EDGE_CURVE('E141',#870,#861,#873,.T.);
#875=ORIENTED_EDGE('E141',*,*,#874,.F.);
#876=CARTESIAN_POINT('V109',(24.420000000000002,-4.515000000000000,
   -8.900000000000000));
#877=VERTEX_POINT('V109',#876);
#878=CARTESIAN_POINT('E156',(24.420000000000002,-4.515000000000000,
   -8.900000000000000));
#879=CARTESIAN_POINT('E156',(24.420000000000002,-4.515000000000000,
   -7.800000000000000));
#880=B_SPLINE_CURVE_WITH_KNOTS('E156',1,(#878,#879),.POLYLINE_FORM.,
   .F.,.U.,(2,2),(0.0,1.375000000000000),.UNSPECIFIED.);
#881=EDGE_CURVE('E156',#877,#870,#880,.T.);
#882=ORIENTED_EDGE('E156',*,*,#881,.F.);
#883=CARTESIAN_POINT('V110',(25.068983321768002,-4.515000000000000,
   -8.466363208028501));
#884=VERTEX_POINT('V110',#883);
#885=CARTESIAN_POINT('E157',(25.068983321768002,-4.515000000000000,
   -8.466363208028501));
#886=CARTESIAN_POINT('E157',(24.889365081390004,-4.515000000000000,
   -8.900000000000000));
#887=CARTESIAN_POINT('E157',(24.420000000000002,-4.515000000000000,
   -8.900000000000000));
#895=(BOUNDED_CURVE()B_SPLINE_CURVE(2,(#885,#886,#887),
   .CIRCULAR_ARC.,.F.,.U.)B_SPLINE_CURVE_WITH_KNOTS((3,3),(0.0,
   1.173412703474600),.UNSPECIFIED.)CURVE()
   GEOMETRIC_REPRESENTATION_ITEM()RATIONAL_B_SPLINE_CURVE((1.0,
   0.831469612302550,1.0))REPRESENTATION_ITEM('E157'));
#896=EDGE_CURVE('E157',#884,#877,#895,.T.);
#897=ORIENTED_EDGE('E157',*,*,#896,.F.);
#898=CARTESIAN_POINT('V111',(25.344999999999999,-4.515000000000000,
   -7.800000000000000));
#899=VERTEX_POINT('V111',#898);
#900=CARTESIAN_POINT('E158',(25.344999999999999,-4.515000000000000,
   -7.800000000000000));
#901=CARTESIAN_POINT('E158',(25.068983321768002,-4.515000000000000,
   -8.466363208028501));
#902=QUASI_UNIFORM_CURVE('E158',1,(#900,#901),.POLYLINE_FORM.,.F.,
   .U.);
#903=EDGE_CURVE('E158',#899,#884,#902,.T.);
#904=ORIENTED_EDGE('E158',*,*,#903,.F.);
#905=CARTESIAN_POINT('V100',(24.719999999999999,-4.515000000000000,
   -6.082826612840800));
#906=VERTEX_POINT('V100',#905);
#907=CARTESIAN_POINT('E159',(24.719999999999999,-4.515000000000000,
   -6.082826612840800));
#908=CARTESIAN_POINT('E159',(25.344999999999999,-4.515000000000000,
   -7.800000000000000));
#909=B_SPLINE_CURVE_WITH_KNOTS('E159',1,(#907,#908),.POLYLINE_FORM.,
   .F.,.U.,(2,2),(0.0,2.284222187627500),.UNSPECIFIED.);
#910=EDGE_CURVE('E159',#906,#899,#909,.T.);
#911=ORIENTED_EDGE('E159',*,*,#910,.F.);
#912=CARTESIAN_POINT('E145',(24.719999999999999,-4.515000000000000,
   -5.700000000000000));
#913=CARTESIAN_POINT('E145',(24.719999999999999,-4.515000000000000,
   -6.082826612840800));
#914=QUASI_UNIFORM_CURVE('E145',1,(#912,#913),.POLYLINE_FORM.,.F.,
   .U.);
#915=EDGE_CURVE('E145',#863,#906,#914,.T.);
#916=ORIENTED_EDGE('E145',*,*,#915,.F.);
#917=EDGE_LOOP('F66',(#868,#875,#882,#897,#904,#911,#916));
#918=FACE_OUTER_BOUND('F66',#917,.T.);
#919=ADVANCED_FACE('F66',(#918),#859,.T.);
#920=CARTESIAN_POINT('F63',(24.719999999999999,-3.715000000000000,
   -6.082826612840800));
#921=CARTESIAN_POINT('F63',(24.719999999999999,-3.715000000000000,
   -5.700000000000000));
#922=CARTESIAN_POINT('F63',(24.719999999999999,-4.515000000000000,
   -6.082826612840800));
#923=CARTESIAN_POINT('F63',(24.719999999999999,-4.515000000000000,
   -5.700000000000000));
#924=B_SPLINE_SURFACE_WITH_KNOTS('F63',1,1,((#920,#922),(#921,
   #923)),.PLANE_SURF.,.F.,.F.,.U.,(2,2),(2,2),(0.0,1.0),(0.0,
   2.089718878380900),.UNSPECIFIED.);
#925=CARTESIAN_POINT('V97',(24.719999999999999,-3.715000000000000,
   -6.082826612840800));
#926=VERTEX_POINT('V97',#925);
#927=CARTESIAN_POINT('V98',(24.719999999999999,-3.715000000000000,
   -5.700000000000000));
#928=VERTEX_POINT('V98',#927);
#929=CARTESIAN_POINT('E143',(24.719999999999999,-3.715000000000000,
   -6.082826612840800));
#930=CARTESIAN_POINT('E143',(24.719999999999999,-3.715000000000000,
   -5.700000000000000));
#931=QUASI_UNIFORM_CURVE('E143',1,(#929,#930),.POLYLINE_FORM.,.F.,
   .U.);
#932=EDGE_CURVE('E143',#926,#928,#931,.T.);
#933=ORIENTED_EDGE('E143',*,*,#932,.T.);
#934=CARTESIAN_POINT('E144',(24.719999999999999,-4.515000000000000,
   -5.700000000000000));
#935=CARTESIAN_POINT('E144',(24.719999999999999,-3.715000000000000,
   -5.700000000000000));
#936=B_SPLINE_CURVE_WITH_KNOTS('E144',1,(#934,#935),.POLYLINE_FORM.,
   .F.,.U.,(2,2),(0.0,2.089718878380900),.UNSPECIFIED.);
#937=EDGE_CURVE('E144',#863,#928,#936,.T.);
#938=ORIENTED_EDGE('E144',*,*,#937,.F.);
#939=ORIENTED_EDGE('F66',*,*,#915,.T.);
#940=CARTESIAN_POINT('E146',(24.719999999999999,-3.715000000000000,
   -6.082826612840800));
#941=CARTESIAN_POINT('E146',(24.719999999999999,-4.515000000000000,
   -6.082826612840800));
#942=QUASI_UNIFORM_CURVE('E146',1,(#940,#941),.POLYLINE_FORM.,.F.,
   .U.);
#943=EDGE_CURVE('E146',#926,#906,#942,.T.);
#944=ORIENTED_EDGE('E146',*,*,#943,.F.);
#945=EDGE_LOOP('F63',(#933,#938,#939,#944));
#946=FACE_OUTER_BOUND('F63',#945,.T.);
#947=ADVANCED_FACE('F63',(#946),#924,.T.);
#948=CARTESIAN_POINT('F73',(25.344999999999999,-3.715000000000000,
   -7.800000000000000));
#949=CARTESIAN_POINT('F73',(24.719999999999999,-3.715000000000000,
   -6.082826612840800));
#950=CARTESIAN_POINT('F73',(25.344999999999999,-4.515000000000000,
   -7.800000000000000));
#951=CARTESIAN_POINT('F73',(24.719999999999999,-4.515000000000000,
   -6.082826612840800));
#952=B_SPLINE_SURFACE_WITH_KNOTS('F73',1,1,((#948,#950),(#949,
   #951)),.PLANE_SURF.,.F.,.F.,.U.,(2,2),(2,2),(0.0,
   2.284222187627500),(0.0,1.0),.UNSPECIFIED.);
#953=CARTESIAN_POINT('V112',(25.344999999999999,-3.715000000000000,
   -7.800000000000000));
#954=VERTEX_POINT('V112',#953);
#955=CARTESIAN_POINT('E161',(25.344999999999999,-3.715000000000000,
   -7.800000000000000));
#956=CARTESIAN_POINT('E161',(24.719999999999999,-3.715000000000000,
   -6.082826612840800));
#957=B_SPLINE_CURVE_WITH_KNOTS('E161',1,(#955,#956),.POLYLINE_FORM.,
   .F.,.U.,(2,2),(0.0,2.284222187627500),.UNSPECIFIED.);
#958=EDGE_CURVE('E161',#954,#926,#957,.T.);
#959=ORIENTED_EDGE('E161',*,*,#958,.T.);
#960=ORIENTED_EDGE('F63',*,*,#943,.T.);
#961=ORIENTED_EDGE('E159',*,*,#910,.T.);
#962=CARTESIAN_POINT('E177',(25.344999999999999,-3.715000000000000,
   -7.800000000000000));
#963=CARTESIAN_POINT('E177',(25.344999999999999,-4.515000000000000,
   -7.800000000000000));
#964=B_SPLINE_CURVE_WITH_KNOTS('E177',1,(#962,#963),.POLYLINE_FORM.,
   .F.,.U.,(2,2),(0.0,1.109160315432000),.UNSPECIFIED.);
#965=EDGE_CURVE('E177',#954,#899,#964,.T.);
#966=ORIENTED_EDGE('E177',*,*,#965,.F.);
#967=EDGE_LOOP('F73',(#959,#960,#961,#966));
#968=FACE_OUTER_BOUND('F73',#967,.T.);
#969=ADVANCED_FACE('F73',(#968),#952,.T.);
#970=CARTESIAN_POINT('F72',(25.068983321768002,-3.715000000000000,
   -8.466363208028501));
#971=CARTESIAN_POINT('F72',(25.344999999999999,-3.715000000000000,
   -7.800000000000000));
#972=CARTESIAN_POINT('F72',(25.068983321768002,-4.515000000000000,
   -8.466363208028501));
#973=CARTESIAN_POINT('F72',(25.344999999999999,-4.515000000000000,
   -7.800000000000000));
#974=B_SPLINE_SURFACE_WITH_KNOTS('F72',1,1,((#970,#972),(#971,
   #973)),.PLANE_SURF.,.F.,.F.,.U.,(2,2),(2,2),(0.0,1.0),(0.0,
   1.109160315432000),.UNSPECIFIED.);
#975=CARTESIAN_POINT('V113',(25.068983321768002,-3.715000000000000,
   -8.466363208028501));
#976=VERTEX_POINT('V113',#975);
#977=CARTESIAN_POINT('E162',(25.068983321768002,-3.715000000000000,
   -8.466363208028501));
#978=CARTESIAN_POINT('E162',(25.344999999999999,-3.715000000000000,
   -7.800000000000000));
#979=QUASI_UNIFORM_CURVE('E162',1,(#977,#978),.POLYLINE_FORM.,.F.,
   .U.);
#980=EDGE_CURVE('E162',#976,#954,#979,.T.);
#981=ORIENTED_EDGE('E162',*,*,#980,.T.);
#982=ORIENTED_EDGE('F73',*,*,#965,.T.);
#983=ORIENTED_EDGE('E158',*,*,#903,.T.);
#984=CARTESIAN_POINT('E176',(25.068983321768002,-3.715000000000000,
   -8.466363208028501));
#985=CARTESIAN_POINT('E176',(25.068983321768002,-4.515000000000000,
   -8.466363208028501));
#986=QUASI_UNIFORM_CURVE('E176',1,(#984,#985),.POLYLINE_FORM.,.F.,
   .U.);
#987=EDGE_CURVE('E176',#976,#884,#986,.T.);
#988=ORIENTED_EDGE('E176',*,*,#987,.F.);
#989=EDGE_LOOP('F72',(#981,#982,#983,#988));
#990=FACE_OUTER_BOUND('F72',#989,.T.);
#991=ADVANCED_FACE('F72',(#990),#974,.T.);
#992=CARTESIAN_POINT('F71',(24.420000000000002,-3.715000000000000,
   -8.900000000000000));
#993=CARTESIAN_POINT('F71',(24.889365081390032,-3.715000000000032,
   -8.900000000000006));
#994=CARTESIAN_POINT('F71',(25.068983321768002,-3.715000000000000,
   -8.466363208028501));
#995=CARTESIAN_POINT('F71',(24.420000000000002,-4.515000000000000,
   -8.900000000000000));
#996=CARTESIAN_POINT('F71',(24.889365081390032,-4.514999999999984,
   -8.900000000000006));
#997=CARTESIAN_POINT('F71',(25.068983321768002,-4.515000000000000,
   -8.466363208028501));
#1005=(BOUNDED_SURFACE()B_SPLINE_SURFACE(2,1,((#992,#995),(#993,
   #996),(#994,#997)),.CYLINDRICAL_SURF.,.F.,.F.,.U.)
   B_SPLINE_SURFACE_WITH_KNOTS((3,3),(2,2),(0.0,
   1.173412703474600),(0.0,1.0),.UNSPECIFIED.)
   GEOMETRIC_REPRESENTATION_ITEM()RATIONAL_B_SPLINE_SURFACE(((1.0,
   1.0),(0.831469612302550,0.831469612302550),(1.0,1.0)))
   REPRESENTATION_ITEM('F71')SURFACE());
#1006=CARTESIAN_POINT('V114',(24.420000000000002,-3.715000000000000,
   -8.900000000000000));
#1007=VERTEX_POINT('V114',#1006);
#1008=CARTESIAN_POINT('E163',(24.420000000000002,-3.715000000000000,
   -8.900000000000000));
#1009=CARTESIAN_POINT('E163',(24.889365081390004,-3.715000000000000,
   -8.900000000000000));
#1010=CARTESIAN_POINT('E163',(25.068983321768002,-3.715000000000000,
   -8.466363208028501));
#1018=(BOUNDED_CURVE()B_SPLINE_CURVE(2,(#1008,#1009,#1010),
   .CIRCULAR_ARC.,.F.,.U.)B_SPLINE_CURVE_WITH_KNOTS((3,3),(0.0,
   1.173412703474600),.UNSPECIFIED.)CURVE()
   GEOMETRIC_REPRESENTATION_ITEM()RATIONAL_B_SPLINE_CURVE((1.0,
   0.831469612302550,1.0))REPRESENTATION_ITEM('E163'));
#1019=EDGE_CURVE('E163',#1007,#976,#1018,.T.);
#1020=ORIENTED_EDGE('E163',*,*,#1019,.T.);
#1021=ORIENTED_EDGE('F72',*,*,#987,.T.);
#1022=ORIENTED_EDGE('E157',*,*,#896,.T.);
#1023=CARTESIAN_POINT('E175',(24.420000000000002,-3.715000000000000,
   -8.900000000000000));
#1024=CARTESIAN_POINT('E175',(24.420000000000002,-4.515000000000000,
   -8.900000000000000));
#1025=QUASI_UNIFORM_CURVE('E175',1,(#1023,#1024),.POLYLINE_FORM.,.F.,
   .U.);
#1026=EDGE_CURVE('E175',#1007,#877,#1025,.T.);
#1027=ORIENTED_EDGE('E175',*,*,#1026,.F.);
#1028=EDGE_LOOP('F71',(#1020,#1021,#1022,#1027));
#1029=FACE_OUTER_BOUND('F71',#1028,.T.);
#1030=ADVANCED_FACE('F71',(#1029),#1005,.T.);
#1031=CARTESIAN_POINT('F70',(24.420000000000002,-3.715000000000000,
   -7.800000000000000));
#1032=CARTESIAN_POINT('F70',(24.420000000000002,-3.715000000000000,
   -8.900000000000000));
#1033=CARTESIAN_POINT('F70',(24.420000000000002,-4.515000000000000,
   -7.800000000000000));
#1034=CARTESIAN_POINT('F70',(24.420000000000002,-4.515000000000000,
   -8.900000000000000));
#1035=B_SPLINE_SURFACE_WITH_KNOTS('F70',1,1,((#1031,#1033),(#1032,
   #1034)),.PLANE_SURF.,.F.,.F.,.U.,(2,2),(2,2),(0.0,
   1.375000000000000),(0.0,1.0),.UNSPECIFIED.);
#1036=CARTESIAN_POINT('V94',(24.420000000000002,-3.715000000000000,
   -7.800000000000000));
#1037=VERTEX_POINT('V94',#1036);
#1038=CARTESIAN_POINT('E164',(24.420000000000002,-3.715000000000000,
   -7.800000000000000));
#1039=CARTESIAN_POINT('E164',(24.420000000000002,-3.715000000000000,
   -8.900000000000000));
#1040=B_SPLINE_CURVE_WITH_KNOTS('E164',1,(#1038,#1039),
   .POLYLINE_FORM.,.F.,.U.,(2,2),(0.0,1.375000000000000),
   .UNSPECIFIED.);
#1041=EDGE_CURVE('E164',#1037,#1007,#1040,.T.);
#1042=ORIENTED_EDGE('E164',*,*,#1041,.T.);
#1043=ORIENTED_EDGE('F71',*,*,#1026,.T.);
#1044=ORIENTED_EDGE('E156',*,*,#881,.T.);
#1045=CARTESIAN_POINT('E140',(24.420000000000002,-3.715000000000000,
   -7.800000000000000));
#1046=CARTESIAN_POINT('E140',(24.420000000000002,-4.515000000000000,
   -7.800000000000000));
#1047=QUASI_UNIFORM_CURVE('E140',1,(#1045,#1046),.POLYLINE_FORM.,.F.,
   .U.);
#1048=EDGE_CURVE('E140',#1037,#870,#1047,.T.);
#1049=ORIENTED_EDGE('E140',*,*,#1048,.F.);
#1050=EDGE_LOOP('F70',(#1042,#1043,#1044,#1049));
#1051=FACE_OUTER_BOUND('F70',#1050,.T.);
#1052=ADVANCED_FACE('F70',(#1051),#1035,.T.);
#1053=CARTESIAN_POINT('F62',(24.079337925198999,-3.715000000000000,
   -5.700000000000000));
#1054=CARTESIAN_POINT('F62',(24.420000000000002,-3.715000000000000,
   -7.800000000000000));
#1055=CARTESIAN_POINT('F62',(24.079337925198999,-4.515000000000000,
   -5.700000000000000));
#1056=CARTESIAN_POINT('F62',(24.420000000000002,-4.515000000000000,
   -7.800000000000000));
#1057=B_SPLINE_SURFACE_WITH_KNOTS('F62',1,1,((#1053,#1055),(#1054,
   #1056)),.PLANE_SURF.,.F.,.F.,.U.,(2,2),(2,2),(0.0,
   2.659314599551400),(0.0,1.0),.UNSPECIFIED.);
#1058=CARTESIAN_POINT('V93',(24.079337925198999,-3.715000000000000,
   -5.700000000000000));
#1059=VERTEX_POINT('V93',#1058);
#1060=CARTESIAN_POINT('E139',(24.079337925198999,-3.715000000000000,
   -5.700000000000000));
#1061=CARTESIAN_POINT('E139',(24.420000000000002,-3.715000000000000,
   -7.800000000000000));
#1062=B_SPLINE_CURVE_WITH_KNOTS('E139',1,(#1060,#1061),
   .POLYLINE_FORM.,.F.,.U.,(2,2),(0.0,2.659314599551400),
   .UNSPECIFIED.);
#1063=EDGE_CURVE('E139',#1059,#1037,#1062,.T.);
#1064=ORIENTED_EDGE('E139',*,*,#1063,.T.);
#1065=ORIENTED_EDGE('F70',*,*,#1048,.T.);
#1066=ORIENTED_EDGE('E141',*,*,#874,.T.);
#1067=CARTESIAN_POINT('E142',(24.079337925198999,-3.715000000000000,
   -5.700000000000000));
#1068=CARTESIAN_POINT('E142',(24.079337925198999,-4.515000000000000,
   -5.700000000000000));
#1069=QUASI_UNIFORM_CURVE('E142',1,(#1067,#1068),.POLYLINE_FORM.,.F.,
   .U.);
#1070=EDGE_CURVE('E142',#1059,#861,#1069,.T.);
#1071=ORIENTED_EDGE('E142',*,*,#1070,.F.);
#1072=EDGE_LOOP('F62',(#1064,#1065,#1066,#1071));
#1073=FACE_OUTER_BOUND('F62',#1072,.T.);
#1074=ADVANCED_FACE('F62',(#1073),#1057,.T.);
#1075=CARTESIAN_POINT('F67',(24.016054821459001,-3.715000000000000,
   -5.540000000000000));
#1076=CARTESIAN_POINT('F67',(25.408283103740001,-3.715000000000000,
   -5.540000000000000));
#1077=CARTESIAN_POINT('F67',(24.016054821459001,-3.715000000000000,
   -9.060000000000000));
#1078=CARTESIAN_POINT('F67',(25.408283103740001,-3.715000000000000,
   -9.060000000000000));
#1079=QUASI_UNIFORM_SURFACE('F67',1,1,((#1075,#1077),(#1076,#1078))
,.PLANE_SURF.,.F.,.F.,.U.);
#1080=ORIENTED_EDGE('E139',*,*,#1063,.F.);
#1081=CARTESIAN_POINT('E160',(24.719999999999999,-3.715000000000000,
   -5.700000000000000));
#1082=CARTESIAN_POINT('E160',(24.079337925198999,-3.715000000000000,
   -5.700000000000000));
#1083=QUASI_UNIFORM_CURVE('E160',1,(#1081,#1082),.POLYLINE_FORM.,.F.,
   .U.);
#1084=EDGE_CURVE('E160',#928,#1059,#1083,.T.);
#1085=ORIENTED_EDGE('E160',*,*,#1084,.F.);
#1086=ORIENTED_EDGE('E143',*,*,#932,.F.);
#1087=ORIENTED_EDGE('E161',*,*,#958,.F.);
#1088=ORIENTED_EDGE('E162',*,*,#980,.F.);
#1089=ORIENTED_EDGE('E163',*,*,#1019,.F.);
#1090=ORIENTED_EDGE('E164',*,*,#1041,.F.);
#1091=EDGE_LOOP('F67',(#1080,#1085,#1086,#1087,#1088,#1089,#1090));
#1092=FACE_OUTER_BOUND('F67',#1091,.T.);
#1093=ADVANCED_FACE('F67',(#1092),#1079,.T.);
#1094=CARTESIAN_POINT('F77',(22.620000000000001,-3.715000000000000,
   -8.900000000000000));
#1095=CARTESIAN_POINT('F77',(22.620000000000001,-3.715000000000000,
   -7.800000000000000));
#1096=CARTESIAN_POINT('F77',(22.620000000000001,-4.515000000000000,
   -8.900000000000000));
#1097=CARTESIAN_POINT('F77',(22.620000000000001,-4.515000000000000,
   -7.800000000000000));
#1098=B_SPLINE_SURFACE_WITH_KNOTS('F77',1,1,((#1094,#1096),(#1095,
   #1097)),.PLANE_SURF.,.F.,.F.,.U.,(2,2),(2,2),(0.0,
   1.375000000000000),(0.0,1.0),.UNSPECIFIED.);
#1099=CARTESIAN_POINT('V118',(22.620000000000001,-3.715000000000000,
   -8.900000000000000));
#1100=VERTEX_POINT('V118',#1099);
#1101=CARTESIAN_POINT('V105',(22.620000000000001,-3.715000000000000,
   -7.800000000000000));
#1102=VERTEX_POINT('V105',#1101);
#1103=CARTESIAN_POINT('E171',(22.620000000000001,-3.715000000000000,
   -8.900000000000000));
#1104=CARTESIAN_POINT('E171',(22.620000000000001,-3.715000000000000,
   -7.800000000000000));
#1105=B_SPLINE_CURVE_WITH_KNOTS('E171',1,(#1103,#1104),
   .POLYLINE_FORM.,.F.,.U.,(2,2),(0.0,1.375000000000000),
   .UNSPECIFIED.);
#1106=EDGE_CURVE('E171',#1100,#1102,#1105,.T.);
#1107=ORIENTED_EDGE('E171',*,*,#1106,.T.);
#1108=CARTESIAN_POINT('V108',(22.620000000000001,-4.515000000000000,
   -7.800000000000000));
#1109=VERTEX_POINT('V108',#1108);
#1110=CARTESIAN_POINT('E154',(22.620000000000001,-3.715000000000000,
   -7.800000000000000));
#1111=CARTESIAN_POINT('E154',(22.620000000000001,-4.515000000000000,
   -7.800000000000000));
#1112=QUASI_UNIFORM_CURVE('E154',1,(#1110,#1111),.POLYLINE_FORM.,.F.,
   .U.);
#1113=EDGE_CURVE('E154',#1102,#1109,#1112,.T.);
#1114=ORIENTED_EDGE('E154',*,*,#1113,.T.);
#1115=CARTESIAN_POINT('V117',(22.620000000000001,-4.515000000000000,
   -8.900000000000000));
#1116=VERTEX_POINT('V117',#1115);
#1117=CARTESIAN_POINT('E169',(22.620000000000001,-4.515000000000000,
   -7.800000000000000));
#1118=CARTESIAN_POINT('E169',(22.620000000000001,-4.515000000000000,
   -8.900000000000000));
#1119=B_SPLINE_CURVE_WITH_KNOTS('E169',1,(#1117,#1118),
   .POLYLINE_FORM.,.F.,.U.,(2,2),(0.0,1.375000000000000),
   .UNSPECIFIED.);
#1120=EDGE_CURVE('E169',#1109,#1116,#1119,.T.);
#1121=ORIENTED_EDGE('E169',*,*,#1120,.T.);
#1122=CARTESIAN_POINT('E180',(22.620000000000001,-3.715000000000000,
   -8.900000000000000));
#1123=CARTESIAN_POINT('E180',(22.620000000000001,-4.515000000000000,
   -8.900000000000000));
#1124=QUASI_UNIFORM_CURVE('E180',1,(#1122,#1123),.POLYLINE_FORM.,.F.,
   .U.);
#1125=EDGE_CURVE('E180',#1100,#1116,#1124,.T.);
#1126=ORIENTED_EDGE('E180',*,*,#1125,.F.);
#1127=EDGE_LOOP('F77',(#1107,#1114,#1121,#1126));
#1128=FACE_OUTER_BOUND('F77',#1127,.T.);
#1129=ADVANCED_FACE('F77',(#1128),#1098,.T.);
#1130=CARTESIAN_POINT('F76',(21.971016678230999,-3.715000000000000,
   -8.466363208028000));
#1131=CARTESIAN_POINT('F76',(22.150634918609491,-3.714999999999943,
   -8.900000000000032));
#1132=CARTESIAN_POINT('F76',(22.620000000000001,-3.715000000000000,
   -8.900000000000000));
#1133=CARTESIAN_POINT('F76',(21.971016678230999,-4.515000000000000,
   -8.466363208028000));
#1134=CARTESIAN_POINT('F76',(22.150634918609491,-4.514999999999995,
   -8.900000000000032));
#1135=CARTESIAN_POINT('F76',(22.620000000000001,-4.515000000000000,
   -8.900000000000000));
#1143=(BOUNDED_SURFACE()B_SPLINE_SURFACE(2,1,((#1130,#1133),(
   #1131,#1134),(#1132,#1135)),.CYLINDRICAL_SURF.,.F.,.F.,.U.)
   B_SPLINE_SURFACE_WITH_KNOTS((3,3),(2,2),(0.0,
   1.173412703475700),(0.0,1.0),.UNSPECIFIED.)
   GEOMETRIC_REPRESENTATION_ITEM()RATIONAL_B_SPLINE_SURFACE(((1.0,
   1.0),(0.831469612302570,0.831469612302570),(1.0,1.0)))
   REPRESENTATION_ITEM('F76')SURFACE());
#1144=CARTESIAN_POINT('V119',(21.971016678230999,-3.715000000000000,
   -8.466363208028000));
#1145=VERTEX_POINT('V119',#1144);
#1146=CARTESIAN_POINT('E172',(21.971016678230999,-3.715000000000000,
   -8.466363208028000));
#1147=CARTESIAN_POINT('E172',(22.150634918610002,-3.715000000000000,
   -8.900000000000000));
#1148=CARTESIAN_POINT('E172',(22.620000000000001,-3.715000000000000,
   -8.900000000000000));
#1156=(BOUNDED_CURVE()B_SPLINE_CURVE(2,(#1146,#1147,#1148),
   .CIRCULAR_ARC.,.F.,.U.)B_SPLINE_CURVE_WITH_KNOTS((3,3),(0.0,
   1.173412703475700),.UNSPECIFIED.)CURVE()
   GEOMETRIC_REPRESENTATION_ITEM()RATIONAL_B_SPLINE_CURVE((1.0,
   0.831469612302570,1.0))REPRESENTATION_ITEM('E172'));
#1157=EDGE_CURVE('E172',#1145,#1100,#1156,.T.);
#1158=ORIENTED_EDGE('E172',*,*,#1157,.T.);
#1159=ORIENTED_EDGE('F77',*,*,#1125,.T.);
#1160=CARTESIAN_POINT('V116',(21.971016678230999,-4.515000000000000,
   -8.466363208028000));
#1161=VERTEX_POINT('V116',#1160);
#1162=CARTESIAN_POINT('E168',(22.620000000000001,-4.515000000000000,
   -8.900000000000000));
#1163=CARTESIAN_POINT('E168',(22.150634918610002,-4.515000000000000,
   -8.900000000000000));
#1164=CARTESIAN_POINT('E168',(21.971016678230999,-4.515000000000000,
   -8.466363208028000));
#1172=(BOUNDED_CURVE()B_SPLINE_CURVE(2,(#1162,#1163,#1164),
   .CIRCULAR_ARC.,.F.,.U.)B_SPLINE_CURVE_WITH_KNOTS((3,3),(0.0,
   1.173412703475700),.UNSPECIFIED.)CURVE()
   GEOMETRIC_REPRESENTATION_ITEM()RATIONAL_B_SPLINE_CURVE((1.0,
   0.831469612302570,1.0))REPRESENTATION_ITEM('E168'));
#1173=EDGE_CURVE('E168',#1116,#1161,#1172,.T.);
#1174=ORIENTED_EDGE('E168',*,*,#1173,.T.);
#1175=CARTESIAN_POINT('E179',(21.971016678230999,-3.715000000000000,
   -8.466363208028000));
#1176=CARTESIAN_POINT('E179',(21.971016678230999,-4.515000000000000,
   -8.466363208028000));
#1177=B_SPLINE_CURVE_WITH_KNOTS('E179',1,(#1175,#1176),
   .POLYLINE_FORM.,.F.,.U.,(2,2),(0.0,1.109160315433000),
   .UNSPECIFIED.);
#1178=EDGE_CURVE('E179',#1145,#1161,#1177,.T.);
#1179=ORIENTED_EDGE('E179',*,*,#1178,.F.);
#1180=EDGE_LOOP('F76',(#1158,#1159,#1174,#1179));
#1181=FACE_OUTER_BOUND('F76',#1180,.T.);
#1182=ADVANCED_FACE('F76',(#1181),#1143,.T.);
#1183=CARTESIAN_POINT('F75',(21.695000000000000,-3.715000000000000,
   -7.800000000000000));
#1184=CARTESIAN_POINT('F75',(21.971016678230999,-3.715000000000000,
   -8.466363208028000));
#1185=CARTESIAN_POINT('F75',(21.695000000000000,-4.515000000000000,
   -7.800000000000000));
#1186=CARTESIAN_POINT('F75',(21.971016678230999,-4.515000000000000,
   -8.466363208028000));
#1187=B_SPLINE_SURFACE_WITH_KNOTS('F75',1,1,((#1183,#1185),(#1184,
   #1186)),.PLANE_SURF.,.F.,.F.,.U.,(2,2),(2,2),(0.0,1.0),(0.0,
   1.109160315433000),.UNSPECIFIED.);
#1188=CARTESIAN_POINT('V120',(21.695000000000000,-3.715000000000000,
   -7.800000000000000));
#1189=VERTEX_POINT('V120',#1188);
#1190=CARTESIAN_POINT('E173',(21.695000000000000,-3.715000000000000,
   -7.800000000000000));
#1191=CARTESIAN_POINT('E173',(21.971016678230999,-3.715000000000000,
   -8.466363208028000));
#1192=QUASI_UNIFORM_CURVE('E173',1,(#1190,#1191),.POLYLINE_FORM.,.F.,
   .U.);
#1193=EDGE_CURVE('E173',#1189,#1145,#1192,.T.);
#1194=ORIENTED_EDGE('E173',*,*,#1193,.T.);
#1195=ORIENTED_EDGE('F76',*,*,#1178,.T.);
#1196=CARTESIAN_POINT('V115',(21.695000000000000,-4.515000000000000,
   -7.800000000000000));
#1197=VERTEX_POINT('V115',#1196);
#1198=CARTESIAN_POINT('E167',(21.971016678230999,-4.515000000000000,
   -8.466363208028000));
#1199=CARTESIAN_POINT('E167',(21.695000000000000,-4.515000000000000,
   -7.800000000000000));
#1200=QUASI_UNIFORM_CURVE('E167',1,(#1198,#1199),.POLYLINE_FORM.,.F.,
   .U.);
#1201=EDGE_CURVE('E167',#1161,#1197,#1200,.T.);
#1202=ORIENTED_EDGE('E167',*,*,#1201,.T.);
#1203=CARTESIAN_POINT('E178',(21.695000000000000,-3.715000000000000,
   -7.800000000000000));
#1204=CARTESIAN_POINT('E178',(21.695000000000000,-4.515000000000000,
   -7.800000000000000));
#1205=QUASI_UNIFORM_CURVE('E178',1,(#1203,#1204),.POLYLINE_FORM.,.F.,
   .U.);
#1206=EDGE_CURVE('E178',#1189,#1197,#1205,.T.);
#1207=ORIENTED_EDGE('E178',*,*,#1206,.F.);
#1208=EDGE_LOOP('F75',(#1194,#1195,#1202,#1207));
#1209=FACE_OUTER_BOUND('F75',#1208,.T.);
#1210=ADVANCED_FACE('F75',(#1209),#1187,.T.);
#1211=CARTESIAN_POINT('F74',(22.320000000000000,-3.715000000000000,
   -6.082826612840900));
#1212=CARTESIAN_POINT('F74',(21.695000000000000,-3.715000000000000,
   -7.800000000000000));
#1213=CARTESIAN_POINT('F74',(22.320000000000000,-4.515000000000000,
   -6.082826612840900));
#1214=CARTESIAN_POINT('F74',(21.695000000000000,-4.515000000000000,
   -7.800000000000000));
#1215=B_SPLINE_SURFACE_WITH_KNOTS('F74',1,1,((#1211,#1213),(#1212,
   #1214)),.PLANE_SURF.,.F.,.F.,.U.,(2,2),(2,2),(0.0,
   2.284222187627400),(0.0,1.0),.UNSPECIFIED.);
#1216=CARTESIAN_POINT('V102',(22.320000000000000,-3.715000000000000,
   -6.082826612840900));
#1217=VERTEX_POINT('V102',#1216);
#1218=CARTESIAN_POINT('E174',(22.320000000000000,-3.715000000000000,
   -6.082826612840900));
#1219=CARTESIAN_POINT('E174',(21.695000000000000,-3.715000000000000,
   -7.800000000000000));
#1220=B_SPLINE_CURVE_WITH_KNOTS('E174',1,(#1218,#1219),
   .POLYLINE_FORM.,.F.,.U.,(2,2),(0.0,2.284222187627400),
   .UNSPECIFIED.);
#1221=EDGE_CURVE('E174',#1217,#1189,#1220,.T.);
#1222=ORIENTED_EDGE('E174',*,*,#1221,.T.);
#1223=ORIENTED_EDGE('F75',*,*,#1206,.T.);
#1224=CARTESIAN_POINT('V103',(22.320000000000000,-4.515000000000000,
   -6.082826612840900));
#1225=VERTEX_POINT('V103',#1224);
#1226=CARTESIAN_POINT('E166',(21.695000000000000,-4.515000000000000,
   -7.800000000000000));
#1227=CARTESIAN_POINT('E166',(22.320000000000000,-4.515000000000000,
   -6.082826612840900));
#1228=B_SPLINE_CURVE_WITH_KNOTS('E166',1,(#1226,#1227),
   .POLYLINE_FORM.,.F.,.U.,(2,2),(0.0,2.284222187627400),
   .UNSPECIFIED.);
#1229=EDGE_CURVE('E166',#1197,#1225,#1228,.T.);
#1230=ORIENTED_EDGE('E166',*,*,#1229,.T.);
#1231=CARTESIAN_POINT('E148',(22.320000000000000,-3.715000000000000,
   -6.082826612840900));
#1232=CARTESIAN_POINT('E148',(22.320000000000000,-4.515000000000000,
   -6.082826612840900));
#1233=B_SPLINE_CURVE_WITH_KNOTS('E148',1,(#1231,#1232),
   .POLYLINE_FORM.,.F.,.U.,(2,2),(0.0,2.089718878380500),
   .UNSPECIFIED.);
#1234=EDGE_CURVE('E148',#1217,#1225,#1233,.T.);
#1235=ORIENTED_EDGE('E148',*,*,#1234,.F.);
#1236=EDGE_LOOP('F74',(#1222,#1223,#1230,#1235));
#1237=FACE_OUTER_BOUND('F74',#1236,.T.);
#1238=ADVANCED_FACE('F74',(#1237),#1215,.T.);
#1239=CARTESIAN_POINT('F64',(22.320000000000000,-3.715000000000000,
   -5.700000000000000));
#1240=CARTESIAN_POINT('F64',(22.320000000000000,-3.715000000000000,
   -6.082826612840900));
#1241=CARTESIAN_POINT('F64',(22.320000000000000,-4.515000000000000,
   -5.700000000000000));
#1242=CARTESIAN_POINT('F64',(22.320000000000000,-4.515000000000000,
   -6.082826612840900));
#1243=B_SPLINE_SURFACE_WITH_KNOTS('F64',1,1,((#1239,#1241),(#1240,
   #1242)),.PLANE_SURF.,.F.,.F.,.U.,(2,2),(2,2),(0.0,1.0),(0.0,
   2.089718878380500),.UNSPECIFIED.);
#1244=CARTESIAN_POINT('V101',(22.320000000000000,-3.715000000000000,
   -5.700000000000000));
#1245=VERTEX_POINT('V101',#1244);
#1246=CARTESIAN_POINT('E147',(22.320000000000000,-3.715000000000000,
   -5.700000000000000));
#1247=CARTESIAN_POINT('E147',(22.320000000000000,-3.715000000000000,
   -6.082826612840900));
#1248=QUASI_UNIFORM_CURVE('E147',1,(#1246,#1247),.POLYLINE_FORM.,.F.,
   .U.);
#1249=EDGE_CURVE('E147',#1245,#1217,#1248,.T.);
#1250=ORIENTED_EDGE('E147',*,*,#1249,.T.);
#1251=ORIENTED_EDGE('F74',*,*,#1234,.T.);
#1252=CARTESIAN_POINT('V104',(22.320000000000000,-4.515000000000000,
   -5.700000000000000));
#1253=VERTEX_POINT('V104',#1252);
#1254=CARTESIAN_POINT('E149',(22.320000000000000,-4.515000000000000,
   -6.082826612840900));
#1255=CARTESIAN_POINT('E149',(22.320000000000000,-4.515000000000000,
   -5.700000000000000));
#1256=QUASI_UNIFORM_CURVE('E149',1,(#1254,#1255),.POLYLINE_FORM.,.F.,
   .U.);
#1257=EDGE_CURVE('E149',#1225,#1253,#1256,.T.);
#1258=ORIENTED_EDGE('E149',*,*,#1257,.T.);
#1259=CARTESIAN_POINT('E150',(22.320000000000000,-3.715000000000000,
   -5.700000000000000));
#1260=CARTESIAN_POINT('E150',(22.320000000000000,-4.515000000000000,
   -5.700000000000000));
#1261=B_SPLINE_CURVE_WITH_KNOTS('E150',1,(#1259,#1260),
   .POLYLINE_FORM.,.F.,.U.,(2,2),(0.0,1.248708221488300),
   .UNSPECIFIED.);
#1262=EDGE_CURVE('E150',#1245,#1253,#1261,.T.);
#1263=ORIENTED_EDGE('E150',*,*,#1262,.F.);
#1264=EDGE_LOOP('F64',(#1250,#1251,#1258,#1263));
#1265=FACE_OUTER_BOUND('F64',#1264,.T.);
#1266=ADVANCED_FACE('F64',(#1265),#1243,.T.);
#1267=CARTESIAN_POINT('F68',(21.631716896259999,-4.515000000000000,
   -9.060000000000000));
#1268=CARTESIAN_POINT('F68',(23.023945178540998,-4.515000000000000,
   -9.060000000000000));
#1269=CARTESIAN_POINT('F68',(21.631716896259999,-4.515000000000000,
   -5.540000000000000));
#1270=CARTESIAN_POINT('F68',(23.023945178540998,-4.515000000000000,
   -5.540000000000000));
#1271=QUASI_UNIFORM_SURFACE('F68',1,1,((#1267,#1269),(#1268,#1270))
,.PLANE_SURF.,.F.,.F.,.U.);
#1272=CARTESIAN_POINT('V107',(22.960662074801000,-4.515000000000000,
   -5.700000000000000));
#1273=VERTEX_POINT('V107',#1272);
#1274=CARTESIAN_POINT('E153',(22.960662074801000,-4.515000000000000,
   -5.700000000000000));
#1275=CARTESIAN_POINT('E153',(22.620000000000001,-4.515000000000000,
   -7.800000000000000));
#1276=B_SPLINE_CURVE_WITH_KNOTS('E153',1,(#1274,#1275),
   .POLYLINE_FORM.,.F.,.U.,(2,2),(0.0,2.659314599551400),
   .UNSPECIFIED.);
#1277=EDGE_CURVE('E153',#1273,#1109,#1276,.T.);
#1278=ORIENTED_EDGE('E153',*,*,#1277,.F.);
#1279=CARTESIAN_POINT('E165',(22.320000000000000,-4.515000000000000,
   -5.700000000000000));
#1280=CARTESIAN_POINT('E165',(22.960662074801000,-4.515000000000000,
   -5.700000000000000));
#1281=QUASI_UNIFORM_CURVE('E165',1,(#1279,#1280),.POLYLINE_FORM.,.F.,
   .U.);
#1282=EDGE_CURVE('E165',#1253,#1273,#1281,.T.);
#1283=ORIENTED_EDGE('E165',*,*,#1282,.F.);
#1284=ORIENTED_EDGE('E149',*,*,#1257,.F.);
#1285=ORIENTED_EDGE('E166',*,*,#1229,.F.);
#1286=ORIENTED_EDGE('E167',*,*,#1201,.F.);
#1287=ORIENTED_EDGE('E168',*,*,#1173,.F.);
#1288=ORIENTED_EDGE('E169',*,*,#1120,.F.);
#1289=EDGE_LOOP('F68',(#1278,#1283,#1284,#1285,#1286,#1287,#1288));
#1290=FACE_OUTER_BOUND('F68',#1289,.T.);
#1291=ADVANCED_FACE('F68',(#1290),#1271,.T.);
#1292=CARTESIAN_POINT('F65',(22.620000000000001,-3.715000000000000,
   -7.800000000000000));
#1293=CARTESIAN_POINT('F65',(22.960662074801000,-3.715000000000000,
   -5.700000000000000));
#1294=CARTESIAN_POINT('F65',(22.620000000000001,-4.515000000000000,
   -7.800000000000000));
#1295=CARTESIAN_POINT('F65',(22.960662074801000,-4.515000000000000,
   -5.700000000000000));
#1296=B_SPLINE_SURFACE_WITH_KNOTS('F65',1,1,((#1292,#1294),(#1293,
   #1295)),.PLANE_SURF.,.F.,.F.,.U.,(2,2),(2,2),(0.0,
   2.659314599551400),(0.0,1.0),.UNSPECIFIED.);
#1297=CARTESIAN_POINT('V106',(22.960662074801000,-3.715000000000000,
   -5.700000000000000));
#1298=VERTEX_POINT('V106',#1297);
#1299=CARTESIAN_POINT('E151',(22.620000000000001,-3.715000000000000,
   -7.800000000000000));
#1300=CARTESIAN_POINT('E151',(22.960662074801000,-3.715000000000000,
   -5.700000000000000));
#1301=B_SPLINE_CURVE_WITH_KNOTS('E151',1,(#1299,#1300),
   .POLYLINE_FORM.,.F.,.U.,(2,2),(0.0,2.659314599551400),
   .UNSPECIFIED.);
#1302=EDGE_CURVE('E151',#1102,#1298,#1301,.T.);
#1303=ORIENTED_EDGE('E151',*,*,#1302,.T.);
#1304=CARTESIAN_POINT('E152',(22.960662074801000,-4.515000000000000,
   -5.700000000000000));
#1305=CARTESIAN_POINT('E152',(22.960662074801000,-3.715000000000000,
   -5.700000000000000));
#1306=B_SPLINE_CURVE_WITH_KNOTS('E152',1,(#1304,#1305),
   .POLYLINE_FORM.,.F.,.U.,(2,2),(0.0,1.248708221488300),
   .UNSPECIFIED.);
#1307=EDGE_CURVE('E152',#1273,#1298,#1306,.T.);
#1308=ORIENTED_EDGE('E152',*,*,#1307,.F.);
#1309=ORIENTED_EDGE('E153',*,*,#1277,.T.);
#1310=ORIENTED_EDGE('E154',*,*,#1113,.F.);
#1311=EDGE_LOOP('F65',(#1303,#1308,#1309,#1310));
#1312=FACE_OUTER_BOUND('F65',#1311,.T.);
#1313=ADVANCED_FACE('F65',(#1312),#1296,.T.);
#1314=CARTESIAN_POINT('F69',(21.631716896259999,-3.715000000000000,
   -5.540000000000000));
#1315=CARTESIAN_POINT('F69',(23.023945178540998,-3.715000000000000,
   -5.540000000000000));
#1316=CARTESIAN_POINT('F69',(21.631716896259999,-3.715000000000000,
   -9.060000000000000));
#1317=CARTESIAN_POINT('F69',(23.023945178540998,-3.715000000000000,
   -9.060000000000000));
#1318=QUASI_UNIFORM_SURFACE('F69',1,1,((#1314,#1316),(#1315,#1317))
,.PLANE_SURF.,.F.,.F.,.U.);
#1319=CARTESIAN_POINT('E170',(22.960662074801000,-3.715000000000000,
   -5.700000000000000));
#1320=CARTESIAN_POINT('E170',(22.320000000000000,-3.715000000000000,
   -5.700000000000000));
#1321=QUASI_UNIFORM_CURVE('E170',1,(#1319,#1320),.POLYLINE_FORM.,.F.,
   .U.);
#1322=EDGE_CURVE('E170',#1298,#1245,#1321,.T.);
#1323=ORIENTED_EDGE('E170',*,*,#1322,.F.);
#1324=ORIENTED_EDGE('E151',*,*,#1302,.F.);
#1325=ORIENTED_EDGE('E171',*,*,#1106,.F.);
#1326=ORIENTED_EDGE('E172',*,*,#1157,.F.);
#1327=ORIENTED_EDGE('E173',*,*,#1193,.F.);
#1328=ORIENTED_EDGE('E174',*,*,#1221,.F.);
#1329=ORIENTED_EDGE('E147',*,*,#1249,.F.);
#1330=EDGE_LOOP('F69',(#1323,#1324,#1325,#1326,#1327,#1328,#1329));
#1331=FACE_OUTER_BOUND('F69',#1330,.T.);
#1332=ADVANCED_FACE('F69',(#1331),#1318,.T.);
#1333=CARTESIAN_POINT('F16',(22.090000000000000,-2.699667054386600,
   2.700000000000000));
#1334=CARTESIAN_POINT('F16',(24.949999999999999,-2.699667054386600,
   2.700000000000000));
#1335=CARTESIAN_POINT('F16',(22.090000000000000,-5.530332945613400,
   2.700000000000000));
#1336=CARTESIAN_POINT('F16',(24.949999999999999,-5.530332945613400,
   2.700000000000000));
#1337=QUASI_UNIFORM_SURFACE('F16',1,1,((#1333,#1335),(#1334,#1336))
,.PLANE_SURF.,.F.,.F.,.U.);
#1338=CARTESIAN_POINT('V27',(24.819999999999997,-4.114999999999999,
   2.700000000000000));
#1339=VERTEX_POINT('V27',#1338);
#1340=CARTESIAN_POINT('E40',(24.819999999999997,-4.114999999999999,
   2.700000000000000));
#1341=CARTESIAN_POINT('E40',(24.819999999999997,-1.863333950160500,
   2.700000000000000));
#1342=CARTESIAN_POINT('E40',(22.870000000000001,-2.989166975080200,
   2.700000000000000));
#1343=CARTESIAN_POINT('E40',(20.920000000000002,-4.114999999999999,
   2.700000000000000));
#1344=CARTESIAN_POINT('E40',(22.870000000000001,-5.240833024919800,
   2.700000000000000));
#1345=CARTESIAN_POINT('E40',(24.819999999999997,-6.366666049839500,
   2.700000000000000));
#1346=CARTESIAN_POINT('E40',(24.819999999999997,-4.114999999999999,
   2.700000000000000));
#1354=(BOUNDED_CURVE()B_SPLINE_CURVE(2,(#1340,#1341,#1342,#1343,
   #1344,#1345,#1346),.CIRCULAR_ARC.,.T.,.U.)
   B_SPLINE_CURVE_WITH_KNOTS((3,2,2,3),(0.0,1.125833024919800,
   2.251666049839500,3.377499074759300),.UNSPECIFIED.)CURVE()
   GEOMETRIC_REPRESENTATION_ITEM()RATIONAL_B_SPLINE_CURVE((1.0,
   0.500000000000000,1.0,0.500000000000000,1.0,0.500000000000000,1.0)
   )REPRESENTATION_ITEM('E40'));
#1355=EDGE_CURVE('E40',#1339,#1339,#1354,.T.);
#1356=ORIENTED_EDGE('E40',*,*,#1355,.T.);
#1357=EDGE_LOOP('F16',(#1356));
#1358=FACE_OUTER_BOUND('F16',#1357,.T.);
#1359=ADVANCED_FACE('F16',(#1358),#1337,.F.);
#1360=CARTESIAN_POINT('F17',(24.819999999999997,-4.114999999999999,
   2.700000000000000));
#1361=CARTESIAN_POINT('F17',(24.819999999999997,-1.863333950160460,
   2.700000000000000));
#1362=CARTESIAN_POINT('F17',(22.870000000000001,-2.989166975080200,
   2.700000000000000));
#1363=CARTESIAN_POINT('F17',(20.920000000000002,-4.114999999999999,
   2.700000000000000));
#1364=CARTESIAN_POINT('F17',(22.870000000000001,-5.240833024919800,
   2.700000000000000));
#1365=CARTESIAN_POINT('F17',(24.819999999999997,-6.366666049839600,
   2.700000000000000));
#1366=CARTESIAN_POINT('F17',(24.819999999999997,-4.114999999999999,
   2.700000000000000));
#1367=CARTESIAN_POINT('F17',(24.819999999999997,-4.114999999999999,
   6.700000000000000));
#1368=CARTESIAN_POINT('F17',(24.819999999999997,-1.863333950160460,
   6.700000000000000));
#1369=CARTESIAN_POINT('F17',(22.870000000000001,-2.989166975080200,
   6.700000000000000));
#1370=CARTESIAN_POINT('F17',(20.920000000000002,-4.114999999999999,
   6.700000000000000));
#1371=CARTESIAN_POINT('F17',(22.870000000000001,-5.240833024919800,
   6.700000000000000));
#1372=CARTESIAN_POINT('F17',(24.819999999999997,-6.366666049839600,
   6.700000000000000));
#1373=CARTESIAN_POINT('F17',(24.819999999999997,-4.114999999999999,
   6.700000000000000));
#1381=(BOUNDED_SURFACE()B_SPLINE_SURFACE(2,1,((#1360,#1367),(
   #1361,#1368),(#1362,#1369),(#1363,#1370),(#1364,#1371),(
   #1365,#1372),(#1366,#1373)),.CYLINDRICAL_SURF.,.T.,.F.,.U.)
   B_SPLINE_SURFACE_WITH_KNOTS((3,2,2,3),(2,2),(0.0,
   1.125833024919800,2.251666049839500,3.377499074759300),(0.0,1.0),
   .UNSPECIFIED.)GEOMETRIC_REPRESENTATION_ITEM()
   RATIONAL_B_SPLINE_SURFACE(((1.0,1.0),(0.500000000000000,
   0.500000000000000),(1.0,1.0),(0.500000000000000,
   0.500000000000000),(1.0,1.0),(0.500000000000000,
   0.500000000000000),(1.0,1.0)))REPRESENTATION_ITEM('F17')SURFACE(
   ));
#1382=CARTESIAN_POINT('V28',(24.819999999999997,-4.114999999999999,
   6.700000000000000));
#1383=VERTEX_POINT('V28',#1382);
#1384=CARTESIAN_POINT('E41',(24.819999999999997,-4.114999999999999,
   2.700000000000000));
#1385=CARTESIAN_POINT('E41',(24.819999999999997,-4.114999999999999,
   6.700000000000000));
#1386=QUASI_UNIFORM_CURVE('E41',1,(#1384,#1385),.POLYLINE_FORM.,.F.,
   .U.);
#1387=EDGE_CURVE('E41',#1339,#1383,#1386,.T.);
#1388=ORIENTED_EDGE('E41',*,*,#1387,.T.);
#1389=CARTESIAN_POINT('E42',(24.819999999999997,-4.114999999999999,
   6.700000000000000));
#1390=CARTESIAN_POINT('E42',(24.819999999999997,-6.366666049839500,
   6.700000000000000));
#1391=CARTESIAN_POINT('E42',(22.870000000000001,-5.240833024919800,
   6.700000000000000));
#1392=CARTESIAN_POINT('E42',(20.920000000000002,-4.114999999999999,
   6.700000000000000));
#1393=CARTESIAN_POINT('E42',(22.870000000000001,-2.989166975080200,
   6.700000000000000));
#1394=CARTESIAN_POINT('E42',(24.819999999999997,-1.863333950160500,
   6.700000000000000));
#1395=CARTESIAN_POINT('E42',(24.819999999999997,-4.114999999999999,
   6.700000000000000));
#1403=(BOUNDED_CURVE()B_SPLINE_CURVE(2,(#1389,#1390,#1391,#1392,
   #1393,#1394,#1395),.CIRCULAR_ARC.,.T.,.U.)
   B_SPLINE_CURVE_WITH_KNOTS((3,2,2,3),(0.0,1.125833024919800,
   2.251666049839500,3.377499074759300),.UNSPECIFIED.)CURVE()
   GEOMETRIC_REPRESENTATION_ITEM()RATIONAL_B_SPLINE_CURVE((1.0,
   0.500000000000000,1.0,0.500000000000000,1.0,0.500000000000000,1.0)
   )REPRESENTATION_ITEM('E42'));
#1404=EDGE_CURVE('E42',#1383,#1383,#1403,.T.);
#1405=ORIENTED_EDGE('E42',*,*,#1404,.F.);
#1406=ORIENTED_EDGE('E41',*,*,#1387,.F.);
#1407=ORIENTED_EDGE('F16',*,*,#1355,.F.);
#1408=EDGE_LOOP('F17',(#1388,#1405,#1406,#1407));
#1409=FACE_OUTER_BOUND('F17',#1408,.T.);
#1410=ADVANCED_FACE('F17',(#1409),#1381,.F.);
#1411=CARTESIAN_POINT('F18',(20.662116167510998,-6.590000000000001,
   6.700000000000000));
#1412=CARTESIAN_POINT('F18',(26.377883832488997,-6.590000000000001,
   6.700000000000000));
#1413=CARTESIAN_POINT('F18',(20.662116167510998,-1.640000000000000,
   6.700000000000000));
#1414=CARTESIAN_POINT('F18',(26.377883832488997,-1.640000000000000,
   6.700000000000000));
#1415=QUASI_UNIFORM_SURFACE('F18',1,1,((#1411,#1413),(#1412,#1414))
,.PLANE_SURF.,.F.,.F.,.U.);
#1416=CARTESIAN_POINT('V15',(26.118076211353003,-4.114999999999999,
   6.700000000000000));
#1417=VERTEX_POINT('V15',#1416);
#1418=CARTESIAN_POINT('V16',(24.819038105676999,-6.365000000000000,
   6.700000000000000));
#1419=VERTEX_POINT('V16',#1418);
#1420=CARTESIAN_POINT('E21',(26.118076211353003,-4.114999999999999,
   6.700000000000000));
#1421=CARTESIAN_POINT('E21',(24.819038105676999,-6.365000000000000,
   6.700000000000000));
#1422=QUASI_UNIFORM_CURVE('E21',1,(#1420,#1421),.POLYLINE_FORM.,.F.,
   .U.);
#1423=EDGE_CURVE('E21',#1417,#1419,#1422,.T.);
#1424=ORIENTED_EDGE('E21',*,*,#1423,.F.);
#1425=CARTESIAN_POINT('V24',(24.819038105676999,-1.865000000000000,
   6.700000000000000));
#1426=VERTEX_POINT('V24',#1425);
#1427=CARTESIAN_POINT('E36',(24.819038105676999,-1.865000000000000,
   6.700000000000000));
#1428=CARTESIAN_POINT('E36',(26.118076211353003,-4.114999999999999,
   6.700000000000000));
#1429=QUASI_UNIFORM_CURVE('E36',1,(#1427,#1428),.POLYLINE_FORM.,.F.,
   .U.);
#1430=EDGE_CURVE('E36',#1426,#1417,#1429,.T.);
#1431=ORIENTED_EDGE('E36',*,*,#1430,.F.);
#1432=CARTESIAN_POINT('V22',(22.220961894322997,-1.865000000000000,
   6.700000000000000));
#1433=VERTEX_POINT('V22',#1432);
#1434=CARTESIAN_POINT('E33',(22.220961894322997,-1.865000000000000,
   6.700000000000000));
#1435=CARTESIAN_POINT('E33',(24.819038105676999,-1.865000000000000,
   6.700000000000000));
#1436=QUASI_UNIFORM_CURVE('E33',1,(#1434,#1435),.POLYLINE_FORM.,.F.,
   .U.);
#1437=EDGE_CURVE('E33',#1433,#1426,#1436,.T.);
#1438=ORIENTED_EDGE('E33',*,*,#1437,.F.);
#1439=CARTESIAN_POINT('V20',(20.921923788647000,-4.114999999999999,
   6.700000000000000));
#1440=VERTEX_POINT('V20',#1439);
#1441=CARTESIAN_POINT('E30',(20.921923788647000,-4.114999999999999,
   6.700000000000000));
#1442=CARTESIAN_POINT('E30',(22.220961894322997,-1.865000000000000,
   6.700000000000000));
#1443=QUASI_UNIFORM_CURVE('E30',1,(#1441,#1442),.POLYLINE_FORM.,.F.,
   .U.);
#1444=EDGE_CURVE('E30',#1440,#1433,#1443,.T.);
#1445=ORIENTED_EDGE('E30',*,*,#1444,.F.);
#1446=CARTESIAN_POINT('V18',(22.220961894322997,-6.365000000000000,
   6.700000000000000));
#1447=VERTEX_POINT('V18',#1446);
#1448=CARTESIAN_POINT('E27',(22.220961894322997,-6.365000000000000,
   6.700000000000000));
#1449=CARTESIAN_POINT('E27',(20.921923788647000,-4.114999999999999,
   6.700000000000000));
#1450=QUASI_UNIFORM_CURVE('E27',1,(#1448,#1449),.POLYLINE_FORM.,.F.,
   .U.);
#1451=EDGE_CURVE('E27',#1447,#1440,#1450,.T.);
#1452=ORIENTED_EDGE('E27',*,*,#1451,.F.);
#1453=CARTESIAN_POINT('E24',(24.819038105676999,-6.365000000000000,
   6.700000000000000));
#1454=CARTESIAN_POINT('E24',(22.220961894322997,-6.365000000000000,
   6.700000000000000));
#1455=QUASI_UNIFORM_CURVE('E24',1,(#1453,#1454),.POLYLINE_FORM.,.F.,
   .U.);
#1456=EDGE_CURVE('E24',#1419,#1447,#1455,.T.);
#1457=ORIENTED_EDGE('E24',*,*,#1456,.F.);
#1458=EDGE_LOOP('F18',(#1424,#1431,#1438,#1445,#1452,#1457));
#1459=FACE_OUTER_BOUND('F18',#1458,.T.);
#1460=ORIENTED_EDGE('E42',*,*,#1404,.T.);
#1461=EDGE_LOOP('F18',(#1460));
#1462=FACE_BOUND('F18',#1461,.T.);
#1463=ADVANCED_FACE('F18',(#1459,#1462),#1415,.T.);
#1464=CARTESIAN_POINT('F7',(24.819038105676999,-6.365000000000000,
   -3.100000000000000));
#1465=CARTESIAN_POINT('F7',(26.118076211353003,-4.114999999999999,
   -3.100000000000000));
#1466=CARTESIAN_POINT('F7',(24.819038105676999,-6.365000000000000,
   6.700000000000000));
#1467=CARTESIAN_POINT('F7',(26.118076211353003,-4.114999999999999,
   6.700000000000000));
#1468=B_SPLINE_SURFACE_WITH_KNOTS('F7',1,1,((#1464,#1466),(#1465,
   #1467)),.PLANE_SURF.,.F.,.F.,.U.,(2,2),(2,2),(0.0,1.0),(0.0,
   3.772021758705500),.UNSPECIFIED.);
#1469=CARTESIAN_POINT('V13',(26.118076211353003,-4.114999999999999,
   0.500000000000000));
#1470=VERTEX_POINT('V13',#1469);
#1471=CARTESIAN_POINT('V14',(24.819038105676999,-6.365000000000000,
   0.500000000000000));
#1472=VERTEX_POINT('V14',#1471);
#1473=CARTESIAN_POINT('E19',(26.118076211353003,-4.114999999999999,
   0.500000000000000));
#1474=CARTESIAN_POINT('E19',(24.819038105676999,-6.365000000000000,
   0.500000000000000));
#1475=QUASI_UNIFORM_CURVE('E19',1,(#1473,#1474),.POLYLINE_FORM.,.F.,
   .U.);
#1476=EDGE_CURVE('E19',#1470,#1472,#1475,.T.);
#1477=ORIENTED_EDGE('E19',*,*,#1476,.F.);
#1478=CARTESIAN_POINT('E20',(26.118076211353003,-4.114999999999999,
   6.700000000000000));
#1479=CARTESIAN_POINT('E20',(26.118076211353003,-4.114999999999999,
   0.500000000000000));
#1480=B_SPLINE_CURVE_WITH_KNOTS('E20',1,(#1478,#1479),
   .POLYLINE_FORM.,.F.,.U.,(2,2),(0.0,2.386381112650500),
   .UNSPECIFIED.);
#1481=EDGE_CURVE('E20',#1417,#1470,#1480,.T.);
#1482=ORIENTED_EDGE('E20',*,*,#1481,.F.);
#1483=ORIENTED_EDGE('E21',*,*,#1423,.T.);
#1484=CARTESIAN_POINT('E22',(24.819038105676999,-6.365000000000000,
   0.500000000000000));
#1485=CARTESIAN_POINT('E22',(24.819038105676999,-6.365000000000000,
   6.700000000000000));
#1486=B_SPLINE_CURVE_WITH_KNOTS('E22',1,(#1484,#1485),
   .POLYLINE_FORM.,.F.,.U.,(2,2),(1.385640646055100,
   3.772021758705600),.UNSPECIFIED.);
#1487=EDGE_CURVE('E22',#1472,#1419,#1486,.T.);
#1488=ORIENTED_EDGE('E22',*,*,#1487,.F.);
#1489=EDGE_LOOP('F7',(#1477,#1482,#1483,#1488));
#1490=FACE_OUTER_BOUND('F7',#1489,.T.);
#1491=ADVANCED_FACE('F7',(#1490),#1468,.T.);
#1492=CARTESIAN_POINT('F8',(22.220961894322997,-6.365000000000000,
   -3.100000000000000));
#1493=CARTESIAN_POINT('F8',(24.819038105676999,-6.365000000000000,
   -3.100000000000000));
#1494=CARTESIAN_POINT('F8',(22.220961894322997,-6.365000000000000,
   6.700000000000000));
#1495=CARTESIAN_POINT('F8',(24.819038105676999,-6.365000000000000,
   6.700000000000000));
#1496=B_SPLINE_SURFACE_WITH_KNOTS('F8',1,1,((#1492,#1494),(#1493,
   #1495)),.PLANE_SURF.,.F.,.F.,.U.,(2,2),(2,2),(0.0,1.0),(0.0,
   3.772021758705600),.UNSPECIFIED.);
#1497=CARTESIAN_POINT('V17',(22.220961894322997,-6.365000000000000,
   0.500000000000000));
#1498=VERTEX_POINT('V17',#1497);
#1499=CARTESIAN_POINT('E23',(24.819038105676999,-6.365000000000000,
   0.500000000000000));
#1500=CARTESIAN_POINT('E23',(22.220961894322997,-6.365000000000000,
   0.500000000000000));
#1501=QUASI_UNIFORM_CURVE('E23',1,(#1499,#1500),.POLYLINE_FORM.,.F.,
   .U.);
#1502=EDGE_CURVE('E23',#1472,#1498,#1501,.T.);
#1503=ORIENTED_EDGE('E23',*,*,#1502,.F.);
#1504=ORIENTED_EDGE('F7',*,*,#1487,.T.);
#1505=ORIENTED_EDGE('F18',*,*,#1456,.T.);
#1506=CARTESIAN_POINT('E25',(22.220961894322997,-6.365000000000000,
   0.500000000000000));
#1507=CARTESIAN_POINT('E25',(22.220961894322997,-6.365000000000000,
   6.700000000000000));
#1508=B_SPLINE_CURVE_WITH_KNOTS('E25',1,(#1506,#1507),
   .POLYLINE_FORM.,.F.,.U.,(2,2),(1.385640646055100,
   3.772021758705600),.UNSPECIFIED.);
#1509=EDGE_CURVE('E25',#1498,#1447,#1508,.T.);
#1510=ORIENTED_EDGE('E25',*,*,#1509,.F.);
#1511=EDGE_LOOP('F8',(#1503,#1504,#1505,#1510));
#1512=FACE_OUTER_BOUND('F8',#1511,.T.);
#1513=ADVANCED_FACE('F8',(#1512),#1496,.T.);
#1514=CARTESIAN_POINT('F9',(20.921923788647000,-4.114999999999999,
   -3.100000000000000));
#1515=CARTESIAN_POINT('F9',(22.220961894322997,-6.365000000000000,
   -3.100000000000000));
#1516=CARTESIAN_POINT('F9',(20.921923788647000,-4.114999999999999,
   6.700000000000000));
#1517=CARTESIAN_POINT('F9',(22.220961894322997,-6.365000000000000,
   6.700000000000000));
#1518=B_SPLINE_SURFACE_WITH_KNOTS('F9',1,1,((#1514,#1516),(#1515,
   #1517)),.PLANE_SURF.,.F.,.F.,.U.,(2,2),(2,2),(0.0,1.0),(0.0,
   3.772021758705600),.UNSPECIFIED.);
#1519=CARTESIAN_POINT('V19',(20.921923788647000,-4.114999999999999,
   0.500000000000000));
#1520=VERTEX_POINT('V19',#1519);
#1521=CARTESIAN_POINT('E26',(22.220961894322997,-6.365000000000000,
   0.500000000000000));
#1522=CARTESIAN_POINT('E26',(20.921923788647000,-4.114999999999999,
   0.500000000000000));
#1523=QUASI_UNIFORM_CURVE('E26',1,(#1521,#1522),.POLYLINE_FORM.,.F.,
   .U.);
#1524=EDGE_CURVE('E26',#1498,#1520,#1523,.T.);
#1525=ORIENTED_EDGE('E26',*,*,#1524,.F.);
#1526=ORIENTED_EDGE('F8',*,*,#1509,.T.);
#1527=ORIENTED_EDGE('E27',*,*,#1451,.T.);
#1528=CARTESIAN_POINT('E28',(20.921923788647000,-4.114999999999999,
   0.500000000000000));
#1529=CARTESIAN_POINT('E28',(20.921923788647000,-4.114999999999999,
   6.700000000000000));
#1530=B_SPLINE_CURVE_WITH_KNOTS('E28',1,(#1528,#1529),
   .POLYLINE_FORM.,.F.,.U.,(2,2),(1.385640646055100,
   3.772021758705500),.UNSPECIFIED.);
#1531=EDGE_CURVE('E28',#1520,#1440,#1530,.T.);
#1532=ORIENTED_EDGE('E28',*,*,#1531,.F.);
#1533=EDGE_LOOP('F9',(#1525,#1526,#1527,#1532));
#1534=FACE_OUTER_BOUND('F9',#1533,.T.);
#1535=ADVANCED_FACE('F9',(#1534),#1518,.T.);
#1536=CARTESIAN_POINT('F10',(22.220961894322997,-1.865000000000000,
   -3.100000000000000));
#1537=CARTESIAN_POINT('F10',(20.921923788647000,-4.114999999999999,
   -3.100000000000000));
#1538=CARTESIAN_POINT('F10',(22.220961894322997,-1.865000000000000,
   6.700000000000000));
#1539=CARTESIAN_POINT('F10',(20.921923788647000,-4.114999999999999,
   6.700000000000000));
#1540=B_SPLINE_SURFACE_WITH_KNOTS('F10',1,1,((#1536,#1538),(#1537,
   #1539)),.PLANE_SURF.,.F.,.F.,.U.,(2,2),(2,2),(0.0,1.0),(0.0,
   3.772021758705500),.UNSPECIFIED.);
#1541=CARTESIAN_POINT('V21',(22.220961894322997,-1.865000000000000,
   0.500000000000000));
#1542=VERTEX_POINT('V21',#1541);
#1543=CARTESIAN_POINT('E29',(20.921923788647000,-4.114999999999999,
   0.500000000000000));
#1544=CARTESIAN_POINT('E29',(22.220961894322997,-1.865000000000000,
   0.500000000000000));
#1545=QUASI_UNIFORM_CURVE('E29',1,(#1543,#1544),.POLYLINE_FORM.,.F.,
   .U.);
#1546=EDGE_CURVE('E29',#1520,#1542,#1545,.T.);
#1547=ORIENTED_EDGE('E29',*,*,#1546,.F.);
#1548=ORIENTED_EDGE('F9',*,*,#1531,.T.);
#1549=ORIENTED_EDGE('E30',*,*,#1444,.T.);
#1550=CARTESIAN_POINT('E31',(22.220961894322997,-1.865000000000000,
   0.500000000000000));
#1551=CARTESIAN_POINT('E31',(22.220961894322997,-1.865000000000000,
   6.700000000000000));
#1552=B_SPLINE_CURVE_WITH_KNOTS('E31',1,(#1550,#1551),
   .POLYLINE_FORM.,.F.,.U.,(2,2),(1.385640646055100,
   3.772021758705600),.UNSPECIFIED.);
#1553=EDGE_CURVE('E31',#1542,#1433,#1552,.T.);
#1554=ORIENTED_EDGE('E31',*,*,#1553,.F.);
#1555=EDGE_LOOP('F10',(#1547,#1548,#1549,#1554));
#1556=FACE_OUTER_BOUND('F10',#1555,.T.);
#1557=ADVANCED_FACE('F10',(#1556),#1540,.T.);
#1558=CARTESIAN_POINT('F11',(24.819038105676999,-1.865000000000000,
   -3.100000000000000));
#1559=CARTESIAN_POINT('F11',(22.220961894322997,-1.865000000000000,
   -3.100000000000000));
#1560=CARTESIAN_POINT('F11',(24.819038105676999,-1.865000000000000,
   6.700000000000000));
#1561=CARTESIAN_POINT('F11',(22.220961894322997,-1.865000000000000,
   6.700000000000000));
#1562=B_SPLINE_SURFACE_WITH_KNOTS('F11',1,1,((#1558,#1560),(#1559,
   #1561)),.PLANE_SURF.,.F.,.F.,.U.,(2,2),(2,2),(0.0,1.0),(0.0,
   3.772021758705600),.UNSPECIFIED.);
#1563=CARTESIAN_POINT('V23',(24.819038105676999,-1.865000000000000,
   0.500000000000000));
#1564=VERTEX_POINT('V23',#1563);
#1565=CARTESIAN_POINT('E32',(22.220961894322997,-1.865000000000000,
   0.500000000000000));
#1566=CARTESIAN_POINT('E32',(24.819038105676999,-1.865000000000000,
   0.500000000000000));
#1567=QUASI_UNIFORM_CURVE('E32',1,(#1565,#1566),.POLYLINE_FORM.,.F.,
   .U.);
#1568=EDGE_CURVE('E32',#1542,#1564,#1567,.T.);
#1569=ORIENTED_EDGE('E32',*,*,#1568,.F.);
#1570=ORIENTED_EDGE('F10',*,*,#1553,.T.);
#1571=ORIENTED_EDGE('E33',*,*,#1437,.T.);
#1572=CARTESIAN_POINT('E34',(24.819038105676999,-1.865000000000000,
   0.500000000000000));
#1573=CARTESIAN_POINT('E34',(24.819038105676999,-1.865000000000000,
   6.700000000000000));
#1574=B_SPLINE_CURVE_WITH_KNOTS('E34',1,(#1572,#1573),
   .POLYLINE_FORM.,.F.,.U.,(2,2),(1.385640646055100,
   3.772021758705600),.UNSPECIFIED.);
#1575=EDGE_CURVE('E34',#1564,#1426,#1574,.T.);
#1576=ORIENTED_EDGE('E34',*,*,#1575,.F.);
#1577=EDGE_LOOP('F11',(#1569,#1570,#1571,#1576));
#1578=FACE_OUTER_BOUND('F11',#1577,.T.);
#1579=ADVANCED_FACE('F11',(#1578),#1562,.T.);
#1580=CARTESIAN_POINT('F12',(26.118076211353003,-4.114999999999999,
   -3.100000000000000));
#1581=CARTESIAN_POINT('F12',(24.819038105676999,-1.865000000000000,
   -3.100000000000000));
#1582=CARTESIAN_POINT('F12',(26.118076211353003,-4.114999999999999,
   6.700000000000000));
#1583=CARTESIAN_POINT('F12',(24.819038105676999,-1.865000000000000,
   6.700000000000000));
#1584=B_SPLINE_SURFACE_WITH_KNOTS('F12',1,1,((#1580,#1582),(#1581,
   #1583)),.PLANE_SURF.,.F.,.F.,.U.,(2,2),(2,2),(0.0,1.0),(0.0,
   3.772021758705600),.UNSPECIFIED.);
#1585=CARTESIAN_POINT('E35',(24.819038105676999,-1.865000000000000,
   0.500000000000000));
#1586=CARTESIAN_POINT('E35',(26.118076211353003,-4.114999999999999,
   0.500000000000000));
#1587=QUASI_UNIFORM_CURVE('E35',1,(#1585,#1586),.POLYLINE_FORM.,.F.,
   .U.);
#1588=EDGE_CURVE('E35',#1564,#1470,#1587,.T.);
#1589=ORIENTED_EDGE('E35',*,*,#1588,.F.);
#1590=ORIENTED_EDGE('F11',*,*,#1575,.T.);
#1591=ORIENTED_EDGE('E36',*,*,#1430,.T.);
#1592=ORIENTED_EDGE('E20',*,*,#1481,.T.);
#1593=EDGE_LOOP('F12',(#1589,#1590,#1591,#1592));
#1594=FACE_OUTER_BOUND('F12',#1593,.T.);
#1595=ADVANCED_FACE('F12',(#1594),#1584,.T.);
#1596=CARTESIAN_POINT('F13',(-24.949999999999999,-2.699667054386600,
   2.700000000000000));
#1597=CARTESIAN_POINT('F13',(-22.090000000000000,-2.699667054386600,
   2.700000000000000));
#1598=CARTESIAN_POINT('F13',(-24.949999999999999,-5.530332945613400,
   2.700000000000000));
#1599=CARTESIAN_POINT('F13',(-22.090000000000000,-5.530332945613400,
   2.700000000000000));
#1600=QUASI_UNIFORM_SURFACE('F13',1,1,((#1596,#1598),(#1597,#1599))
,.PLANE_SURF.,.F.,.F.,.U.);
#1601=CARTESIAN_POINT('V25',(-22.219999999999999,-4.114999999999999,
   2.700000000000000));
#1602=VERTEX_POINT('V25',#1601);
#1603=CARTESIAN_POINT('E37',(-22.219999999999999,-4.114999999999999,
   2.700000000000000));
#1604=CARTESIAN_POINT('E37',(-22.219999999999999,-1.863333950160500,
   2.700000000000000));
#1605=CARTESIAN_POINT('E37',(-24.170000000000002,-2.989166975080200,
   2.700000000000000));
#1606=CARTESIAN_POINT('E37',(-26.120000000000001,-4.114999999999999,
   2.700000000000000));
#1607=CARTESIAN_POINT('E37',(-24.170000000000002,-5.240833024919800,
   2.700000000000000));
#1608=CARTESIAN_POINT('E37',(-22.219999999999999,-6.366666049839500,
   2.700000000000000));
#1609=CARTESIAN_POINT('E37',(-22.219999999999999,-4.114999999999999,
   2.700000000000000));
#1617=(BOUNDED_CURVE()B_SPLINE_CURVE(2,(#1603,#1604,#1605,#1606,
   #1607,#1608,#1609),.CIRCULAR_ARC.,.T.,.U.)
   B_SPLINE_CURVE_WITH_KNOTS((3,2,2,3),(0.0,1.125833024919800,
   2.251666049839500,3.377499074759300),.UNSPECIFIED.)CURVE()
   GEOMETRIC_REPRESENTATION_ITEM()RATIONAL_B_SPLINE_CURVE((1.0,
   0.500000000000000,1.0,0.500000000000000,1.0,0.500000000000000,1.0)
   )REPRESENTATION_ITEM('E37'));
#1618=EDGE_CURVE('E37',#1602,#1602,#1617,.T.);
#1619=ORIENTED_EDGE('E37',*,*,#1618,.T.);
#1620=EDGE_LOOP('F13',(#1619));
#1621=FACE_OUTER_BOUND('F13',#1620,.T.);
#1622=ADVANCED_FACE('F13',(#1621),#1600,.F.);
#1623=CARTESIAN_POINT('F14',(-22.219999999999999,-4.114999999999999,
   2.700000000000000));
#1624=CARTESIAN_POINT('F14',(-22.219999999999999,-1.863333950160460,
   2.700000000000000));
#1625=CARTESIAN_POINT('F14',(-24.170000000000002,-2.989166975080200,
   2.700000000000000));
#1626=CARTESIAN_POINT('F14',(-26.120000000000001,-4.114999999999999,
   2.700000000000000));
#1627=CARTESIAN_POINT('F14',(-24.170000000000002,-5.240833024919800,
   2.700000000000000));
#1628=CARTESIAN_POINT('F14',(-22.219999999999999,-6.366666049839600,
   2.700000000000000));
#1629=CARTESIAN_POINT('F14',(-22.219999999999999,-4.114999999999999,
   2.700000000000000));
#1630=CARTESIAN_POINT('F14',(-22.219999999999999,-4.114999999999999,
   6.700000000000000));
#1631=CARTESIAN_POINT('F14',(-22.219999999999999,-1.863333950160460,
   6.700000000000000));
#1632=CARTESIAN_POINT('F14',(-24.170000000000002,-2.989166975080200,
   6.700000000000000));
#1633=CARTESIAN_POINT('F14',(-26.120000000000001,-4.114999999999999,
   6.700000000000000));
#1634=CARTESIAN_POINT('F14',(-24.170000000000002,-5.240833024919800,
   6.700000000000000));
#1635=CARTESIAN_POINT('F14',(-22.219999999999999,-6.366666049839600,
   6.700000000000000));
#1636=CARTESIAN_POINT('F14',(-22.219999999999999,-4.114999999999999,
   6.700000000000000));
#1644=(BOUNDED_SURFACE()B_SPLINE_SURFACE(2,1,((#1623,#1630),(
   #1624,#1631),(#1625,#1632),(#1626,#1633),(#1627,#1634),(
   #1628,#1635),(#1629,#1636)),.CYLINDRICAL_SURF.,.T.,.F.,.U.)
   B_SPLINE_SURFACE_WITH_KNOTS((3,2,2,3),(2,2),(0.0,
   1.125833024919800,2.251666049839500,3.377499074759300),(0.0,1.0),
   .UNSPECIFIED.)GEOMETRIC_REPRESENTATION_ITEM()
   RATIONAL_B_SPLINE_SURFACE(((1.0,1.0),(0.500000000000000,
   0.500000000000000),(1.0,1.0),(0.500000000000000,
   0.500000000000000),(1.0,1.0),(0.500000000000000,
   0.500000000000000),(1.0,1.0)))REPRESENTATION_ITEM('F14')SURFACE(
   ));
#1645=CARTESIAN_POINT('V26',(-22.219999999999999,-4.114999999999999,
   6.700000000000000));
#1646=VERTEX_POINT('V26',#1645);
#1647=CARTESIAN_POINT('E38',(-22.219999999999999,-4.114999999999999,
   2.700000000000000));
#1648=CARTESIAN_POINT('E38',(-22.219999999999999,-4.114999999999999,
   6.700000000000000));
#1649=QUASI_UNIFORM_CURVE('E38',1,(#1647,#1648),.POLYLINE_FORM.,.F.,
   .U.);
#1650=EDGE_CURVE('E38',#1602,#1646,#1649,.T.);
#1651=ORIENTED_EDGE('E38',*,*,#1650,.T.);
#1652=CARTESIAN_POINT('E39',(-22.219999999999999,-4.114999999999999,
   6.700000000000000));
#1653=CARTESIAN_POINT('E39',(-22.219999999999999,-6.366666049839500,
   6.700000000000000));
#1654=CARTESIAN_POINT('E39',(-24.170000000000002,-5.240833024919800,
   6.700000000000000));
#1655=CARTESIAN_POINT('E39',(-26.120000000000001,-4.114999999999999,
   6.700000000000000));
#1656=CARTESIAN_POINT('E39',(-24.170000000000002,-2.989166975080200,
   6.700000000000000));
#1657=CARTESIAN_POINT('E39',(-22.219999999999999,-1.863333950160500,
   6.700000000000000));
#1658=CARTESIAN_POINT('E39',(-22.219999999999999,-4.114999999999999,
   6.700000000000000));
#1666=(BOUNDED_CURVE()B_SPLINE_CURVE(2,(#1652,#1653,#1654,#1655,
   #1656,#1657,#1658),.CIRCULAR_ARC.,.T.,.U.)
   B_SPLINE_CURVE_WITH_KNOTS((3,2,2,3),(0.0,1.125833024919800,
   2.251666049839500,3.377499074759300),.UNSPECIFIED.)CURVE()
   GEOMETRIC_REPRESENTATION_ITEM()RATIONAL_B_SPLINE_CURVE((1.0,
   0.500000000000000,1.0,0.500000000000000,1.0,0.500000000000000,1.0)
   )REPRESENTATION_ITEM('E39'));
#1667=EDGE_CURVE('E39',#1646,#1646,#1666,.T.);
#1668=ORIENTED_EDGE('E39',*,*,#1667,.F.);
#1669=ORIENTED_EDGE('E38',*,*,#1650,.F.);
#1670=ORIENTED_EDGE('F13',*,*,#1618,.F.);
#1671=EDGE_LOOP('F14',(#1651,#1668,#1669,#1670));
#1672=FACE_OUTER_BOUND('F14',#1671,.T.);
#1673=ADVANCED_FACE('F14',(#1672),#1644,.F.);
#1674=CARTESIAN_POINT('F15',(-26.377883832488997,-6.590000000000001,
   6.700000000000000));
#1675=CARTESIAN_POINT('F15',(-20.662116167510998,-6.590000000000001,
   6.700000000000000));
#1676=CARTESIAN_POINT('F15',(-26.377883832488997,-1.640000000000000,
   6.700000000000000));
#1677=CARTESIAN_POINT('F15',(-20.662116167510998,-1.640000000000000,
   6.700000000000000));
#1678=QUASI_UNIFORM_SURFACE('F15',1,1,((#1674,#1676),(#1675,#1677))
,.PLANE_SURF.,.F.,.F.,.U.);
#1679=CARTESIAN_POINT('V3',(-20.921923788647000,-4.114999999999999,
   6.700000000000000));
#1680=VERTEX_POINT('V3',#1679);
#1681=CARTESIAN_POINT('V4',(-22.220961894322997,-6.365000000000000,
   6.700000000000000));
#1682=VERTEX_POINT('V4',#1681);
#1683=CARTESIAN_POINT('E3',(-20.921923788647000,-4.114999999999999,
   6.700000000000000));
#1684=CARTESIAN_POINT('E3',(-22.220961894322997,-6.365000000000000,
   6.700000000000000));
#1685=QUASI_UNIFORM_CURVE('E3',1,(#1683,#1684),.POLYLINE_FORM.,.F.,
   .U.);
#1686=EDGE_CURVE('E3',#1680,#1682,#1685,.T.);
#1687=ORIENTED_EDGE('E3',*,*,#1686,.F.);
#1688=CARTESIAN_POINT('V12',(-22.220961894322997,-1.865000000000000,
   6.700000000000000));
#1689=VERTEX_POINT('V12',#1688);
#1690=CARTESIAN_POINT('E18',(-22.220961894322997,-1.865000000000000,
   6.700000000000000));
#1691=CARTESIAN_POINT('E18',(-20.921923788647000,-4.114999999999999,
   6.700000000000000));
#1692=QUASI_UNIFORM_CURVE('E18',1,(#1690,#1691),.POLYLINE_FORM.,.F.,
   .U.);
#1693=EDGE_CURVE('E18',#1689,#1680,#1692,.T.);
#1694=ORIENTED_EDGE('E18',*,*,#1693,.F.);
#1695=CARTESIAN_POINT('V10',(-24.819038105676999,-1.865000000000000,
   6.700000000000000));
#1696=VERTEX_POINT('V10',#1695);
#1697=CARTESIAN_POINT('E15',(-24.819038105676999,-1.865000000000000,
   6.700000000000000));
#1698=CARTESIAN_POINT('E15',(-22.220961894322997,-1.865000000000000,
   6.700000000000000));
#1699=QUASI_UNIFORM_CURVE('E15',1,(#1697,#1698),.POLYLINE_FORM.,.F.,
   .U.);
#1700=EDGE_CURVE('E15',#1696,#1689,#1699,.T.);
#1701=ORIENTED_EDGE('E15',*,*,#1700,.F.);
#1702=CARTESIAN_POINT('V8',(-26.118076211353003,-4.114999999999999,
   6.700000000000000));
#1703=VERTEX_POINT('V8',#1702);
#1704=CARTESIAN_POINT('E12',(-26.118076211353003,-4.114999999999999,
   6.700000000000000));
#1705=CARTESIAN_POINT('E12',(-24.819038105676999,-1.865000000000000,
   6.700000000000000));
#1706=QUASI_UNIFORM_CURVE('E12',1,(#1704,#1705),.POLYLINE_FORM.,.F.,
   .U.);
#1707=EDGE_CURVE('E12',#1703,#1696,#1706,.T.);
#1708=ORIENTED_EDGE('E12',*,*,#1707,.F.);
#1709=CARTESIAN_POINT('V6',(-24.819038105676999,-6.365000000000000,
   6.700000000000000));
#1710=VERTEX_POINT('V6',#1709);
#1711=CARTESIAN_POINT('E9',(-24.819038105676999,-6.365000000000000,
   6.700000000000000));
#1712=CARTESIAN_POINT('E9',(-26.118076211353003,-4.114999999999999,
   6.700000000000000));
#1713=QUASI_UNIFORM_CURVE('E9',1,(#1711,#1712),.POLYLINE_FORM.,.F.,
   .U.);
#1714=EDGE_CURVE('E9',#1710,#1703,#1713,.T.);
#1715=ORIENTED_EDGE('E9',*,*,#1714,.F.);
#1716=CARTESIAN_POINT('E6',(-22.220961894322997,-6.365000000000000,
   6.700000000000000));
#1717=CARTESIAN_POINT('E6',(-24.819038105676999,-6.365000000000000,
   6.700000000000000));
#1718=QUASI_UNIFORM_CURVE('E6',1,(#1716,#1717),.POLYLINE_FORM.,.F.,
   .U.);
#1719=EDGE_CURVE('E6',#1682,#1710,#1718,.T.);
#1720=ORIENTED_EDGE('E6',*,*,#1719,.F.);
#1721=EDGE_LOOP('F15',(#1687,#1694,#1701,#1708,#1715,#1720));
#1722=FACE_OUTER_BOUND('F15',#1721,.T.);
#1723=ORIENTED_EDGE('E39',*,*,#1667,.T.);
#1724=EDGE_LOOP('F15',(#1723));
#1725=FACE_BOUND('F15',#1724,.T.);
#1726=ADVANCED_FACE('F15',(#1722,#1725),#1678,.T.);
#1727=CARTESIAN_POINT('F1',(-22.220961894322997,-6.365000000000000,
   -3.100000000000000));
#1728=CARTESIAN_POINT('F1',(-20.921923788647000,-4.114999999999999,
   -3.100000000000000));
#1729=CARTESIAN_POINT('F1',(-22.220961894322997,-6.365000000000000,
   6.700000000000000));
#1730=CARTESIAN_POINT('F1',(-20.921923788647000,-4.114999999999999,
   6.700000000000000));
#1731=B_SPLINE_SURFACE_WITH_KNOTS('F1',1,1,((#1727,#1729),(#1728,
   #1730)),.PLANE_SURF.,.F.,.F.,.U.,(2,2),(2,2),(0.0,1.0),(0.0,
   3.772021758705500),.UNSPECIFIED.);
#1732=CARTESIAN_POINT('V1',(-20.921923788647000,-4.114999999999999,
   0.500000000000000));
#1733=VERTEX_POINT('V1',#1732);
#1734=CARTESIAN_POINT('V2',(-22.220961894322997,-6.365000000000000,
   0.500000000000000));
#1735=VERTEX_POINT('V2',#1734);
#1736=CARTESIAN_POINT('E1',(-20.921923788647000,-4.114999999999999,
   0.500000000000000));
#1737=CARTESIAN_POINT('E1',(-22.220961894322997,-6.365000000000000,
   0.500000000000000));
#1738=QUASI_UNIFORM_CURVE('E1',1,(#1736,#1737),.POLYLINE_FORM.,.F.,
   .U.);
#1739=EDGE_CURVE('E1',#1733,#1735,#1738,.T.);
#1740=ORIENTED_EDGE('E1',*,*,#1739,.F.);
#1741=CARTESIAN_POINT('E2',(-20.921923788647000,-4.114999999999999,
   6.700000000000000));
#1742=CARTESIAN_POINT('E2',(-20.921923788647000,-4.114999999999999,
   0.500000000000000));
#1743=B_SPLINE_CURVE_WITH_KNOTS('E2',1,(#1741,#1742),.POLYLINE_FORM.,
   .F.,.U.,(2,2),(0.0,2.386381112650500),.UNSPECIFIED.);
#1744=EDGE_CURVE('E2',#1680,#1733,#1743,.T.);
#1745=ORIENTED_EDGE('E2',*,*,#1744,.F.);
#1746=ORIENTED_EDGE('E3',*,*,#1686,.T.);
#1747=CARTESIAN_POINT('E4',(-22.220961894322997,-6.365000000000000,
   0.500000000000000));
#1748=CARTESIAN_POINT('E4',(-22.220961894322997,-6.365000000000000,
   6.700000000000000));
#1749=B_SPLINE_CURVE_WITH_KNOTS('E4',1,(#1747,#1748),.POLYLINE_FORM.,
   .F.,.U.,(2,2),(1.385640646055100,3.772021758705600),
   .UNSPECIFIED.);
#1750=EDGE_CURVE('E4',#1735,#1682,#1749,.T.);
#1751=ORIENTED_EDGE('E4',*,*,#1750,.F.);
#1752=EDGE_LOOP('F1',(#1740,#1745,#1746,#1751));
#1753=FACE_OUTER_BOUND('F1',#1752,.T.);
#1754=ADVANCED_FACE('F1',(#1753),#1731,.T.);
#1755=CARTESIAN_POINT('F2',(-24.819038105676999,-6.365000000000000,
   -3.100000000000000));
#1756=CARTESIAN_POINT('F2',(-22.220961894322997,-6.365000000000000,
   -3.100000000000000));
#1757=CARTESIAN_POINT('F2',(-24.819038105676999,-6.365000000000000,
   6.700000000000000));
#1758=CARTESIAN_POINT('F2',(-22.220961894322997,-6.365000000000000,
   6.700000000000000));
#1759=B_SPLINE_SURFACE_WITH_KNOTS('F2',1,1,((#1755,#1757),(#1756,
   #1758)),.PLANE_SURF.,.F.,.F.,.U.,(2,2),(2,2),(0.0,1.0),(0.0,
   3.772021758705600),.UNSPECIFIED.);
#1760=CARTESIAN_POINT('V5',(-24.819038105676999,-6.365000000000000,
   0.500000000000000));
#1761=VERTEX_POINT('V5',#1760);
#1762=CARTESIAN_POINT('E5',(-22.220961894322997,-6.365000000000000,
   0.500000000000000));
#1763=CARTESIAN_POINT('E5',(-24.819038105676999,-6.365000000000000,
   0.500000000000000));
#1764=QUASI_UNIFORM_CURVE('E5',1,(#1762,#1763),.POLYLINE_FORM.,.F.,
   .U.);
#1765=EDGE_CURVE('E5',#1735,#1761,#1764,.T.);
#1766=ORIENTED_EDGE('E5',*,*,#1765,.F.);
#1767=ORIENTED_EDGE('F1',*,*,#1750,.T.);
#1768=ORIENTED_EDGE('F15',*,*,#1719,.T.);
#1769=CARTESIAN_POINT('E7',(-24.819038105676999,-6.365000000000000,
   0.500000000000000));
#1770=CARTESIAN_POINT('E7',(-24.819038105676999,-6.365000000000000,
   6.700000000000000));
#1771=B_SPLINE_CURVE_WITH_KNOTS('E7',1,(#1769,#1770),.POLYLINE_FORM.,
   .F.,.U.,(2,2),(1.385640646055100,3.772021758705600),
   .UNSPECIFIED.);
#1772=EDGE_CURVE('E7',#1761,#1710,#1771,.T.);
#1773=ORIENTED_EDGE('E7',*,*,#1772,.F.);
#1774=EDGE_LOOP('F2',(#1766,#1767,#1768,#1773));
#1775=FACE_OUTER_BOUND('F2',#1774,.T.);
#1776=ADVANCED_FACE('F2',(#1775),#1759,.T.);
#1777=CARTESIAN_POINT('F3',(-26.118076211353003,-4.114999999999999,
   -3.100000000000000));
#1778=CARTESIAN_POINT('F3',(-24.819038105676999,-6.365000000000000,
   -3.100000000000000));
#1779=CARTESIAN_POINT('F3',(-26.118076211353003,-4.114999999999999,
   6.700000000000000));
#1780=CARTESIAN_POINT('F3',(-24.819038105676999,-6.365000000000000,
   6.700000000000000));
#1781=B_SPLINE_SURFACE_WITH_KNOTS('F3',1,1,((#1777,#1779),(#1778,
   #1780)),.PLANE_SURF.,.F.,.F.,.U.,(2,2),(2,2),(0.0,1.0),(0.0,
   3.772021758705600),.UNSPECIFIED.);
#1782=CARTESIAN_POINT('V7',(-26.118076211353003,-4.114999999999999,
   0.500000000000000));
#1783=VERTEX_POINT('V7',#1782);
#1784=CARTESIAN_POINT('E8',(-24.819038105676999,-6.365000000000000,
   0.500000000000000));
#1785=CARTESIAN_POINT('E8',(-26.118076211353003,-4.114999999999999,
   0.500000000000000));
#1786=QUASI_UNIFORM_CURVE('E8',1,(#1784,#1785),.POLYLINE_FORM.,.F.,
   .U.);
#1787=EDGE_CURVE('E8',#1761,#1783,#1786,.T.);
#1788=ORIENTED_EDGE('E8',*,*,#1787,.F.);
#1789=ORIENTED_EDGE('F2',*,*,#1772,.T.);
#1790=ORIENTED_EDGE('E9',*,*,#1714,.T.);
#1791=CARTESIAN_POINT('E10',(-26.118076211353003,-4.114999999999999,
   0.500000000000000));
#1792=CARTESIAN_POINT('E10',(-26.118076211353003,-4.114999999999999,
   6.700000000000000));
#1793=B_SPLINE_CURVE_WITH_KNOTS('E10',1,(#1791,#1792),
   .POLYLINE_FORM.,.F.,.U.,(2,2),(1.385640646055100,
   3.772021758705500),.UNSPECIFIED.);
#1794=EDGE_CURVE('E10',#1783,#1703,#1793,.T.);
#1795=ORIENTED_EDGE('E10',*,*,#1794,.F.);
#1796=EDGE_LOOP('F3',(#1788,#1789,#1790,#1795));
#1797=FACE_OUTER_BOUND('F3',#1796,.T.);
#1798=ADVANCED_FACE('F3',(#1797),#1781,.T.);
#1799=CARTESIAN_POINT('F4',(-24.819038105676999,-1.865000000000000,
   -3.100000000000000));
#1800=CARTESIAN_POINT('F4',(-26.118076211353003,-4.114999999999999,
   -3.100000000000000));
#1801=CARTESIAN_POINT('F4',(-24.819038105676999,-1.865000000000000,
   6.700000000000000));
#1802=CARTESIAN_POINT('F4',(-26.118076211353003,-4.114999999999999,
   6.700000000000000));
#1803=B_SPLINE_SURFACE_WITH_KNOTS('F4',1,1,((#1799,#1801),(#1800,
   #1802)),.PLANE_SURF.,.F.,.F.,.U.,(2,2),(2,2),(0.0,1.0),(0.0,
   3.772021758705500),.UNSPECIFIED.);
#1804=CARTESIAN_POINT('V9',(-24.819038105676999,-1.865000000000000,
   0.500000000000000));
#1805=VERTEX_POINT('V9',#1804);
#1806=CARTESIAN_POINT('E11',(-26.118076211353003,-4.114999999999999,
   0.500000000000000));
#1807=CARTESIAN_POINT('E11',(-24.819038105676999,-1.865000000000000,
   0.500000000000000));
#1808=QUASI_UNIFORM_CURVE('E11',1,(#1806,#1807),.POLYLINE_FORM.,.F.,
   .U.);
#1809=EDGE_CURVE('E11',#1783,#1805,#1808,.T.);
#1810=ORIENTED_EDGE('E11',*,*,#1809,.F.);
#1811=ORIENTED_EDGE('F3',*,*,#1794,.T.);
#1812=ORIENTED_EDGE('E12',*,*,#1707,.T.);
#1813=CARTESIAN_POINT('E13',(-24.819038105676999,-1.865000000000000,
   0.500000000000000));
#1814=CARTESIAN_POINT('E13',(-24.819038105676999,-1.865000000000000,
   6.700000000000000));
#1815=B_SPLINE_CURVE_WITH_KNOTS('E13',1,(#1813,#1814),
   .POLYLINE_FORM.,.F.,.U.,(2,2),(1.385640646055100,
   3.772021758705600),.UNSPECIFIED.);
#1816=EDGE_CURVE('E13',#1805,#1696,#1815,.T.);
#1817=ORIENTED_EDGE('E13',*,*,#1816,.F.);
#1818=EDGE_LOOP('F4',(#1810,#1811,#1812,#1817));
#1819=FACE_OUTER_BOUND('F4',#1818,.T.);
#1820=ADVANCED_FACE('F4',(#1819),#1803,.T.);
#1821=CARTESIAN_POINT('F5',(-22.220961894322997,-1.865000000000000,
   -3.100000000000000));
#1822=CARTESIAN_POINT('F5',(-24.819038105676999,-1.865000000000000,
   -3.100000000000000));
#1823=CARTESIAN_POINT('F5',(-22.220961894322997,-1.865000000000000,
   6.700000000000000));
#1824=CARTESIAN_POINT('F5',(-24.819038105676999,-1.865000000000000,
   6.700000000000000));
#1825=B_SPLINE_SURFACE_WITH_KNOTS('F5',1,1,((#1821,#1823),(#1822,
   #1824)),.PLANE_SURF.,.F.,.F.,.U.,(2,2),(2,2),(0.0,1.0),(0.0,
   3.772021758705600),.UNSPECIFIED.);
#1826=CARTESIAN_POINT('V11',(-22.220961894322997,-1.865000000000000,
   0.500000000000000));
#1827=VERTEX_POINT('V11',#1826);
#1828=CARTESIAN_POINT('E14',(-24.819038105676999,-1.865000000000000,
   0.500000000000000));
#1829=CARTESIAN_POINT('E14',(-22.220961894322997,-1.865000000000000,
   0.500000000000000));
#1830=QUASI_UNIFORM_CURVE('E14',1,(#1828,#1829),.POLYLINE_FORM.,.F.,
   .U.);
#1831=EDGE_CURVE('E14',#1805,#1827,#1830,.T.);
#1832=ORIENTED_EDGE('E14',*,*,#1831,.F.);
#1833=ORIENTED_EDGE('F4',*,*,#1816,.T.);
#1834=ORIENTED_EDGE('E15',*,*,#1700,.T.);
#1835=CARTESIAN_POINT('E16',(-22.220961894322997,-1.865000000000000,
   0.500000000000000));
#1836=CARTESIAN_POINT('E16',(-22.220961894322997,-1.865000000000000,
   6.700000000000000));
#1837=B_SPLINE_CURVE_WITH_KNOTS('E16',1,(#1835,#1836),
   .POLYLINE_FORM.,.F.,.U.,(2,2),(1.385640646055100,
   3.772021758705600),.UNSPECIFIED.);
#1838=EDGE_CURVE('E16',#1827,#1689,#1837,.T.);
#1839=ORIENTED_EDGE('E16',*,*,#1838,.F.);
#1840=EDGE_LOOP('F5',(#1832,#1833,#1834,#1839));
#1841=FACE_OUTER_BOUND('F5',#1840,.T.);
#1842=ADVANCED_FACE('F5',(#1841),#1825,.T.);
#1843=CARTESIAN_POINT('F6',(-20.921923788647000,-4.114999999999999,
   -3.100000000000000));
#1844=CARTESIAN_POINT('F6',(-22.220961894322997,-1.865000000000000,
   -3.100000000000000));
#1845=CARTESIAN_POINT('F6',(-20.921923788647000,-4.114999999999999,
   6.700000000000000));
#1846=CARTESIAN_POINT('F6',(-22.220961894322997,-1.865000000000000,
   6.700000000000000));
#1847=B_SPLINE_SURFACE_WITH_KNOTS('F6',1,1,((#1843,#1845),(#1844,
   #1846)),.PLANE_SURF.,.F.,.F.,.U.,(2,2),(2,2),(0.0,1.0),(0.0,
   3.772021758705600),.UNSPECIFIED.);
#1848=CARTESIAN_POINT('E17',(-22.220961894322997,-1.865000000000000,
   0.500000000000000));
#1849=CARTESIAN_POINT('E17',(-20.921923788647000,-4.114999999999999,
   0.500000000000000));
#1850=QUASI_UNIFORM_CURVE('E17',1,(#1848,#1849),.POLYLINE_FORM.,.F.,
   .U.);
#1851=EDGE_CURVE('E17',#1827,#1733,#1850,.T.);
#1852=ORIENTED_EDGE('E17',*,*,#1851,.F.);
#1853=ORIENTED_EDGE('F5',*,*,#1838,.T.);
#1854=ORIENTED_EDGE('E18',*,*,#1693,.T.);
#1855=ORIENTED_EDGE('E2',*,*,#1744,.T.);
#1856=EDGE_LOOP('F6',(#1852,#1853,#1854,#1855));
#1857=FACE_OUTER_BOUND('F6',#1856,.T.);
#1858=ADVANCED_FACE('F6',(#1857),#1847,.T.);
#1859=CARTESIAN_POINT('F52',(-16.010000000000002,-4.990641174764100,
   6.500000000000000));
#1860=CARTESIAN_POINT('F52',(-17.109999999999999,-4.990641174764100,
   6.500000000000000));
#1861=CARTESIAN_POINT('F52',(-16.010000000000002,-6.079358825235900,
   6.500000000000000));
#1862=CARTESIAN_POINT('F52',(-17.109999999999999,-6.079358825235900,
   6.500000000000000));
#1863=QUASI_UNIFORM_SURFACE('F52',1,1,((#1859,#1861),(#1860,#1862))
,.PLANE_SURF.,.F.,.F.,.U.);
#1864=CARTESIAN_POINT('V87',(-17.059999999999999,-5.535000000000000,
   6.500000000000000));
#1865=VERTEX_POINT('V87',#1864);
#1866=CARTESIAN_POINT('E125',(-17.059999999999999,-5.535000000000000,
   6.500000000000000));
#1867=CARTESIAN_POINT('E125',(-17.059999999999999,-4.668974596215600,
   6.500000000000000));
#1868=CARTESIAN_POINT('E125',(-16.310000000000002,-5.101987298107800,
   6.500000000000000));
#1869=CARTESIAN_POINT('E125',(-15.559999999999999,-5.535000000000000,
   6.500000000000000));
#1870=CARTESIAN_POINT('E125',(-16.310000000000002,-5.968012701892199,
   6.500000000000000));
#1871=CARTESIAN_POINT('E125',(-17.059999999999999,-6.401025403784400,
   6.500000000000000));
#1872=CARTESIAN_POINT('E125',(-17.059999999999999,-5.535000000000000,
   6.500000000000000));
#1880=(BOUNDED_CURVE()B_SPLINE_CURVE(2,(#1866,#1867,#1868,#1869,
   #1870,#1871,#1872),.CIRCULAR_ARC.,.T.,.U.)
   B_SPLINE_CURVE_WITH_KNOTS((3,2,2,3),(0.0,0.333333333333330,
   0.666666666666670,1.0),.UNSPECIFIED.)CURVE()
   GEOMETRIC_REPRESENTATION_ITEM()RATIONAL_B_SPLINE_CURVE((1.0,
   0.500000000000000,1.0,0.500000000000000,1.0,0.500000000000000,1.0)
   )REPRESENTATION_ITEM('E125'));
#1881=EDGE_CURVE('E125',#1865,#1865,#1880,.T.);
#1882=ORIENTED_EDGE('E125',*,*,#1881,.F.);
#1883=EDGE_LOOP('F52',(#1882));
#1884=FACE_OUTER_BOUND('F52',#1883,.T.);
#1885=ADVANCED_FACE('F52',(#1884),#1863,.T.);
#1886=CARTESIAN_POINT('F61',(-17.059999999999999,-5.535000000000000,
   6.500000000000000));
#1887=CARTESIAN_POINT('F61',(-17.059999999999999,-4.668974596215600,
   6.500000000000000));
#1888=CARTESIAN_POINT('F61',(-16.310000000000002,-5.101987298107800,
   6.500000000000000));
#1889=CARTESIAN_POINT('F61',(-15.559999999999999,-5.535000000000000,
   6.500000000000000));
#1890=CARTESIAN_POINT('F61',(-16.310000000000002,-5.968012701892199,
   6.500000000000000));
#1891=CARTESIAN_POINT('F61',(-17.059999999999999,-6.401025403784400,
   6.500000000000000));
#1892=CARTESIAN_POINT('F61',(-17.059999999999999,-5.535000000000000,
   6.500000000000000));
#1893=CARTESIAN_POINT('F61',(-17.059999999999999,-5.535000000000000,
   0.500000000000000));
#1894=CARTESIAN_POINT('F61',(-17.059999999999999,-4.668974596215600,
   0.500000000000000));
#1895=CARTESIAN_POINT('F61',(-16.310000000000002,-5.101987298107800,
   0.500000000000000));
#1896=CARTESIAN_POINT('F61',(-15.559999999999999,-5.535000000000000,
   0.500000000000000));
#1897=CARTESIAN_POINT('F61',(-16.310000000000002,-5.968012701892199,
   0.500000000000000));
#1898=CARTESIAN_POINT('F61',(-17.059999999999999,-6.401025403784400,
   0.500000000000000));
#1899=CARTESIAN_POINT('F61',(-17.059999999999999,-5.535000000000000,
   0.500000000000000));
#1907=(BOUNDED_SURFACE()B_SPLINE_SURFACE(2,1,((#1886,#1893),(
   #1887,#1894),(#1888,#1895),(#1889,#1896),(#1890,#1897),(
   #1891,#1898),(#1892,#1899)),.CYLINDRICAL_SURF.,.T.,.F.,.U.)
   B_SPLINE_SURFACE_WITH_KNOTS((3,2,2,3),(2,2),(0.0,
   0.333333333333330,0.666666666666670,1.0),(0.0,1.154700538379200),
   .UNSPECIFIED.)GEOMETRIC_REPRESENTATION_ITEM()
   RATIONAL_B_SPLINE_SURFACE(((1.0,1.0),(0.500000000000000,
   0.500000000000000),(1.0,1.0),(0.500000000000000,
   0.500000000000000),(1.0,1.0),(0.500000000000000,
   0.500000000000000),(1.0,1.0)))REPRESENTATION_ITEM('F61')SURFACE(
   ));
#1908=ORIENTED_EDGE('F52',*,*,#1881,.T.);
#1909=CARTESIAN_POINT('V37',(-17.059999999999999,-5.535000000000000,
   0.500000000000000));
#1910=VERTEX_POINT('V37',#1909);
#1911=CARTESIAN_POINT('E138',(-17.059999999999999,-5.535000000000000,
   6.500000000000000));
#1912=CARTESIAN_POINT('E138',(-17.059999999999999,-5.535000000000000,
   0.500000000000000));
#1913=B_SPLINE_CURVE_WITH_KNOTS('E138',1,(#1911,#1912),
   .POLYLINE_FORM.,.F.,.U.,(2,2),(0.0,1.154700538379200),
   .UNSPECIFIED.);
#1914=EDGE_CURVE('E138',#1865,#1910,#1913,.T.);
#1915=ORIENTED_EDGE('E138',*,*,#1914,.T.);
#1916=CARTESIAN_POINT('E51',(-17.059999999999999,-5.535000000000000,
   0.500000000000000));
#1917=CARTESIAN_POINT('E51',(-17.059999999999999,-4.668974596215600,
   0.500000000000000));
#1918=CARTESIAN_POINT('E51',(-16.310000000000002,-5.101987298107800,
   0.500000000000000));
#1919=CARTESIAN_POINT('E51',(-15.559999999999999,-5.535000000000000,
   0.500000000000000));
#1920=CARTESIAN_POINT('E51',(-16.310000000000002,-5.968012701892199,
   0.500000000000000));
#1921=CARTESIAN_POINT('E51',(-17.059999999999999,-6.401025403784400,
   0.500000000000000));
#1922=CARTESIAN_POINT('E51',(-17.059999999999999,-5.535000000000000,
   0.500000000000000));
#1930=(BOUNDED_CURVE()B_SPLINE_CURVE(2,(#1916,#1917,#1918,#1919,
   #1920,#1921,#1922),.CIRCULAR_ARC.,.T.,.U.)
   B_SPLINE_CURVE_WITH_KNOTS((3,2,2,3),(0.0,0.333333333333330,
   0.666666666666670,1.0),.UNSPECIFIED.)CURVE()
   GEOMETRIC_REPRESENTATION_ITEM()RATIONAL_B_SPLINE_CURVE((1.0,
   0.500000000000000,1.0,0.500000000000000,1.0,0.500000000000000,1.0)
   )REPRESENTATION_ITEM('E51'));
#1931=EDGE_CURVE('E51',#1910,#1910,#1930,.T.);
#1932=ORIENTED_EDGE('E51',*,*,#1931,.F.);
#1933=ORIENTED_EDGE('E138',*,*,#1914,.F.);
#1934=EDGE_LOOP('F61',(#1908,#1915,#1932,#1933));
#1935=FACE_OUTER_BOUND('F61',#1934,.T.);
#1936=ADVANCED_FACE('F61',(#1935),#1907,.T.);
#1937=CARTESIAN_POINT('F50',(17.109999999999999,-4.990641174764100,
   6.500000000000000));
#1938=CARTESIAN_POINT('F50',(16.010000000000002,-4.990641174764100,
   6.500000000000000));
#1939=CARTESIAN_POINT('F50',(17.109999999999999,-6.079358825235900,
   6.500000000000000));
#1940=CARTESIAN_POINT('F50',(16.010000000000002,-6.079358825235900,
   6.500000000000000));
#1941=QUASI_UNIFORM_SURFACE('F50',1,1,((#1937,#1939),(#1938,#1940))
,.PLANE_SURF.,.F.,.F.,.U.);
#1942=CARTESIAN_POINT('V85',(16.060000000000002,-5.535000000000000,
   6.500000000000000));
#1943=VERTEX_POINT('V85',#1942);
#1944=CARTESIAN_POINT('E123',(16.060000000000002,-5.535000000000000,
   6.500000000000000));
#1945=CARTESIAN_POINT('E123',(16.060000000000002,-4.668974596215600,
   6.500000000000000));
#1946=CARTESIAN_POINT('E123',(16.809999999999999,-5.101987298107800,
   6.500000000000000));
#1947=CARTESIAN_POINT('E123',(17.559999999999999,-5.535000000000000,
   6.500000000000000));
#1948=CARTESIAN_POINT('E123',(16.809999999999999,-5.968012701892199,
   6.500000000000000));
#1949=CARTESIAN_POINT('E123',(16.060000000000002,-6.401025403784400,
   6.500000000000000));
#1950=CARTESIAN_POINT('E123',(16.060000000000002,-5.535000000000000,
   6.500000000000000));
#1958=(BOUNDED_CURVE()B_SPLINE_CURVE(2,(#1944,#1945,#1946,#1947,
   #1948,#1949,#1950),.CIRCULAR_ARC.,.T.,.U.)
   B_SPLINE_CURVE_WITH_KNOTS((3,2,2,3),(0.0,0.333333333333330,
   0.666666666666670,1.0),.UNSPECIFIED.)CURVE()
   GEOMETRIC_REPRESENTATION_ITEM()RATIONAL_B_SPLINE_CURVE((1.0,
   0.500000000000000,1.0,0.500000000000000,1.0,0.500000000000000,1.0)
   )REPRESENTATION_ITEM('E123'));
#1959=EDGE_CURVE('E123',#1943,#1943,#1958,.T.);
#1960=ORIENTED_EDGE('E123',*,*,#1959,.F.);
#1961=EDGE_LOOP('F50',(#1960));
#1962=FACE_OUTER_BOUND('F50',#1961,.T.);
#1963=ADVANCED_FACE('F50',(#1962),#1941,.T.);
#1964=CARTESIAN_POINT('F59',(16.060000000000002,-5.535000000000000,
   6.500000000000000));
#1965=CARTESIAN_POINT('F59',(16.060000000000002,-4.668974596215600,
   6.500000000000000));
#1966=CARTESIAN_POINT('F59',(16.809999999999999,-5.101987298107800,
   6.500000000000000));
#1967=CARTESIAN_POINT('F59',(17.559999999999999,-5.535000000000000,
   6.500000000000000));
#1968=CARTESIAN_POINT('F59',(16.809999999999999,-5.968012701892199,
   6.500000000000000));
#1969=CARTESIAN_POINT('F59',(16.060000000000002,-6.401025403784400,
   6.500000000000000));
#1970=CARTESIAN_POINT('F59',(16.060000000000002,-5.535000000000000,
   6.500000000000000));
#1971=CARTESIAN_POINT('F59',(16.060000000000002,-5.535000000000000,
   0.500000000000000));
#1972=CARTESIAN_POINT('F59',(16.060000000000002,-4.668974596215600,
   0.500000000000000));
#1973=CARTESIAN_POINT('F59',(16.809999999999999,-5.101987298107800,
   0.500000000000000));
#1974=CARTESIAN_POINT('F59',(17.559999999999999,-5.535000000000000,
   0.500000000000000));
#1975=CARTESIAN_POINT('F59',(16.809999999999999,-5.968012701892199,
   0.500000000000000));
#1976=CARTESIAN_POINT('F59',(16.060000000000002,-6.401025403784400,
   0.500000000000000));
#1977=CARTESIAN_POINT('F59',(16.060000000000002,-5.535000000000000,
   0.500000000000000));
#1985=(BOUNDED_SURFACE()B_SPLINE_SURFACE(2,1,((#1964,#1971),(
   #1965,#1972),(#1966,#1973),(#1967,#1974),(#1968,#1975),(
   #1969,#1976),(#1970,#1977)),.CYLINDRICAL_SURF.,.T.,.F.,.U.)
   B_SPLINE_SURFACE_WITH_KNOTS((3,2,2,3),(2,2),(0.0,
   0.333333333333330,0.666666666666670,1.0),(0.0,1.154700538379200),
   .UNSPECIFIED.)GEOMETRIC_REPRESENTATION_ITEM()
   RATIONAL_B_SPLINE_SURFACE(((1.0,1.0),(0.500000000000000,
   0.500000000000000),(1.0,1.0),(0.500000000000000,
   0.500000000000000),(1.0,1.0),(0.500000000000000,
   0.500000000000000),(1.0,1.0)))REPRESENTATION_ITEM('F59')SURFACE(
   ));
#1986=ORIENTED_EDGE('F50',*,*,#1959,.T.);
#1987=CARTESIAN_POINT('V38',(16.060000000000002,-5.535000000000000,
   0.500000000000000));
#1988=VERTEX_POINT('V38',#1987);
#1989=CARTESIAN_POINT('E135',(16.060000000000002,-5.535000000000000,
   6.500000000000000));
#1990=CARTESIAN_POINT('E135',(16.060000000000002,-5.535000000000000,
   0.500000000000000));
#1991=B_SPLINE_CURVE_WITH_KNOTS('E135',1,(#1989,#1990),
   .POLYLINE_FORM.,.F.,.U.,(2,2),(0.0,1.154700538379200),
   .UNSPECIFIED.);
#1992=EDGE_CURVE('E135',#1943,#1988,#1991,.T.);
#1993=ORIENTED_EDGE('E135',*,*,#1992,.T.);
#1994=CARTESIAN_POINT('E52',(16.060000000000002,-5.535000000000000,
   0.500000000000000));
#1995=CARTESIAN_POINT('E52',(16.060000000000002,-4.668974596215600,
   0.500000000000000));
#1996=CARTESIAN_POINT('E52',(16.809999999999999,-5.101987298107800,
   0.500000000000000));
#1997=CARTESIAN_POINT('E52',(17.559999999999999,-5.535000000000000,
   0.500000000000000));
#1998=CARTESIAN_POINT('E52',(16.809999999999999,-5.968012701892199,
   0.500000000000000));
#1999=CARTESIAN_POINT('E52',(16.060000000000002,-6.401025403784400,
   0.500000000000000));
#2000=CARTESIAN_POINT('E52',(16.060000000000002,-5.535000000000000,
   0.500000000000000));
#2008=(BOUNDED_CURVE()B_SPLINE_CURVE(2,(#1994,#1995,#1996,#1997,
   #1998,#1999,#2000),.CIRCULAR_ARC.,.T.,.U.)
   B_SPLINE_CURVE_WITH_KNOTS((3,2,2,3),(0.0,0.333333333333330,
   0.666666666666670,1.0),.UNSPECIFIED.)CURVE()
   GEOMETRIC_REPRESENTATION_ITEM()RATIONAL_B_SPLINE_CURVE((1.0,
   0.500000000000000,1.0,0.500000000000000,1.0,0.500000000000000,1.0)
   )REPRESENTATION_ITEM('E52'));
#2009=EDGE_CURVE('E52',#1988,#1988,#2008,.T.);
#2010=ORIENTED_EDGE('E52',*,*,#2009,.F.);
#2011=ORIENTED_EDGE('E135',*,*,#1992,.F.);
#2012=EDGE_LOOP('F59',(#1986,#1993,#2010,#2011));
#2013=FACE_OUTER_BOUND('F59',#2012,.T.);
#2014=ADVANCED_FACE('F59',(#2013),#1985,.T.);
#2015=CARTESIAN_POINT('F48',(-14.630000000000001,-2.150641174764100,
   6.500000000000000));
#2016=CARTESIAN_POINT('F48',(-15.730000000000000,-2.150641174764100,
   6.500000000000000));
#2017=CARTESIAN_POINT('F48',(-14.630000000000001,-3.239358825235900,
   6.500000000000000));
#2018=CARTESIAN_POINT('F48',(-15.730000000000000,-3.239358825235900,
   6.500000000000000));
#2019=QUASI_UNIFORM_SURFACE('F48',1,1,((#2015,#2017),(#2016,#2018))
,.PLANE_SURF.,.F.,.F.,.U.);
#2020=CARTESIAN_POINT('V83',(-15.680000000000000,-2.695000000000000,
   6.500000000000000));
#2021=VERTEX_POINT('V83',#2020);
#2022=CARTESIAN_POINT('E121',(-15.680000000000000,-2.695000000000000,
   6.500000000000000));
#2023=CARTESIAN_POINT('E121',(-15.680000000000000,-1.828974596215600,
   6.500000000000000));
#2024=CARTESIAN_POINT('E121',(-14.930000000000000,-2.261987298107800,
   6.500000000000000));
#2025=CARTESIAN_POINT('E121',(-14.180000000000000,-2.695000000000000,
   6.500000000000000));
#2026=CARTESIAN_POINT('E121',(-14.930000000000000,-3.128012701892200,
   6.500000000000000));
#2027=CARTESIAN_POINT('E121',(-15.680000000000000,-3.561025403784400,
   6.500000000000000));
#2028=CARTESIAN_POINT('E121',(-15.680000000000000,-2.695000000000000,
   6.500000000000000));
#2036=(BOUNDED_CURVE()B_SPLINE_CURVE(2,(#2022,#2023,#2024,#2025,
   #2026,#2027,#2028),.CIRCULAR_ARC.,.T.,.U.)
   B_SPLINE_CURVE_WITH_KNOTS((3,2,2,3),(0.0,0.333333333333330,
   0.666666666666670,1.0),.UNSPECIFIED.)CURVE()
   GEOMETRIC_REPRESENTATION_ITEM()RATIONAL_B_SPLINE_CURVE((1.0,
   0.500000000000000,1.0,0.500000000000000,1.0,0.500000000000000,1.0)
   )REPRESENTATION_ITEM('E121'));
#2037=EDGE_CURVE('E121',#2021,#2021,#2036,.T.);
#2038=ORIENTED_EDGE('E121',*,*,#2037,.F.);
#2039=EDGE_LOOP('F48',(#2038));
#2040=FACE_OUTER_BOUND('F48',#2039,.T.);
#2041=ADVANCED_FACE('F48',(#2040),#2019,.T.);
#2042=CARTESIAN_POINT('F57',(-15.680000000000000,-2.695000000000000,
   6.500000000000000));
#2043=CARTESIAN_POINT('F57',(-15.680000000000000,-1.828974596215560,
   6.500000000000000));
#2044=CARTESIAN_POINT('F57',(-14.930000000000000,-2.261987298107800,
   6.500000000000000));
#2045=CARTESIAN_POINT('F57',(-14.180000000000000,-2.695000000000000,
   6.500000000000000));
#2046=CARTESIAN_POINT('F57',(-14.930000000000000,-3.128012701892200,
   6.500000000000000));
#2047=CARTESIAN_POINT('F57',(-15.680000000000000,-3.561025403784400,
   6.500000000000000));
#2048=CARTESIAN_POINT('F57',(-15.680000000000000,-2.695000000000000,
   6.500000000000000));
#2049=CARTESIAN_POINT('F57',(-15.680000000000000,-2.695000000000000,
   0.500000000000000));
#2050=CARTESIAN_POINT('F57',(-15.680000000000000,-1.828974596215560,
   0.500000000000000));
#2051=CARTESIAN_POINT('F57',(-14.930000000000000,-2.261987298107800,
   0.500000000000000));
#2052=CARTESIAN_POINT('F57',(-14.180000000000000,-2.695000000000000,
   0.500000000000000));
#2053=CARTESIAN_POINT('F57',(-14.930000000000000,-3.128012701892200,
   0.500000000000000));
#2054=CARTESIAN_POINT('F57',(-15.680000000000000,-3.561025403784400,
   0.500000000000000));
#2055=CARTESIAN_POINT('F57',(-15.680000000000000,-2.695000000000000,
   0.500000000000000));
#2063=(BOUNDED_SURFACE()B_SPLINE_SURFACE(2,1,((#2042,#2049),(
   #2043,#2050),(#2044,#2051),(#2045,#2052),(#2046,#2053),(
   #2047,#2054),(#2048,#2055)),.CYLINDRICAL_SURF.,.T.,.F.,.U.)
   B_SPLINE_SURFACE_WITH_KNOTS((3,2,2,3),(2,2),(0.0,
   0.333333333333330,0.666666666666670,1.0),(0.0,1.154700538379200),
   .UNSPECIFIED.)GEOMETRIC_REPRESENTATION_ITEM()
   RATIONAL_B_SPLINE_SURFACE(((1.0,1.0),(0.500000000000000,
   0.500000000000000),(1.0,1.0),(0.500000000000000,
   0.500000000000000),(1.0,1.0),(0.500000000000000,
   0.500000000000000),(1.0,1.0)))REPRESENTATION_ITEM('F57')SURFACE(
   ));
#2064=ORIENTED_EDGE('F48',*,*,#2037,.T.);
#2065=CARTESIAN_POINT('V39',(-15.680000000000000,-2.695000000000000,
   0.500000000000000));
#2066=VERTEX_POINT('V39',#2065);
#2067=CARTESIAN_POINT('E132',(-15.680000000000000,-2.695000000000000,
   6.500000000000000));
#2068=CARTESIAN_POINT('E132',(-15.680000000000000,-2.695000000000000,
   0.500000000000000));
#2069=B_SPLINE_CURVE_WITH_KNOTS('E132',1,(#2067,#2068),
   .POLYLINE_FORM.,.F.,.U.,(2,2),(0.0,1.154700538379200),
   .UNSPECIFIED.);
#2070=EDGE_CURVE('E132',#2021,#2066,#2069,.T.);
#2071=ORIENTED_EDGE('E132',*,*,#2070,.T.);
#2072=CARTESIAN_POINT('E53',(-15.680000000000000,-2.695000000000000,
   0.500000000000000));
#2073=CARTESIAN_POINT('E53',(-15.680000000000000,-1.828974596215600,
   0.500000000000000));
#2074=CARTESIAN_POINT('E53',(-14.930000000000000,-2.261987298107800,
   0.500000000000000));
#2075=CARTESIAN_POINT('E53',(-14.180000000000000,-2.695000000000000,
   0.500000000000000));
#2076=CARTESIAN_POINT('E53',(-14.930000000000000,-3.128012701892200,
   0.500000000000000));
#2077=CARTESIAN_POINT('E53',(-15.680000000000000,-3.561025403784500,
   0.500000000000000));
#2078=CARTESIAN_POINT('E53',(-15.680000000000000,-2.695000000000000,
   0.500000000000000));
#2086=(BOUNDED_CURVE()B_SPLINE_CURVE(2,(#2072,#2073,#2074,#2075,
   #2076,#2077,#2078),.CIRCULAR_ARC.,.T.,.U.)
   B_SPLINE_CURVE_WITH_KNOTS((3,2,2,3),(0.0,0.333333333333330,
   0.666666666666670,1.0),.UNSPECIFIED.)CURVE()
   GEOMETRIC_REPRESENTATION_ITEM()RATIONAL_B_SPLINE_CURVE((1.0,
   0.500000000000000,1.0,0.500000000000000,1.0,0.500000000000000,1.0)
   )REPRESENTATION_ITEM('E53'));
#2087=EDGE_CURVE('E53',#2066,#2066,#2086,.T.);
#2088=ORIENTED_EDGE('E53',*,*,#2087,.F.);
#2089=ORIENTED_EDGE('E132',*,*,#2070,.F.);
#2090=EDGE_LOOP('F57',(#2064,#2071,#2088,#2089));
#2091=FACE_OUTER_BOUND('F57',#2090,.T.);
#2092=ADVANCED_FACE('F57',(#2091),#2063,.T.);
#2093=CARTESIAN_POINT('F46',(15.730000000000000,-2.150641174764100,
   6.500000000000000));
#2094=CARTESIAN_POINT('F46',(14.630000000000001,-2.150641174764100,
   6.500000000000000));
#2095=CARTESIAN_POINT('F46',(15.730000000000000,-3.239358825235900,
   6.500000000000000));
#2096=CARTESIAN_POINT('F46',(14.630000000000001,-3.239358825235900,
   6.500000000000000));
#2097=QUASI_UNIFORM_SURFACE('F46',1,1,((#2093,#2095),(#2094,#2096))
,.PLANE_SURF.,.F.,.F.,.U.);
#2098=CARTESIAN_POINT('V81',(14.680000000000000,-2.695000000000000,
   6.500000000000000));
#2099=VERTEX_POINT('V81',#2098);
#2100=CARTESIAN_POINT('E119',(14.680000000000000,-2.695000000000000,
   6.500000000000000));
#2101=CARTESIAN_POINT('E119',(14.680000000000000,-1.828974596215600,
   6.500000000000000));
#2102=CARTESIAN_POINT('E119',(15.430000000000000,-2.261987298107800,
   6.500000000000000));
#2103=CARTESIAN_POINT('E119',(16.180000000000000,-2.695000000000000,
   6.500000000000000));
#2104=CARTESIAN_POINT('E119',(15.430000000000000,-3.128012701892200,
   6.500000000000000));
#2105=CARTESIAN_POINT('E119',(14.680000000000000,-3.561025403784400,
   6.500000000000000));
#2106=CARTESIAN_POINT('E119',(14.680000000000000,-2.695000000000000,
   6.500000000000000));
#2114=(BOUNDED_CURVE()B_SPLINE_CURVE(2,(#2100,#2101,#2102,#2103,
   #2104,#2105,#2106),.CIRCULAR_ARC.,.T.,.U.)
   B_SPLINE_CURVE_WITH_KNOTS((3,2,2,3),(0.0,0.333333333333330,
   0.666666666666670,1.0),.UNSPECIFIED.)CURVE()
   GEOMETRIC_REPRESENTATION_ITEM()RATIONAL_B_SPLINE_CURVE((1.0,
   0.500000000000000,1.0,0.500000000000000,1.0,0.500000000000000,1.0)
   )REPRESENTATION_ITEM('E119'));
#2115=EDGE_CURVE('E119',#2099,#2099,#2114,.T.);
#2116=ORIENTED_EDGE('E119',*,*,#2115,.F.);
#2117=EDGE_LOOP('F46',(#2116));
#2118=FACE_OUTER_BOUND('F46',#2117,.T.);
#2119=ADVANCED_FACE('F46',(#2118),#2097,.T.);
#2120=CARTESIAN_POINT('F55',(14.680000000000000,-2.695000000000000,
   6.500000000000000));
#2121=CARTESIAN_POINT('F55',(14.680000000000000,-1.828974596215560,
   6.500000000000000));
#2122=CARTESIAN_POINT('F55',(15.430000000000000,-2.261987298107800,
   6.500000000000000));
#2123=CARTESIAN_POINT('F55',(16.180000000000000,-2.695000000000000,
   6.500000000000000));
#2124=CARTESIAN_POINT('F55',(15.430000000000000,-3.128012701892200,
   6.500000000000000));
#2125=CARTESIAN_POINT('F55',(14.680000000000000,-3.561025403784400,
   6.500000000000000));
#2126=CARTESIAN_POINT('F55',(14.680000000000000,-2.695000000000000,
   6.500000000000000));
#2127=CARTESIAN_POINT('F55',(14.680000000000000,-2.695000000000000,
   0.500000000000000));
#2128=CARTESIAN_POINT('F55',(14.680000000000000,-1.828974596215560,
   0.500000000000000));
#2129=CARTESIAN_POINT('F55',(15.430000000000000,-2.261987298107800,
   0.500000000000000));
#2130=CARTESIAN_POINT('F55',(16.180000000000000,-2.695000000000000,
   0.500000000000000));
#2131=CARTESIAN_POINT('F55',(15.430000000000000,-3.128012701892200,
   0.500000000000000));
#2132=CARTESIAN_POINT('F55',(14.680000000000000,-3.561025403784400,
   0.500000000000000));
#2133=CARTESIAN_POINT('F55',(14.680000000000000,-2.695000000000000,
   0.500000000000000));
#2141=(BOUNDED_SURFACE()B_SPLINE_SURFACE(2,1,((#2120,#2127),(
   #2121,#2128),(#2122,#2129),(#2123,#2130),(#2124,#2131),(
   #2125,#2132),(#2126,#2133)),.CYLINDRICAL_SURF.,.T.,.F.,.U.)
   B_SPLINE_SURFACE_WITH_KNOTS((3,2,2,3),(2,2),(0.0,
   0.333333333333330,0.666666666666670,1.0),(0.0,1.154700538379200),
   .UNSPECIFIED.)GEOMETRIC_REPRESENTATION_ITEM()
   RATIONAL_B_SPLINE_SURFACE(((1.0,1.0),(0.500000000000000,
   0.500000000000000),(1.0,1.0),(0.500000000000000,
   0.500000000000000),(1.0,1.0),(0.500000000000000,
   0.500000000000000),(1.0,1.0)))REPRESENTATION_ITEM('F55')SURFACE(
   ));
#2142=ORIENTED_EDGE('F46',*,*,#2115,.T.);
#2143=CARTESIAN_POINT('V40',(14.680000000000000,-2.695000000000000,
   0.500000000000000));
#2144=VERTEX_POINT('V40',#2143);
#2145=CARTESIAN_POINT('E129',(14.680000000000000,-2.695000000000000,
   6.500000000000000));
#2146=CARTESIAN_POINT('E129',(14.680000000000000,-2.695000000000000,
   0.500000000000000));
#2147=B_SPLINE_CURVE_WITH_KNOTS('E129',1,(#2145,#2146),
   .POLYLINE_FORM.,.F.,.U.,(2,2),(0.0,1.154700538379200),
   .UNSPECIFIED.);
#2148=EDGE_CURVE('E129',#2099,#2144,#2147,.T.);
#2149=ORIENTED_EDGE('E129',*,*,#2148,.T.);
#2150=CARTESIAN_POINT('E54',(14.680000000000000,-2.695000000000000,
   0.500000000000000));
#2151=CARTESIAN_POINT('E54',(14.680000000000000,-1.828974596215600,
   0.500000000000000));
#2152=CARTESIAN_POINT('E54',(15.430000000000000,-2.261987298107800,
   0.500000000000000));
#2153=CARTESIAN_POINT('E54',(16.180000000000000,-2.695000000000000,
   0.500000000000000));
#2154=CARTESIAN_POINT('E54',(15.430000000000000,-3.128012701892200,
   0.500000000000000));
#2155=CARTESIAN_POINT('E54',(14.680000000000000,-3.561025403784500,
   0.500000000000000));
#2156=CARTESIAN_POINT('E54',(14.680000000000000,-2.695000000000000,
   0.500000000000000));
#2164=(BOUNDED_CURVE()B_SPLINE_CURVE(2,(#2150,#2151,#2152,#2153,
   #2154,#2155,#2156),.CIRCULAR_ARC.,.T.,.U.)
   B_SPLINE_CURVE_WITH_KNOTS((3,2,2,3),(0.0,0.333333333333330,
   0.666666666666670,1.0),.UNSPECIFIED.)CURVE()
   GEOMETRIC_REPRESENTATION_ITEM()RATIONAL_B_SPLINE_CURVE((1.0,
   0.500000000000000,1.0,0.500000000000000,1.0,0.500000000000000,1.0)
   )REPRESENTATION_ITEM('E54'));
#2165=EDGE_CURVE('E54',#2144,#2144,#2164,.T.);
#2166=ORIENTED_EDGE('E54',*,*,#2165,.F.);
#2167=ORIENTED_EDGE('E129',*,*,#2148,.F.);
#2168=EDGE_LOOP('F55',(#2142,#2149,#2166,#2167));
#2169=FACE_OUTER_BOUND('F55',#2168,.T.);
#2170=ADVANCED_FACE('F55',(#2169),#2141,.T.);
#2171=CARTESIAN_POINT('F37',(16.295729248453000,-3.469447E-15,0.0)
   );
#2172=CARTESIAN_POINT('F37',(18.477388289514110,-3.469447E-15,0.0)
   );
#2173=CARTESIAN_POINT('F37',(18.856229406284999,-2.148514738066000,
   0.0));
#2174=CARTESIAN_POINT('F37',(16.295729248453000,-3.469447E-15,
   6.500000000000000));
#2175=CARTESIAN_POINT('F37',(18.477388289514110,-3.469447E-15,
   6.499999999999908));
#2176=CARTESIAN_POINT('F37',(18.856229406284999,-2.148514738066000,
   6.500000000000000));
#2184=(BOUNDED_SURFACE()B_SPLINE_SURFACE(2,1,((#2171,#2174),(
   #2172,#2175),(#2173,#2176)),.CYLINDRICAL_SURF.,.F.,.F.,.U.)
   B_SPLINE_SURFACE_WITH_KNOTS((3,3),(2,2),(0.0,1.0),(0.0,
   1.489691990742700),.UNSPECIFIED.)GEOMETRIC_REPRESENTATION_ITEM()
   RATIONAL_B_SPLINE_SURFACE(((1.0,1.0),(0.766044443118980,
   0.766044443118980),(1.0,1.0)))REPRESENTATION_ITEM('F37')SURFACE(
   ));
#2185=CARTESIAN_POINT('V30',(16.295729248453000,-4.336809E-16,
   0.500000000000000));
#2186=VERTEX_POINT('V30',#2185);
#2187=CARTESIAN_POINT('V36',(18.856229406284999,-2.148514738066000,
   0.500000000000000));
#2188=VERTEX_POINT('V36',#2187);
#2189=CARTESIAN_POINT('E50',(16.295729248453000,-3.035766E-15,
   0.500000000000000));
#2190=CARTESIAN_POINT('E50',(18.477388289514000,-4.296358E-15,
   0.500000000000000));
#2191=CARTESIAN_POINT('E50',(18.856229406284999,-2.148514738066000,
   0.500000000000000));
#2199=(BOUNDED_CURVE()B_SPLINE_CURVE(2,(#2189,#2190,#2191),
   .CIRCULAR_ARC.,.F.,.U.)CURVE()GEOMETRIC_REPRESENTATION_ITEM()
   QUASI_UNIFORM_CURVE()RATIONAL_B_SPLINE_CURVE((1.0,
   0.673648177666930,0.773318403094320))REPRESENTATION_ITEM('E50'));
#2200=EDGE_CURVE('E50',#2186,#2188,#2199,.T.);
#2201=ORIENTED_EDGE('E50',*,*,#2200,.T.);
#2202=CARTESIAN_POINT('V73',(18.856229406284999,-2.148514738066000,
   6.500000000000000));
#2203=VERTEX_POINT('V73',#2202);
#2204=CARTESIAN_POINT('E103',(18.856229406284999,-2.148514738066000,
   0.500000000000000));
#2205=CARTESIAN_POINT('E103',(18.856229406284999,-2.148514738066000,
   6.500000000000000));
#2206=B_SPLINE_CURVE_WITH_KNOTS('E103',1,(#2204,#2205),
   .POLYLINE_FORM.,.F.,.U.,(2,2),(0.076923076923077,1.0),
   .UNSPECIFIED.);
#2207=EDGE_CURVE('E103',#2188,#2203,#2206,.T.);
#2208=ORIENTED_EDGE('E103',*,*,#2207,.T.);
#2209=CARTESIAN_POINT('V74',(16.295729248453000,-3.469447E-15,
   6.500000000000000));
#2210=VERTEX_POINT('V74',#2209);
#2211=CARTESIAN_POINT('E104',(18.856229406284999,-2.148514738066000,
   6.500000000000000));
#2212=CARTESIAN_POINT('E104',(18.477388289514000,-4.529041E-15,
   6.500000000000000));
#2213=CARTESIAN_POINT('E104',(16.295729248453000,-3.469447E-15,
   6.500000000000000));
#2221=(BOUNDED_CURVE()B_SPLINE_CURVE(2,(#2211,#2212,#2213),
   .CIRCULAR_ARC.,.F.,.U.)CURVE()GEOMETRIC_REPRESENTATION_ITEM()
   QUASI_UNIFORM_CURVE()RATIONAL_B_SPLINE_CURVE((1.0,
   0.766044443118980,1.0))REPRESENTATION_ITEM('E104'));
#2222=EDGE_CURVE('E104',#2203,#2210,#2221,.T.);
#2223=ORIENTED_EDGE('E104',*,*,#2222,.T.);
#2224=CARTESIAN_POINT('E105',(16.295729248453000,-3.469447E-15,
   6.500000000000000));
#2225=CARTESIAN_POINT('E105',(16.295729248453000,-3.469447E-15,
   0.500000000000000));
#2226=B_SPLINE_CURVE_WITH_KNOTS('E105',1,(#2224,#2225),
   .POLYLINE_FORM.,.F.,.U.,(2,2),(0.0,0.923076923076920),
   .UNSPECIFIED.);
#2227=EDGE_CURVE('E105',#2210,#2186,#2226,.T.);
#2228=ORIENTED_EDGE('E105',*,*,#2227,.T.);
#2229=EDGE_LOOP('F37',(#2201,#2208,#2223,#2228));
#2230=FACE_OUTER_BOUND('F37',#2229,.T.);
#2231=ADVANCED_FACE('F37',(#2230),#2184,.T.);
#2232=CARTESIAN_POINT('F38',(18.856229406284999,-2.148514738066000,
   0.0));
#2233=CARTESIAN_POINT('F38',(19.390500157831998,-5.178514738066000,
   0.0));
#2234=CARTESIAN_POINT('F38',(18.856229406284999,-2.148514738066000,
   6.500000000000000));
#2235=CARTESIAN_POINT('F38',(19.390500157831998,-5.178514738066000,
   6.500000000000000));
#2236=B_SPLINE_SURFACE_WITH_KNOTS('F38',1,1,((#2232,#2234),(#2233,
   #2235)),.PLANE_SURF.,.F.,.F.,.U.,(2,2),(2,2),(0.0,1.0),(0.0,
   2.112623892600500),.UNSPECIFIED.);
#2237=CARTESIAN_POINT('V35',(19.390500157831998,-5.178514738066000,
   0.500000000000000));
#2238=VERTEX_POINT('V35',#2237);
#2239=CARTESIAN_POINT('E49',(18.856229406284999,-2.148514738066000,
   0.500000000000000));
#2240=CARTESIAN_POINT('E49',(19.390500157831998,-5.178514738066000,
   0.500000000000000));
#2241=QUASI_UNIFORM_CURVE('E49',1,(#2239,#2240),.POLYLINE_FORM.,.F.,
   .U.);
#2242=EDGE_CURVE('E49',#2188,#2238,#2241,.T.);
#2243=ORIENTED_EDGE('E49',*,*,#2242,.T.);
#2244=CARTESIAN_POINT('V75',(19.390500157831998,-5.178514738066000,
   6.500000000000000));
#2245=VERTEX_POINT('V75',#2244);
#2246=CARTESIAN_POINT('E106',(19.390500157831998,-5.178514738066000,
   0.500000000000000));
#2247=CARTESIAN_POINT('E106',(19.390500157831998,-5.178514738066000,
   6.500000000000000));
#2248=B_SPLINE_CURVE_WITH_KNOTS('E106',1,(#2246,#2247),
   .POLYLINE_FORM.,.F.,.U.,(2,2),(0.076923076923077,1.0),
   .UNSPECIFIED.);
#2249=EDGE_CURVE('E106',#2238,#2245,#2248,.T.);
#2250=ORIENTED_EDGE('E106',*,*,#2249,.T.);
#2251=CARTESIAN_POINT('E107',(19.390500157831998,-5.178514738066000,
   6.500000000000000));
#2252=CARTESIAN_POINT('E107',(18.856229406284999,-2.148514738066000,
   6.500000000000000));
#2253=QUASI_UNIFORM_CURVE('E107',1,(#2251,#2252),.POLYLINE_FORM.,.F.,
   .U.);
#2254=EDGE_CURVE('E107',#2245,#2203,#2253,.T.);
#2255=ORIENTED_EDGE('E107',*,*,#2254,.T.);
#2256=ORIENTED_EDGE('E103',*,*,#2207,.F.);
#2257=EDGE_LOOP('F38',(#2243,#2250,#2255,#2256));
#2258=FACE_OUTER_BOUND('F38',#2257,.T.);
#2259=ADVANCED_FACE('F38',(#2258),#2236,.T.);
#2260=CARTESIAN_POINT('F39',(19.390500157831998,-5.178514738066000,
   0.0));
#2261=CARTESIAN_POINT('F39',(19.928559340744620,-8.229999999999862,
   0.0));
#2262=CARTESIAN_POINT('F39',(16.830000000000002,-8.229999999999999,
   0.0));
#2263=CARTESIAN_POINT('F39',(19.390500157831998,-5.178514738066000,
   6.500000000000000));
#2264=CARTESIAN_POINT('F39',(19.928559340744620,-8.229999999999862,
   6.499999999999937));
#2265=CARTESIAN_POINT('F39',(16.830000000000002,-8.229999999999999,
   6.500000000000000));
#2273=(BOUNDED_SURFACE()B_SPLINE_SURFACE(2,1,((#2260,#2263),(
   #2261,#2264),(#2262,#2265)),.CYLINDRICAL_SURF.,.F.,.F.,.U.)
   GEOMETRIC_REPRESENTATION_ITEM()QUASI_UNIFORM_SURFACE()
   RATIONAL_B_SPLINE_SURFACE(((1.0,1.0),(0.642787609686560,
   0.642787609686560),(1.0,1.0)))REPRESENTATION_ITEM('F39')SURFACE(
   ));
#2274=CARTESIAN_POINT('V34',(16.830000000000002,-8.229999999999999,
   0.500000000000000));
#2275=VERTEX_POINT('V34',#2274);
#2276=CARTESIAN_POINT('E48',(19.390500157831998,-5.178514738066000,
   0.500000000000000));
#2277=CARTESIAN_POINT('E48',(19.928559340745000,-8.229999999999901,
   0.500000000000000));
#2278=CARTESIAN_POINT('E48',(16.830000000000002,-8.229999999999999,
   0.500000000000000));
#2286=(BOUNDED_CURVE()B_SPLINE_CURVE(2,(#2276,#2277,#2278),
   .CIRCULAR_ARC.,.F.,.U.)CURVE()GEOMETRIC_REPRESENTATION_ITEM()
   QUASI_UNIFORM_CURVE()RATIONAL_B_SPLINE_CURVE((1.0,
   0.592396265452060,0.849355748573830))REPRESENTATION_ITEM('E48'));
#2287=EDGE_CURVE('E48',#2238,#2275,#2286,.T.);
#2288=ORIENTED_EDGE('E48',*,*,#2287,.T.);
#2289=CARTESIAN_POINT('V76',(16.830000000000002,-8.229999999999999,
   6.500000000000000));
#2290=VERTEX_POINT('V76',#2289);
#2291=CARTESIAN_POINT('E108',(16.830000000000002,-8.229999999999999,
   0.500000000000000));
#2292=CARTESIAN_POINT('E108',(16.830000000000002,-8.229999999999999,
   6.500000000000000));
#2293=B_SPLINE_CURVE_WITH_KNOTS('E108',1,(#2291,#2292),
   .POLYLINE_FORM.,.F.,.U.,(2,2),(0.076923076923077,1.0),
   .UNSPECIFIED.);
#2294=EDGE_CURVE('E108',#2275,#2290,#2293,.T.);
#2295=ORIENTED_EDGE('E108',*,*,#2294,.T.);
#2296=CARTESIAN_POINT('E109',(16.830000000000002,-8.229999999999999,
   6.500000000000000));
#2297=CARTESIAN_POINT('E109',(19.928559340745000,-8.229999999999901,
   6.500000000000000));
#2298=CARTESIAN_POINT('E109',(19.390500157831998,-5.178514738066000,
   6.500000000000000));
#2306=(BOUNDED_CURVE()B_SPLINE_CURVE(2,(#2296,#2297,#2298),
   .CIRCULAR_ARC.,.F.,.U.)CURVE()GEOMETRIC_REPRESENTATION_ITEM()
   QUASI_UNIFORM_CURVE()RATIONAL_B_SPLINE_CURVE((1.0,
   0.642787609686560,1.0))REPRESENTATION_ITEM('E109'));
#2307=EDGE_CURVE('E109',#2290,#2245,#2306,.T.);
#2308=ORIENTED_EDGE('E109',*,*,#2307,.T.);
#2309=ORIENTED_EDGE('E106',*,*,#2249,.F.);
#2310=EDGE_LOOP('F39',(#2288,#2295,#2308,#2309));
#2311=FACE_OUTER_BOUND('F39',#2310,.T.);
#2312=ADVANCED_FACE('F39',(#2311),#2273,.T.);
#2313=CARTESIAN_POINT('F40',(16.830000000000002,-8.229999999999999,
   0.0));
#2314=CARTESIAN_POINT('F40',(-16.830000000000002,-8.229999999999901,
   0.0));
#2315=CARTESIAN_POINT('F40',(16.830000000000002,-8.229999999999999,
   6.500000000000000));
#2316=CARTESIAN_POINT('F40',(-16.830000000000002,-8.229999999999901,
   6.500000000000000));
#2317=B_SPLINE_SURFACE_WITH_KNOTS('F40',1,1,((#2313,#2315),(#2314,
   #2316)),.PLANE_SURF.,.F.,.F.,.U.,(2,2),(2,2),(0.0,
   5.178461538461500),(0.0,1.0),.UNSPECIFIED.);
#2318=CARTESIAN_POINT('V33',(-16.830000000000002,-8.229999999999999,
   0.500000000000000));
#2319=VERTEX_POINT('V33',#2318);
#2320=CARTESIAN_POINT('E47',(16.830000000000002,-8.229999999999999,
   0.500000000000000));
#2321=CARTESIAN_POINT('E47',(-16.830000000000002,-8.229999999999901,
   0.500000000000000));
#2322=QUASI_UNIFORM_CURVE('E47',1,(#2320,#2321),.POLYLINE_FORM.,.F.,
   .U.);
#2323=EDGE_CURVE('E47',#2275,#2319,#2322,.T.);
#2324=ORIENTED_EDGE('E47',*,*,#2323,.T.);
#2325=CARTESIAN_POINT('V77',(-16.830000000000002,-8.229999999999901,
   6.500000000000000));
#2326=VERTEX_POINT('V77',#2325);
#2327=CARTESIAN_POINT('E110',(-16.830000000000002,-8.229999999999901,
   0.500000000000000));
#2328=CARTESIAN_POINT('E110',(-16.830000000000002,-8.229999999999901,
   6.500000000000000));
#2329=B_SPLINE_CURVE_WITH_KNOTS('E110',1,(#2327,#2328),
   .POLYLINE_FORM.,.F.,.U.,(2,2),(0.076923076923077,1.0),
   .UNSPECIFIED.);
#2330=EDGE_CURVE('E110',#2319,#2326,#2329,.T.);
#2331=ORIENTED_EDGE('E110',*,*,#2330,.T.);
#2332=CARTESIAN_POINT('E111',(-16.830000000000002,-8.229999999999901,
   6.500000000000000));
#2333=CARTESIAN_POINT('E111',(16.830000000000002,-8.229999999999999,
   6.500000000000000));
#2334=B_SPLINE_CURVE_WITH_KNOTS('E111',1,(#2332,#2333),
   .POLYLINE_FORM.,.F.,.U.,(2,2),(0.0,5.178461538461500),
   .UNSPECIFIED.);
#2335=EDGE_CURVE('E111',#2326,#2290,#2334,.T.);
#2336=ORIENTED_EDGE('E111',*,*,#2335,.T.);
#2337=ORIENTED_EDGE('E108',*,*,#2294,.F.);
#2338=EDGE_LOOP('F40',(#2324,#2331,#2336,#2337));
#2339=FACE_OUTER_BOUND('F40',#2338,.T.);
#2340=ADVANCED_FACE('F40',(#2339),#2317,.T.);
#2341=CARTESIAN_POINT('F41',(-16.830000000000002,-8.229999999999999,
   0.0));
#2342=CARTESIAN_POINT('F41',(-19.928559340745544,-8.229999999999933,
   0.0));
#2343=CARTESIAN_POINT('F41',(-19.390500157831998,-5.178514738066000,
   0.0));
#2344=CARTESIAN_POINT('F41',(-16.830000000000002,-8.229999999999999,
   6.500000000000000));
#2345=CARTESIAN_POINT('F41',(-19.928559340745544,-8.229999999999933,
   6.499999999999931));
#2346=CARTESIAN_POINT('F41',(-19.390500157831998,-5.178514738066000,
   6.500000000000000));
#2354=(BOUNDED_SURFACE()B_SPLINE_SURFACE(2,1,((#2341,#2344),(
   #2342,#2345),(#2343,#2346)),.CYLINDRICAL_SURF.,.F.,.F.,.U.)
   GEOMETRIC_REPRESENTATION_ITEM()QUASI_UNIFORM_SURFACE()
   RATIONAL_B_SPLINE_SURFACE(((1.0,1.0),(0.642787609686530,
   0.642787609686530),(1.0,1.0)))REPRESENTATION_ITEM('F41')SURFACE(
   ));
#2355=CARTESIAN_POINT('V32',(-19.390500157831998,-5.178514738065900,
   0.500000000000000));
#2356=VERTEX_POINT('V32',#2355);
#2357=CARTESIAN_POINT('E46',(-16.830000000000002,-8.229999999999999,
   0.500000000000000));
#2358=CARTESIAN_POINT('E46',(-19.928559340745000,-8.229999999999999,
   0.500000000000000));
#2359=CARTESIAN_POINT('E46',(-19.390500157831998,-5.178514738066000,
   0.500000000000000));
#2367=(BOUNDED_CURVE()B_SPLINE_CURVE(2,(#2357,#2358,#2359),
   .CIRCULAR_ARC.,.F.,.U.)CURVE()GEOMETRIC_REPRESENTATION_ITEM()
   QUASI_UNIFORM_CURVE()RATIONAL_B_SPLINE_CURVE((1.0,
   0.592396265452040,0.849355748573850))REPRESENTATION_ITEM('E46'));
#2368=EDGE_CURVE('E46',#2319,#2356,#2367,.T.);
#2369=ORIENTED_EDGE('E46',*,*,#2368,.T.);
#2370=CARTESIAN_POINT('V78',(-19.390500157831998,-5.178514738066000,
   6.500000000000000));
#2371=VERTEX_POINT('V78',#2370);
#2372=CARTESIAN_POINT('E112',(-19.390500157831998,-5.178514738066000,
   0.500000000000000));
#2373=CARTESIAN_POINT('E112',(-19.390500157831998,-5.178514738066000,
   6.500000000000000));
#2374=B_SPLINE_CURVE_WITH_KNOTS('E112',1,(#2372,#2373),
   .POLYLINE_FORM.,.F.,.U.,(2,2),(0.076923076923077,1.0),
   .UNSPECIFIED.);
#2375=EDGE_CURVE('E112',#2356,#2371,#2374,.T.);
#2376=ORIENTED_EDGE('E112',*,*,#2375,.T.);
#2377=CARTESIAN_POINT('E113',(-19.390500157831998,-5.178514738066000,
   6.500000000000000));
#2378=CARTESIAN_POINT('E113',(-19.928559340745000,-8.229999999999999,
   6.500000000000000));
#2379=CARTESIAN_POINT('E113',(-16.830000000000002,-8.229999999999999,
   6.500000000000000));
#2387=(BOUNDED_CURVE()B_SPLINE_CURVE(2,(#2377,#2378,#2379),
   .CIRCULAR_ARC.,.F.,.U.)CURVE()GEOMETRIC_REPRESENTATION_ITEM()
   QUASI_UNIFORM_CURVE()RATIONAL_B_SPLINE_CURVE((1.0,
   0.642787609686530,1.0))REPRESENTATION_ITEM('E113'));
#2388=EDGE_CURVE('E113',#2371,#2326,#2387,.T.);
#2389=ORIENTED_EDGE('E113',*,*,#2388,.T.);
#2390=ORIENTED_EDGE('E110',*,*,#2330,.F.);
#2391=EDGE_LOOP('F41',(#2369,#2376,#2389,#2390));
#2392=FACE_OUTER_BOUND('F41',#2391,.T.);
#2393=ADVANCED_FACE('F41',(#2392),#2354,.T.);
#2394=CARTESIAN_POINT('F42',(-19.390500157831998,-5.178514738065900,
   0.0));
#2395=CARTESIAN_POINT('F42',(-18.856229406284999,-2.148514738066000,
   0.0));
#2396=CARTESIAN_POINT('F42',(-19.390500157831998,-5.178514738065900,
   6.500000000000000));
#2397=CARTESIAN_POINT('F42',(-18.856229406284999,-2.148514738066000,
   6.500000000000000));
#2398=B_SPLINE_SURFACE_WITH_KNOTS('F42',1,1,((#2394,#2396),(#2395,
   #2397)),.PLANE_SURF.,.F.,.F.,.U.,(2,2),(2,2),(0.0,1.0),(0.0,
   2.112623892600500),.UNSPECIFIED.);
#2399=CARTESIAN_POINT('V31',(-18.856229406284999,-2.148514738066000,
   0.500000000000000));
#2400=VERTEX_POINT('V31',#2399);
#2401=CARTESIAN_POINT('E45',(-19.390500157831998,-5.178514738065900,
   0.500000000000000));
#2402=CARTESIAN_POINT('E45',(-18.856229406284999,-2.148514738066000,
   0.500000000000000));
#2403=QUASI_UNIFORM_CURVE('E45',1,(#2401,#2402),.POLYLINE_FORM.,.F.,
   .U.);
#2404=EDGE_CURVE('E45',#2356,#2400,#2403,.T.);
#2405=ORIENTED_EDGE('E45',*,*,#2404,.T.);
#2406=CARTESIAN_POINT('V79',(-18.856229406284999,-2.148514738066000,
   6.500000000000000));
#2407=VERTEX_POINT('V79',#2406);
#2408=CARTESIAN_POINT('E114',(-18.856229406284999,-2.148514738066000,
   0.500000000000000));
#2409=CARTESIAN_POINT('E114',(-18.856229406284999,-2.148514738066000,
   6.500000000000000));
#2410=B_SPLINE_CURVE_WITH_KNOTS('E114',1,(#2408,#2409),
   .POLYLINE_FORM.,.F.,.U.,(2,2),(0.076923076923077,1.0),
   .UNSPECIFIED.);
#2411=EDGE_CURVE('E114',#2400,#2407,#2410,.T.);
#2412=ORIENTED_EDGE('E114',*,*,#2411,.T.);
#2413=CARTESIAN_POINT('E115',(-18.856229406284999,-2.148514738066000,
   6.500000000000000));
#2414=CARTESIAN_POINT('E115',(-19.390500157831998,-5.178514738065900,
   6.500000000000000));
#2415=QUASI_UNIFORM_CURVE('E115',1,(#2413,#2414),.POLYLINE_FORM.,.F.,
   .U.);
#2416=EDGE_CURVE('E115',#2407,#2371,#2415,.T.);
#2417=ORIENTED_EDGE('E115',*,*,#2416,.T.);
#2418=ORIENTED_EDGE('E112',*,*,#2375,.F.);
#2419=EDGE_LOOP('F42',(#2405,#2412,#2417,#2418));
#2420=FACE_OUTER_BOUND('F42',#2419,.T.);
#2421=ADVANCED_FACE('F42',(#2420),#2398,.T.);
#2422=CARTESIAN_POINT('F43',(-18.856229406284999,-2.148514738066000,
   0.0));
#2423=CARTESIAN_POINT('F43',(-18.477388289514110,-1.734723E-14,0.0)
   );
#2424=CARTESIAN_POINT('F43',(-16.295729248453000,0.0,0.0));
#2425=CARTESIAN_POINT('F43',(-18.856229406284999,-2.148514738066000,
   6.500000000000000));
#2426=CARTESIAN_POINT('F43',(-18.477388289514110,-1.734723E-14,
   6.500000000000039));
#2427=CARTESIAN_POINT('F43',(-16.295729248453000,0.0,
   6.500000000000000));
#2435=(BOUNDED_SURFACE()B_SPLINE_SURFACE(2,1,((#2422,#2425),(
   #2423,#2426),(#2424,#2427)),.CYLINDRICAL_SURF.,.F.,.F.,.U.)
   B_SPLINE_SURFACE_WITH_KNOTS((3,3),(2,2),(0.0,1.0),(0.0,
   1.489691990742800),.UNSPECIFIED.)GEOMETRIC_REPRESENTATION_ITEM()
   RATIONAL_B_SPLINE_SURFACE(((1.0,1.0),(0.766044443118980,
   0.766044443118980),(1.0,1.0)))REPRESENTATION_ITEM('F43')SURFACE(
   ));
#2436=CARTESIAN_POINT('V29',(-16.295729248453000,-4.336809E-16,
   0.500000000000000));
#2437=VERTEX_POINT('V29',#2436);
#2438=CARTESIAN_POINT('E44',(-18.856229406284999,-2.148514738066000,
   0.500000000000000));
#2439=CARTESIAN_POINT('E44',(-18.477388289514000,-2.398079E-14,
   0.500000000000000));
#2440=CARTESIAN_POINT('E44',(-16.295729248453000,2.001833E-17,
   0.500000000000000));
#2448=(BOUNDED_CURVE()B_SPLINE_CURVE(2,(#2438,#2439,#2440),
   .CIRCULAR_ARC.,.F.,.U.)CURVE()GEOMETRIC_REPRESENTATION_ITEM()
   QUASI_UNIFORM_CURVE()RATIONAL_B_SPLINE_CURVE((1.0,
   0.673648177666930,0.773318403094320))REPRESENTATION_ITEM('E44'));
#2449=EDGE_CURVE('E44',#2400,#2437,#2448,.T.);
#2450=ORIENTED_EDGE('E44',*,*,#2449,.T.);
#2451=CARTESIAN_POINT('V80',(-16.295729248453000,0.0,
   6.500000000000000));
#2452=VERTEX_POINT('V80',#2451);
#2453=CARTESIAN_POINT('E116',(-16.295729248453000,0.0,
   0.500000000000000));
#2454=CARTESIAN_POINT('E116',(-16.295729248453000,0.0,
   6.500000000000000));
#2455=B_SPLINE_CURVE_WITH_KNOTS('E116',1,(#2453,#2454),
   .POLYLINE_FORM.,.F.,.U.,(2,2),(0.076923076923077,1.0),
   .UNSPECIFIED.);
#2456=EDGE_CURVE('E116',#2437,#2452,#2455,.T.);
#2457=ORIENTED_EDGE('E116',*,*,#2456,.T.);
#2458=CARTESIAN_POINT('E117',(-16.295729248453000,0.0,
   6.500000000000000));
#2459=CARTESIAN_POINT('E117',(-18.477388289514000,-1.811617E-14,
   6.500000000000000));
#2460=CARTESIAN_POINT('E117',(-18.856229406284999,-2.148514738066000,
   6.500000000000000));
#2468=(BOUNDED_CURVE()B_SPLINE_CURVE(2,(#2458,#2459,#2460),
   .CIRCULAR_ARC.,.F.,.U.)CURVE()GEOMETRIC_REPRESENTATION_ITEM()
   QUASI_UNIFORM_CURVE()RATIONAL_B_SPLINE_CURVE((1.0,
   0.766044443118980,1.0))REPRESENTATION_ITEM('E117'));
#2469=EDGE_CURVE('E117',#2452,#2407,#2468,.T.);
#2470=ORIENTED_EDGE('E117',*,*,#2469,.T.);
#2471=ORIENTED_EDGE('E114',*,*,#2411,.F.);
#2472=EDGE_LOOP('F43',(#2450,#2457,#2470,#2471));
#2473=FACE_OUTER_BOUND('F43',#2472,.T.);
#2474=ADVANCED_FACE('F43',(#2473),#2435,.T.);
#2475=CARTESIAN_POINT('F19',(-29.359999999999999,-11.090000000000000,
   0.500000000000000));
#2476=CARTESIAN_POINT('F19',(29.359999999999999,-11.090000000000000,
   0.500000000000000));
#2477=CARTESIAN_POINT('F19',(-29.359999999999999,2.860000000000100,
   0.500000000000000));
#2478=CARTESIAN_POINT('F19',(29.359999999999999,2.860000000000100,
   0.500000000000000));
#2479=B_SPLINE_SURFACE_WITH_KNOTS('F19',1,1,((#2475,#2477),(#2476,
   #2478)),.PLANE_SURF.,.F.,.F.,.U.,(2,2),(2,2),(0.0,
   4.209318996415800),(0.0,1.0),.UNSPECIFIED.);
#2480=CARTESIAN_POINT('E43',(-16.295729248453000,-4.336809E-16,
   0.500000000000000));
#2481=CARTESIAN_POINT('E43',(16.295729248453000,-4.336809E-16,
   0.500000000000000));
#2482=QUASI_UNIFORM_CURVE('E43',1,(#2480,#2481),.POLYLINE_FORM.,.F.,
   .U.);
#2483=EDGE_CURVE('E43',#2437,#2186,#2482,.T.);
#2484=ORIENTED_EDGE('E43',*,*,#2483,.F.);
#2485=ORIENTED_EDGE('E44',*,*,#2449,.F.);
#2486=ORIENTED_EDGE('E45',*,*,#2404,.F.);
#2487=ORIENTED_EDGE('E46',*,*,#2368,.F.);
#2488=ORIENTED_EDGE('E47',*,*,#2323,.F.);
#2489=ORIENTED_EDGE('E48',*,*,#2287,.F.);
#2490=ORIENTED_EDGE('E49',*,*,#2242,.F.);
#2491=ORIENTED_EDGE('E50',*,*,#2200,.F.);
#2492=EDGE_LOOP('F19',(#2484,#2485,#2486,#2487,#2488,#2489,#2490,
   #2491));
#2493=FACE_OUTER_BOUND('F19',#2492,.T.);
#2494=ORIENTED_EDGE('E54',*,*,#2165,.T.);
#2495=EDGE_LOOP('F19',(#2494));
#2496=FACE_BOUND('F19',#2495,.T.);
#2497=ORIENTED_EDGE('E53',*,*,#2087,.T.);
#2498=EDGE_LOOP('F19',(#2497));
#2499=FACE_BOUND('F19',#2498,.T.);
#2500=ORIENTED_EDGE('E52',*,*,#2009,.T.);
#2501=EDGE_LOOP('F19',(#2500));
#2502=FACE_BOUND('F19',#2501,.T.);
#2503=ORIENTED_EDGE('E51',*,*,#1931,.T.);
#2504=EDGE_LOOP('F19',(#2503));
#2505=FACE_BOUND('F19',#2504,.T.);
#2506=ADVANCED_FACE('F19',(#2493,#2496,#2499,#2502,#2505),#2479,.T.
   );
#2507=CARTESIAN_POINT('F44',(-16.295729248453000,0.0,0.0));
#2508=CARTESIAN_POINT('F44',(16.295729248453000,0.0,0.0));
#2509=CARTESIAN_POINT('F44',(-16.295729248453000,0.0,
   6.500000000000000));
#2510=CARTESIAN_POINT('F44',(16.295729248453000,0.0,
   6.500000000000000));
#2511=B_SPLINE_SURFACE_WITH_KNOTS('F44',1,1,((#2507,#2509),(#2508,
   #2510)),.PLANE_SURF.,.F.,.F.,.U.,(2,2),(2,2),(0.0,
   5.014070537985700),(0.0,1.0),.UNSPECIFIED.);
#2512=ORIENTED_EDGE('E43',*,*,#2483,.T.);
#2513=ORIENTED_EDGE('F37',*,*,#2227,.F.);
#2514=CARTESIAN_POINT('E118',(16.295729248453000,0.0,
   6.500000000000000));
#2515=CARTESIAN_POINT('E118',(-16.295729248453000,0.0,
   6.500000000000000));
#2516=B_SPLINE_CURVE_WITH_KNOTS('E118',1,(#2514,#2515),
   .POLYLINE_FORM.,.F.,.U.,(2,2),(0.0,5.014070537985700),
   .UNSPECIFIED.);
#2517=EDGE_CURVE('E118',#2210,#2452,#2516,.T.);
#2518=ORIENTED_EDGE('E118',*,*,#2517,.T.);
#2519=ORIENTED_EDGE('E116',*,*,#2456,.F.);
#2520=EDGE_LOOP('F44',(#2512,#2513,#2518,#2519));
#2521=FACE_OUTER_BOUND('F44',#2520,.T.);
#2522=ADVANCED_FACE('F44',(#2521),#2511,.T.);
#2523=CARTESIAN_POINT('F45',(-21.907516992906000,-9.191500000000000,
   6.500000000000000));
#2524=CARTESIAN_POINT('F45',(21.907516992906000,-9.191500000000000,
   6.500000000000000));
#2525=CARTESIAN_POINT('F45',(-21.907516992906000,0.961500000000000,
   6.500000000000000));
#2526=CARTESIAN_POINT('F45',(21.907516992906000,0.961500000000000,
   6.500000000000000));
#2527=QUASI_UNIFORM_SURFACE('F45',1,1,((#2523,#2525),(#2524,#2526))
,.PLANE_SURF.,.F.,.F.,.U.);
#2528=CARTESIAN_POINT('V65',(-16.295729248453000,0.500000000000000,
   6.500000000000000));
#2529=VERTEX_POINT('V65',#2528);
#2530=CARTESIAN_POINT('V66',(16.295729248453000,0.499999999999990,
   6.500000000000000));
#2531=VERTEX_POINT('V66',#2530);
#2532=CARTESIAN_POINT('E88',(-16.295729248453000,0.500000000000000,
   6.500000000000000));
#2533=CARTESIAN_POINT('E88',(16.295729248453000,0.500000000000000,
   6.500000000000000));
#2534=B_SPLINE_CURVE_WITH_KNOTS('E88',1,(#2532,#2533),
   .POLYLINE_FORM.,.F.,.U.,(2,2),(0.0,5.014070537985700),
   .UNSPECIFIED.);
#2535=EDGE_CURVE('E88',#2529,#2531,#2534,.T.);
#2536=ORIENTED_EDGE('E88',*,*,#2535,.F.);
#2537=CARTESIAN_POINT('V72',(-19.348633282790999,-2.061690649232400,
   6.500000000000000));
#2538=VERTEX_POINT('V72',#2537);
#2539=CARTESIAN_POINT('E102',(-19.348633282790999,-2.061690649232400,
   6.500000000000000));
#2540=CARTESIAN_POINT('E102',(-18.896938105103001,0.500000000000000,
   6.500000000000000));
#2541=CARTESIAN_POINT('E102',(-16.295729248453000,0.500000000000000,
   6.500000000000000));
#2549=(BOUNDED_CURVE()B_SPLINE_CURVE(2,(#2539,#2540,#2541),
   .CIRCULAR_ARC.,.F.,.U.)CURVE()GEOMETRIC_REPRESENTATION_ITEM()
   QUASI_UNIFORM_CURVE()RATIONAL_B_SPLINE_CURVE((1.0,
   0.766044443118990,1.0))REPRESENTATION_ITEM('E102'));
#2550=EDGE_CURVE('E102',#2538,#2529,#2549,.T.);
#2551=ORIENTED_EDGE('E102',*,*,#2550,.F.);
#2552=CARTESIAN_POINT('V71',(-19.882904034338001,-5.091690649232400,
   6.500000000000000));
#2553=VERTEX_POINT('V71',#2552);
#2554=CARTESIAN_POINT('E100',(-19.882904034338001,-5.091690649232400,
   6.500000000000000));
#2555=CARTESIAN_POINT('E100',(-19.348633282790999,-2.061690649232400,
   6.500000000000000));
#2556=QUASI_UNIFORM_CURVE('E100',1,(#2554,#2555),.POLYLINE_FORM.,.F.,
   .U.);
#2557=EDGE_CURVE('E100',#2553,#2538,#2556,.T.);
#2558=ORIENTED_EDGE('E100',*,*,#2557,.F.);
#2559=CARTESIAN_POINT('V70',(-16.830000000000002,-8.730000000000000,
   6.500000000000000));
#2560=VERTEX_POINT('V70',#2559);
#2561=CARTESIAN_POINT('E98',(-16.830000000000002,-8.730000000000000,
   6.500000000000000));
#2562=CARTESIAN_POINT('E98',(-20.524436137041999,-8.729999999999800,
   6.500000000000001));
#2563=CARTESIAN_POINT('E98',(-19.882904034338001,-5.091690649232400,
   6.500000000000000));
#2571=(BOUNDED_CURVE()B_SPLINE_CURVE(2,(#2561,#2562,#2563),
   .CIRCULAR_ARC.,.F.,.U.)B_SPLINE_CURVE_WITH_KNOTS((3,3),(0.0,
   1.136749580628300),.UNSPECIFIED.)CURVE()
   GEOMETRIC_REPRESENTATION_ITEM()RATIONAL_B_SPLINE_CURVE((1.0,
   0.642787609686550,1.0))REPRESENTATION_ITEM('E98'));
#2572=EDGE_CURVE('E98',#2560,#2553,#2571,.T.);
#2573=ORIENTED_EDGE('E98',*,*,#2572,.F.);
#2574=CARTESIAN_POINT('V69',(16.830000000000002,-8.730000000000000,
   6.500000000000000));
#2575=VERTEX_POINT('V69',#2574);
#2576=CARTESIAN_POINT('E96',(16.830000000000002,-8.730000000000000,
   6.500000000000000));
#2577=CARTESIAN_POINT('E96',(-16.830000000000002,-8.730000000000000,
   6.500000000000000));
#2578=B_SPLINE_CURVE_WITH_KNOTS('E96',1,(#2576,#2577),
   .POLYLINE_FORM.,.F.,.U.,(2,2),(0.0,5.178461538461600),
   .UNSPECIFIED.);
#2579=EDGE_CURVE('E96',#2575,#2560,#2578,.T.);
#2580=ORIENTED_EDGE('E96',*,*,#2579,.F.);
#2581=CARTESIAN_POINT('V68',(19.882904034338001,-5.091690649232600,
   6.500000000000000));
#2582=VERTEX_POINT('V68',#2581);
#2583=CARTESIAN_POINT('E94',(19.882904034338001,-5.091690649232600,
   6.500000000000000));
#2584=CARTESIAN_POINT('E94',(20.524436137041999,-8.730000000000000,
   6.499999999999999));
#2585=CARTESIAN_POINT('E94',(16.830000000000002,-8.730000000000000,
   6.500000000000000));
#2593=(BOUNDED_CURVE()B_SPLINE_CURVE(2,(#2583,#2584,#2585),
   .CIRCULAR_ARC.,.F.,.U.)B_SPLINE_CURVE_WITH_KNOTS((3,3),(0.0,
   1.136749580628300),.UNSPECIFIED.)CURVE()
   GEOMETRIC_REPRESENTATION_ITEM()RATIONAL_B_SPLINE_CURVE((1.0,
   0.642787609686540,1.0))REPRESENTATION_ITEM('E94'));
#2594=EDGE_CURVE('E94',#2582,#2575,#2593,.T.);
#2595=ORIENTED_EDGE('E94',*,*,#2594,.F.);
#2596=CARTESIAN_POINT('V67',(19.348633282790999,-2.061690649232500,
   6.500000000000000));
#2597=VERTEX_POINT('V67',#2596);
#2598=CARTESIAN_POINT('E92',(19.348633282790999,-2.061690649232500,
   6.500000000000000));
#2599=CARTESIAN_POINT('E92',(19.882904034338001,-5.091690649232600,
   6.500000000000000));
#2600=QUASI_UNIFORM_CURVE('E92',1,(#2598,#2599),.POLYLINE_FORM.,.F.,
   .U.);
#2601=EDGE_CURVE('E92',#2597,#2582,#2600,.T.);
#2602=ORIENTED_EDGE('E92',*,*,#2601,.F.);
#2603=CARTESIAN_POINT('E90',(16.295729248453000,0.499999999999990,
   6.500000000000000));
#2604=CARTESIAN_POINT('E90',(18.896938105103001,0.500000000000010,
   6.500000000000000));
#2605=CARTESIAN_POINT('E90',(19.348633282790999,-2.061690649232500,
   6.500000000000000));
#2613=(BOUNDED_CURVE()B_SPLINE_CURVE(2,(#2603,#2604,#2605),
   .CIRCULAR_ARC.,.F.,.U.)CURVE()GEOMETRIC_REPRESENTATION_ITEM()
   QUASI_UNIFORM_CURVE()RATIONAL_B_SPLINE_CURVE((1.0,
   0.766044443118970,1.0))REPRESENTATION_ITEM('E90'));
#2614=EDGE_CURVE('E90',#2531,#2597,#2613,.T.);
#2615=ORIENTED_EDGE('E90',*,*,#2614,.F.);
#2616=EDGE_LOOP('F45',(#2536,#2551,#2558,#2573,#2580,#2595,#2602,
   #2615));
#2617=FACE_OUTER_BOUND('F45',#2616,.T.);
#2618=ORIENTED_EDGE('E118',*,*,#2517,.F.);
#2619=ORIENTED_EDGE('E104',*,*,#2222,.F.);
#2620=ORIENTED_EDGE('E107',*,*,#2254,.F.);
#2621=ORIENTED_EDGE('E109',*,*,#2307,.F.);
#2622=ORIENTED_EDGE('E111',*,*,#2335,.F.);
#2623=ORIENTED_EDGE('E113',*,*,#2388,.F.);
#2624=ORIENTED_EDGE('E115',*,*,#2416,.F.);
#2625=ORIENTED_EDGE('E117',*,*,#2469,.F.);
#2626=EDGE_LOOP('F45',(#2618,#2619,#2620,#2621,#2622,#2623,#2624,
   #2625));
#2627=FACE_BOUND('F45',#2626,.T.);
#2628=ADVANCED_FACE('F45',(#2617,#2627),#2527,.T.);
#2629=CARTESIAN_POINT('F30',(19.348633282790999,-2.061690649232500,
   0.0));
#2630=CARTESIAN_POINT('F30',(18.896938105102645,0.500000000000007,
   0.0));
#2631=CARTESIAN_POINT('F30',(16.295729248453000,0.499999999999990,
   0.0));
#2632=CARTESIAN_POINT('F30',(19.348633282790999,-2.061690649232500,
   6.500000000000000));
#2633=CARTESIAN_POINT('F30',(18.896938105102645,0.500000000000007,
   6.499999999999993));
#2634=CARTESIAN_POINT('F30',(16.295729248453000,0.499999999999990,
   6.500000000000000));
#2642=(BOUNDED_SURFACE()B_SPLINE_SURFACE(2,1,((#2629,#2632),(
   #2630,#2633),(#2631,#2634)),.CYLINDRICAL_SURF.,.F.,.F.,.U.)
   B_SPLINE_SURFACE_WITH_KNOTS((3,3),(2,2),(0.0,1.0),(0.0,
   1.249419089010000),.UNSPECIFIED.)GEOMETRIC_REPRESENTATION_ITEM()
   RATIONAL_B_SPLINE_SURFACE(((1.0,1.0),(0.766044443118970,
   0.766044443118970),(1.0,1.0)))REPRESENTATION_ITEM('F30')SURFACE(
   ));
#2643=CARTESIAN_POINT('V51',(19.348633282790999,-2.061690649232500,
   0.500000000000000));
#2644=VERTEX_POINT('V51',#2643);
#2645=CARTESIAN_POINT('V49',(16.295729248453000,0.500000000000000,
   0.500000000000000));
#2646=VERTEX_POINT('V49',#2645);
#2647=CARTESIAN_POINT('E64',(19.348633282790999,-2.061690649232500,
   0.500000000000000));
#2648=CARTESIAN_POINT('E64',(18.896938105103001,0.500000000000010,
   0.500000000000000));
#2649=CARTESIAN_POINT('E64',(16.295729248453000,0.499999999999990,
   0.500000000000000));
#2657=(BOUNDED_CURVE()B_SPLINE_CURVE(2,(#2647,#2648,#2649),
   .CIRCULAR_ARC.,.F.,.U.)CURVE()GEOMETRIC_REPRESENTATION_ITEM()
   QUASI_UNIFORM_CURVE()RATIONAL_B_SPLINE_CURVE((1.0,
   0.673648177666930,0.773318403094330))REPRESENTATION_ITEM('E64'));
#2658=EDGE_CURVE('E64',#2644,#2646,#2657,.T.);
#2659=ORIENTED_EDGE('E64',*,*,#2658,.T.);
#2660=CARTESIAN_POINT('E89',(16.295729248453000,0.499999999999990,
   0.500000000000000));
#2661=CARTESIAN_POINT('E89',(16.295729248453000,0.499999999999990,
   6.500000000000000));
#2662=B_SPLINE_CURVE_WITH_KNOTS('E89',1,(#2660,#2661),
   .POLYLINE_FORM.,.F.,.U.,(2,2),(0.096109160693080,
   1.249419089010000),.UNSPECIFIED.);
#2663=EDGE_CURVE('E89',#2646,#2531,#2662,.T.);
#2664=ORIENTED_EDGE('E89',*,*,#2663,.T.);
#2665=ORIENTED_EDGE('F45',*,*,#2614,.T.);
#2666=CARTESIAN_POINT('E91',(19.348633282790999,-2.061690649232500,
   0.500000000000000));
#2667=CARTESIAN_POINT('E91',(19.348633282790999,-2.061690649232500,
   6.500000000000000));
#2668=B_SPLINE_CURVE_WITH_KNOTS('E91',1,(#2666,#2667),
   .POLYLINE_FORM.,.F.,.U.,(2,2),(0.162509530200030,
   2.112623892600400),.UNSPECIFIED.);
#2669=EDGE_CURVE('E91',#2644,#2597,#2668,.T.);
#2670=ORIENTED_EDGE('E91',*,*,#2669,.F.);
#2671=EDGE_LOOP('F30',(#2659,#2664,#2665,#2670));
#2672=FACE_OUTER_BOUND('F30',#2671,.T.);
#2673=ADVANCED_FACE('F30',(#2672),#2642,.T.);
#2674=CARTESIAN_POINT('F31',(19.882904034338001,-5.091690649232600,
   0.0));
#2675=CARTESIAN_POINT('F31',(19.348633282790999,-2.061690649232500,
   0.0));
#2676=CARTESIAN_POINT('F31',(19.882904034338001,-5.091690649232600,
   6.500000000000000));
#2677=CARTESIAN_POINT('F31',(19.348633282790999,-2.061690649232500,
   6.500000000000000));
#2678=B_SPLINE_SURFACE_WITH_KNOTS('F31',1,1,((#2674,#2676),(#2675,
   #2677)),.PLANE_SURF.,.F.,.F.,.U.,(2,2),(2,2),(0.0,1.0),(0.0,
   2.112623892600400),.UNSPECIFIED.);
#2679=CARTESIAN_POINT('V52',(19.882904034338001,-5.091690649232600,
   0.500000000000000));
#2680=VERTEX_POINT('V52',#2679);
#2681=CARTESIAN_POINT('E65',(19.882904034338001,-5.091690649232600,
   0.500000000000000));
#2682=CARTESIAN_POINT('E65',(19.348633282790999,-2.061690649232500,
   0.500000000000000));
#2683=QUASI_UNIFORM_CURVE('E65',1,(#2681,#2682),.POLYLINE_FORM.,.F.,
   .U.);
#2684=EDGE_CURVE('E65',#2680,#2644,#2683,.T.);
#2685=ORIENTED_EDGE('E65',*,*,#2684,.T.);
#2686=ORIENTED_EDGE('F30',*,*,#2669,.T.);
#2687=ORIENTED_EDGE('E92',*,*,#2601,.T.);
#2688=CARTESIAN_POINT('E93',(19.882904034338001,-5.091690649232600,
   0.500000000000000));
#2689=CARTESIAN_POINT('E93',(19.882904034338001,-5.091690649232600,
   6.500000000000000));
#2690=B_SPLINE_CURVE_WITH_KNOTS('E93',1,(#2688,#2689),
   .POLYLINE_FORM.,.F.,.U.,(2,2),(0.076923076923077,1.0),
   .UNSPECIFIED.);
#2691=EDGE_CURVE('E93',#2680,#2582,#2690,.T.);
#2692=ORIENTED_EDGE('E93',*,*,#2691,.F.);
#2693=EDGE_LOOP('F31',(#2685,#2686,#2687,#2692));
#2694=FACE_OUTER_BOUND('F31',#2693,.T.);
#2695=ADVANCED_FACE('F31',(#2694),#2678,.T.);
#2696=CARTESIAN_POINT('F32',(16.830000000000002,-8.730000000000000,
   0.0));
#2697=CARTESIAN_POINT('F32',(20.524436137041580,-8.730000000000009,
   0.0));
#2698=CARTESIAN_POINT('F32',(19.882904034338001,-5.091690649232600,
   0.0));
#2699=CARTESIAN_POINT('F32',(16.830000000000002,-8.730000000000000,
   6.500000000000000));
#2700=CARTESIAN_POINT('F32',(20.524436137041580,-8.730000000000009,
   6.499999999999984));
#2701=CARTESIAN_POINT('F32',(19.882904034338001,-5.091690649232600,
   6.500000000000000));
#2709=(BOUNDED_SURFACE()B_SPLINE_SURFACE(2,1,((#2696,#2699),(
   #2697,#2700),(#2698,#2701)),.CYLINDRICAL_SURF.,.F.,.F.,.U.)
   B_SPLINE_SURFACE_WITH_KNOTS((3,3),(2,2),(0.0,
   1.136749580628300),(0.0,1.0),.UNSPECIFIED.)
   GEOMETRIC_REPRESENTATION_ITEM()RATIONAL_B_SPLINE_SURFACE(((1.0,
   1.0),(0.642787609686540,0.642787609686540),(1.0,1.0)))
   REPRESENTATION_ITEM('F32')SURFACE());
#2710=CARTESIAN_POINT('V53',(16.830000000000002,-8.730000000000000,
   0.500000000000000));
#2711=VERTEX_POINT('V53',#2710);
#2712=CARTESIAN_POINT('E66',(16.830000000000002,-8.730000000000000,
   0.500000000000000));
#2713=CARTESIAN_POINT('E66',(20.524436137041999,-8.730000000000000,
   0.500000000000000));
#2714=CARTESIAN_POINT('E66',(19.882904034338001,-5.091690649232600,
   0.500000000000000));
#2722=(BOUNDED_CURVE()B_SPLINE_CURVE(2,(#2712,#2713,#2714),
   .CIRCULAR_ARC.,.F.,.U.)CURVE()GEOMETRIC_REPRESENTATION_ITEM()
   QUASI_UNIFORM_CURVE()RATIONAL_B_SPLINE_CURVE((1.0,
   0.592396265452050,0.849355748573840))REPRESENTATION_ITEM('E66'));
#2723=EDGE_CURVE('E66',#2711,#2680,#2722,.T.);
#2724=ORIENTED_EDGE('E66',*,*,#2723,.T.);
#2725=ORIENTED_EDGE('F31',*,*,#2691,.T.);
#2726=ORIENTED_EDGE('E94',*,*,#2594,.T.);
#2727=CARTESIAN_POINT('E95',(16.830000000000002,-8.730000000000000,
   0.500000000000000));
#2728=CARTESIAN_POINT('E95',(16.830000000000002,-8.730000000000000,
   6.500000000000000));
#2729=B_SPLINE_CURVE_WITH_KNOTS('E95',1,(#2727,#2728),
   .POLYLINE_FORM.,.F.,.U.,(2,2),(0.076923076923077,1.0),
   .UNSPECIFIED.);
#2730=EDGE_CURVE('E95',#2711,#2575,#2729,.T.);
#2731=ORIENTED_EDGE('E95',*,*,#2730,.F.);
#2732=EDGE_LOOP('F32',(#2724,#2725,#2726,#2731));
#2733=FACE_OUTER_BOUND('F32',#2732,.T.);
#2734=ADVANCED_FACE('F32',(#2733),#2709,.T.);
#2735=CARTESIAN_POINT('F33',(-16.830000000000002,-8.730000000000000,
   0.0));
#2736=CARTESIAN_POINT('F33',(16.830000000000002,-8.730000000000000,
   0.0));
#2737=CARTESIAN_POINT('F33',(-16.830000000000002,-8.730000000000000,
   6.500000000000000));
#2738=CARTESIAN_POINT('F33',(16.830000000000002,-8.730000000000000,
   6.500000000000000));
#2739=B_SPLINE_SURFACE_WITH_KNOTS('F33',1,1,((#2735,#2737),(#2736,
   #2738)),.PLANE_SURF.,.F.,.F.,.U.,(2,2),(2,2),(0.0,
   5.178461538461600),(0.0,1.0),.UNSPECIFIED.);
#2740=CARTESIAN_POINT('V54',(-16.830000000000002,-8.730000000000000,
   0.500000000000000));
#2741=VERTEX_POINT('V54',#2740);
#2742=CARTESIAN_POINT('E67',(-16.830000000000002,-8.730000000000000,
   0.500000000000000));
#2743=CARTESIAN_POINT('E67',(16.830000000000002,-8.730000000000000,
   0.500000000000000));
#2744=QUASI_UNIFORM_CURVE('E67',1,(#2742,#2743),.POLYLINE_FORM.,.F.,
   .U.);
#2745=EDGE_CURVE('E67',#2741,#2711,#2744,.T.);
#2746=ORIENTED_EDGE('E67',*,*,#2745,.T.);
#2747=ORIENTED_EDGE('F32',*,*,#2730,.T.);
#2748=ORIENTED_EDGE('E96',*,*,#2579,.T.);
#2749=CARTESIAN_POINT('E97',(-16.830000000000002,-8.730000000000000,
   0.500000000000000));
#2750=CARTESIAN_POINT('E97',(-16.830000000000002,-8.730000000000000,
   6.500000000000000));
#2751=B_SPLINE_CURVE_WITH_KNOTS('E97',1,(#2749,#2750),
   .POLYLINE_FORM.,.F.,.U.,(2,2),(0.076923076923077,1.0),
   .UNSPECIFIED.);
#2752=EDGE_CURVE('E97',#2741,#2560,#2751,.T.);
#2753=ORIENTED_EDGE('E97',*,*,#2752,.F.);
#2754=EDGE_LOOP('F33',(#2746,#2747,#2748,#2753));
#2755=FACE_OUTER_BOUND('F33',#2754,.T.);
#2756=ADVANCED_FACE('F33',(#2755),#2739,.T.);
#2757=CARTESIAN_POINT('F34',(-19.882904034338001,-5.091690649232400,
   0.0));
#2758=CARTESIAN_POINT('F34',(-20.524436137041260,-8.729999999999718,
   0.0));
#2759=CARTESIAN_POINT('F34',(-16.830000000000002,-8.730000000000000,
   0.0));
#2760=CARTESIAN_POINT('F34',(-19.882904034338001,-5.091690649232400,
   6.500000000000000));
#2761=CARTESIAN_POINT('F34',(-20.524436137041260,-8.729999999999718,
   6.499999999999883));
#2762=CARTESIAN_POINT('F34',(-16.830000000000002,-8.730000000000000,
   6.500000000000000));
#2770=(BOUNDED_SURFACE()B_SPLINE_SURFACE(2,1,((#2757,#2760),(
   #2758,#2761),(#2759,#2762)),.CYLINDRICAL_SURF.,.F.,.F.,.U.)
   B_SPLINE_SURFACE_WITH_KNOTS((3,3),(2,2),(0.0,
   1.136749580628300),(0.0,1.0),.UNSPECIFIED.)
   GEOMETRIC_REPRESENTATION_ITEM()RATIONAL_B_SPLINE_SURFACE(((1.0,
   1.0),(0.642787609686550,0.642787609686550),(1.0,1.0)))
   REPRESENTATION_ITEM('F34')SURFACE());
#2771=CARTESIAN_POINT('V55',(-19.882904034338001,-5.091690649232400,
   0.500000000000000));
#2772=VERTEX_POINT('V55',#2771);
#2773=CARTESIAN_POINT('E68',(-19.882904034338001,-5.091690649232400,
   0.500000000000000));
#2774=CARTESIAN_POINT('E68',(-20.524436137041999,-8.729999999999800,
   0.500000000000000));
#2775=CARTESIAN_POINT('E68',(-16.830000000000002,-8.730000000000000,
   0.500000000000000));
#2783=(BOUNDED_CURVE()B_SPLINE_CURVE(2,(#2773,#2774,#2775),
   .CIRCULAR_ARC.,.F.,.U.)CURVE()GEOMETRIC_REPRESENTATION_ITEM()
   QUASI_UNIFORM_CURVE()RATIONAL_B_SPLINE_CURVE((1.0,
   0.592396265452050,0.849355748573840))REPRESENTATION_ITEM('E68'));
#2784=EDGE_CURVE('E68',#2772,#2741,#2783,.T.);
#2785=ORIENTED_EDGE('E68',*,*,#2784,.T.);
#2786=ORIENTED_EDGE('F33',*,*,#2752,.T.);
#2787=ORIENTED_EDGE('E98',*,*,#2572,.T.);
#2788=CARTESIAN_POINT('E99',(-19.882904034338001,-5.091690649232400,
   0.500000000000000));
#2789=CARTESIAN_POINT('E99',(-19.882904034338001,-5.091690649232400,
   6.500000000000000));
#2790=B_SPLINE_CURVE_WITH_KNOTS('E99',1,(#2788,#2789),
   .POLYLINE_FORM.,.F.,.U.,(2,2),(0.162509530200030,
   2.112623892600400),.UNSPECIFIED.);
#2791=EDGE_CURVE('E99',#2772,#2553,#2790,.T.);
#2792=ORIENTED_EDGE('E99',*,*,#2791,.F.);
#2793=EDGE_LOOP('F34',(#2785,#2786,#2787,#2792));
#2794=FACE_OUTER_BOUND('F34',#2793,.T.);
#2795=ADVANCED_FACE('F34',(#2794),#2770,.T.);
#2796=CARTESIAN_POINT('F35',(-19.348633282790999,-2.061690649232400,
   0.0));
#2797=CARTESIAN_POINT('F35',(-19.882904034338001,-5.091690649232400,
   0.0));
#2798=CARTESIAN_POINT('F35',(-19.348633282790999,-2.061690649232400,
   6.500000000000000));
#2799=CARTESIAN_POINT('F35',(-19.882904034338001,-5.091690649232400,
   6.500000000000000));
#2800=B_SPLINE_SURFACE_WITH_KNOTS('F35',1,1,((#2796,#2798),(#2797,
   #2799)),.PLANE_SURF.,.F.,.F.,.U.,(2,2),(2,2),(0.0,1.0),(0.0,
   2.112623892600400),.UNSPECIFIED.);
#2801=CARTESIAN_POINT('V56',(-19.348633282790999,-2.061690649232400,
   0.500000000000000));
#2802=VERTEX_POINT('V56',#2801);
#2803=CARTESIAN_POINT('E69',(-19.348633282790999,-2.061690649232400,
   0.500000000000000));
#2804=CARTESIAN_POINT('E69',(-19.882904034338001,-5.091690649232400,
   0.500000000000000));
#2805=QUASI_UNIFORM_CURVE('E69',1,(#2803,#2804),.POLYLINE_FORM.,.F.,
   .U.);
#2806=EDGE_CURVE('E69',#2802,#2772,#2805,.T.);
#2807=ORIENTED_EDGE('E69',*,*,#2806,.T.);
#2808=ORIENTED_EDGE('F34',*,*,#2791,.T.);
#2809=ORIENTED_EDGE('E100',*,*,#2557,.T.);
#2810=CARTESIAN_POINT('E101',(-19.348633282790999,-2.061690649232400,
   0.500000000000000));
#2811=CARTESIAN_POINT('E101',(-19.348633282790999,-2.061690649232400,
   6.500000000000000));
#2812=B_SPLINE_CURVE_WITH_KNOTS('E101',1,(#2810,#2811),
   .POLYLINE_FORM.,.F.,.U.,(2,2),(0.096109160693084,
   1.249419089010100),.UNSPECIFIED.);
#2813=EDGE_CURVE('E101',#2802,#2538,#2812,.T.);
#2814=ORIENTED_EDGE('E101',*,*,#2813,.F.);
#2815=EDGE_LOOP('F35',(#2807,#2808,#2809,#2814));
#2816=FACE_OUTER_BOUND('F35',#2815,.T.);
#2817=ADVANCED_FACE('F35',(#2816),#2800,.T.);
#2818=CARTESIAN_POINT('F36',(-16.295729248453000,0.500000000000000,
   0.0));
#2819=CARTESIAN_POINT('F36',(-18.896938105102151,0.499999999999994,
   0.0));
#2820=CARTESIAN_POINT('F36',(-19.348633282790999,-2.061690649232400,
   0.0));
#2821=CARTESIAN_POINT('F36',(-16.295729248453000,0.500000000000000,
   6.500000000000000));
#2822=CARTESIAN_POINT('F36',(-18.896938105102151,0.499999999999994,
   6.499999999999955));
#2823=CARTESIAN_POINT('F36',(-19.348633282790999,-2.061690649232400,
   6.500000000000000));
#2831=(BOUNDED_SURFACE()B_SPLINE_SURFACE(2,1,((#2818,#2821),(
   #2819,#2822),(#2820,#2823)),.CYLINDRICAL_SURF.,.F.,.F.,.U.)
   B_SPLINE_SURFACE_WITH_KNOTS((3,3),(2,2),(0.0,1.0),(0.0,
   1.249419089010100),.UNSPECIFIED.)GEOMETRIC_REPRESENTATION_ITEM()
   RATIONAL_B_SPLINE_SURFACE(((1.0,1.0),(0.766044443118990,
   0.766044443118990),(1.0,1.0)))REPRESENTATION_ITEM('F36')SURFACE(
   ));
#2832=CARTESIAN_POINT('V50',(-16.295729248453000,0.500000000000000,
   0.500000000000000));
#2833=VERTEX_POINT('V50',#2832);
#2834=CARTESIAN_POINT('E70',(-16.295729248453000,0.500000000000000,
   0.500000000000000));
#2835=CARTESIAN_POINT('E70',(-18.896938105103001,0.500000000000000,
   0.500000000000000));
#2836=CARTESIAN_POINT('E70',(-19.348633282790999,-2.061690649232400,
   0.500000000000000));
#2844=(BOUNDED_CURVE()B_SPLINE_CURVE(2,(#2834,#2835,#2836),
   .CIRCULAR_ARC.,.F.,.U.)CURVE()GEOMETRIC_REPRESENTATION_ITEM()
   QUASI_UNIFORM_CURVE()RATIONAL_B_SPLINE_CURVE((1.0,
   0.673648177666940,0.773318403094320))REPRESENTATION_ITEM('E70'));
#2845=EDGE_CURVE('E70',#2833,#2802,#2844,.T.);
#2846=ORIENTED_EDGE('E70',*,*,#2845,.T.);
#2847=ORIENTED_EDGE('F35',*,*,#2813,.T.);
#2848=ORIENTED_EDGE('E102',*,*,#2550,.T.);
#2849=CARTESIAN_POINT('E87',(-16.295729248453000,0.500000000000000,
   6.500000000000000));
#2850=CARTESIAN_POINT('E87',(-16.295729248453000,0.500000000000000,
   0.500000000000000));
#2851=B_SPLINE_CURVE_WITH_KNOTS('E87',1,(#2849,#2850),
   .POLYLINE_FORM.,.F.,.U.,(2,2),(0.0,1.153309928317000),
   .UNSPECIFIED.);
#2852=EDGE_CURVE('E87',#2529,#2833,#2851,.T.);
#2853=ORIENTED_EDGE('E87',*,*,#2852,.T.);
#2854=EDGE_LOOP('F36',(#2846,#2847,#2848,#2853));
#2855=FACE_OUTER_BOUND('F36',#2854,.T.);
#2856=ADVANCED_FACE('F36',(#2855),#2831,.T.);
#2857=CARTESIAN_POINT('F29',(16.295729248453000,0.500000000000000,
   0.0));
#2858=CARTESIAN_POINT('F29',(-16.295729248453000,0.500000000000000,
   0.0));
#2859=CARTESIAN_POINT('F29',(16.295729248453000,0.500000000000000,
   6.500000000000000));
#2860=CARTESIAN_POINT('F29',(-16.295729248453000,0.500000000000000,
   6.500000000000000));
#2861=B_SPLINE_SURFACE_WITH_KNOTS('F29',1,1,((#2857,#2859),(#2858,
   #2860)),.PLANE_SURF.,.F.,.F.,.U.,(2,2),(2,2),(0.0,
   5.014070537985700),(0.0,1.0),.UNSPECIFIED.);
#2862=CARTESIAN_POINT('E63',(16.295729248453000,0.500000000000000,
   0.500000000000000));
#2863=CARTESIAN_POINT('E63',(-16.295729248453000,0.500000000000000,
   0.500000000000000));
#2864=QUASI_UNIFORM_CURVE('E63',1,(#2862,#2863),.POLYLINE_FORM.,.F.,
   .U.);
#2865=EDGE_CURVE('E63',#2646,#2833,#2864,.T.);
#2866=ORIENTED_EDGE('E63',*,*,#2865,.T.);
#2867=ORIENTED_EDGE('F36',*,*,#2852,.F.);
#2868=ORIENTED_EDGE('E88',*,*,#2535,.T.);
#2869=ORIENTED_EDGE('E89',*,*,#2663,.F.);
#2870=EDGE_LOOP('F29',(#2866,#2867,#2868,#2869));
#2871=FACE_OUTER_BOUND('F29',#2870,.T.);
#2872=ADVANCED_FACE('F29',(#2871),#2861,.T.);
#2873=CARTESIAN_POINT('F20',(-29.359999999999999,-11.090000000000000,
   0.500000000000000));
#2874=CARTESIAN_POINT('F20',(29.359999999999999,-11.090000000000000,
   0.500000000000000));
#2875=CARTESIAN_POINT('F20',(-29.359999999999999,2.860000000000100,
   0.500000000000000));
#2876=CARTESIAN_POINT('F20',(29.359999999999999,2.860000000000100,
   0.500000000000000));
#2877=B_SPLINE_SURFACE_WITH_KNOTS('F20',1,1,((#2873,#2875),(#2874,
   #2876)),.PLANE_SURF.,.F.,.F.,.U.,(2,2),(2,2),(0.0,
   4.209318996415800),(0.0,1.0),.UNSPECIFIED.);
#2878=CARTESIAN_POINT('V41',(-26.599999999999998,-8.864999999999799,
   0.500000000000000));
#2879=VERTEX_POINT('V41',#2878);
#2880=CARTESIAN_POINT('V42',(-26.599999999999998,0.635000000000160,
   0.500000000000000));
#2881=VERTEX_POINT('V42',#2880);
#2882=CARTESIAN_POINT('E55',(-26.599999999999998,-8.864999999999799,
   0.500000000000000));
#2883=CARTESIAN_POINT('E55',(-26.599999999999998,0.635000000000160,
   0.500000000000000));
#2884=B_SPLINE_CURVE_WITH_KNOTS('E55',1,(#2882,#2883),
   .POLYLINE_FORM.,.F.,.U.,(2,2),(0.0,1.532258064516100),
   .UNSPECIFIED.);
#2885=EDGE_CURVE('E55',#2879,#2881,#2884,.T.);
#2886=ORIENTED_EDGE('E55',*,*,#2885,.F.);
#2887=CARTESIAN_POINT('V43',(-25.100000000000001,-10.364999999999998,
   0.500000000000000));
#2888=VERTEX_POINT('V43',#2887);
#2889=CARTESIAN_POINT('E56',(-25.100000000000001,-10.364999999999998,
   0.500000000000000));
#2890=CARTESIAN_POINT('E56',(-26.599999999999998,-10.364999999999998,
   0.500000000000000));
#2891=CARTESIAN_POINT('E56',(-26.599999999999998,-8.864999999999799,
   0.500000000000000));
#2899=(BOUNDED_CURVE()B_SPLINE_CURVE(2,(#2889,#2890,#2891),
   .CIRCULAR_ARC.,.F.,.U.)CURVE()GEOMETRIC_REPRESENTATION_ITEM()
   QUASI_UNIFORM_CURVE()RATIONAL_B_SPLINE_CURVE((1.0,
   0.707106781186550,1.0))REPRESENTATION_ITEM('E56'));
#2900=EDGE_CURVE('E56',#2888,#2879,#2899,.T.);
#2901=ORIENTED_EDGE('E56',*,*,#2900,.F.);
#2902=CARTESIAN_POINT('V44',(25.100000000000001,-10.364999999999998,
   0.500000000000000));
#2903=VERTEX_POINT('V44',#2902);
#2904=CARTESIAN_POINT('E57',(25.100000000000001,-10.364999999999998,
   0.500000000000000));
#2905=CARTESIAN_POINT('E57',(-25.100000000000001,-10.364999999999998,
   0.500000000000000));
#2906=B_SPLINE_CURVE_WITH_KNOTS('E57',1,(#2904,#2905),
   .POLYLINE_FORM.,.F.,.U.,(2,2),(0.0,8.096774193548400),
   .UNSPECIFIED.);
#2907=EDGE_CURVE('E57',#2903,#2888,#2906,.T.);
#2908=ORIENTED_EDGE('E57',*,*,#2907,.F.);
#2909=CARTESIAN_POINT('V45',(26.599999999999998,-8.865000000000000,
   0.500000000000000));
#2910=VERTEX_POINT('V45',#2909);
#2911=CARTESIAN_POINT('E58',(26.599999999999998,-8.865000000000000,
   0.500000000000000));
#2912=CARTESIAN_POINT('E58',(26.599999999999998,-10.364999999999998,
   0.500000000000000));
#2913=CARTESIAN_POINT('E58',(25.100000000000001,-10.364999999999998,
   0.500000000000000));
#2921=(BOUNDED_CURVE()B_SPLINE_CURVE(2,(#2911,#2912,#2913),
   .CIRCULAR_ARC.,.F.,.U.)CURVE()GEOMETRIC_REPRESENTATION_ITEM()
   QUASI_UNIFORM_CURVE()RATIONAL_B_SPLINE_CURVE((1.0,
   0.707106781186550,1.0))REPRESENTATION_ITEM('E58'));
#2922=EDGE_CURVE('E58',#2910,#2903,#2921,.T.);
#2923=ORIENTED_EDGE('E58',*,*,#2922,.F.);
#2924=CARTESIAN_POINT('V46',(26.599999999999998,0.635000000000000,
   0.500000000000000));
#2925=VERTEX_POINT('V46',#2924);
#2926=CARTESIAN_POINT('E59',(26.599999999999998,0.635000000000010,
   0.500000000000000));
#2927=CARTESIAN_POINT('E59',(26.599999999999998,-8.865000000000000,
   0.500000000000000));
#2928=B_SPLINE_CURVE_WITH_KNOTS('E59',1,(#2926,#2927),
   .POLYLINE_FORM.,.F.,.U.,(2,2),(0.0,1.532258064516100),
   .UNSPECIFIED.);
#2929=EDGE_CURVE('E59',#2925,#2910,#2928,.T.);
#2930=ORIENTED_EDGE('E59',*,*,#2929,.F.);
#2931=CARTESIAN_POINT('V47',(25.100000000000001,2.135000000000100,
   0.500000000000000));
#2932=VERTEX_POINT('V47',#2931);
#2933=CARTESIAN_POINT('E60',(25.100000000000001,2.135000000000100,
   0.500000000000000));
#2934=CARTESIAN_POINT('E60',(26.599999999999998,2.135000000000100,
   0.500000000000000));
#2935=CARTESIAN_POINT('E60',(26.599999999999998,0.635000000000000,
   0.500000000000000));
#2943=(BOUNDED_CURVE()B_SPLINE_CURVE(2,(#2933,#2934,#2935),
   .CIRCULAR_ARC.,.F.,.U.)CURVE()GEOMETRIC_REPRESENTATION_ITEM()
   QUASI_UNIFORM_CURVE()RATIONAL_B_SPLINE_CURVE((1.0,
   0.707106781186520,1.0))REPRESENTATION_ITEM('E60'));
#2944=EDGE_CURVE('E60',#2932,#2925,#2943,.T.);
#2945=ORIENTED_EDGE('E60',*,*,#2944,.F.);
#2946=CARTESIAN_POINT('V48',(-25.100000000000001,2.135000000000100,
   0.500000000000000));
#2947=VERTEX_POINT('V48',#2946);
#2948=CARTESIAN_POINT('E61',(-25.100000000000001,2.135000000000100,
   0.500000000000000));
#2949=CARTESIAN_POINT('E61',(25.100000000000001,2.135000000000100,
   0.500000000000000));
#2950=B_SPLINE_CURVE_WITH_KNOTS('E61',1,(#2948,#2949),
   .POLYLINE_FORM.,.F.,.U.,(2,2),(0.0,8.096774193548400),
   .UNSPECIFIED.);
#2951=EDGE_CURVE('E61',#2947,#2932,#2950,.T.);
#2952=ORIENTED_EDGE('E61',*,*,#2951,.F.);
#2953=CARTESIAN_POINT('E62',(-26.599999999999998,0.635000000000160,
   0.500000000000000));
#2954=CARTESIAN_POINT('E62',(-26.599999999999998,2.135000000000100,
   0.500000000000000));
#2955=CARTESIAN_POINT('E62',(-25.100000000000001,2.135000000000100,
   0.500000000000000));
#2963=(BOUNDED_CURVE()B_SPLINE_CURVE(2,(#2953,#2954,#2955),
   .CIRCULAR_ARC.,.F.,.U.)CURVE()GEOMETRIC_REPRESENTATION_ITEM()
   QUASI_UNIFORM_CURVE()RATIONAL_B_SPLINE_CURVE((1.0,
   0.707106781186550,1.0))REPRESENTATION_ITEM('E62'));
#2964=EDGE_CURVE('E62',#2881,#2947,#2963,.T.);
#2965=ORIENTED_EDGE('E62',*,*,#2964,.F.);
#2966=EDGE_LOOP('F20',(#2886,#2901,#2908,#2923,#2930,#2945,#2952,
   #2965));
#2967=FACE_OUTER_BOUND('F20',#2966,.T.);
#2968=ORIENTED_EDGE('E63',*,*,#2865,.F.);
#2969=ORIENTED_EDGE('E64',*,*,#2658,.F.);
#2970=ORIENTED_EDGE('E65',*,*,#2684,.F.);
#2971=ORIENTED_EDGE('E66',*,*,#2723,.F.);
#2972=ORIENTED_EDGE('E67',*,*,#2745,.F.);
#2973=ORIENTED_EDGE('E68',*,*,#2784,.F.);
#2974=ORIENTED_EDGE('E69',*,*,#2806,.F.);
#2975=ORIENTED_EDGE('E70',*,*,#2845,.F.);
#2976=EDGE_LOOP('F20',(#2968,#2969,#2970,#2971,#2972,#2973,#2974,
   #2975));
#2977=FACE_BOUND('F20',#2976,.T.);
#2978=ORIENTED_EDGE('E17',*,*,#1851,.T.);
#2979=ORIENTED_EDGE('E1',*,*,#1739,.T.);
#2980=ORIENTED_EDGE('E5',*,*,#1765,.T.);
#2981=ORIENTED_EDGE('E8',*,*,#1787,.T.);
#2982=ORIENTED_EDGE('E11',*,*,#1809,.T.);
#2983=ORIENTED_EDGE('E14',*,*,#1831,.T.);
#2984=EDGE_LOOP('F20',(#2978,#2979,#2980,#2981,#2982,#2983));
#2985=FACE_BOUND('F20',#2984,.T.);
#2986=ORIENTED_EDGE('E35',*,*,#1588,.T.);
#2987=ORIENTED_EDGE('E19',*,*,#1476,.T.);
#2988=ORIENTED_EDGE('E23',*,*,#1502,.T.);
#2989=ORIENTED_EDGE('E26',*,*,#1524,.T.);
#2990=ORIENTED_EDGE('E29',*,*,#1546,.T.);
#2991=ORIENTED_EDGE('E32',*,*,#1568,.T.);
#2992=EDGE_LOOP('F20',(#2986,#2987,#2988,#2989,#2990,#2991));
#2993=FACE_BOUND('F20',#2992,.T.);
#2994=ADVANCED_FACE('F20',(#2967,#2977,#2985,#2993),#2877,.T.);
#2995=CARTESIAN_POINT('F24',(26.599999999999998,-8.965000000000000,
   -5.800000000000000));
#2996=CARTESIAN_POINT('F24',(26.599999999999998,0.735000000000000,
   -5.800000000000000));
#2997=CARTESIAN_POINT('F24',(26.599999999999998,-8.965000000000000,
   0.600000000000000));
#2998=CARTESIAN_POINT('F24',(26.599999999999998,0.735000000000000,
   0.600000000000000));
#2999=B_SPLINE_SURFACE_WITH_KNOTS('F24',1,1,((#2995,#2997),(#2996,
   #2998)),.PLANE_SURF.,.F.,.F.,.U.,(2,2),(2,2),(0.0,
   1.515625000000000),(0.0,1.0),.UNSPECIFIED.);
#3000=CARTESIAN_POINT('V60',(26.599999999999998,-8.865000000000000,
   -5.700000000000000));
#3001=VERTEX_POINT('V60',#3000);
#3002=CARTESIAN_POINT('E77',(26.599999999999998,-8.865000000000000,
   -5.700000000000000));
#3003=CARTESIAN_POINT('E77',(26.599999999999998,-8.865000000000000,
   0.500000000000000));
#3004=QUASI_UNIFORM_CURVE('E77',1,(#3002,#3003),.POLYLINE_FORM.,.F.,
   .U.);
#3005=EDGE_CURVE('E77',#3001,#2910,#3004,.T.);
#3006=ORIENTED_EDGE('E77',*,*,#3005,.F.);
#3007=CARTESIAN_POINT('V61',(26.599999999999998,0.635000000000000,
   -5.700000000000000));
#3008=VERTEX_POINT('V61',#3007);
#3009=CARTESIAN_POINT('E78',(26.599999999999998,-8.865000000000000,
   -5.700000000000000));
#3010=CARTESIAN_POINT('E78',(26.599999999999998,0.635000000000010,
   -5.700000000000000));
#3011=B_SPLINE_CURVE_WITH_KNOTS('E78',1,(#3009,#3010),
   .POLYLINE_FORM.,.F.,.U.,(2,2),(0.0,1.532258064516100),
   .UNSPECIFIED.);
#3012=EDGE_CURVE('E78',#3001,#3008,#3011,.T.);
#3013=ORIENTED_EDGE('E78',*,*,#3012,.T.);
#3014=CARTESIAN_POINT('E79',(26.599999999999998,0.635000000000000,
   -5.700000000000000));
#3015=CARTESIAN_POINT('E79',(26.599999999999998,0.635000000000010,
   0.500000000000000));
#3016=QUASI_UNIFORM_CURVE('E79',1,(#3014,#3015),.POLYLINE_FORM.,.F.,
   .U.);
#3017=EDGE_CURVE('E79',#3008,#2925,#3016,.T.);
#3018=ORIENTED_EDGE('E79',*,*,#3017,.T.);
#3019=ORIENTED_EDGE('E59',*,*,#2929,.T.);
#3020=EDGE_LOOP('F24',(#3006,#3013,#3018,#3019));
#3021=FACE_OUTER_BOUND('F24',#3020,.T.);
#3022=ADVANCED_FACE('F24',(#3021),#2999,.T.);
#3023=CARTESIAN_POINT('F25',(26.509059069271000,0.120653288816840,
   -5.800000000000000));
#3024=CARTESIAN_POINT('F25',(26.837071904446233,1.019248439113796,
   -5.800000000000076));
#3025=CARTESIAN_POINT('F25',(26.160660171779998,1.695660171779900,
   -5.800000000000000));
#3026=CARTESIAN_POINT('F25',(25.484248439113863,2.372071904446013,
   -5.800000000000076));
#3027=CARTESIAN_POINT('F25',(24.585653288816999,2.044059069271200,
   -5.800000000000000));
#3028=CARTESIAN_POINT('F25',(26.509059069271000,0.120653288816840,
   0.600000000000000));
#3029=CARTESIAN_POINT('F25',(26.837071904446233,1.019248439113796,
   0.600000000000010));
#3030=CARTESIAN_POINT('F25',(26.160660171779998,1.695660171779900,
   0.600000000000000));
#3031=CARTESIAN_POINT('F25',(25.484248439113863,2.372071904446013,
   0.600000000000010));
#3032=CARTESIAN_POINT('F25',(24.585653288816999,2.044059069271200,
   0.600000000000000));
#3040=(BOUNDED_SURFACE()B_SPLINE_SURFACE(2,1,((#3023,#3028),(
   #3024,#3029),(#3025,#3030),(#3026,#3031),(#3027,#3032)),
   .CYLINDRICAL_SURF.,.F.,.F.,.U.)B_SPLINE_SURFACE_WITH_KNOTS((3,2,
   3),(2,2),(0.0,0.500000000000000,1.0),(0.0,1.672606779659400),
   .UNSPECIFIED.)GEOMETRIC_REPRESENTATION_ITEM()
   RATIONAL_B_SPLINE_SURFACE(((1.0,1.0),(0.843140394717920,
   0.843140394717920),(1.0,1.0),(0.843140394717920,
   0.843140394717920),(1.0,1.0)))REPRESENTATION_ITEM('F25')SURFACE(
   ));
#3041=ORIENTED_EDGE('E79',*,*,#3017,.F.);
#3042=CARTESIAN_POINT('V62',(25.100000000000001,2.135000000000100,
   -5.700000000000000));
#3043=VERTEX_POINT('V62',#3042);
#3044=CARTESIAN_POINT('E80',(26.599999999999998,0.635000000000000,
   -5.700000000000000));
#3045=CARTESIAN_POINT('E80',(26.599999999999998,2.135000000000100,
   -5.700000000000000));
#3046=CARTESIAN_POINT('E80',(25.100000000000001,2.135000000000100,
   -5.700000000000000));
#3054=(BOUNDED_CURVE()B_SPLINE_CURVE(2,(#3044,#3045,#3046),
   .CIRCULAR_ARC.,.F.,.U.)CURVE()GEOMETRIC_REPRESENTATION_ITEM()
   QUASI_UNIFORM_CURVE()RATIONAL_B_SPLINE_CURVE((1.0,
   0.707106781186520,1.0))REPRESENTATION_ITEM('E80'));
#3055=EDGE_CURVE('E80',#3008,#3043,#3054,.T.);
#3056=ORIENTED_EDGE('E80',*,*,#3055,.T.);
#3057=CARTESIAN_POINT('E81',(25.100000000000001,2.135000000000100,
   -5.700000000000000));
#3058=CARTESIAN_POINT('E81',(25.100000000000001,2.135000000000100,
   0.500000000000000));
#3059=QUASI_UNIFORM_CURVE('E81',1,(#3057,#3058),.POLYLINE_FORM.,.F.,
   .U.);
#3060=EDGE_CURVE('E81',#3043,#2932,#3059,.T.);
#3061=ORIENTED_EDGE('E81',*,*,#3060,.T.);
#3062=ORIENTED_EDGE('E60',*,*,#2944,.T.);
#3063=EDGE_LOOP('F25',(#3041,#3056,#3061,#3062));
#3064=FACE_OUTER_BOUND('F25',#3063,.T.);
#3065=ADVANCED_FACE('F25',(#3064),#3040,.T.);
#3066=CARTESIAN_POINT('F26',(25.199999999999999,2.135000000000100,
   -5.800000000000000));
#3067=CARTESIAN_POINT('F26',(-25.199999999999999,2.135000000000100,
   -5.800000000000000));
#3068=CARTESIAN_POINT('F26',(25.199999999999999,2.135000000000100,
   0.600000000000000));
#3069=CARTESIAN_POINT('F26',(-25.199999999999999,2.135000000000100,
   0.600000000000000));
#3070=B_SPLINE_SURFACE_WITH_KNOTS('F26',1,1,((#3066,#3068),(#3067,
   #3069)),.PLANE_SURF.,.F.,.F.,.U.,(2,2),(2,2),(0.0,
   7.875000000000000),(0.0,1.0),.UNSPECIFIED.);
#3071=ORIENTED_EDGE('E81',*,*,#3060,.F.);
#3072=CARTESIAN_POINT('V63',(-25.100000000000001,2.135000000000100,
   -5.700000000000000));
#3073=VERTEX_POINT('V63',#3072);
#3074=CARTESIAN_POINT('E82',(25.100000000000001,2.135000000000100,
   -5.700000000000000));
#3075=CARTESIAN_POINT('E82',(-25.100000000000001,2.135000000000100,
   -5.700000000000000));
#3076=B_SPLINE_CURVE_WITH_KNOTS('E82',1,(#3074,#3075),
   .POLYLINE_FORM.,.F.,.U.,(2,2),(0.0,8.096774193548400),
   .UNSPECIFIED.);
#3077=EDGE_CURVE('E82',#3043,#3073,#3076,.T.);
#3078=ORIENTED_EDGE('E82',*,*,#3077,.T.);
#3079=CARTESIAN_POINT('E83',(-25.100000000000001,2.135000000000100,
   -5.700000000000000));
#3080=CARTESIAN_POINT('E83',(-25.100000000000001,2.135000000000100,
   0.500000000000000));
#3081=QUASI_UNIFORM_CURVE('E83',1,(#3079,#3080),.POLYLINE_FORM.,.F.,
   .U.);
#3082=EDGE_CURVE('E83',#3073,#2947,#3081,.T.);
#3083=ORIENTED_EDGE('E83',*,*,#3082,.T.);
#3084=ORIENTED_EDGE('E61',*,*,#2951,.T.);
#3085=EDGE_LOOP('F26',(#3071,#3078,#3083,#3084));
#3086=FACE_OUTER_BOUND('F26',#3085,.T.);
#3087=ADVANCED_FACE('F26',(#3086),#3070,.T.);
#3088=CARTESIAN_POINT('F27',(-24.585653288816999,2.044059069271200,
   -5.800000000000000));
#3089=CARTESIAN_POINT('F27',(-25.484248439113259,2.372071904445957,
   -5.799999999999939));
#3090=CARTESIAN_POINT('F27',(-26.160660171779998,1.695660171780000,
   -5.800000000000000));
#3091=CARTESIAN_POINT('F27',(-26.837071904445597,1.019248439113903,
   -5.799999999999939));
#3092=CARTESIAN_POINT('F27',(-26.509059069271000,0.120653288816970,
   -5.800000000000000));
#3093=CARTESIAN_POINT('F27',(-24.585653288816999,2.044059069271200,
   0.600000000000000));
#3094=CARTESIAN_POINT('F27',(-25.484248439113259,2.372071904445957,
   0.599999999999995));
#3095=CARTESIAN_POINT('F27',(-26.160660171779998,1.695660171780000,
   0.600000000000000));
#3096=CARTESIAN_POINT('F27',(-26.837071904445597,1.019248439113903,
   0.599999999999995));
#3097=CARTESIAN_POINT('F27',(-26.509059069271000,0.120653288816970,
   0.600000000000000));
#3105=(BOUNDED_SURFACE()B_SPLINE_SURFACE(2,1,((#3088,#3093),(
   #3089,#3094),(#3090,#3095),(#3091,#3096),(#3092,#3097)),
   .CYLINDRICAL_SURF.,.F.,.F.,.U.)B_SPLINE_SURFACE_WITH_KNOTS((3,2,
   3),(2,2),(0.0,0.500000000000000,1.0),(0.0,1.672606779659500),
   .UNSPECIFIED.)GEOMETRIC_REPRESENTATION_ITEM()
   RATIONAL_B_SPLINE_SURFACE(((1.0,1.0),(0.843140394717940,
   0.843140394717940),(1.0,1.0),(0.843140394717940,
   0.843140394717940),(1.0,1.0)))REPRESENTATION_ITEM('F27')SURFACE(
   ));
#3106=ORIENTED_EDGE('E83',*,*,#3082,.F.);
#3107=CARTESIAN_POINT('V64',(-26.599999999999998,0.635000000000160,
   -5.700000000000000));
#3108=VERTEX_POINT('V64',#3107);
#3109=CARTESIAN_POINT('E84',(-25.100000000000001,2.135000000000100,
   -5.700000000000000));
#3110=CARTESIAN_POINT('E84',(-26.599999999999998,2.135000000000100,
   -5.700000000000000));
#3111=CARTESIAN_POINT('E84',(-26.599999999999998,0.635000000000160,
   -5.700000000000000));
#3119=(BOUNDED_CURVE()B_SPLINE_CURVE(2,(#3109,#3110,#3111),
   .CIRCULAR_ARC.,.F.,.U.)CURVE()GEOMETRIC_REPRESENTATION_ITEM()
   QUASI_UNIFORM_CURVE()RATIONAL_B_SPLINE_CURVE((1.0,
   0.707106781186550,1.0))REPRESENTATION_ITEM('E84'));
#3120=EDGE_CURVE('E84',#3073,#3108,#3119,.T.);
#3121=ORIENTED_EDGE('E84',*,*,#3120,.T.);
#3122=CARTESIAN_POINT('E85',(-26.599999999999998,0.635000000000160,
   -5.700000000000000));
#3123=CARTESIAN_POINT('E85',(-26.599999999999998,0.635000000000160,
   0.500000000000000));
#3124=QUASI_UNIFORM_CURVE('E85',1,(#3122,#3123),.POLYLINE_FORM.,.F.,
   .U.);
#3125=EDGE_CURVE('E85',#3108,#2881,#3124,.T.);
#3126=ORIENTED_EDGE('E85',*,*,#3125,.T.);
#3127=ORIENTED_EDGE('F20',*,*,#2964,.T.);
#3128=EDGE_LOOP('F27',(#3106,#3121,#3126,#3127));
#3129=FACE_OUTER_BOUND('F27',#3128,.T.);
#3130=ADVANCED_FACE('F27',(#3129),#3105,.T.);
#3131=CARTESIAN_POINT('F28',(-26.599999999999998,0.735000000000160,
   -5.800000000000000));
#3132=CARTESIAN_POINT('F28',(-26.599999999999998,-8.964999999999799,
   -5.800000000000000));
#3133=CARTESIAN_POINT('F28',(-26.599999999999998,0.735000000000160,
   0.600000000000000));
#3134=CARTESIAN_POINT('F28',(-26.599999999999998,-8.964999999999799,
   0.600000000000000));
#3135=B_SPLINE_SURFACE_WITH_KNOTS('F28',1,1,((#3131,#3133),(#3132,
   #3134)),.PLANE_SURF.,.F.,.F.,.U.,(2,2),(2,2),(0.0,
   1.515625000000000),(0.0,1.0),.UNSPECIFIED.);
#3136=ORIENTED_EDGE('E85',*,*,#3125,.F.);
#3137=CARTESIAN_POINT('V57',(-26.599999999999998,-8.864999999999799,
   -5.700000000000000));
#3138=VERTEX_POINT('V57',#3137);
#3139=CARTESIAN_POINT('E86',(-26.599999999999998,0.635000000000160,
   -5.700000000000000));
#3140=CARTESIAN_POINT('E86',(-26.599999999999998,-8.864999999999799,
   -5.700000000000000));
#3141=B_SPLINE_CURVE_WITH_KNOTS('E86',1,(#3139,#3140),
   .POLYLINE_FORM.,.F.,.U.,(2,2),(0.0,1.532258064516100),
   .UNSPECIFIED.);
#3142=EDGE_CURVE('E86',#3108,#3138,#3141,.T.);
#3143=ORIENTED_EDGE('E86',*,*,#3142,.T.);
#3144=CARTESIAN_POINT('E71',(-26.599999999999998,-8.864999999999799,
   0.500000000000000));
#3145=CARTESIAN_POINT('E71',(-26.599999999999998,-8.864999999999799,
   -5.700000000000000));
#3146=QUASI_UNIFORM_CURVE('E71',1,(#3144,#3145),.POLYLINE_FORM.,.F.,
   .U.);
#3147=EDGE_CURVE('E71',#2879,#3138,#3146,.T.);
#3148=ORIENTED_EDGE('E71',*,*,#3147,.F.);
#3149=ORIENTED_EDGE('E55',*,*,#2885,.T.);
#3150=EDGE_LOOP('F28',(#3136,#3143,#3148,#3149));
#3151=FACE_OUTER_BOUND('F28',#3150,.T.);
#3152=ADVANCED_FACE('F28',(#3151),#3135,.T.);
#3153=CARTESIAN_POINT('F21',(-26.509059069271000,-8.350653288816700,
   -5.800000000000000));
#3154=CARTESIAN_POINT('F21',(-26.837071904445597,-9.249248439113563,
   -5.799999999999939));
#3155=CARTESIAN_POINT('F21',(-26.160660171779998,-9.925660171779699,
   -5.800000000000000));
#3156=CARTESIAN_POINT('F21',(-25.484248439113259,-10.602071904445664,
   -5.799999999999939));
#3157=CARTESIAN_POINT('F21',(-24.585653288816999,-10.274059069271001,
   -5.800000000000000));
#3158=CARTESIAN_POINT('F21',(-26.509059069271000,-8.350653288816700,
   0.600000000000000));
#3159=CARTESIAN_POINT('F21',(-26.837071904445597,-9.249248439113563,
   0.599999999999995));
#3160=CARTESIAN_POINT('F21',(-26.160660171779998,-9.925660171779699,
   0.600000000000000));
#3161=CARTESIAN_POINT('F21',(-25.484248439113259,-10.602071904445664,
   0.599999999999995));
#3162=CARTESIAN_POINT('F21',(-24.585653288816999,-10.274059069271001,
   0.600000000000000));
#3170=(BOUNDED_SURFACE()B_SPLINE_SURFACE(2,1,((#3153,#3158),(
   #3154,#3159),(#3155,#3160),(#3156,#3161),(#3157,#3162)),
   .CYLINDRICAL_SURF.,.F.,.F.,.U.)B_SPLINE_SURFACE_WITH_KNOTS((3,2,
   3),(2,2),(0.0,0.500000000000000,1.0),(0.0,1.672606779659500),
   .UNSPECIFIED.)GEOMETRIC_REPRESENTATION_ITEM()
   RATIONAL_B_SPLINE_SURFACE(((1.0,1.0),(0.843140394717940,
   0.843140394717940),(1.0,1.0),(0.843140394717940,
   0.843140394717940),(1.0,1.0)))REPRESENTATION_ITEM('F21')SURFACE(
   ));
#3171=ORIENTED_EDGE('E71',*,*,#3147,.T.);
#3172=CARTESIAN_POINT('V58',(-25.100000000000001,-10.364999999999998,
   -5.700000000000000));
#3173=VERTEX_POINT('V58',#3172);
#3174=CARTESIAN_POINT('E72',(-26.599999999999998,-8.864999999999799,
   -5.700000000000000));
#3175=CARTESIAN_POINT('E72',(-26.599999999999998,-10.364999999999998,
   -5.700000000000000));
#3176=CARTESIAN_POINT('E72',(-25.100000000000001,-10.364999999999998,
   -5.700000000000000));
#3184=(BOUNDED_CURVE()B_SPLINE_CURVE(2,(#3174,#3175,#3176),
   .CIRCULAR_ARC.,.F.,.U.)CURVE()GEOMETRIC_REPRESENTATION_ITEM()
   QUASI_UNIFORM_CURVE()RATIONAL_B_SPLINE_CURVE((1.0,
   0.707106781186550,1.0))REPRESENTATION_ITEM('E72'));
#3185=EDGE_CURVE('E72',#3138,#3173,#3184,.T.);
#3186=ORIENTED_EDGE('E72',*,*,#3185,.T.);
#3187=CARTESIAN_POINT('E73',(-25.100000000000001,-10.364999999999998,
   -5.700000000000000));
#3188=CARTESIAN_POINT('E73',(-25.100000000000001,-10.364999999999998,
   0.500000000000000));
#3189=QUASI_UNIFORM_CURVE('E73',1,(#3187,#3188),.POLYLINE_FORM.,.F.,
   .U.);
#3190=EDGE_CURVE('E73',#3173,#2888,#3189,.T.);
#3191=ORIENTED_EDGE('E73',*,*,#3190,.T.);
#3192=ORIENTED_EDGE('E56',*,*,#2900,.T.);
#3193=EDGE_LOOP('F21',(#3171,#3186,#3191,#3192));
#3194=FACE_OUTER_BOUND('F21',#3193,.T.);
#3195=ADVANCED_FACE('F21',(#3194),#3170,.T.);
#3196=CARTESIAN_POINT('F22',(-25.199999999999999,-10.364999999999998,
   -5.800000000000000));
#3197=CARTESIAN_POINT('F22',(25.199999999999999,-10.364999999999998,
   -5.800000000000000));
#3198=CARTESIAN_POINT('F22',(-25.199999999999999,-10.364999999999998,
   0.600000000000000));
#3199=CARTESIAN_POINT('F22',(25.199999999999999,-10.364999999999998,
   0.600000000000000));
#3200=B_SPLINE_SURFACE_WITH_KNOTS('F22',1,1,((#3196,#3198),(#3197,
   #3199)),.PLANE_SURF.,.F.,.F.,.U.,(2,2),(2,2),(0.0,
   7.875000000000000),(0.0,1.0),.UNSPECIFIED.);
#3201=ORIENTED_EDGE('E73',*,*,#3190,.F.);
#3202=CARTESIAN_POINT('V59',(25.100000000000001,-10.364999999999998,
   -5.700000000000000));
#3203=VERTEX_POINT('V59',#3202);
#3204=CARTESIAN_POINT('E74',(-25.100000000000001,-10.364999999999998,
   -5.700000000000000));
#3205=CARTESIAN_POINT('E74',(25.100000000000001,-10.364999999999998,
   -5.700000000000000));
#3206=B_SPLINE_CURVE_WITH_KNOTS('E74',1,(#3204,#3205),
   .POLYLINE_FORM.,.F.,.U.,(2,2),(0.0,8.096774193548400),
   .UNSPECIFIED.);
#3207=EDGE_CURVE('E74',#3173,#3203,#3206,.T.);
#3208=ORIENTED_EDGE('E74',*,*,#3207,.T.);
#3209=CARTESIAN_POINT('E75',(25.100000000000001,-10.364999999999998,
   -5.700000000000000));
#3210=CARTESIAN_POINT('E75',(25.100000000000001,-10.364999999999998,
   0.500000000000000));
#3211=QUASI_UNIFORM_CURVE('E75',1,(#3209,#3210),.POLYLINE_FORM.,.F.,
   .U.);
#3212=EDGE_CURVE('E75',#3203,#2903,#3211,.T.);
#3213=ORIENTED_EDGE('E75',*,*,#3212,.T.);
#3214=ORIENTED_EDGE('E57',*,*,#2907,.T.);
#3215=EDGE_LOOP('F22',(#3201,#3208,#3213,#3214));
#3216=FACE_OUTER_BOUND('F22',#3215,.T.);
#3217=ADVANCED_FACE('F22',(#3216),#3200,.T.);
#3218=CARTESIAN_POINT('F23',(24.585653288816999,-10.274059069271001,
   -5.800000000000000));
#3219=CARTESIAN_POINT('F23',(25.484248439113259,-10.602071904445783,
   -5.799999999999939));
#3220=CARTESIAN_POINT('F23',(26.160660171779998,-9.925660171779800,
   -5.800000000000000));
#3221=CARTESIAN_POINT('F23',(26.837071904445597,-9.249248439113680,
   -5.799999999999939));
#3222=CARTESIAN_POINT('F23',(26.509059069271000,-8.350653288816799,
   -5.800000000000000));
#3223=CARTESIAN_POINT('F23',(24.585653288816999,-10.274059069271001,
   0.600000000000000));
#3224=CARTESIAN_POINT('F23',(25.484248439113259,-10.602071904445783,
   0.599999999999995));
#3225=CARTESIAN_POINT('F23',(26.160660171779998,-9.925660171779800,
   0.600000000000000));
#3226=CARTESIAN_POINT('F23',(26.837071904445597,-9.249248439113680,
   0.599999999999995));
#3227=CARTESIAN_POINT('F23',(26.509059069271000,-8.350653288816799,
   0.600000000000000));
#3235=(BOUNDED_SURFACE()B_SPLINE_SURFACE(2,1,((#3218,#3223),(
   #3219,#3224),(#3220,#3225),(#3221,#3226),(#3222,#3227)),
   .CYLINDRICAL_SURF.,.F.,.F.,.U.)B_SPLINE_SURFACE_WITH_KNOTS((3,2,
   3),(2,2),(0.0,0.500000000000000,1.0),(0.0,1.672606779659500),
   .UNSPECIFIED.)GEOMETRIC_REPRESENTATION_ITEM()
   RATIONAL_B_SPLINE_SURFACE(((1.0,1.0),(0.843140394717940,
   0.843140394717940),(1.0,1.0),(0.843140394717940,
   0.843140394717940),(1.0,1.0)))REPRESENTATION_ITEM('F23')SURFACE(
   ));
#3236=ORIENTED_EDGE('E75',*,*,#3212,.F.);
#3237=CARTESIAN_POINT('E76',(25.100000000000001,-10.364999999999998,
   -5.700000000000000));
#3238=CARTESIAN_POINT('E76',(26.599999999999998,-10.364999999999998,
   -5.700000000000000));
#3239=CARTESIAN_POINT('E76',(26.599999999999998,-8.865000000000000,
   -5.700000000000000));
#3247=(BOUNDED_CURVE()B_SPLINE_CURVE(2,(#3237,#3238,#3239),
   .CIRCULAR_ARC.,.F.,.U.)CURVE()GEOMETRIC_REPRESENTATION_ITEM()
   QUASI_UNIFORM_CURVE()RATIONAL_B_SPLINE_CURVE((1.0,
   0.707106781186550,1.0))REPRESENTATION_ITEM('E76'));
#3248=EDGE_CURVE('E76',#3203,#3001,#3247,.T.);
#3249=ORIENTED_EDGE('E76',*,*,#3248,.T.);
#3250=ORIENTED_EDGE('E77',*,*,#3005,.T.);
#3251=ORIENTED_EDGE('E58',*,*,#2922,.T.);
#3252=EDGE_LOOP('F23',(#3236,#3249,#3250,#3251));
#3253=FACE_OUTER_BOUND('F23',#3252,.T.);
#3254=ADVANCED_FACE('F23',(#3253),#3235,.T.);
#3255=CARTESIAN_POINT('F94',(-29.359999999999999,2.860000000000100,
   -5.700000000000000));
#3256=CARTESIAN_POINT('F94',(29.359999999999999,2.860000000000100,
   -5.700000000000000));
#3257=CARTESIAN_POINT('F94',(-29.359999999999999,-11.090000000000000,
   -5.700000000000000));
#3258=CARTESIAN_POINT('F94',(29.359999999999999,-11.090000000000000,
   -5.700000000000000));
#3259=B_SPLINE_SURFACE_WITH_KNOTS('F94',1,1,((#3255,#3257),(#3256,
   #3258)),.PLANE_SURF.,.F.,.F.,.U.,(2,2),(2,2),(0.0,
   4.209318996415800),(0.0,1.0),.UNSPECIFIED.);
#3260=ORIENTED_EDGE('E76',*,*,#3248,.F.);
#3261=ORIENTED_EDGE('E74',*,*,#3207,.F.);
#3262=ORIENTED_EDGE('E72',*,*,#3185,.F.);
#3263=ORIENTED_EDGE('E86',*,*,#3142,.F.);
#3264=ORIENTED_EDGE('E84',*,*,#3120,.F.);
#3265=ORIENTED_EDGE('E82',*,*,#3077,.F.);
#3266=ORIENTED_EDGE('E80',*,*,#3055,.F.);
#3267=ORIENTED_EDGE('E78',*,*,#3012,.F.);
#3268=EDGE_LOOP('F94',(#3260,#3261,#3262,#3263,#3264,#3265,#3266,
   #3267));
#3269=FACE_OUTER_BOUND('F94',#3268,.T.);
#3270=ORIENTED_EDGE('E170',*,*,#1322,.T.);
#3271=ORIENTED_EDGE('F64',*,*,#1262,.T.);
#3272=ORIENTED_EDGE('E165',*,*,#1282,.T.);
#3273=ORIENTED_EDGE('E152',*,*,#1307,.T.);
#3274=EDGE_LOOP('F94',(#3270,#3271,#3272,#3273));
#3275=FACE_BOUND('F94',#3274,.T.);
#3276=ORIENTED_EDGE('E160',*,*,#1084,.T.);
#3277=ORIENTED_EDGE('F62',*,*,#1070,.T.);
#3278=ORIENTED_EDGE('E155',*,*,#867,.T.);
#3279=ORIENTED_EDGE('E144',*,*,#937,.T.);
#3280=EDGE_LOOP('F94',(#3276,#3277,#3278,#3279));
#3281=FACE_BOUND('F94',#3280,.T.);
#3282=ORIENTED_EDGE('E212',*,*,#844,.T.);
#3283=ORIENTED_EDGE('F80',*,*,#784,.T.);
#3284=ORIENTED_EDGE('E207',*,*,#804,.T.);
#3285=ORIENTED_EDGE('E194',*,*,#829,.T.);
#3286=EDGE_LOOP('F94',(#3282,#3283,#3284,#3285));
#3287=FACE_BOUND('F94',#3286,.T.);
#3288=ORIENTED_EDGE('E202',*,*,#606,.T.);
#3289=ORIENTED_EDGE('F78',*,*,#592,.T.);
#3290=ORIENTED_EDGE('E197',*,*,#389,.T.);
#3291=ORIENTED_EDGE('E186',*,*,#459,.T.);
#3292=EDGE_LOOP('F94',(#3288,#3289,#3290,#3291));
#3293=FACE_BOUND('F94',#3292,.T.);
#3294=ORIENTED_EDGE('E127',*,*,#365,.T.);
#3295=EDGE_LOOP('F94',(#3294));
#3296=FACE_BOUND('F94',#3295,.T.);
#3297=ORIENTED_EDGE('E130',*,*,#287,.T.);
#3298=EDGE_LOOP('F94',(#3297));
#3299=FACE_BOUND('F94',#3298,.T.);
#3300=ORIENTED_EDGE('E133',*,*,#209,.T.);
#3301=EDGE_LOOP('F94',(#3300));
#3302=FACE_BOUND('F94',#3301,.T.);
#3303=ORIENTED_EDGE('E136',*,*,#131,.T.);
#3304=EDGE_LOOP('F94',(#3303));
#3305=FACE_BOUND('F94',#3304,.T.);
#3306=ADVANCED_FACE('F94',(#3269,#3275,#3281,#3287,#3293,#3296,#3299,
   #3302,#3305),#3259,.T.);
#3307=CLOSED_SHELL('R2',(#91,#142,#169,#220,#247,#298,#325,#376,#441,
   #469,#491,#513,#552,#574,#596,#615,#651,#704,#732,#760,#788,#813,
   #835,#854,#919,#947,#969,#991,#1030,#1052,#1074,#1093,#1129,#1182,
   #1210,#1238,#1266,#1291,#1313,#1332,#1359,#1410,#1463,#1491,#1513,
   #1535,#1557,#1579,#1595,#1622,#1673,#1726,#1754,#1776,#1798,#1820,
   #1842,#1858,#1885,#1936,#1963,#2014,#2041,#2092,#2119,#2170,#2231,
   #2259,#2312,#2340,#2393,#2421,#2474,#2506,#2522,#2628,#2673,#2695,
   #2734,#2756,#2795,#2817,#2856,#2872,#2994,#3022,#3065,#3087,#3130,
   #3152,#3195,#3217,#3254,#3306));
#3308=MANIFOLD_SOLID_BREP('R2',#3307);
#3309=STYLED_ITEM('',(#64),#3308);
#3310=OVER_RIDING_STYLED_ITEM('',(#48),#91,#3309);
#3311=OVER_RIDING_STYLED_ITEM('',(#48),#87,#3309);
#3312=OVER_RIDING_STYLED_ITEM('',(#48),#142,#3309);
#3313=OVER_RIDING_STYLED_ITEM('',(#56),#131,#3309);
#3314=OVER_RIDING_STYLED_ITEM('',(#48),#136,#3309);
#3315=OVER_RIDING_STYLED_ITEM('',(#48),#169,#3309);
#3316=OVER_RIDING_STYLED_ITEM('',(#48),#165,#3309);
#3317=OVER_RIDING_STYLED_ITEM('',(#48),#220,#3309);
#3318=OVER_RIDING_STYLED_ITEM('',(#56),#209,#3309);
#3319=OVER_RIDING_STYLED_ITEM('',(#48),#214,#3309);
#3320=OVER_RIDING_STYLED_ITEM('',(#48),#247,#3309);
#3321=OVER_RIDING_STYLED_ITEM('',(#48),#243,#3309);
#3322=OVER_RIDING_STYLED_ITEM('',(#48),#298,#3309);
#3323=OVER_RIDING_STYLED_ITEM('',(#56),#287,#3309);
#3324=OVER_RIDING_STYLED_ITEM('',(#48),#292,#3309);
#3325=OVER_RIDING_STYLED_ITEM('',(#48),#325,#3309);
#3326=OVER_RIDING_STYLED_ITEM('',(#48),#321,#3309);
#3327=OVER_RIDING_STYLED_ITEM('',(#48),#376,#3309);
#3328=OVER_RIDING_STYLED_ITEM('',(#56),#365,#3309);
#3329=OVER_RIDING_STYLED_ITEM('',(#48),#370,#3309);
#3330=OVER_RIDING_STYLED_ITEM('',(#56),#1476,#3309);
#3331=OVER_RIDING_STYLED_ITEM('',(#56),#1502,#3309);
#3332=OVER_RIDING_STYLED_ITEM('',(#56),#1524,#3309);
#3333=OVER_RIDING_STYLED_ITEM('',(#56),#1546,#3309);
#3334=OVER_RIDING_STYLED_ITEM('',(#56),#1568,#3309);
#3335=OVER_RIDING_STYLED_ITEM('',(#56),#1588,#3309);
#3336=OVER_RIDING_STYLED_ITEM('',(#56),#1739,#3309);
#3337=OVER_RIDING_STYLED_ITEM('',(#56),#1765,#3309);
#3338=OVER_RIDING_STYLED_ITEM('',(#56),#1787,#3309);
#3339=OVER_RIDING_STYLED_ITEM('',(#56),#1809,#3309);
#3340=OVER_RIDING_STYLED_ITEM('',(#56),#1831,#3309);
#3341=OVER_RIDING_STYLED_ITEM('',(#56),#1851,#3309);
#3342=OVER_RIDING_STYLED_ITEM('',(#48),#1885,#3309);
#3343=OVER_RIDING_STYLED_ITEM('',(#48),#1881,#3309);
#3344=OVER_RIDING_STYLED_ITEM('',(#48),#1936,#3309);
#3345=OVER_RIDING_STYLED_ITEM('',(#48),#1914,#3309);
#3346=OVER_RIDING_STYLED_ITEM('',(#48),#1931,#3309);
#3347=OVER_RIDING_STYLED_ITEM('',(#48),#1963,#3309);
#3348=OVER_RIDING_STYLED_ITEM('',(#48),#1959,#3309);
#3349=OVER_RIDING_STYLED_ITEM('',(#48),#2014,#3309);
#3350=OVER_RIDING_STYLED_ITEM('',(#48),#1992,#3309);
#3351=OVER_RIDING_STYLED_ITEM('',(#48),#2009,#3309);
#3352=OVER_RIDING_STYLED_ITEM('',(#48),#2041,#3309);
#3353=OVER_RIDING_STYLED_ITEM('',(#48),#2037,#3309);
#3354=OVER_RIDING_STYLED_ITEM('',(#48),#2092,#3309);
#3355=OVER_RIDING_STYLED_ITEM('',(#48),#2070,#3309);
#3356=OVER_RIDING_STYLED_ITEM('',(#48),#2087,#3309);
#3357=OVER_RIDING_STYLED_ITEM('',(#48),#2119,#3309);
#3358=OVER_RIDING_STYLED_ITEM('',(#48),#2115,#3309);
#3359=OVER_RIDING_STYLED_ITEM('',(#48),#2170,#3309);
#3360=OVER_RIDING_STYLED_ITEM('',(#48),#2148,#3309);
#3361=OVER_RIDING_STYLED_ITEM('',(#48),#2165,#3309);
#3362=OVER_RIDING_STYLED_ITEM('',(#56),#2231,#3309);
#3363=OVER_RIDING_STYLED_ITEM('',(#56),#2200,#3309);
#3364=OVER_RIDING_STYLED_ITEM('',(#56),#2207,#3309);
#3365=OVER_RIDING_STYLED_ITEM('',(#56),#2222,#3309);
#3366=OVER_RIDING_STYLED_ITEM('',(#56),#2227,#3309);
#3367=OVER_RIDING_STYLED_ITEM('',(#56),#2259,#3309);
#3368=OVER_RIDING_STYLED_ITEM('',(#56),#2242,#3309);
#3369=OVER_RIDING_STYLED_ITEM('',(#56),#2249,#3309);
#3370=OVER_RIDING_STYLED_ITEM('',(#56),#2254,#3309);
#3371=OVER_RIDING_STYLED_ITEM('',(#56),#2312,#3309);
#3372=OVER_RIDING_STYLED_ITEM('',(#56),#2287,#3309);
#3373=OVER_RIDING_STYLED_ITEM('',(#56),#2294,#3309);
#3374=OVER_RIDING_STYLED_ITEM('',(#56),#2307,#3309);
#3375=OVER_RIDING_STYLED_ITEM('',(#56),#2340,#3309);
#3376=OVER_RIDING_STYLED_ITEM('',(#56),#2323,#3309);
#3377=OVER_RIDING_STYLED_ITEM('',(#56),#2330,#3309);
#3378=OVER_RIDING_STYLED_ITEM('',(#56),#2335,#3309);
#3379=OVER_RIDING_STYLED_ITEM('',(#56),#2393,#3309);
#3380=OVER_RIDING_STYLED_ITEM('',(#56),#2368,#3309);
#3381=OVER_RIDING_STYLED_ITEM('',(#56),#2375,#3309);
#3382=OVER_RIDING_STYLED_ITEM('',(#56),#2388,#3309);
#3383=OVER_RIDING_STYLED_ITEM('',(#56),#2421,#3309);
#3384=OVER_RIDING_STYLED_ITEM('',(#56),#2404,#3309);
#3385=OVER_RIDING_STYLED_ITEM('',(#56),#2411,#3309);
#3386=OVER_RIDING_STYLED_ITEM('',(#56),#2416,#3309);
#3387=OVER_RIDING_STYLED_ITEM('',(#56),#2474,#3309);
#3388=OVER_RIDING_STYLED_ITEM('',(#56),#2449,#3309);
#3389=OVER_RIDING_STYLED_ITEM('',(#56),#2456,#3309);
#3390=OVER_RIDING_STYLED_ITEM('',(#56),#2469,#3309);
#3391=OVER_RIDING_STYLED_ITEM('',(#56),#2506,#3309);
#3392=OVER_RIDING_STYLED_ITEM('',(#56),#2483,#3309);
#3393=OVER_RIDING_STYLED_ITEM('',(#56),#2522,#3309);
#3394=OVER_RIDING_STYLED_ITEM('',(#56),#2517,#3309);
#3395=OVER_RIDING_STYLED_ITEM('',(#56),#2628,#3309);
#3396=OVER_RIDING_STYLED_ITEM('',(#56),#2535,#3309);
#3397=OVER_RIDING_STYLED_ITEM('',(#56),#2550,#3309);
#3398=OVER_RIDING_STYLED_ITEM('',(#56),#2557,#3309);
#3399=OVER_RIDING_STYLED_ITEM('',(#56),#2572,#3309);
#3400=OVER_RIDING_STYLED_ITEM('',(#56),#2579,#3309);
#3401=OVER_RIDING_STYLED_ITEM('',(#56),#2594,#3309);
#3402=OVER_RIDING_STYLED_ITEM('',(#56),#2601,#3309);
#3403=OVER_RIDING_STYLED_ITEM('',(#56),#2614,#3309);
#3404=OVER_RIDING_STYLED_ITEM('',(#56),#2673,#3309);
#3405=OVER_RIDING_STYLED_ITEM('',(#56),#2658,#3309);
#3406=OVER_RIDING_STYLED_ITEM('',(#56),#2663,#3309);
#3407=OVER_RIDING_STYLED_ITEM('',(#56),#2669,#3309);
#3408=OVER_RIDING_STYLED_ITEM('',(#56),#2695,#3309);
#3409=OVER_RIDING_STYLED_ITEM('',(#56),#2684,#3309);
#3410=OVER_RIDING_STYLED_ITEM('',(#56),#2691,#3309);
#3411=OVER_RIDING_STYLED_ITEM('',(#56),#2734,#3309);
#3412=OVER_RIDING_STYLED_ITEM('',(#56),#2723,#3309);
#3413=OVER_RIDING_STYLED_ITEM('',(#56),#2730,#3309);
#3414=OVER_RIDING_STYLED_ITEM('',(#56),#2756,#3309);
#3415=OVER_RIDING_STYLED_ITEM('',(#56),#2745,#3309);
#3416=OVER_RIDING_STYLED_ITEM('',(#56),#2752,#3309);
#3417=OVER_RIDING_STYLED_ITEM('',(#56),#2795,#3309);
#3418=OVER_RIDING_STYLED_ITEM('',(#56),#2784,#3309);
#3419=OVER_RIDING_STYLED_ITEM('',(#56),#2791,#3309);
#3420=OVER_RIDING_STYLED_ITEM('',(#56),#2817,#3309);
#3421=OVER_RIDING_STYLED_ITEM('',(#56),#2806,#3309);
#3422=OVER_RIDING_STYLED_ITEM('',(#56),#2813,#3309);
#3423=OVER_RIDING_STYLED_ITEM('',(#56),#2856,#3309);
#3424=OVER_RIDING_STYLED_ITEM('',(#56),#2845,#3309);
#3425=OVER_RIDING_STYLED_ITEM('',(#56),#2852,#3309);
#3426=OVER_RIDING_STYLED_ITEM('',(#56),#2872,#3309);
#3427=OVER_RIDING_STYLED_ITEM('',(#56),#2865,#3309);
#3428=OVER_RIDING_STYLED_ITEM('',(#56),#2994,#3309);
#3429=OVER_RIDING_STYLED_ITEM('',(#56),#2885,#3309);
#3430=OVER_RIDING_STYLED_ITEM('',(#56),#2900,#3309);
#3431=OVER_RIDING_STYLED_ITEM('',(#56),#2907,#3309);
#3432=OVER_RIDING_STYLED_ITEM('',(#56),#2922,#3309);
#3433=OVER_RIDING_STYLED_ITEM('',(#56),#2929,#3309);
#3434=OVER_RIDING_STYLED_ITEM('',(#56),#2944,#3309);
#3435=OVER_RIDING_STYLED_ITEM('',(#56),#2951,#3309);
#3436=OVER_RIDING_STYLED_ITEM('',(#56),#2964,#3309);
#3437=OVER_RIDING_STYLED_ITEM('',(#56),#3022,#3309);
#3438=OVER_RIDING_STYLED_ITEM('',(#56),#3005,#3309);
#3439=OVER_RIDING_STYLED_ITEM('',(#56),#3012,#3309);
#3440=OVER_RIDING_STYLED_ITEM('',(#56),#3017,#3309);
#3441=OVER_RIDING_STYLED_ITEM('',(#56),#3065,#3309);
#3442=OVER_RIDING_STYLED_ITEM('',(#56),#3055,#3309);
#3443=OVER_RIDING_STYLED_ITEM('',(#56),#3060,#3309);
#3444=OVER_RIDING_STYLED_ITEM('',(#56),#3087,#3309);
#3445=OVER_RIDING_STYLED_ITEM('',(#56),#3077,#3309);
#3446=OVER_RIDING_STYLED_ITEM('',(#56),#3082,#3309);
#3447=OVER_RIDING_STYLED_ITEM('',(#56),#3130,#3309);
#3448=OVER_RIDING_STYLED_ITEM('',(#56),#3120,#3309);
#3449=OVER_RIDING_STYLED_ITEM('',(#56),#3125,#3309);
#3450=OVER_RIDING_STYLED_ITEM('',(#56),#3152,#3309);
#3451=OVER_RIDING_STYLED_ITEM('',(#56),#3142,#3309);
#3452=OVER_RIDING_STYLED_ITEM('',(#56),#3147,#3309);
#3453=OVER_RIDING_STYLED_ITEM('',(#56),#3195,#3309);
#3454=OVER_RIDING_STYLED_ITEM('',(#56),#3185,#3309);
#3455=OVER_RIDING_STYLED_ITEM('',(#56),#3190,#3309);
#3456=OVER_RIDING_STYLED_ITEM('',(#56),#3217,#3309);
#3457=OVER_RIDING_STYLED_ITEM('',(#56),#3207,#3309);
#3458=OVER_RIDING_STYLED_ITEM('',(#56),#3212,#3309);
#3459=OVER_RIDING_STYLED_ITEM('',(#56),#3254,#3309);
#3460=OVER_RIDING_STYLED_ITEM('',(#56),#3248,#3309);
#3461=OVER_RIDING_STYLED_ITEM('',(#56),#3306,#3309);
#3462=MECHANICAL_DESIGN_GEOMETRIC_PRESENTATION_REPRESENTATION('',(
   #3309,#3310,#3311,#3312,#3313,#3314,#3315,#3316,#3317,#3318,#3319,
   #3320,#3321,#3322,#3323,#3324,#3325,#3326,#3327,#3328,#3329,#3330,
   #3331,#3332,#3333,#3334,#3335,#3336,#3337,#3338,#3339,#3340,#3341,
   #3342,#3343,#3344,#3345,#3346,#3347,#3348,#3349,#3350,#3351,#3352,
   #3353,#3354,#3355,#3356,#3357,#3358,#3359,#3360,#3361,#3362,#3363,
   #3364,#3365,#3366,#3367,#3368,#3369,#3370,#3371,#3372,#3373,#3374,
   #3375,#3376,#3377,#3378,#3379,#3380,#3381,#3382,#3383,#3384,#3385,
   #3386,#3387,#3388,#3389,#3390,#3391,#3392,#3393,#3394,#3395,#3396,
   #3397,#3398,#3399,#3400,#3401,#3402,#3403,#3404,#3405,#3406,#3407,
   #3408,#3409,#3410,#3411,#3412,#3413,#3414,#3415,#3416,#3417,#3418,
   #3419,#3420,#3421,#3422,#3423,#3424,#3425,#3426,#3427,#3428,#3429,
   #3430,#3431,#3432,#3433,#3434,#3435,#3436,#3437,#3438,#3439,#3440,
   #3441,#3442,#3443,#3444,#3445,#3446,#3447,#3448,#3449,#3450,#3451,
   #3452,#3453,#3454,#3455,#3456,#3457,#3458,#3459,#3460,#3461),#28
   );
#3463=PROPERTY_DEFINITION('geometric_validation_property',
   '09 18-Customer 3d Parts:0965_Dsub-S_male_straight_25-pins_board_lock_female_screw_lock:09 65 361 x713::1'
,#37);
#3467=(LENGTH_UNIT()NAMED_UNIT(*)SI_UNIT(.MILLI.,.METRE.));
#3468=DERIVED_UNIT_ELEMENT(#3467,3.0);
#3469=DERIVED_UNIT((#3468));
#3470=MEASURE_REPRESENTATION_ITEM('volume measure',VOLUME_MEASURE(
   4587.527762497571500),#3469);
#3471=REPRESENTATION('volume',(#3470),#28);
#3472=PROPERTY_DEFINITION_REPRESENTATION(#3463,#3471);
#3473=PROPERTY_DEFINITION('geometric_validation_property',
   '09 18-Customer 3d Parts:0965_Dsub-S_male_straight_25-pins_board_lock_female_screw_lock:09 65 361 x713::1'
,#37);
#3474=CARTESIAN_POINT('centre point',(0.000003452403365,
   -4.118030901751029,-2.000776851875931));
#3475=REPRESENTATION('centroid',(#3474),#28);
#3476=PROPERTY_DEFINITION_REPRESENTATION(#3473,#3475);
#3477=PROPERTY_DEFINITION('geometric_validation_property',
   '09 18-Customer 3d Parts:0965_Dsub-S_male_straight_25-pins_board_lock_female_screw_lock:09 65 361 x713::1'
,#37);
#3481=(LENGTH_UNIT()NAMED_UNIT(*)SI_UNIT(.MILLI.,.METRE.));
#3482=DERIVED_UNIT_ELEMENT(#3481,2.0);
#3483=DERIVED_UNIT((#3482));
#3484=MEASURE_REPRESENTATION_ITEM('surface area measure',
   AREA_MEASURE(3611.118332990430600),#3483);
#3485=REPRESENTATION('surface area',(#3484),#28);
#3486=PROPERTY_DEFINITION_REPRESENTATION(#3477,#3485);
ENDSEC;
END-ISO-10303-21;
