ISO-10303-21;
HEADER;
FILE_DESCRIPTION(('STEP AP242'),'1');
FILE_NAME('2814_2832.stp','2025-11-11T12:52:02',('TraceParts'),('TraceParts S.A.S.'),'Spatial InterOp 3D',' ',' ');
FILE_SCHEMA(('AP242_MANAGED_MODEL_BASED_3D_ENGINEERING_MIM_LF  {1 0 10303 442 1 1 4}'));
ENDSEC;
DATA;
#1=MECHANICAL_DESIGN_GEOMETRIC_PRESENTATION_REPRESENTATION(' ',(#10,#11,#12,#13,#14,#15,#16,#17,#18,#19,#20,#21,#22,#23,#24,#25,#26,#27,#28,#29,#30,#31,#32,#33,#34,#35,#36,#37,#38,#39,#40,#41,#42,#43,#44,#45,#46,#47,#48,#49,#50,#51,#52,#53,#54,#55,#56,#57,#58,#59,#60,#61,#62,#63,#64,#65,#66,#67,#68,#69,#70,#71,#72,#73,#74,#75,#76,#77,#78,#79),#6);
#2=PRODUCT_DEFINITION_CONTEXT('',#80,'design');
#3=APPLICATION_PROTOCOL_DEFINITION('INTERNATIONAL STANDARD','ap242_managed_model_based_3d_engineering',2014,#80);
#4=PRODUCT_CATEGORY_RELATIONSHIP('NONE','NONE',#81,#82);
#5=SHAPE_DEFINITION_REPRESENTATION(#83,#84);
#6= (GEOMETRIC_REPRESENTATION_CONTEXT(3)GLOBAL_UNCERTAINTY_ASSIGNED_CONTEXT((#87))GLOBAL_UNIT_ASSIGNED_CONTEXT((#89,#90,#91))REPRESENTATION_CONTEXT('NONE','WORKSPACE'));
#10=STYLED_ITEM('',(#93),#94);
#11=STYLED_ITEM('',(#95),#96);
#12=STYLED_ITEM('',(#97),#98);
#13=STYLED_ITEM('',(#99),#100);
#14=STYLED_ITEM('',(#101),#102);
#15=STYLED_ITEM('',(#103),#104);
#16=STYLED_ITEM('',(#105),#106);
#17=STYLED_ITEM('',(#107),#108);
#18=STYLED_ITEM('',(#109),#110);
#19=STYLED_ITEM('',(#111),#112);
#20=STYLED_ITEM('',(#113),#114);
#21=STYLED_ITEM('',(#115),#116);
#22=STYLED_ITEM('',(#117),#118);
#23=STYLED_ITEM('',(#119),#120);
#24=STYLED_ITEM('',(#121),#122);
#25=STYLED_ITEM('',(#123),#124);
#26=STYLED_ITEM('',(#125),#126);
#27=STYLED_ITEM('',(#127),#128);
#28=STYLED_ITEM('',(#129),#130);
#29=STYLED_ITEM('',(#131),#132);
#30=STYLED_ITEM('',(#133),#134);
#31=STYLED_ITEM('',(#135),#136);
#32=STYLED_ITEM('',(#137),#138);
#33=STYLED_ITEM('',(#139),#140);
#34=STYLED_ITEM('',(#141),#142);
#35=STYLED_ITEM('',(#143),#144);
#36=STYLED_ITEM('',(#145),#146);
#37=STYLED_ITEM('',(#147),#148);
#38=STYLED_ITEM('',(#149),#150);
#39=STYLED_ITEM('',(#151),#152);
#40=STYLED_ITEM('',(#153),#154);
#41=STYLED_ITEM('',(#155),#156);
#42=STYLED_ITEM('',(#157),#158);
#43=STYLED_ITEM('',(#159),#160);
#44=STYLED_ITEM('',(#161),#162);
#45=STYLED_ITEM('',(#163),#164);
#46=STYLED_ITEM('',(#165),#166);
#47=STYLED_ITEM('',(#167),#168);
#48=STYLED_ITEM('',(#169),#170);
#49=STYLED_ITEM('',(#171),#172);
#50=STYLED_ITEM('',(#173),#174);
#51=STYLED_ITEM('',(#175),#176);
#52=STYLED_ITEM('',(#177),#178);
#53=STYLED_ITEM('',(#179),#180);
#54=STYLED_ITEM('',(#181),#182);
#55=STYLED_ITEM('',(#183),#184);
#56=STYLED_ITEM('',(#185),#186);
#57=STYLED_ITEM('',(#187),#188);
#58=STYLED_ITEM('',(#189),#190);
#59=STYLED_ITEM('',(#191),#192);
#60=STYLED_ITEM('',(#193),#194);
#61=STYLED_ITEM('',(#195),#196);
#62=STYLED_ITEM('',(#197),#198);
#63=STYLED_ITEM('',(#199),#200);
#64=STYLED_ITEM('',(#201),#202);
#65=STYLED_ITEM('',(#203),#204);
#66=STYLED_ITEM('',(#205),#206);
#67=STYLED_ITEM('',(#207),#208);
#68=STYLED_ITEM('',(#209),#210);
#69=STYLED_ITEM('',(#211),#212);
#70=STYLED_ITEM('',(#213),#214);
#71=STYLED_ITEM('',(#215),#216);
#72=STYLED_ITEM('',(#217),#218);
#73=STYLED_ITEM('',(#219),#220);
#74=STYLED_ITEM('',(#221),#222);
#75=STYLED_ITEM('',(#223),#224);
#76=STYLED_ITEM('',(#225),#226);
#77=STYLED_ITEM('',(#227),#228);
#78=STYLED_ITEM('',(#229),#230);
#79=STYLED_ITEM('',(#231),#232);
#80=APPLICATION_CONTEXT('managed model based 3d engineering');
#81=PRODUCT_CATEGORY('part','NONE');
#82=PRODUCT_RELATED_PRODUCT_CATEGORY('detail',' ',(#233));
#83=PRODUCT_DEFINITION_SHAPE('NONE','NONE',#234);
#84=ADVANCED_BREP_SHAPE_REPRESENTATION('Solid1',(#232,#235),#6);
#87=UNCERTAINTY_MEASURE_WITH_UNIT(LENGTH_MEASURE(1.0E-06),#89,'','');
#89= (CONVERSION_BASED_UNIT('MILLIMETRE',#238)LENGTH_UNIT()NAMED_UNIT(#241));
#90= (NAMED_UNIT(#243)PLANE_ANGLE_UNIT()SI_UNIT($,.RADIAN.));
#91= (NAMED_UNIT(#243)SOLID_ANGLE_UNIT()SI_UNIT($,.STERADIAN.));
#93=PRESENTATION_STYLE_ASSIGNMENT((#249));
#94=ADVANCED_FACE('',(#250),#251,.F.);
#95=PRESENTATION_STYLE_ASSIGNMENT((#252));
#96=ADVANCED_FACE('',(#253),#254,.F.);
#97=PRESENTATION_STYLE_ASSIGNMENT((#255));
#98=ADVANCED_FACE('',(#256),#257,.T.);
#99=PRESENTATION_STYLE_ASSIGNMENT((#258));
#100=ADVANCED_FACE('',(#259),#260,.T.);
#101=PRESENTATION_STYLE_ASSIGNMENT((#261));
#102=ADVANCED_FACE('',(#262),#263,.T.);
#103=PRESENTATION_STYLE_ASSIGNMENT((#264));
#104=ADVANCED_FACE('',(#265),#266,.F.);
#105=PRESENTATION_STYLE_ASSIGNMENT((#267));
#106=ADVANCED_FACE('',(#268),#269,.F.);
#107=PRESENTATION_STYLE_ASSIGNMENT((#270));
#108=ADVANCED_FACE('',(#271),#272,.T.);
#109=PRESENTATION_STYLE_ASSIGNMENT((#273));
#110=ADVANCED_FACE('',(#274),#275,.T.);
#111=PRESENTATION_STYLE_ASSIGNMENT((#276));
#112=ADVANCED_FACE('',(#277),#278,.T.);
#113=PRESENTATION_STYLE_ASSIGNMENT((#279));
#114=ADVANCED_FACE('',(#280),#281,.T.);
#115=PRESENTATION_STYLE_ASSIGNMENT((#282));
#116=ADVANCED_FACE('',(#283),#284,.T.);
#117=PRESENTATION_STYLE_ASSIGNMENT((#285));
#118=ADVANCED_FACE('',(#286),#287,.T.);
#119=PRESENTATION_STYLE_ASSIGNMENT((#288));
#120=ADVANCED_FACE('',(#289,#290),#291,.T.);
#121=PRESENTATION_STYLE_ASSIGNMENT((#292));
#122=ADVANCED_FACE('',(#293),#294,.F.);
#123=PRESENTATION_STYLE_ASSIGNMENT((#295));
#124=ADVANCED_FACE('',(#296),#297,.F.);
#125=PRESENTATION_STYLE_ASSIGNMENT((#298));
#126=ADVANCED_FACE('',(#299,#300),#301,.T.);
#127=PRESENTATION_STYLE_ASSIGNMENT((#302));
#128=ADVANCED_FACE('',(#303),#304,.T.);
#129=PRESENTATION_STYLE_ASSIGNMENT((#305));
#130=ADVANCED_FACE('',(#306),#307,.T.);
#131=PRESENTATION_STYLE_ASSIGNMENT((#308));
#132=ADVANCED_FACE('',(#309),#310,.T.);
#133=PRESENTATION_STYLE_ASSIGNMENT((#311));
#134=ADVANCED_FACE('',(#312),#313,.F.);
#135=PRESENTATION_STYLE_ASSIGNMENT((#314));
#136=ADVANCED_FACE('',(#315),#316,.T.);
#137=PRESENTATION_STYLE_ASSIGNMENT((#317));
#138=ADVANCED_FACE('',(#318),#319,.F.);
#139=PRESENTATION_STYLE_ASSIGNMENT((#320));
#140=ADVANCED_FACE('',(#321),#322,.F.);
#141=PRESENTATION_STYLE_ASSIGNMENT((#323));
#142=ADVANCED_FACE('',(#324),#325,.F.);
#143=PRESENTATION_STYLE_ASSIGNMENT((#326));
#144=ADVANCED_FACE('',(#327),#328,.F.);
#145=PRESENTATION_STYLE_ASSIGNMENT((#329));
#146=ADVANCED_FACE('',(#330),#331,.F.);
#147=PRESENTATION_STYLE_ASSIGNMENT((#332));
#148=ADVANCED_FACE('',(#333),#334,.F.);
#149=PRESENTATION_STYLE_ASSIGNMENT((#335));
#150=ADVANCED_FACE('',(#336),#337,.T.);
#151=PRESENTATION_STYLE_ASSIGNMENT((#338));
#152=ADVANCED_FACE('',(#339),#340,.T.);
#153=PRESENTATION_STYLE_ASSIGNMENT((#341));
#154=ADVANCED_FACE('',(#342),#343,.T.);
#155=PRESENTATION_STYLE_ASSIGNMENT((#344));
#156=ADVANCED_FACE('',(#345),#346,.T.);
#157=PRESENTATION_STYLE_ASSIGNMENT((#347));
#158=ADVANCED_FACE('',(#348),#349,.T.);
#159=PRESENTATION_STYLE_ASSIGNMENT((#350));
#160=ADVANCED_FACE('',(#351),#352,.T.);
#161=PRESENTATION_STYLE_ASSIGNMENT((#353));
#162=ADVANCED_FACE('',(#354),#355,.F.);
#163=PRESENTATION_STYLE_ASSIGNMENT((#356));
#164=ADVANCED_FACE('',(#357),#358,.F.);
#165=PRESENTATION_STYLE_ASSIGNMENT((#359));
#166=ADVANCED_FACE('',(#360),#361,.T.);
#167=PRESENTATION_STYLE_ASSIGNMENT((#362));
#168=ADVANCED_FACE('',(#363),#364,.T.);
#169=PRESENTATION_STYLE_ASSIGNMENT((#365));
#170=ADVANCED_FACE('',(#366),#367,.T.);
#171=PRESENTATION_STYLE_ASSIGNMENT((#368));
#172=ADVANCED_FACE('',(#369,#370),#371,.T.);
#173=PRESENTATION_STYLE_ASSIGNMENT((#372));
#174=ADVANCED_FACE('',(#373),#374,.F.);
#175=PRESENTATION_STYLE_ASSIGNMENT((#375));
#176=ADVANCED_FACE('',(#376),#377,.F.);
#177=PRESENTATION_STYLE_ASSIGNMENT((#378));
#178=ADVANCED_FACE('',(#379,#380),#381,.T.);
#179=PRESENTATION_STYLE_ASSIGNMENT((#382));
#180=ADVANCED_FACE('',(#383),#384,.T.);
#181=PRESENTATION_STYLE_ASSIGNMENT((#385));
#182=ADVANCED_FACE('',(#386),#387,.T.);
#183=PRESENTATION_STYLE_ASSIGNMENT((#388));
#184=ADVANCED_FACE('',(#389),#390,.F.);
#185=PRESENTATION_STYLE_ASSIGNMENT((#391));
#186=ADVANCED_FACE('',(#392),#393,.F.);
#187=PRESENTATION_STYLE_ASSIGNMENT((#394));
#188=ADVANCED_FACE('',(#395),#396,.F.);
#189=PRESENTATION_STYLE_ASSIGNMENT((#397));
#190=ADVANCED_FACE('',(#398),#399,.F.);
#191=PRESENTATION_STYLE_ASSIGNMENT((#400));
#192=ADVANCED_FACE('',(#401,#402,#403),#404,.T.);
#193=PRESENTATION_STYLE_ASSIGNMENT((#405));
#194=ADVANCED_FACE('',(#406),#407,.F.);
#195=PRESENTATION_STYLE_ASSIGNMENT((#408));
#196=ADVANCED_FACE('',(#409),#410,.F.);
#197=PRESENTATION_STYLE_ASSIGNMENT((#411));
#198=ADVANCED_FACE('',(#412),#413,.F.);
#199=PRESENTATION_STYLE_ASSIGNMENT((#414));
#200=ADVANCED_FACE('',(#415),#416,.F.);
#201=PRESENTATION_STYLE_ASSIGNMENT((#417));
#202=ADVANCED_FACE('',(#418,#419,#420),#421,.T.);
#203=PRESENTATION_STYLE_ASSIGNMENT((#422));
#204=ADVANCED_FACE('',(#423,#424,#425),#426,.T.);
#205=PRESENTATION_STYLE_ASSIGNMENT((#427));
#206=ADVANCED_FACE('',(#428),#429,.F.);
#207=PRESENTATION_STYLE_ASSIGNMENT((#430));
#208=ADVANCED_FACE('',(#431),#432,.F.);
#209=PRESENTATION_STYLE_ASSIGNMENT((#433));
#210=ADVANCED_FACE('',(#434),#435,.F.);
#211=PRESENTATION_STYLE_ASSIGNMENT((#436));
#212=ADVANCED_FACE('',(#437),#438,.F.);
#213=PRESENTATION_STYLE_ASSIGNMENT((#439));
#214=ADVANCED_FACE('',(#440),#441,.T.);
#215=PRESENTATION_STYLE_ASSIGNMENT((#442));
#216=ADVANCED_FACE('',(#443),#444,.F.);
#217=PRESENTATION_STYLE_ASSIGNMENT((#445));
#218=ADVANCED_FACE('',(#446),#447,.F.);
#219=PRESENTATION_STYLE_ASSIGNMENT((#448));
#220=ADVANCED_FACE('',(#449),#450,.T.);
#221=PRESENTATION_STYLE_ASSIGNMENT((#451));
#222=ADVANCED_FACE('',(#452),#453,.F.);
#223=PRESENTATION_STYLE_ASSIGNMENT((#454));
#224=ADVANCED_FACE('',(#455),#456,.F.);
#225=PRESENTATION_STYLE_ASSIGNMENT((#457));
#226=ADVANCED_FACE('',(#458),#459,.F.);
#227=PRESENTATION_STYLE_ASSIGNMENT((#460));
#228=ADVANCED_FACE('',(#461),#462,.F.);
#229=PRESENTATION_STYLE_ASSIGNMENT((#463));
#230=ADVANCED_FACE('',(#464),#465,.F.);
#231=PRESENTATION_STYLE_ASSIGNMENT((#466));
#232=MANIFOLD_SOLID_BREP('Solid1',#467);
#233=PRODUCT('Solid1','','PART--DESC',(#468));
#234=PRODUCT_DEFINITION('','NONE',#469,#2);
#235=AXIS2_PLACEMENT_3D('',#470,#471,#472);
#238=LENGTH_MEASURE_WITH_UNIT(LENGTH_MEASURE(1.0),#473);
#241=DIMENSIONAL_EXPONENTS(1.0,0.0,0.0,0.0,0.0,0.0,0.0);
#243=DIMENSIONAL_EXPONENTS(0.0,0.0,0.0,0.0,0.0,0.0,0.0);
#249=SURFACE_STYLE_USAGE(.BOTH.,#474);
#250=FACE_OUTER_BOUND('',#475,.T.);
#251=CYLINDRICAL_SURFACE('',#476,1.75);
#252=SURFACE_STYLE_USAGE(.BOTH.,#477);
#253=FACE_OUTER_BOUND('',#478,.T.);
#254=CYLINDRICAL_SURFACE('',#479,1.75);
#255=SURFACE_STYLE_USAGE(.BOTH.,#480);
#256=FACE_OUTER_BOUND('',#481,.T.);
#257=CYLINDRICAL_SURFACE('',#482,1.7);
#258=SURFACE_STYLE_USAGE(.BOTH.,#483);
#259=FACE_OUTER_BOUND('',#484,.T.);
#260=CYLINDRICAL_SURFACE('',#485,1.5);
#261=SURFACE_STYLE_USAGE(.BOTH.,#486);
#262=FACE_OUTER_BOUND('',#487,.T.);
#263=SPHERICAL_SURFACE('',#488,1.5);
#264=SURFACE_STYLE_USAGE(.BOTH.,#489);
#265=FACE_OUTER_BOUND('',#490,.T.);
#266=CYLINDRICAL_SURFACE('',#491,1.75);
#267=SURFACE_STYLE_USAGE(.BOTH.,#492);
#268=FACE_OUTER_BOUND('',#493,.T.);
#269=CYLINDRICAL_SURFACE('',#494,1.75);
#270=SURFACE_STYLE_USAGE(.BOTH.,#495);
#271=FACE_OUTER_BOUND('',#496,.T.);
#272=CYLINDRICAL_SURFACE('',#497,1.7);
#273=SURFACE_STYLE_USAGE(.BOTH.,#498);
#274=FACE_OUTER_BOUND('',#499,.T.);
#275=CYLINDRICAL_SURFACE('',#500,1.5);
#276=SURFACE_STYLE_USAGE(.BOTH.,#501);
#277=FACE_OUTER_BOUND('',#502,.T.);
#278=SPHERICAL_SURFACE('',#503,1.5);
#279=SURFACE_STYLE_USAGE(.BOTH.,#504);
#280=FACE_OUTER_BOUND('',#505,.T.);
#281=SPHERICAL_SURFACE('',#506,1.5);
#282=SURFACE_STYLE_USAGE(.BOTH.,#507);
#283=FACE_OUTER_BOUND('',#508,.T.);
#284=CYLINDRICAL_SURFACE('',#509,1.5);
#285=SURFACE_STYLE_USAGE(.BOTH.,#510);
#286=FACE_OUTER_BOUND('',#511,.T.);
#287=CYLINDRICAL_SURFACE('',#512,1.7);
#288=SURFACE_STYLE_USAGE(.BOTH.,#513);
#289=FACE_OUTER_BOUND('',#514,.T.);
#290=FACE_BOUND('',#515,.T.);
#291=PLANE('',#516);
#292=SURFACE_STYLE_USAGE(.BOTH.,#517);
#293=FACE_OUTER_BOUND('',#518,.T.);
#294=CYLINDRICAL_SURFACE('',#519,1.75);
#295=SURFACE_STYLE_USAGE(.BOTH.,#520);
#296=FACE_OUTER_BOUND('',#521,.T.);
#297=CYLINDRICAL_SURFACE('',#522,1.75);
#298=SURFACE_STYLE_USAGE(.BOTH.,#523);
#299=FACE_OUTER_BOUND('',#524,.T.);
#300=FACE_BOUND('',#525,.T.);
#301=PLANE('',#526);
#302=SURFACE_STYLE_USAGE(.BOTH.,#527);
#303=FACE_OUTER_BOUND('',#528,.T.);
#304=PLANE('',#529);
#305=SURFACE_STYLE_USAGE(.BOTH.,#530);
#306=FACE_OUTER_BOUND('',#531,.T.);
#307=PLANE('',#532);
#308=SURFACE_STYLE_USAGE(.BOTH.,#533);
#309=FACE_OUTER_BOUND('',#534,.T.);
#310=CYLINDRICAL_SURFACE('',#535,1.75);
#311=SURFACE_STYLE_USAGE(.BOTH.,#536);
#312=FACE_OUTER_BOUND('',#537,.T.);
#313=PLANE('',#538);
#314=SURFACE_STYLE_USAGE(.BOTH.,#539);
#315=FACE_OUTER_BOUND('',#540,.T.);
#316=CYLINDRICAL_SURFACE('',#541,1.75);
#317=SURFACE_STYLE_USAGE(.BOTH.,#542);
#318=FACE_OUTER_BOUND('',#543,.T.);
#319=PLANE('',#544);
#320=SURFACE_STYLE_USAGE(.BOTH.,#545);
#321=FACE_OUTER_BOUND('',#546,.T.);
#322=PLANE('',#547);
#323=SURFACE_STYLE_USAGE(.BOTH.,#548);
#324=FACE_OUTER_BOUND('',#549,.T.);
#325=PLANE('',#550);
#326=SURFACE_STYLE_USAGE(.BOTH.,#551);
#327=FACE_OUTER_BOUND('',#552,.T.);
#328=PLANE('',#553);
#329=SURFACE_STYLE_USAGE(.BOTH.,#554);
#330=FACE_OUTER_BOUND('',#555,.T.);
#331=PLANE('',#556);
#332=SURFACE_STYLE_USAGE(.BOTH.,#557);
#333=FACE_OUTER_BOUND('',#558,.T.);
#334=PLANE('',#559);
#335=SURFACE_STYLE_USAGE(.BOTH.,#560);
#336=FACE_OUTER_BOUND('',#561,.T.);
#337=PLANE('',#562);
#338=SURFACE_STYLE_USAGE(.BOTH.,#563);
#339=FACE_OUTER_BOUND('',#564,.T.);
#340=PLANE('',#565);
#341=SURFACE_STYLE_USAGE(.BOTH.,#566);
#342=FACE_OUTER_BOUND('',#567,.T.);
#343=PLANE('',#568);
#344=SURFACE_STYLE_USAGE(.BOTH.,#569);
#345=FACE_OUTER_BOUND('',#570,.T.);
#346=PLANE('',#571);
#347=SURFACE_STYLE_USAGE(.BOTH.,#572);
#348=FACE_OUTER_BOUND('',#573,.T.);
#349=PLANE('',#574);
#350=SURFACE_STYLE_USAGE(.BOTH.,#575);
#351=FACE_OUTER_BOUND('',#576,.T.);
#352=PLANE('',#577);
#353=SURFACE_STYLE_USAGE(.BOTH.,#578);
#354=FACE_OUTER_BOUND('',#579,.T.);
#355=PLANE('',#580);
#356=SURFACE_STYLE_USAGE(.BOTH.,#581);
#357=FACE_OUTER_BOUND('',#582,.T.);
#358=PLANE('',#583);
#359=SURFACE_STYLE_USAGE(.BOTH.,#584);
#360=FACE_OUTER_BOUND('',#585,.T.);
#361=SPHERICAL_SURFACE('',#586,1.5);
#362=SURFACE_STYLE_USAGE(.BOTH.,#587);
#363=FACE_OUTER_BOUND('',#588,.T.);
#364=CYLINDRICAL_SURFACE('',#589,1.5);
#365=SURFACE_STYLE_USAGE(.BOTH.,#590);
#366=FACE_OUTER_BOUND('',#591,.T.);
#367=CYLINDRICAL_SURFACE('',#592,1.7);
#368=SURFACE_STYLE_USAGE(.BOTH.,#593);
#369=FACE_OUTER_BOUND('',#594,.T.);
#370=FACE_BOUND('',#595,.T.);
#371=PLANE('',#596);
#372=SURFACE_STYLE_USAGE(.BOTH.,#597);
#373=FACE_OUTER_BOUND('',#598,.T.);
#374=CYLINDRICAL_SURFACE('',#599,1.75);
#375=SURFACE_STYLE_USAGE(.BOTH.,#600);
#376=FACE_OUTER_BOUND('',#601,.T.);
#377=CYLINDRICAL_SURFACE('',#602,1.75);
#378=SURFACE_STYLE_USAGE(.BOTH.,#603);
#379=FACE_OUTER_BOUND('',#604,.T.);
#380=FACE_BOUND('',#605,.T.);
#381=PLANE('',#606);
#382=SURFACE_STYLE_USAGE(.BOTH.,#607);
#383=FACE_OUTER_BOUND('',#608,.T.);
#384=PLANE('',#609);
#385=SURFACE_STYLE_USAGE(.BOTH.,#610);
#386=FACE_OUTER_BOUND('',#611,.T.);
#387=CYLINDRICAL_SURFACE('',#612,1.75);
#388=SURFACE_STYLE_USAGE(.BOTH.,#613);
#389=FACE_OUTER_BOUND('',#614,.T.);
#390=PLANE('',#615);
#391=SURFACE_STYLE_USAGE(.BOTH.,#616);
#392=FACE_OUTER_BOUND('',#617,.T.);
#393=PLANE('',#618);
#394=SURFACE_STYLE_USAGE(.BOTH.,#619);
#395=FACE_OUTER_BOUND('',#620,.T.);
#396=PLANE('',#621);
#397=SURFACE_STYLE_USAGE(.BOTH.,#622);
#398=FACE_OUTER_BOUND('',#623,.T.);
#399=PLANE('',#624);
#400=SURFACE_STYLE_USAGE(.BOTH.,#625);
#401=FACE_OUTER_BOUND('',#626,.T.);
#402=FACE_BOUND('',#627,.T.);
#403=FACE_BOUND('',#628,.T.);
#404=PLANE('',#629);
#405=SURFACE_STYLE_USAGE(.BOTH.,#630);
#406=FACE_OUTER_BOUND('',#631,.T.);
#407=PLANE('',#632);
#408=SURFACE_STYLE_USAGE(.BOTH.,#633);
#409=FACE_OUTER_BOUND('',#634,.T.);
#410=PLANE('',#635);
#411=SURFACE_STYLE_USAGE(.BOTH.,#636);
#412=FACE_OUTER_BOUND('',#637,.T.);
#413=PLANE('',#638);
#414=SURFACE_STYLE_USAGE(.BOTH.,#639);
#415=FACE_OUTER_BOUND('',#640,.T.);
#416=PLANE('',#641);
#417=SURFACE_STYLE_USAGE(.BOTH.,#642);
#418=FACE_OUTER_BOUND('',#643,.T.);
#419=FACE_BOUND('',#644,.T.);
#420=FACE_BOUND('',#645,.T.);
#421=PLANE('',#646);
#422=SURFACE_STYLE_USAGE(.BOTH.,#647);
#423=FACE_OUTER_BOUND('',#648,.T.);
#424=FACE_BOUND('',#649,.T.);
#425=FACE_BOUND('',#650,.T.);
#426=PLANE('',#651);
#427=SURFACE_STYLE_USAGE(.BOTH.,#652);
#428=FACE_OUTER_BOUND('',#653,.T.);
#429=PLANE('',#654);
#430=SURFACE_STYLE_USAGE(.BOTH.,#655);
#431=FACE_OUTER_BOUND('',#656,.T.);
#432=PLANE('',#657);
#433=SURFACE_STYLE_USAGE(.BOTH.,#658);
#434=FACE_OUTER_BOUND('',#659,.T.);
#435=PLANE('',#660);
#436=SURFACE_STYLE_USAGE(.BOTH.,#661);
#437=FACE_OUTER_BOUND('',#662,.T.);
#438=PLANE('',#663);
#439=SURFACE_STYLE_USAGE(.BOTH.,#664);
#440=FACE_OUTER_BOUND('',#665,.T.);
#441=PLANE('',#666);
#442=SURFACE_STYLE_USAGE(.BOTH.,#667);
#443=FACE_OUTER_BOUND('',#668,.T.);
#444=PLANE('',#669);
#445=SURFACE_STYLE_USAGE(.BOTH.,#670);
#446=FACE_OUTER_BOUND('',#671,.T.);
#447=PLANE('',#672);
#448=SURFACE_STYLE_USAGE(.BOTH.,#673);
#449=FACE_OUTER_BOUND('',#674,.T.);
#450=CYLINDRICAL_SURFACE('',#675,1.75);
#451=SURFACE_STYLE_USAGE(.BOTH.,#676);
#452=FACE_OUTER_BOUND('',#677,.T.);
#453=PLANE('',#678);
#454=SURFACE_STYLE_USAGE(.BOTH.,#679);
#455=FACE_OUTER_BOUND('',#680,.T.);
#456=PLANE('',#681);
#457=SURFACE_STYLE_USAGE(.BOTH.,#682);
#458=FACE_OUTER_BOUND('',#683,.T.);
#459=PLANE('',#684);
#460=SURFACE_STYLE_USAGE(.BOTH.,#685);
#461=FACE_OUTER_BOUND('',#686,.T.);
#462=PLANE('',#687);
#463=SURFACE_STYLE_USAGE(.BOTH.,#688);
#464=FACE_OUTER_BOUND('',#689,.T.);
#465=PLANE('',#690);
#466=SURFACE_STYLE_USAGE(.BOTH.,#691);
#467=CLOSED_SHELL('',(#94,#96,#98,#100,#102,#104,#106,#108,#110,#112,#692,#693,#694,#695,#696,#697,#698,#699,#700,#701,#702,#703,#704,#705,#706,#707,#708,#709,#710,#711,#712,#713,#714,#715,#716,#717,#718,#719,#720,#721,#114,#116,#118,#120,#122,#124,#126,#128,#130,#132,#134,#136,#138,#140,#142,#144,#146,#148,#150,#152,#154,#156,#158,#160,#162,#164,#166,#168,#170,#172,#174,#176,#178,#180,#182,#184,#186,#188,#190,#192,#194,#196,#198,#200,#202,#204,#206,#208,#210,#212,#214,#216,#218,#220,#222,#224,#226,#228,#230));
#468=PRODUCT_CONTEXT('',#80,'mechanical');
#469=PRODUCT_DEFINITION_FORMATION_WITH_SPECIFIED_SOURCE(' ','NONE',#233,.NOT_KNOWN.);
#470=CARTESIAN_POINT('',(0.0,0.0,0.0));
#471=DIRECTION('',(0.0,0.0,1.0));
#472=DIRECTION('',(1.0,0.0,0.0));
#473= (NAMED_UNIT(#241)LENGTH_UNIT()SI_UNIT(.MILLI.,.METRE.));
#474=SURFACE_SIDE_STYLE('',(#723));
#475=EDGE_LOOP('',(#724,#725,#726,#727));
#476=AXIS2_PLACEMENT_3D('',#728,#729,#730);
#477=SURFACE_SIDE_STYLE('',(#731));
#478=EDGE_LOOP('',(#732,#733,#734,#735));
#479=AXIS2_PLACEMENT_3D('',#736,#737,#738);
#480=SURFACE_SIDE_STYLE('',(#739));
#481=EDGE_LOOP('',(#740,#741,#742,#743));
#482=AXIS2_PLACEMENT_3D('',#744,#745,#746);
#483=SURFACE_SIDE_STYLE('',(#747));
#484=EDGE_LOOP('',(#748,#749,#750,#751));
#485=AXIS2_PLACEMENT_3D('',#752,#753,#754);
#486=SURFACE_SIDE_STYLE('',(#755));
#487=EDGE_LOOP('',(#756,#757));
#488=AXIS2_PLACEMENT_3D('',#758,#759,#760);
#489=SURFACE_SIDE_STYLE('',(#761));
#490=EDGE_LOOP('',(#762,#763,#764,#765));
#491=AXIS2_PLACEMENT_3D('',#766,#767,#768);
#492=SURFACE_SIDE_STYLE('',(#769));
#493=EDGE_LOOP('',(#770,#771,#772,#773));
#494=AXIS2_PLACEMENT_3D('',#774,#775,#776);
#495=SURFACE_SIDE_STYLE('',(#777));
#496=EDGE_LOOP('',(#778,#779,#780,#781));
#497=AXIS2_PLACEMENT_3D('',#782,#783,#784);
#498=SURFACE_SIDE_STYLE('',(#785));
#499=EDGE_LOOP('',(#786,#787,#788,#789));
#500=AXIS2_PLACEMENT_3D('',#790,#791,#792);
#501=SURFACE_SIDE_STYLE('',(#793));
#502=EDGE_LOOP('',(#794,#795));
#503=AXIS2_PLACEMENT_3D('',#796,#797,#798);
#504=SURFACE_SIDE_STYLE('',(#799));
#505=EDGE_LOOP('',(#800,#801));
#506=AXIS2_PLACEMENT_3D('',#802,#803,#804);
#507=SURFACE_SIDE_STYLE('',(#805));
#508=EDGE_LOOP('',(#806,#807,#808,#809));
#509=AXIS2_PLACEMENT_3D('',#810,#811,#812);
#510=SURFACE_SIDE_STYLE('',(#813));
#511=EDGE_LOOP('',(#814,#815,#816,#817));
#512=AXIS2_PLACEMENT_3D('',#818,#819,#820);
#513=SURFACE_SIDE_STYLE('',(#821));
#514=EDGE_LOOP('',(#822,#823));
#515=EDGE_LOOP('',(#824,#825));
#516=AXIS2_PLACEMENT_3D('',#826,#827,#828);
#517=SURFACE_SIDE_STYLE('',(#829));
#518=EDGE_LOOP('',(#830,#831,#832,#833));
#519=AXIS2_PLACEMENT_3D('',#834,#835,#836);
#520=SURFACE_SIDE_STYLE('',(#837));
#521=EDGE_LOOP('',(#838,#839,#840,#841));
#522=AXIS2_PLACEMENT_3D('',#842,#843,#844);
#523=SURFACE_SIDE_STYLE('',(#845));
#524=EDGE_LOOP('',(#846,#847,#848,#849,#850,#851));
#525=EDGE_LOOP('',(#852,#853));
#526=AXIS2_PLACEMENT_3D('',#854,#855,#856);
#527=SURFACE_SIDE_STYLE('',(#857));
#528=EDGE_LOOP('',(#858,#859,#860,#861,#862,#863,#864,#865,#866,#867,#868,#869));
#529=AXIS2_PLACEMENT_3D('',#870,#871,#872);
#530=SURFACE_SIDE_STYLE('',(#873));
#531=EDGE_LOOP('',(#874,#875,#876,#877,#878,#879));
#532=AXIS2_PLACEMENT_3D('',#880,#881,#882);
#533=SURFACE_SIDE_STYLE('',(#883));
#534=EDGE_LOOP('',(#884,#885,#886,#887));
#535=AXIS2_PLACEMENT_3D('',#888,#889,#890);
#536=SURFACE_SIDE_STYLE('',(#891));
#537=EDGE_LOOP('',(#892,#893,#894,#895,#896));
#538=AXIS2_PLACEMENT_3D('',#897,#898,#899);
#539=SURFACE_SIDE_STYLE('',(#900));
#540=EDGE_LOOP('',(#901,#902,#903,#904));
#541=AXIS2_PLACEMENT_3D('',#905,#906,#907);
#542=SURFACE_SIDE_STYLE('',(#908));
#543=EDGE_LOOP('',(#909,#910,#911,#912,#913));
#544=AXIS2_PLACEMENT_3D('',#914,#915,#916);
#545=SURFACE_SIDE_STYLE('',(#917));
#546=EDGE_LOOP('',(#918,#919,#920,#921,#922));
#547=AXIS2_PLACEMENT_3D('',#923,#924,#925);
#548=SURFACE_SIDE_STYLE('',(#926));
#549=EDGE_LOOP('',(#927,#928,#929,#930,#931));
#550=AXIS2_PLACEMENT_3D('',#932,#933,#934);
#551=SURFACE_SIDE_STYLE('',(#935));
#552=EDGE_LOOP('',(#936,#937,#938,#939,#940));
#553=AXIS2_PLACEMENT_3D('',#941,#942,#943);
#554=SURFACE_SIDE_STYLE('',(#944));
#555=EDGE_LOOP('',(#945,#946,#947,#948));
#556=AXIS2_PLACEMENT_3D('',#949,#950,#951);
#557=SURFACE_SIDE_STYLE('',(#952));
#558=EDGE_LOOP('',(#953,#954,#955,#956,#957));
#559=AXIS2_PLACEMENT_3D('',#958,#959,#960);
#560=SURFACE_SIDE_STYLE('',(#961));
#561=EDGE_LOOP('',(#962,#963,#964,#965,#966,#967,#968,#969,#970,#971));
#562=AXIS2_PLACEMENT_3D('',#972,#973,#974);
#563=SURFACE_SIDE_STYLE('',(#975));
#564=EDGE_LOOP('',(#976,#977,#978,#979));
#565=AXIS2_PLACEMENT_3D('',#980,#981,#982);
#566=SURFACE_SIDE_STYLE('',(#983));
#567=EDGE_LOOP('',(#984,#985,#986,#987,#988,#989,#990,#991,#992,#993));
#568=AXIS2_PLACEMENT_3D('',#994,#995,#996);
#569=SURFACE_SIDE_STYLE('',(#997));
#570=EDGE_LOOP('',(#998,#999,#1000,#1001));
#571=AXIS2_PLACEMENT_3D('',#1002,#1003,#1004);
#572=SURFACE_SIDE_STYLE('',(#1005));
#573=EDGE_LOOP('',(#1006,#1007,#1008,#1009,#1010,#1011,#1012,#1013,#1014,#1015));
#574=AXIS2_PLACEMENT_3D('',#1016,#1017,#1018);
#575=SURFACE_SIDE_STYLE('',(#1019));
#576=EDGE_LOOP('',(#1020,#1021,#1022,#1023,#1024,#1025,#1026,#1027,#1028,#1029,#1030,#1031,#1032,#1033,#1034,#1035));
#577=AXIS2_PLACEMENT_3D('',#1036,#1037,#1038);
#578=SURFACE_SIDE_STYLE('',(#1039));
#579=EDGE_LOOP('',(#1040,#1041,#1042,#1043));
#580=AXIS2_PLACEMENT_3D('',#1044,#1045,#1046);
#581=SURFACE_SIDE_STYLE('',(#1047));
#582=EDGE_LOOP('',(#1048,#1049,#1050,#1051));
#583=AXIS2_PLACEMENT_3D('',#1052,#1053,#1054);
#584=SURFACE_SIDE_STYLE('',(#1055));
#585=EDGE_LOOP('',(#1056,#1057));
#586=AXIS2_PLACEMENT_3D('',#1058,#1059,#1060);
#587=SURFACE_SIDE_STYLE('',(#1061));
#588=EDGE_LOOP('',(#1062,#1063,#1064,#1065));
#589=AXIS2_PLACEMENT_3D('',#1066,#1067,#1068);
#590=SURFACE_SIDE_STYLE('',(#1069));
#591=EDGE_LOOP('',(#1070,#1071,#1072,#1073));
#592=AXIS2_PLACEMENT_3D('',#1074,#1075,#1076);
#593=SURFACE_SIDE_STYLE('',(#1077));
#594=EDGE_LOOP('',(#1078,#1079));
#595=EDGE_LOOP('',(#1080,#1081));
#596=AXIS2_PLACEMENT_3D('',#1082,#1083,#1084);
#597=SURFACE_SIDE_STYLE('',(#1085));
#598=EDGE_LOOP('',(#1086,#1087,#1088,#1089));
#599=AXIS2_PLACEMENT_3D('',#1090,#1091,#1092);
#600=SURFACE_SIDE_STYLE('',(#1093));
#601=EDGE_LOOP('',(#1094,#1095,#1096,#1097));
#602=AXIS2_PLACEMENT_3D('',#1098,#1099,#1100);
#603=SURFACE_SIDE_STYLE('',(#1101));
#604=EDGE_LOOP('',(#1102,#1103,#1104,#1105,#1106,#1107));
#605=EDGE_LOOP('',(#1108,#1109));
#606=AXIS2_PLACEMENT_3D('',#1110,#1111,#1112);
#607=SURFACE_SIDE_STYLE('',(#1113));
#608=EDGE_LOOP('',(#1114,#1115,#1116,#1117,#1118,#1119));
#609=AXIS2_PLACEMENT_3D('',#1120,#1121,#1122);
#610=SURFACE_SIDE_STYLE('',(#1123));
#611=EDGE_LOOP('',(#1124,#1125,#1126,#1127));
#612=AXIS2_PLACEMENT_3D('',#1128,#1129,#1130);
#613=SURFACE_SIDE_STYLE('',(#1131));
#614=EDGE_LOOP('',(#1132,#1133,#1134,#1135));
#615=AXIS2_PLACEMENT_3D('',#1136,#1137,#1138);
#616=SURFACE_SIDE_STYLE('',(#1139));
#617=EDGE_LOOP('',(#1140,#1141,#1142,#1143));
#618=AXIS2_PLACEMENT_3D('',#1144,#1145,#1146);
#619=SURFACE_SIDE_STYLE('',(#1147));
#620=EDGE_LOOP('',(#1148,#1149,#1150,#1151));
#621=AXIS2_PLACEMENT_3D('',#1152,#1153,#1154);
#622=SURFACE_SIDE_STYLE('',(#1155));
#623=EDGE_LOOP('',(#1156,#1157,#1158,#1159));
#624=AXIS2_PLACEMENT_3D('',#1160,#1161,#1162);
#625=SURFACE_SIDE_STYLE('',(#1163));
#626=EDGE_LOOP('',(#1164,#1165,#1166,#1167,#1168));
#627=EDGE_LOOP('',(#1169,#1170,#1171,#1172));
#628=EDGE_LOOP('',(#1173,#1174,#1175,#1176));
#629=AXIS2_PLACEMENT_3D('',#1177,#1178,#1179);
#630=SURFACE_SIDE_STYLE('',(#1180));
#631=EDGE_LOOP('',(#1181,#1182,#1183,#1184));
#632=AXIS2_PLACEMENT_3D('',#1185,#1186,#1187);
#633=SURFACE_SIDE_STYLE('',(#1188));
#634=EDGE_LOOP('',(#1189,#1190,#1191,#1192));
#635=AXIS2_PLACEMENT_3D('',#1193,#1194,#1195);
#636=SURFACE_SIDE_STYLE('',(#1196));
#637=EDGE_LOOP('',(#1197,#1198,#1199,#1200));
#638=AXIS2_PLACEMENT_3D('',#1201,#1202,#1203);
#639=SURFACE_SIDE_STYLE('',(#1204));
#640=EDGE_LOOP('',(#1205,#1206,#1207,#1208));
#641=AXIS2_PLACEMENT_3D('',#1209,#1210,#1211);
#642=SURFACE_SIDE_STYLE('',(#1212));
#643=EDGE_LOOP('',(#1213,#1214,#1215,#1216,#1217));
#644=EDGE_LOOP('',(#1218,#1219,#1220,#1221));
#645=EDGE_LOOP('',(#1222,#1223,#1224,#1225));
#646=AXIS2_PLACEMENT_3D('',#1226,#1227,#1228);
#647=SURFACE_SIDE_STYLE('',(#1229));
#648=EDGE_LOOP('',(#1230,#1231,#1232,#1233,#1234));
#649=EDGE_LOOP('',(#1235,#1236,#1237,#1238));
#650=EDGE_LOOP('',(#1239,#1240,#1241,#1242));
#651=AXIS2_PLACEMENT_3D('',#1243,#1244,#1245);
#652=SURFACE_SIDE_STYLE('',(#1246));
#653=EDGE_LOOP('',(#1247,#1248,#1249,#1250));
#654=AXIS2_PLACEMENT_3D('',#1251,#1252,#1253);
#655=SURFACE_SIDE_STYLE('',(#1254));
#656=EDGE_LOOP('',(#1255,#1256,#1257,#1258));
#657=AXIS2_PLACEMENT_3D('',#1259,#1260,#1261);
#658=SURFACE_SIDE_STYLE('',(#1262));
#659=EDGE_LOOP('',(#1263,#1264,#1265,#1266));
#660=AXIS2_PLACEMENT_3D('',#1267,#1268,#1269);
#661=SURFACE_SIDE_STYLE('',(#1270));
#662=EDGE_LOOP('',(#1271,#1272,#1273,#1274));
#663=AXIS2_PLACEMENT_3D('',#1275,#1276,#1277);
#664=SURFACE_SIDE_STYLE('',(#1278));
#665=EDGE_LOOP('',(#1279,#1280,#1281,#1282,#1283,#1284,#1285,#1286,#1287,#1288,#1289,#1290,#1291,#1292,#1293,#1294,#1295,#1296,#1297,#1298,#1299,#1300,#1301,#1302,#1303));
#666=AXIS2_PLACEMENT_3D('',#1304,#1305,#1306);
#667=SURFACE_SIDE_STYLE('',(#1307));
#668=EDGE_LOOP('',(#1308,#1309,#1310,#1311));
#669=AXIS2_PLACEMENT_3D('',#1312,#1313,#1314);
#670=SURFACE_SIDE_STYLE('',(#1315));
#671=EDGE_LOOP('',(#1316,#1317,#1318,#1319,#1320));
#672=AXIS2_PLACEMENT_3D('',#1321,#1322,#1323);
#673=SURFACE_SIDE_STYLE('',(#1324));
#674=EDGE_LOOP('',(#1325,#1326,#1327,#1328));
#675=AXIS2_PLACEMENT_3D('',#1329,#1330,#1331);
#676=SURFACE_SIDE_STYLE('',(#1332));
#677=EDGE_LOOP('',(#1333,#1334,#1335,#1336,#1337));
#678=AXIS2_PLACEMENT_3D('',#1338,#1339,#1340);
#679=SURFACE_SIDE_STYLE('',(#1341));
#680=EDGE_LOOP('',(#1342,#1343,#1344,#1345,#1346));
#681=AXIS2_PLACEMENT_3D('',#1347,#1348,#1349);
#682=SURFACE_SIDE_STYLE('',(#1350));
#683=EDGE_LOOP('',(#1351,#1352,#1353,#1354,#1355));
#684=AXIS2_PLACEMENT_3D('',#1356,#1357,#1358);
#685=SURFACE_SIDE_STYLE('',(#1359));
#686=EDGE_LOOP('',(#1360,#1361,#1362,#1363,#1364));
#687=AXIS2_PLACEMENT_3D('',#1365,#1366,#1367);
#688=SURFACE_SIDE_STYLE('',(#1368));
#689=EDGE_LOOP('',(#1369,#1370,#1371,#1372,#1373));
#690=AXIS2_PLACEMENT_3D('',#1374,#1375,#1376);
#691=SURFACE_SIDE_STYLE('',(#1377));
#692=ADVANCED_FACE('',(#1378),#1379,.T.);
#693=ADVANCED_FACE('',(#1380),#1381,.T.);
#694=ADVANCED_FACE('',(#1382),#1383,.T.);
#695=ADVANCED_FACE('',(#1384),#1385,.T.);
#696=ADVANCED_FACE('',(#1386),#1387,.T.);
#697=ADVANCED_FACE('',(#1388),#1389,.T.);
#698=ADVANCED_FACE('',(#1390),#1391,.T.);
#699=ADVANCED_FACE('',(#1392),#1393,.T.);
#700=ADVANCED_FACE('',(#1394),#1395,.T.);
#701=ADVANCED_FACE('',(#1396),#1397,.T.);
#702=ADVANCED_FACE('',(#1398),#1399,.T.);
#703=ADVANCED_FACE('',(#1400),#1401,.T.);
#704=ADVANCED_FACE('',(#1402),#1403,.T.);
#705=ADVANCED_FACE('',(#1404),#1405,.T.);
#706=ADVANCED_FACE('',(#1406),#1407,.T.);
#707=ADVANCED_FACE('',(#1408),#1409,.T.);
#708=ADVANCED_FACE('',(#1410),#1411,.T.);
#709=ADVANCED_FACE('',(#1412),#1413,.T.);
#710=ADVANCED_FACE('',(#1414),#1415,.T.);
#711=ADVANCED_FACE('',(#1416),#1417,.T.);
#712=ADVANCED_FACE('',(#1418),#1419,.T.);
#713=ADVANCED_FACE('',(#1420),#1421,.T.);
#714=ADVANCED_FACE('',(#1422),#1423,.T.);
#715=ADVANCED_FACE('',(#1424),#1425,.T.);
#716=ADVANCED_FACE('',(#1426),#1427,.T.);
#717=ADVANCED_FACE('',(#1428),#1429,.T.);
#718=ADVANCED_FACE('',(#1430),#1431,.T.);
#719=ADVANCED_FACE('',(#1432),#1433,.T.);
#720=ADVANCED_FACE('',(#1434),#1435,.T.);
#721=ADVANCED_FACE('',(#1436),#1437,.T.);
#723=SURFACE_STYLE_FILL_AREA(#1438);
#724=ORIENTED_EDGE('',*,*,#1439,.F.);
#725=ORIENTED_EDGE('',*,*,#1440,.T.);
#726=ORIENTED_EDGE('',*,*,#1441,.F.);
#727=ORIENTED_EDGE('',*,*,#1442,.F.);
#728=CARTESIAN_POINT('',(2.28681977031269E-16,-8.32667268468867E-16,0.0));
#729=DIRECTION('',(-1.0,-9.05671196163441E-17,-0.0));
#730=DIRECTION('',(0.0,0.0,-1.0));
#731=SURFACE_STYLE_FILL_AREA(#1443);
#732=ORIENTED_EDGE('',*,*,#1444,.F.);
#733=ORIENTED_EDGE('',*,*,#1445,.F.);
#734=ORIENTED_EDGE('',*,*,#1446,.T.);
#735=ORIENTED_EDGE('',*,*,#1447,.T.);
#736=CARTESIAN_POINT('',(2.28681977031269E-16,-8.32667268468867E-16,0.0));
#737=DIRECTION('',(-1.0,-9.05671196163441E-17,-0.0));
#738=DIRECTION('',(0.0,0.0,-1.0));
#739=SURFACE_STYLE_FILL_AREA(#1448);
#740=ORIENTED_EDGE('',*,*,#1449,.F.);
#741=ORIENTED_EDGE('',*,*,#1450,.F.);
#742=ORIENTED_EDGE('',*,*,#1451,.F.);
#743=ORIENTED_EDGE('',*,*,#1452,.F.);
#744=CARTESIAN_POINT('',(1.0,0.0,0.0));
#745=DIRECTION('',(1.0,9.0567119616344E-17,0.0));
#746=DIRECTION('',(0.0,0.0,-1.0));
#747=SURFACE_STYLE_FILL_AREA(#1453);
#748=ORIENTED_EDGE('',*,*,#1454,.F.);
#749=ORIENTED_EDGE('',*,*,#1455,.F.);
#750=ORIENTED_EDGE('',*,*,#1456,.F.);
#751=ORIENTED_EDGE('',*,*,#1457,.F.);
#752=CARTESIAN_POINT('',(2.77555756156289E-16,-7.13802204930783E-16,4.54066098963868E-17));
#753=DIRECTION('',(1.0,9.0567119616344E-17,0.0));
#754=DIRECTION('',(0.0,0.0,-1.0));
#755=SURFACE_STYLE_FILL_AREA(#1458);
#756=ORIENTED_EDGE('',*,*,#1459,.F.);
#757=ORIENTED_EDGE('',*,*,#1460,.T.);
#758=CARTESIAN_POINT('',(-2.1,-9.03993156125106E-16,4.54066098963868E-17));
#759=DIRECTION('',(0.0,0.0,1.0));
#760=DIRECTION('',(1.0,0.0,0.0));
#761=SURFACE_STYLE_FILL_AREA(#1461);
#762=ORIENTED_EDGE('',*,*,#1462,.F.);
#763=ORIENTED_EDGE('',*,*,#1463,.F.);
#764=ORIENTED_EDGE('',*,*,#1464,.T.);
#765=ORIENTED_EDGE('',*,*,#1465,.T.);
#766=CARTESIAN_POINT('',(2.28681977031269E-16,5.0,0.0));
#767=DIRECTION('',(-1.0,-9.05671196163441E-17,-0.0));
#768=DIRECTION('',(0.0,0.0,-1.0));
#769=SURFACE_STYLE_FILL_AREA(#1466);
#770=ORIENTED_EDGE('',*,*,#1467,.F.);
#771=ORIENTED_EDGE('',*,*,#1468,.T.);
#772=ORIENTED_EDGE('',*,*,#1469,.F.);
#773=ORIENTED_EDGE('',*,*,#1470,.F.);
#774=CARTESIAN_POINT('',(2.28681977031269E-16,5.0,0.0));
#775=DIRECTION('',(-1.0,-9.05671196163441E-17,-0.0));
#776=DIRECTION('',(0.0,0.0,-1.0));
#777=SURFACE_STYLE_FILL_AREA(#1471);
#778=ORIENTED_EDGE('',*,*,#1472,.F.);
#779=ORIENTED_EDGE('',*,*,#1473,.F.);
#780=ORIENTED_EDGE('',*,*,#1474,.F.);
#781=ORIENTED_EDGE('',*,*,#1475,.F.);
#782=CARTESIAN_POINT('',(1.0,5.0,0.0));
#783=DIRECTION('',(1.0,9.0567119616344E-17,0.0));
#784=DIRECTION('',(0.0,0.0,-1.0));
#785=SURFACE_STYLE_FILL_AREA(#1476);
#786=ORIENTED_EDGE('',*,*,#1477,.F.);
#787=ORIENTED_EDGE('',*,*,#1478,.F.);
#788=ORIENTED_EDGE('',*,*,#1479,.F.);
#789=ORIENTED_EDGE('',*,*,#1480,.F.);
#790=CARTESIAN_POINT('',(2.77555756156289E-16,5.0,4.54066098963868E-17));
#791=DIRECTION('',(1.0,9.0567119616344E-17,0.0));
#792=DIRECTION('',(0.0,0.0,-1.0));
#793=SURFACE_STYLE_FILL_AREA(#1481);
#794=ORIENTED_EDGE('',*,*,#1482,.F.);
#795=ORIENTED_EDGE('',*,*,#1483,.T.);
#796=CARTESIAN_POINT('',(-2.1,5.0,4.54066098963868E-17));
#797=DIRECTION('',(0.0,0.0,1.0));
#798=DIRECTION('',(1.0,0.0,0.0));
#799=SURFACE_STYLE_FILL_AREA(#1484);
#800=ORIENTED_EDGE('',*,*,#1482,.T.);
#801=ORIENTED_EDGE('',*,*,#1480,.T.);
#802=CARTESIAN_POINT('',(-2.1,5.0,4.54066098963868E-17));
#803=DIRECTION('',(0.0,0.0,1.0));
#804=DIRECTION('',(1.0,0.0,0.0));
#805=SURFACE_STYLE_FILL_AREA(#1485);
#806=ORIENTED_EDGE('',*,*,#1477,.T.);
#807=ORIENTED_EDGE('',*,*,#1483,.F.);
#808=ORIENTED_EDGE('',*,*,#1479,.T.);
#809=ORIENTED_EDGE('',*,*,#1486,.F.);
#810=CARTESIAN_POINT('',(2.77555756156289E-16,5.0,4.54066098963868E-17));
#811=DIRECTION('',(1.0,9.0567119616344E-17,0.0));
#812=DIRECTION('',(0.0,0.0,-1.0));
#813=SURFACE_STYLE_FILL_AREA(#1487);
#814=ORIENTED_EDGE('',*,*,#1472,.T.);
#815=ORIENTED_EDGE('',*,*,#1488,.F.);
#816=ORIENTED_EDGE('',*,*,#1474,.T.);
#817=ORIENTED_EDGE('',*,*,#1489,.F.);
#818=CARTESIAN_POINT('',(1.0,5.0,0.0));
#819=DIRECTION('',(1.0,9.0567119616344E-17,0.0));
#820=DIRECTION('',(0.0,0.0,-1.0));
#821=SURFACE_STYLE_FILL_AREA(#1490);
#822=ORIENTED_EDGE('',*,*,#1488,.T.);
#823=ORIENTED_EDGE('',*,*,#1475,.T.);
#824=ORIENTED_EDGE('',*,*,#1478,.T.);
#825=ORIENTED_EDGE('',*,*,#1486,.T.);
#826=CARTESIAN_POINT('',(2.77555756156289E-16,5.0,-1.53405906201788E-16));
#827=DIRECTION('',(-1.0,-9.0567119616344E-17,0.0));
#828=DIRECTION('',(-9.0567119616344E-17,1.0,0.0));
#829=SURFACE_STYLE_FILL_AREA(#1491);
#830=ORIENTED_EDGE('',*,*,#1467,.T.);
#831=ORIENTED_EDGE('',*,*,#1492,.F.);
#832=ORIENTED_EDGE('',*,*,#1493,.T.);
#833=ORIENTED_EDGE('',*,*,#1494,.T.);
#834=CARTESIAN_POINT('',(2.28681977031269E-16,5.0,0.0));
#835=DIRECTION('',(-1.0,-9.05671196163441E-17,-0.0));
#836=DIRECTION('',(0.0,0.0,-1.0));
#837=SURFACE_STYLE_FILL_AREA(#1495);
#838=ORIENTED_EDGE('',*,*,#1462,.T.);
#839=ORIENTED_EDGE('',*,*,#1496,.T.);
#840=ORIENTED_EDGE('',*,*,#1497,.F.);
#841=ORIENTED_EDGE('',*,*,#1498,.F.);
#842=CARTESIAN_POINT('',(2.28681977031269E-16,5.0,0.0));
#843=DIRECTION('',(-1.0,-9.05671196163441E-17,-0.0));
#844=DIRECTION('',(0.0,0.0,-1.0));
#845=SURFACE_STYLE_FILL_AREA(#1499);
#846=ORIENTED_EDGE('',*,*,#1465,.F.);
#847=ORIENTED_EDGE('',*,*,#1500,.F.);
#848=ORIENTED_EDGE('',*,*,#1468,.F.);
#849=ORIENTED_EDGE('',*,*,#1494,.F.);
#850=ORIENTED_EDGE('',*,*,#1501,.F.);
#851=ORIENTED_EDGE('',*,*,#1496,.F.);
#852=ORIENTED_EDGE('',*,*,#1473,.T.);
#853=ORIENTED_EDGE('',*,*,#1489,.T.);
#854=CARTESIAN_POINT('',(1.0,5.0,-2.16113544027772E-16));
#855=DIRECTION('',(-1.0,-9.0567119616344E-17,0.0));
#856=DIRECTION('',(-9.0567119616344E-17,1.0,0.0));
#857=SURFACE_STYLE_FILL_AREA(#1502);
#858=ORIENTED_EDGE('',*,*,#1492,.T.);
#859=ORIENTED_EDGE('',*,*,#1470,.T.);
#860=ORIENTED_EDGE('',*,*,#1503,.T.);
#861=ORIENTED_EDGE('',*,*,#1504,.F.);
#862=ORIENTED_EDGE('',*,*,#1505,.T.);
#863=ORIENTED_EDGE('',*,*,#1506,.T.);
#864=ORIENTED_EDGE('',*,*,#1445,.T.);
#865=ORIENTED_EDGE('',*,*,#1507,.T.);
#866=ORIENTED_EDGE('',*,*,#1508,.T.);
#867=ORIENTED_EDGE('',*,*,#1509,.F.);
#868=ORIENTED_EDGE('',*,*,#1510,.T.);
#869=ORIENTED_EDGE('',*,*,#1511,.T.);
#870=CARTESIAN_POINT('',(0.0,2.525,0.0));
#871=DIRECTION('',(-1.0,-9.0567119616344E-17,0.0));
#872=DIRECTION('',(-9.0567119616344E-17,1.0,0.0));
#873=SURFACE_STYLE_FILL_AREA(#1512);
#874=ORIENTED_EDGE('',*,*,#1463,.T.);
#875=ORIENTED_EDGE('',*,*,#1498,.T.);
#876=ORIENTED_EDGE('',*,*,#1513,.T.);
#877=ORIENTED_EDGE('',*,*,#1514,.F.);
#878=ORIENTED_EDGE('',*,*,#1515,.T.);
#879=ORIENTED_EDGE('',*,*,#1516,.T.);
#880=CARTESIAN_POINT('',(0.0,2.525,0.0));
#881=DIRECTION('',(-1.0,-9.0567119616344E-17,0.0));
#882=DIRECTION('',(-9.0567119616344E-17,1.0,0.0));
#883=SURFACE_STYLE_FILL_AREA(#1517);
#884=ORIENTED_EDGE('',*,*,#1501,.T.);
#885=ORIENTED_EDGE('',*,*,#1518,.T.);
#886=ORIENTED_EDGE('',*,*,#1519,.T.);
#887=ORIENTED_EDGE('',*,*,#1520,.F.);
#888=CARTESIAN_POINT('',(2.28681977031269E-16,5.0,0.0));
#889=DIRECTION('',(-1.0,-1.09923071745065E-16,-3.21984042947352E-32));
#890=DIRECTION('',(-8.80340318441862E-17,0.800869466678987,-0.598838957768543));
#891=SURFACE_STYLE_FILL_AREA(#1521);
#892=ORIENTED_EDGE('',*,*,#1503,.F.);
#893=ORIENTED_EDGE('',*,*,#1469,.T.);
#894=ORIENTED_EDGE('',*,*,#1522,.T.);
#895=ORIENTED_EDGE('',*,*,#1523,.T.);
#896=ORIENTED_EDGE('',*,*,#1524,.F.);
#897=CARTESIAN_POINT('',(1.33770517872755E-16,6.04796817609495,-1.40152156668823));
#898=DIRECTION('',(7.77273494397908E-17,-0.707106781186547,-0.707106781186548));
#899=DIRECTION('',(0.0,-0.707106781186548,0.707106781186547));
#900=SURFACE_STYLE_FILL_AREA(#1525);
#901=ORIENTED_EDGE('',*,*,#1500,.T.);
#902=ORIENTED_EDGE('',*,*,#1526,.T.);
#903=ORIENTED_EDGE('',*,*,#1527,.T.);
#904=ORIENTED_EDGE('',*,*,#1522,.F.);
#905=CARTESIAN_POINT('',(2.28681977031269E-16,5.0,0.0));
#906=DIRECTION('',(-1.0,-1.09923071745065E-16,0.0));
#907=DIRECTION('',(8.8034031844186E-17,-0.800869466678985,0.598838957768545));
#908=SURFACE_STYLE_FILL_AREA(#1528);
#909=ORIENTED_EDGE('',*,*,#1516,.F.);
#910=ORIENTED_EDGE('',*,*,#1529,.F.);
#911=ORIENTED_EDGE('',*,*,#1530,.T.);
#912=ORIENTED_EDGE('',*,*,#1526,.F.);
#913=ORIENTED_EDGE('',*,*,#1464,.F.);
#914=CARTESIAN_POINT('',(0.0,7.525,-2.17144660940673));
#915=DIRECTION('',(-7.77273494397908E-17,0.707106781186547,0.707106781186548));
#916=DIRECTION('',(1.0,1.09923071745065E-16,0.0));
#917=SURFACE_STYLE_FILL_AREA(#1531);
#918=ORIENTED_EDGE('',*,*,#1532,.F.);
#919=ORIENTED_EDGE('',*,*,#1523,.F.);
#920=ORIENTED_EDGE('',*,*,#1527,.F.);
#921=ORIENTED_EDGE('',*,*,#1530,.F.);
#922=ORIENTED_EDGE('',*,*,#1533,.F.);
#923=CARTESIAN_POINT('',(5.05,6.8455108071947,-1.8455108071947));
#924=DIRECTION('',(1.0,9.0567119616344E-17,-8.3389522770215E-33));
#925=DIRECTION('',(-9.0567119616344E-17,1.0,0.0));
#926=SURFACE_STYLE_FILL_AREA(#1534);
#927=ORIENTED_EDGE('',*,*,#1513,.F.);
#928=ORIENTED_EDGE('',*,*,#1497,.T.);
#929=ORIENTED_EDGE('',*,*,#1520,.T.);
#930=ORIENTED_EDGE('',*,*,#1535,.T.);
#931=ORIENTED_EDGE('',*,*,#1536,.F.);
#932=CARTESIAN_POINT('',(3.23593436189782E-16,3.95203182390505,1.40152156668823));
#933=DIRECTION('',(-7.77273494397908E-17,0.707106781186547,0.707106781186548));
#934=DIRECTION('',(1.0,1.09923071745065E-16,0.0));
#935=SURFACE_STYLE_FILL_AREA(#1537);
#936=ORIENTED_EDGE('',*,*,#1511,.F.);
#937=ORIENTED_EDGE('',*,*,#1538,.T.);
#938=ORIENTED_EDGE('',*,*,#1539,.T.);
#939=ORIENTED_EDGE('',*,*,#1518,.F.);
#940=ORIENTED_EDGE('',*,*,#1493,.F.);
#941=CARTESIAN_POINT('',(4.57363954062537E-16,2.475,2.17144660940672));
#942=DIRECTION('',(7.77273494397908E-17,-0.707106781186547,-0.707106781186548));
#943=DIRECTION('',(0.0,-0.707106781186548,0.707106781186547));
#944=SURFACE_STYLE_FILL_AREA(#1540);
#945=ORIENTED_EDGE('',*,*,#1510,.F.);
#946=ORIENTED_EDGE('',*,*,#1541,.F.);
#947=ORIENTED_EDGE('',*,*,#1542,.T.);
#948=ORIENTED_EDGE('',*,*,#1538,.F.);
#949=CARTESIAN_POINT('',(4.57363954062537E-16,2.475,2.525));
#950=DIRECTION('',(1.09923071745065E-16,-1.0,0.0));
#951=DIRECTION('',(0.0,0.0,-1.0));
#952=SURFACE_STYLE_FILL_AREA(#1543);
#953=ORIENTED_EDGE('',*,*,#1544,.F.);
#954=ORIENTED_EDGE('',*,*,#1535,.F.);
#955=ORIENTED_EDGE('',*,*,#1519,.F.);
#956=ORIENTED_EDGE('',*,*,#1539,.F.);
#957=ORIENTED_EDGE('',*,*,#1542,.F.);
#958=CARTESIAN_POINT('',(5.05,3.1544891928053,1.8455108071947));
#959=DIRECTION('',(1.0,9.0567119616344E-17,-8.3389522770215E-33));
#960=DIRECTION('',(-9.0567119616344E-17,1.0,0.0));
#961=SURFACE_STYLE_FILL_AREA(#1545);
#962=ORIENTED_EDGE('',*,*,#1524,.T.);
#963=ORIENTED_EDGE('',*,*,#1532,.T.);
#964=ORIENTED_EDGE('',*,*,#1546,.T.);
#965=ORIENTED_EDGE('',*,*,#1547,.T.);
#966=ORIENTED_EDGE('',*,*,#1548,.T.);
#967=ORIENTED_EDGE('',*,*,#1549,.T.);
#968=ORIENTED_EDGE('',*,*,#1550,.T.);
#969=ORIENTED_EDGE('',*,*,#1551,.T.);
#970=ORIENTED_EDGE('',*,*,#1552,.T.);
#971=ORIENTED_EDGE('',*,*,#1504,.T.);
#972=CARTESIAN_POINT('',(5.0,0.0,-2.525));
#973=DIRECTION('',(0.0,0.0,-1.0));
#974=DIRECTION('',(0.0,-1.0,0.0));
#975=SURFACE_STYLE_FILL_AREA(#1553);
#976=ORIENTED_EDGE('',*,*,#1554,.T.);
#977=ORIENTED_EDGE('',*,*,#1555,.T.);
#978=ORIENTED_EDGE('',*,*,#1556,.T.);
#979=ORIENTED_EDGE('',*,*,#1557,.T.);
#980=CARTESIAN_POINT('',(5.0,0.0,2.525));
#981=DIRECTION('',(0.0,0.0,1.0));
#982=DIRECTION('',(1.0,0.0,0.0));
#983=SURFACE_STYLE_FILL_AREA(#1558);
#984=ORIENTED_EDGE('',*,*,#1536,.T.);
#985=ORIENTED_EDGE('',*,*,#1544,.T.);
#986=ORIENTED_EDGE('',*,*,#1541,.T.);
#987=ORIENTED_EDGE('',*,*,#1509,.T.);
#988=ORIENTED_EDGE('',*,*,#1559,.T.);
#989=ORIENTED_EDGE('',*,*,#1560,.T.);
#990=ORIENTED_EDGE('',*,*,#1561,.T.);
#991=ORIENTED_EDGE('',*,*,#1562,.T.);
#992=ORIENTED_EDGE('',*,*,#1563,.T.);
#993=ORIENTED_EDGE('',*,*,#1514,.T.);
#994=CARTESIAN_POINT('',(5.0,0.0,2.525));
#995=DIRECTION('',(0.0,0.0,1.0));
#996=DIRECTION('',(1.0,0.0,0.0));
#997=SURFACE_STYLE_FILL_AREA(#1564);
#998=ORIENTED_EDGE('',*,*,#1565,.F.);
#999=ORIENTED_EDGE('',*,*,#1566,.F.);
#1000=ORIENTED_EDGE('',*,*,#1505,.F.);
#1001=ORIENTED_EDGE('',*,*,#1552,.F.);
#1002=CARTESIAN_POINT('',(4.57363954062537E-16,2.475,0.0));
#1003=DIRECTION('',(1.11022302462516E-16,-1.0,0.0));
#1004=DIRECTION('',(0.0,0.0,-1.0));
#1005=SURFACE_STYLE_FILL_AREA(#1567);
#1006=ORIENTED_EDGE('',*,*,#1529,.T.);
#1007=ORIENTED_EDGE('',*,*,#1515,.F.);
#1008=ORIENTED_EDGE('',*,*,#1563,.F.);
#1009=ORIENTED_EDGE('',*,*,#1568,.T.);
#1010=ORIENTED_EDGE('',*,*,#1569,.T.);
#1011=ORIENTED_EDGE('',*,*,#1570,.T.);
#1012=ORIENTED_EDGE('',*,*,#1557,.F.);
#1013=ORIENTED_EDGE('',*,*,#1571,.F.);
#1014=ORIENTED_EDGE('',*,*,#1546,.F.);
#1015=ORIENTED_EDGE('',*,*,#1533,.T.);
#1016=CARTESIAN_POINT('',(10.0,7.525,0.0));
#1017=DIRECTION('',(-5.55111512312578E-17,1.0,0.0));
#1018=DIRECTION('',(1.0,5.55111512312578E-17,-0.0));
#1019=SURFACE_STYLE_FILL_AREA(#1572);
#1020=ORIENTED_EDGE('',*,*,#1556,.F.);
#1021=ORIENTED_EDGE('',*,*,#1573,.F.);
#1022=ORIENTED_EDGE('',*,*,#1574,.T.);
#1023=ORIENTED_EDGE('',*,*,#1575,.T.);
#1024=ORIENTED_EDGE('',*,*,#1576,.T.);
#1025=ORIENTED_EDGE('',*,*,#1577,.F.);
#1026=ORIENTED_EDGE('',*,*,#1578,.T.);
#1027=ORIENTED_EDGE('',*,*,#1579,.T.);
#1028=ORIENTED_EDGE('',*,*,#1580,.T.);
#1029=ORIENTED_EDGE('',*,*,#1581,.F.);
#1030=ORIENTED_EDGE('',*,*,#1582,.T.);
#1031=ORIENTED_EDGE('',*,*,#1583,.T.);
#1032=ORIENTED_EDGE('',*,*,#1584,.T.);
#1033=ORIENTED_EDGE('',*,*,#1585,.F.);
#1034=ORIENTED_EDGE('',*,*,#1547,.F.);
#1035=ORIENTED_EDGE('',*,*,#1571,.T.);
#1036=CARTESIAN_POINT('',(10.0,-2.525,0.0));
#1037=DIRECTION('',(1.0,0.0,0.0));
#1038=DIRECTION('',(0.0,1.0,0.0));
#1039=SURFACE_STYLE_FILL_AREA(#1586);
#1040=ORIENTED_EDGE('',*,*,#1587,.F.);
#1041=ORIENTED_EDGE('',*,*,#1588,.F.);
#1042=ORIENTED_EDGE('',*,*,#1554,.F.);
#1043=ORIENTED_EDGE('',*,*,#1570,.F.);
#1044=CARTESIAN_POINT('',(7.34,-2.525,2.525));
#1045=DIRECTION('',(1.0,1.46564095660087E-16,-2.22044604925031E-15));
#1046=DIRECTION('',(-2.22044604925031E-15,0.0,-1.0));
#1047=SURFACE_STYLE_FILL_AREA(#1589);
#1048=ORIENTED_EDGE('',*,*,#1590,.F.);
#1049=ORIENTED_EDGE('',*,*,#1591,.F.);
#1050=ORIENTED_EDGE('',*,*,#1587,.T.);
#1051=ORIENTED_EDGE('',*,*,#1569,.F.);
#1052=CARTESIAN_POINT('',(7.34,-2.525,2.025));
#1053=DIRECTION('',(0.0,0.0,-1.0));
#1054=DIRECTION('',(0.0,-1.0,0.0));
#1055=SURFACE_STYLE_FILL_AREA(#1592);
#1056=ORIENTED_EDGE('',*,*,#1459,.T.);
#1057=ORIENTED_EDGE('',*,*,#1457,.T.);
#1058=CARTESIAN_POINT('',(-2.1,-9.03993156125106E-16,4.54066098963868E-17));
#1059=DIRECTION('',(0.0,0.0,1.0));
#1060=DIRECTION('',(1.0,0.0,0.0));
#1061=SURFACE_STYLE_FILL_AREA(#1593);
#1062=ORIENTED_EDGE('',*,*,#1454,.T.);
#1063=ORIENTED_EDGE('',*,*,#1460,.F.);
#1064=ORIENTED_EDGE('',*,*,#1456,.T.);
#1065=ORIENTED_EDGE('',*,*,#1594,.F.);
#1066=CARTESIAN_POINT('',(2.77555756156289E-16,-7.13802204930783E-16,4.54066098963868E-17));
#1067=DIRECTION('',(1.0,9.0567119616344E-17,0.0));
#1068=DIRECTION('',(0.0,0.0,-1.0));
#1069=SURFACE_STYLE_FILL_AREA(#1595);
#1070=ORIENTED_EDGE('',*,*,#1449,.T.);
#1071=ORIENTED_EDGE('',*,*,#1596,.F.);
#1072=ORIENTED_EDGE('',*,*,#1451,.T.);
#1073=ORIENTED_EDGE('',*,*,#1597,.F.);
#1074=CARTESIAN_POINT('',(1.0,0.0,0.0));
#1075=DIRECTION('',(1.0,9.0567119616344E-17,0.0));
#1076=DIRECTION('',(0.0,0.0,-1.0));
#1077=SURFACE_STYLE_FILL_AREA(#1598);
#1078=ORIENTED_EDGE('',*,*,#1596,.T.);
#1079=ORIENTED_EDGE('',*,*,#1452,.T.);
#1080=ORIENTED_EDGE('',*,*,#1455,.T.);
#1081=ORIENTED_EDGE('',*,*,#1594,.T.);
#1082=CARTESIAN_POINT('',(2.77555756156289E-16,-5.65529338128772E-17,-1.53405906201788E-16));
#1083=DIRECTION('',(-1.0,-9.0567119616344E-17,0.0));
#1084=DIRECTION('',(-9.0567119616344E-17,1.0,0.0));
#1085=SURFACE_STYLE_FILL_AREA(#1599);
#1086=ORIENTED_EDGE('',*,*,#1444,.T.);
#1087=ORIENTED_EDGE('',*,*,#1600,.T.);
#1088=ORIENTED_EDGE('',*,*,#1601,.F.);
#1089=ORIENTED_EDGE('',*,*,#1507,.F.);
#1090=CARTESIAN_POINT('',(2.28681977031269E-16,-8.32667268468867E-16,0.0));
#1091=DIRECTION('',(-1.0,-9.05671196163441E-17,-0.0));
#1092=DIRECTION('',(0.0,0.0,-1.0));
#1093=SURFACE_STYLE_FILL_AREA(#1602);
#1094=ORIENTED_EDGE('',*,*,#1439,.T.);
#1095=ORIENTED_EDGE('',*,*,#1603,.F.);
#1096=ORIENTED_EDGE('',*,*,#1604,.T.);
#1097=ORIENTED_EDGE('',*,*,#1605,.T.);
#1098=CARTESIAN_POINT('',(2.28681977031269E-16,-8.32667268468867E-16,0.0));
#1099=DIRECTION('',(-1.0,-9.05671196163441E-17,-0.0));
#1100=DIRECTION('',(0.0,0.0,-1.0));
#1101=SURFACE_STYLE_FILL_AREA(#1606);
#1102=ORIENTED_EDGE('',*,*,#1447,.F.);
#1103=ORIENTED_EDGE('',*,*,#1607,.F.);
#1104=ORIENTED_EDGE('',*,*,#1440,.F.);
#1105=ORIENTED_EDGE('',*,*,#1605,.F.);
#1106=ORIENTED_EDGE('',*,*,#1608,.F.);
#1107=ORIENTED_EDGE('',*,*,#1600,.F.);
#1108=ORIENTED_EDGE('',*,*,#1450,.T.);
#1109=ORIENTED_EDGE('',*,*,#1597,.T.);
#1110=CARTESIAN_POINT('',(1.0,-7.58621324814207E-16,-2.16113544027772E-16));
#1111=DIRECTION('',(-1.0,-9.0567119616344E-17,0.0));
#1112=DIRECTION('',(-9.0567119616344E-17,1.0,0.0));
#1113=SURFACE_STYLE_FILL_AREA(#1609);
#1114=ORIENTED_EDGE('',*,*,#1603,.T.);
#1115=ORIENTED_EDGE('',*,*,#1442,.T.);
#1116=ORIENTED_EDGE('',*,*,#1610,.T.);
#1117=ORIENTED_EDGE('',*,*,#1549,.F.);
#1118=ORIENTED_EDGE('',*,*,#1611,.T.);
#1119=ORIENTED_EDGE('',*,*,#1612,.T.);
#1120=CARTESIAN_POINT('',(0.0,2.525,0.0));
#1121=DIRECTION('',(-1.0,-9.0567119616344E-17,0.0));
#1122=DIRECTION('',(-9.0567119616344E-17,1.0,0.0));
#1123=SURFACE_STYLE_FILL_AREA(#1613);
#1124=ORIENTED_EDGE('',*,*,#1607,.T.);
#1125=ORIENTED_EDGE('',*,*,#1614,.T.);
#1126=ORIENTED_EDGE('',*,*,#1615,.T.);
#1127=ORIENTED_EDGE('',*,*,#1616,.F.);
#1128=CARTESIAN_POINT('',(2.28681977031269E-16,0.0,0.0));
#1129=DIRECTION('',(-1.0,-1.09923071745065E-16,0.0));
#1130=DIRECTION('',(8.8034031844186E-17,-0.800869466678985,0.598838957768545));
#1131=SURFACE_STYLE_FILL_AREA(#1617);
#1132=ORIENTED_EDGE('',*,*,#1618,.F.);
#1133=ORIENTED_EDGE('',*,*,#1619,.F.);
#1134=ORIENTED_EDGE('',*,*,#1620,.T.);
#1135=ORIENTED_EDGE('',*,*,#1621,.T.);
#1136=CARTESIAN_POINT('',(6.84,0.0,1.69426406871193));
#1137=DIRECTION('',(-0.707106781186547,0.0,0.707106781186548));
#1138=DIRECTION('',(0.0,1.0,0.0));
#1139=SURFACE_STYLE_FILL_AREA(#1622);
#1140=ORIENTED_EDGE('',*,*,#1623,.F.);
#1141=ORIENTED_EDGE('',*,*,#1621,.F.);
#1142=ORIENTED_EDGE('',*,*,#1624,.T.);
#1143=ORIENTED_EDGE('',*,*,#1574,.F.);
#1144=CARTESIAN_POINT('',(10.0,0.0,1.69426406871193));
#1145=DIRECTION('',(-2.63502300148376E-16,0.0,1.0));
#1146=DIRECTION('',(1.0,-0.0,2.63502300148376E-16));
#1147=SURFACE_STYLE_FILL_AREA(#1625);
#1148=ORIENTED_EDGE('',*,*,#1626,.F.);
#1149=ORIENTED_EDGE('',*,*,#1576,.F.);
#1150=ORIENTED_EDGE('',*,*,#1627,.T.);
#1151=ORIENTED_EDGE('',*,*,#1628,.T.);
#1152=CARTESIAN_POINT('',(6.84,0.0,0.84573593128807));
#1153=DIRECTION('',(4.83087550272022E-16,0.0,-1.0));
#1154=DIRECTION('',(0.0,-1.0,0.0));
#1155=SURFACE_STYLE_FILL_AREA(#1629);
#1156=ORIENTED_EDGE('',*,*,#1630,.F.);
#1157=ORIENTED_EDGE('',*,*,#1628,.F.);
#1158=ORIENTED_EDGE('',*,*,#1631,.T.);
#1159=ORIENTED_EDGE('',*,*,#1619,.T.);
#1160=CARTESIAN_POINT('',(6.41573593128807,0.0,1.27));
#1161=DIRECTION('',(-0.707106781186549,0.0,-0.707106781186546));
#1162=DIRECTION('',(-0.707106781186546,0.0,0.707106781186549));
#1163=SURFACE_STYLE_FILL_AREA(#1632);
#1164=ORIENTED_EDGE('',*,*,#1624,.F.);
#1165=ORIENTED_EDGE('',*,*,#1620,.F.);
#1166=ORIENTED_EDGE('',*,*,#1631,.F.);
#1167=ORIENTED_EDGE('',*,*,#1627,.F.);
#1168=ORIENTED_EDGE('',*,*,#1575,.F.);
#1169=ORIENTED_EDGE('',*,*,#1633,.T.);
#1170=ORIENTED_EDGE('',*,*,#1634,.T.);
#1171=ORIENTED_EDGE('',*,*,#1635,.T.);
#1172=ORIENTED_EDGE('',*,*,#1636,.T.);
#1173=ORIENTED_EDGE('',*,*,#1637,.T.);
#1174=ORIENTED_EDGE('',*,*,#1638,.T.);
#1175=ORIENTED_EDGE('',*,*,#1639,.T.);
#1176=ORIENTED_EDGE('',*,*,#1640,.T.);
#1177=CARTESIAN_POINT('',(8.32322264909696,0.0,1.27));
#1178=DIRECTION('',(0.0,-1.0,0.0));
#1179=DIRECTION('',(0.0,0.0,-1.0));
#1180=SURFACE_STYLE_FILL_AREA(#1641);
#1181=ORIENTED_EDGE('',*,*,#1642,.F.);
#1182=ORIENTED_EDGE('',*,*,#1643,.F.);
#1183=ORIENTED_EDGE('',*,*,#1644,.T.);
#1184=ORIENTED_EDGE('',*,*,#1645,.T.);
#1185=CARTESIAN_POINT('',(5.14573593128807,0.0,-1.11022302462516E-15));
#1186=DIRECTION('',(-0.707106781186547,0.0,-0.707106781186548));
#1187=DIRECTION('',(-0.707106781186548,0.0,0.707106781186547));
#1188=SURFACE_STYLE_FILL_AREA(#1646);
#1189=ORIENTED_EDGE('',*,*,#1647,.F.);
#1190=ORIENTED_EDGE('',*,*,#1645,.F.);
#1191=ORIENTED_EDGE('',*,*,#1648,.T.);
#1192=ORIENTED_EDGE('',*,*,#1649,.T.);
#1193=CARTESIAN_POINT('',(5.57,0.0,0.424264068711928));
#1194=DIRECTION('',(-0.707106781186548,0.0,0.707106781186547));
#1195=DIRECTION('',(0.0,1.0,0.0));
#1196=SURFACE_STYLE_FILL_AREA(#1650);
#1197=ORIENTED_EDGE('',*,*,#1651,.F.);
#1198=ORIENTED_EDGE('',*,*,#1580,.F.);
#1199=ORIENTED_EDGE('',*,*,#1652,.T.);
#1200=ORIENTED_EDGE('',*,*,#1643,.T.);
#1201=CARTESIAN_POINT('',(5.57,0.0,-0.424264068711929));
#1202=DIRECTION('',(1.40970756512788E-16,0.0,-1.0));
#1203=DIRECTION('',(0.0,-1.0,0.0));
#1204=SURFACE_STYLE_FILL_AREA(#1653);
#1205=ORIENTED_EDGE('',*,*,#1654,.F.);
#1206=ORIENTED_EDGE('',*,*,#1649,.F.);
#1207=ORIENTED_EDGE('',*,*,#1655,.T.);
#1208=ORIENTED_EDGE('',*,*,#1578,.F.);
#1209=CARTESIAN_POINT('',(10.0,0.0,0.424264068711929));
#1210=DIRECTION('',(-1.40970756512788E-16,0.0,1.0));
#1211=DIRECTION('',(1.0,-0.0,1.40970756512788E-16));
#1212=SURFACE_STYLE_FILL_AREA(#1656);
#1213=ORIENTED_EDGE('',*,*,#1644,.F.);
#1214=ORIENTED_EDGE('',*,*,#1652,.F.);
#1215=ORIENTED_EDGE('',*,*,#1579,.F.);
#1216=ORIENTED_EDGE('',*,*,#1655,.F.);
#1217=ORIENTED_EDGE('',*,*,#1648,.F.);
#1218=ORIENTED_EDGE('',*,*,#1657,.T.);
#1219=ORIENTED_EDGE('',*,*,#1658,.T.);
#1220=ORIENTED_EDGE('',*,*,#1659,.T.);
#1221=ORIENTED_EDGE('',*,*,#1660,.T.);
#1222=ORIENTED_EDGE('',*,*,#1661,.T.);
#1223=ORIENTED_EDGE('',*,*,#1662,.T.);
#1224=ORIENTED_EDGE('',*,*,#1663,.T.);
#1225=ORIENTED_EDGE('',*,*,#1664,.T.);
#1226=CARTESIAN_POINT('',(5.57,0.0,-5.6920614055489E-16));
#1227=DIRECTION('',(0.0,-1.0,0.0));
#1228=DIRECTION('',(0.0,0.0,-1.0));
#1229=SURFACE_STYLE_FILL_AREA(#1665);
#1230=ORIENTED_EDGE('',*,*,#1666,.F.);
#1231=ORIENTED_EDGE('',*,*,#1667,.F.);
#1232=ORIENTED_EDGE('',*,*,#1668,.F.);
#1233=ORIENTED_EDGE('',*,*,#1669,.F.);
#1234=ORIENTED_EDGE('',*,*,#1583,.F.);
#1235=ORIENTED_EDGE('',*,*,#1670,.T.);
#1236=ORIENTED_EDGE('',*,*,#1671,.T.);
#1237=ORIENTED_EDGE('',*,*,#1672,.T.);
#1238=ORIENTED_EDGE('',*,*,#1673,.T.);
#1239=ORIENTED_EDGE('',*,*,#1674,.T.);
#1240=ORIENTED_EDGE('',*,*,#1675,.T.);
#1241=ORIENTED_EDGE('',*,*,#1676,.T.);
#1242=ORIENTED_EDGE('',*,*,#1677,.T.);
#1243=CARTESIAN_POINT('',(8.38405973706438,0.0,-1.27));
#1244=DIRECTION('',(0.0,-1.0,0.0));
#1245=DIRECTION('',(0.0,0.0,-1.0));
#1246=SURFACE_STYLE_FILL_AREA(#1678);
#1247=ORIENTED_EDGE('',*,*,#1679,.F.);
#1248=ORIENTED_EDGE('',*,*,#1680,.F.);
#1249=ORIENTED_EDGE('',*,*,#1666,.T.);
#1250=ORIENTED_EDGE('',*,*,#1582,.F.);
#1251=CARTESIAN_POINT('',(10.0,0.0,-0.845735931288072));
#1252=DIRECTION('',(-2.63502300148376E-16,0.0,1.0));
#1253=DIRECTION('',(1.0,-0.0,2.63502300148376E-16));
#1254=SURFACE_STYLE_FILL_AREA(#1681);
#1255=ORIENTED_EDGE('',*,*,#1682,.F.);
#1256=ORIENTED_EDGE('',*,*,#1683,.F.);
#1257=ORIENTED_EDGE('',*,*,#1667,.T.);
#1258=ORIENTED_EDGE('',*,*,#1680,.T.);
#1259=CARTESIAN_POINT('',(6.84,0.0,-0.845735931288073));
#1260=DIRECTION('',(-0.707106781186546,0.0,0.707106781186549));
#1261=DIRECTION('',(0.0,1.0,0.0));
#1262=SURFACE_STYLE_FILL_AREA(#1684);
#1263=ORIENTED_EDGE('',*,*,#1685,.F.);
#1264=ORIENTED_EDGE('',*,*,#1686,.F.);
#1265=ORIENTED_EDGE('',*,*,#1668,.T.);
#1266=ORIENTED_EDGE('',*,*,#1683,.T.);
#1267=CARTESIAN_POINT('',(6.41573593128807,0.0,-1.27));
#1268=DIRECTION('',(-0.707106781186546,0.0,-0.707106781186549));
#1269=DIRECTION('',(-0.707106781186549,0.0,0.707106781186546));
#1270=SURFACE_STYLE_FILL_AREA(#1687);
#1271=ORIENTED_EDGE('',*,*,#1688,.F.);
#1272=ORIENTED_EDGE('',*,*,#1584,.F.);
#1273=ORIENTED_EDGE('',*,*,#1669,.T.);
#1274=ORIENTED_EDGE('',*,*,#1686,.T.);
#1275=CARTESIAN_POINT('',(6.84,0.0,-1.69426406871193));
#1276=DIRECTION('',(2.63502300148376E-16,0.0,-1.0));
#1277=DIRECTION('',(0.0,-1.0,0.0));
#1278=SURFACE_STYLE_FILL_AREA(#1689);
#1279=ORIENTED_EDGE('',*,*,#1626,.T.);
#1280=ORIENTED_EDGE('',*,*,#1630,.T.);
#1281=ORIENTED_EDGE('',*,*,#1618,.T.);
#1282=ORIENTED_EDGE('',*,*,#1623,.T.);
#1283=ORIENTED_EDGE('',*,*,#1573,.T.);
#1284=ORIENTED_EDGE('',*,*,#1555,.F.);
#1285=ORIENTED_EDGE('',*,*,#1588,.T.);
#1286=ORIENTED_EDGE('',*,*,#1591,.T.);
#1287=ORIENTED_EDGE('',*,*,#1690,.T.);
#1288=ORIENTED_EDGE('',*,*,#1561,.F.);
#1289=ORIENTED_EDGE('',*,*,#1691,.T.);
#1290=ORIENTED_EDGE('',*,*,#1692,.T.);
#1291=ORIENTED_EDGE('',*,*,#1611,.F.);
#1292=ORIENTED_EDGE('',*,*,#1548,.F.);
#1293=ORIENTED_EDGE('',*,*,#1585,.T.);
#1294=ORIENTED_EDGE('',*,*,#1688,.T.);
#1295=ORIENTED_EDGE('',*,*,#1685,.T.);
#1296=ORIENTED_EDGE('',*,*,#1682,.T.);
#1297=ORIENTED_EDGE('',*,*,#1679,.T.);
#1298=ORIENTED_EDGE('',*,*,#1581,.T.);
#1299=ORIENTED_EDGE('',*,*,#1651,.T.);
#1300=ORIENTED_EDGE('',*,*,#1642,.T.);
#1301=ORIENTED_EDGE('',*,*,#1647,.T.);
#1302=ORIENTED_EDGE('',*,*,#1654,.T.);
#1303=ORIENTED_EDGE('',*,*,#1577,.T.);
#1304=CARTESIAN_POINT('',(4.57363954062537E-16,-2.525,0.0));
#1305=DIRECTION('',(1.11022302462516E-16,-1.0,0.0));
#1306=DIRECTION('',(0.0,0.0,-1.0));
#1307=SURFACE_STYLE_FILL_AREA(#1693);
#1308=ORIENTED_EDGE('',*,*,#1562,.F.);
#1309=ORIENTED_EDGE('',*,*,#1690,.F.);
#1310=ORIENTED_EDGE('',*,*,#1590,.T.);
#1311=ORIENTED_EDGE('',*,*,#1568,.F.);
#1312=CARTESIAN_POINT('',(6.34,-2.525,2.025));
#1313=DIRECTION('',(-1.0,-1.46564095660087E-16,-4.44089209850063E-15));
#1314=DIRECTION('',(-4.44089209850063E-15,0.0,1.0));
#1315=SURFACE_STYLE_FILL_AREA(#1694);
#1316=ORIENTED_EDGE('',*,*,#1508,.F.);
#1317=ORIENTED_EDGE('',*,*,#1601,.T.);
#1318=ORIENTED_EDGE('',*,*,#1695,.T.);
#1319=ORIENTED_EDGE('',*,*,#1696,.T.);
#1320=ORIENTED_EDGE('',*,*,#1559,.F.);
#1321=CARTESIAN_POINT('',(3.23593436189782E-16,-1.04796817609495,1.40152156668823));
#1322=DIRECTION('',(-7.77273494397908E-17,0.707106781186547,0.707106781186548));
#1323=DIRECTION('',(1.0,1.09923071745065E-16,0.0));
#1324=SURFACE_STYLE_FILL_AREA(#1697);
#1325=ORIENTED_EDGE('',*,*,#1608,.T.);
#1326=ORIENTED_EDGE('',*,*,#1698,.T.);
#1327=ORIENTED_EDGE('',*,*,#1699,.T.);
#1328=ORIENTED_EDGE('',*,*,#1695,.F.);
#1329=CARTESIAN_POINT('',(2.28681977031269E-16,0.0,0.0));
#1330=DIRECTION('',(-1.0,-1.09923071745065E-16,-3.21984042947352E-32));
#1331=DIRECTION('',(-8.80340318441862E-17,0.800869466678987,-0.598838957768543));
#1332=SURFACE_STYLE_FILL_AREA(#1700);
#1333=ORIENTED_EDGE('',*,*,#1612,.F.);
#1334=ORIENTED_EDGE('',*,*,#1692,.F.);
#1335=ORIENTED_EDGE('',*,*,#1701,.T.);
#1336=ORIENTED_EDGE('',*,*,#1698,.F.);
#1337=ORIENTED_EDGE('',*,*,#1604,.F.);
#1338=CARTESIAN_POINT('',(4.57363954062537E-16,-2.525,2.17144660940672));
#1339=DIRECTION('',(7.77273494397908E-17,-0.707106781186547,-0.707106781186548));
#1340=DIRECTION('',(0.0,-0.707106781186548,0.707106781186547));
#1341=SURFACE_STYLE_FILL_AREA(#1702);
#1342=ORIENTED_EDGE('',*,*,#1560,.F.);
#1343=ORIENTED_EDGE('',*,*,#1696,.F.);
#1344=ORIENTED_EDGE('',*,*,#1699,.F.);
#1345=ORIENTED_EDGE('',*,*,#1701,.F.);
#1346=ORIENTED_EDGE('',*,*,#1691,.F.);
#1347=CARTESIAN_POINT('',(5.05,-1.8455108071947,1.8455108071947));
#1348=DIRECTION('',(1.0,9.0567119616344E-17,-8.3389522770215E-33));
#1349=DIRECTION('',(-9.0567119616344E-17,1.0,0.0));
#1350=SURFACE_STYLE_FILL_AREA(#1703);
#1351=ORIENTED_EDGE('',*,*,#1610,.F.);
#1352=ORIENTED_EDGE('',*,*,#1441,.T.);
#1353=ORIENTED_EDGE('',*,*,#1616,.T.);
#1354=ORIENTED_EDGE('',*,*,#1704,.T.);
#1355=ORIENTED_EDGE('',*,*,#1550,.F.);
#1356=CARTESIAN_POINT('',(1.33770517872755E-16,1.04796817609495,-1.40152156668823));
#1357=DIRECTION('',(7.77273494397908E-17,-0.707106781186547,-0.707106781186548));
#1358=DIRECTION('',(0.0,-0.707106781186548,0.707106781186547));
#1359=SURFACE_STYLE_FILL_AREA(#1705);
#1360=ORIENTED_EDGE('',*,*,#1566,.T.);
#1361=ORIENTED_EDGE('',*,*,#1706,.T.);
#1362=ORIENTED_EDGE('',*,*,#1614,.F.);
#1363=ORIENTED_EDGE('',*,*,#1446,.F.);
#1364=ORIENTED_EDGE('',*,*,#1506,.F.);
#1365=CARTESIAN_POINT('',(0.0,2.525,-2.17144660940673));
#1366=DIRECTION('',(-7.77273494397908E-17,0.707106781186547,0.707106781186548));
#1367=DIRECTION('',(1.0,1.09923071745065E-16,0.0));
#1368=SURFACE_STYLE_FILL_AREA(#1707);
#1369=ORIENTED_EDGE('',*,*,#1565,.T.);
#1370=ORIENTED_EDGE('',*,*,#1551,.F.);
#1371=ORIENTED_EDGE('',*,*,#1704,.F.);
#1372=ORIENTED_EDGE('',*,*,#1615,.F.);
#1373=ORIENTED_EDGE('',*,*,#1706,.F.);
#1374=CARTESIAN_POINT('',(5.05,1.8455108071947,-1.8455108071947));
#1375=DIRECTION('',(1.0,9.0567119616344E-17,-8.3389522770215E-33));
#1376=DIRECTION('',(-9.0567119616344E-17,1.0,0.0));
#1377=SURFACE_STYLE_FILL_AREA(#1708);
#1378=FACE_OUTER_BOUND('',#1709,.T.);
#1379=PLANE('',#1710);
#1380=FACE_OUTER_BOUND('',#1711,.T.);
#1381=PLANE('',#1712);
#1382=FACE_OUTER_BOUND('',#1713,.T.);
#1383=PLANE('',#1714);
#1384=FACE_OUTER_BOUND('',#1715,.T.);
#1385=PLANE('',#1716);
#1386=FACE_OUTER_BOUND('',#1717,.T.);
#1387=PLANE('',#1718);
#1388=FACE_OUTER_BOUND('',#1719,.T.);
#1389=PLANE('',#1720);
#1390=FACE_OUTER_BOUND('',#1721,.T.);
#1391=PLANE('',#1722);
#1392=FACE_OUTER_BOUND('',#1723,.T.);
#1393=PLANE('',#1724);
#1394=FACE_OUTER_BOUND('',#1725,.T.);
#1395=PLANE('',#1726);
#1396=FACE_OUTER_BOUND('',#1727,.T.);
#1397=PLANE('',#1728);
#1398=FACE_OUTER_BOUND('',#1729,.T.);
#1399=PLANE('',#1730);
#1400=FACE_OUTER_BOUND('',#1731,.T.);
#1401=PLANE('',#1732);
#1402=FACE_OUTER_BOUND('',#1733,.T.);
#1403=PLANE('',#1734);
#1404=FACE_OUTER_BOUND('',#1735,.T.);
#1405=PLANE('',#1736);
#1406=FACE_OUTER_BOUND('',#1737,.T.);
#1407=PLANE('',#1738);
#1408=FACE_OUTER_BOUND('',#1739,.T.);
#1409=PLANE('',#1740);
#1410=FACE_OUTER_BOUND('',#1741,.T.);
#1411=PLANE('',#1742);
#1412=FACE_OUTER_BOUND('',#1743,.T.);
#1413=PLANE('',#1744);
#1414=FACE_OUTER_BOUND('',#1745,.T.);
#1415=PLANE('',#1746);
#1416=FACE_OUTER_BOUND('',#1747,.T.);
#1417=PLANE('',#1748);
#1418=FACE_OUTER_BOUND('',#1749,.T.);
#1419=PLANE('',#1750);
#1420=FACE_OUTER_BOUND('',#1751,.T.);
#1421=PLANE('',#1752);
#1422=FACE_OUTER_BOUND('',#1753,.T.);
#1423=PLANE('',#1754);
#1424=FACE_OUTER_BOUND('',#1755,.T.);
#1425=PLANE('',#1756);
#1426=FACE_OUTER_BOUND('',#1757,.T.);
#1427=PLANE('',#1758);
#1428=FACE_OUTER_BOUND('',#1759,.T.);
#1429=PLANE('',#1760);
#1430=FACE_OUTER_BOUND('',#1761,.T.);
#1431=PLANE('',#1762);
#1432=FACE_OUTER_BOUND('',#1763,.T.);
#1433=PLANE('',#1764);
#1434=FACE_OUTER_BOUND('',#1765,.T.);
#1435=PLANE('',#1766);
#1436=FACE_OUTER_BOUND('',#1767,.T.);
#1437=PLANE('',#1768);
#1438=FILL_AREA_STYLE('',(#1769));
#1439=EDGE_CURVE('',#1770,#1771,#1772,.T.);
#1440=EDGE_CURVE('',#1770,#1773,#1774,.T.);
#1441=EDGE_CURVE('',#1775,#1773,#1776,.T.);
#1442=EDGE_CURVE('',#1771,#1775,#1777,.T.);
#1443=FILL_AREA_STYLE('',(#1778));
#1444=EDGE_CURVE('',#1779,#1780,#1781,.T.);
#1445=EDGE_CURVE('',#1782,#1779,#1783,.T.);
#1446=EDGE_CURVE('',#1782,#1784,#1785,.T.);
#1447=EDGE_CURVE('',#1784,#1780,#1786,.T.);
#1448=FILL_AREA_STYLE('',(#1787));
#1449=EDGE_CURVE('',#1788,#1789,#1790,.T.);
#1450=EDGE_CURVE('',#1791,#1788,#1792,.T.);
#1451=EDGE_CURVE('',#1793,#1791,#1794,.T.);
#1452=EDGE_CURVE('',#1789,#1793,#1795,.T.);
#1453=FILL_AREA_STYLE('',(#1796));
#1454=EDGE_CURVE('',#1797,#1798,#1799,.T.);
#1455=EDGE_CURVE('',#1800,#1797,#1801,.T.);
#1456=EDGE_CURVE('',#1802,#1800,#1803,.T.);
#1457=EDGE_CURVE('',#1798,#1802,#1804,.T.);
#1458=FILL_AREA_STYLE('',(#1805));
#1459=EDGE_CURVE('',#1802,#1798,#1806,.T.);
#1460=EDGE_CURVE('',#1802,#1798,#1807,.T.);
#1461=FILL_AREA_STYLE('',(#1808));
#1462=EDGE_CURVE('',#1809,#1810,#1811,.T.);
#1463=EDGE_CURVE('',#1812,#1809,#1813,.T.);
#1464=EDGE_CURVE('',#1812,#1814,#1815,.T.);
#1465=EDGE_CURVE('',#1814,#1810,#1816,.T.);
#1466=FILL_AREA_STYLE('',(#1817));
#1467=EDGE_CURVE('',#1818,#1819,#1820,.T.);
#1468=EDGE_CURVE('',#1818,#1821,#1822,.T.);
#1469=EDGE_CURVE('',#1823,#1821,#1824,.T.);
#1470=EDGE_CURVE('',#1819,#1823,#1825,.T.);
#1471=FILL_AREA_STYLE('',(#1826));
#1472=EDGE_CURVE('',#1827,#1828,#1829,.T.);
#1473=EDGE_CURVE('',#1830,#1827,#1831,.T.);
#1474=EDGE_CURVE('',#1832,#1830,#1833,.T.);
#1475=EDGE_CURVE('',#1828,#1832,#1834,.T.);
#1476=FILL_AREA_STYLE('',(#1835));
#1477=EDGE_CURVE('',#1836,#1837,#1838,.T.);
#1478=EDGE_CURVE('',#1839,#1836,#1840,.T.);
#1479=EDGE_CURVE('',#1841,#1839,#1842,.T.);
#1480=EDGE_CURVE('',#1837,#1841,#1843,.T.);
#1481=FILL_AREA_STYLE('',(#1844));
#1482=EDGE_CURVE('',#1841,#1837,#1845,.T.);
#1483=EDGE_CURVE('',#1841,#1837,#1846,.T.);
#1484=FILL_AREA_STYLE('',(#1847));
#1485=FILL_AREA_STYLE('',(#1848));
#1486=EDGE_CURVE('',#1836,#1839,#1849,.T.);
#1487=FILL_AREA_STYLE('',(#1850));
#1488=EDGE_CURVE('',#1832,#1828,#1851,.T.);
#1489=EDGE_CURVE('',#1827,#1830,#1852,.T.);
#1490=FILL_AREA_STYLE('',(#1853));
#1491=FILL_AREA_STYLE('',(#1854));
#1492=EDGE_CURVE('',#1855,#1819,#1856,.T.);
#1493=EDGE_CURVE('',#1855,#1857,#1858,.T.);
#1494=EDGE_CURVE('',#1857,#1818,#1859,.T.);
#1495=FILL_AREA_STYLE('',(#1860));
#1496=EDGE_CURVE('',#1810,#1861,#1862,.T.);
#1497=EDGE_CURVE('',#1863,#1861,#1864,.T.);
#1498=EDGE_CURVE('',#1809,#1863,#1865,.T.);
#1499=FILL_AREA_STYLE('',(#1866));
#1500=EDGE_CURVE('',#1821,#1814,#1867,.T.);
#1501=EDGE_CURVE('',#1861,#1857,#1868,.T.);
#1502=FILL_AREA_STYLE('',(#1869));
#1503=EDGE_CURVE('',#1823,#1870,#1871,.T.);
#1504=EDGE_CURVE('',#1872,#1870,#1873,.T.);
#1505=EDGE_CURVE('',#1872,#1874,#1875,.T.);
#1506=EDGE_CURVE('',#1874,#1782,#1876,.T.);
#1507=EDGE_CURVE('',#1779,#1877,#1878,.T.);
#1508=EDGE_CURVE('',#1877,#1879,#1880,.T.);
#1509=EDGE_CURVE('',#1881,#1879,#1882,.T.);
#1510=EDGE_CURVE('',#1881,#1883,#1884,.T.);
#1511=EDGE_CURVE('',#1883,#1855,#1885,.T.);
#1512=FILL_AREA_STYLE('',(#1886));
#1513=EDGE_CURVE('',#1863,#1887,#1888,.T.);
#1514=EDGE_CURVE('',#1889,#1887,#1890,.T.);
#1515=EDGE_CURVE('',#1889,#1891,#1892,.T.);
#1516=EDGE_CURVE('',#1891,#1812,#1893,.T.);
#1517=FILL_AREA_STYLE('',(#1894));
#1518=EDGE_CURVE('',#1857,#1895,#1896,.T.);
#1519=EDGE_CURVE('',#1895,#1897,#1898,.T.);
#1520=EDGE_CURVE('',#1861,#1897,#1899,.T.);
#1521=FILL_AREA_STYLE('',(#1900));
#1522=EDGE_CURVE('',#1821,#1901,#1902,.T.);
#1523=EDGE_CURVE('',#1901,#1903,#1904,.T.);
#1524=EDGE_CURVE('',#1870,#1903,#1905,.T.);
#1525=FILL_AREA_STYLE('',(#1906));
#1526=EDGE_CURVE('',#1814,#1907,#1908,.T.);
#1527=EDGE_CURVE('',#1907,#1901,#1909,.T.);
#1528=FILL_AREA_STYLE('',(#1910));
#1529=EDGE_CURVE('',#1911,#1891,#1912,.T.);
#1530=EDGE_CURVE('',#1911,#1907,#1913,.T.);
#1531=FILL_AREA_STYLE('',(#1914));
#1532=EDGE_CURVE('',#1903,#1915,#1916,.T.);
#1533=EDGE_CURVE('',#1915,#1911,#1917,.T.);
#1534=FILL_AREA_STYLE('',(#1918));
#1535=EDGE_CURVE('',#1897,#1919,#1920,.T.);
#1536=EDGE_CURVE('',#1887,#1919,#1921,.T.);
#1537=FILL_AREA_STYLE('',(#1922));
#1538=EDGE_CURVE('',#1883,#1923,#1924,.T.);
#1539=EDGE_CURVE('',#1923,#1895,#1925,.T.);
#1540=FILL_AREA_STYLE('',(#1926));
#1541=EDGE_CURVE('',#1927,#1881,#1928,.T.);
#1542=EDGE_CURVE('',#1927,#1923,#1929,.T.);
#1543=FILL_AREA_STYLE('',(#1930));
#1544=EDGE_CURVE('',#1919,#1927,#1931,.T.);
#1545=FILL_AREA_STYLE('',(#1932));
#1546=EDGE_CURVE('',#1915,#1933,#1934,.T.);
#1547=EDGE_CURVE('',#1933,#1935,#1936,.T.);
#1548=EDGE_CURVE('',#1935,#1937,#1938,.T.);
#1549=EDGE_CURVE('',#1937,#1939,#1940,.T.);
#1550=EDGE_CURVE('',#1939,#1941,#1942,.T.);
#1551=EDGE_CURVE('',#1941,#1943,#1944,.T.);
#1552=EDGE_CURVE('',#1943,#1872,#1945,.T.);
#1553=FILL_AREA_STYLE('',(#1946));
#1554=EDGE_CURVE('',#1947,#1948,#1949,.T.);
#1555=EDGE_CURVE('',#1948,#1950,#1951,.T.);
#1556=EDGE_CURVE('',#1950,#1952,#1953,.T.);
#1557=EDGE_CURVE('',#1952,#1947,#1954,.T.);
#1558=FILL_AREA_STYLE('',(#1955));
#1559=EDGE_CURVE('',#1879,#1956,#1957,.T.);
#1560=EDGE_CURVE('',#1956,#1958,#1959,.T.);
#1561=EDGE_CURVE('',#1958,#1960,#1961,.T.);
#1562=EDGE_CURVE('',#1960,#1962,#1963,.T.);
#1563=EDGE_CURVE('',#1962,#1889,#1964,.T.);
#1564=FILL_AREA_STYLE('',(#1965));
#1565=EDGE_CURVE('',#1966,#1943,#1967,.T.);
#1566=EDGE_CURVE('',#1874,#1966,#1968,.T.);
#1567=FILL_AREA_STYLE('',(#1969));
#1568=EDGE_CURVE('',#1962,#1970,#1971,.T.);
#1569=EDGE_CURVE('',#1970,#1972,#1973,.T.);
#1570=EDGE_CURVE('',#1972,#1947,#1974,.T.);
#1571=EDGE_CURVE('',#1933,#1952,#1975,.T.);
#1572=FILL_AREA_STYLE('',(#1976));
#1573=EDGE_CURVE('',#1977,#1950,#1978,.T.);
#1574=EDGE_CURVE('',#1977,#1979,#1980,.T.);
#1575=EDGE_CURVE('',#1979,#1981,#1982,.T.);
#1576=EDGE_CURVE('',#1981,#1983,#1984,.T.);
#1577=EDGE_CURVE('',#1985,#1983,#1986,.T.);
#1578=EDGE_CURVE('',#1985,#1987,#1988,.T.);
#1579=EDGE_CURVE('',#1987,#1989,#1990,.T.);
#1580=EDGE_CURVE('',#1989,#1991,#1992,.T.);
#1581=EDGE_CURVE('',#1993,#1991,#1994,.T.);
#1582=EDGE_CURVE('',#1993,#1995,#1996,.T.);
#1583=EDGE_CURVE('',#1995,#1997,#1998,.T.);
#1584=EDGE_CURVE('',#1997,#1999,#2000,.T.);
#1585=EDGE_CURVE('',#1935,#1999,#2001,.T.);
#1586=FILL_AREA_STYLE('',(#2002));
#1587=EDGE_CURVE('',#2003,#1972,#2004,.T.);
#1588=EDGE_CURVE('',#1948,#2003,#2005,.T.);
#1589=FILL_AREA_STYLE('',(#2006));
#1590=EDGE_CURVE('',#2007,#1970,#2008,.T.);
#1591=EDGE_CURVE('',#2003,#2007,#2009,.T.);
#1592=FILL_AREA_STYLE('',(#2010));
#1593=FILL_AREA_STYLE('',(#2011));
#1594=EDGE_CURVE('',#1797,#1800,#2012,.T.);
#1595=FILL_AREA_STYLE('',(#2013));
#1596=EDGE_CURVE('',#1793,#1789,#2014,.T.);
#1597=EDGE_CURVE('',#1788,#1791,#2015,.T.);
#1598=FILL_AREA_STYLE('',(#2016));
#1599=FILL_AREA_STYLE('',(#2017));
#1600=EDGE_CURVE('',#1780,#2018,#2019,.T.);
#1601=EDGE_CURVE('',#1877,#2018,#2020,.T.);
#1602=FILL_AREA_STYLE('',(#2021));
#1603=EDGE_CURVE('',#2022,#1771,#2023,.T.);
#1604=EDGE_CURVE('',#2022,#2024,#2025,.T.);
#1605=EDGE_CURVE('',#2024,#1770,#2026,.T.);
#1606=FILL_AREA_STYLE('',(#2027));
#1607=EDGE_CURVE('',#1773,#1784,#2028,.T.);
#1608=EDGE_CURVE('',#2018,#2024,#2029,.T.);
#1609=FILL_AREA_STYLE('',(#2030));
#1610=EDGE_CURVE('',#1775,#1939,#2031,.T.);
#1611=EDGE_CURVE('',#1937,#2032,#2033,.T.);
#1612=EDGE_CURVE('',#2032,#2022,#2034,.T.);
#1613=FILL_AREA_STYLE('',(#2035));
#1614=EDGE_CURVE('',#1784,#2036,#2037,.T.);
#1615=EDGE_CURVE('',#2036,#2038,#2039,.T.);
#1616=EDGE_CURVE('',#1773,#2038,#2040,.T.);
#1617=FILL_AREA_STYLE('',(#2041));
#1618=EDGE_CURVE('',#2042,#2043,#2044,.T.);
#1619=EDGE_CURVE('',#2045,#2042,#2046,.T.);
#1620=EDGE_CURVE('',#2045,#2047,#2048,.T.);
#1621=EDGE_CURVE('',#2047,#2043,#2049,.T.);
#1622=FILL_AREA_STYLE('',(#2050));
#1623=EDGE_CURVE('',#2043,#1977,#2051,.T.);
#1624=EDGE_CURVE('',#2047,#1979,#2052,.T.);
#1625=FILL_AREA_STYLE('',(#2053));
#1626=EDGE_CURVE('',#1983,#2054,#2055,.T.);
#1627=EDGE_CURVE('',#1981,#2056,#2057,.T.);
#1628=EDGE_CURVE('',#2056,#2054,#2058,.T.);
#1629=FILL_AREA_STYLE('',(#2059));
#1630=EDGE_CURVE('',#2054,#2042,#2060,.T.);
#1631=EDGE_CURVE('',#2056,#2045,#2061,.T.);
#1632=FILL_AREA_STYLE('',(#2062));
#1633=EDGE_CURVE('',#2063,#2064,#2065,.T.);
#1634=EDGE_CURVE('',#2064,#2066,#2067,.T.);
#1635=EDGE_CURVE('',#2066,#2068,#2069,.T.);
#1636=EDGE_CURVE('',#2068,#2063,#2070,.T.);
#1637=EDGE_CURVE('',#2071,#2072,#2073,.T.);
#1638=EDGE_CURVE('',#2072,#2074,#2075,.T.);
#1639=EDGE_CURVE('',#2074,#2076,#2077,.T.);
#1640=EDGE_CURVE('',#2076,#2071,#2078,.T.);
#1641=FILL_AREA_STYLE('',(#2079));
#1642=EDGE_CURVE('',#2080,#2081,#2082,.T.);
#1643=EDGE_CURVE('',#2083,#2080,#2084,.T.);
#1644=EDGE_CURVE('',#2083,#2085,#2086,.T.);
#1645=EDGE_CURVE('',#2085,#2081,#2087,.T.);
#1646=FILL_AREA_STYLE('',(#2088));
#1647=EDGE_CURVE('',#2081,#2089,#2090,.T.);
#1648=EDGE_CURVE('',#2085,#2091,#2092,.T.);
#1649=EDGE_CURVE('',#2091,#2089,#2093,.T.);
#1650=FILL_AREA_STYLE('',(#2094));
#1651=EDGE_CURVE('',#1991,#2080,#2095,.T.);
#1652=EDGE_CURVE('',#1989,#2083,#2096,.T.);
#1653=FILL_AREA_STYLE('',(#2097));
#1654=EDGE_CURVE('',#2089,#1985,#2098,.T.);
#1655=EDGE_CURVE('',#2091,#1987,#2099,.T.);
#1656=FILL_AREA_STYLE('',(#2100));
#1657=EDGE_CURVE('',#2101,#2102,#2103,.T.);
#1658=EDGE_CURVE('',#2102,#2104,#2105,.T.);
#1659=EDGE_CURVE('',#2104,#2106,#2107,.T.);
#1660=EDGE_CURVE('',#2106,#2101,#2108,.T.);
#1661=EDGE_CURVE('',#2109,#2110,#2111,.T.);
#1662=EDGE_CURVE('',#2110,#2112,#2113,.T.);
#1663=EDGE_CURVE('',#2112,#2114,#2115,.T.);
#1664=EDGE_CURVE('',#2114,#2109,#2116,.T.);
#1665=FILL_AREA_STYLE('',(#2117));
#1666=EDGE_CURVE('',#2118,#1995,#2119,.T.);
#1667=EDGE_CURVE('',#2120,#2118,#2121,.T.);
#1668=EDGE_CURVE('',#2122,#2120,#2123,.T.);
#1669=EDGE_CURVE('',#1997,#2122,#2124,.T.);
#1670=EDGE_CURVE('',#2125,#2126,#2127,.T.);
#1671=EDGE_CURVE('',#2126,#2128,#2129,.T.);
#1672=EDGE_CURVE('',#2128,#2130,#2131,.T.);
#1673=EDGE_CURVE('',#2130,#2125,#2132,.T.);
#1674=EDGE_CURVE('',#2133,#2134,#2135,.T.);
#1675=EDGE_CURVE('',#2134,#2136,#2137,.T.);
#1676=EDGE_CURVE('',#2136,#2138,#2139,.T.);
#1677=EDGE_CURVE('',#2138,#2133,#2140,.T.);
#1678=FILL_AREA_STYLE('',(#2141));
#1679=EDGE_CURVE('',#2142,#1993,#2143,.T.);
#1680=EDGE_CURVE('',#2118,#2142,#2144,.T.);
#1681=FILL_AREA_STYLE('',(#2145));
#1682=EDGE_CURVE('',#2146,#2142,#2147,.T.);
#1683=EDGE_CURVE('',#2120,#2146,#2148,.T.);
#1684=FILL_AREA_STYLE('',(#2149));
#1685=EDGE_CURVE('',#2150,#2146,#2151,.T.);
#1686=EDGE_CURVE('',#2122,#2150,#2152,.T.);
#1687=FILL_AREA_STYLE('',(#2153));
#1688=EDGE_CURVE('',#1999,#2150,#2154,.T.);
#1689=FILL_AREA_STYLE('',(#2155));
#1690=EDGE_CURVE('',#2007,#1960,#2156,.T.);
#1691=EDGE_CURVE('',#1958,#2157,#2158,.T.);
#1692=EDGE_CURVE('',#2157,#2032,#2159,.T.);
#1693=FILL_AREA_STYLE('',(#2160));
#1694=FILL_AREA_STYLE('',(#2161));
#1695=EDGE_CURVE('',#2018,#2162,#2163,.T.);
#1696=EDGE_CURVE('',#2162,#1956,#2164,.T.);
#1697=FILL_AREA_STYLE('',(#2165));
#1698=EDGE_CURVE('',#2024,#2166,#2167,.T.);
#1699=EDGE_CURVE('',#2166,#2162,#2168,.T.);
#1700=FILL_AREA_STYLE('',(#2169));
#1701=EDGE_CURVE('',#2157,#2166,#2170,.T.);
#1702=FILL_AREA_STYLE('',(#2171));
#1703=FILL_AREA_STYLE('',(#2172));
#1704=EDGE_CURVE('',#2038,#1941,#2173,.T.);
#1705=FILL_AREA_STYLE('',(#2174));
#1706=EDGE_CURVE('',#1966,#2036,#2175,.T.);
#1707=FILL_AREA_STYLE('',(#2176));
#1708=FILL_AREA_STYLE('',(#2177));
#1709=EDGE_LOOP('',(#2178,#2179,#2180,#2181));
#1710=AXIS2_PLACEMENT_3D('',#2182,#2183,#2184);
#1711=EDGE_LOOP('',(#2185,#2186,#2187,#2188));
#1712=AXIS2_PLACEMENT_3D('',#2189,#2190,#2191);
#1713=EDGE_LOOP('',(#2192,#2193,#2194,#2195));
#1714=AXIS2_PLACEMENT_3D('',#2196,#2197,#2198);
#1715=EDGE_LOOP('',(#2199,#2200,#2201,#2202));
#1716=AXIS2_PLACEMENT_3D('',#2203,#2204,#2205);
#1717=EDGE_LOOP('',(#2206,#2207,#2208,#2209));
#1718=AXIS2_PLACEMENT_3D('',#2210,#2211,#2212);
#1719=EDGE_LOOP('',(#2213,#2214,#2215,#2216));
#1720=AXIS2_PLACEMENT_3D('',#2217,#2218,#2219);
#1721=EDGE_LOOP('',(#2220,#2221,#2222,#2223));
#1722=AXIS2_PLACEMENT_3D('',#2224,#2225,#2226);
#1723=EDGE_LOOP('',(#2227,#2228,#2229,#2230));
#1724=AXIS2_PLACEMENT_3D('',#2231,#2232,#2233);
#1725=EDGE_LOOP('',(#2234,#2235,#2236,#2237));
#1726=AXIS2_PLACEMENT_3D('',#2238,#2239,#2240);
#1727=EDGE_LOOP('',(#2241,#2242,#2243,#2244));
#1728=AXIS2_PLACEMENT_3D('',#2245,#2246,#2247);
#1729=EDGE_LOOP('',(#2248,#2249,#2250,#2251));
#1730=AXIS2_PLACEMENT_3D('',#2252,#2253,#2254);
#1731=EDGE_LOOP('',(#2255,#2256,#2257,#2258));
#1732=AXIS2_PLACEMENT_3D('',#2259,#2260,#2261);
#1733=EDGE_LOOP('',(#2262,#2263,#2264,#2265));
#1734=AXIS2_PLACEMENT_3D('',#2266,#2267,#2268);
#1735=EDGE_LOOP('',(#2269,#2270,#2271,#2272));
#1736=AXIS2_PLACEMENT_3D('',#2273,#2274,#2275);
#1737=EDGE_LOOP('',(#2276,#2277,#2278,#2279));
#1738=AXIS2_PLACEMENT_3D('',#2280,#2281,#2282);
#1739=EDGE_LOOP('',(#2283,#2284,#2285,#2286));
#1740=AXIS2_PLACEMENT_3D('',#2287,#2288,#2289);
#1741=EDGE_LOOP('',(#2290,#2291,#2292,#2293));
#1742=AXIS2_PLACEMENT_3D('',#2294,#2295,#2296);
#1743=EDGE_LOOP('',(#2297,#2298,#2299,#2300));
#1744=AXIS2_PLACEMENT_3D('',#2301,#2302,#2303);
#1745=EDGE_LOOP('',(#2304,#2305,#2306,#2307));
#1746=AXIS2_PLACEMENT_3D('',#2308,#2309,#2310);
#1747=EDGE_LOOP('',(#2311,#2312,#2313,#2314));
#1748=AXIS2_PLACEMENT_3D('',#2315,#2316,#2317);
#1749=EDGE_LOOP('',(#2318,#2319,#2320,#2321));
#1750=AXIS2_PLACEMENT_3D('',#2322,#2323,#2324);
#1751=EDGE_LOOP('',(#2325,#2326,#2327,#2328));
#1752=AXIS2_PLACEMENT_3D('',#2329,#2330,#2331);
#1753=EDGE_LOOP('',(#2332,#2333,#2334,#2335));
#1754=AXIS2_PLACEMENT_3D('',#2336,#2337,#2338);
#1755=EDGE_LOOP('',(#2339,#2340,#2341,#2342));
#1756=AXIS2_PLACEMENT_3D('',#2343,#2344,#2345);
#1757=EDGE_LOOP('',(#2346,#2347,#2348,#2349));
#1758=AXIS2_PLACEMENT_3D('',#2350,#2351,#2352);
#1759=EDGE_LOOP('',(#2353,#2354,#2355,#2356));
#1760=AXIS2_PLACEMENT_3D('',#2357,#2358,#2359);
#1761=EDGE_LOOP('',(#2360,#2361,#2362,#2363));
#1762=AXIS2_PLACEMENT_3D('',#2364,#2365,#2366);
#1763=EDGE_LOOP('',(#2367,#2368,#2369,#2370));
#1764=AXIS2_PLACEMENT_3D('',#2371,#2372,#2373);
#1765=EDGE_LOOP('',(#2374,#2375,#2376,#2377));
#1766=AXIS2_PLACEMENT_3D('',#2378,#2379,#2380);
#1767=EDGE_LOOP('',(#2381,#2382,#2383,#2384));
#1768=AXIS2_PLACEMENT_3D('',#2385,#2386,#2387);
#1769=FILL_AREA_STYLE_COLOUR('',#2388);
#1770=VERTEX_POINT('',#2389);
#1771=VERTEX_POINT('',#2390);
#1772=LINE('',#2391,#2392);
#1773=VERTEX_POINT('',#2393);
#1774=CIRCLE('',#2394,1.75);
#1775=VERTEX_POINT('',#2395);
#1776=LINE('',#2396,#2397);
#1777=CIRCLE('',#2398,1.75);
#1778=FILL_AREA_STYLE_COLOUR('',#2399);
#1779=VERTEX_POINT('',#2400);
#1780=VERTEX_POINT('',#2401);
#1781=LINE('',#2402,#2403);
#1782=VERTEX_POINT('',#2404);
#1783=CIRCLE('',#2405,1.75);
#1784=VERTEX_POINT('',#2406);
#1785=LINE('',#2407,#2408);
#1786=CIRCLE('',#2409,1.75);
#1787=FILL_AREA_STYLE_COLOUR('',#2410);
#1788=VERTEX_POINT('',#2411);
#1789=VERTEX_POINT('',#2412);
#1790=LINE('',#2413,#2414);
#1791=VERTEX_POINT('',#2415);
#1792=CIRCLE('',#2416,1.7);
#1793=VERTEX_POINT('',#2417);
#1794=LINE('',#2418,#2419);
#1795=CIRCLE('',#2420,1.7);
#1796=FILL_AREA_STYLE_COLOUR('',#2421);
#1797=VERTEX_POINT('',#2422);
#1798=VERTEX_POINT('',#2423);
#1799=LINE('',#2424,#2425);
#1800=VERTEX_POINT('',#2426);
#1801=CIRCLE('',#2427,1.5);
#1802=VERTEX_POINT('',#2428);
#1803=LINE('',#2429,#2430);
#1804=CIRCLE('',#2431,1.5);
#1805=FILL_AREA_STYLE_COLOUR('',#2432);
#1806=CIRCLE('',#2433,1.5);
#1807=CIRCLE('',#2434,1.5);
#1808=FILL_AREA_STYLE_COLOUR('',#2435);
#1809=VERTEX_POINT('',#2436);
#1810=VERTEX_POINT('',#2437);
#1811=LINE('',#2438,#2439);
#1812=VERTEX_POINT('',#2440);
#1813=CIRCLE('',#2441,1.75);
#1814=VERTEX_POINT('',#2442);
#1815=LINE('',#2443,#2444);
#1816=CIRCLE('',#2445,1.75);
#1817=FILL_AREA_STYLE_COLOUR('',#2446);
#1818=VERTEX_POINT('',#2447);
#1819=VERTEX_POINT('',#2448);
#1820=LINE('',#2449,#2450);
#1821=VERTEX_POINT('',#2451);
#1822=CIRCLE('',#2452,1.75);
#1823=VERTEX_POINT('',#2453);
#1824=LINE('',#2454,#2455);
#1825=CIRCLE('',#2456,1.75);
#1826=FILL_AREA_STYLE_COLOUR('',#2457);
#1827=VERTEX_POINT('',#2458);
#1828=VERTEX_POINT('',#2459);
#1829=LINE('',#2460,#2461);
#1830=VERTEX_POINT('',#2462);
#1831=CIRCLE('',#2463,1.7);
#1832=VERTEX_POINT('',#2464);
#1833=LINE('',#2465,#2466);
#1834=CIRCLE('',#2467,1.7);
#1835=FILL_AREA_STYLE_COLOUR('',#2468);
#1836=VERTEX_POINT('',#2469);
#1837=VERTEX_POINT('',#2470);
#1838=LINE('',#2471,#2472);
#1839=VERTEX_POINT('',#2473);
#1840=CIRCLE('',#2474,1.5);
#1841=VERTEX_POINT('',#2475);
#1842=LINE('',#2476,#2477);
#1843=CIRCLE('',#2478,1.5);
#1844=FILL_AREA_STYLE_COLOUR('',#2479);
#1845=CIRCLE('',#2480,1.5);
#1846=CIRCLE('',#2481,1.5);
#1847=FILL_AREA_STYLE_COLOUR('',#2482);
#1848=FILL_AREA_STYLE_COLOUR('',#2483);
#1849=CIRCLE('',#2484,1.5);
#1850=FILL_AREA_STYLE_COLOUR('',#2485);
#1851=CIRCLE('',#2486,1.7);
#1852=CIRCLE('',#2487,1.7);
#1853=FILL_AREA_STYLE_COLOUR('',#2488);
#1854=FILL_AREA_STYLE_COLOUR('',#2489);
#1855=VERTEX_POINT('',#2490);
#1856=CIRCLE('',#2491,1.75);
#1857=VERTEX_POINT('',#2492);
#1858=LINE('',#2493,#2494);
#1859=CIRCLE('',#2495,1.75);
#1860=FILL_AREA_STYLE_COLOUR('',#2496);
#1861=VERTEX_POINT('',#2497);
#1862=CIRCLE('',#2498,1.75);
#1863=VERTEX_POINT('',#2499);
#1864=LINE('',#2500,#2501);
#1865=CIRCLE('',#2502,1.75);
#1866=FILL_AREA_STYLE_COLOUR('',#2503);
#1867=CIRCLE('',#2504,1.75);
#1868=CIRCLE('',#2505,1.75);
#1869=FILL_AREA_STYLE_COLOUR('',#2506);
#1870=VERTEX_POINT('',#2507);
#1871=LINE('',#2508,#2509);
#1872=VERTEX_POINT('',#2510);
#1873=LINE('',#2511,#2512);
#1874=VERTEX_POINT('',#2513);
#1875=LINE('',#2514,#2515);
#1876=LINE('',#2516,#2517);
#1877=VERTEX_POINT('',#2518);
#1878=CIRCLE('',#2519,1.75);
#1879=VERTEX_POINT('',#2520);
#1880=LINE('',#2521,#2522);
#1881=VERTEX_POINT('',#2523);
#1882=LINE('',#2524,#2525);
#1883=VERTEX_POINT('',#2526);
#1884=LINE('',#2527,#2528);
#1885=LINE('',#2529,#2530);
#1886=FILL_AREA_STYLE_COLOUR('',#2531);
#1887=VERTEX_POINT('',#2532);
#1888=LINE('',#2533,#2534);
#1889=VERTEX_POINT('',#2535);
#1890=LINE('',#2536,#2537);
#1891=VERTEX_POINT('',#2538);
#1892=LINE('',#2539,#2540);
#1893=LINE('',#2541,#2542);
#1894=FILL_AREA_STYLE_COLOUR('',#2543);
#1895=VERTEX_POINT('',#2544);
#1896=LINE('',#2545,#2546);
#1897=VERTEX_POINT('',#2547);
#1898=CIRCLE('',#2548,1.75);
#1899=LINE('',#2549,#2550);
#1900=FILL_AREA_STYLE_COLOUR('',#2551);
#1901=VERTEX_POINT('',#2552);
#1902=LINE('',#2553,#2554);
#1903=VERTEX_POINT('',#2555);
#1904=LINE('',#2556,#2557);
#1905=LINE('',#2558,#2559);
#1906=FILL_AREA_STYLE_COLOUR('',#2560);
#1907=VERTEX_POINT('',#2561);
#1908=LINE('',#2562,#2563);
#1909=CIRCLE('',#2564,1.75);
#1910=FILL_AREA_STYLE_COLOUR('',#2565);
#1911=VERTEX_POINT('',#2566);
#1912=LINE('',#2567,#2568);
#1913=LINE('',#2569,#2570);
#1914=FILL_AREA_STYLE_COLOUR('',#2571);
#1915=VERTEX_POINT('',#2572);
#1916=LINE('',#2573,#2574);
#1917=LINE('',#2575,#2576);
#1918=FILL_AREA_STYLE_COLOUR('',#2577);
#1919=VERTEX_POINT('',#2578);
#1920=LINE('',#2579,#2580);
#1921=LINE('',#2581,#2582);
#1922=FILL_AREA_STYLE_COLOUR('',#2583);
#1923=VERTEX_POINT('',#2584);
#1924=LINE('',#2585,#2586);
#1925=LINE('',#2587,#2588);
#1926=FILL_AREA_STYLE_COLOUR('',#2589);
#1927=VERTEX_POINT('',#2590);
#1928=LINE('',#2591,#2592);
#1929=LINE('',#2593,#2594);
#1930=FILL_AREA_STYLE_COLOUR('',#2595);
#1931=LINE('',#2596,#2597);
#1932=FILL_AREA_STYLE_COLOUR('',#2598);
#1933=VERTEX_POINT('',#2599);
#1934=LINE('',#2600,#2601);
#1935=VERTEX_POINT('',#2602);
#1936=LINE('',#2603,#2604);
#1937=VERTEX_POINT('',#2605);
#1938=LINE('',#2606,#2607);
#1939=VERTEX_POINT('',#2608);
#1940=LINE('',#2609,#2610);
#1941=VERTEX_POINT('',#2611);
#1942=LINE('',#2612,#2613);
#1943=VERTEX_POINT('',#2614);
#1944=LINE('',#2615,#2616);
#1945=LINE('',#2617,#2618);
#1946=FILL_AREA_STYLE_COLOUR('',#2619);
#1947=VERTEX_POINT('',#2620);
#1948=VERTEX_POINT('',#2621);
#1949=LINE('',#2622,#2623);
#1950=VERTEX_POINT('',#2624);
#1951=LINE('',#2625,#2626);
#1952=VERTEX_POINT('',#2627);
#1953=LINE('',#2628,#2629);
#1954=LINE('',#2630,#2631);
#1955=FILL_AREA_STYLE_COLOUR('',#2632);
#1956=VERTEX_POINT('',#2633);
#1957=LINE('',#2634,#2635);
#1958=VERTEX_POINT('',#2636);
#1959=LINE('',#2637,#2638);
#1960=VERTEX_POINT('',#2639);
#1961=LINE('',#2640,#2641);
#1962=VERTEX_POINT('',#2642);
#1963=LINE('',#2643,#2644);
#1964=LINE('',#2645,#2646);
#1965=FILL_AREA_STYLE_COLOUR('',#2647);
#1966=VERTEX_POINT('',#2648);
#1967=LINE('',#2649,#2650);
#1968=LINE('',#2651,#2652);
#1969=FILL_AREA_STYLE_COLOUR('',#2653);
#1970=VERTEX_POINT('',#2654);
#1971=LINE('',#2655,#2656);
#1972=VERTEX_POINT('',#2657);
#1973=LINE('',#2658,#2659);
#1974=LINE('',#2660,#2661);
#1975=LINE('',#2662,#2663);
#1976=FILL_AREA_STYLE_COLOUR('',#2664);
#1977=VERTEX_POINT('',#2665);
#1978=LINE('',#2666,#2667);
#1979=VERTEX_POINT('',#2668);
#1980=LINE('',#2669,#2670);
#1981=VERTEX_POINT('',#2671);
#1982=LINE('',#2672,#2673);
#1983=VERTEX_POINT('',#2674);
#1984=LINE('',#2675,#2676);
#1985=VERTEX_POINT('',#2677);
#1986=LINE('',#2678,#2679);
#1987=VERTEX_POINT('',#2680);
#1988=LINE('',#2681,#2682);
#1989=VERTEX_POINT('',#2683);
#1990=LINE('',#2684,#2685);
#1991=VERTEX_POINT('',#2686);
#1992=LINE('',#2687,#2688);
#1993=VERTEX_POINT('',#2689);
#1994=LINE('',#2690,#2691);
#1995=VERTEX_POINT('',#2692);
#1996=LINE('',#2693,#2694);
#1997=VERTEX_POINT('',#2695);
#1998=LINE('',#2696,#2697);
#1999=VERTEX_POINT('',#2698);
#2000=LINE('',#2699,#2700);
#2001=LINE('',#2701,#2702);
#2002=FILL_AREA_STYLE_COLOUR('',#2703);
#2003=VERTEX_POINT('',#2704);
#2004=LINE('',#2705,#2706);
#2005=LINE('',#2707,#2708);
#2006=FILL_AREA_STYLE_COLOUR('',#2709);
#2007=VERTEX_POINT('',#2710);
#2008=LINE('',#2711,#2712);
#2009=LINE('',#2713,#2714);
#2010=FILL_AREA_STYLE_COLOUR('',#2715);
#2011=FILL_AREA_STYLE_COLOUR('',#2716);
#2012=CIRCLE('',#2717,1.5);
#2013=FILL_AREA_STYLE_COLOUR('',#2718);
#2014=CIRCLE('',#2719,1.7);
#2015=CIRCLE('',#2720,1.7);
#2016=FILL_AREA_STYLE_COLOUR('',#2721);
#2017=FILL_AREA_STYLE_COLOUR('',#2722);
#2018=VERTEX_POINT('',#2723);
#2019=CIRCLE('',#2724,1.75);
#2020=LINE('',#2725,#2726);
#2021=FILL_AREA_STYLE_COLOUR('',#2727);
#2022=VERTEX_POINT('',#2728);
#2023=CIRCLE('',#2729,1.75);
#2024=VERTEX_POINT('',#2730);
#2025=LINE('',#2731,#2732);
#2026=CIRCLE('',#2733,1.75);
#2027=FILL_AREA_STYLE_COLOUR('',#2734);
#2028=CIRCLE('',#2735,1.75);
#2029=CIRCLE('',#2736,1.75);
#2030=FILL_AREA_STYLE_COLOUR('',#2737);
#2031=LINE('',#2738,#2739);
#2032=VERTEX_POINT('',#2740);
#2033=LINE('',#2741,#2742);
#2034=LINE('',#2743,#2744);
#2035=FILL_AREA_STYLE_COLOUR('',#2745);
#2036=VERTEX_POINT('',#2746);
#2037=LINE('',#2747,#2748);
#2038=VERTEX_POINT('',#2749);
#2039=CIRCLE('',#2750,1.75);
#2040=LINE('',#2751,#2752);
#2041=FILL_AREA_STYLE_COLOUR('',#2753);
#2042=VERTEX_POINT('',#2754);
#2043=VERTEX_POINT('',#2755);
#2044=LINE('',#2756,#2757);
#2045=VERTEX_POINT('',#2758);
#2046=LINE('',#2759,#2760);
#2047=VERTEX_POINT('',#2761);
#2048=LINE('',#2762,#2763);
#2049=LINE('',#2764,#2765);
#2050=FILL_AREA_STYLE_COLOUR('',#2766);
#2051=LINE('',#2767,#2768);
#2052=LINE('',#2769,#2770);
#2053=FILL_AREA_STYLE_COLOUR('',#2771);
#2054=VERTEX_POINT('',#2772);
#2055=LINE('',#2773,#2774);
#2056=VERTEX_POINT('',#2775);
#2057=LINE('',#2776,#2777);
#2058=LINE('',#2778,#2779);
#2059=FILL_AREA_STYLE_COLOUR('',#2780);
#2060=LINE('',#2781,#2782);
#2061=LINE('',#2783,#2784);
#2062=FILL_AREA_STYLE_COLOUR('',#2785);
#2063=VERTEX_POINT('',#2786);
#2064=VERTEX_POINT('',#2787);
#2065=LINE('',#2788,#2789);
#2066=VERTEX_POINT('',#2790);
#2067=LINE('',#2791,#2792);
#2068=VERTEX_POINT('',#2793);
#2069=LINE('',#2794,#2795);
#2070=LINE('',#2796,#2797);
#2071=VERTEX_POINT('',#2798);
#2072=VERTEX_POINT('',#2799);
#2073=LINE('',#2800,#2801);
#2074=VERTEX_POINT('',#2802);
#2075=LINE('',#2803,#2804);
#2076=VERTEX_POINT('',#2805);
#2077=LINE('',#2806,#2807);
#2078=LINE('',#2808,#2809);
#2079=FILL_AREA_STYLE_COLOUR('',#2810);
#2080=VERTEX_POINT('',#2811);
#2081=VERTEX_POINT('',#2812);
#2082=LINE('',#2813,#2814);
#2083=VERTEX_POINT('',#2815);
#2084=LINE('',#2816,#2817);
#2085=VERTEX_POINT('',#2818);
#2086=LINE('',#2819,#2820);
#2087=LINE('',#2821,#2822);
#2088=FILL_AREA_STYLE_COLOUR('',#2823);
#2089=VERTEX_POINT('',#2824);
#2090=LINE('',#2825,#2826);
#2091=VERTEX_POINT('',#2827);
#2092=LINE('',#2828,#2829);
#2093=LINE('',#2830,#2831);
#2094=FILL_AREA_STYLE_COLOUR('',#2832);
#2095=LINE('',#2833,#2834);
#2096=LINE('',#2835,#2836);
#2097=FILL_AREA_STYLE_COLOUR('',#2837);
#2098=LINE('',#2838,#2839);
#2099=LINE('',#2840,#2841);
#2100=FILL_AREA_STYLE_COLOUR('',#2842);
#2101=VERTEX_POINT('',#2843);
#2102=VERTEX_POINT('',#2844);
#2103=LINE('',#2845,#2846);
#2104=VERTEX_POINT('',#2847);
#2105=LINE('',#2848,#2849);
#2106=VERTEX_POINT('',#2850);
#2107=LINE('',#2851,#2852);
#2108=LINE('',#2853,#2854);
#2109=VERTEX_POINT('',#2855);
#2110=VERTEX_POINT('',#2856);
#2111=LINE('',#2857,#2858);
#2112=VERTEX_POINT('',#2859);
#2113=LINE('',#2860,#2861);
#2114=VERTEX_POINT('',#2862);
#2115=LINE('',#2863,#2864);
#2116=LINE('',#2865,#2866);
#2117=FILL_AREA_STYLE_COLOUR('',#2867);
#2118=VERTEX_POINT('',#2868);
#2119=LINE('',#2869,#2870);
#2120=VERTEX_POINT('',#2871);
#2121=LINE('',#2872,#2873);
#2122=VERTEX_POINT('',#2874);
#2123=LINE('',#2875,#2876);
#2124=LINE('',#2877,#2878);
#2125=VERTEX_POINT('',#2879);
#2126=VERTEX_POINT('',#2880);
#2127=LINE('',#2881,#2882);
#2128=VERTEX_POINT('',#2883);
#2129=LINE('',#2884,#2885);
#2130=VERTEX_POINT('',#2886);
#2131=LINE('',#2887,#2888);
#2132=LINE('',#2889,#2890);
#2133=VERTEX_POINT('',#2891);
#2134=VERTEX_POINT('',#2892);
#2135=LINE('',#2893,#2894);
#2136=VERTEX_POINT('',#2895);
#2137=LINE('',#2896,#2897);
#2138=VERTEX_POINT('',#2898);
#2139=LINE('',#2899,#2900);
#2140=LINE('',#2901,#2902);
#2141=FILL_AREA_STYLE_COLOUR('',#2903);
#2142=VERTEX_POINT('',#2904);
#2143=LINE('',#2905,#2906);
#2144=LINE('',#2907,#2908);
#2145=FILL_AREA_STYLE_COLOUR('',#2909);
#2146=VERTEX_POINT('',#2910);
#2147=LINE('',#2911,#2912);
#2148=LINE('',#2913,#2914);
#2149=FILL_AREA_STYLE_COLOUR('',#2915);
#2150=VERTEX_POINT('',#2916);
#2151=LINE('',#2917,#2918);
#2152=LINE('',#2919,#2920);
#2153=FILL_AREA_STYLE_COLOUR('',#2921);
#2154=LINE('',#2922,#2923);
#2155=FILL_AREA_STYLE_COLOUR('',#2924);
#2156=LINE('',#2925,#2926);
#2157=VERTEX_POINT('',#2927);
#2158=LINE('',#2928,#2929);
#2159=LINE('',#2930,#2931);
#2160=FILL_AREA_STYLE_COLOUR('',#2932);
#2161=FILL_AREA_STYLE_COLOUR('',#2933);
#2162=VERTEX_POINT('',#2934);
#2163=LINE('',#2935,#2936);
#2164=LINE('',#2937,#2938);
#2165=FILL_AREA_STYLE_COLOUR('',#2939);
#2166=VERTEX_POINT('',#2940);
#2167=LINE('',#2941,#2942);
#2168=CIRCLE('',#2943,1.75);
#2169=FILL_AREA_STYLE_COLOUR('',#2944);
#2170=LINE('',#2945,#2946);
#2171=FILL_AREA_STYLE_COLOUR('',#2947);
#2172=FILL_AREA_STYLE_COLOUR('',#2948);
#2173=LINE('',#2949,#2950);
#2174=FILL_AREA_STYLE_COLOUR('',#2951);
#2175=LINE('',#2952,#2953);
#2176=FILL_AREA_STYLE_COLOUR('',#2954);
#2177=FILL_AREA_STYLE_COLOUR('',#2955);
#2178=ORIENTED_EDGE('',*,*,#1633,.F.);
#2179=ORIENTED_EDGE('',*,*,#2956,.T.);
#2180=ORIENTED_EDGE('',*,*,#2957,.F.);
#2181=ORIENTED_EDGE('',*,*,#2958,.F.);
#2182=CARTESIAN_POINT('',(9.38,0.0,1.62355339059327));
#2183=DIRECTION('',(-0.707106781186548,0.0,0.707106781186547));
#2184=DIRECTION('',(0.0,1.0,0.0));
#2185=ORIENTED_EDGE('',*,*,#1634,.F.);
#2186=ORIENTED_EDGE('',*,*,#2958,.T.);
#2187=ORIENTED_EDGE('',*,*,#2959,.F.);
#2188=ORIENTED_EDGE('',*,*,#2960,.F.);
#2189=CARTESIAN_POINT('',(9.73355339059327,0.0,1.27));
#2190=DIRECTION('',(0.707106781186548,0.0,0.707106781186548));
#2191=DIRECTION('',(0.0,-1.0,0.0));
#2192=ORIENTED_EDGE('',*,*,#1635,.F.);
#2193=ORIENTED_EDGE('',*,*,#2960,.T.);
#2194=ORIENTED_EDGE('',*,*,#2961,.F.);
#2195=ORIENTED_EDGE('',*,*,#2962,.F.);
#2196=CARTESIAN_POINT('',(9.38,0.0,0.916446609406727));
#2197=DIRECTION('',(0.707106781186546,0.0,-0.707106781186549));
#2198=DIRECTION('',(0.0,-1.0,0.0));
#2199=ORIENTED_EDGE('',*,*,#1636,.F.);
#2200=ORIENTED_EDGE('',*,*,#2962,.T.);
#2201=ORIENTED_EDGE('',*,*,#2963,.F.);
#2202=ORIENTED_EDGE('',*,*,#2956,.F.);
#2203=CARTESIAN_POINT('',(9.02644660940673,0.0,1.27));
#2204=DIRECTION('',(-0.707106781186548,0.0,-0.707106781186547));
#2205=DIRECTION('',(-0.707106781186547,0.0,0.707106781186548));
#2206=ORIENTED_EDGE('',*,*,#2963,.T.);
#2207=ORIENTED_EDGE('',*,*,#2961,.T.);
#2208=ORIENTED_EDGE('',*,*,#2959,.T.);
#2209=ORIENTED_EDGE('',*,*,#2957,.T.);
#2210=CARTESIAN_POINT('',(9.38,-5.525,1.27));
#2211=DIRECTION('',(0.0,-1.0,0.0));
#2212=DIRECTION('',(0.0,0.0,-1.0));
#2213=ORIENTED_EDGE('',*,*,#1637,.F.);
#2214=ORIENTED_EDGE('',*,*,#2964,.T.);
#2215=ORIENTED_EDGE('',*,*,#2965,.F.);
#2216=ORIENTED_EDGE('',*,*,#2966,.F.);
#2217=CARTESIAN_POINT('',(6.48644660940673,0.0,1.27));
#2218=DIRECTION('',(-0.707106781186547,0.0,-0.707106781186548));
#2219=DIRECTION('',(-0.707106781186548,0.0,0.707106781186547));
#2220=ORIENTED_EDGE('',*,*,#1638,.F.);
#2221=ORIENTED_EDGE('',*,*,#2966,.T.);
#2222=ORIENTED_EDGE('',*,*,#2967,.F.);
#2223=ORIENTED_EDGE('',*,*,#2968,.F.);
#2224=CARTESIAN_POINT('',(6.84,0.0,1.62355339059327));
#2225=DIRECTION('',(-0.707106781186549,0.0,0.707106781186546));
#2226=DIRECTION('',(0.0,1.0,0.0));
#2227=ORIENTED_EDGE('',*,*,#1639,.F.);
#2228=ORIENTED_EDGE('',*,*,#2968,.T.);
#2229=ORIENTED_EDGE('',*,*,#2969,.F.);
#2230=ORIENTED_EDGE('',*,*,#2970,.F.);
#2231=CARTESIAN_POINT('',(7.19355339059327,0.0,1.27));
#2232=DIRECTION('',(0.707106781186545,0.0,0.70710678118655));
#2233=DIRECTION('',(0.0,-1.0,0.0));
#2234=ORIENTED_EDGE('',*,*,#1640,.F.);
#2235=ORIENTED_EDGE('',*,*,#2970,.T.);
#2236=ORIENTED_EDGE('',*,*,#2971,.F.);
#2237=ORIENTED_EDGE('',*,*,#2964,.F.);
#2238=CARTESIAN_POINT('',(6.84,0.0,0.916446609406726));
#2239=DIRECTION('',(0.707106781186551,0.0,-0.707106781186544));
#2240=DIRECTION('',(0.0,-1.0,0.0));
#2241=ORIENTED_EDGE('',*,*,#2971,.T.);
#2242=ORIENTED_EDGE('',*,*,#2969,.T.);
#2243=ORIENTED_EDGE('',*,*,#2967,.T.);
#2244=ORIENTED_EDGE('',*,*,#2965,.T.);
#2245=CARTESIAN_POINT('',(6.84,-5.525,1.27));
#2246=DIRECTION('',(0.0,-1.0,0.0));
#2247=DIRECTION('',(0.0,0.0,-1.0));
#2248=ORIENTED_EDGE('',*,*,#1657,.F.);
#2249=ORIENTED_EDGE('',*,*,#2972,.T.);
#2250=ORIENTED_EDGE('',*,*,#2973,.F.);
#2251=ORIENTED_EDGE('',*,*,#2974,.F.);
#2252=CARTESIAN_POINT('',(8.46355339059327,0.0,0.0));
#2253=DIRECTION('',(0.707106781186549,0.0,0.707106781186546));
#2254=DIRECTION('',(0.0,-1.0,0.0));
#2255=ORIENTED_EDGE('',*,*,#1658,.F.);
#2256=ORIENTED_EDGE('',*,*,#2974,.T.);
#2257=ORIENTED_EDGE('',*,*,#2975,.F.);
#2258=ORIENTED_EDGE('',*,*,#2976,.F.);
#2259=CARTESIAN_POINT('',(8.11,0.0,-0.353553390593273));
#2260=DIRECTION('',(0.707106781186546,0.0,-0.707106781186549));
#2261=DIRECTION('',(0.0,-1.0,0.0));
#2262=ORIENTED_EDGE('',*,*,#1659,.F.);
#2263=ORIENTED_EDGE('',*,*,#2976,.T.);
#2264=ORIENTED_EDGE('',*,*,#2977,.F.);
#2265=ORIENTED_EDGE('',*,*,#2978,.F.);
#2266=CARTESIAN_POINT('',(7.75644660940673,0.0,2.77555756156289E-16));
#2267=DIRECTION('',(-0.707106781186549,0.0,-0.707106781186546));
#2268=DIRECTION('',(-0.707106781186546,0.0,0.707106781186549));
#2269=ORIENTED_EDGE('',*,*,#1660,.F.);
#2270=ORIENTED_EDGE('',*,*,#2978,.T.);
#2271=ORIENTED_EDGE('',*,*,#2979,.F.);
#2272=ORIENTED_EDGE('',*,*,#2972,.F.);
#2273=CARTESIAN_POINT('',(8.11,0.0,0.353553390593275));
#2274=DIRECTION('',(-0.707106781186549,0.0,0.707106781186546));
#2275=DIRECTION('',(0.0,1.0,0.0));
#2276=ORIENTED_EDGE('',*,*,#2979,.T.);
#2277=ORIENTED_EDGE('',*,*,#2977,.T.);
#2278=ORIENTED_EDGE('',*,*,#2975,.T.);
#2279=ORIENTED_EDGE('',*,*,#2973,.T.);
#2280=CARTESIAN_POINT('',(8.11,-5.525,5.85469173142173E-16));
#2281=DIRECTION('',(0.0,-1.0,0.0));
#2282=DIRECTION('',(0.0,0.0,-1.0));
#2283=ORIENTED_EDGE('',*,*,#1661,.F.);
#2284=ORIENTED_EDGE('',*,*,#2980,.T.);
#2285=ORIENTED_EDGE('',*,*,#2981,.F.);
#2286=ORIENTED_EDGE('',*,*,#2982,.F.);
#2287=CARTESIAN_POINT('',(5.92355339059327,0.0,5.55111512312578E-16));
#2288=DIRECTION('',(0.707106781186548,0.0,0.707106781186547));
#2289=DIRECTION('',(0.0,-1.0,0.0));
#2290=ORIENTED_EDGE('',*,*,#1662,.F.);
#2291=ORIENTED_EDGE('',*,*,#2982,.T.);
#2292=ORIENTED_EDGE('',*,*,#2983,.F.);
#2293=ORIENTED_EDGE('',*,*,#2984,.F.);
#2294=CARTESIAN_POINT('',(5.57,0.0,-0.353553390593272));
#2295=DIRECTION('',(0.707106781186548,0.0,-0.707106781186547));
#2296=DIRECTION('',(0.0,-1.0,0.0));
#2297=ORIENTED_EDGE('',*,*,#1663,.F.);
#2298=ORIENTED_EDGE('',*,*,#2984,.T.);
#2299=ORIENTED_EDGE('',*,*,#2985,.F.);
#2300=ORIENTED_EDGE('',*,*,#2986,.F.);
#2301=CARTESIAN_POINT('',(5.21644660940673,0.0,-4.85722573273506E-16));
#2302=DIRECTION('',(-0.707106781186544,0.0,-0.707106781186551));
#2303=DIRECTION('',(-0.707106781186551,0.0,0.707106781186544));
#2304=ORIENTED_EDGE('',*,*,#1664,.F.);
#2305=ORIENTED_EDGE('',*,*,#2986,.T.);
#2306=ORIENTED_EDGE('',*,*,#2987,.F.);
#2307=ORIENTED_EDGE('',*,*,#2980,.F.);
#2308=CARTESIAN_POINT('',(5.57,0.0,0.353553390593273));
#2309=DIRECTION('',(-0.707106781186546,0.0,0.707106781186549));
#2310=DIRECTION('',(0.0,1.0,0.0));
#2311=ORIENTED_EDGE('',*,*,#2987,.T.);
#2312=ORIENTED_EDGE('',*,*,#2985,.T.);
#2313=ORIENTED_EDGE('',*,*,#2983,.T.);
#2314=ORIENTED_EDGE('',*,*,#2981,.T.);
#2315=CARTESIAN_POINT('',(5.57,-5.525,5.36680075380326E-16));
#2316=DIRECTION('',(0.0,-1.0,0.0));
#2317=DIRECTION('',(0.0,0.0,-1.0));
#2318=ORIENTED_EDGE('',*,*,#1670,.F.);
#2319=ORIENTED_EDGE('',*,*,#2988,.T.);
#2320=ORIENTED_EDGE('',*,*,#2989,.F.);
#2321=ORIENTED_EDGE('',*,*,#2990,.F.);
#2322=CARTESIAN_POINT('',(6.84,0.0,-0.916446609406726));
#2323=DIRECTION('',(-0.707106781186546,0.0,0.707106781186549));
#2324=DIRECTION('',(0.0,1.0,0.0));
#2325=ORIENTED_EDGE('',*,*,#1671,.F.);
#2326=ORIENTED_EDGE('',*,*,#2990,.T.);
#2327=ORIENTED_EDGE('',*,*,#2991,.F.);
#2328=ORIENTED_EDGE('',*,*,#2992,.F.);
#2329=CARTESIAN_POINT('',(7.19355339059327,0.0,-1.27));
#2330=DIRECTION('',(0.707106781186553,0.0,0.707106781186542));
#2331=DIRECTION('',(0.0,-1.0,0.0));
#2332=ORIENTED_EDGE('',*,*,#1672,.F.);
#2333=ORIENTED_EDGE('',*,*,#2992,.T.);
#2334=ORIENTED_EDGE('',*,*,#2993,.F.);
#2335=ORIENTED_EDGE('',*,*,#2994,.F.);
#2336=CARTESIAN_POINT('',(6.84,0.0,-1.62355339059327));
#2337=DIRECTION('',(0.707106781186544,0.0,-0.707106781186551));
#2338=DIRECTION('',(0.0,-1.0,0.0));
#2339=ORIENTED_EDGE('',*,*,#1673,.F.);
#2340=ORIENTED_EDGE('',*,*,#2994,.T.);
#2341=ORIENTED_EDGE('',*,*,#2995,.F.);
#2342=ORIENTED_EDGE('',*,*,#2988,.F.);
#2343=CARTESIAN_POINT('',(6.48644660940673,0.0,-1.27));
#2344=DIRECTION('',(-0.707106781186551,0.0,-0.707106781186544));
#2345=DIRECTION('',(-0.707106781186544,0.0,0.707106781186551));
#2346=ORIENTED_EDGE('',*,*,#2995,.T.);
#2347=ORIENTED_EDGE('',*,*,#2993,.T.);
#2348=ORIENTED_EDGE('',*,*,#2991,.T.);
#2349=ORIENTED_EDGE('',*,*,#2989,.T.);
#2350=CARTESIAN_POINT('',(6.84,-5.525,-1.27));
#2351=DIRECTION('',(0.0,-1.0,0.0));
#2352=DIRECTION('',(0.0,0.0,-1.0));
#2353=ORIENTED_EDGE('',*,*,#1674,.F.);
#2354=ORIENTED_EDGE('',*,*,#2996,.T.);
#2355=ORIENTED_EDGE('',*,*,#2997,.F.);
#2356=ORIENTED_EDGE('',*,*,#2998,.F.);
#2357=CARTESIAN_POINT('',(9.73355339059327,0.0,-1.27));
#2358=DIRECTION('',(0.707106781186547,0.0,0.707106781186548));
#2359=DIRECTION('',(0.0,-1.0,0.0));
#2360=ORIENTED_EDGE('',*,*,#1675,.F.);
#2361=ORIENTED_EDGE('',*,*,#2998,.T.);
#2362=ORIENTED_EDGE('',*,*,#2999,.F.);
#2363=ORIENTED_EDGE('',*,*,#3000,.F.);
#2364=CARTESIAN_POINT('',(9.38,0.0,-1.62355339059327));
#2365=DIRECTION('',(0.707106781186549,0.0,-0.707106781186546));
#2366=DIRECTION('',(0.0,-1.0,0.0));
#2367=ORIENTED_EDGE('',*,*,#1676,.F.);
#2368=ORIENTED_EDGE('',*,*,#3000,.T.);
#2369=ORIENTED_EDGE('',*,*,#3001,.F.);
#2370=ORIENTED_EDGE('',*,*,#3002,.F.);
#2371=CARTESIAN_POINT('',(9.02644660940673,0.0,-1.27));
#2372=DIRECTION('',(-0.707106781186545,0.0,-0.70710678118655));
#2373=DIRECTION('',(-0.70710678118655,0.0,0.707106781186545));
#2374=ORIENTED_EDGE('',*,*,#1677,.F.);
#2375=ORIENTED_EDGE('',*,*,#3002,.T.);
#2376=ORIENTED_EDGE('',*,*,#3003,.F.);
#2377=ORIENTED_EDGE('',*,*,#2996,.F.);
#2378=CARTESIAN_POINT('',(9.38,0.0,-0.916446609406725));
#2379=DIRECTION('',(-0.707106781186546,0.0,0.707106781186549));
#2380=DIRECTION('',(0.0,1.0,0.0));
#2381=ORIENTED_EDGE('',*,*,#3003,.T.);
#2382=ORIENTED_EDGE('',*,*,#3001,.T.);
#2383=ORIENTED_EDGE('',*,*,#2999,.T.);
#2384=ORIENTED_EDGE('',*,*,#2997,.T.);
#2385=CARTESIAN_POINT('',(9.38,-5.525,-1.27));
#2386=DIRECTION('',(0.0,-1.0,0.0));
#2387=DIRECTION('',(0.0,0.0,-1.0));
#2388=COLOUR_RGB('',0.411764711141586,0.411764711141586,0.411764711141586);
#2389=CARTESIAN_POINT('',(1.0,-5.05035267649638E-16,-1.75));
#2390=CARTESIAN_POINT('',(2.22044604925031E-16,-5.95602387265982E-16,-1.75));
#2391=CARTESIAN_POINT('',(2.22044604925031E-16,-5.95602387265982E-16,-1.75));
#2392=VECTOR('',#3004,1.0);
#2393=CARTESIAN_POINT('',(1.0,1.04796817609495,-1.40152156668823));
#2394=AXIS2_PLACEMENT_3D('',#3005,#3006,#3007);
#2395=CARTESIAN_POINT('',(1.33770517872755E-16,1.04796817609495,-1.40152156668823));
#2396=CARTESIAN_POINT('',(1.33770517872755E-16,1.04796817609495,-1.40152156668823));
#2397=VECTOR('',#3008,10.0);
#2398=AXIS2_PLACEMENT_3D('',#3009,#3010,#3011);
#2399=COLOUR_RGB('',0.411764711141586,0.411764711141586,0.411764711141586);
#2400=CARTESIAN_POINT('',(2.22044604925031E-16,-1.04927696682558E-15,1.75));
#2401=CARTESIAN_POINT('',(1.0,-9.58709847209237E-16,1.75));
#2402=CARTESIAN_POINT('',(2.22044604925031E-16,-1.04927696682558E-15,1.75));
#2403=VECTOR('',#3012,1.0);
#2404=CARTESIAN_POINT('',(1.0175020565613E-16,1.40152156668822,-1.04796817609495));
#2405=AXIS2_PLACEMENT_3D('',#3013,#3014,#3015);
#2406=CARTESIAN_POINT('',(1.0,1.40152156668822,-1.04796817609495));
#2407=CARTESIAN_POINT('',(1.0175020565613E-16,1.40152156668822,-1.04796817609495));
#2408=VECTOR('',#3016,10.0);
#2409=AXIS2_PLACEMENT_3D('',#3017,#3018,#3019);
#2410=COLOUR_RGB('',0.901960790157318,0.91372549533844,0.925490200519562);
#2411=CARTESIAN_POINT('',(1.0,-2.0818995585505E-16,-1.7));
#2412=CARTESIAN_POINT('',(2.4980018054066E-16,-2.98757075471394E-16,-1.7));
#2413=CARTESIAN_POINT('',(1.0,-2.0818995585505E-16,-1.7));
#2414=VECTOR('',#3020,1.0);
#2415=CARTESIAN_POINT('',(1.0,2.0818995585505E-16,1.7));
#2416=AXIS2_PLACEMENT_3D('',#3021,#3022,#3023);
#2417=CARTESIAN_POINT('',(2.77555756156289E-16,1.17622836238706E-16,1.7));
#2418=CARTESIAN_POINT('',(1.0,2.0818995585505E-16,1.7));
#2419=VECTOR('',#3024,1.0);
#2420=AXIS2_PLACEMENT_3D('',#3025,#3026,#3027);
#2421=COLOUR_RGB('',0.901960790157318,0.91372549533844,0.925490200519562);
#2422=CARTESIAN_POINT('',(2.22044604925031E-16,-8.97499224802886E-16,-1.5));
#2423=CARTESIAN_POINT('',(-2.1,-9.03993156125106E-16,-1.5));
#2424=CARTESIAN_POINT('',(2.22044604925031E-16,-8.97499224802886E-16,-1.5));
#2425=VECTOR('',#3028,1.0);
#2426=CARTESIAN_POINT('',(2.77555756156289E-16,-5.3010518505868E-16,1.5));
#2427=AXIS2_PLACEMENT_3D('',#3029,#3030,#3031);
#2428=CARTESIAN_POINT('',(-2.1,-7.20296136253003E-16,1.5));
#2429=CARTESIAN_POINT('',(2.22044604925031E-16,-5.3010518505868E-16,1.5));
#2430=VECTOR('',#3032,1.0);
#2431=AXIS2_PLACEMENT_3D('',#3033,#3034,#3035);
#2432=COLOUR_RGB('',0.901960790157318,0.91372549533844,0.925490200519562);
#2433=AXIS2_PLACEMENT_3D('',#3036,#3037,#3038);
#2434=AXIS2_PLACEMENT_3D('',#3039,#3040,#3041);
#2435=COLOUR_RGB('',0.411764711141586,0.411764711141586,0.411764711141586);
#2436=CARTESIAN_POINT('',(-2.22044604925031E-16,5.0,1.75));
#2437=CARTESIAN_POINT('',(1.0,5.0,1.75));
#2438=CARTESIAN_POINT('',(2.22044604925031E-16,5.0,1.75));
#2439=VECTOR('',#3042,1.0);
#2440=CARTESIAN_POINT('',(1.0175020565613E-16,6.40152156668822,-1.04796817609495));
#2441=AXIS2_PLACEMENT_3D('',#3043,#3044,#3045);
#2442=CARTESIAN_POINT('',(1.0,6.40152156668822,-1.04796817609495));
#2443=CARTESIAN_POINT('',(1.0175020565613E-16,6.40152156668822,-1.04796817609495));
#2444=VECTOR('',#3046,10.0);
#2445=AXIS2_PLACEMENT_3D('',#3047,#3048,#3049);
#2446=COLOUR_RGB('',0.411764711141586,0.411764711141586,0.411764711141586);
#2447=CARTESIAN_POINT('',(1.0,5.0,-1.75));
#2448=CARTESIAN_POINT('',(-2.22044604925031E-16,5.0,-1.75));
#2449=CARTESIAN_POINT('',(2.22044604925031E-16,5.0,-1.75));
#2450=VECTOR('',#3050,1.0);
#2451=CARTESIAN_POINT('',(1.0,6.04796817609495,-1.40152156668823));
#2452=AXIS2_PLACEMENT_3D('',#3051,#3052,#3053);
#2453=CARTESIAN_POINT('',(1.33770517872755E-16,6.04796817609495,-1.40152156668823));
#2454=CARTESIAN_POINT('',(1.33770517872755E-16,6.04796817609495,-1.40152156668823));
#2455=VECTOR('',#3054,10.0);
#2456=AXIS2_PLACEMENT_3D('',#3055,#3056,#3057);
#2457=COLOUR_RGB('',0.901960790157318,0.91372549533844,0.925490200519562);
#2458=CARTESIAN_POINT('',(1.0,5.0,-1.7));
#2459=CARTESIAN_POINT('',(2.4980018054066E-16,5.0,-1.7));
#2460=CARTESIAN_POINT('',(1.0,5.0,-1.7));
#2461=VECTOR('',#3058,1.0);
#2462=CARTESIAN_POINT('',(1.0,5.0,1.7));
#2463=AXIS2_PLACEMENT_3D('',#3059,#3060,#3061);
#2464=CARTESIAN_POINT('',(2.77555756156289E-16,5.0,1.7));
#2465=CARTESIAN_POINT('',(1.0,5.0,1.7));
#2466=VECTOR('',#3062,1.0);
#2467=AXIS2_PLACEMENT_3D('',#3063,#3064,#3065);
#2468=COLOUR_RGB('',0.901960790157318,0.91372549533844,0.925490200519562);
#2469=CARTESIAN_POINT('',(2.22044604925031E-16,5.0,-1.5));
#2470=CARTESIAN_POINT('',(-2.1,5.0,-1.5));
#2471=CARTESIAN_POINT('',(2.22044604925031E-16,5.0,-1.5));
#2472=VECTOR('',#3066,1.0);
#2473=CARTESIAN_POINT('',(2.77555756156289E-16,5.0,1.5));
#2474=AXIS2_PLACEMENT_3D('',#3067,#3068,#3069);
#2475=CARTESIAN_POINT('',(-2.1,5.0,1.5));
#2476=CARTESIAN_POINT('',(2.22044604925031E-16,5.0,1.5));
#2477=VECTOR('',#3070,1.0);
#2478=AXIS2_PLACEMENT_3D('',#3071,#3072,#3073);
#2479=COLOUR_RGB('',0.901960790157318,0.91372549533844,0.925490200519562);
#2480=AXIS2_PLACEMENT_3D('',#3074,#3075,#3076);
#2481=AXIS2_PLACEMENT_3D('',#3077,#3078,#3079);
#2482=COLOUR_RGB('',0.901960790157318,0.91372549533844,0.925490200519562);
#2483=COLOUR_RGB('',0.901960790157318,0.91372549533844,0.925490200519562);
#2484=AXIS2_PLACEMENT_3D('',#3080,#3081,#3082);
#2485=COLOUR_RGB('',0.901960790157318,0.91372549533844,0.925490200519562);
#2486=AXIS2_PLACEMENT_3D('',#3083,#3084,#3085);
#2487=AXIS2_PLACEMENT_3D('',#3086,#3087,#3088);
#2488=COLOUR_RGB('',0.901960790157318,0.91372549533844,0.925490200519562);
#2489=COLOUR_RGB('',0.411764711141586,0.411764711141586,0.411764711141586);
#2490=CARTESIAN_POINT('',(3.55613748406407E-16,3.59847843331177,1.04796817609495));
#2491=AXIS2_PLACEMENT_3D('',#3089,#3090,#3091);
#2492=CARTESIAN_POINT('',(1.0,3.59847843331177,1.04796817609495));
#2493=CARTESIAN_POINT('',(3.55613748406407E-16,3.59847843331177,1.04796817609495));
#2494=VECTOR('',#3092,10.0);
#2495=AXIS2_PLACEMENT_3D('',#3093,#3094,#3095);
#2496=COLOUR_RGB('',0.411764711141586,0.411764711141586,0.411764711141586);
#2497=CARTESIAN_POINT('',(1.0,3.95203182390505,1.40152156668823));
#2498=AXIS2_PLACEMENT_3D('',#3096,#3097,#3098);
#2499=CARTESIAN_POINT('',(3.23593436189782E-16,3.95203182390505,1.40152156668823));
#2500=CARTESIAN_POINT('',(3.23593436189782E-16,3.95203182390505,1.40152156668823));
#2501=VECTOR('',#3099,10.0);
#2502=AXIS2_PLACEMENT_3D('',#3100,#3101,#3102);
#2503=COLOUR_RGB('',0.411764711141586,0.411764711141586,0.411764711141586);
#2504=AXIS2_PLACEMENT_3D('',#3103,#3104,#3105);
#2505=AXIS2_PLACEMENT_3D('',#3106,#3107,#3108);
#2506=COLOUR_RGB('',0.411764711141586,0.411764711141586,0.411764711141586);
#2507=CARTESIAN_POINT('',(3.20203122166251E-17,7.17144660940673,-2.525));
#2508=CARTESIAN_POINT('',(-2.07565867312939E-16,4.81684574039916,-0.170399130992432));
#2509=VECTOR('',#3109,10.0);
#2510=CARTESIAN_POINT('',(4.57363954062537E-16,2.475,-2.525));
#2511=CARTESIAN_POINT('',(0.0,7.525,-2.525));
#2512=VECTOR('',#3110,10.0);
#2513=CARTESIAN_POINT('',(4.52835598081721E-18,2.475,-2.12144660940673));
#2514=CARTESIAN_POINT('',(4.57363954062537E-16,2.475,0.0));
#2515=VECTOR('',#3111,10.0);
#2516=CARTESIAN_POINT('',(4.91654162036609E-17,1.98213834764832,-1.62858495705505));
#2517=VECTOR('',#3112,10.0);
#2518=CARTESIAN_POINT('',(3.23593436189782E-16,-1.04796817609495,1.40152156668823));
#2519=AXIS2_PLACEMENT_3D('',#3113,#3114,#3115);
#2520=CARTESIAN_POINT('',(4.25343641845912E-16,-2.17144660940672,2.525));
#2521=CARTESIAN_POINT('',(2.10962134298552E-16,0.195654259600844,0.157899130992433));
#2522=VECTOR('',#3116,10.0);
#2523=CARTESIAN_POINT('',(4.57363954062537E-16,2.475,2.525));
#2524=CARTESIAN_POINT('',(0.0,7.525,2.525));
#2525=VECTOR('',#3117,10.0);
#2526=CARTESIAN_POINT('',(4.57363954062537E-16,2.475,2.17144660940672));
#2527=CARTESIAN_POINT('',(4.52835598081722E-18,2.475,1.2625));
#2528=VECTOR('',#3118,10.0);
#2529=CARTESIAN_POINT('',(-4.57691492180479E-17,3.03036165235168,1.61608495705504));
#2530=VECTOR('',#3119,10.0);
#2531=COLOUR_RGB('',0.411764711141586,0.411764711141586,0.411764711141586);
#2532=CARTESIAN_POINT('',(4.25343641845912E-16,2.82855339059328,2.525));
#2533=CARTESIAN_POINT('',(-1.28664564262738E-16,3.94565425960084,1.40789913099243));
#2534=VECTOR('',#3120,10.0);
#2535=CARTESIAN_POINT('',(0.0,7.525,2.525));
#2536=CARTESIAN_POINT('',(0.0,7.525,2.525));
#2537=VECTOR('',#3121,10.0);
#2538=CARTESIAN_POINT('',(0.0,7.525,-2.17144660940673));
#2539=CARTESIAN_POINT('',(0.0,7.525,0.0));
#2540=VECTOR('',#3122,10.0);
#2541=CARTESIAN_POINT('',(-2.90461282357629E-16,5.73213834764831,-0.378584957055046));
#2542=VECTOR('',#3123,10.0);
#2543=COLOUR_RGB('',0.411764711141586,0.411764711141586,0.411764711141586);
#2544=CARTESIAN_POINT('',(5.05,3.59847843331177,1.04796817609495));
#2545=CARTESIAN_POINT('',(3.55613748406407E-16,3.59847843331177,1.04796817609495));
#2546=VECTOR('',#3124,10.0);
#2547=CARTESIAN_POINT('',(5.05,3.95203182390505,1.40152156668823));
#2548=AXIS2_PLACEMENT_3D('',#3125,#3126,#3127);
#2549=CARTESIAN_POINT('',(3.23593436189782E-16,3.95203182390505,1.40152156668823));
#2550=VECTOR('',#3128,10.0);
#2551=COLOUR_RGB('',0.411764711141586,0.411764711141586,0.411764711141586);
#2552=CARTESIAN_POINT('',(5.05,6.04796817609495,-1.40152156668823));
#2553=CARTESIAN_POINT('',(1.33770517872755E-16,6.04796817609495,-1.40152156668823));
#2554=VECTOR('',#3129,10.0);
#2555=CARTESIAN_POINT('',(5.05,7.17144660940673,-2.525));
#2556=CARTESIAN_POINT('',(5.05,7.17144660940673,-2.525));
#2557=VECTOR('',#3130,10.0);
#2558=CARTESIAN_POINT('',(2.5,7.17144660940673,-2.525));
#2559=VECTOR('',#3131,10.0);
#2560=COLOUR_RGB('',0.411764711141586,0.411764711141586,0.411764711141586);
#2561=CARTESIAN_POINT('',(5.05,6.40152156668822,-1.04796817609495));
#2562=CARTESIAN_POINT('',(1.0175020565613E-16,6.40152156668822,-1.04796817609495));
#2563=VECTOR('',#3132,10.0);
#2564=AXIS2_PLACEMENT_3D('',#3133,#3134,#3135);
#2565=COLOUR_RGB('',0.411764711141586,0.411764711141586,0.411764711141586);
#2566=CARTESIAN_POINT('',(5.05,7.525,-2.17144660940673));
#2567=CARTESIAN_POINT('',(5.0,7.525,-2.17144660940673));
#2568=VECTOR('',#3136,10.0);
#2569=CARTESIAN_POINT('',(5.05,6.40152156668822,-1.04796817609495));
#2570=VECTOR('',#3137,10.0);
#2571=COLOUR_RGB('',0.411764711141586,0.411764711141586,0.411764711141586);
#2572=CARTESIAN_POINT('',(5.05,7.525,-2.525));
#2573=CARTESIAN_POINT('',(5.05,3.42275540359735,-2.525));
#2574=VECTOR('',#3138,10.0);
#2575=CARTESIAN_POINT('',(5.05,7.525,-0.92275540359735));
#2576=VECTOR('',#3139,10.0);
#2577=COLOUR_RGB('',0.411764711141586,0.411764711141586,0.411764711141586);
#2578=CARTESIAN_POINT('',(5.05,2.82855339059328,2.525));
#2579=CARTESIAN_POINT('',(5.05,2.82855339059328,2.525));
#2580=VECTOR('',#3140,10.0);
#2581=CARTESIAN_POINT('',(2.5,2.82855339059328,2.525));
#2582=VECTOR('',#3141,10.0);
#2583=COLOUR_RGB('',0.411764711141586,0.411764711141586,0.411764711141586);
#2584=CARTESIAN_POINT('',(5.05,2.475,2.17144660940672));
#2585=CARTESIAN_POINT('',(4.57363954062537E-16,2.475,2.17144660940672));
#2586=VECTOR('',#3142,10.0);
#2587=CARTESIAN_POINT('',(5.05,3.59847843331177,1.04796817609495));
#2588=VECTOR('',#3143,10.0);
#2589=COLOUR_RGB('',0.411764711141586,0.411764711141586,0.411764711141586);
#2590=CARTESIAN_POINT('',(5.05,2.475,2.525));
#2591=CARTESIAN_POINT('',(2.5,2.475,2.525));
#2592=VECTOR('',#3144,10.0);
#2593=CARTESIAN_POINT('',(5.05,2.475,2.17144660940672));
#2594=VECTOR('',#3145,10.0);
#2595=COLOUR_RGB('',0.411764711141586,0.411764711141586,0.411764711141586);
#2596=CARTESIAN_POINT('',(5.05,1.57724459640265,2.525));
#2597=VECTOR('',#3146,10.0);
#2598=COLOUR_RGB('',0.411764711141586,0.411764711141586,0.411764711141586);
#2599=CARTESIAN_POINT('',(10.0,7.525,-2.525));
#2600=CARTESIAN_POINT('',(10.0,7.525,-2.525));
#2601=VECTOR('',#3147,10.0);
#2602=CARTESIAN_POINT('',(10.0,-2.525,-2.525));
#2603=CARTESIAN_POINT('',(10.0,2.475,-2.525));
#2604=VECTOR('',#3148,10.0);
#2605=CARTESIAN_POINT('',(4.57363954062537E-16,-2.525,-2.525));
#2606=CARTESIAN_POINT('',(0.0,-2.525,-2.525));
#2607=VECTOR('',#3149,10.0);
#2608=CARTESIAN_POINT('',(3.20203122166251E-17,2.17144660940673,-2.525));
#2609=CARTESIAN_POINT('',(0.0,2.525,-2.525));
#2610=VECTOR('',#3150,10.0);
#2611=CARTESIAN_POINT('',(5.05,2.17144660940673,-2.525));
#2612=CARTESIAN_POINT('',(2.5,2.17144660940673,-2.525));
#2613=VECTOR('',#3151,10.0);
#2614=CARTESIAN_POINT('',(5.05,2.475,-2.525));
#2615=CARTESIAN_POINT('',(5.05,0.92275540359735,-2.525));
#2616=VECTOR('',#3152,10.0);
#2617=CARTESIAN_POINT('',(0.0,2.475,-2.525));
#2618=VECTOR('',#3153,10.0);
#2619=COLOUR_RGB('',0.411764711141586,0.411764711141586,0.411764711141586);
#2620=CARTESIAN_POINT('',(7.34,7.525,2.525));
#2621=CARTESIAN_POINT('',(7.34,-2.525,2.525));
#2622=CARTESIAN_POINT('',(7.34,-1.2625,2.525));
#2623=VECTOR('',#3154,10.0);
#2624=CARTESIAN_POINT('',(10.0,-2.525,2.525));
#2625=CARTESIAN_POINT('',(0.0,-2.525,2.525));
#2626=VECTOR('',#3155,10.0);
#2627=CARTESIAN_POINT('',(10.0,7.525,2.525));
#2628=CARTESIAN_POINT('',(10.0,-2.525,2.525));
#2629=VECTOR('',#3156,10.0);
#2630=CARTESIAN_POINT('',(10.0,7.525,2.525));
#2631=VECTOR('',#3157,10.0);
#2632=COLOUR_RGB('',0.411764711141586,0.411764711141586,0.411764711141586);
#2633=CARTESIAN_POINT('',(5.05,-2.17144660940672,2.525));
#2634=CARTESIAN_POINT('',(2.5,-2.17144660940672,2.525));
#2635=VECTOR('',#3158,10.0);
#2636=CARTESIAN_POINT('',(5.05,-2.525,2.525));
#2637=CARTESIAN_POINT('',(5.05,-0.922755403597349,2.525));
#2638=VECTOR('',#3159,10.0);
#2639=CARTESIAN_POINT('',(6.34,-2.525,2.525));
#2640=CARTESIAN_POINT('',(0.0,-2.525,2.525));
#2641=VECTOR('',#3160,10.0);
#2642=CARTESIAN_POINT('',(6.34,7.525,2.525));
#2643=CARTESIAN_POINT('',(6.34,1.2375,2.525));
#2644=VECTOR('',#3161,10.0);
#2645=CARTESIAN_POINT('',(10.0,7.525,2.525));
#2646=VECTOR('',#3162,10.0);
#2647=COLOUR_RGB('',0.411764711141586,0.411764711141586,0.411764711141586);
#2648=CARTESIAN_POINT('',(5.05,2.475,-2.12144660940673));
#2649=CARTESIAN_POINT('',(5.05,2.475,-0.92275540359735));
#2650=VECTOR('',#3163,10.0);
#2651=CARTESIAN_POINT('',(2.30319035721522E-16,2.475,-2.12144660940673));
#2652=VECTOR('',#3164,10.0);
#2653=COLOUR_RGB('',0.411764711141586,0.411764711141586,0.411764711141586);
#2654=CARTESIAN_POINT('',(6.34,7.525,2.025));
#2655=CARTESIAN_POINT('',(6.34000000000001,7.525,1.01249999999999));
#2656=VECTOR('',#3165,10.0);
#2657=CARTESIAN_POINT('',(7.34,7.525,2.025));
#2658=CARTESIAN_POINT('',(8.67,7.525,2.025));
#2659=VECTOR('',#3166,10.0);
#2660=CARTESIAN_POINT('',(7.34,7.525,1.2625));
#2661=VECTOR('',#3167,10.0);
#2662=CARTESIAN_POINT('',(10.0,7.525,0.0));
#2663=VECTOR('',#3168,10.0);
#2664=COLOUR_RGB('',0.411764711141586,0.411764711141586,0.411764711141586);
#2665=CARTESIAN_POINT('',(10.0,-2.525,1.69426406871193));
#2666=CARTESIAN_POINT('',(10.0,-2.525,0.0));
#2667=VECTOR('',#3169,10.0);
#2668=CARTESIAN_POINT('',(10.0,0.0,1.69426406871193));
#2669=CARTESIAN_POINT('',(10.0,-1.2625,1.69426406871193));
#2670=VECTOR('',#3170,10.0);
#2671=CARTESIAN_POINT('',(10.0,0.0,0.845735931288071));
#2672=CARTESIAN_POINT('',(10.0,0.0,0.634999999999999));
#2673=VECTOR('',#3171,10.0);
#2674=CARTESIAN_POINT('',(10.0,-2.525,0.845735931288071));
#2675=CARTESIAN_POINT('',(10.0,-1.2625,0.845735931288071));
#2676=VECTOR('',#3172,10.0);
#2677=CARTESIAN_POINT('',(10.0,-2.525,0.424264068711929));
#2678=CARTESIAN_POINT('',(10.0,-2.525,0.0));
#2679=VECTOR('',#3173,10.0);
#2680=CARTESIAN_POINT('',(10.0,0.0,0.424264068711929));
#2681=CARTESIAN_POINT('',(10.0,-1.2625,0.424264068711929));
#2682=VECTOR('',#3174,10.0);
#2683=CARTESIAN_POINT('',(10.0,0.0,-0.424264068711928));
#2684=CARTESIAN_POINT('',(10.0,0.0,-2.84603070277445E-16));
#2685=VECTOR('',#3175,10.0);
#2686=CARTESIAN_POINT('',(10.0,-2.525,-0.424264068711928));
#2687=CARTESIAN_POINT('',(10.0,-1.2625,-0.424264068711928));
#2688=VECTOR('',#3176,10.0);
#2689=CARTESIAN_POINT('',(10.0,-2.525,-0.845735931288072));
#2690=CARTESIAN_POINT('',(10.0,-2.525,0.0));
#2691=VECTOR('',#3177,10.0);
#2692=CARTESIAN_POINT('',(10.0,0.0,-0.845735931288072));
#2693=CARTESIAN_POINT('',(10.0,-1.2625,-0.845735931288072));
#2694=VECTOR('',#3178,10.0);
#2695=CARTESIAN_POINT('',(10.0,0.0,-1.69426406871193));
#2696=CARTESIAN_POINT('',(10.0,0.0,-0.635));
#2697=VECTOR('',#3179,10.0);
#2698=CARTESIAN_POINT('',(10.0,-2.525,-1.69426406871193));
#2699=CARTESIAN_POINT('',(10.0,-1.2625,-1.69426406871193));
#2700=VECTOR('',#3180,10.0);
#2701=CARTESIAN_POINT('',(10.0,-2.525,0.0));
#2702=VECTOR('',#3181,10.0);
#2703=COLOUR_RGB('',0.411764711141586,0.411764711141586,0.411764711141586);
#2704=CARTESIAN_POINT('',(7.34,-2.525,2.025));
#2705=CARTESIAN_POINT('',(7.34,2.475,2.025));
#2706=VECTOR('',#3182,10.0);
#2707=CARTESIAN_POINT('',(7.34,-2.525,1.26249999999999));
#2708=VECTOR('',#3183,10.0);
#2709=COLOUR_RGB('',0.411764711141586,0.411764711141586,0.411764711141586);
#2710=CARTESIAN_POINT('',(6.34,-2.525,2.025));
#2711=CARTESIAN_POINT('',(6.34,2.475,2.025));
#2712=VECTOR('',#3184,10.0);
#2713=CARTESIAN_POINT('',(3.67,-2.525,2.025));
#2714=VECTOR('',#3185,10.0);
#2715=COLOUR_RGB('',0.901960790157318,0.91372549533844,0.925490200519562);
#2716=COLOUR_RGB('',0.901960790157318,0.91372549533844,0.925490200519562);
#2717=AXIS2_PLACEMENT_3D('',#3186,#3187,#3188);
#2718=COLOUR_RGB('',0.901960790157318,0.91372549533844,0.925490200519562);
#2719=AXIS2_PLACEMENT_3D('',#3189,#3190,#3191);
#2720=AXIS2_PLACEMENT_3D('',#3192,#3193,#3194);
#2721=COLOUR_RGB('',0.901960790157318,0.91372549533844,0.925490200519562);
#2722=COLOUR_RGB('',0.411764711141586,0.411764711141586,0.411764711141586);
#2723=CARTESIAN_POINT('',(1.0,-1.04796817609495,1.40152156668823));
#2724=AXIS2_PLACEMENT_3D('',#3195,#3196,#3197);
#2725=CARTESIAN_POINT('',(3.23593436189782E-16,-1.04796817609495,1.40152156668823));
#2726=VECTOR('',#3198,10.0);
#2727=COLOUR_RGB('',0.411764711141586,0.411764711141586,0.411764711141586);
#2728=CARTESIAN_POINT('',(3.55613748406407E-16,-1.40152156668823,1.04796817609495));
#2729=AXIS2_PLACEMENT_3D('',#3199,#3200,#3201);
#2730=CARTESIAN_POINT('',(1.0,-1.40152156668823,1.04796817609495));
#2731=CARTESIAN_POINT('',(3.55613748406407E-16,-1.40152156668823,1.04796817609495));
#2732=VECTOR('',#3202,10.0);
#2733=AXIS2_PLACEMENT_3D('',#3203,#3204,#3205);
#2734=COLOUR_RGB('',0.411764711141586,0.411764711141586,0.411764711141586);
#2735=AXIS2_PLACEMENT_3D('',#3206,#3207,#3208);
#2736=AXIS2_PLACEMENT_3D('',#3209,#3210,#3211);
#2737=COLOUR_RGB('',0.411764711141586,0.411764711141586,0.411764711141586);
#2738=CARTESIAN_POINT('',(1.32060831248351E-16,1.06684574039916,-1.42039913099243));
#2739=VECTOR('',#3212,10.0);
#2740=CARTESIAN_POINT('',(4.57363954062537E-16,-2.525,2.17144660940672));
#2741=CARTESIAN_POINT('',(4.57363954062537E-16,-2.525,0.0));
#2742=VECTOR('',#3213,10.0);
#2743=CARTESIAN_POINT('',(2.93857549343242E-16,-0.71963834764832,0.366084957055043));
#2744=VECTOR('',#3214,10.0);
#2745=COLOUR_RGB('',0.411764711141586,0.411764711141586,0.411764711141586);
#2746=CARTESIAN_POINT('',(5.05,1.40152156668822,-1.04796817609495));
#2747=CARTESIAN_POINT('',(1.0175020565613E-16,1.40152156668822,-1.04796817609495));
#2748=VECTOR('',#3215,10.0);
#2749=CARTESIAN_POINT('',(5.05,1.04796817609495,-1.40152156668823));
#2750=AXIS2_PLACEMENT_3D('',#3216,#3217,#3218);
#2751=CARTESIAN_POINT('',(1.33770517872755E-16,1.04796817609495,-1.40152156668823));
#2752=VECTOR('',#3219,10.0);
#2753=COLOUR_RGB('',0.411764711141586,0.411764711141586,0.411764711141586);
#2754=CARTESIAN_POINT('',(6.41573593128807,-2.525,1.27));
#2755=CARTESIAN_POINT('',(6.84,-2.525,1.69426406871193));
#2756=CARTESIAN_POINT('',(4.70643398282202,-2.525,-0.439301948466054));
#2757=VECTOR('',#3220,10.0);
#2758=CARTESIAN_POINT('',(6.41573593128807,0.0,1.27));
#2759=CARTESIAN_POINT('',(6.41573593128807,0.0,1.27));
#2760=VECTOR('',#3221,10.0);
#2761=CARTESIAN_POINT('',(6.84,0.0,1.69426406871193));
#2762=CARTESIAN_POINT('',(6.41573593128807,0.0,1.27));
#2763=VECTOR('',#3222,10.0);
#2764=CARTESIAN_POINT('',(6.84,0.0,1.69426406871193));
#2765=VECTOR('',#3223,10.0);
#2766=COLOUR_RGB('',0.411764711141586,0.411764711141586,0.411764711141586);
#2767=CARTESIAN_POINT('',(5.0,-2.525,1.69426406871193));
#2768=VECTOR('',#3224,10.0);
#2769=CARTESIAN_POINT('',(6.84,0.0,1.69426406871193));
#2770=VECTOR('',#3225,10.0);
#2771=COLOUR_RGB('',0.411764711141586,0.411764711141586,0.411764711141586);
#2772=CARTESIAN_POINT('',(6.84,-2.525,0.84573593128807));
#2773=CARTESIAN_POINT('',(3.42,-2.525,0.845735931288068));
#2774=VECTOR('',#3226,10.0);
#2775=CARTESIAN_POINT('',(6.84,0.0,0.84573593128807));
#2776=CARTESIAN_POINT('',(10.0,0.0,0.845735931288071));
#2777=VECTOR('',#3227,10.0);
#2778=CARTESIAN_POINT('',(6.84,0.0,0.84573593128807));
#2779=VECTOR('',#3228,10.0);
#2780=COLOUR_RGB('',0.411764711141586,0.411764711141586,0.411764711141586);
#2781=CARTESIAN_POINT('',(5.12930194846606,-2.525,2.55643398282202));
#2782=VECTOR('',#3229,10.0);
#2783=CARTESIAN_POINT('',(6.84,0.0,0.84573593128807));
#2784=VECTOR('',#3230,10.0);
#2785=COLOUR_RGB('',0.411764711141586,0.411764711141586,0.411764711141586);
#2786=CARTESIAN_POINT('',(9.02644660940673,0.0,1.27));
#2787=CARTESIAN_POINT('',(9.38,0.0,1.62355339059327));
#2788=CARTESIAN_POINT('',(9.02741731462592,0.0,1.27097070521919));
#2789=VECTOR('',#3231,10.0);
#2790=CARTESIAN_POINT('',(9.73355339059327,0.0,1.27));
#2791=CARTESIAN_POINT('',(9.38097070521919,0.0,1.62258268537408));
#2792=VECTOR('',#3232,10.0);
#2793=CARTESIAN_POINT('',(9.38,0.0,0.916446609406727));
#2794=CARTESIAN_POINT('',(9.20419400992255,0.0,0.740640619329283));
#2795=VECTOR('',#3233,10.0);
#2796=CARTESIAN_POINT('',(8.85064061932929,0.0,1.44580599007744));
#2797=VECTOR('',#3234,10.0);
#2798=CARTESIAN_POINT('',(6.84,0.0,0.916446609406726));
#2799=CARTESIAN_POINT('',(6.48644660940673,0.0,1.27));
#2800=CARTESIAN_POINT('',(6.94564061932929,0.0,0.810805990077442));
#2801=VECTOR('',#3235,10.0);
#2802=CARTESIAN_POINT('',(6.84,0.0,1.62355339059327));
#2803=CARTESIAN_POINT('',(7.12241731462592,0.0,1.90597070521919));
#2804=VECTOR('',#3236,10.0);
#2805=CARTESIAN_POINT('',(7.19355339059327,0.0,1.27));
#2806=CARTESIAN_POINT('',(7.4759707052192,0.0,0.987582685374081));
#2807=VECTOR('',#3237,10.0);
#2808=CARTESIAN_POINT('',(7.29919400992255,0.0,1.37564061932928));
#2809=VECTOR('',#3238,10.0);
#2810=COLOUR_RGB('',0.411764711141586,0.411764711141586,0.411764711141586);
#2811=CARTESIAN_POINT('',(5.57,-2.525,-0.424264068711929));
#2812=CARTESIAN_POINT('',(5.14573593128807,-2.525,-1.14209290615789E-15));
#2813=CARTESIAN_POINT('',(3.85930194846605,-2.525,1.28643398282202));
#2814=VECTOR('',#3239,10.0);
#2815=CARTESIAN_POINT('',(5.57,0.0,-0.424264068711929));
#2816=CARTESIAN_POINT('',(5.57,0.0,-0.424264068711929));
#2817=VECTOR('',#3240,10.0);
#2818=CARTESIAN_POINT('',(5.14573593128807,0.0,-1.14209290615789E-15));
#2819=CARTESIAN_POINT('',(5.57,0.0,-0.424264068711929));
#2820=VECTOR('',#3241,10.0);
#2821=CARTESIAN_POINT('',(5.14573593128807,0.0,-1.14209290615789E-15));
#2822=VECTOR('',#3242,10.0);
#2823=COLOUR_RGB('',0.411764711141586,0.411764711141586,0.411764711141586);
#2824=CARTESIAN_POINT('',(5.57,-2.525,0.424264068711928));
#2825=CARTESIAN_POINT('',(4.07143398282202,-2.525,-1.07430194846605));
#2826=VECTOR('',#3243,10.0);
#2827=CARTESIAN_POINT('',(5.57,0.0,0.424264068711928));
#2828=CARTESIAN_POINT('',(5.14573593128807,0.0,-1.11022302462516E-15));
#2829=VECTOR('',#3244,10.0);
#2830=CARTESIAN_POINT('',(5.57,0.0,0.424264068711928));
#2831=VECTOR('',#3245,10.0);
#2832=COLOUR_RGB('',0.411764711141586,0.411764711141586,0.411764711141586);
#2833=CARTESIAN_POINT('',(2.785,-2.525,-0.424264068711929));
#2834=VECTOR('',#3246,10.0);
#2835=CARTESIAN_POINT('',(10.0,0.0,-0.424264068711928));
#2836=VECTOR('',#3247,10.0);
#2837=COLOUR_RGB('',0.411764711141586,0.411764711141586,0.411764711141586);
#2838=CARTESIAN_POINT('',(5.0,-2.525,0.424264068711928));
#2839=VECTOR('',#3248,10.0);
#2840=CARTESIAN_POINT('',(5.57,0.0,0.424264068711928));
#2841=VECTOR('',#3249,10.0);
#2842=COLOUR_RGB('',0.411764711141586,0.411764711141586,0.411764711141586);
#2843=CARTESIAN_POINT('',(8.11,0.0,0.353553390593275));
#2844=CARTESIAN_POINT('',(8.46355339059327,0.0,0.0));
#2845=CARTESIAN_POINT('',(7.74016504294496,0.0,0.723388347648319));
#2846=VECTOR('',#3250,10.0);
#2847=CARTESIAN_POINT('',(8.11,0.0,-0.353553390593273));
#2848=CARTESIAN_POINT('',(7.56338834764832,0.0,-0.900165042944956));
#2849=VECTOR('',#3251,10.0);
#2850=CARTESIAN_POINT('',(7.75644660940673,0.0,2.80580851699849E-16));
#2851=CARTESIAN_POINT('',(7.20983495705505,0.0,0.546611652351682));
#2852=VECTOR('',#3252,10.0);
#2853=CARTESIAN_POINT('',(7.38661165235168,0.0,-0.369834957055045));
#2854=VECTOR('',#3253,10.0);
#2855=CARTESIAN_POINT('',(5.57,0.0,0.353553390593273));
#2856=CARTESIAN_POINT('',(5.92355339059327,0.0,5.55111512312578E-16));
#2857=CARTESIAN_POINT('',(5.83516504294496,0.0,0.0883883476483188));
#2858=VECTOR('',#3254,10.0);
#2859=CARTESIAN_POINT('',(5.57,0.0,-0.353553390593272));
#2860=CARTESIAN_POINT('',(5.65838834764832,0.0,-0.265165042944955));
#2861=VECTOR('',#3255,10.0);
#2862=CARTESIAN_POINT('',(5.21644660940673,0.0,-4.97069865758721E-16));
#2863=CARTESIAN_POINT('',(5.30483495705505,0.0,-0.0883883476483188));
#2864=VECTOR('',#3256,10.0);
#2865=CARTESIAN_POINT('',(5.48161165235168,0.0,0.265165042944955));
#2866=VECTOR('',#3257,10.0);
#2867=COLOUR_RGB('',0.411764711141586,0.411764711141586,0.411764711141586);
#2868=CARTESIAN_POINT('',(6.84,0.0,-0.845735931288073));
#2869=CARTESIAN_POINT('',(6.84,0.0,-0.845735931288073));
#2870=VECTOR('',#3258,10.0);
#2871=CARTESIAN_POINT('',(6.41573593128807,0.0,-1.27));
#2872=CARTESIAN_POINT('',(6.41573593128807,0.0,-1.27));
#2873=VECTOR('',#3259,10.0);
#2874=CARTESIAN_POINT('',(6.84,0.0,-1.69426406871193));
#2875=CARTESIAN_POINT('',(6.84,0.0,-1.69426406871193));
#2876=VECTOR('',#3260,10.0);
#2877=CARTESIAN_POINT('',(10.0,0.0,-1.69426406871193));
#2878=VECTOR('',#3261,10.0);
#2879=CARTESIAN_POINT('',(6.48644660940673,0.0,-1.27));
#2880=CARTESIAN_POINT('',(6.84,0.0,-0.916446609406726));
#2881=CARTESIAN_POINT('',(7.13762658661778,0.0,-0.61882002278895));
#2882=VECTOR('',#3262,10.0);
#2883=CARTESIAN_POINT('',(7.19355339059327,0.0,-1.27));
#2884=CARTESIAN_POINT('',(7.49117997721104,0.0,-1.56762658661778));
#2885=VECTOR('',#3263,10.0);
#2886=CARTESIAN_POINT('',(6.84,0.0,-1.62355339059327));
#2887=CARTESIAN_POINT('',(7.31440328191441,0.0,-1.14915010867886));
#2888=VECTOR('',#3264,10.0);
#2889=CARTESIAN_POINT('',(6.96084989132113,0.0,-1.74440328191441));
#2890=VECTOR('',#3265,10.0);
#2891=CARTESIAN_POINT('',(9.38,0.0,-0.916446609406725));
#2892=CARTESIAN_POINT('',(9.73355339059327,0.0,-1.27));
#2893=CARTESIAN_POINT('',(9.39617997721105,0.0,-0.932626586617775));
#2894=VECTOR('',#3266,10.0);
#2895=CARTESIAN_POINT('',(9.38,0.0,-1.62355339059327));
#2896=CARTESIAN_POINT('',(9.21940328191442,0.0,-1.78415010867886));
#2897=VECTOR('',#3267,10.0);
#2898=CARTESIAN_POINT('',(9.02644660940673,0.0,-1.27));
#2899=CARTESIAN_POINT('',(8.86584989132114,0.0,-1.10940328191441));
#2900=VECTOR('',#3268,10.0);
#2901=CARTESIAN_POINT('',(9.04262658661778,0.0,-1.25382002278895));
#2902=VECTOR('',#3269,10.0);
#2903=COLOUR_RGB('',0.411764711141586,0.411764711141586,0.411764711141586);
#2904=CARTESIAN_POINT('',(6.84,-2.525,-0.845735931288073));
#2905=CARTESIAN_POINT('',(5.0,-2.525,-0.845735931288074));
#2906=VECTOR('',#3270,10.0);
#2907=CARTESIAN_POINT('',(6.84,0.0,-0.845735931288073));
#2908=VECTOR('',#3271,10.0);
#2909=COLOUR_RGB('',0.411764711141586,0.411764711141586,0.411764711141586);
#2910=CARTESIAN_POINT('',(6.41573593128807,-2.525,-1.27));
#2911=CARTESIAN_POINT('',(5.34143398282201,-2.525,-2.34430194846606));
#2912=VECTOR('',#3272,10.0);
#2913=CARTESIAN_POINT('',(6.41573593128807,0.0,-1.27));
#2914=VECTOR('',#3273,10.0);
#2915=COLOUR_RGB('',0.411764711141586,0.411764711141586,0.411764711141586);
#2916=CARTESIAN_POINT('',(6.84,-2.525,-1.69426406871193));
#2917=CARTESIAN_POINT('',(4.49430194846605,-2.525,0.651433982822016));
#2918=VECTOR('',#3274,10.0);
#2919=CARTESIAN_POINT('',(6.84,0.0,-1.69426406871193));
#2920=VECTOR('',#3275,10.0);
#2921=COLOUR_RGB('',0.411764711141586,0.411764711141586,0.411764711141586);
#2922=CARTESIAN_POINT('',(3.42,-2.525,-1.69426406871193));
#2923=VECTOR('',#3276,10.0);
#2924=COLOUR_RGB('',0.411764711141586,0.411764711141586,0.411764711141586);
#2925=CARTESIAN_POINT('',(6.34000000000001,-2.525,1.01250000000001));
#2926=VECTOR('',#3277,10.0);
#2927=CARTESIAN_POINT('',(5.05,-2.525,2.17144660940672));
#2928=CARTESIAN_POINT('',(5.05,-2.525,0.92275540359735));
#2929=VECTOR('',#3278,10.0);
#2930=CARTESIAN_POINT('',(4.58557414469719E-16,-2.525,2.17144660940672));
#2931=VECTOR('',#3279,10.0);
#2932=COLOUR_RGB('',0.411764711141586,0.411764711141586,0.411764711141586);
#2933=COLOUR_RGB('',0.411764711141586,0.411764711141586,0.411764711141586);
#2934=CARTESIAN_POINT('',(5.05,-1.04796817609495,1.40152156668823));
#2935=CARTESIAN_POINT('',(3.23593436189782E-16,-1.04796817609495,1.40152156668823));
#2936=VECTOR('',#3280,10.0);
#2937=CARTESIAN_POINT('',(5.05,-2.17144660940672,2.525));
#2938=VECTOR('',#3281,10.0);
#2939=COLOUR_RGB('',0.411764711141586,0.411764711141586,0.411764711141586);
#2940=CARTESIAN_POINT('',(5.05,-1.40152156668823,1.04796817609495));
#2941=CARTESIAN_POINT('',(3.55613748406407E-16,-1.40152156668823,1.04796817609495));
#2942=VECTOR('',#3282,10.0);
#2943=AXIS2_PLACEMENT_3D('',#3283,#3284,#3285);
#2944=COLOUR_RGB('',0.411764711141586,0.411764711141586,0.411764711141586);
#2945=CARTESIAN_POINT('',(5.05,-1.40152156668823,1.04796817609495));
#2946=VECTOR('',#3286,10.0);
#2947=COLOUR_RGB('',0.411764711141586,0.411764711141586,0.411764711141586);
#2948=COLOUR_RGB('',0.411764711141586,0.411764711141586,0.411764711141586);
#2949=CARTESIAN_POINT('',(5.05,2.17144660940673,-2.525));
#2950=VECTOR('',#3287,10.0);
#2951=COLOUR_RGB('',0.411764711141586,0.411764711141586,0.411764711141586);
#2952=CARTESIAN_POINT('',(5.05,1.40152156668822,-1.04796817609495));
#2953=VECTOR('',#3288,10.0);
#2954=COLOUR_RGB('',0.411764711141586,0.411764711141586,0.411764711141586);
#2955=COLOUR_RGB('',0.749019622802734,0.749019622802734,0.749019622802734);
#2956=EDGE_CURVE('',#2063,#3289,#3290,.T.);
#2957=EDGE_CURVE('',#3291,#3289,#3292,.T.);
#2958=EDGE_CURVE('',#2064,#3291,#3293,.T.);
#2959=EDGE_CURVE('',#3294,#3291,#3295,.T.);
#2960=EDGE_CURVE('',#2066,#3294,#3296,.T.);
#2961=EDGE_CURVE('',#3297,#3294,#3298,.T.);
#2962=EDGE_CURVE('',#2068,#3297,#3299,.T.);
#2963=EDGE_CURVE('',#3289,#3297,#3300,.T.);
#2964=EDGE_CURVE('',#2071,#3301,#3302,.T.);
#2965=EDGE_CURVE('',#3303,#3301,#3304,.T.);
#2966=EDGE_CURVE('',#2072,#3303,#3305,.T.);
#2967=EDGE_CURVE('',#3306,#3303,#3307,.T.);
#2968=EDGE_CURVE('',#2074,#3306,#3308,.T.);
#2969=EDGE_CURVE('',#3309,#3306,#3310,.T.);
#2970=EDGE_CURVE('',#2076,#3309,#3311,.T.);
#2971=EDGE_CURVE('',#3301,#3309,#3312,.T.);
#2972=EDGE_CURVE('',#2101,#3313,#3314,.T.);
#2973=EDGE_CURVE('',#3315,#3313,#3316,.T.);
#2974=EDGE_CURVE('',#2102,#3315,#3317,.T.);
#2975=EDGE_CURVE('',#3318,#3315,#3319,.T.);
#2976=EDGE_CURVE('',#2104,#3318,#3320,.T.);
#2977=EDGE_CURVE('',#3321,#3318,#3322,.T.);
#2978=EDGE_CURVE('',#2106,#3321,#3323,.T.);
#2979=EDGE_CURVE('',#3313,#3321,#3324,.T.);
#2980=EDGE_CURVE('',#2109,#3325,#3326,.T.);
#2981=EDGE_CURVE('',#3327,#3325,#3328,.T.);
#2982=EDGE_CURVE('',#2110,#3327,#3329,.T.);
#2983=EDGE_CURVE('',#3330,#3327,#3331,.T.);
#2984=EDGE_CURVE('',#2112,#3330,#3332,.T.);
#2985=EDGE_CURVE('',#3333,#3330,#3334,.T.);
#2986=EDGE_CURVE('',#2114,#3333,#3335,.T.);
#2987=EDGE_CURVE('',#3325,#3333,#3336,.T.);
#2988=EDGE_CURVE('',#2125,#3337,#3338,.T.);
#2989=EDGE_CURVE('',#3339,#3337,#3340,.T.);
#2990=EDGE_CURVE('',#2126,#3339,#3341,.T.);
#2991=EDGE_CURVE('',#3342,#3339,#3343,.T.);
#2992=EDGE_CURVE('',#2128,#3342,#3344,.T.);
#2993=EDGE_CURVE('',#3345,#3342,#3346,.T.);
#2994=EDGE_CURVE('',#2130,#3345,#3347,.T.);
#2995=EDGE_CURVE('',#3337,#3345,#3348,.T.);
#2996=EDGE_CURVE('',#2133,#3349,#3350,.T.);
#2997=EDGE_CURVE('',#3351,#3349,#3352,.T.);
#2998=EDGE_CURVE('',#2134,#3351,#3353,.T.);
#2999=EDGE_CURVE('',#3354,#3351,#3355,.T.);
#3000=EDGE_CURVE('',#2136,#3354,#3356,.T.);
#3001=EDGE_CURVE('',#3357,#3354,#3358,.T.);
#3002=EDGE_CURVE('',#2138,#3357,#3359,.T.);
#3003=EDGE_CURVE('',#3349,#3357,#3360,.T.);
#3004=DIRECTION('',(-1.0,-9.05671196163441E-17,-0.0));
#3005=CARTESIAN_POINT('',(1.0,-7.42100148852523E-16,0.0));
#3006=DIRECTION('',(1.0,9.0567119616344E-17,0.0));
#3007=DIRECTION('',(0.0,0.0,-1.0));
#3008=DIRECTION('',(1.0,1.09923071745065E-16,0.0));
#3009=CARTESIAN_POINT('',(2.28681977031269E-16,-8.32667268468867E-16,0.0));
#3010=DIRECTION('',(1.0,9.0567119616344E-17,0.0));
#3011=DIRECTION('',(0.0,0.0,-1.0));
#3012=DIRECTION('',(1.0,9.05671196163441E-17,0.0));
#3013=CARTESIAN_POINT('',(2.28681977031269E-16,-8.32667268468867E-16,0.0));
#3014=DIRECTION('',(1.0,9.0567119616344E-17,0.0));
#3015=DIRECTION('',(0.0,0.0,-1.0));
#3016=DIRECTION('',(1.0,1.09923071745065E-16,0.0));
#3017=CARTESIAN_POINT('',(1.0,-7.42100148852523E-16,0.0));
#3018=DIRECTION('',(1.0,9.0567119616344E-17,0.0));
#3019=DIRECTION('',(0.0,0.0,-1.0));
#3020=DIRECTION('',(-1.0,-9.0567119616344E-17,-0.0));
#3021=CARTESIAN_POINT('',(1.0,-6.22251794856239E-48,0.0));
#3022=DIRECTION('',(1.0,9.0567119616344E-17,0.0));
#3023=DIRECTION('',(0.0,0.0,-1.0));
#3024=DIRECTION('',(1.0,9.0567119616344E-17,0.0));
#3025=CARTESIAN_POINT('',(2.77555756156289E-16,-9.0567119616344E-17,0.0));
#3026=DIRECTION('',(-1.0,-9.0567119616344E-17,-0.0));
#3027=DIRECTION('',(0.0,0.0,-1.0));
#3028=DIRECTION('',(-1.0,-9.0567119616344E-17,-0.0));
#3029=CARTESIAN_POINT('',(2.77555756156289E-16,-7.13802204930783E-16,4.54066098963868E-17));
#3030=DIRECTION('',(1.0,9.0567119616344E-17,0.0));
#3031=DIRECTION('',(0.0,0.0,-1.0));
#3032=DIRECTION('',(1.0,9.0567119616344E-17,0.0));
#3033=CARTESIAN_POINT('',(-2.1,-9.03993156125106E-16,4.54066098963868E-17));
#3034=DIRECTION('',(-1.0,-9.0567119616344E-17,-0.0));
#3035=DIRECTION('',(0.0,0.0,-1.0));
#3036=CARTESIAN_POINT('',(-2.1,-9.03993156125106E-16,4.54066098963868E-17));
#3037=DIRECTION('',(-1.22464679914735E-16,-1.0,0.0));
#3038=DIRECTION('',(0.0,0.0,1.0));
#3039=CARTESIAN_POINT('',(-2.1,-9.03993156125106E-16,4.54066098963868E-17));
#3040=DIRECTION('',(-1.0,-9.0567119616344E-17,-0.0));
#3041=DIRECTION('',(0.0,0.0,-1.0));
#3042=DIRECTION('',(1.0,9.05671196163441E-17,0.0));
#3043=CARTESIAN_POINT('',(-2.24153621050451E-16,5.0,0.0));
#3044=DIRECTION('',(1.0,9.0567119616344E-17,0.0));
#3045=DIRECTION('',(0.0,0.0,-1.0));
#3046=DIRECTION('',(1.0,1.09923071745065E-16,0.0));
#3047=CARTESIAN_POINT('',(1.0,5.0,0.0));
#3048=DIRECTION('',(1.0,9.0567119616344E-17,0.0));
#3049=DIRECTION('',(0.0,0.0,-1.0));
#3050=DIRECTION('',(-1.0,-9.05671196163441E-17,-0.0));
#3051=CARTESIAN_POINT('',(1.0,5.0,0.0));
#3052=DIRECTION('',(1.0,9.0567119616344E-17,0.0));
#3053=DIRECTION('',(0.0,0.0,-1.0));
#3054=DIRECTION('',(1.0,1.09923071745065E-16,0.0));
#3055=CARTESIAN_POINT('',(-2.24153621050451E-16,5.0,0.0));
#3056=DIRECTION('',(1.0,9.0567119616344E-17,0.0));
#3057=DIRECTION('',(0.0,0.0,-1.0));
#3058=DIRECTION('',(-1.0,-9.0567119616344E-17,-0.0));
#3059=CARTESIAN_POINT('',(1.0,5.0,0.0));
#3060=DIRECTION('',(1.0,9.0567119616344E-17,0.0));
#3061=DIRECTION('',(0.0,0.0,-1.0));
#3062=DIRECTION('',(1.0,9.0567119616344E-17,0.0));
#3063=CARTESIAN_POINT('',(2.77555756156289E-16,5.0,0.0));
#3064=DIRECTION('',(-1.0,-9.0567119616344E-17,-0.0));
#3065=DIRECTION('',(0.0,0.0,-1.0));
#3066=DIRECTION('',(-1.0,-9.0567119616344E-17,-0.0));
#3067=CARTESIAN_POINT('',(2.77555756156289E-16,5.0,4.54066098963868E-17));
#3068=DIRECTION('',(1.0,9.0567119616344E-17,0.0));
#3069=DIRECTION('',(0.0,0.0,-1.0));
#3070=DIRECTION('',(1.0,9.0567119616344E-17,0.0));
#3071=CARTESIAN_POINT('',(-2.1,5.0,4.54066098963868E-17));
#3072=DIRECTION('',(-1.0,-9.0567119616344E-17,-0.0));
#3073=DIRECTION('',(0.0,0.0,-1.0));
#3074=CARTESIAN_POINT('',(-2.1,5.0,4.54066098963868E-17));
#3075=DIRECTION('',(0.0,-1.0,0.0));
#3076=DIRECTION('',(0.0,0.0,1.0));
#3077=CARTESIAN_POINT('',(-2.1,5.0,4.54066098963868E-17));
#3078=DIRECTION('',(-1.0,-9.0567119616344E-17,-0.0));
#3079=DIRECTION('',(0.0,0.0,-1.0));
#3080=CARTESIAN_POINT('',(2.77555756156289E-16,5.0,4.54066098963868E-17));
#3081=DIRECTION('',(1.0,9.0567119616344E-17,0.0));
#3082=DIRECTION('',(0.0,0.0,-1.0));
#3083=CARTESIAN_POINT('',(2.77555756156289E-16,5.0,0.0));
#3084=DIRECTION('',(-1.0,-9.0567119616344E-17,-0.0));
#3085=DIRECTION('',(0.0,0.0,-1.0));
#3086=CARTESIAN_POINT('',(1.0,5.0,0.0));
#3087=DIRECTION('',(1.0,9.0567119616344E-17,0.0));
#3088=DIRECTION('',(0.0,0.0,-1.0));
#3089=CARTESIAN_POINT('',(-2.24153621050451E-16,5.0,0.0));
#3090=DIRECTION('',(1.0,9.0567119616344E-17,0.0));
#3091=DIRECTION('',(0.0,0.0,-1.0));
#3092=DIRECTION('',(1.0,1.09923071745065E-16,0.0));
#3093=CARTESIAN_POINT('',(1.0,5.0,0.0));
#3094=DIRECTION('',(1.0,9.0567119616344E-17,0.0));
#3095=DIRECTION('',(0.0,0.0,-1.0));
#3096=CARTESIAN_POINT('',(1.0,5.0,0.0));
#3097=DIRECTION('',(1.0,9.0567119616344E-17,0.0));
#3098=DIRECTION('',(0.0,0.0,-1.0));
#3099=DIRECTION('',(1.0,1.09923071745065E-16,0.0));
#3100=CARTESIAN_POINT('',(-2.24153621050451E-16,5.0,0.0));
#3101=DIRECTION('',(1.0,9.0567119616344E-17,0.0));
#3102=DIRECTION('',(0.0,0.0,-1.0));
#3103=CARTESIAN_POINT('',(1.0,5.0,0.0));
#3104=DIRECTION('',(1.0,1.02981870579955E-16,-9.28295663316212E-18));
#3105=DIRECTION('',(8.8034031844186E-17,-0.800869466678985,0.598838957768545));
#3106=CARTESIAN_POINT('',(1.0,5.0,0.0));
#3107=DIRECTION('',(1.0,1.02981870579955E-16,-9.2829566331621E-18));
#3108=DIRECTION('',(-8.80340318441862E-17,0.800869466678987,-0.598838957768543));
#3109=DIRECTION('',(-6.40406244332501E-17,0.707106781186548,-0.707106781186547));
#3110=DIRECTION('',(-9.0567119616344E-17,1.0,0.0));
#3111=DIRECTION('',(0.0,0.0,1.0));
#3112=DIRECTION('',(6.40406244332501E-17,-0.707106781186548,0.707106781186547));
#3113=CARTESIAN_POINT('',(2.28681977031269E-16,-8.32667268468867E-16,0.0));
#3114=DIRECTION('',(1.0,9.0567119616344E-17,0.0));
#3115=DIRECTION('',(0.0,0.0,-1.0));
#3116=DIRECTION('',(6.40406244332501E-17,-0.707106781186548,0.707106781186547));
#3117=DIRECTION('',(9.0567119616344E-17,-1.0,0.0));
#3118=DIRECTION('',(0.0,0.0,-1.0));
#3119=DIRECTION('',(-6.40406244332501E-17,0.707106781186548,-0.707106781186547));
#3120=DIRECTION('',(6.40406244332501E-17,-0.707106781186548,0.707106781186547));
#3121=DIRECTION('',(9.0567119616344E-17,-1.0,0.0));
#3122=DIRECTION('',(0.0,0.0,-1.0));
#3123=DIRECTION('',(6.40406244332501E-17,-0.707106781186548,0.707106781186547));
#3124=DIRECTION('',(1.0,1.09923071745065E-16,0.0));
#3125=CARTESIAN_POINT('',(5.05,5.0,0.0));
#3126=DIRECTION('',(-1.0,-9.05671196163441E-17,4.0248005368419E-32));
#3127=DIRECTION('',(-7.25324407857935E-17,0.800869466678987,-0.598838957768543));
#3128=DIRECTION('',(1.0,1.09923071745065E-16,0.0));
#3129=DIRECTION('',(1.0,1.09923071745065E-16,0.0));
#3130=DIRECTION('',(-6.40406244332501E-17,0.707106781186548,-0.707106781186547));
#3131=DIRECTION('',(1.0,1.09923071745065E-16,0.0));
#3132=DIRECTION('',(1.0,1.09923071745065E-16,0.0));
#3133=CARTESIAN_POINT('',(5.05,5.0,0.0));
#3134=DIRECTION('',(-1.0,-9.0567119616344E-17,4.82976064421028E-32));
#3135=DIRECTION('',(7.25324407857933E-17,-0.800869466678985,0.598838957768545));
#3136=DIRECTION('',(-1.0,-5.55111512312578E-17,-5.44119205138071E-17));
#3137=DIRECTION('',(6.40406244332501E-17,-0.707106781186548,0.707106781186547));
#3138=DIRECTION('',(-9.0567119616344E-17,1.0,0.0));
#3139=DIRECTION('',(8.3389522770215E-33,4.62904840959982E-49,1.0));
#3140=DIRECTION('',(6.40406244332501E-17,-0.707106781186548,0.707106781186547));
#3141=DIRECTION('',(1.0,1.09923071745065E-16,0.0));
#3142=DIRECTION('',(1.0,1.09923071745065E-16,0.0));
#3143=DIRECTION('',(-6.40406244332501E-17,0.707106781186548,-0.707106781186547));
#3144=DIRECTION('',(-1.0,-1.09923071745065E-16,0.0));
#3145=DIRECTION('',(0.0,0.0,-1.0));
#3146=DIRECTION('',(9.0567119616344E-17,-1.0,0.0));
#3147=DIRECTION('',(1.0,5.55111512312578E-17,0.0));
#3148=DIRECTION('',(0.0,-1.0,0.0));
#3149=DIRECTION('',(-1.0,-1.11022302462516E-16,0.0));
#3150=DIRECTION('',(-9.0567119616344E-17,1.0,0.0));
#3151=DIRECTION('',(1.0,1.09923071745065E-16,0.0));
#3152=DIRECTION('',(-9.0567119616344E-17,1.0,0.0));
#3153=DIRECTION('',(-1.0,-1.11022302462516E-16,0.0));
#3154=DIRECTION('',(1.46564095660087E-16,-1.0,0.0));
#3155=DIRECTION('',(1.0,1.11022302462516E-16,0.0));
#3156=DIRECTION('',(0.0,1.0,0.0));
#3157=DIRECTION('',(-1.0,-5.55111512312578E-17,0.0));
#3158=DIRECTION('',(1.0,1.09923071745065E-16,0.0));
#3159=DIRECTION('',(9.0567119616344E-17,-1.0,0.0));
#3160=DIRECTION('',(1.0,1.11022302462516E-16,0.0));
#3161=DIRECTION('',(-1.46564095660087E-16,1.0,0.0));
#3162=DIRECTION('',(-1.0,-5.55111512312578E-17,0.0));
#3163=DIRECTION('',(-8.3389522770215E-33,-9.25809681919964E-49,-1.0));
#3164=DIRECTION('',(1.0,1.11022302462516E-16,-1.09923071745065E-18));
#3165=DIRECTION('',(4.44089209850063E-15,2.46519032881566E-31,-1.0));
#3166=DIRECTION('',(1.0,5.55111512312578E-17,0.0));
#3167=DIRECTION('',(2.22044604925031E-15,1.23259516440783E-31,1.0));
#3168=DIRECTION('',(0.0,0.0,1.0));
#3169=DIRECTION('',(0.0,0.0,1.0));
#3170=DIRECTION('',(0.0,1.0,0.0));
#3171=DIRECTION('',(0.0,0.0,-1.0));
#3172=DIRECTION('',(0.0,-1.0,0.0));
#3173=DIRECTION('',(0.0,0.0,1.0));
#3174=DIRECTION('',(0.0,1.0,0.0));
#3175=DIRECTION('',(0.0,0.0,-1.0));
#3176=DIRECTION('',(0.0,-1.0,0.0));
#3177=DIRECTION('',(0.0,0.0,1.0));
#3178=DIRECTION('',(0.0,1.0,0.0));
#3179=DIRECTION('',(0.0,0.0,-1.0));
#3180=DIRECTION('',(0.0,-1.0,0.0));
#3181=DIRECTION('',(0.0,0.0,1.0));
#3182=DIRECTION('',(-1.46564095660087E-16,1.0,0.0));
#3183=DIRECTION('',(-2.22044604925031E-15,-2.46519032881566E-31,-1.0));
#3184=DIRECTION('',(-1.46564095660087E-16,1.0,0.0));
#3185=DIRECTION('',(-1.0,-1.11022302462516E-16,0.0));
#3186=CARTESIAN_POINT('',(2.77555756156289E-16,-7.13802204930783E-16,4.54066098963868E-17));
#3187=DIRECTION('',(1.0,9.0567119616344E-17,0.0));
#3188=DIRECTION('',(0.0,0.0,-1.0));
#3189=CARTESIAN_POINT('',(2.77555756156289E-16,-9.0567119616344E-17,0.0));
#3190=DIRECTION('',(-1.0,-9.0567119616344E-17,-0.0));
#3191=DIRECTION('',(0.0,0.0,-1.0));
#3192=CARTESIAN_POINT('',(1.0,-6.22251794856239E-48,0.0));
#3193=DIRECTION('',(1.0,9.0567119616344E-17,0.0));
#3194=DIRECTION('',(0.0,0.0,-1.0));
#3195=CARTESIAN_POINT('',(1.0,-7.42100148852523E-16,0.0));
#3196=DIRECTION('',(1.0,9.0567119616344E-17,0.0));
#3197=DIRECTION('',(0.0,0.0,-1.0));
#3198=DIRECTION('',(1.0,1.09923071745065E-16,0.0));
#3199=CARTESIAN_POINT('',(2.28681977031269E-16,-8.32667268468867E-16,0.0));
#3200=DIRECTION('',(1.0,9.0567119616344E-17,0.0));
#3201=DIRECTION('',(0.0,0.0,-1.0));
#3202=DIRECTION('',(1.0,1.09923071745065E-16,0.0));
#3203=CARTESIAN_POINT('',(1.0,-7.42100148852523E-16,0.0));
#3204=DIRECTION('',(1.0,9.0567119616344E-17,0.0));
#3205=DIRECTION('',(0.0,0.0,-1.0));
#3206=CARTESIAN_POINT('',(1.0,1.09923071745065E-16,0.0));
#3207=DIRECTION('',(1.0,1.02981870579955E-16,-9.28295663316212E-18));
#3208=DIRECTION('',(8.8034031844186E-17,-0.800869466678985,0.598838957768545));
#3209=CARTESIAN_POINT('',(1.0,1.09923071745065E-16,0.0));
#3210=DIRECTION('',(1.0,1.02981870579955E-16,-9.2829566331621E-18));
#3211=DIRECTION('',(-8.80340318441862E-17,0.800869466678987,-0.598838957768543));
#3212=DIRECTION('',(-6.40406244332501E-17,0.707106781186548,-0.707106781186547));
#3213=DIRECTION('',(0.0,0.0,1.0));
#3214=DIRECTION('',(-6.40406244332501E-17,0.707106781186548,-0.707106781186547));
#3215=DIRECTION('',(1.0,1.09923071745065E-16,0.0));
#3216=CARTESIAN_POINT('',(5.05,5.55111512312578E-16,0.0));
#3217=DIRECTION('',(-1.0,-9.0567119616344E-17,4.82976064421028E-32));
#3218=DIRECTION('',(7.25324407857933E-17,-0.800869466678985,0.598838957768545));
#3219=DIRECTION('',(1.0,1.09923071745065E-16,0.0));
#3220=DIRECTION('',(0.707106781186548,7.85046229341888E-17,0.707106781186547));
#3221=DIRECTION('',(0.0,-1.0,0.0));
#3222=DIRECTION('',(0.707106781186548,0.0,0.707106781186547));
#3223=DIRECTION('',(0.0,-1.0,0.0));
#3224=DIRECTION('',(1.0,1.11022302462516E-16,2.63502300148376E-16));
#3225=DIRECTION('',(1.0,0.0,2.63502300148376E-16));
#3226=DIRECTION('',(-1.0,-1.11022302462516E-16,-4.83087550272022E-16));
#3227=DIRECTION('',(-1.0,0.0,-4.83087550272022E-16));
#3228=DIRECTION('',(0.0,-1.0,0.0));
#3229=DIRECTION('',(-0.707106781186546,-7.85046229341885E-17,0.707106781186549));
#3230=DIRECTION('',(-0.707106781186546,0.0,0.707106781186549));
#3231=DIRECTION('',(0.707106781186547,0.0,0.707106781186548));
#3232=DIRECTION('',(0.707106781186548,0.0,-0.707106781186548));
#3233=DIRECTION('',(-0.707106781186549,0.0,-0.707106781186546));
#3234=DIRECTION('',(-0.707106781186547,0.0,0.707106781186548));
#3235=DIRECTION('',(-0.707106781186548,0.0,0.707106781186547));
#3236=DIRECTION('',(0.707106781186546,0.0,0.707106781186549));
#3237=DIRECTION('',(0.70710678118655,0.0,-0.707106781186545));
#3238=DIRECTION('',(-0.707106781186544,0.0,-0.707106781186551));
#3239=DIRECTION('',(-0.707106781186548,-7.85046229341888E-17,0.707106781186547));
#3240=DIRECTION('',(0.0,-1.0,0.0));
#3241=DIRECTION('',(-0.707106781186548,0.0,0.707106781186547));
#3242=DIRECTION('',(0.0,-1.0,0.0));
#3243=DIRECTION('',(0.707106781186547,7.85046229341886E-17,0.707106781186548));
#3244=DIRECTION('',(0.707106781186547,0.0,0.707106781186548));
#3245=DIRECTION('',(0.0,-1.0,0.0));
#3246=DIRECTION('',(-1.0,-1.11022302462516E-16,-1.40970756512788E-16));
#3247=DIRECTION('',(-1.0,0.0,-1.40970756512788E-16));
#3248=DIRECTION('',(1.0,1.11022302462516E-16,1.40970756512788E-16));
#3249=DIRECTION('',(1.0,0.0,1.40970756512788E-16));
#3250=DIRECTION('',(0.707106781186546,0.0,-0.707106781186549));
#3251=DIRECTION('',(-0.707106781186549,0.0,-0.707106781186546));
#3252=DIRECTION('',(-0.707106781186546,0.0,0.707106781186549));
#3253=DIRECTION('',(0.707106781186546,0.0,0.707106781186549));
#3254=DIRECTION('',(0.707106781186547,0.0,-0.707106781186548));
#3255=DIRECTION('',(-0.707106781186547,0.0,-0.707106781186548));
#3256=DIRECTION('',(-0.707106781186551,0.0,0.707106781186544));
#3257=DIRECTION('',(0.707106781186549,0.0,0.707106781186546));
#3258=DIRECTION('',(1.0,0.0,2.63502300148376E-16));
#3259=DIRECTION('',(0.707106781186549,0.0,0.707106781186546));
#3260=DIRECTION('',(-0.707106781186549,0.0,0.707106781186546));
#3261=DIRECTION('',(-1.0,0.0,-2.63502300148376E-16));
#3262=DIRECTION('',(0.707106781186549,0.0,0.707106781186546));
#3263=DIRECTION('',(0.707106781186542,0.0,-0.707106781186553));
#3264=DIRECTION('',(-0.707106781186551,0.0,-0.707106781186544));
#3265=DIRECTION('',(-0.707106781186544,0.0,0.707106781186551));
#3266=DIRECTION('',(0.707106781186548,0.0,-0.707106781186547));
#3267=DIRECTION('',(-0.707106781186546,0.0,-0.707106781186549));
#3268=DIRECTION('',(-0.70710678118655,0.0,0.707106781186545));
#3269=DIRECTION('',(0.707106781186549,0.0,0.707106781186546));
#3270=DIRECTION('',(1.0,1.11022302462516E-16,2.63502300148376E-16));
#3271=DIRECTION('',(0.0,-1.0,0.0));
#3272=DIRECTION('',(0.707106781186549,7.85046229341889E-17,0.707106781186546));
#3273=DIRECTION('',(0.0,-1.0,0.0));
#3274=DIRECTION('',(-0.707106781186549,-7.85046229341889E-17,0.707106781186546));
#3275=DIRECTION('',(0.0,-1.0,0.0));
#3276=DIRECTION('',(-1.0,-1.11022302462516E-16,-2.63502300148376E-16));
#3277=DIRECTION('',(-4.44089209850063E-15,-4.93038065763132E-31,1.0));
#3278=DIRECTION('',(-8.3389522770215E-33,-9.25809681919964E-49,-1.0));
#3279=DIRECTION('',(-1.0,-1.11022302462516E-16,1.09923071745065E-18));
#3280=DIRECTION('',(1.0,1.09923071745065E-16,0.0));
#3281=DIRECTION('',(6.40406244332501E-17,-0.707106781186548,0.707106781186547));
#3282=DIRECTION('',(1.0,1.09923071745065E-16,0.0));
#3283=CARTESIAN_POINT('',(5.05,5.55111512312578E-16,0.0));
#3284=DIRECTION('',(-1.0,-9.05671196163441E-17,4.0248005368419E-32));
#3285=DIRECTION('',(-7.25324407857935E-17,0.800869466678987,-0.598838957768543));
#3286=DIRECTION('',(-6.40406244332501E-17,0.707106781186548,-0.707106781186547));
#3287=DIRECTION('',(-6.40406244332501E-17,0.707106781186548,-0.707106781186547));
#3288=DIRECTION('',(6.40406244332501E-17,-0.707106781186548,0.707106781186547));
#3289=VERTEX_POINT('',#3361);
#3290=LINE('',#3362,#3363);
#3291=VERTEX_POINT('',#3364);
#3292=LINE('',#3365,#3366);
#3293=LINE('',#3367,#3368);
#3294=VERTEX_POINT('',#3369);
#3295=LINE('',#3370,#3371);
#3296=LINE('',#3372,#3373);
#3297=VERTEX_POINT('',#3374);
#3298=LINE('',#3375,#3376);
#3299=LINE('',#3377,#3378);
#3300=LINE('',#3379,#3380);
#3301=VERTEX_POINT('',#3381);
#3302=LINE('',#3382,#3383);
#3303=VERTEX_POINT('',#3384);
#3304=LINE('',#3385,#3386);
#3305=LINE('',#3387,#3388);
#3306=VERTEX_POINT('',#3389);
#3307=LINE('',#3390,#3391);
#3308=LINE('',#3392,#3393);
#3309=VERTEX_POINT('',#3394);
#3310=LINE('',#3395,#3396);
#3311=LINE('',#3397,#3398);
#3312=LINE('',#3399,#3400);
#3313=VERTEX_POINT('',#3401);
#3314=LINE('',#3402,#3403);
#3315=VERTEX_POINT('',#3404);
#3316=LINE('',#3405,#3406);
#3317=LINE('',#3407,#3408);
#3318=VERTEX_POINT('',#3409);
#3319=LINE('',#3410,#3411);
#3320=LINE('',#3412,#3413);
#3321=VERTEX_POINT('',#3414);
#3322=LINE('',#3415,#3416);
#3323=LINE('',#3417,#3418);
#3324=LINE('',#3419,#3420);
#3325=VERTEX_POINT('',#3421);
#3326=LINE('',#3422,#3423);
#3327=VERTEX_POINT('',#3424);
#3328=LINE('',#3425,#3426);
#3329=LINE('',#3427,#3428);
#3330=VERTEX_POINT('',#3429);
#3331=LINE('',#3430,#3431);
#3332=LINE('',#3432,#3433);
#3333=VERTEX_POINT('',#3434);
#3334=LINE('',#3435,#3436);
#3335=LINE('',#3437,#3438);
#3336=LINE('',#3439,#3440);
#3337=VERTEX_POINT('',#3441);
#3338=LINE('',#3442,#3443);
#3339=VERTEX_POINT('',#3444);
#3340=LINE('',#3445,#3446);
#3341=LINE('',#3447,#3448);
#3342=VERTEX_POINT('',#3449);
#3343=LINE('',#3450,#3451);
#3344=LINE('',#3452,#3453);
#3345=VERTEX_POINT('',#3454);
#3346=LINE('',#3455,#3456);
#3347=LINE('',#3457,#3458);
#3348=LINE('',#3459,#3460);
#3349=VERTEX_POINT('',#3461);
#3350=LINE('',#3462,#3463);
#3351=VERTEX_POINT('',#3464);
#3352=LINE('',#3465,#3466);
#3353=LINE('',#3467,#3468);
#3354=VERTEX_POINT('',#3469);
#3355=LINE('',#3470,#3471);
#3356=LINE('',#3472,#3473);
#3357=VERTEX_POINT('',#3474);
#3358=LINE('',#3475,#3476);
#3359=LINE('',#3477,#3478);
#3360=LINE('',#3479,#3480);
#3361=CARTESIAN_POINT('',(9.02644660940673,-5.525,1.27));
#3362=CARTESIAN_POINT('',(9.02644660940673,0.0,1.27));
#3363=VECTOR('',#3481,10.0);
#3364=CARTESIAN_POINT('',(9.38,-5.525,1.62355339059327));
#3365=CARTESIAN_POINT('',(9.38,-5.525,1.62355339059327));
#3366=VECTOR('',#3482,10.0);
#3367=CARTESIAN_POINT('',(9.38,0.0,1.62355339059327));
#3368=VECTOR('',#3483,10.0);
#3369=CARTESIAN_POINT('',(9.73355339059327,-5.525,1.27));
#3370=CARTESIAN_POINT('',(9.73355339059327,-5.525,1.27));
#3371=VECTOR('',#3484,10.0);
#3372=CARTESIAN_POINT('',(9.73355339059327,0.0,1.27));
#3373=VECTOR('',#3485,10.0);
#3374=CARTESIAN_POINT('',(9.38,-5.525,0.916446609406727));
#3375=CARTESIAN_POINT('',(9.38,-5.525,0.916446609406727));
#3376=VECTOR('',#3486,10.0);
#3377=CARTESIAN_POINT('',(9.38,0.0,0.916446609406727));
#3378=VECTOR('',#3487,10.0);
#3379=CARTESIAN_POINT('',(9.02644660940673,-5.525,1.27));
#3380=VECTOR('',#3488,10.0);
#3381=CARTESIAN_POINT('',(6.84,-5.525,0.916446609406726));
#3382=CARTESIAN_POINT('',(6.84,0.0,0.916446609406726));
#3383=VECTOR('',#3489,10.0);
#3384=CARTESIAN_POINT('',(6.48644660940673,-5.525,1.27));
#3385=CARTESIAN_POINT('',(6.48644660940673,-5.525,1.27));
#3386=VECTOR('',#3490,10.0);
#3387=CARTESIAN_POINT('',(6.48644660940673,0.0,1.27));
#3388=VECTOR('',#3491,10.0);
#3389=CARTESIAN_POINT('',(6.84,-5.525,1.62355339059327));
#3390=CARTESIAN_POINT('',(6.84,-5.525,1.62355339059327));
#3391=VECTOR('',#3492,10.0);
#3392=CARTESIAN_POINT('',(6.84,0.0,1.62355339059327));
#3393=VECTOR('',#3493,10.0);
#3394=CARTESIAN_POINT('',(7.19355339059327,-5.525,1.27));
#3395=CARTESIAN_POINT('',(7.19355339059327,-5.525,1.27));
#3396=VECTOR('',#3494,10.0);
#3397=CARTESIAN_POINT('',(7.19355339059327,0.0,1.27));
#3398=VECTOR('',#3495,10.0);
#3399=CARTESIAN_POINT('',(6.84,-5.525,0.916446609406726));
#3400=VECTOR('',#3496,10.0);
#3401=CARTESIAN_POINT('',(8.11,-5.525,0.353553390593275));
#3402=CARTESIAN_POINT('',(8.11,0.0,0.353553390593275));
#3403=VECTOR('',#3497,10.0);
#3404=CARTESIAN_POINT('',(8.46355339059327,-5.525,0.0));
#3405=CARTESIAN_POINT('',(8.11,-5.525,0.353553390593275));
#3406=VECTOR('',#3498,10.0);
#3407=CARTESIAN_POINT('',(8.46355339059327,0.0,0.0));
#3408=VECTOR('',#3499,10.0);
#3409=CARTESIAN_POINT('',(8.11,-5.525,-0.353553390593273));
#3410=CARTESIAN_POINT('',(8.46355339059327,-5.525,0.0));
#3411=VECTOR('',#3500,10.0);
#3412=CARTESIAN_POINT('',(8.11,0.0,-0.353553390593273));
#3413=VECTOR('',#3501,10.0);
#3414=CARTESIAN_POINT('',(7.75644660940673,-5.525,2.80580851699849E-16));
#3415=CARTESIAN_POINT('',(8.11,-5.525,-0.353553390593273));
#3416=VECTOR('',#3502,10.0);
#3417=CARTESIAN_POINT('',(7.75644660940673,0.0,2.80580851699849E-16));
#3418=VECTOR('',#3503,10.0);
#3419=CARTESIAN_POINT('',(7.75644660940673,-5.525,2.77555756156289E-16));
#3420=VECTOR('',#3504,10.0);
#3421=CARTESIAN_POINT('',(5.57,-5.525,0.353553390593273));
#3422=CARTESIAN_POINT('',(5.57,0.0,0.353553390593273));
#3423=VECTOR('',#3505,10.0);
#3424=CARTESIAN_POINT('',(5.92355339059327,-5.525,5.55111512312578E-16));
#3425=CARTESIAN_POINT('',(5.57,-5.525,0.353553390593273));
#3426=VECTOR('',#3506,10.0);
#3427=CARTESIAN_POINT('',(5.92355339059327,0.0,5.55111512312578E-16));
#3428=VECTOR('',#3507,10.0);
#3429=CARTESIAN_POINT('',(5.57,-5.525,-0.353553390593272));
#3430=CARTESIAN_POINT('',(5.92355339059327,-5.525,5.55111512312578E-16));
#3431=VECTOR('',#3508,10.0);
#3432=CARTESIAN_POINT('',(5.57,0.0,-0.353553390593272));
#3433=VECTOR('',#3509,10.0);
#3434=CARTESIAN_POINT('',(5.21644660940673,-5.525,-4.97069865758721E-16));
#3435=CARTESIAN_POINT('',(5.57,-5.525,-0.353553390593272));
#3436=VECTOR('',#3510,10.0);
#3437=CARTESIAN_POINT('',(5.21644660940673,0.0,-4.97069865758721E-16));
#3438=VECTOR('',#3511,10.0);
#3439=CARTESIAN_POINT('',(5.21644660940673,-5.525,-4.85722573273506E-16));
#3440=VECTOR('',#3512,10.0);
#3441=CARTESIAN_POINT('',(6.48644660940673,-5.525,-1.27));
#3442=CARTESIAN_POINT('',(6.48644660940673,0.0,-1.27));
#3443=VECTOR('',#3513,10.0);
#3444=CARTESIAN_POINT('',(6.84,-5.525,-0.916446609406726));
#3445=CARTESIAN_POINT('',(6.84,-5.525,-0.916446609406726));
#3446=VECTOR('',#3514,10.0);
#3447=CARTESIAN_POINT('',(6.84,0.0,-0.916446609406726));
#3448=VECTOR('',#3515,10.0);
#3449=CARTESIAN_POINT('',(7.19355339059327,-5.525,-1.27));
#3450=CARTESIAN_POINT('',(7.19355339059327,-5.525,-1.27));
#3451=VECTOR('',#3516,10.0);
#3452=CARTESIAN_POINT('',(7.19355339059327,0.0,-1.27));
#3453=VECTOR('',#3517,10.0);
#3454=CARTESIAN_POINT('',(6.84,-5.525,-1.62355339059327));
#3455=CARTESIAN_POINT('',(6.84,-5.525,-1.62355339059327));
#3456=VECTOR('',#3518,10.0);
#3457=CARTESIAN_POINT('',(6.84,0.0,-1.62355339059327));
#3458=VECTOR('',#3519,10.0);
#3459=CARTESIAN_POINT('',(6.48644660940673,-5.525,-1.27));
#3460=VECTOR('',#3520,10.0);
#3461=CARTESIAN_POINT('',(9.38,-5.525,-0.916446609406725));
#3462=CARTESIAN_POINT('',(9.38,0.0,-0.916446609406725));
#3463=VECTOR('',#3521,10.0);
#3464=CARTESIAN_POINT('',(9.73355339059327,-5.525,-1.27));
#3465=CARTESIAN_POINT('',(9.73355339059327,-5.525,-1.27));
#3466=VECTOR('',#3522,10.0);
#3467=CARTESIAN_POINT('',(9.73355339059327,0.0,-1.27));
#3468=VECTOR('',#3523,10.0);
#3469=CARTESIAN_POINT('',(9.38,-5.525,-1.62355339059327));
#3470=CARTESIAN_POINT('',(9.38,-5.525,-1.62355339059327));
#3471=VECTOR('',#3524,10.0);
#3472=CARTESIAN_POINT('',(9.38,0.0,-1.62355339059327));
#3473=VECTOR('',#3525,10.0);
#3474=CARTESIAN_POINT('',(9.02644660940673,-5.525,-1.27));
#3475=CARTESIAN_POINT('',(9.02644660940673,-5.525,-1.27));
#3476=VECTOR('',#3526,10.0);
#3477=CARTESIAN_POINT('',(9.02644660940673,0.0,-1.27));
#3478=VECTOR('',#3527,10.0);
#3479=CARTESIAN_POINT('',(9.38,-5.525,-0.916446609406725));
#3480=VECTOR('',#3528,10.0);
#3481=DIRECTION('',(0.0,-1.0,0.0));
#3482=DIRECTION('',(-0.707106781186547,0.0,-0.707106781186548));
#3483=DIRECTION('',(0.0,-1.0,0.0));
#3484=DIRECTION('',(-0.707106781186548,0.0,0.707106781186548));
#3485=DIRECTION('',(0.0,-1.0,0.0));
#3486=DIRECTION('',(0.707106781186549,0.0,0.707106781186546));
#3487=DIRECTION('',(0.0,-1.0,0.0));
#3488=DIRECTION('',(0.707106781186547,0.0,-0.707106781186548));
#3489=DIRECTION('',(0.0,-1.0,0.0));
#3490=DIRECTION('',(0.707106781186548,0.0,-0.707106781186547));
#3491=DIRECTION('',(0.0,-1.0,0.0));
#3492=DIRECTION('',(-0.707106781186546,0.0,-0.707106781186549));
#3493=DIRECTION('',(0.0,-1.0,0.0));
#3494=DIRECTION('',(-0.70710678118655,0.0,0.707106781186545));
#3495=DIRECTION('',(0.0,-1.0,0.0));
#3496=DIRECTION('',(0.707106781186544,0.0,0.707106781186551));
#3497=DIRECTION('',(0.0,-1.0,0.0));
#3498=DIRECTION('',(-0.707106781186546,0.0,0.707106781186549));
#3499=DIRECTION('',(0.0,-1.0,0.0));
#3500=DIRECTION('',(0.707106781186549,0.0,0.707106781186546));
#3501=DIRECTION('',(0.0,-1.0,0.0));
#3502=DIRECTION('',(0.707106781186546,0.0,-0.707106781186549));
#3503=DIRECTION('',(0.0,-1.0,0.0));
#3504=DIRECTION('',(-0.707106781186546,0.0,-0.707106781186549));
#3505=DIRECTION('',(0.0,-1.0,0.0));
#3506=DIRECTION('',(-0.707106781186547,0.0,0.707106781186548));
#3507=DIRECTION('',(0.0,-1.0,0.0));
#3508=DIRECTION('',(0.707106781186547,0.0,0.707106781186548));
#3509=DIRECTION('',(0.0,-1.0,0.0));
#3510=DIRECTION('',(0.707106781186551,0.0,-0.707106781186544));
#3511=DIRECTION('',(0.0,-1.0,0.0));
#3512=DIRECTION('',(-0.707106781186549,0.0,-0.707106781186546));
#3513=DIRECTION('',(0.0,-1.0,0.0));
#3514=DIRECTION('',(-0.707106781186549,0.0,-0.707106781186546));
#3515=DIRECTION('',(0.0,-1.0,0.0));
#3516=DIRECTION('',(-0.707106781186542,0.0,0.707106781186553));
#3517=DIRECTION('',(0.0,-1.0,0.0));
#3518=DIRECTION('',(0.707106781186551,0.0,0.707106781186544));
#3519=DIRECTION('',(0.0,-1.0,0.0));
#3520=DIRECTION('',(0.707106781186544,0.0,-0.707106781186551));
#3521=DIRECTION('',(0.0,-1.0,0.0));
#3522=DIRECTION('',(-0.707106781186548,0.0,0.707106781186547));
#3523=DIRECTION('',(0.0,-1.0,0.0));
#3524=DIRECTION('',(0.707106781186546,0.0,0.707106781186549));
#3525=DIRECTION('',(0.0,-1.0,0.0));
#3526=DIRECTION('',(0.70710678118655,0.0,-0.707106781186545));
#3527=DIRECTION('',(0.0,-1.0,0.0));
#3528=DIRECTION('',(-0.707106781186549,0.0,-0.707106781186546));
#3529=PRESENTATION_LAYER_ASSIGNMENT('','',(#94,#96,#98,#100,#102,#104,#106,#108,#110,#112,#114,#116,#118,#120,#122,#124,#126,#128,#130,#132,#134,#136,#138,#140,#142,#144,#146,#148,#150,#152,#154,#156,#158,#160,#162,#164,#166,#168,#170,#172,#174,#176,#178,#180,#182,#184,#186,#188,#190,#192,#194,#196,#198,#200,#202,#204,#206,#208,#210,#212,#214,#216,#218,#220,#222,#224,#226,#228,#230,#232,#692,#693,#694,#695,#696,#697,#698,#699,#700,#701,#702,#703,#704,#705,#706,#707,#708,#709,#710,#711,#712,#713,#714,#715,#716,#717,#718,#719,#720,#721,#1440,#1441,#1442,#1445,#1446,#1447,#1450,#1452,#1455,#1457,#1460,#1463,#1464,#1465,#1468,#1469,#1470,#1473,#1475,#1478,#1480,#1483,#1486,#1488,#1489,#1492,#1493,#1494,#1496,#1497,#1498,#1500,#1501,#1503,#1504,#1505,#1506,#1507,#1508,#1509,#1510,#1511,#1513,#1514,#1515,#1516,#1518,#1519,#1520,#1522,#1523,#1524,#1526,#1527,#1529,#1530,#1532,#1533,#1535,#1536,#1538,#1539,#1541,#1542,#1544,#1546,#1547,#1548,#1549,#1550,#1551,#1552,#1554,#1555,#1556,#1557,#1559,#1560,#1561,#1562,#1563,#1565,#1566,#1568,#1569,#1570,#1571,#1573,#1574,#1575,#1576,#1577,#1578,#1579,#1580,#1581,#1582,#1583,#1584,#1585,#1587,#1588,#1590,#1591,#1594,#1596,#1597,#1600,#1601,#1603,#1604,#1605,#1607,#1608,#1610,#1611,#1612,#1614,#1615,#1616,#1618,#1619,#1620,#1621,#1623,#1624,#1626,#1627,#1628,#1630,#1631,#1633,#1634,#1635,#1636,#1637,#1638,#1639,#1640,#1642,#1643,#1644,#1645,#1647,#1648,#1649,#1651,#1652,#1654,#1655,#1657,#1658,#1659,#1660,#1661,#1662,#1663,#1664,#1666,#1667,#1668,#1669,#1670,#1671,#1672,#1673,#1674,#1675,#1676,#1677,#1679,#1680,#1682,#1683,#1685,#1686,#1688,#1690,#1691,#1692,#1695,#1696,#1698,#1699,#1701,#1704,#1706,#1773,#1775,#1782,#1784,#1791,#1793,#1800,#1802,#1812,#1814,#1821,#1823,#1830,#1832,#1839,#1841,#1855,#1857,#1861,#1863,#1870,#1872,#1874,#1877,#1879,#1881,#1883,#1887,#1889,#1891,#1895,#1897,#1901,#1903,#1907,#1911,#1915,#1919,#1923,#1927,#1933,#1935,#1937,#1939,#1941,#1943,#1947,#1948,#1950,#1952,#1956,#1958,#1960,#1962,#1966,#1970,#1972,#1977,#1979,#1981,#1983,#1985,#1987,#1989,#1991,#1993,#1995,#1997,#1999,#2003,#2007,#2018,#2022,#2024,#2032,#2036,#2038,#2042,#2043,#2045,#2047,#2054,#2056,#2063,#2064,#2066,#2068,#2071,#2072,#2074,#2076,#2080,#2081,#2083,#2085,#2089,#2091,#2101,#2102,#2104,#2106,#2109,#2110,#2112,#2114,#2118,#2120,#2122,#2125,#2126,#2128,#2130,#2133,#2134,#2136,#2138,#2142,#2146,#2150,#2157,#2162,#2166,#2956,#2957,#2958,#2959,#2960,#2961,#2962,#2963,#2964,#2965,#2966,#2967,#2968,#2969,#2970,#2971,#2972,#2973,#2974,#2975,#2976,#2977,#2978,#2979,#2980,#2981,#2982,#2983,#2984,#2985,#2986,#2987,#2988,#2989,#2990,#2991,#2992,#2993,#2994,#2995,#2996,#2997,#2998,#2999,#3000,#3001,#3002,#3003,#3289,#3291,#3294,#3297,#3301,#3303,#3306,#3309,#3313,#3315,#3318,#3321,#3325,#3327,#3330,#3333,#3337,#3339,#3342,#3345,#3349,#3351,#3354,#3357));
ENDSEC;
END-ISO-10303-21;
