ISO-10303-21;
HEADER;
FILE_DESCRIPTION(('STEP AP242'),'1');
FILE_NAME('1871_2231.stp','2026-02-20T19:30:43',('TraceParts'),('TraceParts S.A.S.'),'Spatial InterOp 3D',' ',' ');
FILE_SCHEMA(('AP242_MANAGED_MODEL_BASED_3D_ENGINEERING_MIM_LF  {1 0 10303 442 1 1 4}'));
ENDSEC;
DATA;
#1=MECHANICAL_DESIGN_GEOMETRIC_PRESENTATION_REPRESENTATION(' ',(#12,#13,#14,#15,#16,#17,#18,#19,#20,#21,#22,#23,#24,#25,#26,#27,#28,#29,#30,#31,#32,#33,#34,#35,#36,#37,#38,#39,#40,#41,#42,#43,#44,#45,#46,#47,#48,#49,#50,#51,#52,#53,#54,#55,#56,#57,#58,#59,#60,#61,#62,#63,#64,#65,#66,#67,#68,#69,#70,#71,#72,#73,#74,#75,#76,#77,#78,#79,#80,#81,#82,#83,#84,#85,#86,#87,#88,#89,#90,#91,#92,#93,#94,#95,#96,#97,#98,#99,#100,#101,#102,#103,#104,#105,#106,#107,#108,#109,#110,#111,#112,#113,#114,#115,#116,#117,#118,#119,#120,#121),#8);
#2=PRODUCT_DEFINITION_CONTEXT('',#122,'design');
#3=APPLICATION_PROTOCOL_DEFINITION('INTERNATIONAL STANDARD','ap242_managed_model_based_3d_engineering',2014,#122);
#4=PRODUCT_CATEGORY_RELATIONSHIP('NONE','NONE',#123,#124);
#5=SHAPE_DEFINITION_REPRESENTATION(#125,#126);
#6=SHAPE_DEFINITION_REPRESENTATION(#125,#127);
#7=SHAPE_DEFINITION_REPRESENTATION(#125,#128);
#8= (GEOMETRIC_REPRESENTATION_CONTEXT(3)GLOBAL_UNCERTAINTY_ASSIGNED_CONTEXT((#131))GLOBAL_UNIT_ASSIGNED_CONTEXT((#133,#134,#135))REPRESENTATION_CONTEXT('NONE','WORKSPACE'));
#12=STYLED_ITEM('',(#137),#138);
#13=STYLED_ITEM('',(#139),#140);
#14=STYLED_ITEM('',(#141),#142);
#15=STYLED_ITEM('',(#143),#144);
#16=STYLED_ITEM('',(#145),#146);
#17=STYLED_ITEM('',(#147),#148);
#18=STYLED_ITEM('',(#149),#150);
#19=STYLED_ITEM('',(#151),#152);
#20=STYLED_ITEM('',(#153),#154);
#21=STYLED_ITEM('',(#155),#156);
#22=STYLED_ITEM('',(#157),#158);
#23=STYLED_ITEM('',(#159),#160);
#24=STYLED_ITEM('',(#161),#162);
#25=STYLED_ITEM('',(#163),#164);
#26=STYLED_ITEM('',(#165),#166);
#27=STYLED_ITEM('',(#167),#168);
#28=STYLED_ITEM('',(#169),#170);
#29=STYLED_ITEM('',(#171),#172);
#30=STYLED_ITEM('',(#173),#174);
#31=STYLED_ITEM('',(#175),#176);
#32=STYLED_ITEM('',(#177),#178);
#33=STYLED_ITEM('',(#179),#180);
#34=STYLED_ITEM('',(#181),#182);
#35=STYLED_ITEM('',(#183),#184);
#36=STYLED_ITEM('',(#185),#186);
#37=STYLED_ITEM('',(#187),#188);
#38=STYLED_ITEM('',(#189),#190);
#39=STYLED_ITEM('',(#191),#192);
#40=STYLED_ITEM('',(#193),#194);
#41=STYLED_ITEM('',(#195),#196);
#42=STYLED_ITEM('',(#197),#198);
#43=STYLED_ITEM('',(#199),#200);
#44=STYLED_ITEM('',(#201),#202);
#45=STYLED_ITEM('',(#203),#204);
#46=STYLED_ITEM('',(#205),#206);
#47=STYLED_ITEM('',(#207),#208);
#48=STYLED_ITEM('',(#209),#210);
#49=STYLED_ITEM('',(#211),#212);
#50=STYLED_ITEM('',(#213),#214);
#51=STYLED_ITEM('',(#215),#216);
#52=STYLED_ITEM('',(#217),#218);
#53=STYLED_ITEM('',(#219),#220);
#54=STYLED_ITEM('',(#221),#222);
#55=STYLED_ITEM('',(#223),#224);
#56=STYLED_ITEM('',(#225),#226);
#57=STYLED_ITEM('',(#227),#228);
#58=STYLED_ITEM('',(#229),#230);
#59=STYLED_ITEM('',(#231),#232);
#60=STYLED_ITEM('',(#233),#234);
#61=STYLED_ITEM('',(#235),#236);
#62=STYLED_ITEM('',(#237),#238);
#63=STYLED_ITEM('',(#239),#240);
#64=STYLED_ITEM('',(#241),#242);
#65=STYLED_ITEM('',(#243),#244);
#66=STYLED_ITEM('',(#245),#246);
#67=STYLED_ITEM('',(#247),#248);
#68=STYLED_ITEM('',(#249),#250);
#69=STYLED_ITEM('',(#251),#252);
#70=STYLED_ITEM('',(#253),#254);
#71=STYLED_ITEM('',(#255),#256);
#72=STYLED_ITEM('',(#257),#258);
#73=STYLED_ITEM('',(#259),#260);
#74=STYLED_ITEM('',(#261),#262);
#75=STYLED_ITEM('',(#263),#264);
#76=STYLED_ITEM('',(#265),#266);
#77=STYLED_ITEM('',(#267),#268);
#78=STYLED_ITEM('',(#269),#270);
#79=STYLED_ITEM('',(#271),#272);
#80=STYLED_ITEM('',(#273),#274);
#81=STYLED_ITEM('',(#275),#276);
#82=STYLED_ITEM('',(#277),#278);
#83=STYLED_ITEM('',(#279),#280);
#84=STYLED_ITEM('',(#281),#282);
#85=STYLED_ITEM('',(#283),#284);
#86=STYLED_ITEM('',(#285),#286);
#87=STYLED_ITEM('',(#287),#288);
#88=STYLED_ITEM('',(#289),#290);
#89=STYLED_ITEM('',(#291),#292);
#90=STYLED_ITEM('',(#293),#294);
#91=STYLED_ITEM('',(#295),#296);
#92=STYLED_ITEM('',(#297),#298);
#93=STYLED_ITEM('',(#299),#300);
#94=STYLED_ITEM('',(#301),#302);
#95=STYLED_ITEM('',(#303),#304);
#96=STYLED_ITEM('',(#305),#306);
#97=STYLED_ITEM('',(#307),#308);
#98=STYLED_ITEM('',(#309),#310);
#99=STYLED_ITEM('',(#311),#312);
#100=STYLED_ITEM('',(#313),#314);
#101=STYLED_ITEM('',(#315),#316);
#102=STYLED_ITEM('',(#317),#318);
#103=STYLED_ITEM('',(#319),#320);
#104=STYLED_ITEM('',(#321),#322);
#105=STYLED_ITEM('',(#323),#324);
#106=STYLED_ITEM('',(#325),#326);
#107=STYLED_ITEM('',(#327),#328);
#108=STYLED_ITEM('',(#329),#330);
#109=STYLED_ITEM('',(#331),#332);
#110=STYLED_ITEM('',(#333),#334);
#111=STYLED_ITEM('',(#335),#336);
#112=STYLED_ITEM('',(#337),#338);
#113=STYLED_ITEM('',(#339),#340);
#114=STYLED_ITEM('',(#341),#342);
#115=STYLED_ITEM('',(#343),#344);
#116=STYLED_ITEM('',(#345),#346);
#117=STYLED_ITEM('',(#347),#348);
#118=STYLED_ITEM('',(#349),#350);
#119=STYLED_ITEM('',(#351),#352);
#120=STYLED_ITEM('',(#353),#354);
#121=STYLED_ITEM('',(#355),#356);
#122=APPLICATION_CONTEXT('managed model based 3d engineering');
#123=PRODUCT_CATEGORY('part','NONE');
#124=PRODUCT_RELATED_PRODUCT_CATEGORY('detail',' ',(#357));
#125=PRODUCT_DEFINITION_SHAPE('NONE','NONE',#358);
#126=ADVANCED_BREP_SHAPE_REPRESENTATION('1',(#336,#359),#8);
#127=ADVANCED_BREP_SHAPE_REPRESENTATION('2',(#346,#360),#8);
#128=ADVANCED_BREP_SHAPE_REPRESENTATION('3',(#356,#361),#8);
#131=UNCERTAINTY_MEASURE_WITH_UNIT(LENGTH_MEASURE(1.0E-06),#133,'','');
#133= (CONVERSION_BASED_UNIT('MILLIMETRE',#364)LENGTH_UNIT()NAMED_UNIT(#367));
#134= (NAMED_UNIT(#369)PLANE_ANGLE_UNIT()SI_UNIT($,.RADIAN.));
#135= (NAMED_UNIT(#369)SOLID_ANGLE_UNIT()SI_UNIT($,.STERADIAN.));
#137=PRESENTATION_STYLE_ASSIGNMENT((#375));
#138=ADVANCED_FACE('',(#376),#377,.T.);
#139=PRESENTATION_STYLE_ASSIGNMENT((#378));
#140=ADVANCED_FACE('',(#379),#380,.T.);
#141=PRESENTATION_STYLE_ASSIGNMENT((#381));
#142=ADVANCED_FACE('',(#382),#383,.T.);
#143=PRESENTATION_STYLE_ASSIGNMENT((#384));
#144=ADVANCED_FACE('',(#385),#386,.T.);
#145=PRESENTATION_STYLE_ASSIGNMENT((#387));
#146=ADVANCED_FACE('',(#388),#389,.T.);
#147=PRESENTATION_STYLE_ASSIGNMENT((#390));
#148=ADVANCED_FACE('',(#391),#392,.T.);
#149=PRESENTATION_STYLE_ASSIGNMENT((#393));
#150=ADVANCED_FACE('',(#394),#395,.T.);
#151=PRESENTATION_STYLE_ASSIGNMENT((#396));
#152=ADVANCED_FACE('',(#397),#398,.T.);
#153=PRESENTATION_STYLE_ASSIGNMENT((#399));
#154=ADVANCED_FACE('',(#400),#401,.T.);
#155=PRESENTATION_STYLE_ASSIGNMENT((#402));
#156=ADVANCED_FACE('',(#403),#404,.T.);
#157=PRESENTATION_STYLE_ASSIGNMENT((#405));
#158=ADVANCED_FACE('',(#406),#407,.T.);
#159=PRESENTATION_STYLE_ASSIGNMENT((#408));
#160=ADVANCED_FACE('',(#409),#410,.T.);
#161=PRESENTATION_STYLE_ASSIGNMENT((#411));
#162=ADVANCED_FACE('',(#412),#413,.T.);
#163=PRESENTATION_STYLE_ASSIGNMENT((#414));
#164=ADVANCED_FACE('',(#415),#416,.T.);
#165=PRESENTATION_STYLE_ASSIGNMENT((#417));
#166=ADVANCED_FACE('',(#418),#419,.T.);
#167=PRESENTATION_STYLE_ASSIGNMENT((#420));
#168=ADVANCED_FACE('',(#421),#422,.T.);
#169=PRESENTATION_STYLE_ASSIGNMENT((#423));
#170=ADVANCED_FACE('',(#424),#425,.T.);
#171=PRESENTATION_STYLE_ASSIGNMENT((#426));
#172=ADVANCED_FACE('',(#427),#428,.T.);
#173=PRESENTATION_STYLE_ASSIGNMENT((#429));
#174=ADVANCED_FACE('',(#430),#431,.T.);
#175=PRESENTATION_STYLE_ASSIGNMENT((#432));
#176=ADVANCED_FACE('',(#433),#434,.T.);
#177=PRESENTATION_STYLE_ASSIGNMENT((#435));
#178=ADVANCED_FACE('',(#436),#437,.T.);
#179=PRESENTATION_STYLE_ASSIGNMENT((#438));
#180=ADVANCED_FACE('',(#439),#440,.T.);
#181=PRESENTATION_STYLE_ASSIGNMENT((#441));
#182=ADVANCED_FACE('',(#442),#443,.T.);
#183=PRESENTATION_STYLE_ASSIGNMENT((#444));
#184=ADVANCED_FACE('',(#445),#446,.T.);
#185=PRESENTATION_STYLE_ASSIGNMENT((#447));
#186=ADVANCED_FACE('',(#448),#449,.T.);
#187=PRESENTATION_STYLE_ASSIGNMENT((#450));
#188=ADVANCED_FACE('',(#451),#452,.T.);
#189=PRESENTATION_STYLE_ASSIGNMENT((#453));
#190=ADVANCED_FACE('',(#454),#455,.T.);
#191=PRESENTATION_STYLE_ASSIGNMENT((#456));
#192=ADVANCED_FACE('',(#457),#458,.T.);
#193=PRESENTATION_STYLE_ASSIGNMENT((#459));
#194=ADVANCED_FACE('',(#460),#461,.T.);
#195=PRESENTATION_STYLE_ASSIGNMENT((#462));
#196=ADVANCED_FACE('',(#463),#464,.T.);
#197=PRESENTATION_STYLE_ASSIGNMENT((#465));
#198=ADVANCED_FACE('',(#466),#467,.T.);
#199=PRESENTATION_STYLE_ASSIGNMENT((#468));
#200=ADVANCED_FACE('',(#469),#470,.T.);
#201=PRESENTATION_STYLE_ASSIGNMENT((#471));
#202=ADVANCED_FACE('',(#472),#473,.T.);
#203=PRESENTATION_STYLE_ASSIGNMENT((#474));
#204=ADVANCED_FACE('',(#475),#476,.T.);
#205=PRESENTATION_STYLE_ASSIGNMENT((#477));
#206=ADVANCED_FACE('',(#478),#479,.T.);
#207=PRESENTATION_STYLE_ASSIGNMENT((#480));
#208=ADVANCED_FACE('',(#481),#482,.T.);
#209=PRESENTATION_STYLE_ASSIGNMENT((#483));
#210=ADVANCED_FACE('',(#484),#485,.T.);
#211=PRESENTATION_STYLE_ASSIGNMENT((#486));
#212=ADVANCED_FACE('',(#487),#488,.T.);
#213=PRESENTATION_STYLE_ASSIGNMENT((#489));
#214=ADVANCED_FACE('',(#490),#491,.T.);
#215=PRESENTATION_STYLE_ASSIGNMENT((#492));
#216=ADVANCED_FACE('',(#493),#494,.T.);
#217=PRESENTATION_STYLE_ASSIGNMENT((#495));
#218=ADVANCED_FACE('',(#496),#497,.T.);
#219=PRESENTATION_STYLE_ASSIGNMENT((#498));
#220=ADVANCED_FACE('',(#499),#500,.T.);
#221=PRESENTATION_STYLE_ASSIGNMENT((#501));
#222=ADVANCED_FACE('',(#502),#503,.T.);
#223=PRESENTATION_STYLE_ASSIGNMENT((#504));
#224=ADVANCED_FACE('',(#505),#506,.T.);
#225=PRESENTATION_STYLE_ASSIGNMENT((#507));
#226=ADVANCED_FACE('',(#508),#509,.T.);
#227=PRESENTATION_STYLE_ASSIGNMENT((#510));
#228=ADVANCED_FACE('',(#511),#512,.T.);
#229=PRESENTATION_STYLE_ASSIGNMENT((#513));
#230=ADVANCED_FACE('',(#514),#515,.T.);
#231=PRESENTATION_STYLE_ASSIGNMENT((#516));
#232=ADVANCED_FACE('',(#517),#518,.T.);
#233=PRESENTATION_STYLE_ASSIGNMENT((#519));
#234=ADVANCED_FACE('',(#520),#521,.T.);
#235=PRESENTATION_STYLE_ASSIGNMENT((#522));
#236=ADVANCED_FACE('',(#523),#524,.T.);
#237=PRESENTATION_STYLE_ASSIGNMENT((#525));
#238=ADVANCED_FACE('',(#526),#527,.T.);
#239=PRESENTATION_STYLE_ASSIGNMENT((#528));
#240=ADVANCED_FACE('',(#529),#530,.T.);
#241=PRESENTATION_STYLE_ASSIGNMENT((#531));
#242=ADVANCED_FACE('',(#532),#533,.T.);
#243=PRESENTATION_STYLE_ASSIGNMENT((#534));
#244=ADVANCED_FACE('',(#535),#536,.T.);
#245=PRESENTATION_STYLE_ASSIGNMENT((#537));
#246=ADVANCED_FACE('',(#538),#539,.T.);
#247=PRESENTATION_STYLE_ASSIGNMENT((#540));
#248=ADVANCED_FACE('',(#541),#542,.T.);
#249=PRESENTATION_STYLE_ASSIGNMENT((#543));
#250=ADVANCED_FACE('',(#544),#545,.T.);
#251=PRESENTATION_STYLE_ASSIGNMENT((#546));
#252=ADVANCED_FACE('',(#547),#548,.T.);
#253=PRESENTATION_STYLE_ASSIGNMENT((#549));
#254=ADVANCED_FACE('',(#550),#551,.T.);
#255=PRESENTATION_STYLE_ASSIGNMENT((#552));
#256=ADVANCED_FACE('',(#553),#554,.T.);
#257=PRESENTATION_STYLE_ASSIGNMENT((#555));
#258=ADVANCED_FACE('',(#556),#557,.T.);
#259=PRESENTATION_STYLE_ASSIGNMENT((#558));
#260=ADVANCED_FACE('',(#559),#560,.T.);
#261=PRESENTATION_STYLE_ASSIGNMENT((#561));
#262=ADVANCED_FACE('',(#562),#563,.F.);
#263=PRESENTATION_STYLE_ASSIGNMENT((#564));
#264=ADVANCED_FACE('',(#565,#566),#567,.T.);
#265=PRESENTATION_STYLE_ASSIGNMENT((#568));
#266=ADVANCED_FACE('',(#569),#570,.T.);
#267=PRESENTATION_STYLE_ASSIGNMENT((#571));
#268=ADVANCED_FACE('',(#572),#573,.T.);
#269=PRESENTATION_STYLE_ASSIGNMENT((#574));
#270=ADVANCED_FACE('',(#575),#576,.T.);
#271=PRESENTATION_STYLE_ASSIGNMENT((#577));
#272=ADVANCED_FACE('',(#578),#579,.F.);
#273=PRESENTATION_STYLE_ASSIGNMENT((#580));
#274=ADVANCED_FACE('',(#581,#582),#583,.T.);
#275=PRESENTATION_STYLE_ASSIGNMENT((#584));
#276=ADVANCED_FACE('',(#585),#586,.T.);
#277=PRESENTATION_STYLE_ASSIGNMENT((#587));
#278=ADVANCED_FACE('',(#588,#589,#590,#591,#592,#593,#594,#595,#596),#597,.F.);
#279=PRESENTATION_STYLE_ASSIGNMENT((#598));
#280=ADVANCED_FACE('',(#599),#600,.F.);
#281=PRESENTATION_STYLE_ASSIGNMENT((#601));
#282=ADVANCED_FACE('',(#602),#603,.T.);
#283=PRESENTATION_STYLE_ASSIGNMENT((#604));
#284=ADVANCED_FACE('',(#605),#606,.T.);
#285=PRESENTATION_STYLE_ASSIGNMENT((#607));
#286=ADVANCED_FACE('',(#608),#609,.F.);
#287=PRESENTATION_STYLE_ASSIGNMENT((#610));
#288=ADVANCED_FACE('',(#611),#612,.F.);
#289=PRESENTATION_STYLE_ASSIGNMENT((#613));
#290=ADVANCED_FACE('',(#614),#615,.T.);
#291=PRESENTATION_STYLE_ASSIGNMENT((#616));
#292=ADVANCED_FACE('',(#617),#618,.T.);
#293=PRESENTATION_STYLE_ASSIGNMENT((#619));
#294=ADVANCED_FACE('',(#620,#621),#622,.F.);
#295=PRESENTATION_STYLE_ASSIGNMENT((#623));
#296=ADVANCED_FACE('',(#624),#625,.T.);
#297=PRESENTATION_STYLE_ASSIGNMENT((#626));
#298=ADVANCED_FACE('',(#627),#628,.T.);
#299=PRESENTATION_STYLE_ASSIGNMENT((#629));
#300=ADVANCED_FACE('',(#630,#631),#632,.F.);
#301=PRESENTATION_STYLE_ASSIGNMENT((#633));
#302=ADVANCED_FACE('',(#634),#635,.T.);
#303=PRESENTATION_STYLE_ASSIGNMENT((#636));
#304=ADVANCED_FACE('',(#637),#638,.T.);
#305=PRESENTATION_STYLE_ASSIGNMENT((#639));
#306=ADVANCED_FACE('',(#640),#641,.T.);
#307=PRESENTATION_STYLE_ASSIGNMENT((#642));
#308=ADVANCED_FACE('',(#643),#644,.T.);
#309=PRESENTATION_STYLE_ASSIGNMENT((#645));
#310=ADVANCED_FACE('',(#646),#647,.T.);
#311=PRESENTATION_STYLE_ASSIGNMENT((#648));
#312=ADVANCED_FACE('',(#649),#650,.F.);
#313=PRESENTATION_STYLE_ASSIGNMENT((#651));
#314=ADVANCED_FACE('',(#652),#653,.F.);
#315=PRESENTATION_STYLE_ASSIGNMENT((#654));
#316=ADVANCED_FACE('',(#655),#656,.F.);
#317=PRESENTATION_STYLE_ASSIGNMENT((#657));
#318=ADVANCED_FACE('',(#658),#659,.F.);
#319=PRESENTATION_STYLE_ASSIGNMENT((#660));
#320=ADVANCED_FACE('',(#661,#662),#663,.F.);
#321=PRESENTATION_STYLE_ASSIGNMENT((#664));
#322=ADVANCED_FACE('',(#665),#666,.F.);
#323=PRESENTATION_STYLE_ASSIGNMENT((#667));
#324=ADVANCED_FACE('',(#668,#669),#670,.T.);
#325=PRESENTATION_STYLE_ASSIGNMENT((#671));
#326=ADVANCED_FACE('',(#672),#673,.T.);
#327=PRESENTATION_STYLE_ASSIGNMENT((#674));
#328=ADVANCED_FACE('',(#675),#676,.T.);
#329=PRESENTATION_STYLE_ASSIGNMENT((#677));
#330=ADVANCED_FACE('',(#678,#679,#680,#681,#682),#683,.T.);
#331=PRESENTATION_STYLE_ASSIGNMENT((#684));
#332=ADVANCED_FACE('',(#685),#686,.T.);
#333=PRESENTATION_STYLE_ASSIGNMENT((#687));
#334=ADVANCED_FACE('',(#688),#689,.T.);
#335=PRESENTATION_STYLE_ASSIGNMENT((#690));
#336=MANIFOLD_SOLID_BREP('1',#691);
#337=PRESENTATION_STYLE_ASSIGNMENT((#692));
#338=ADVANCED_FACE('',(#693),#694,.T.);
#339=PRESENTATION_STYLE_ASSIGNMENT((#695));
#340=ADVANCED_FACE('',(#696),#697,.T.);
#341=PRESENTATION_STYLE_ASSIGNMENT((#698));
#342=ADVANCED_FACE('',(#699),#700,.F.);
#343=PRESENTATION_STYLE_ASSIGNMENT((#701));
#344=ADVANCED_FACE('',(#702),#703,.T.);
#345=PRESENTATION_STYLE_ASSIGNMENT((#704));
#346=MANIFOLD_SOLID_BREP('2',#705);
#347=PRESENTATION_STYLE_ASSIGNMENT((#706));
#348=ADVANCED_FACE('',(#707),#708,.T.);
#349=PRESENTATION_STYLE_ASSIGNMENT((#709));
#350=ADVANCED_FACE('',(#710),#711,.T.);
#351=PRESENTATION_STYLE_ASSIGNMENT((#712));
#352=ADVANCED_FACE('',(#713),#714,.F.);
#353=PRESENTATION_STYLE_ASSIGNMENT((#715));
#354=ADVANCED_FACE('',(#716),#717,.T.);
#355=PRESENTATION_STYLE_ASSIGNMENT((#718));
#356=MANIFOLD_SOLID_BREP('3',#719);
#357=PRODUCT('1','','PART--DESC',(#720));
#358=PRODUCT_DEFINITION('','NONE',#721,#2);
#359=AXIS2_PLACEMENT_3D('',#722,#723,#724);
#360=AXIS2_PLACEMENT_3D('',#725,#726,#727);
#361=AXIS2_PLACEMENT_3D('',#728,#729,#730);
#364=LENGTH_MEASURE_WITH_UNIT(LENGTH_MEASURE(1.0),#731);
#367=DIMENSIONAL_EXPONENTS(1.0,0.0,0.0,0.0,0.0,0.0,0.0);
#369=DIMENSIONAL_EXPONENTS(0.0,0.0,0.0,0.0,0.0,0.0,0.0);
#375=SURFACE_STYLE_USAGE(.BOTH.,#732);
#376=FACE_OUTER_BOUND('',#733,.T.);
#377=CYLINDRICAL_SURFACE('',#734,1.9);
#378=SURFACE_STYLE_USAGE(.BOTH.,#735);
#379=FACE_OUTER_BOUND('',#736,.T.);
#380=CONICAL_SURFACE('',#737,1.75566243270259,0.5235987756);
#381=SURFACE_STYLE_USAGE(.BOTH.,#738);
#382=FACE_OUTER_BOUND('',#739,.T.);
#383=CYLINDRICAL_SURFACE('',#740,1.9);
#384=SURFACE_STYLE_USAGE(.BOTH.,#741);
#385=FACE_OUTER_BOUND('',#742,.T.);
#386=CONICAL_SURFACE('',#743,1.75566243270259,0.5235987756);
#387=SURFACE_STYLE_USAGE(.BOTH.,#744);
#388=FACE_OUTER_BOUND('',#745,.T.);
#389=CYLINDRICAL_SURFACE('',#746,1.0);
#390=SURFACE_STYLE_USAGE(.BOTH.,#747);
#391=FACE_OUTER_BOUND('',#748,.T.);
#392=CYLINDRICAL_SURFACE('',#749,1.5);
#393=SURFACE_STYLE_USAGE(.BOTH.,#750);
#394=FACE_OUTER_BOUND('',#751,.T.);
#395=CONICAL_SURFACE('',#752,1.35,0.7853981634);
#396=SURFACE_STYLE_USAGE(.BOTH.,#753);
#397=FACE_OUTER_BOUND('',#754,.T.);
#398=CYLINDRICAL_SURFACE('',#755,1.0);
#399=SURFACE_STYLE_USAGE(.BOTH.,#756);
#400=FACE_OUTER_BOUND('',#757,.T.);
#401=CYLINDRICAL_SURFACE('',#758,1.5);
#402=SURFACE_STYLE_USAGE(.BOTH.,#759);
#403=FACE_OUTER_BOUND('',#760,.T.);
#404=CONICAL_SURFACE('',#761,1.35,0.7853981634);
#405=SURFACE_STYLE_USAGE(.BOTH.,#762);
#406=FACE_OUTER_BOUND('',#763,.T.);
#407=PLANE('',#764);
#408=SURFACE_STYLE_USAGE(.BOTH.,#765);
#409=FACE_OUTER_BOUND('',#766,.T.);
#410=PLANE('',#767);
#411=SURFACE_STYLE_USAGE(.BOTH.,#768);
#412=FACE_OUTER_BOUND('',#769,.T.);
#413=PLANE('',#770);
#414=SURFACE_STYLE_USAGE(.BOTH.,#771);
#415=FACE_OUTER_BOUND('',#772,.T.);
#416=PLANE('',#773);
#417=SURFACE_STYLE_USAGE(.BOTH.,#774);
#418=FACE_OUTER_BOUND('',#775,.T.);
#419=PLANE('',#776);
#420=SURFACE_STYLE_USAGE(.BOTH.,#777);
#421=FACE_OUTER_BOUND('',#778,.T.);
#422=PLANE('',#779);
#423=SURFACE_STYLE_USAGE(.BOTH.,#780);
#424=FACE_OUTER_BOUND('',#781,.T.);
#425=PLANE('',#782);
#426=SURFACE_STYLE_USAGE(.BOTH.,#783);
#427=FACE_OUTER_BOUND('',#784,.T.);
#428=PLANE('',#785);
#429=SURFACE_STYLE_USAGE(.BOTH.,#786);
#430=FACE_OUTER_BOUND('',#787,.T.);
#431=PLANE('',#788);
#432=SURFACE_STYLE_USAGE(.BOTH.,#789);
#433=FACE_OUTER_BOUND('',#790,.T.);
#434=PLANE('',#791);
#435=SURFACE_STYLE_USAGE(.BOTH.,#792);
#436=FACE_OUTER_BOUND('',#793,.T.);
#437=PLANE('',#794);
#438=SURFACE_STYLE_USAGE(.BOTH.,#795);
#439=FACE_OUTER_BOUND('',#796,.T.);
#440=PLANE('',#797);
#441=SURFACE_STYLE_USAGE(.BOTH.,#798);
#442=FACE_OUTER_BOUND('',#799,.T.);
#443=PLANE('',#800);
#444=SURFACE_STYLE_USAGE(.BOTH.,#801);
#445=FACE_OUTER_BOUND('',#802,.T.);
#446=PLANE('',#803);
#447=SURFACE_STYLE_USAGE(.BOTH.,#804);
#448=FACE_OUTER_BOUND('',#805,.T.);
#449=PLANE('',#806);
#450=SURFACE_STYLE_USAGE(.BOTH.,#807);
#451=FACE_OUTER_BOUND('',#808,.T.);
#452=PLANE('',#809);
#453=SURFACE_STYLE_USAGE(.BOTH.,#810);
#454=FACE_OUTER_BOUND('',#811,.T.);
#455=PLANE('',#812);
#456=SURFACE_STYLE_USAGE(.BOTH.,#813);
#457=FACE_OUTER_BOUND('',#814,.T.);
#458=PLANE('',#815);
#459=SURFACE_STYLE_USAGE(.BOTH.,#816);
#460=FACE_OUTER_BOUND('',#817,.T.);
#461=PLANE('',#818);
#462=SURFACE_STYLE_USAGE(.BOTH.,#819);
#463=FACE_OUTER_BOUND('',#820,.T.);
#464=PLANE('',#821);
#465=SURFACE_STYLE_USAGE(.BOTH.,#822);
#466=FACE_OUTER_BOUND('',#823,.T.);
#467=PLANE('',#824);
#468=SURFACE_STYLE_USAGE(.BOTH.,#825);
#469=FACE_OUTER_BOUND('',#826,.T.);
#470=PLANE('',#827);
#471=SURFACE_STYLE_USAGE(.BOTH.,#828);
#472=FACE_OUTER_BOUND('',#829,.T.);
#473=PLANE('',#830);
#474=SURFACE_STYLE_USAGE(.BOTH.,#831);
#475=FACE_OUTER_BOUND('',#832,.T.);
#476=PLANE('',#833);
#477=SURFACE_STYLE_USAGE(.BOTH.,#834);
#478=FACE_OUTER_BOUND('',#835,.T.);
#479=PLANE('',#836);
#480=SURFACE_STYLE_USAGE(.BOTH.,#837);
#481=FACE_OUTER_BOUND('',#838,.T.);
#482=PLANE('',#839);
#483=SURFACE_STYLE_USAGE(.BOTH.,#840);
#484=FACE_OUTER_BOUND('',#841,.T.);
#485=PLANE('',#842);
#486=SURFACE_STYLE_USAGE(.BOTH.,#843);
#487=FACE_OUTER_BOUND('',#844,.T.);
#488=PLANE('',#845);
#489=SURFACE_STYLE_USAGE(.BOTH.,#846);
#490=FACE_OUTER_BOUND('',#847,.T.);
#491=PLANE('',#848);
#492=SURFACE_STYLE_USAGE(.BOTH.,#849);
#493=FACE_OUTER_BOUND('',#850,.T.);
#494=PLANE('',#851);
#495=SURFACE_STYLE_USAGE(.BOTH.,#852);
#496=FACE_OUTER_BOUND('',#853,.T.);
#497=PLANE('',#854);
#498=SURFACE_STYLE_USAGE(.BOTH.,#855);
#499=FACE_OUTER_BOUND('',#856,.T.);
#500=PLANE('',#857);
#501=SURFACE_STYLE_USAGE(.BOTH.,#858);
#502=FACE_OUTER_BOUND('',#859,.T.);
#503=PLANE('',#860);
#504=SURFACE_STYLE_USAGE(.BOTH.,#861);
#505=FACE_OUTER_BOUND('',#862,.T.);
#506=PLANE('',#863);
#507=SURFACE_STYLE_USAGE(.BOTH.,#864);
#508=FACE_OUTER_BOUND('',#865,.T.);
#509=PLANE('',#866);
#510=SURFACE_STYLE_USAGE(.BOTH.,#867);
#511=FACE_OUTER_BOUND('',#868,.T.);
#512=PLANE('',#869);
#513=SURFACE_STYLE_USAGE(.BOTH.,#870);
#514=FACE_OUTER_BOUND('',#871,.T.);
#515=PLANE('',#872);
#516=SURFACE_STYLE_USAGE(.BOTH.,#873);
#517=FACE_OUTER_BOUND('',#874,.T.);
#518=PLANE('',#875);
#519=SURFACE_STYLE_USAGE(.BOTH.,#876);
#520=FACE_OUTER_BOUND('',#877,.T.);
#521=PLANE('',#878);
#522=SURFACE_STYLE_USAGE(.BOTH.,#879);
#523=FACE_OUTER_BOUND('',#880,.T.);
#524=PLANE('',#881);
#525=SURFACE_STYLE_USAGE(.BOTH.,#882);
#526=FACE_OUTER_BOUND('',#883,.T.);
#527=PLANE('',#884);
#528=SURFACE_STYLE_USAGE(.BOTH.,#885);
#529=FACE_OUTER_BOUND('',#886,.T.);
#530=PLANE('',#887);
#531=SURFACE_STYLE_USAGE(.BOTH.,#888);
#532=FACE_OUTER_BOUND('',#889,.T.);
#533=PLANE('',#890);
#534=SURFACE_STYLE_USAGE(.BOTH.,#891);
#535=FACE_OUTER_BOUND('',#892,.T.);
#536=PLANE('',#893);
#537=SURFACE_STYLE_USAGE(.BOTH.,#894);
#538=FACE_OUTER_BOUND('',#895,.T.);
#539=PLANE('',#896);
#540=SURFACE_STYLE_USAGE(.BOTH.,#897);
#541=FACE_OUTER_BOUND('',#898,.T.);
#542=PLANE('',#899);
#543=SURFACE_STYLE_USAGE(.BOTH.,#900);
#544=FACE_OUTER_BOUND('',#901,.T.);
#545=PLANE('',#902);
#546=SURFACE_STYLE_USAGE(.BOTH.,#903);
#547=FACE_OUTER_BOUND('',#904,.T.);
#548=PLANE('',#905);
#549=SURFACE_STYLE_USAGE(.BOTH.,#906);
#550=FACE_OUTER_BOUND('',#907,.T.);
#551=PLANE('',#908);
#552=SURFACE_STYLE_USAGE(.BOTH.,#909);
#553=FACE_OUTER_BOUND('',#910,.T.);
#554=PLANE('',#911);
#555=SURFACE_STYLE_USAGE(.BOTH.,#912);
#556=FACE_OUTER_BOUND('',#913,.T.);
#557=CONICAL_SURFACE('',#914,1.35,0.7853981634);
#558=SURFACE_STYLE_USAGE(.BOTH.,#915);
#559=FACE_OUTER_BOUND('',#916,.T.);
#560=CYLINDRICAL_SURFACE('',#917,1.5);
#561=SURFACE_STYLE_USAGE(.BOTH.,#918);
#562=FACE_OUTER_BOUND('',#919,.T.);
#563=PLANE('',#920);
#564=SURFACE_STYLE_USAGE(.BOTH.,#921);
#565=FACE_OUTER_BOUND('',#922,.T.);
#566=FACE_BOUND('',#923,.T.);
#567=PLANE('',#924);
#568=SURFACE_STYLE_USAGE(.BOTH.,#925);
#569=FACE_OUTER_BOUND('',#926,.T.);
#570=CYLINDRICAL_SURFACE('',#927,1.0);
#571=SURFACE_STYLE_USAGE(.BOTH.,#928);
#572=FACE_OUTER_BOUND('',#929,.T.);
#573=CONICAL_SURFACE('',#930,1.35,0.7853981634);
#574=SURFACE_STYLE_USAGE(.BOTH.,#931);
#575=FACE_OUTER_BOUND('',#932,.T.);
#576=CYLINDRICAL_SURFACE('',#933,1.5);
#577=SURFACE_STYLE_USAGE(.BOTH.,#934);
#578=FACE_OUTER_BOUND('',#935,.T.);
#579=PLANE('',#936);
#580=SURFACE_STYLE_USAGE(.BOTH.,#937);
#581=FACE_OUTER_BOUND('',#938,.T.);
#582=FACE_BOUND('',#939,.T.);
#583=PLANE('',#940);
#584=SURFACE_STYLE_USAGE(.BOTH.,#941);
#585=FACE_OUTER_BOUND('',#942,.T.);
#586=CYLINDRICAL_SURFACE('',#943,1.0);
#587=SURFACE_STYLE_USAGE(.BOTH.,#944);
#588=FACE_OUTER_BOUND('',#945,.T.);
#589=FACE_BOUND('',#946,.T.);
#590=FACE_BOUND('',#947,.T.);
#591=FACE_BOUND('',#948,.T.);
#592=FACE_BOUND('',#949,.T.);
#593=FACE_BOUND('',#950,.T.);
#594=FACE_BOUND('',#951,.T.);
#595=FACE_BOUND('',#952,.T.);
#596=FACE_BOUND('',#953,.T.);
#597=PLANE('',#954);
#598=SURFACE_STYLE_USAGE(.BOTH.,#955);
#599=FACE_OUTER_BOUND('',#956,.T.);
#600=PLANE('',#957);
#601=SURFACE_STYLE_USAGE(.BOTH.,#958);
#602=FACE_OUTER_BOUND('',#959,.T.);
#603=PLANE('',#960);
#604=SURFACE_STYLE_USAGE(.BOTH.,#961);
#605=FACE_OUTER_BOUND('',#962,.T.);
#606=PLANE('',#963);
#607=SURFACE_STYLE_USAGE(.BOTH.,#964);
#608=FACE_OUTER_BOUND('',#965,.T.);
#609=PLANE('',#966);
#610=SURFACE_STYLE_USAGE(.BOTH.,#967);
#611=FACE_OUTER_BOUND('',#968,.T.);
#612=PLANE('',#969);
#613=SURFACE_STYLE_USAGE(.BOTH.,#970);
#614=FACE_OUTER_BOUND('',#971,.T.);
#615=CONICAL_SURFACE('',#972,1.75566243270259,0.5235987756);
#616=SURFACE_STYLE_USAGE(.BOTH.,#973);
#617=FACE_OUTER_BOUND('',#974,.T.);
#618=CYLINDRICAL_SURFACE('',#975,1.9);
#619=SURFACE_STYLE_USAGE(.BOTH.,#976);
#620=FACE_OUTER_BOUND('',#977,.T.);
#621=FACE_BOUND('',#978,.T.);
#622=PLANE('',#979);
#623=SURFACE_STYLE_USAGE(.BOTH.,#980);
#624=FACE_OUTER_BOUND('',#981,.T.);
#625=CONICAL_SURFACE('',#982,1.75566243270259,0.5235987756);
#626=SURFACE_STYLE_USAGE(.BOTH.,#983);
#627=FACE_OUTER_BOUND('',#984,.T.);
#628=CYLINDRICAL_SURFACE('',#985,1.9);
#629=SURFACE_STYLE_USAGE(.BOTH.,#986);
#630=FACE_OUTER_BOUND('',#987,.T.);
#631=FACE_BOUND('',#988,.T.);
#632=PLANE('',#989);
#633=SURFACE_STYLE_USAGE(.BOTH.,#990);
#634=FACE_OUTER_BOUND('',#991,.T.);
#635=PLANE('',#992);
#636=SURFACE_STYLE_USAGE(.BOTH.,#993);
#637=FACE_OUTER_BOUND('',#994,.T.);
#638=PLANE('',#995);
#639=SURFACE_STYLE_USAGE(.BOTH.,#996);
#640=FACE_OUTER_BOUND('',#997,.T.);
#641=PLANE('',#998);
#642=SURFACE_STYLE_USAGE(.BOTH.,#999);
#643=FACE_OUTER_BOUND('',#1000,.T.);
#644=PLANE('',#1001);
#645=SURFACE_STYLE_USAGE(.BOTH.,#1002);
#646=FACE_OUTER_BOUND('',#1003,.T.);
#647=PLANE('',#1004);
#648=SURFACE_STYLE_USAGE(.BOTH.,#1005);
#649=FACE_OUTER_BOUND('',#1006,.T.);
#650=PLANE('',#1007);
#651=SURFACE_STYLE_USAGE(.BOTH.,#1008);
#652=FACE_OUTER_BOUND('',#1009,.T.);
#653=PLANE('',#1010);
#654=SURFACE_STYLE_USAGE(.BOTH.,#1011);
#655=FACE_OUTER_BOUND('',#1012,.T.);
#656=PLANE('',#1013);
#657=SURFACE_STYLE_USAGE(.BOTH.,#1014);
#658=FACE_OUTER_BOUND('',#1015,.T.);
#659=PLANE('',#1016);
#660=SURFACE_STYLE_USAGE(.BOTH.,#1017);
#661=FACE_OUTER_BOUND('',#1018,.T.);
#662=FACE_BOUND('',#1019,.T.);
#663=PLANE('',#1020);
#664=SURFACE_STYLE_USAGE(.BOTH.,#1021);
#665=FACE_OUTER_BOUND('',#1022,.T.);
#666=PLANE('',#1023);
#667=SURFACE_STYLE_USAGE(.BOTH.,#1024);
#668=FACE_OUTER_BOUND('',#1025,.T.);
#669=FACE_BOUND('',#1026,.T.);
#670=PLANE('',#1027);
#671=SURFACE_STYLE_USAGE(.BOTH.,#1028);
#672=FACE_OUTER_BOUND('',#1029,.T.);
#673=PLANE('',#1030);
#674=SURFACE_STYLE_USAGE(.BOTH.,#1031);
#675=FACE_OUTER_BOUND('',#1032,.T.);
#676=PLANE('',#1033);
#677=SURFACE_STYLE_USAGE(.BOTH.,#1034);
#678=FACE_OUTER_BOUND('',#1035,.T.);
#679=FACE_BOUND('',#1036,.T.);
#680=FACE_BOUND('',#1037,.T.);
#681=FACE_BOUND('',#1038,.T.);
#682=FACE_BOUND('',#1039,.T.);
#683=PLANE('',#1040);
#684=SURFACE_STYLE_USAGE(.BOTH.,#1041);
#685=FACE_OUTER_BOUND('',#1042,.T.);
#686=PLANE('',#1043);
#687=SURFACE_STYLE_USAGE(.BOTH.,#1044);
#688=FACE_OUTER_BOUND('',#1045,.T.);
#689=PLANE('',#1046);
#690=SURFACE_STYLE_USAGE(.BOTH.,#1047);
#691=CLOSED_SHELL('',(#138,#140,#142,#144,#146,#148,#150,#152,#154,#156,#158,#160,#162,#164,#166,#168,#170,#172,#174,#176,#178,#180,#182,#184,#186,#188,#190,#192,#194,#196,#198,#200,#202,#204,#206,#208,#210,#212,#214,#216,#218,#220,#222,#224,#226,#228,#230,#232,#234,#236,#238,#240,#242,#244,#246,#248,#250,#252,#254,#256,#258,#260,#262,#264,#266,#268,#270,#272,#274,#276,#278,#280,#282,#284,#286,#288,#290,#292,#294,#296,#298,#300,#302,#304,#306,#308,#310,#312,#314,#316,#318,#320,#322,#324,#326,#328,#330,#332,#334));
#692=SURFACE_STYLE_USAGE(.BOTH.,#1048);
#693=FACE_OUTER_BOUND('',#1049,.T.);
#694=B_SPLINE_SURFACE_WITH_KNOTS('',3,3,((#1050,#1051,#1052,#1053,#1054,#1055,#1056,#1057,#1058,#1059,#1060,#1061,#1062,#1063,#1064,#1065,#1066,#1067,#1068,#1069,#1070,#1071,#1072,#1073,#1074,#1075,#1076,#1077,#1078,#1079,#1080,#1081,#1082,#1083,#1084,#1085,#1086,#1087,#1088,#1089,#1090,#1091,#1092,#1093,#1094,#1095,#1096,#1097,#1098,#1099,#1100,#1101,#1102,#1103,#1104,#1105,#1106,#1107,#1108,#1109,#1110,#1111,#1112,#1113,#1114,#1115,#1116,#1117,#1118,#1119,#1120,#1121,#1122,#1123,#1124,#1125,#1126,#1127,#1128,#1129,#1130,#1131,#1132,#1133,#1134,#1135,#1136,#1137,#1138,#1139,#1140,#1141),(#1142,#1143,#1144,#1145,#1146,#1147,#1148,#1149,#1150,#1151,#1152,#1153,#1154,#1155,#1156,#1157,#1158,#1159,#1160,#1161,#1162,#1163,#1164,#1165,#1166,#1167,#1168,#1169,#1170,#1171,#1172,#1173,#1174,#1175,#1176,#1177,#1178,#1179,#1180,#1181,#1182,#1183,#1184,#1185,#1186,#1187,#1188,#1189,#1190,#1191,#1192,#1193,#1194,#1195,#1196,#1197,#1198,#1199,#1200,#1201,#1202,#1203,#1204,#1205,#1206,#1207,#1208,#1209,#1210,#1211,#1212,#1213,#1214,#1215,#1216,#1217,#1218,#1219,#1220,#1221,#1222,#1223,#1224,#1225,#1226,#1227,#1228,#1229,#1230,#1231,#1232,#1233),(#1234,#1235,#1236,#1237,#1238,#1239,#1240,#1241,#1242,#1243,#1244,#1245,#1246,#1247,#1248,#1249,#1250,#1251,#1252,#1253,#1254,#1255,#1256,#1257,#1258,#1259,#1260,#1261,#1262,#1263,#1264,#1265,#1266,#1267,#1268,#1269,#1270,#1271,#1272,#1273,#1274,#1275,#1276,#1277,#1278,#1279,#1280,#1281,#1282,#1283,#1284,#1285,#1286,#1287,#1288,#1289,#1290,#1291,#1292,#1293,#1294,#1295,#1296,#1297,#1298,#1299,#1300,#1301,#1302,#1303,#1304,#1305,#1306,#1307,#1308,#1309,#1310,#1311,#1312,#1313,#1314,#1315,#1316,#1317,#1318,#1319,#1320,#1321,#1322,#1323,#1324,#1325),(#1326,#1327,#1328,#1329,#1330,#1331,#1332,#1333,#1334,#1335,#1336,#1337,#1338,#1339,#1340,#1341,#1342,#1343,#1344,#1345,#1346,#1347,#1348,#1349,#1350,#1351,#1352,#1353,#1354,#1355,#1356,#1357,#1358,#1359,#1360,#1361,#1362,#1363,#1364,#1365,#1366,#1367,#1368,#1369,#1370,#1371,#1372,#1373,#1374,#1375,#1376,#1377,#1378,#1379,#1380,#1381,#1382,#1383,#1384,#1385,#1386,#1387,#1388,#1389,#1390,#1391,#1392,#1393,#1394,#1395,#1396,#1397,#1398,#1399,#1400,#1401,#1402,#1403,#1404,#1405,#1406,#1407,#1408,#1409,#1410,#1411,#1412,#1413,#1414,#1415,#1416,#1417),(#1418,#1419,#1420,#1421,#1422,#1423,#1424,#1425,#1426,#1427,#1428,#1429,#1430,#1431,#1432,#1433,#1434,#1435,#1436,#1437,#1438,#1439,#1440,#1441,#1442,#1443,#1444,#1445,#1446,#1447,#1448,#1449,#1450,#1451,#1452,#1453,#1454,#1455,#1456,#1457,#1458,#1459,#1460,#1461,#1462,#1463,#1464,#1465,#1466,#1467,#1468,#1469,#1470,#1471,#1472,#1473,#1474,#1475,#1476,#1477,#1478,#1479,#1480,#1481,#1482,#1483,#1484,#1485,#1486,#1487,#1488,#1489,#1490,#1491,#1492,#1493,#1494,#1495,#1496,#1497,#1498,#1499,#1500,#1501,#1502,#1503,#1504,#1505,#1506,#1507,#1508,#1509),(#1510,#1511,#1512,#1513,#1514,#1515,#1516,#1517,#1518,#1519,#1520,#1521,#1522,#1523,#1524,#1525,#1526,#1527,#1528,#1529,#1530,#1531,#1532,#1533,#1534,#1535,#1536,#1537,#1538,#1539,#1540,#1541,#1542,#1543,#1544,#1545,#1546,#1547,#1548,#1549,#1550,#1551,#1552,#1553,#1554,#1555,#1556,#1557,#1558,#1559,#1560,#1561,#1562,#1563,#1564,#1565,#1566,#1567,#1568,#1569,#1570,#1571,#1572,#1573,#1574,#1575,#1576,#1577,#1578,#1579,#1580,#1581,#1582,#1583,#1584,#1585,#1586,#1587,#1588,#1589,#1590,#1591,#1592,#1593,#1594,#1595,#1596,#1597,#1598,#1599,#1600,#1601),(#1602,#1603,#1604,#1605,#1606,#1607,#1608,#1609,#1610,#1611,#1612,#1613,#1614,#1615,#1616,#1617,#1618,#1619,#1620,#1621,#1622,#1623,#1624,#1625,#1626,#1627,#1628,#1629,#1630,#1631,#1632,#1633,#1634,#1635,#1636,#1637,#1638,#1639,#1640,#1641,#1642,#1643,#1644,#1645,#1646,#1647,#1648,#1649,#1650,#1651,#1652,#1653,#1654,#1655,#1656,#1657,#1658,#1659,#1660,#1661,#1662,#1663,#1664,#1665,#1666,#1667,#1668,#1669,#1670,#1671,#1672,#1673,#1674,#1675,#1676,#1677,#1678,#1679,#1680,#1681,#1682,#1683,#1684,#1685,#1686,#1687,#1688,#1689,#1690,#1691,#1692,#1693),(#1694,#1695,#1696,#1697,#1698,#1699,#1700,#1701,#1702,#1703,#1704,#1705,#1706,#1707,#1708,#1709,#1710,#1711,#1712,#1713,#1714,#1715,#1716,#1717,#1718,#1719,#1720,#1721,#1722,#1723,#1724,#1725,#1726,#1727,#1728,#1729,#1730,#1731,#1732,#1733,#1734,#1735,#1736,#1737,#1738,#1739,#1740,#1741,#1742,#1743,#1744,#1745,#1746,#1747,#1748,#1749,#1750,#1751,#1752,#1753,#1754,#1755,#1756,#1757,#1758,#1759,#1760,#1761,#1762,#1763,#1764,#1765,#1766,#1767,#1768,#1769,#1770,#1771,#1772,#1773,#1774,#1775,#1776,#1777,#1778,#1779,#1780,#1781,#1782,#1783,#1784,#1785),(#1786,#1787,#1788,#1789,#1790,#1791,#1792,#1793,#1794,#1795,#1796,#1797,#1798,#1799,#1800,#1801,#1802,#1803,#1804,#1805,#1806,#1807,#1808,#1809,#1810,#1811,#1812,#1813,#1814,#1815,#1816,#1817,#1818,#1819,#1820,#1821,#1822,#1823,#1824,#1825,#1826,#1827,#1828,#1829,#1830,#1831,#1832,#1833,#1834,#1835,#1836,#1837,#1838,#1839,#1840,#1841,#1842,#1843,#1844,#1845,#1846,#1847,#1848,#1849,#1850,#1851,#1852,#1853,#1854,#1855,#1856,#1857,#1858,#1859,#1860,#1861,#1862,#1863,#1864,#1865,#1866,#1867,#1868,#1869,#1870,#1871,#1872,#1873,#1874,#1875,#1876,#1877),(#1878,#1879,#1880,#1881,#1882,#1883,#1884,#1885,#1886,#1887,#1888,#1889,#1890,#1891,#1892,#1893,#1894,#1895,#1896,#1897,#1898,#1899,#1900,#1901,#1902,#1903,#1904,#1905,#1906,#1907,#1908,#1909,#1910,#1911,#1912,#1913,#1914,#1915,#1916,#1917,#1918,#1919,#1920,#1921,#1922,#1923,#1924,#1925,#1926,#1927,#1928,#1929,#1930,#1931,#1932,#1933,#1934,#1935,#1936,#1937,#1938,#1939,#1940,#1941,#1942,#1943,#1944,#1945,#1946,#1947,#1948,#1949,#1950,#1951,#1952,#1953,#1954,#1955,#1956,#1957,#1958,#1959,#1960,#1961,#1962,#1963,#1964,#1965,#1966,#1967,#1968,#1969)),.UNSPECIFIED.,.T.,.F.,.F.,(4,1,1,1,1,1,1,4),(4,1,1,2,1,1,1,2,1,1,1,1,1,1,1,1,1,1,1,1,1,1,1,1,1,1,1,1,1,1,1,1,1,1,1,1,1,1,1,1,1,1,1,1,1,1,1,1,1,1,1,1,1,1,1,1,1,1,1,1,1,1,1,1,1,1,1,1,1,1,1,1,1,1,1,1,1,1,2,1,1,1,2,1,1,4),(-3.14159265358979,-2.24399475256414,-1.34639685153848,-0.448798950512828,0.448798950512828,1.34639685153848,2.24399475256414,3.14159265358979),(0.0,0.589048622548086,0.98174770424681,1.5707963267949,2.35619449019234,2.74889357189107,2.94524311274043,3.14159265358979,3.65701019831937,4.00062189480575,4.51603943953533,5.20326283250809,5.89048622548086,6.57770961845363,7.2649330114264,7.95215640439916,8.63937979737193,9.3266031903447,10.0138265833175,10.7010499762902,11.388273369263,12.0754967622358,12.7627201552085,13.4499435481813,13.7935552446677,14.1371669411541,14.4807786376405,14.8243903341268,15.5116137270996,16.0270312718292,16.3706429683156,16.8860605130451,17.5732839060179,18.2605072989907,18.9477306919634,19.6349540849362,20.322177477909,21.0094008708817,21.6966242638545,22.3838476568273,23.0710710498,23.7582944427728,24.4455178357456,25.1327412287183,25.8199646216911,26.5071880146639,27.1944114076366,27.8816348006094,28.5688581935822,29.2560815865549,29.9433049795277,30.6305283725005,31.3177517654732,32.004975158446,32.6921985514188,33.3794219443915,34.0666453373643,34.7538687303371,35.4410921233098,35.7847038197962,36.1283155162826,36.471927212769,36.8155389092554,37.5027623022281,38.1899856952009,38.8772090881737,39.5644324811465,40.2516558741192,40.938879267092,41.6261026600648,42.3133260530375,43.0005494460103,43.6877728389831,44.3749962319558,45.0622196249286,45.7494430179014,46.2648605626309,46.6084722591173,47.1238898038469,47.3202393446963,47.5165888855456,47.9092879672443,48.6946861306418,49.2837347531899,49.6764338348886,50.2654824574367),.UNSPECIFIED.);
#695=SURFACE_STYLE_USAGE(.BOTH.,#1970);
#696=FACE_OUTER_BOUND('',#1971,.T.);
#697=B_SPLINE_SURFACE_WITH_KNOTS('',3,3,((#1972,#1973,#1974,#1975,#1976,#1977,#1978,#1979,#1980,#1981,#1982,#1983,#1984,#1985,#1986,#1987,#1988,#1989,#1990,#1991,#1992,#1993,#1994,#1995,#1996,#1997,#1998,#1999,#2000,#2001,#2002,#2003,#2004,#2005,#2006,#2007,#2008,#2009,#2010,#2011,#2012,#2013,#2014,#2015,#2016,#2017,#2018,#2019,#2020,#2021,#2022,#2023,#2024,#2025,#2026,#2027,#2028,#2029,#2030,#2031,#2032,#2033,#2034,#2035,#2036,#2037,#2038,#2039,#2040,#2041,#2042,#2043,#2044,#2045,#2046,#2047,#2048,#2049,#2050,#2051,#2052,#2053,#2054,#2055,#2056,#2057,#2058,#2059,#2060,#2061,#2062,#2063),(#2064,#2065,#2066,#2067,#2068,#2069,#2070,#2071,#2072,#2073,#2074,#2075,#2076,#2077,#2078,#2079,#2080,#2081,#2082,#2083,#2084,#2085,#2086,#2087,#2088,#2089,#2090,#2091,#2092,#2093,#2094,#2095,#2096,#2097,#2098,#2099,#2100,#2101,#2102,#2103,#2104,#2105,#2106,#2107,#2108,#2109,#2110,#2111,#2112,#2113,#2114,#2115,#2116,#2117,#2118,#2119,#2120,#2121,#2122,#2123,#2124,#2125,#2126,#2127,#2128,#2129,#2130,#2131,#2132,#2133,#2134,#2135,#2136,#2137,#2138,#2139,#2140,#2141,#2142,#2143,#2144,#2145,#2146,#2147,#2148,#2149,#2150,#2151,#2152,#2153,#2154,#2155),(#2156,#2157,#2158,#2159,#2160,#2161,#2162,#2163,#2164,#2165,#2166,#2167,#2168,#2169,#2170,#2171,#2172,#2173,#2174,#2175,#2176,#2177,#2178,#2179,#2180,#2181,#2182,#2183,#2184,#2185,#2186,#2187,#2188,#2189,#2190,#2191,#2192,#2193,#2194,#2195,#2196,#2197,#2198,#2199,#2200,#2201,#2202,#2203,#2204,#2205,#2206,#2207,#2208,#2209,#2210,#2211,#2212,#2213,#2214,#2215,#2216,#2217,#2218,#2219,#2220,#2221,#2222,#2223,#2224,#2225,#2226,#2227,#2228,#2229,#2230,#2231,#2232,#2233,#2234,#2235,#2236,#2237,#2238,#2239,#2240,#2241,#2242,#2243,#2244,#2245,#2246,#2247),(#2248,#2249,#2250,#2251,#2252,#2253,#2254,#2255,#2256,#2257,#2258,#2259,#2260,#2261,#2262,#2263,#2264,#2265,#2266,#2267,#2268,#2269,#2270,#2271,#2272,#2273,#2274,#2275,#2276,#2277,#2278,#2279,#2280,#2281,#2282,#2283,#2284,#2285,#2286,#2287,#2288,#2289,#2290,#2291,#2292,#2293,#2294,#2295,#2296,#2297,#2298,#2299,#2300,#2301,#2302,#2303,#2304,#2305,#2306,#2307,#2308,#2309,#2310,#2311,#2312,#2313,#2314,#2315,#2316,#2317,#2318,#2319,#2320,#2321,#2322,#2323,#2324,#2325,#2326,#2327,#2328,#2329,#2330,#2331,#2332,#2333,#2334,#2335,#2336,#2337,#2338,#2339),(#2340,#2341,#2342,#2343,#2344,#2345,#2346,#2347,#2348,#2349,#2350,#2351,#2352,#2353,#2354,#2355,#2356,#2357,#2358,#2359,#2360,#2361,#2362,#2363,#2364,#2365,#2366,#2367,#2368,#2369,#2370,#2371,#2372,#2373,#2374,#2375,#2376,#2377,#2378,#2379,#2380,#2381,#2382,#2383,#2384,#2385,#2386,#2387,#2388,#2389,#2390,#2391,#2392,#2393,#2394,#2395,#2396,#2397,#2398,#2399,#2400,#2401,#2402,#2403,#2404,#2405,#2406,#2407,#2408,#2409,#2410,#2411,#2412,#2413,#2414,#2415,#2416,#2417,#2418,#2419,#2420,#2421,#2422,#2423,#2424,#2425,#2426,#2427,#2428,#2429,#2430,#2431),(#2432,#2433,#2434,#2435,#2436,#2437,#2438,#2439,#2440,#2441,#2442,#2443,#2444,#2445,#2446,#2447,#2448,#2449,#2450,#2451,#2452,#2453,#2454,#2455,#2456,#2457,#2458,#2459,#2460,#2461,#2462,#2463,#2464,#2465,#2466,#2467,#2468,#2469,#2470,#2471,#2472,#2473,#2474,#2475,#2476,#2477,#2478,#2479,#2480,#2481,#2482,#2483,#2484,#2485,#2486,#2487,#2488,#2489,#2490,#2491,#2492,#2493,#2494,#2495,#2496,#2497,#2498,#2499,#2500,#2501,#2502,#2503,#2504,#2505,#2506,#2507,#2508,#2509,#2510,#2511,#2512,#2513,#2514,#2515,#2516,#2517,#2518,#2519,#2520,#2521,#2522,#2523),(#2524,#2525,#2526,#2527,#2528,#2529,#2530,#2531,#2532,#2533,#2534,#2535,#2536,#2537,#2538,#2539,#2540,#2541,#2542,#2543,#2544,#2545,#2546,#2547,#2548,#2549,#2550,#2551,#2552,#2553,#2554,#2555,#2556,#2557,#2558,#2559,#2560,#2561,#2562,#2563,#2564,#2565,#2566,#2567,#2568,#2569,#2570,#2571,#2572,#2573,#2574,#2575,#2576,#2577,#2578,#2579,#2580,#2581,#2582,#2583,#2584,#2585,#2586,#2587,#2588,#2589,#2590,#2591,#2592,#2593,#2594,#2595,#2596,#2597,#2598,#2599,#2600,#2601,#2602,#2603,#2604,#2605,#2606,#2607,#2608,#2609,#2610,#2611,#2612,#2613,#2614,#2615),(#2616,#2617,#2618,#2619,#2620,#2621,#2622,#2623,#2624,#2625,#2626,#2627,#2628,#2629,#2630,#2631,#2632,#2633,#2634,#2635,#2636,#2637,#2638,#2639,#2640,#2641,#2642,#2643,#2644,#2645,#2646,#2647,#2648,#2649,#2650,#2651,#2652,#2653,#2654,#2655,#2656,#2657,#2658,#2659,#2660,#2661,#2662,#2663,#2664,#2665,#2666,#2667,#2668,#2669,#2670,#2671,#2672,#2673,#2674,#2675,#2676,#2677,#2678,#2679,#2680,#2681,#2682,#2683,#2684,#2685,#2686,#2687,#2688,#2689,#2690,#2691,#2692,#2693,#2694,#2695,#2696,#2697,#2698,#2699,#2700,#2701,#2702,#2703,#2704,#2705,#2706,#2707),(#2708,#2709,#2710,#2711,#2712,#2713,#2714,#2715,#2716,#2717,#2718,#2719,#2720,#2721,#2722,#2723,#2724,#2725,#2726,#2727,#2728,#2729,#2730,#2731,#2732,#2733,#2734,#2735,#2736,#2737,#2738,#2739,#2740,#2741,#2742,#2743,#2744,#2745,#2746,#2747,#2748,#2749,#2750,#2751,#2752,#2753,#2754,#2755,#2756,#2757,#2758,#2759,#2760,#2761,#2762,#2763,#2764,#2765,#2766,#2767,#2768,#2769,#2770,#2771,#2772,#2773,#2774,#2775,#2776,#2777,#2778,#2779,#2780,#2781,#2782,#2783,#2784,#2785,#2786,#2787,#2788,#2789,#2790,#2791,#2792,#2793,#2794,#2795,#2796,#2797,#2798,#2799),(#2800,#2801,#2802,#2803,#2804,#2805,#2806,#2807,#2808,#2809,#2810,#2811,#2812,#2813,#2814,#2815,#2816,#2817,#2818,#2819,#2820,#2821,#2822,#2823,#2824,#2825,#2826,#2827,#2828,#2829,#2830,#2831,#2832,#2833,#2834,#2835,#2836,#2837,#2838,#2839,#2840,#2841,#2842,#2843,#2844,#2845,#2846,#2847,#2848,#2849,#2850,#2851,#2852,#2853,#2854,#2855,#2856,#2857,#2858,#2859,#2860,#2861,#2862,#2863,#2864,#2865,#2866,#2867,#2868,#2869,#2870,#2871,#2872,#2873,#2874,#2875,#2876,#2877,#2878,#2879,#2880,#2881,#2882,#2883,#2884,#2885,#2886,#2887,#2888,#2889,#2890,#2891)),.UNSPECIFIED.,.T.,.F.,.F.,(4,1,1,1,1,1,1,4),(4,1,1,2,1,1,1,2,1,1,1,1,1,1,1,1,1,1,1,1,1,1,1,1,1,1,1,1,1,1,1,1,1,1,1,1,1,1,1,1,1,1,1,1,1,1,1,1,1,1,1,1,1,1,1,1,1,1,1,1,1,1,1,1,1,1,1,1,1,1,1,1,1,1,1,1,1,1,2,1,1,1,2,1,1,4),(-3.14159265358979,-2.24399475256414,-1.34639685153848,-0.448798950512828,0.448798950512828,1.34639685153848,2.24399475256414,3.14159265358979),(0.0,0.589048622548086,0.98174770424681,1.5707963267949,2.35619449019234,2.74889357189107,2.94524311274043,3.14159265358979,3.65701019831937,4.00062189480575,4.51603943953533,5.20326283250809,5.89048622548086,6.57770961845363,7.2649330114264,7.95215640439916,8.63937979737193,9.3266031903447,10.0138265833175,10.7010499762902,11.388273369263,12.0754967622358,12.7627201552085,13.4499435481813,13.7935552446677,14.1371669411541,14.4807786376405,14.8243903341268,15.5116137270996,16.0270312718292,16.3706429683156,16.8860605130451,17.5732839060179,18.2605072989907,18.9477306919634,19.6349540849362,20.322177477909,21.0094008708817,21.6966242638545,22.3838476568273,23.0710710498,23.7582944427728,24.4455178357456,25.1327412287183,25.8199646216911,26.5071880146639,27.1944114076366,27.8816348006094,28.5688581935822,29.2560815865549,29.9433049795277,30.6305283725005,31.3177517654732,32.004975158446,32.6921985514188,33.3794219443915,34.0666453373643,34.7538687303371,35.4410921233098,35.7847038197962,36.1283155162826,36.471927212769,36.8155389092554,37.5027623022281,38.1899856952009,38.8772090881737,39.5644324811465,40.2516558741192,40.938879267092,41.6261026600648,42.3133260530375,43.0005494460103,43.6877728389831,44.3749962319558,45.0622196249286,45.7494430179014,46.2648605626309,46.6084722591173,47.1238898038469,47.3202393446963,47.5165888855456,47.9092879672443,48.6946861306418,49.2837347531899,49.6764338348886,50.2654824574367),.UNSPECIFIED.);
#698=SURFACE_STYLE_USAGE(.BOTH.,#2892);
#699=FACE_OUTER_BOUND('',#2893,.T.);
#700=PLANE('',#2894);
#701=SURFACE_STYLE_USAGE(.BOTH.,#2895);
#702=FACE_OUTER_BOUND('',#2896,.T.);
#703=PLANE('',#2897);
#704=SURFACE_STYLE_USAGE(.BOTH.,#2898);
#705=CLOSED_SHELL('',(#338,#340,#342,#344));
#706=SURFACE_STYLE_USAGE(.BOTH.,#2899);
#707=FACE_OUTER_BOUND('',#2900,.T.);
#708=B_SPLINE_SURFACE_WITH_KNOTS('',3,3,((#2901,#2902,#2903,#2904,#2905,#2906,#2907,#2908,#2909,#2910,#2911,#2912,#2913,#2914,#2915,#2916,#2917,#2918,#2919,#2920,#2921,#2922,#2923,#2924,#2925,#2926,#2927,#2928,#2929,#2930,#2931,#2932,#2933,#2934,#2935,#2936,#2937,#2938,#2939,#2940,#2941,#2942,#2943,#2944,#2945,#2946,#2947,#2948,#2949,#2950,#2951,#2952,#2953,#2954,#2955,#2956,#2957,#2958,#2959,#2960,#2961,#2962,#2963,#2964,#2965,#2966,#2967,#2968,#2969,#2970,#2971,#2972,#2973,#2974,#2975,#2976,#2977,#2978,#2979,#2980,#2981,#2982,#2983,#2984,#2985),(#2986,#2987,#2988,#2989,#2990,#2991,#2992,#2993,#2994,#2995,#2996,#2997,#2998,#2999,#3000,#3001,#3002,#3003,#3004,#3005,#3006,#3007,#3008,#3009,#3010,#3011,#3012,#3013,#3014,#3015,#3016,#3017,#3018,#3019,#3020,#3021,#3022,#3023,#3024,#3025,#3026,#3027,#3028,#3029,#3030,#3031,#3032,#3033,#3034,#3035,#3036,#3037,#3038,#3039,#3040,#3041,#3042,#3043,#3044,#3045,#3046,#3047,#3048,#3049,#3050,#3051,#3052,#3053,#3054,#3055,#3056,#3057,#3058,#3059,#3060,#3061,#3062,#3063,#3064,#3065,#3066,#3067,#3068,#3069,#3070),(#3071,#3072,#3073,#3074,#3075,#3076,#3077,#3078,#3079,#3080,#3081,#3082,#3083,#3084,#3085,#3086,#3087,#3088,#3089,#3090,#3091,#3092,#3093,#3094,#3095,#3096,#3097,#3098,#3099,#3100,#3101,#3102,#3103,#3104,#3105,#3106,#3107,#3108,#3109,#3110,#3111,#3112,#3113,#3114,#3115,#3116,#3117,#3118,#3119,#3120,#3121,#3122,#3123,#3124,#3125,#3126,#3127,#3128,#3129,#3130,#3131,#3132,#3133,#3134,#3135,#3136,#3137,#3138,#3139,#3140,#3141,#3142,#3143,#3144,#3145,#3146,#3147,#3148,#3149,#3150,#3151,#3152,#3153,#3154,#3155),(#3156,#3157,#3158,#3159,#3160,#3161,#3162,#3163,#3164,#3165,#3166,#3167,#3168,#3169,#3170,#3171,#3172,#3173,#3174,#3175,#3176,#3177,#3178,#3179,#3180,#3181,#3182,#3183,#3184,#3185,#3186,#3187,#3188,#3189,#3190,#3191,#3192,#3193,#3194,#3195,#3196,#3197,#3198,#3199,#3200,#3201,#3202,#3203,#3204,#3205,#3206,#3207,#3208,#3209,#3210,#3211,#3212,#3213,#3214,#3215,#3216,#3217,#3218,#3219,#3220,#3221,#3222,#3223,#3224,#3225,#3226,#3227,#3228,#3229,#3230,#3231,#3232,#3233,#3234,#3235,#3236,#3237,#3238,#3239,#3240),(#3241,#3242,#3243,#3244,#3245,#3246,#3247,#3248,#3249,#3250,#3251,#3252,#3253,#3254,#3255,#3256,#3257,#3258,#3259,#3260,#3261,#3262,#3263,#3264,#3265,#3266,#3267,#3268,#3269,#3270,#3271,#3272,#3273,#3274,#3275,#3276,#3277,#3278,#3279,#3280,#3281,#3282,#3283,#3284,#3285,#3286,#3287,#3288,#3289,#3290,#3291,#3292,#3293,#3294,#3295,#3296,#3297,#3298,#3299,#3300,#3301,#3302,#3303,#3304,#3305,#3306,#3307,#3308,#3309,#3310,#3311,#3312,#3313,#3314,#3315,#3316,#3317,#3318,#3319,#3320,#3321,#3322,#3323,#3324,#3325),(#3326,#3327,#3328,#3329,#3330,#3331,#3332,#3333,#3334,#3335,#3336,#3337,#3338,#3339,#3340,#3341,#3342,#3343,#3344,#3345,#3346,#3347,#3348,#3349,#3350,#3351,#3352,#3353,#3354,#3355,#3356,#3357,#3358,#3359,#3360,#3361,#3362,#3363,#3364,#3365,#3366,#3367,#3368,#3369,#3370,#3371,#3372,#3373,#3374,#3375,#3376,#3377,#3378,#3379,#3380,#3381,#3382,#3383,#3384,#3385,#3386,#3387,#3388,#3389,#3390,#3391,#3392,#3393,#3394,#3395,#3396,#3397,#3398,#3399,#3400,#3401,#3402,#3403,#3404,#3405,#3406,#3407,#3408,#3409,#3410),(#3411,#3412,#3413,#3414,#3415,#3416,#3417,#3418,#3419,#3420,#3421,#3422,#3423,#3424,#3425,#3426,#3427,#3428,#3429,#3430,#3431,#3432,#3433,#3434,#3435,#3436,#3437,#3438,#3439,#3440,#3441,#3442,#3443,#3444,#3445,#3446,#3447,#3448,#3449,#3450,#3451,#3452,#3453,#3454,#3455,#3456,#3457,#3458,#3459,#3460,#3461,#3462,#3463,#3464,#3465,#3466,#3467,#3468,#3469,#3470,#3471,#3472,#3473,#3474,#3475,#3476,#3477,#3478,#3479,#3480,#3481,#3482,#3483,#3484,#3485,#3486,#3487,#3488,#3489,#3490,#3491,#3492,#3493,#3494,#3495),(#3496,#3497,#3498,#3499,#3500,#3501,#3502,#3503,#3504,#3505,#3506,#3507,#3508,#3509,#3510,#3511,#3512,#3513,#3514,#3515,#3516,#3517,#3518,#3519,#3520,#3521,#3522,#3523,#3524,#3525,#3526,#3527,#3528,#3529,#3530,#3531,#3532,#3533,#3534,#3535,#3536,#3537,#3538,#3539,#3540,#3541,#3542,#3543,#3544,#3545,#3546,#3547,#3548,#3549,#3550,#3551,#3552,#3553,#3554,#3555,#3556,#3557,#3558,#3559,#3560,#3561,#3562,#3563,#3564,#3565,#3566,#3567,#3568,#3569,#3570,#3571,#3572,#3573,#3574,#3575,#3576,#3577,#3578,#3579,#3580),(#3581,#3582,#3583,#3584,#3585,#3586,#3587,#3588,#3589,#3590,#3591,#3592,#3593,#3594,#3595,#3596,#3597,#3598,#3599,#3600,#3601,#3602,#3603,#3604,#3605,#3606,#3607,#3608,#3609,#3610,#3611,#3612,#3613,#3614,#3615,#3616,#3617,#3618,#3619,#3620,#3621,#3622,#3623,#3624,#3625,#3626,#3627,#3628,#3629,#3630,#3631,#3632,#3633,#3634,#3635,#3636,#3637,#3638,#3639,#3640,#3641,#3642,#3643,#3644,#3645,#3646,#3647,#3648,#3649,#3650,#3651,#3652,#3653,#3654,#3655,#3656,#3657,#3658,#3659,#3660,#3661,#3662,#3663,#3664,#3665),(#3666,#3667,#3668,#3669,#3670,#3671,#3672,#3673,#3674,#3675,#3676,#3677,#3678,#3679,#3680,#3681,#3682,#3683,#3684,#3685,#3686,#3687,#3688,#3689,#3690,#3691,#3692,#3693,#3694,#3695,#3696,#3697,#3698,#3699,#3700,#3701,#3702,#3703,#3704,#3705,#3706,#3707,#3708,#3709,#3710,#3711,#3712,#3713,#3714,#3715,#3716,#3717,#3718,#3719,#3720,#3721,#3722,#3723,#3724,#3725,#3726,#3727,#3728,#3729,#3730,#3731,#3732,#3733,#3734,#3735,#3736,#3737,#3738,#3739,#3740,#3741,#3742,#3743,#3744,#3745,#3746,#3747,#3748,#3749,#3750)),.UNSPECIFIED.,.T.,.F.,.F.,(4,1,1,1,1,1,1,4),(4,1,2,1,1,1,2,1,1,1,1,1,1,1,1,1,1,1,1,1,1,1,1,1,1,1,1,1,1,1,1,1,1,1,1,1,1,1,1,1,1,1,1,1,1,1,1,1,1,1,1,1,1,1,1,1,1,1,1,1,1,1,1,1,1,1,1,1,1,1,1,1,2,1,1,1,2,1,4),(-3.14159265358979,-2.24399475256414,-1.34639685153848,-0.448798950512828,0.448798950512828,1.34639685153848,2.24399475256414,3.14159265358979),(0.0,0.785398163397448,1.5707963267949,2.35619449019234,2.74889357189107,2.94524311274043,3.14159265358979,3.82881604656256,4.51603943953533,5.20326283250809,5.89048622548086,6.57770961845363,7.2649330114264,7.95215640439916,8.63937979737193,9.3266031903447,10.0138265833175,10.7010499762902,11.388273369263,12.0754967622358,12.7627201552085,13.4499435481813,14.1371669411541,14.4807786376405,14.8243903341268,15.5116137270996,16.1988371200724,16.8860605130451,17.5732839060179,18.2605072989907,18.9477306919634,19.6349540849362,20.322177477909,21.0094008708817,21.6966242638545,22.3838476568273,23.0710710498,23.7582944427728,24.4455178357456,25.1327412287183,25.8199646216911,26.5071880146639,27.1944114076366,27.8816348006094,28.5688581935822,29.2560815865549,29.9433049795277,30.6305283725005,31.3177517654732,32.004975158446,32.6921985514188,33.3794219443915,34.0666453373643,34.7538687303371,35.4410921233098,35.7847038197962,36.1283155162826,36.8155389092554,37.5027623022281,38.1899856952009,38.8772090881737,39.5644324811465,40.2516558741192,40.938879267092,41.6261026600648,42.3133260530375,43.0005494460103,43.6877728389831,44.3749962319558,45.0622196249286,45.7494430179014,46.4366664108741,47.1238898038469,47.3202393446963,47.5165888855456,47.9092879672443,48.6946861306418,49.4800842940392,50.2654824574367),.UNSPECIFIED.);
#709=SURFACE_STYLE_USAGE(.BOTH.,#3751);
#710=FACE_OUTER_BOUND('',#3752,.T.);
#711=B_SPLINE_SURFACE_WITH_KNOTS('',3,3,((#3753,#3754,#3755,#3756,#3757,#3758,#3759,#3760,#3761,#3762,#3763,#3764,#3765,#3766,#3767,#3768,#3769,#3770,#3771,#3772,#3773,#3774,#3775,#3776,#3777,#3778,#3779,#3780,#3781,#3782,#3783,#3784,#3785,#3786,#3787,#3788,#3789,#3790,#3791,#3792,#3793,#3794,#3795,#3796,#3797,#3798,#3799,#3800,#3801,#3802,#3803,#3804,#3805,#3806,#3807,#3808,#3809,#3810,#3811,#3812,#3813,#3814,#3815,#3816,#3817,#3818,#3819,#3820,#3821,#3822,#3823,#3824,#3825,#3826,#3827,#3828,#3829,#3830,#3831,#3832,#3833,#3834,#3835,#3836,#3837),(#3838,#3839,#3840,#3841,#3842,#3843,#3844,#3845,#3846,#3847,#3848,#3849,#3850,#3851,#3852,#3853,#3854,#3855,#3856,#3857,#3858,#3859,#3860,#3861,#3862,#3863,#3864,#3865,#3866,#3867,#3868,#3869,#3870,#3871,#3872,#3873,#3874,#3875,#3876,#3877,#3878,#3879,#3880,#3881,#3882,#3883,#3884,#3885,#3886,#3887,#3888,#3889,#3890,#3891,#3892,#3893,#3894,#3895,#3896,#3897,#3898,#3899,#3900,#3901,#3902,#3903,#3904,#3905,#3906,#3907,#3908,#3909,#3910,#3911,#3912,#3913,#3914,#3915,#3916,#3917,#3918,#3919,#3920,#3921,#3922),(#3923,#3924,#3925,#3926,#3927,#3928,#3929,#3930,#3931,#3932,#3933,#3934,#3935,#3936,#3937,#3938,#3939,#3940,#3941,#3942,#3943,#3944,#3945,#3946,#3947,#3948,#3949,#3950,#3951,#3952,#3953,#3954,#3955,#3956,#3957,#3958,#3959,#3960,#3961,#3962,#3963,#3964,#3965,#3966,#3967,#3968,#3969,#3970,#3971,#3972,#3973,#3974,#3975,#3976,#3977,#3978,#3979,#3980,#3981,#3982,#3983,#3984,#3985,#3986,#3987,#3988,#3989,#3990,#3991,#3992,#3993,#3994,#3995,#3996,#3997,#3998,#3999,#4000,#4001,#4002,#4003,#4004,#4005,#4006,#4007),(#4008,#4009,#4010,#4011,#4012,#4013,#4014,#4015,#4016,#4017,#4018,#4019,#4020,#4021,#4022,#4023,#4024,#4025,#4026,#4027,#4028,#4029,#4030,#4031,#4032,#4033,#4034,#4035,#4036,#4037,#4038,#4039,#4040,#4041,#4042,#4043,#4044,#4045,#4046,#4047,#4048,#4049,#4050,#4051,#4052,#4053,#4054,#4055,#4056,#4057,#4058,#4059,#4060,#4061,#4062,#4063,#4064,#4065,#4066,#4067,#4068,#4069,#4070,#4071,#4072,#4073,#4074,#4075,#4076,#4077,#4078,#4079,#4080,#4081,#4082,#4083,#4084,#4085,#4086,#4087,#4088,#4089,#4090,#4091,#4092),(#4093,#4094,#4095,#4096,#4097,#4098,#4099,#4100,#4101,#4102,#4103,#4104,#4105,#4106,#4107,#4108,#4109,#4110,#4111,#4112,#4113,#4114,#4115,#4116,#4117,#4118,#4119,#4120,#4121,#4122,#4123,#4124,#4125,#4126,#4127,#4128,#4129,#4130,#4131,#4132,#4133,#4134,#4135,#4136,#4137,#4138,#4139,#4140,#4141,#4142,#4143,#4144,#4145,#4146,#4147,#4148,#4149,#4150,#4151,#4152,#4153,#4154,#4155,#4156,#4157,#4158,#4159,#4160,#4161,#4162,#4163,#4164,#4165,#4166,#4167,#4168,#4169,#4170,#4171,#4172,#4173,#4174,#4175,#4176,#4177),(#4178,#4179,#4180,#4181,#4182,#4183,#4184,#4185,#4186,#4187,#4188,#4189,#4190,#4191,#4192,#4193,#4194,#4195,#4196,#4197,#4198,#4199,#4200,#4201,#4202,#4203,#4204,#4205,#4206,#4207,#4208,#4209,#4210,#4211,#4212,#4213,#4214,#4215,#4216,#4217,#4218,#4219,#4220,#4221,#4222,#4223,#4224,#4225,#4226,#4227,#4228,#4229,#4230,#4231,#4232,#4233,#4234,#4235,#4236,#4237,#4238,#4239,#4240,#4241,#4242,#4243,#4244,#4245,#4246,#4247,#4248,#4249,#4250,#4251,#4252,#4253,#4254,#4255,#4256,#4257,#4258,#4259,#4260,#4261,#4262),(#4263,#4264,#4265,#4266,#4267,#4268,#4269,#4270,#4271,#4272,#4273,#4274,#4275,#4276,#4277,#4278,#4279,#4280,#4281,#4282,#4283,#4284,#4285,#4286,#4287,#4288,#4289,#4290,#4291,#4292,#4293,#4294,#4295,#4296,#4297,#4298,#4299,#4300,#4301,#4302,#4303,#4304,#4305,#4306,#4307,#4308,#4309,#4310,#4311,#4312,#4313,#4314,#4315,#4316,#4317,#4318,#4319,#4320,#4321,#4322,#4323,#4324,#4325,#4326,#4327,#4328,#4329,#4330,#4331,#4332,#4333,#4334,#4335,#4336,#4337,#4338,#4339,#4340,#4341,#4342,#4343,#4344,#4345,#4346,#4347),(#4348,#4349,#4350,#4351,#4352,#4353,#4354,#4355,#4356,#4357,#4358,#4359,#4360,#4361,#4362,#4363,#4364,#4365,#4366,#4367,#4368,#4369,#4370,#4371,#4372,#4373,#4374,#4375,#4376,#4377,#4378,#4379,#4380,#4381,#4382,#4383,#4384,#4385,#4386,#4387,#4388,#4389,#4390,#4391,#4392,#4393,#4394,#4395,#4396,#4397,#4398,#4399,#4400,#4401,#4402,#4403,#4404,#4405,#4406,#4407,#4408,#4409,#4410,#4411,#4412,#4413,#4414,#4415,#4416,#4417,#4418,#4419,#4420,#4421,#4422,#4423,#4424,#4425,#4426,#4427,#4428,#4429,#4430,#4431,#4432),(#4433,#4434,#4435,#4436,#4437,#4438,#4439,#4440,#4441,#4442,#4443,#4444,#4445,#4446,#4447,#4448,#4449,#4450,#4451,#4452,#4453,#4454,#4455,#4456,#4457,#4458,#4459,#4460,#4461,#4462,#4463,#4464,#4465,#4466,#4467,#4468,#4469,#4470,#4471,#4472,#4473,#4474,#4475,#4476,#4477,#4478,#4479,#4480,#4481,#4482,#4483,#4484,#4485,#4486,#4487,#4488,#4489,#4490,#4491,#4492,#4493,#4494,#4495,#4496,#4497,#4498,#4499,#4500,#4501,#4502,#4503,#4504,#4505,#4506,#4507,#4508,#4509,#4510,#4511,#4512,#4513,#4514,#4515,#4516,#4517),(#4518,#4519,#4520,#4521,#4522,#4523,#4524,#4525,#4526,#4527,#4528,#4529,#4530,#4531,#4532,#4533,#4534,#4535,#4536,#4537,#4538,#4539,#4540,#4541,#4542,#4543,#4544,#4545,#4546,#4547,#4548,#4549,#4550,#4551,#4552,#4553,#4554,#4555,#4556,#4557,#4558,#4559,#4560,#4561,#4562,#4563,#4564,#4565,#4566,#4567,#4568,#4569,#4570,#4571,#4572,#4573,#4574,#4575,#4576,#4577,#4578,#4579,#4580,#4581,#4582,#4583,#4584,#4585,#4586,#4587,#4588,#4589,#4590,#4591,#4592,#4593,#4594,#4595,#4596,#4597,#4598,#4599,#4600,#4601,#4602)),.UNSPECIFIED.,.T.,.F.,.F.,(4,1,1,1,1,1,1,4),(4,1,2,1,1,1,2,1,1,1,1,1,1,1,1,1,1,1,1,1,1,1,1,1,1,1,1,1,1,1,1,1,1,1,1,1,1,1,1,1,1,1,1,1,1,1,1,1,1,1,1,1,1,1,1,1,1,1,1,1,1,1,1,1,1,1,1,1,1,1,1,1,2,1,1,1,2,1,4),(-3.14159265358979,-2.24399475256414,-1.34639685153848,-0.448798950512828,0.448798950512828,1.34639685153848,2.24399475256414,3.14159265358979),(0.0,0.785398163397448,1.5707963267949,2.35619449019234,2.74889357189107,2.94524311274043,3.14159265358979,3.82881604656256,4.51603943953533,5.20326283250809,5.89048622548086,6.57770961845363,7.2649330114264,7.95215640439916,8.63937979737193,9.3266031903447,10.0138265833175,10.7010499762902,11.388273369263,12.0754967622358,12.7627201552085,13.4499435481813,14.1371669411541,14.4807786376405,14.8243903341268,15.5116137270996,16.1988371200724,16.8860605130451,17.5732839060179,18.2605072989907,18.9477306919634,19.6349540849362,20.322177477909,21.0094008708817,21.6966242638545,22.3838476568273,23.0710710498,23.7582944427728,24.4455178357456,25.1327412287183,25.8199646216911,26.5071880146639,27.1944114076366,27.8816348006094,28.5688581935822,29.2560815865549,29.9433049795277,30.6305283725005,31.3177517654732,32.004975158446,32.6921985514188,33.3794219443915,34.0666453373643,34.7538687303371,35.4410921233098,35.7847038197962,36.1283155162826,36.8155389092554,37.5027623022281,38.1899856952009,38.8772090881737,39.5644324811465,40.2516558741192,40.938879267092,41.6261026600648,42.3133260530375,43.0005494460103,43.6877728389831,44.3749962319558,45.0622196249286,45.7494430179014,46.4366664108741,47.1238898038469,47.3202393446963,47.5165888855456,47.9092879672443,48.6946861306418,49.4800842940392,50.2654824574367),.UNSPECIFIED.);
#712=SURFACE_STYLE_USAGE(.BOTH.,#4603);
#713=FACE_OUTER_BOUND('',#4604,.T.);
#714=PLANE('',#4605);
#715=SURFACE_STYLE_USAGE(.BOTH.,#4606);
#716=FACE_OUTER_BOUND('',#4607,.T.);
#717=PLANE('',#4608);
#718=SURFACE_STYLE_USAGE(.BOTH.,#4609);
#719=CLOSED_SHELL('',(#348,#350,#352,#354));
#720=PRODUCT_CONTEXT('',#122,'mechanical');
#721=PRODUCT_DEFINITION_FORMATION_WITH_SPECIFIED_SOURCE(' ','NONE',#357,.NOT_KNOWN.);
#722=CARTESIAN_POINT('',(0.0,0.0,0.0));
#723=DIRECTION('',(0.0,0.0,1.0));
#724=DIRECTION('',(1.0,0.0,0.0));
#725=CARTESIAN_POINT('',(0.0,0.0,0.0));
#726=DIRECTION('',(0.0,0.0,1.0));
#727=DIRECTION('',(1.0,0.0,0.0));
#728=CARTESIAN_POINT('',(0.0,0.0,0.0));
#729=DIRECTION('',(0.0,0.0,1.0));
#730=DIRECTION('',(1.0,0.0,0.0));
#731= (NAMED_UNIT(#367)LENGTH_UNIT()SI_UNIT(.MILLI.,.METRE.));
#732=SURFACE_SIDE_STYLE('',(#4611));
#733=EDGE_LOOP('',(#4612,#4613,#4614,#4615));
#734=AXIS2_PLACEMENT_3D('',#4616,#4617,#4618);
#735=SURFACE_SIDE_STYLE('',(#4619));
#736=EDGE_LOOP('',(#4620,#4621,#4622,#4623));
#737=AXIS2_PLACEMENT_3D('',#4624,#4625,#4626);
#738=SURFACE_SIDE_STYLE('',(#4627));
#739=EDGE_LOOP('',(#4628,#4629,#4630,#4631));
#740=AXIS2_PLACEMENT_3D('',#4632,#4633,#4634);
#741=SURFACE_SIDE_STYLE('',(#4635));
#742=EDGE_LOOP('',(#4636,#4637,#4638,#4639));
#743=AXIS2_PLACEMENT_3D('',#4640,#4641,#4642);
#744=SURFACE_SIDE_STYLE('',(#4643));
#745=EDGE_LOOP('',(#4644,#4645,#4646,#4647));
#746=AXIS2_PLACEMENT_3D('',#4648,#4649,#4650);
#747=SURFACE_SIDE_STYLE('',(#4651));
#748=EDGE_LOOP('',(#4652,#4653,#4654,#4655));
#749=AXIS2_PLACEMENT_3D('',#4656,#4657,#4658);
#750=SURFACE_SIDE_STYLE('',(#4659));
#751=EDGE_LOOP('',(#4660,#4661,#4662,#4663));
#752=AXIS2_PLACEMENT_3D('',#4664,#4665,#4666);
#753=SURFACE_SIDE_STYLE('',(#4667));
#754=EDGE_LOOP('',(#4668,#4669,#4670,#4671));
#755=AXIS2_PLACEMENT_3D('',#4672,#4673,#4674);
#756=SURFACE_SIDE_STYLE('',(#4675));
#757=EDGE_LOOP('',(#4676,#4677,#4678,#4679));
#758=AXIS2_PLACEMENT_3D('',#4680,#4681,#4682);
#759=SURFACE_SIDE_STYLE('',(#4683));
#760=EDGE_LOOP('',(#4684,#4685,#4686,#4687));
#761=AXIS2_PLACEMENT_3D('',#4688,#4689,#4690);
#762=SURFACE_SIDE_STYLE('',(#4691));
#763=EDGE_LOOP('',(#4692,#4693,#4694,#4695));
#764=AXIS2_PLACEMENT_3D('',#4696,#4697,#4698);
#765=SURFACE_SIDE_STYLE('',(#4699));
#766=EDGE_LOOP('',(#4700,#4701,#4702,#4703));
#767=AXIS2_PLACEMENT_3D('',#4704,#4705,#4706);
#768=SURFACE_SIDE_STYLE('',(#4707));
#769=EDGE_LOOP('',(#4708,#4709,#4710,#4711));
#770=AXIS2_PLACEMENT_3D('',#4712,#4713,#4714);
#771=SURFACE_SIDE_STYLE('',(#4715));
#772=EDGE_LOOP('',(#4716,#4717,#4718,#4719));
#773=AXIS2_PLACEMENT_3D('',#4720,#4721,#4722);
#774=SURFACE_SIDE_STYLE('',(#4723));
#775=EDGE_LOOP('',(#4724,#4725,#4726,#4727));
#776=AXIS2_PLACEMENT_3D('',#4728,#4729,#4730);
#777=SURFACE_SIDE_STYLE('',(#4731));
#778=EDGE_LOOP('',(#4732,#4733,#4734,#4735));
#779=AXIS2_PLACEMENT_3D('',#4736,#4737,#4738);
#780=SURFACE_SIDE_STYLE('',(#4739));
#781=EDGE_LOOP('',(#4740,#4741,#4742,#4743));
#782=AXIS2_PLACEMENT_3D('',#4744,#4745,#4746);
#783=SURFACE_SIDE_STYLE('',(#4747));
#784=EDGE_LOOP('',(#4748,#4749,#4750,#4751));
#785=AXIS2_PLACEMENT_3D('',#4752,#4753,#4754);
#786=SURFACE_SIDE_STYLE('',(#4755));
#787=EDGE_LOOP('',(#4756,#4757,#4758,#4759));
#788=AXIS2_PLACEMENT_3D('',#4760,#4761,#4762);
#789=SURFACE_SIDE_STYLE('',(#4763));
#790=EDGE_LOOP('',(#4764,#4765,#4766,#4767));
#791=AXIS2_PLACEMENT_3D('',#4768,#4769,#4770);
#792=SURFACE_SIDE_STYLE('',(#4771));
#793=EDGE_LOOP('',(#4772,#4773,#4774,#4775));
#794=AXIS2_PLACEMENT_3D('',#4776,#4777,#4778);
#795=SURFACE_SIDE_STYLE('',(#4779));
#796=EDGE_LOOP('',(#4780,#4781,#4782,#4783));
#797=AXIS2_PLACEMENT_3D('',#4784,#4785,#4786);
#798=SURFACE_SIDE_STYLE('',(#4787));
#799=EDGE_LOOP('',(#4788,#4789,#4790,#4791));
#800=AXIS2_PLACEMENT_3D('',#4792,#4793,#4794);
#801=SURFACE_SIDE_STYLE('',(#4795));
#802=EDGE_LOOP('',(#4796,#4797,#4798,#4799));
#803=AXIS2_PLACEMENT_3D('',#4800,#4801,#4802);
#804=SURFACE_SIDE_STYLE('',(#4803));
#805=EDGE_LOOP('',(#4804,#4805,#4806,#4807));
#806=AXIS2_PLACEMENT_3D('',#4808,#4809,#4810);
#807=SURFACE_SIDE_STYLE('',(#4811));
#808=EDGE_LOOP('',(#4812,#4813,#4814,#4815));
#809=AXIS2_PLACEMENT_3D('',#4816,#4817,#4818);
#810=SURFACE_SIDE_STYLE('',(#4819));
#811=EDGE_LOOP('',(#4820,#4821,#4822,#4823));
#812=AXIS2_PLACEMENT_3D('',#4824,#4825,#4826);
#813=SURFACE_SIDE_STYLE('',(#4827));
#814=EDGE_LOOP('',(#4828,#4829,#4830,#4831));
#815=AXIS2_PLACEMENT_3D('',#4832,#4833,#4834);
#816=SURFACE_SIDE_STYLE('',(#4835));
#817=EDGE_LOOP('',(#4836,#4837,#4838,#4839));
#818=AXIS2_PLACEMENT_3D('',#4840,#4841,#4842);
#819=SURFACE_SIDE_STYLE('',(#4843));
#820=EDGE_LOOP('',(#4844,#4845,#4846,#4847));
#821=AXIS2_PLACEMENT_3D('',#4848,#4849,#4850);
#822=SURFACE_SIDE_STYLE('',(#4851));
#823=EDGE_LOOP('',(#4852,#4853,#4854,#4855));
#824=AXIS2_PLACEMENT_3D('',#4856,#4857,#4858);
#825=SURFACE_SIDE_STYLE('',(#4859));
#826=EDGE_LOOP('',(#4860,#4861,#4862,#4863));
#827=AXIS2_PLACEMENT_3D('',#4864,#4865,#4866);
#828=SURFACE_SIDE_STYLE('',(#4867));
#829=EDGE_LOOP('',(#4868,#4869,#4870,#4871));
#830=AXIS2_PLACEMENT_3D('',#4872,#4873,#4874);
#831=SURFACE_SIDE_STYLE('',(#4875));
#832=EDGE_LOOP('',(#4876,#4877,#4878,#4879));
#833=AXIS2_PLACEMENT_3D('',#4880,#4881,#4882);
#834=SURFACE_SIDE_STYLE('',(#4883));
#835=EDGE_LOOP('',(#4884,#4885,#4886,#4887));
#836=AXIS2_PLACEMENT_3D('',#4888,#4889,#4890);
#837=SURFACE_SIDE_STYLE('',(#4891));
#838=EDGE_LOOP('',(#4892,#4893,#4894,#4895));
#839=AXIS2_PLACEMENT_3D('',#4896,#4897,#4898);
#840=SURFACE_SIDE_STYLE('',(#4899));
#841=EDGE_LOOP('',(#4900,#4901,#4902,#4903));
#842=AXIS2_PLACEMENT_3D('',#4904,#4905,#4906);
#843=SURFACE_SIDE_STYLE('',(#4907));
#844=EDGE_LOOP('',(#4908,#4909,#4910,#4911));
#845=AXIS2_PLACEMENT_3D('',#4912,#4913,#4914);
#846=SURFACE_SIDE_STYLE('',(#4915));
#847=EDGE_LOOP('',(#4916,#4917,#4918,#4919));
#848=AXIS2_PLACEMENT_3D('',#4920,#4921,#4922);
#849=SURFACE_SIDE_STYLE('',(#4923));
#850=EDGE_LOOP('',(#4924,#4925,#4926,#4927));
#851=AXIS2_PLACEMENT_3D('',#4928,#4929,#4930);
#852=SURFACE_SIDE_STYLE('',(#4931));
#853=EDGE_LOOP('',(#4932,#4933,#4934,#4935));
#854=AXIS2_PLACEMENT_3D('',#4936,#4937,#4938);
#855=SURFACE_SIDE_STYLE('',(#4939));
#856=EDGE_LOOP('',(#4940,#4941,#4942,#4943));
#857=AXIS2_PLACEMENT_3D('',#4944,#4945,#4946);
#858=SURFACE_SIDE_STYLE('',(#4947));
#859=EDGE_LOOP('',(#4948,#4949,#4950,#4951));
#860=AXIS2_PLACEMENT_3D('',#4952,#4953,#4954);
#861=SURFACE_SIDE_STYLE('',(#4955));
#862=EDGE_LOOP('',(#4956,#4957,#4958,#4959));
#863=AXIS2_PLACEMENT_3D('',#4960,#4961,#4962);
#864=SURFACE_SIDE_STYLE('',(#4963));
#865=EDGE_LOOP('',(#4964,#4965,#4966,#4967));
#866=AXIS2_PLACEMENT_3D('',#4968,#4969,#4970);
#867=SURFACE_SIDE_STYLE('',(#4971));
#868=EDGE_LOOP('',(#4972,#4973,#4974,#4975));
#869=AXIS2_PLACEMENT_3D('',#4976,#4977,#4978);
#870=SURFACE_SIDE_STYLE('',(#4979));
#871=EDGE_LOOP('',(#4980,#4981,#4982,#4983));
#872=AXIS2_PLACEMENT_3D('',#4984,#4985,#4986);
#873=SURFACE_SIDE_STYLE('',(#4987));
#874=EDGE_LOOP('',(#4988,#4989,#4990,#4991));
#875=AXIS2_PLACEMENT_3D('',#4992,#4993,#4994);
#876=SURFACE_SIDE_STYLE('',(#4995));
#877=EDGE_LOOP('',(#4996,#4997,#4998,#4999));
#878=AXIS2_PLACEMENT_3D('',#5000,#5001,#5002);
#879=SURFACE_SIDE_STYLE('',(#5003));
#880=EDGE_LOOP('',(#5004,#5005,#5006,#5007));
#881=AXIS2_PLACEMENT_3D('',#5008,#5009,#5010);
#882=SURFACE_SIDE_STYLE('',(#5011));
#883=EDGE_LOOP('',(#5012,#5013,#5014,#5015));
#884=AXIS2_PLACEMENT_3D('',#5016,#5017,#5018);
#885=SURFACE_SIDE_STYLE('',(#5019));
#886=EDGE_LOOP('',(#5020,#5021,#5022,#5023));
#887=AXIS2_PLACEMENT_3D('',#5024,#5025,#5026);
#888=SURFACE_SIDE_STYLE('',(#5027));
#889=EDGE_LOOP('',(#5028,#5029,#5030,#5031));
#890=AXIS2_PLACEMENT_3D('',#5032,#5033,#5034);
#891=SURFACE_SIDE_STYLE('',(#5035));
#892=EDGE_LOOP('',(#5036,#5037,#5038,#5039));
#893=AXIS2_PLACEMENT_3D('',#5040,#5041,#5042);
#894=SURFACE_SIDE_STYLE('',(#5043));
#895=EDGE_LOOP('',(#5044,#5045,#5046,#5047));
#896=AXIS2_PLACEMENT_3D('',#5048,#5049,#5050);
#897=SURFACE_SIDE_STYLE('',(#5051));
#898=EDGE_LOOP('',(#5052,#5053,#5054,#5055));
#899=AXIS2_PLACEMENT_3D('',#5056,#5057,#5058);
#900=SURFACE_SIDE_STYLE('',(#5059));
#901=EDGE_LOOP('',(#5060,#5061,#5062,#5063));
#902=AXIS2_PLACEMENT_3D('',#5064,#5065,#5066);
#903=SURFACE_SIDE_STYLE('',(#5067));
#904=EDGE_LOOP('',(#5068,#5069,#5070,#5071));
#905=AXIS2_PLACEMENT_3D('',#5072,#5073,#5074);
#906=SURFACE_SIDE_STYLE('',(#5075));
#907=EDGE_LOOP('',(#5076,#5077,#5078,#5079));
#908=AXIS2_PLACEMENT_3D('',#5080,#5081,#5082);
#909=SURFACE_SIDE_STYLE('',(#5083));
#910=EDGE_LOOP('',(#5084,#5085,#5086,#5087));
#911=AXIS2_PLACEMENT_3D('',#5088,#5089,#5090);
#912=SURFACE_SIDE_STYLE('',(#5091));
#913=EDGE_LOOP('',(#5092,#5093,#5094,#5095));
#914=AXIS2_PLACEMENT_3D('',#5096,#5097,#5098);
#915=SURFACE_SIDE_STYLE('',(#5099));
#916=EDGE_LOOP('',(#5100,#5101,#5102,#5103));
#917=AXIS2_PLACEMENT_3D('',#5104,#5105,#5106);
#918=SURFACE_SIDE_STYLE('',(#5107));
#919=EDGE_LOOP('',(#5108,#5109));
#920=AXIS2_PLACEMENT_3D('',#5110,#5111,#5112);
#921=SURFACE_SIDE_STYLE('',(#5113));
#922=EDGE_LOOP('',(#5114,#5115));
#923=EDGE_LOOP('',(#5116,#5117));
#924=AXIS2_PLACEMENT_3D('',#5118,#5119,#5120);
#925=SURFACE_SIDE_STYLE('',(#5121));
#926=EDGE_LOOP('',(#5122,#5123,#5124,#5125));
#927=AXIS2_PLACEMENT_3D('',#5126,#5127,#5128);
#928=SURFACE_SIDE_STYLE('',(#5129));
#929=EDGE_LOOP('',(#5130,#5131,#5132,#5133));
#930=AXIS2_PLACEMENT_3D('',#5134,#5135,#5136);
#931=SURFACE_SIDE_STYLE('',(#5137));
#932=EDGE_LOOP('',(#5138,#5139,#5140,#5141));
#933=AXIS2_PLACEMENT_3D('',#5142,#5143,#5144);
#934=SURFACE_SIDE_STYLE('',(#5145));
#935=EDGE_LOOP('',(#5146,#5147));
#936=AXIS2_PLACEMENT_3D('',#5148,#5149,#5150);
#937=SURFACE_SIDE_STYLE('',(#5151));
#938=EDGE_LOOP('',(#5152,#5153));
#939=EDGE_LOOP('',(#5154,#5155));
#940=AXIS2_PLACEMENT_3D('',#5156,#5157,#5158);
#941=SURFACE_SIDE_STYLE('',(#5159));
#942=EDGE_LOOP('',(#5160,#5161,#5162,#5163));
#943=AXIS2_PLACEMENT_3D('',#5164,#5165,#5166);
#944=SURFACE_SIDE_STYLE('',(#5167));
#945=EDGE_LOOP('',(#5168,#5169,#5170,#5171,#5172,#5173));
#946=EDGE_LOOP('',(#5174,#5175,#5176,#5177));
#947=EDGE_LOOP('',(#5178,#5179,#5180,#5181));
#948=EDGE_LOOP('',(#5182,#5183,#5184,#5185));
#949=EDGE_LOOP('',(#5186,#5187,#5188,#5189));
#950=EDGE_LOOP('',(#5190,#5191,#5192,#5193));
#951=EDGE_LOOP('',(#5194,#5195,#5196,#5197));
#952=EDGE_LOOP('',(#5198,#5199,#5200,#5201));
#953=EDGE_LOOP('',(#5202,#5203,#5204,#5205));
#954=AXIS2_PLACEMENT_3D('',#5206,#5207,#5208);
#955=SURFACE_SIDE_STYLE('',(#5209));
#956=EDGE_LOOP('',(#5210,#5211,#5212,#5213));
#957=AXIS2_PLACEMENT_3D('',#5214,#5215,#5216);
#958=SURFACE_SIDE_STYLE('',(#5217));
#959=EDGE_LOOP('',(#5218,#5219,#5220,#5221,#5222,#5223,#5224,#5225));
#960=AXIS2_PLACEMENT_3D('',#5226,#5227,#5228);
#961=SURFACE_SIDE_STYLE('',(#5229));
#962=EDGE_LOOP('',(#5230,#5231,#5232,#5233));
#963=AXIS2_PLACEMENT_3D('',#5234,#5235,#5236);
#964=SURFACE_SIDE_STYLE('',(#5237));
#965=EDGE_LOOP('',(#5238,#5239,#5240,#5241,#5242,#5243));
#966=AXIS2_PLACEMENT_3D('',#5244,#5245,#5246);
#967=SURFACE_SIDE_STYLE('',(#5247));
#968=EDGE_LOOP('',(#5248,#5249,#5250,#5251));
#969=AXIS2_PLACEMENT_3D('',#5252,#5253,#5254);
#970=SURFACE_SIDE_STYLE('',(#5255));
#971=EDGE_LOOP('',(#5256,#5257,#5258,#5259));
#972=AXIS2_PLACEMENT_3D('',#5260,#5261,#5262);
#973=SURFACE_SIDE_STYLE('',(#5263));
#974=EDGE_LOOP('',(#5264,#5265,#5266,#5267));
#975=AXIS2_PLACEMENT_3D('',#5268,#5269,#5270);
#976=SURFACE_SIDE_STYLE('',(#5271));
#977=EDGE_LOOP('',(#5272,#5273));
#978=EDGE_LOOP('',(#5274,#5275));
#979=AXIS2_PLACEMENT_3D('',#5276,#5277,#5278);
#980=SURFACE_SIDE_STYLE('',(#5279));
#981=EDGE_LOOP('',(#5280,#5281,#5282,#5283));
#982=AXIS2_PLACEMENT_3D('',#5284,#5285,#5286);
#983=SURFACE_SIDE_STYLE('',(#5287));
#984=EDGE_LOOP('',(#5288,#5289,#5290,#5291));
#985=AXIS2_PLACEMENT_3D('',#5292,#5293,#5294);
#986=SURFACE_SIDE_STYLE('',(#5295));
#987=EDGE_LOOP('',(#5296,#5297));
#988=EDGE_LOOP('',(#5298,#5299));
#989=AXIS2_PLACEMENT_3D('',#5300,#5301,#5302);
#990=SURFACE_SIDE_STYLE('',(#5303));
#991=EDGE_LOOP('',(#5304,#5305,#5306,#5307));
#992=AXIS2_PLACEMENT_3D('',#5308,#5309,#5310);
#993=SURFACE_SIDE_STYLE('',(#5311));
#994=EDGE_LOOP('',(#5312,#5313,#5314,#5315));
#995=AXIS2_PLACEMENT_3D('',#5316,#5317,#5318);
#996=SURFACE_SIDE_STYLE('',(#5319));
#997=EDGE_LOOP('',(#5320,#5321,#5322,#5323));
#998=AXIS2_PLACEMENT_3D('',#5324,#5325,#5326);
#999=SURFACE_SIDE_STYLE('',(#5327));
#1000=EDGE_LOOP('',(#5328,#5329,#5330,#5331));
#1001=AXIS2_PLACEMENT_3D('',#5332,#5333,#5334);
#1002=SURFACE_SIDE_STYLE('',(#5335));
#1003=EDGE_LOOP('',(#5336,#5337,#5338,#5339));
#1004=AXIS2_PLACEMENT_3D('',#5340,#5341,#5342);
#1005=SURFACE_SIDE_STYLE('',(#5343));
#1006=EDGE_LOOP('',(#5344,#5345,#5346,#5347));
#1007=AXIS2_PLACEMENT_3D('',#5348,#5349,#5350);
#1008=SURFACE_SIDE_STYLE('',(#5351));
#1009=EDGE_LOOP('',(#5352,#5353,#5354,#5355));
#1010=AXIS2_PLACEMENT_3D('',#5356,#5357,#5358);
#1011=SURFACE_SIDE_STYLE('',(#5359));
#1012=EDGE_LOOP('',(#5360,#5361,#5362,#5363));
#1013=AXIS2_PLACEMENT_3D('',#5364,#5365,#5366);
#1014=SURFACE_SIDE_STYLE('',(#5367));
#1015=EDGE_LOOP('',(#5368,#5369,#5370,#5371));
#1016=AXIS2_PLACEMENT_3D('',#5372,#5373,#5374);
#1017=SURFACE_SIDE_STYLE('',(#5375));
#1018=EDGE_LOOP('',(#5376,#5377,#5378,#5379));
#1019=EDGE_LOOP('',(#5380,#5381,#5382,#5383));
#1020=AXIS2_PLACEMENT_3D('',#5384,#5385,#5386);
#1021=SURFACE_SIDE_STYLE('',(#5387));
#1022=EDGE_LOOP('',(#5388,#5389,#5390,#5391));
#1023=AXIS2_PLACEMENT_3D('',#5392,#5393,#5394);
#1024=SURFACE_SIDE_STYLE('',(#5395));
#1025=EDGE_LOOP('',(#5396,#5397,#5398,#5399));
#1026=EDGE_LOOP('',(#5400,#5401,#5402,#5403));
#1027=AXIS2_PLACEMENT_3D('',#5404,#5405,#5406);
#1028=SURFACE_SIDE_STYLE('',(#5407));
#1029=EDGE_LOOP('',(#5408,#5409,#5410,#5411,#5412,#5413));
#1030=AXIS2_PLACEMENT_3D('',#5414,#5415,#5416);
#1031=SURFACE_SIDE_STYLE('',(#5417));
#1032=EDGE_LOOP('',(#5418,#5419,#5420,#5421));
#1033=AXIS2_PLACEMENT_3D('',#5422,#5423,#5424);
#1034=SURFACE_SIDE_STYLE('',(#5425));
#1035=EDGE_LOOP('',(#5426,#5427,#5428,#5429));
#1036=EDGE_LOOP('',(#5430,#5431,#5432,#5433));
#1037=EDGE_LOOP('',(#5434,#5435,#5436,#5437));
#1038=EDGE_LOOP('',(#5438,#5439));
#1039=EDGE_LOOP('',(#5440,#5441));
#1040=AXIS2_PLACEMENT_3D('',#5442,#5443,#5444);
#1041=SURFACE_SIDE_STYLE('',(#5445));
#1042=EDGE_LOOP('',(#5446,#5447,#5448,#5449,#5450,#5451,#5452,#5453));
#1043=AXIS2_PLACEMENT_3D('',#5454,#5455,#5456);
#1044=SURFACE_SIDE_STYLE('',(#5457));
#1045=EDGE_LOOP('',(#5458,#5459,#5460,#5461));
#1046=AXIS2_PLACEMENT_3D('',#5462,#5463,#5464);
#1047=SURFACE_SIDE_STYLE('',(#5465));
#1048=SURFACE_SIDE_STYLE('',(#5466));
#1049=EDGE_LOOP('',(#5467,#5468,#5469,#5470));
#1050=CARTESIAN_POINT('',(-6.77488523440281,13.700010271413,0.0));
#1051=CARTESIAN_POINT('',(-6.77488523440281,13.7000088746819,0.235620563852157));
#1052=CARTESIAN_POINT('',(-6.77485753821783,13.5809936813453,0.627307294932325));
#1053=CARTESIAN_POINT('',(-6.77494003632153,13.127074861274,1.08086576580262));
#1054=CARTESIAN_POINT('',(-6.77476987566016,12.736072104016,1.20000139677873));
#1055=CARTESIAN_POINT('',(-6.77521916326346,12.1851416032362,1.20127835484513));
#1056=CARTESIAN_POINT('',(-6.77286564675044,11.7176044857613,1.0058201722729));
#1057=CARTESIAN_POINT('',(-6.74697625083756,11.4071587373964,0.537186076176739));
#1058=CARTESIAN_POINT('',(-6.72804320922888,11.3154088485516,0.235867398905248));
#1059=CARTESIAN_POINT('',(-6.71758569910231,11.3000259431693,0.078493683745249));
#1060=CARTESIAN_POINT('',(-6.69871771714897,11.2995888336357,-0.206176004335804));
#1061=CARTESIAN_POINT('',(-6.6759252077544,11.3908595256191,-0.549419354869629));
#1062=CARTESIAN_POINT('',(-6.63946932034164,11.7447150651338,-0.980579298996019));
#1063=CARTESIAN_POINT('',(-6.59845244768398,12.3189638802431,-1.26255618891469));
#1064=CARTESIAN_POINT('',(-6.5483230582154,13.1121216607628,-1.14565489123375));
#1065=CARTESIAN_POINT('',(-6.49363506335571,13.6998365254641,-0.496797082834879));
#1066=CARTESIAN_POINT('',(-6.43894782362599,13.7427294023091,0.376887664060964));
#1067=CARTESIAN_POINT('',(-6.38426018798077,13.2215053997474,1.07984887907551));
#1068=CARTESIAN_POINT('',(-6.32957275854128,12.3727060219032,1.29238258407358));
#1069=CARTESIAN_POINT('',(-6.27488522185623,11.5817063037765,0.91831038398754));
#1070=CARTESIAN_POINT('',(-6.22019774091726,11.207593081107,0.12727753040332));
#1071=CARTESIAN_POINT('',(-6.16551023103349,11.4201939334071,-0.72148184739749));
#1072=CARTESIAN_POINT('',(-6.11082273612071,12.1230316568836,-1.24277100256501));
#1073=CARTESIAN_POINT('',(-6.05613523357052,12.9969551545332,-1.19975364466063));
#1074=CARTESIAN_POINT('',(-6.00144773476943,13.645333908619,-0.612348058038043));
#1075=CARTESIAN_POINT('',(-5.9467602342018,13.7738111975896,0.253553256288463));
#1076=CARTESIAN_POINT('',(-5.90118731782002,13.3986295427635,0.878295404161749));
#1077=CARTESIAN_POINT('',(-5.8647289843663,12.9120819574508,1.15190527640727));
#1078=CARTESIAN_POINT('',(-5.83738523441802,12.4998987407637,1.22419419288869));
#1079=CARTESIAN_POINT('',(-5.81004148439538,12.0880555548662,1.15195895443987));
#1080=CARTESIAN_POINT('',(-5.77358315107443,11.6011746037558,0.878132263049967));
#1081=CARTESIAN_POINT('',(-5.73256752606649,11.264058678892,0.316436994541116));
#1082=CARTESIAN_POINT('',(-5.69155190107053,11.3051500712215,-0.322810957111729));
#1083=CARTESIAN_POINT('',(-5.65509356773562,11.5678405851132,-0.814180504538727));
#1084=CARTESIAN_POINT('',(-5.61407794273642,12.0762065647167,-1.20316981029704));
#1085=CARTESIAN_POINT('',(-5.56394773440263,12.8767744032842,-1.24297651289624));
#1086=CARTESIAN_POINT('',(-5.50926023440292,13.5799914726575,-0.721343068248599));
#1087=CARTESIAN_POINT('',(-5.45457273440275,13.7923017483381,0.127205432302662));
#1088=CARTESIAN_POINT('',(-5.39988523440284,13.4183506601963,0.918338749548588));
#1089=CARTESIAN_POINT('',(-5.34519773440279,12.6272615270927,1.29238635452525));
#1090=CARTESIAN_POINT('',(-5.29051023440282,11.7785167658838,1.07981120763876));
#1091=CARTESIAN_POINT('',(-5.23582273440281,11.2572488056625,0.376975844106473));
#1092=CARTESIAN_POINT('',(-5.1811352344028,11.300195530707,-0.496973921979695));
#1093=CARTESIAN_POINT('',(-5.12644773440281,11.8878126587857,-1.14531986908905));
#1094=CARTESIAN_POINT('',(-5.0717602344028,12.7533568750884,-1.27371009095234));
#1095=CARTESIAN_POINT('',(-5.0170727344028,13.5038814119057,-0.82386148034704));
#1096=CARTESIAN_POINT('',(-4.9623852344028,13.7986602748819,-4.07077627267997E-06));
#1097=CARTESIAN_POINT('',(-4.90769773440281,13.5038864746967,0.823871425956321));
#1098=CARTESIAN_POINT('',(-4.8530102344028,12.7533445086346,1.27369393485298));
#1099=CARTESIAN_POINT('',(-4.7983227344028,11.8878377810577,1.14534938152701));
#1100=CARTESIAN_POINT('',(-4.74363523440281,11.3001467876079,0.496918110449746));
#1101=CARTESIAN_POINT('',(-4.68894773440279,11.2573402582428,-0.376870282261528));
#1102=CARTESIAN_POINT('',(-4.63426023440284,11.7783655916089,-1.08000075423053));
#1103=CARTESIAN_POINT('',(-4.57957273440277,12.6273056602897,-1.29226825133278));
#1104=CARTESIAN_POINT('',(-4.52488523440285,13.4182700585133,-0.918422357857524));
#1105=CARTESIAN_POINT('',(-4.47019773440271,13.7922950677652,-0.127203765070762));
#1106=CARTESIAN_POINT('',(-4.41551023440298,13.5798867345103,0.721482636104014));
#1107=CARTESIAN_POINT('',(-4.36082273440244,12.8769105301733,1.24269820684839));
#1108=CARTESIAN_POINT('',(-4.30613523440369,12.0029563034345,1.19990822799314));
#1109=CARTESIAN_POINT('',(-4.25144773440076,11.3547938047569,0.612252215690601));
#1110=CARTESIAN_POINT('',(-4.19676023440705,11.2260912270956,-0.253644796524698));
#1111=CARTESIAN_POINT('',(-4.15118731772871,11.6014773410071,-0.878224674339827));
#1112=CARTESIAN_POINT('',(-4.11472898441147,12.0878463809001,-1.15200391812511));
#1113=CARTESIAN_POINT('',(-4.08738523438692,12.500013583236,-1.22416664455731));
#1114=CARTESIAN_POINT('',(-4.06004148443958,12.9120356062828,-1.15191668186899));
#1115=CARTESIAN_POINT('',(-4.02358315098543,13.3986577708249,-0.878288442421553));
#1116=CARTESIAN_POINT('',(-3.9780102346039,13.7737963931631,-0.253556909315142));
#1117=CARTESIAN_POINT('',(-3.92332273403613,13.6453431404338,0.612350336353206));
#1118=CARTESIAN_POINT('',(-3.86863523523512,12.9969489493016,1.19975211320231));
#1119=CARTESIAN_POINT('',(-3.81394773268488,12.1230350323633,1.24277183565419));
#1120=CARTESIAN_POINT('',(-3.75926023777213,11.4201921623635,0.721481410287092));
#1121=CARTESIAN_POINT('',(-3.70457272788836,11.2075940036691,-0.127277302703509));
#1122=CARTESIAN_POINT('',(-3.64988524694938,11.5817058239005,-0.918310502428252));
#1123=CARTESIAN_POINT('',(-3.59519771026433,12.3727062714553,-1.29238252247957));
#1124=CARTESIAN_POINT('',(-3.54051028082482,13.2215052699452,-1.07984891111344));
#1125=CARTESIAN_POINT('',(-3.48582264517963,13.7427294698901,-0.376887647380306));
#1126=CARTESIAN_POINT('',(-3.43113540544989,13.6998364901489,0.496797074118053));
#1127=CARTESIAN_POINT('',(-3.37644741059022,13.1121216794781,1.14565489585335));
#1128=CARTESIAN_POINT('',(-3.32631802112163,12.3189638719962,1.26255618687897));
#1129=CARTESIAN_POINT('',(-3.28530114846398,11.7447150682065,0.980579299754618));
#1130=CARTESIAN_POINT('',(-3.24884526105121,11.3908595234666,0.549419354338109));
#1131=CARTESIAN_POINT('',(-3.22605275165664,11.2995888349223,0.206176004653765));
#1132=CARTESIAN_POINT('',(-3.2071847697033,11.3000259430483,-0.0784936837752215));
#1133=CARTESIAN_POINT('',(-3.19672725957673,11.3154088486117,-0.235867398890332));
#1134=CARTESIAN_POINT('',(-3.17779421796805,11.4071587373676,-0.537186076183866));
#1135=CARTESIAN_POINT('',(-3.15190482205517,11.7176044857874,-1.00582017226643));
#1136=CARTESIAN_POINT('',(-3.14955130554214,12.1851416032254,-1.20127835484779));
#1137=CARTESIAN_POINT('',(-3.15000059314545,12.7360721040203,-1.20000139677766));
#1138=CARTESIAN_POINT('',(-3.14983043248408,13.1270748612719,-1.08086576580313));
#1139=CARTESIAN_POINT('',(-3.14991293058778,13.5809936813463,-0.627307294932071));
#1140=CARTESIAN_POINT('',(-3.1498852344028,13.7000088746819,-0.235620563852155));
#1141=CARTESIAN_POINT('',(-3.1498852344028,13.700010271413,-2.35134198052754E-15));
#1142=CARTESIAN_POINT('',(-6.77487725771219,13.7373000059557,0.0));
#1143=CARTESIAN_POINT('',(-6.77487725771219,13.7372998812332,0.242943207521434));
#1144=CARTESIAN_POINT('',(-6.77484956152721,13.6145843656247,0.646800026793127));
#1145=CARTESIAN_POINT('',(-6.77493205963091,13.146561267883,1.11445356306343));
#1146=CARTESIAN_POINT('',(-6.77476189896954,12.7434078617393,1.2372905650951));
#1147=CARTESIAN_POINT('',(-6.77521118657284,12.1753575401302,1.23860761004285));
#1148=CARTESIAN_POINT('',(-6.77285767005982,11.6932918685956,1.03707563226371));
#1149=CARTESIAN_POINT('',(-6.74696827414694,11.3731993080835,0.553878721938588));
#1150=CARTESIAN_POINT('',(-6.72803523253826,11.2785981004839,0.243197061758139));
#1151=CARTESIAN_POINT('',(-6.71757772241169,11.2627376066527,0.0809327052114639));
#1152=CARTESIAN_POINT('',(-6.69870974045835,11.2622860534748,-0.212582565966547));
#1153=CARTESIAN_POINT('',(-6.67591723106378,11.3563937698319,-0.56649244971881));
#1154=CARTESIAN_POINT('',(-6.63946134365102,11.7212448358554,-1.01105022693215));
#1155=CARTESIAN_POINT('',(-6.59844447099337,12.3133383597131,-1.30178962664036));
#1156=CARTESIAN_POINT('',(-6.54831508152478,13.1311429849563,-1.18125542906718));
#1157=CARTESIAN_POINT('',(-6.49362708666509,13.7371208898608,-0.512234874954555));
#1158=CARTESIAN_POINT('',(-6.43893984693537,13.7813465959013,0.388599295678023));
#1159=CARTESIAN_POINT('',(-6.38425221129015,13.243925835984,1.11340464146627));
#1160=CARTESIAN_POINT('',(-6.32956478185066,12.3687504200179,1.33254274729764));
#1161=CARTESIAN_POINT('',(-6.27487724516561,11.5531707760439,0.946846431094981));
#1162=CARTESIAN_POINT('',(-6.22018976422663,11.1674321693049,0.13123261231288));
#1163=CARTESIAN_POINT('',(-6.16550225434287,11.3866394811948,-0.743901531810186));
#1164=CARTESIAN_POINT('',(-6.11081475943009,12.1113175608207,-1.28138952718747));
#1165=CARTESIAN_POINT('',(-6.0561272568799,13.0123977752953,-1.23703536394362));
#1166=CARTESIAN_POINT('',(-6.00143975807881,13.680924587043,-0.631376491708322));
#1167=CARTESIAN_POINT('',(-5.94675225751118,13.813394261843,0.261432280722876));
#1168=CARTESIAN_POINT('',(-5.9011793411294,13.426554038216,0.905588054800675));
#1169=CARTESIAN_POINT('',(-5.86472100767568,12.9248872135434,1.18770012448733));
#1170=CARTESIAN_POINT('',(-5.8373772577274,12.4998955256534,1.26223552390667));
#1171=CARTESIAN_POINT('',(-5.81003350770476,12.0752546468112,1.18775542097022));
#1172=CARTESIAN_POINT('',(-5.77357517438381,11.5732440284517,0.905419838175041));
#1173=CARTESIAN_POINT('',(-5.73255954937587,11.2256524067592,0.32627012405751));
#1174=CARTESIAN_POINT('',(-5.69154392437991,11.2680206790656,-0.332842163482392));
#1175=CARTESIAN_POINT('',(-5.655085591045,11.5388741841237,-0.839480757877808));
#1176=CARTESIAN_POINT('',(-5.6140699660458,12.0630373714278,-1.24055775546964));
#1177=CARTESIAN_POINT('',(-5.56393975771201,12.8884825314209,-1.28160137018894));
#1178=CARTESIAN_POINT('',(-5.5092522577123,13.6135516328411,-0.743758437371878));
#1179=CARTESIAN_POINT('',(-5.45456475771212,13.8324594157229,0.131158266640102));
#1180=CARTESIAN_POINT('',(-5.39987725771222,13.4468879493158,0.946875686190232));
#1181=CARTESIAN_POINT('',(-5.34518975771217,12.6312161208703,1.33254662435089));
#1182=CARTESIAN_POINT('',(-5.29050225771219,11.7560970250011,1.11336581691955));
#1183=CARTESIAN_POINT('',(-5.23581475771219,11.2186309196063,0.388690182530248));
#1184=CARTESIAN_POINT('',(-5.18112725771218,11.262912192358,-0.512417142831529));
#1185=CARTESIAN_POINT('',(-5.12643975771219,11.8687892360732,-1.18091012565249));
#1186=CARTESIAN_POINT('',(-5.07175225771218,12.7612298163011,-1.313290009558));
#1187=CARTESIAN_POINT('',(-5.01706475771218,13.5350765366379,-0.849462574472363));
#1188=CARTESIAN_POINT('',(-4.96237725771218,13.8390155091033,-4.19585378769731E-06));
#1189=CARTESIAN_POINT('',(-4.90768975771218,13.5350817563094,0.849472825529124));
#1190=CARTESIAN_POINT('',(-4.85300225771218,12.7612170668578,1.31327335772583));
#1191=CARTESIAN_POINT('',(-4.79831475771218,11.8688151357736,1.18094054282147));
#1192=CARTESIAN_POINT('',(-4.74362725771219,11.2628619423335,0.512359621885299));
#1193=CARTESIAN_POINT('',(-4.68893975771217,11.2187251958326,-0.388581391017562));
#1194=CARTESIAN_POINT('',(-4.63425225771222,11.7559411935591,-1.11356115117387));
#1195=CARTESIAN_POINT('',(-4.57956475771215,12.6312615871914,-1.33242490545914));
#1196=CARTESIAN_POINT('',(-4.52487725771223,13.4468048767999,-0.946961862771278));
#1197=CARTESIAN_POINT('',(-4.47018975771209,13.8324525014094,-0.13115657051915));
#1198=CARTESIAN_POINT('',(-4.41550225771236,13.613443694501,0.743902348649231));
#1199=CARTESIAN_POINT('',(-4.36081475771181,12.8886228307347,1.28131449687463));
#1200=CARTESIAN_POINT('',(-4.30612725771307,11.9875109260783,1.23719469484234));
#1201=CARTESIAN_POINT('',(-4.25143975771014,11.3192070583877,0.631277671114863));
#1202=CARTESIAN_POINT('',(-4.19675225771643,11.186505183668,-0.261526624741223));
#1203=CARTESIAN_POINT('',(-4.15117934103809,11.5735560862257,-0.905515235904389));
#1204=CARTESIAN_POINT('',(-4.11472100772085,12.0750389831629,-1.18780173973863));
#1205=CARTESIAN_POINT('',(-4.0873772576963,12.5000139554329,-1.26220713302027));
#1206=CARTESIAN_POINT('',(-4.06003350774896,12.9248394157623,-1.18771187946646));
#1207=CARTESIAN_POINT('',(-4.02357517429481,13.4265831466944,-0.905580879708493));
#1208=CARTESIAN_POINT('',(-3.97800225791328,13.8133789962318,-0.261436045621579));
#1209=CARTESIAN_POINT('',(-3.92331475734551,13.6809341065179,0.631378839811547));
#1210=CARTESIAN_POINT('',(-3.8686272585445,13.0123913764796,1.2370337855339));
#1211=CARTESIAN_POINT('',(-3.81393975599426,12.1113210417615,1.28139038584463));
#1212=CARTESIAN_POINT('',(-3.7592522610815,11.3866376547483,0.743901081272548));
#1213=CARTESIAN_POINT('',(-3.70456475119774,11.1674331207611,-0.131232377612669));
#1214=CARTESIAN_POINT('',(-3.64987727025876,11.553170281121,-0.946846553180058));
#1215=CARTESIAN_POINT('',(-3.59518973357371,12.3687506774042,-1.33254268380681));
#1216=CARTESIAN_POINT('',(-3.5405023041342,13.243925702102,-1.11340467449169));
#1217=CARTESIAN_POINT('',(-3.485814668489,13.7813466656094,-0.388599278482724));
#1218=CARTESIAN_POINT('',(-3.43112742875927,13.7371208534321,0.512234865968453));
#1219=CARTESIAN_POINT('',(-3.3764394338996,13.1311430042634,1.18125543382979));
#1220=CARTESIAN_POINT('',(-3.326310044431,12.3133383512043,1.30178962454141));
#1221=CARTESIAN_POINT('',(-3.28529317177336,11.7212448390269,1.01105022771449));
#1222=CARTESIAN_POINT('',(-3.24883728436058,11.3563937676086,0.566492449170376));
#1223=CARTESIAN_POINT('',(-3.22604477496602,11.262286054807,0.212582566295208));
#1224=CARTESIAN_POINT('',(-3.20717679301267,11.2627376065263,-0.0809327052426578));
#1225=CARTESIAN_POINT('',(-3.19671928288611,11.2785981005468,-0.243197061742621));
#1226=CARTESIAN_POINT('',(-3.17778624127743,11.3731993080534,-0.553878721945999));
#1227=CARTESIAN_POINT('',(-3.15189684536455,11.6932918686228,-1.03707563225699));
#1228=CARTESIAN_POINT('',(-3.14954332885151,12.1753575401189,-1.23860761004563));
#1229=CARTESIAN_POINT('',(-3.14999261645483,12.7434078617439,-1.23729056509399));
#1230=CARTESIAN_POINT('',(-3.14982245579346,13.1465612678808,-1.11445356306396));
#1231=CARTESIAN_POINT('',(-3.14990495389716,13.6145843656258,-0.64680002679286));
#1232=CARTESIAN_POINT('',(-3.14987725771217,13.7372998812332,-0.242943207521436));
#1233=CARTESIAN_POINT('',(-3.14987725771217,13.7373000059557,-2.4244087870056E-15));
#1234=CARTESIAN_POINT('',(-6.81077137495759,13.8119088120884,0.0));
#1235=CARTESIAN_POINT('',(-6.81077137495759,13.8119174209497,0.257598252155704));
#1236=CARTESIAN_POINT('',(-6.8107436787726,13.6817890197105,0.685798301056266));
#1237=CARTESIAN_POINT('',(-6.81082617687631,13.1855511091518,1.18165755901727));
#1238=CARTESIAN_POINT('',(-6.81065601621493,12.7580848290409,1.3118968718541));
#1239=CARTESIAN_POINT('',(-6.81110530381825,12.1557817549393,1.31329603234346));
#1240=CARTESIAN_POINT('',(-6.80875178730522,11.6446472350824,1.09961155674285));
#1241=CARTESIAN_POINT('',(-6.78286239139232,11.3052541111644,0.587276441163824));
#1242=CARTESIAN_POINT('',(-6.76392934978365,11.2049469141332,0.257863087098115));
#1243=CARTESIAN_POINT('',(-6.75347183965709,11.1881328805191,0.0858120482712184));
#1244=CARTESIAN_POINT('',(-6.73460385770374,11.1876483794874,-0.225399519177632));
#1245=CARTESIAN_POINT('',(-6.71181134830917,11.2874362912595,-0.600652805642769));
#1246=CARTESIAN_POINT('',(-6.67535546089641,11.6742853578261,-1.07201560341628));
#1247=CARTESIAN_POINT('',(-6.63433858823875,12.3020833101353,-1.38028792943285));
#1248=CARTESIAN_POINT('',(-6.58420919877017,13.1692003242695,-1.25248390239613));
#1249=CARTESIAN_POINT('',(-6.5295212039105,13.8117190875575,-0.543122909510016));
#1250=CARTESIAN_POINT('',(-6.47483396418077,13.8586112838953,0.412031919030748));
#1251=CARTESIAN_POINT('',(-6.42014632853556,13.2887843824161,1.18054249307736));
#1252=CARTESIAN_POINT('',(-6.36545889909606,12.3608360876238,1.41289468819575));
#1253=CARTESIAN_POINT('',(-6.310771362411,11.4960772777488,1.00394097236207));
#1254=CARTESIAN_POINT('',(-6.25608388147202,11.087078766486,0.139145862607834));
#1255=CARTESIAN_POINT('',(-6.20139637158826,11.3195041559441,-0.788758480163086));
#1256=CARTESIAN_POINT('',(-6.14670887667549,12.087880207134,-1.35865705858382));
#1257=CARTESIAN_POINT('',(-6.09202137412529,13.0432950787604,-1.31162794173177));
#1258=CARTESIAN_POINT('',(-6.03733387532421,13.7521338746866,-0.669448405086051));
#1259=CARTESIAN_POINT('',(-5.98264637475657,13.8925915405036,0.277196436656305));
#1260=CARTESIAN_POINT('',(-5.9370734583748,13.4824250933615,0.960195057952841));
#1261=CARTESIAN_POINT('',(-5.90061512492107,12.9505078472271,1.25931775965558));
#1262=CARTESIAN_POINT('',(-5.8732713749728,12.499888770498,1.33834855134789));
#1263=CARTESIAN_POINT('',(-5.84592762495016,12.049643065046,1.2593760611097));
#1264=CARTESIAN_POINT('',(-5.8094692916292,11.517360837988,0.960016658157099));
#1265=CARTESIAN_POINT('',(-5.76845366662128,11.1488096577268,0.345944138319731));
#1266=CARTESIAN_POINT('',(-5.7274380416253,11.1937326238856,-0.35291252997094));
#1267=CARTESIAN_POINT('',(-5.69097970829042,11.4809185871378,-0.890101125931922));
#1268=CARTESIAN_POINT('',(-5.64996408329119,12.0366885359652,-1.31536319890769));
#1269=CARTESIAN_POINT('',(-5.59983387495742,12.9119082205339,-1.35888132038171));
#1270=CARTESIAN_POINT('',(-5.5451463749577,13.6806981271461,-0.788606738601529));
#1271=CARTESIAN_POINT('',(-5.49045887495752,13.9128064386854,0.139066986342999));
#1272=CARTESIAN_POINT('',(-5.43577137495763,13.5039849306476,1.00397204527786));
#1273=CARTESIAN_POINT('',(-5.38108387495756,12.6391284376265,1.41289872883896));
#1274=CARTESIAN_POINT('',(-5.3263963749576,11.7112399007227,1.18050144378954));
#1275=CARTESIAN_POINT('',(-5.27170887495757,11.141364774218,0.412128064747871));
#1276=CARTESIAN_POINT('',(-5.21702137495761,11.1883161883167,-0.543315726459316));
#1277=CARTESIAN_POINT('',(-5.16233387495758,11.8307274274068,-1.25211863704172));
#1278=CARTESIAN_POINT('',(-5.1076463749576,12.7769818914683,-1.39248097653238));
#1279=CARTESIAN_POINT('',(-5.05295887495758,13.5974913233594,-0.900684903966834));
#1280=CARTESIAN_POINT('',(-4.9982713749576,13.9197577210662,-4.43942719049283E-06));
#1281=CARTESIAN_POINT('',(-4.94358387495759,13.5974968548301,0.900695749186874));
#1282=CARTESIAN_POINT('',(-4.88889637495759,12.776968381823,1.39246336253146));
#1283=CARTESIAN_POINT('',(-4.83420887495758,11.8307548673609,1.252150806265));
#1284=CARTESIAN_POINT('',(-4.77952137495759,11.1882629596825,0.543254902480914));
#1285=CARTESIAN_POINT('',(-4.72483387495758,11.1414646143405,-0.412013049486043));
#1286=CARTESIAN_POINT('',(-4.67014637495762,11.7110749418208,-1.18070787613932));
#1287=CARTESIAN_POINT('',(-4.61545887495756,12.639176391087,-1.41277003116667));
#1288=CARTESIAN_POINT('',(-4.56077137495764,13.5038970736572,-1.00406322015249));
#1289=CARTESIAN_POINT('',(-4.5060838749575,13.9127989337034,-0.139065340249087));
#1290=CARTESIAN_POINT('',(-4.45139637495776,13.6805840422786,0.788759370338287));
#1291=CARTESIAN_POINT('',(-4.39670887495722,12.912056596746,1.35857768667616));
#1292=CARTESIAN_POINT('',(-4.34202137495849,11.956608082822,1.31179650786975));
#1293=CARTESIAN_POINT('',(-4.28733387495555,11.2480054658687,0.669343625696216));
#1294=CARTESIAN_POINT('',(-4.23264637496185,11.1073021933373,-0.277296198559745));
#1295=CARTESIAN_POINT('',(-4.18707345828349,11.5176911353523,-0.960118571227439));
#1296=CARTESIAN_POINT('',(-4.15061512496626,12.0494144653715,-1.25942489284928));
#1297=CARTESIAN_POINT('',(-4.12327137494171,12.5000144653778,-1.33831853818247));
#1298=CARTESIAN_POINT('',(-4.09592762499437,12.9504571255695,-1.25933019088346));
#1299=CARTESIAN_POINT('',(-4.05946929154022,13.4824559786277,-0.960187470012017));
#1300=CARTESIAN_POINT('',(-4.01389637515868,13.8925753467771,-0.277200417652608));
#1301=CARTESIAN_POINT('',(-3.95920887459093,13.7521439734049,0.669450888071082));
#1302=CARTESIAN_POINT('',(-3.90452137578992,13.0432882890508,1.31162627238348));
#1303=CARTESIAN_POINT('',(-3.84983387323968,12.0878839017601,1.3586579668922));
#1304=CARTESIAN_POINT('',(-3.79514637832693,11.3195022169138,0.788758003493164));
#1305=CARTESIAN_POINT('',(-3.74045886844314,11.0870797768162,-0.139145614255397));
#1306=CARTESIAN_POINT('',(-3.68577138750417,11.4960767520851,-1.0039411015688));
#1307=CARTESIAN_POINT('',(-3.63108385081912,12.3608363610583,-1.41289462099065));
#1308=CARTESIAN_POINT('',(-3.57639642137963,13.2887842401531,-1.18054252804057));
#1309=CARTESIAN_POINT('',(-3.52170878573442,13.8586113579863,-0.412031900823177));
#1310=CARTESIAN_POINT('',(-3.46702154600468,13.8117190488253,0.543122899992649));
#1311=CARTESIAN_POINT('',(-3.41233355114501,13.1692003448091,1.25248390744234));
#1312=CARTESIAN_POINT('',(-3.36220416167641,12.3020833010753,1.38028792720754));
#1313=CARTESIAN_POINT('',(-3.32118728901877,11.6742853612099,1.07201560424693));
#1314=CARTESIAN_POINT('',(-3.284731401606,11.2874362888767,0.600652805058625));
#1315=CARTESIAN_POINT('',(-3.26193889221144,11.1876483809375,0.225399519531559));
#1316=CARTESIAN_POINT('',(-3.24307091025809,11.1881328803733,-0.0858120483062212));
#1317=CARTESIAN_POINT('',(-3.23261340013153,11.2049469142054,-0.257863087080746));
#1318=CARTESIAN_POINT('',(-3.21368035852284,11.3052541111299,-0.587276441172101));
#1319=CARTESIAN_POINT('',(-3.18779096260997,11.6446472351135,-1.09961155673535));
#1320=CARTESIAN_POINT('',(-3.18543744609693,12.1557817549263,-1.31329603234658));
#1321=CARTESIAN_POINT('',(-3.18588673370024,12.7580848290462,-1.31189687185284));
#1322=CARTESIAN_POINT('',(-3.18571657303887,13.1855511091492,-1.18165755901789));
#1323=CARTESIAN_POINT('',(-3.18579907114257,13.6817890197118,-0.685798301055947));
#1324=CARTESIAN_POINT('',(-3.18577137495759,13.8119174209495,-0.25759825215573));
#1325=CARTESIAN_POINT('',(-3.18577137495759,13.8119088120884,-2.57059988399566E-15));
#1326=CARTESIAN_POINT('',(-6.93181765746093,13.8394399417254,0.0));
#1327=CARTESIAN_POINT('',(-6.93181765746093,13.8394410450702,0.262999130050016));
#1328=CARTESIAN_POINT('',(-6.93178996127595,13.7065934153284,0.700193292536078));
#1329=CARTESIAN_POINT('',(-6.93187245937965,13.1999356688602,1.20645283910192));
#1330=CARTESIAN_POINT('',(-6.93170229871828,12.7635012781767,1.33942944807693));
#1331=CARTESIAN_POINT('',(-6.93215158632161,12.1485580975399,1.34085559820716));
#1332=CARTESIAN_POINT('',(-6.92979806980855,11.6266975231748,1.12268699625047));
#1333=CARTESIAN_POINT('',(-6.90390867389569,11.2801812397227,0.599601636569803));
#1334=CARTESIAN_POINT('',(-6.884975632287,11.1777704178633,0.26327332716376));
#1335=CARTESIAN_POINT('',(-6.87451812216045,11.1606010325328,0.0876136298706356));
#1336=CARTESIAN_POINT('',(-6.85565014020709,11.160111393075,-0.230131155533133));
#1337=CARTESIAN_POINT('',(-6.83285763081252,11.2619885471557,-0.613256923934303));
#1338=CARTESIAN_POINT('',(-6.79640174339976,11.6569579697789,-1.09451300303025));
#1339=CARTESIAN_POINT('',(-6.7553848707421,12.2979294010548,-1.40925333563438));
#1340=CARTESIAN_POINT('',(-6.70525548127353,13.1832442020034,-1.27876872570764));
#1341=CARTESIAN_POINT('',(-6.65056748641384,13.8392460667086,-0.554520264484932));
#1342=CARTESIAN_POINT('',(-6.59588024668412,13.887122590745,0.420678454416074));
#1343=CARTESIAN_POINT('',(-6.5411926110389,13.3053374139543,1.20531691823631));
#1344=CARTESIAN_POINT('',(-6.48650518159942,12.357915676851,1.44254503833777));
#1345=CARTESIAN_POINT('',(-6.43181764491435,11.4750093972984,1.02500923106422));
#1346=CARTESIAN_POINT('',(-6.37713016397537,11.0574278147822,0.142065946435246));
#1347=CARTESIAN_POINT('',(-6.32244265409162,11.2947308277642,-0.805311084677016));
#1348=CARTESIAN_POINT('',(-6.26775515917883,12.0792315786518,-1.38716910211526));
#1349=CARTESIAN_POINT('',(-6.21306765662865,13.0546965338807,-1.33915341501588));
#1350=CARTESIAN_POINT('',(-6.15838015782755,13.7784106806898,-0.683497054832868));
#1351=CARTESIAN_POINT('',(-6.10369265725993,13.9218158306583,0.283013670481539));
#1352=CARTESIAN_POINT('',(-6.05811974087815,13.5030417073735,0.980344995087234));
#1353=CARTESIAN_POINT('',(-6.02166140742443,12.9599619441461,1.28574551274326));
#1354=CARTESIAN_POINT('',(-5.99431765747615,12.4998868367118,1.36643399067093));
#1355=CARTESIAN_POINT('',(-5.96697390745351,12.0401916973962,1.28580532732245));
#1356=CARTESIAN_POINT('',(-5.93051557413257,11.4967396954003,0.98016288643481));
#1357=CARTESIAN_POINT('',(-5.88949994912463,11.1204541702385,0.353203942941222));
#1358=CARTESIAN_POINT('',(-5.84848432412867,11.1663199573719,-0.360318517118956));
#1359=CARTESIAN_POINT('',(-5.81202599079374,11.4595326095968,-0.908780442345417));
#1360=CARTESIAN_POINT('',(-5.77101036579456,12.0269657990915,-1.34296664839213));
#1361=CARTESIAN_POINT('',(-5.72088015746075,12.9205520662955,-1.38739838256529));
#1362=CARTESIAN_POINT('',(-5.66619265746106,13.7054760125597,-0.805156175066691));
#1363=CARTESIAN_POINT('',(-5.61150515746088,13.9424548428356,0.14198545673844));
#1364=CARTESIAN_POINT('',(-5.55681765746097,13.5250541676496,1.02504090880144));
#1365=CARTESIAN_POINT('',(-5.50213015746093,12.6420481022394,1.4425492254997));
#1366=CARTESIAN_POINT('',(-5.44744265746095,11.6946873404032,1.20527490518337));
#1367=CARTESIAN_POINT('',(-5.39275515746094,11.1128530542609,0.420776812646111));
#1368=CARTESIAN_POINT('',(-5.33806765746093,11.1607897746345,-0.554717516130553));
#1369=CARTESIAN_POINT('',(-5.28338015746094,11.8166823696658,-1.27839503906886));
#1370=CARTESIAN_POINT('',(-5.22869265746094,12.7827945105895,-1.42170296869308));
#1371=CARTESIAN_POINT('',(-5.17400515746094,13.6205227899567,-0.919586273159244));
#1372=CARTESIAN_POINT('',(-5.11931765746094,13.9495521260393,-4.54088759192695E-06));
#1373=CARTESIAN_POINT('',(-5.06463015746094,13.6205284400983,0.919597367051355));
#1374=CARTESIAN_POINT('',(-5.00994265746093,12.7827807098876,1.42168494818162));
#1375=CARTESIAN_POINT('',(-4.95525515746094,11.8167104043591,1.27842795556529));
#1376=CARTESIAN_POINT('',(-4.90056765746095,11.1607353837263,0.554655270233434));
#1377=CARTESIAN_POINT('',(-4.84588015746092,11.1129550959197,-0.420659087972388));
#1378=CARTESIAN_POINT('',(-4.79119265746098,11.6945186831001,-1.20548626800268));
#1379=CARTESIAN_POINT('',(-4.73650515746091,12.642097285785,-1.4424175097521));
#1380=CARTESIAN_POINT('',(-4.68181765746099,13.5249642692862,-1.02513417124741));
#1381=CARTESIAN_POINT('',(-4.62713015746085,13.9424473331272,-0.141983642178479));
#1382=CARTESIAN_POINT('',(-4.57244265746112,13.7053592151403,0.805311972358251));
#1383=CARTESIAN_POINT('',(-4.51775515746057,12.9207038931354,1.38708790388507));
#1384=CARTESIAN_POINT('',(-4.46306765746183,11.9452046258412,1.33932584603259));
#1385=CARTESIAN_POINT('',(-4.4083801574589,11.2217317977246,0.683390076541657));
#1386=CARTESIAN_POINT('',(-4.35369265746519,11.0780753638434,-0.283115764264));
#1387=CARTESIAN_POINT('',(-4.30811974078684,11.4970774319499,-0.98026626738919));
#1388=CARTESIAN_POINT('',(-4.27166140746961,12.0399582402646,-1.28585543006282));
#1389=CARTESIAN_POINT('',(-4.24431765744506,12.5000150604901,-1.36640326880347));
#1390=CARTESIAN_POINT('',(-4.21697390749771,12.959910194721,-1.28575823348908));
#1391=CARTESIAN_POINT('',(-4.18051557404357,13.50307322183,-0.980337230492545));
#1392=CARTESIAN_POINT('',(-4.13494265766203,13.9217993037836,-0.283017744627422));
#1393=CARTESIAN_POINT('',(-4.08025515709426,13.7784209867435,0.683499595823227));
#1394=CARTESIAN_POINT('',(-4.02556765829326,13.0546896061234,1.33915170690794));
#1395=CARTESIAN_POINT('',(-3.97088015574302,12.0792353474829,1.38717003135401));
#1396=CARTESIAN_POINT('',(-3.91619266083027,11.2947288501962,0.805310597093825));
#1397=CARTESIAN_POINT('',(-3.86150515094651,11.0574288449945,-0.142065692431231));
#1398=CARTESIAN_POINT('',(-3.80681767000752,11.4750088613923,-1.02500936319349));
#1399=CARTESIAN_POINT('',(-3.75213013332247,12.3579159555595,-1.44254496962191));
#1400=CARTESIAN_POINT('',(-3.69744270388297,13.3053372689765,-1.2053169539804));
#1401=CARTESIAN_POINT('',(-3.64275506823776,13.887122666233,-0.420678435804776));
#1402=CARTESIAN_POINT('',(-3.58806782850803,13.8392460272576,0.554520254758521));
#1403=CARTESIAN_POINT('',(-3.53337983364836,13.183244222914,1.2787687308629));
#1404=CARTESIAN_POINT('',(-3.48325044417977,12.2979293918381,1.40925333336219));
#1405=CARTESIAN_POINT('',(-3.44223357152212,11.6569579732152,1.09451300387733));
#1406=CARTESIAN_POINT('',(-3.40577768410935,11.2619885447453,0.613256923340221));
#1407=CARTESIAN_POINT('',(-3.38298517471479,11.1601113945225,0.230131155889698));
#1408=CARTESIAN_POINT('',(-3.36411719276144,11.1606010323942,-0.0876136299046779));
#1409=CARTESIAN_POINT('',(-3.35365968263488,11.1777704179321,-0.26327332714683));
#1410=CARTESIAN_POINT('',(-3.33472664102619,11.2801812396898,-0.599601636577884));
#1411=CARTESIAN_POINT('',(-3.30883724511331,11.6266975232046,-1.12268699624313));
#1412=CARTESIAN_POINT('',(-3.30648372860028,12.1485580975276,-1.34085559821019));
#1413=CARTESIAN_POINT('',(-3.30693301620359,12.7635012781816,-1.33942944807571));
#1414=CARTESIAN_POINT('',(-3.30676285554223,13.1999356688578,-1.2064528391025));
#1415=CARTESIAN_POINT('',(-3.30684535364593,13.7065934153296,-0.700193292535784));
#1416=CARTESIAN_POINT('',(-3.30681765746094,13.8394410450702,-0.262999130050021));
#1417=CARTESIAN_POINT('',(-3.30681765746094,13.8394399417254,-2.62454533965454E-15));
#1418=CARTESIAN_POINT('',(-7.02897066513322,13.7621053695158,0.0));
#1419=CARTESIAN_POINT('',(-7.02897066513322,13.7621100841476,0.24781685433276));
#1420=CARTESIAN_POINT('',(-7.02894296894822,13.6369270709438,0.659765084090253));
#1421=CARTESIAN_POINT('',(-7.02902546705194,13.1595248421653,1.13679765045141));
#1422=CARTESIAN_POINT('',(-7.02885530639056,12.7482874473343,1.26209467027213));
#1423=CARTESIAN_POINT('',(-7.02930459399387,12.1688491452604,1.26343961385661));
#1424=CARTESIAN_POINT('',(-7.02695107748085,11.6771187890151,1.05786722648504));
#1425=CARTESIAN_POINT('',(-7.00106168156796,11.3506095286492,0.564982318947015));
#1426=CARTESIAN_POINT('',(-6.98212863995927,11.2541108906707,0.24807340123791));
#1427=CARTESIAN_POINT('',(-6.97167112983271,11.2379340008322,0.0825547582355229));
#1428=CARTESIAN_POINT('',(-6.95280314787937,11.2374702268824,-0.216843469693235));
#1429=CARTESIAN_POINT('',(-6.93001063848481,11.3334676754886,-0.577850052488291));
#1430=CARTESIAN_POINT('',(-6.89355475107203,11.7056319353184,-1.03131938632392));
#1431=CARTESIAN_POINT('',(-6.85253787841439,12.3095964976763,-1.32788831572348));
#1432=CARTESIAN_POINT('',(-6.8024084889458,13.143795911574,-1.20493673457124));
#1433=CARTESIAN_POINT('',(-6.74772049408612,13.7619227689734,-0.522504387118754));
#1434=CARTESIAN_POINT('',(-6.69303325435641,13.8070349414821,0.396390040273353));
#1435=CARTESIAN_POINT('',(-6.63834561871118,13.2588400723746,1.13572609667276));
#1436=CARTESIAN_POINT('',(-6.58365818927169,12.3661191182927,1.35925755023833));
#1437=CARTESIAN_POINT('',(-6.52897065258663,11.5341887698675,0.965828785223547));
#1438=CARTESIAN_POINT('',(-6.47428317164766,11.1407168915212,0.133863541214876));
#1439=CARTESIAN_POINT('',(-6.41959566176389,11.3643188362103,-0.758815207532231));
#1440=CARTESIAN_POINT('',(-6.36490816685111,12.1035253062321,-1.30707887451404));
#1441=CARTESIAN_POINT('',(-6.31022066430093,13.02267024645,-1.2618352721243));
#1442=CARTESIAN_POINT('',(-6.25553316549983,13.7045996830189,-0.644034373122523));
#1443=CARTESIAN_POINT('',(-6.20084566493221,13.8397251683266,0.266673397708022));
#1444=CARTESIAN_POINT('',(-6.15527274855042,13.4451296478154,0.92374344422978));
#1445=CARTESIAN_POINT('',(-6.11881441509672,12.9334053800613,1.21151093704328));
#1446=CARTESIAN_POINT('',(-6.09147066514844,12.4998931789082,1.28754113613177));
#1447=CARTESIAN_POINT('',(-6.06412691512579,12.0667396000375,1.21156715965409));
#1448=CARTESIAN_POINT('',(-6.02766858180483,11.5546643933181,0.923571833177223));
#1449=CARTESIAN_POINT('',(-5.98665295679691,11.2001043223455,0.332811195406909));
#1450=CARTESIAN_POINT('',(-5.94563733180094,11.2433219375649,-0.339515024330622));
#1451=CARTESIAN_POINT('',(-5.90917899846604,11.5196055498603,-0.856310616055478));
#1452=CARTESIAN_POINT('',(-5.86816337346683,12.0542770851238,-1.26542853890084));
#1453=CARTESIAN_POINT('',(-5.81803316513304,12.8962709941814,-1.30729476774853));
#1454=CARTESIAN_POINT('',(-5.76334566513334,13.6358759126,-0.758669234051792));
#1455=CARTESIAN_POINT('',(-5.70865816513316,13.8591726072658,0.133787678711198));
#1456=CARTESIAN_POINT('',(-5.65397066513325,13.4658711006429,0.965858656595951));
#1457=CARTESIAN_POINT('',(-5.59928316513319,12.6338467528803,1.35926146613631));
#1458=CARTESIAN_POINT('',(-5.54459566513323,11.7411832711018,1.13568655823015));
#1459=CARTESIAN_POINT('',(-5.4899081651332,11.1929420669863,0.39648262648382));
#1460=CARTESIAN_POINT('',(-5.43522066513323,11.2381110866002,-0.522690064474664));
#1461=CARTESIAN_POINT('',(-5.38053316513322,11.8561347388599,-1.2045849847516));
#1462=CARTESIAN_POINT('',(-5.32584566513322,12.766466945061,-1.33961881197679));
#1463=CARTESIAN_POINT('',(-5.27115816513322,13.555827724609,-0.866492581680302));
#1464=CARTESIAN_POINT('',(-5.21647066513322,13.8658600587425,-4.27474580350893E-06));
#1465=CARTESIAN_POINT('',(-5.16178316513322,13.5558330472928,0.866503024971363));
#1466=CARTESIAN_POINT('',(-5.10709566513323,12.7664539447729,1.3396018495357));
#1467=CARTESIAN_POINT('',(-5.05240816513321,11.8561611458932,1.20461596625134));
#1468=CARTESIAN_POINT('',(-4.99772066513322,11.238059857664,0.522631482002696));
#1469=CARTESIAN_POINT('',(-4.94303316513321,11.1930381662745,-0.39637184022895));
#1470=CARTESIAN_POINT('',(-4.88834566513325,11.7410244646291,-1.13588543160051));
#1471=CARTESIAN_POINT('',(-4.83365816513318,12.6338929897561,-1.35913750689754));
#1472=CARTESIAN_POINT('',(-4.77897066513327,13.4657864871965,-0.965946451096845));
#1473=CARTESIAN_POINT('',(-4.72428316513312,13.859165458098,-0.133786032949598));
#1474=CARTESIAN_POINT('',(-4.6695956651334,13.6357660108997,0.758816054086153));
#1475=CARTESIAN_POINT('',(-4.61490816513284,12.8964138940031,1.30700244120133));
#1476=CARTESIAN_POINT('',(-4.56022066513412,11.9772366054537,1.26199759102605));
#1477=CARTESIAN_POINT('',(-4.50553316513118,11.2955344670045,0.643933571406271));
#1478=CARTESIAN_POINT('',(-4.45084566513748,11.1601724561021,-0.266769483004858));
#1479=CARTESIAN_POINT('',(-4.40527274845911,11.5549823873891,-0.923669566015269));
#1480=CARTESIAN_POINT('',(-4.36881441514189,12.0665196506709,-1.2116142519031));
#1481=CARTESIAN_POINT('',(-4.34147066511734,12.5000140515522,-1.2875122257423));
#1482=CARTESIAN_POINT('',(-4.31412691517,12.9333566009412,-1.2115229096433));
#1483=CARTESIAN_POINT('',(-4.27766858171584,13.4451593518001,-0.923736136263064));
#1484=CARTESIAN_POINT('',(-4.23209566533432,13.839709592459,-0.266677232033987));
#1485=CARTESIAN_POINT('',(-4.17740816476656,13.7046093962326,0.644036764584739));
#1486=CARTESIAN_POINT('',(-4.12272066596554,13.0226637165552,1.26183366441874));
#1487=CARTESIAN_POINT('',(-4.06803316341531,12.1035288590557,1.30707974920816));
#1488=CARTESIAN_POINT('',(-4.01334566850255,11.3643169717903,0.758814748535527));
#1489=CARTESIAN_POINT('',(-3.95865815861877,11.1407178628839,-0.133863302086429));
#1490=CARTESIAN_POINT('',(-3.90397067767981,11.5341882645255,-0.96582890962322));
#1491=CARTESIAN_POINT('',(-3.84928314099474,12.3661193811315,-1.3592574855379));
#1492=CARTESIAN_POINT('',(-3.79459571155526,13.258839935638,-1.13572613033057));
#1493=CARTESIAN_POINT('',(-3.73990807591005,13.8070350126871,-0.39639002274695));
#1494=CARTESIAN_POINT('',(-3.68522083618031,13.7619227317551,0.522504377958367));
#1495=CARTESIAN_POINT('',(-3.63053284132064,13.1437959313061,1.20493673942735));
#1496=CARTESIAN_POINT('',(-3.58040345185205,12.3095964889758,1.32788831358257));
#1497=CARTESIAN_POINT('',(-3.5393865791944,11.7056319385652,1.03131938712257));
#1498=CARTESIAN_POINT('',(-3.50293069178163,11.3334676732066,0.577850051927398));
#1499=CARTESIAN_POINT('',(-3.48013818238707,11.2374702282621,0.216843470031503));
#1500=CARTESIAN_POINT('',(-3.46127020043372,11.2379340006967,-0.08255475826841));
#1501=CARTESIAN_POINT('',(-3.45081269030716,11.2541108907379,-0.248073401221574));
#1502=CARTESIAN_POINT('',(-3.43187964869847,11.3506095286171,-0.564982318954807));
#1503=CARTESIAN_POINT('',(-3.4059902527856,11.6771187890441,-1.05786722647798));
#1504=CARTESIAN_POINT('',(-3.40363673627256,12.1688491452483,-1.26343961385953));
#1505=CARTESIAN_POINT('',(-3.40408602387588,12.7482874473392,-1.26209467027095));
#1506=CARTESIAN_POINT('',(-3.4039158632145,13.1595248421629,-1.13679765045199));
#1507=CARTESIAN_POINT('',(-3.4039983613182,13.636927070945,-0.65976508408996));
#1508=CARTESIAN_POINT('',(-3.40397066513322,13.7621100841476,-0.247816854332775));
#1509=CARTESIAN_POINT('',(-3.40397066513322,13.7621053695158,-2.47301328154286E-15));
#1510=CARTESIAN_POINT('',(-7.02886041650926,13.637946755678,0.0));
#1511=CARTESIAN_POINT('',(-7.02886041650926,13.6379463379406,0.223435053229972));
#1512=CARTESIAN_POINT('',(-7.02883272032428,13.5250851426561,0.594863122524385));
#1513=CARTESIAN_POINT('',(-7.02891521842797,13.0946433288216,1.02496459271835));
#1514=CARTESIAN_POINT('',(-7.0287450577666,12.7238626077686,1.13793813981474));
#1515=CARTESIAN_POINT('',(-7.02919434536993,12.201425818705,1.13914933458138));
#1516=CARTESIAN_POINT('',(-7.02684082885687,11.7580692798563,0.953800064911607));
#1517=CARTESIAN_POINT('',(-7.00095143294401,11.4636796181736,0.509403163618327));
#1518=CARTESIAN_POINT('',(-6.98201839133532,11.3766747934894,0.223668673361687));
#1519=CARTESIAN_POINT('',(-6.97156088120877,11.3620877738808,0.0744339661897381));
#1520=CARTESIAN_POINT('',(-6.95269289925541,11.3616726779886,-0.195512578532226));
#1521=CARTESIAN_POINT('',(-6.92990038986084,11.4482235006048,-0.521003958364674));
#1522=CARTESIAN_POINT('',(-6.89344450244808,11.7837776815366,-0.929864501255316));
#1523=CARTESIAN_POINT('',(-6.85242762979042,12.3283269762937,-1.1972579334716));
#1524=CARTESIAN_POINT('',(-6.80229824032185,13.0804632063601,-1.08640250032145));
#1525=CARTESIAN_POINT('',(-6.74761024546218,13.6377820156612,-0.471103202797365));
#1526=CARTESIAN_POINT('',(-6.69292300573244,13.6784564774664,0.357395374435943));
#1527=CARTESIAN_POINT('',(-6.63823537008722,13.1841897561814,1.02399999823175));
#1528=CARTESIAN_POINT('',(-6.58354794064774,12.3792895562929,1.2255416533023));
#1529=CARTESIAN_POINT('',(-6.52886040396267,11.6291996776692,0.870816147576575));
#1530=CARTESIAN_POINT('',(-6.4741729230237,11.2744352757035,0.120694840558825));
#1531=CARTESIAN_POINT('',(-6.41948541313993,11.4760405861019,-0.684167408189709));
#1532=CARTESIAN_POINT('',(-6.36479791822716,12.142528148538,-1.17849595260936));
#1533=CARTESIAN_POINT('',(-6.31011041567696,12.9712530416993,-1.13770337338252));
#1534=CARTESIAN_POINT('',(-6.25542291687588,13.5860981979077,-0.580677945771606));
#1535=CARTESIAN_POINT('',(-6.20073541630825,13.707930761706,0.24043968301706));
#1536=CARTESIAN_POINT('',(-6.15516249992647,13.3521531972111,0.832870742790576));
#1537=CARTESIAN_POINT('',(-6.11870416647275,12.8907694342475,1.09232967778309));
#1538=CARTESIAN_POINT('',(-6.09136041652447,12.4999039305664,1.16087996923801));
#1539=CARTESIAN_POINT('',(-6.06401666650182,12.1093610176861,1.09238054546414));
#1540=CARTESIAN_POINT('',(-6.02755833318089,11.647661082958,0.832716035074564));
#1541=CARTESIAN_POINT('',(-5.98654270817296,11.3279805196779,0.30007114377787));
#1542=CARTESIAN_POINT('',(-5.94552708317698,11.3669466896157,-0.306115456652416));
#1543=CARTESIAN_POINT('',(-5.90906874984207,11.6160510803079,-0.77207177151673));
#1544=CARTESIAN_POINT('',(-5.86805312484287,12.0981247896257,-1.14094290621897));
#1545=CARTESIAN_POINT('',(-5.81792291650908,12.8572879824697,-1.17869079726626));
#1546=CARTESIAN_POINT('',(-5.76323541650937,13.5241351940855,-0.684035804654288));
#1547=CARTESIAN_POINT('',(-5.7085479165092,13.7254650094152,0.120626466376149));
#1548=CARTESIAN_POINT('',(-5.65386041650929,13.3708543341497,0.870843051670281));
#1549=CARTESIAN_POINT('',(-5.59917291650925,12.6206796712422,1.22554522146772));
#1550=CARTESIAN_POINT('',(-5.54448541650927,11.8158312675892,1.02396428720112));
#1551=CARTESIAN_POINT('',(-5.48979791650926,11.3215228470323,0.35747897089816));
#1552=CARTESIAN_POINT('',(-5.43511041650926,11.362248403215,-0.471270850159515));
#1553=CARTESIAN_POINT('',(-5.38042291650926,11.9194744704677,-1.08608489442437));
#1554=CARTESIAN_POINT('',(-5.32573541650927,12.7402534717411,-1.20783488159341));
#1555=CARTESIAN_POINT('',(-5.27104791650925,13.4519615140843,-0.781252061776471));
#1556=CARTESIAN_POINT('',(-5.21636041650927,13.7314946636795,-3.85926040248423E-06));
#1557=CARTESIAN_POINT('',(-5.16167291650925,13.4519663147265,0.781261490520499));
#1558=CARTESIAN_POINT('',(-5.10698541650926,12.7402417457605,1.2078195654236));
#1559=CARTESIAN_POINT('',(-5.05229791650926,11.9194982912078,1.08611287198827));
#1560=CARTESIAN_POINT('',(-4.99761041650927,11.3622021864049,0.471217942318924));
#1561=CARTESIAN_POINT('',(-4.94292291650924,11.3216095572178,-0.357378903513187));
#1562=CARTESIAN_POINT('',(-4.8882354165093,11.8156879398378,-1.02414396001215));
#1563=CARTESIAN_POINT('',(-4.83354791650923,12.6207214955107,-1.22543326390311));
#1564=CARTESIAN_POINT('',(-4.77886041650931,13.3707779244342,-0.870922315275531));
#1565=CARTESIAN_POINT('',(-4.72417291650917,13.7254586563333,-0.12062490117114));
#1566=CARTESIAN_POINT('',(-4.66948541650944,13.5240359104711,0.684168158603037));
#1567=CARTESIAN_POINT('',(-4.61479791650889,12.8574170292498,1.17842694077894));
#1568=CARTESIAN_POINT('',(-4.56011041651016,12.0286629920071,1.13784992316877));
#1569=CARTESIAN_POINT('',(-4.50542291650722,11.4140228850272,0.580587060314944));
#1570=CARTESIAN_POINT('',(-4.45073541651352,11.2919767459789,-0.24052646075453));
#1571=CARTESIAN_POINT('',(-4.40516249983516,11.6479481029988,-0.832803746068639));
#1572=CARTESIAN_POINT('',(-4.36870416651794,12.1091626691185,-1.09242315461616));
#1573=CARTESIAN_POINT('',(-4.34136041649338,12.5000128463278,-1.16085385498621));
#1574=CARTESIAN_POINT('',(-4.31401666654603,12.8907254759985,-1.09234048998504));
#1575=CARTESIAN_POINT('',(-4.2775583330919,13.3521799675772,-0.832864143160384));
#1576=CARTESIAN_POINT('',(-4.23198541671036,13.7079167221631,-0.240443145979029));
#1577=CARTESIAN_POINT('',(-4.17729791614259,13.5861069528026,0.580680105558375));
#1578=CARTESIAN_POINT('',(-4.12261041734158,12.9712471568734,1.13770192156967));
#1579=CARTESIAN_POINT('',(-4.06792291479135,12.1425313498335,1.17849674239138));
#1580=CARTESIAN_POINT('',(-4.01323541987859,11.476038906401,0.684166993793657));
#1581=CARTESIAN_POINT('',(-3.95854790999483,11.2744361507072,-0.120694624687336));
#1582=CARTESIAN_POINT('',(-3.90386042905585,11.6291992225189,-0.870816259866734));
#1583=CARTESIAN_POINT('',(-3.84917289237079,12.3792897929931,-1.22554159490572));
#1584=CARTESIAN_POINT('',(-3.7944854629313,13.1841896330606,-1.02400002860714));
#1585=CARTESIAN_POINT('',(-3.73979782728609,13.6784565415709,-0.357395358620547));
#1586=CARTESIAN_POINT('',(-3.68511058755635,13.6377819821615,0.471103194532465));
#1587=CARTESIAN_POINT('',(-3.63042259269669,13.0804632241145,1.08640250470175));
#1588=CARTESIAN_POINT('',(-3.58029320322809,12.3283269684694,1.19725793154118));
#1589=CARTESIAN_POINT('',(-3.53927633057045,11.7837776844527,0.929864501974799));
#1590=CARTESIAN_POINT('',(-3.50282044315767,11.4482234985609,0.52100395786037));
#1591=CARTESIAN_POINT('',(-3.48002793376311,11.3616726792125,0.195512578834308));
#1592=CARTESIAN_POINT('',(-3.46115995180977,11.362087773765,-0.0744339662183605));
#1593=CARTESIAN_POINT('',(-3.4507024416832,11.376674793547,-0.223668673347447));
#1594=CARTESIAN_POINT('',(-3.43176940007451,11.4636796181461,-0.509403163625128));
#1595=CARTESIAN_POINT('',(-3.40588000416164,11.7580692798813,-0.953800064905435));
#1596=CARTESIAN_POINT('',(-3.4035264876486,12.2014258186946,-1.13914933458392));
#1597=CARTESIAN_POINT('',(-3.40397577525191,12.7238626077727,-1.13793813981372));
#1598=CARTESIAN_POINT('',(-3.40380561459055,13.0946433288196,-1.02496459271884));
#1599=CARTESIAN_POINT('',(-3.40388811269425,13.5250851426571,-0.594863122524141));
#1600=CARTESIAN_POINT('',(-3.40386041650926,13.6379463379406,-0.223435053229972));
#1601=CARTESIAN_POINT('',(-3.40386041650926,13.637946755678,-2.22973256310578E-15));
#1602=CARTESIAN_POINT('',(-6.93184705216247,13.5604423068778,0.0));
#1603=CARTESIAN_POINT('',(-6.93184705216247,13.5604314543706,0.20821035192799));
#1604=CARTESIAN_POINT('',(-6.93181935597748,13.4552728999525,0.554351841894389));
#1605=CARTESIAN_POINT('',(-6.93190185408118,13.0541398790254,0.955151907076619));
#1606=CARTESIAN_POINT('',(-6.93173169341982,12.7086160829432,1.06043658818025));
#1607=CARTESIAN_POINT('',(-6.93218098102312,12.2217613513054,1.06156205993638));
#1608=CARTESIAN_POINT('',(-6.92982746451009,11.808601920228,0.888836967114329));
#1609=CARTESIAN_POINT('',(-6.90393806859721,11.5342617530384,0.474709400554018));
#1610=CARTESIAN_POINT('',(-6.88500502698853,11.4531846170103,0.208433239449779));
#1611=CARTESIAN_POINT('',(-6.87454751686196,11.4395877019526,0.0693653871222566));
#1612=CARTESIAN_POINT('',(-6.85567953490862,11.4392077239637,-0.182198452911244));
#1613=CARTESIAN_POINT('',(-6.83288702551405,11.5198570353771,-0.485517643106315));
#1614=CARTESIAN_POINT('',(-6.79643113810129,11.8325598261479,-0.866533096768558));
#1615=CARTESIAN_POINT('',(-6.75541426544364,12.3400187537971,-1.11571290922812));
#1616=CARTESIAN_POINT('',(-6.70528487597505,13.0409288837635,-1.01240971280478));
#1617=CARTESIAN_POINT('',(-6.65059688111537,13.5602885570671,-0.439016305496485));
#1618=CARTESIAN_POINT('',(-6.59590964138565,13.5981930871039,0.333053275265533));
#1619=CARTESIAN_POINT('',(-6.54122200574042,13.1375901968078,0.954256475174982));
#1620=CARTESIAN_POINT('',(-6.48653457630095,12.3875110555315,1.14207116869724));
#1621=CARTESIAN_POINT('',(-6.43184703961588,11.6885090304098,0.811505710545511));
#1622=CARTESIAN_POINT('',(-6.3771595586769,11.3579072710823,0.112474474604137));
#1623=CARTESIAN_POINT('',(-6.32247204879315,11.5457815056651,-0.637569529574368));
#1624=CARTESIAN_POINT('',(-6.26778455388035,12.1668751174981,-1.09822956880274));
#1625=CARTESIAN_POINT('',(-6.21309705133018,12.9391566020783,-1.06021582492264));
#1626=CARTESIAN_POINT('',(-6.15840955252908,13.5121252216313,-0.541128406540583));
#1627=CARTESIAN_POINT('',(-6.10372205196146,13.6256597552004,0.224063724533351));
#1628=CARTESIAN_POINT('',(-6.05814913557967,13.2941137093849,0.776144336428634));
#1629=CARTESIAN_POINT('',(-6.02169080212597,12.8641544276625,1.01793253915415));
#1630=CARTESIAN_POINT('',(-5.99434705217768,12.499911018864,1.0818128225864));
#1631=CARTESIAN_POINT('',(-5.96700330215505,12.1359665434631,1.0179803365706));
#1632=CARTESIAN_POINT('',(-5.93054496883409,11.7057131706657,0.776000213298015));
#1633=CARTESIAN_POINT('',(-5.88952934382615,11.4078056105896,0.279633557047654));
#1634=CARTESIAN_POINT('',(-5.84851371883019,11.4441179519964,-0.285266125472397));
#1635=CARTESIAN_POINT('',(-5.81205538549529,11.6762559935597,-0.71948678565923));
#1636=CARTESIAN_POINT('',(-5.77103976049609,12.1254962692707,-1.06323415787415));
#1637=CARTESIAN_POINT('',(-5.72090955216228,12.8329530700497,-1.09841156804322));
#1638=CARTESIAN_POINT('',(-5.66622205216259,13.4543827273191,-0.637446911660182));
#1639=CARTESIAN_POINT('',(-5.61153455216241,13.6419996169512,0.112410814263895));
#1640=CARTESIAN_POINT('',(-5.5568470521625,13.3115413722439,0.811530717891162));
#1641=CARTESIAN_POINT('',(-5.50215955216245,12.6124602655686,1.14207457786293));
#1642=CARTESIAN_POINT('',(-5.44747205216247,11.8624293428124,0.954223057095078));
#1643=CARTESIAN_POINT('',(-5.39278455216247,11.4017877671833,0.333131443293029));
#1644=CARTESIAN_POINT('',(-5.33809705216247,11.4397395520331,-0.439173063189588));
#1645=CARTESIAN_POINT('',(-5.28340955216247,11.9590134954562,-1.01211270960577));
#1646=CARTESIAN_POINT('',(-5.22872205216246,12.7238900429775,-1.12557043568068));
#1647=CARTESIAN_POINT('',(-5.17403455216248,13.3871243479228,-0.728041742244547));
#1648=CARTESIAN_POINT('',(-5.11934705216246,13.6476187665685,-3.60770407948657E-06));
#1649=CARTESIAN_POINT('',(-5.06465955216248,13.3871288251236,0.7280505575011));
#1650=CARTESIAN_POINT('',(-5.00997205216247,12.723879105365,1.12555611248767));
#1651=CARTESIAN_POINT('',(-4.95528455216246,11.9590357195127,1.01213887990964));
#1652=CARTESIAN_POINT('',(-4.90059705216247,11.4396964214173,0.439123560789154));
#1653=CARTESIAN_POINT('',(-4.84590955216245,11.4018687163783,-0.333037788790587));
#1654=CARTESIAN_POINT('',(-4.7912220521625,11.8622954548256,-0.9543913071325));
#1655=CARTESIAN_POINT('',(-4.73653455216244,12.6124995458256,-1.14196981369992));
#1656=CARTESIAN_POINT('',(-4.68184705216251,13.3114698976643,-0.811604820090524));
#1657=CARTESIAN_POINT('',(-4.62715955216237,13.6419939045377,-0.112409173355173));
#1658=CARTESIAN_POINT('',(-4.57247205216264,13.4542897723516,0.637570200052464));
#1659=CARTESIAN_POINT('',(-4.5177845521621,12.8330737861629,1.09816503859504));
#1660=CARTESIAN_POINT('',(-4.46309705216336,12.0607651918023,1.06035283907058));
#1661=CARTESIAN_POINT('',(-4.40840955216043,11.4879879054013,0.541043711138638));
#1662=CARTESIAN_POINT('',(-4.35372205216672,11.3742536310153,-0.224144916349885));
#1663=CARTESIAN_POINT('',(-4.30814913548837,11.7059813332017,-0.776081037194615));
#1664=CARTESIAN_POINT('',(-4.27169080217114,12.1357816223184,-1.01802037886177));
#1665=CARTESIAN_POINT('',(-4.24434705214659,12.5000123682627,-1.08178837959962));
#1666=CARTESIAN_POINT('',(-4.21700330219925,12.864113513265,-1.01794265393767));
#1667=CARTESIAN_POINT('',(-4.18054496874509,13.294138630645,-0.776138162583372));
#1668=CARTESIAN_POINT('',(-4.13497205236357,13.6256466809789,-0.224066964713263));
#1669=CARTESIAN_POINT('',(-4.0802845517958,13.5121333739879,0.541130427256045));
#1670=CARTESIAN_POINT('',(-4.02559705299479,12.9391511241039,1.06021446691717));
#1671=CARTESIAN_POINT('',(-3.97090955044455,12.1668780962249,1.09823030733778));
#1672=CARTESIAN_POINT('',(-3.9162220555318,11.5457799432992,0.637569142163523));
#1673=CARTESIAN_POINT('',(-3.86153454564803,11.3579080846931,-0.112474272836791));
#1674=CARTESIAN_POINT('',(-3.80684706470905,11.6885086073333,-0.811505815475031));
#1675=CARTESIAN_POINT('',(-3.752159528024,12.3875112754783,-1.1420711141413));
#1676=CARTESIAN_POINT('',(-3.6974720985845,13.1375900824412,-0.954256503545739));
#1677=CARTESIAN_POINT('',(-3.64278446293929,13.5981931466273,-0.333053260497864));
#1678=CARTESIAN_POINT('',(-3.58809722320956,13.5602885259769,0.439016297781816));
#1679=CARTESIAN_POINT('',(-3.53340922834988,13.0409289002268,1.01240971689104));
#1680=CARTESIAN_POINT('',(-3.4832798388813,12.3400187465512,1.11571290742894));
#1681=CARTESIAN_POINT('',(-3.44226296622364,11.83255982884,0.866533097437684));
#1682=CARTESIAN_POINT('',(-3.40580707881088,11.519857033503,0.485517642639517));
#1683=CARTESIAN_POINT('',(-3.38301456941632,11.4392077250593,0.182198453186231));
#1684=CARTESIAN_POINT('',(-3.36414658746296,11.4395877018586,-0.0693653871466216));
#1685=CARTESIAN_POINT('',(-3.3536890773364,11.4531846170573,-0.208433239437604));
#1686=CARTESIAN_POINT('',(-3.33475603572772,11.5342617530158,-0.474709400559857));
#1687=CARTESIAN_POINT('',(-3.30886663981484,11.8086019202486,-0.888836967109019));
#1688=CARTESIAN_POINT('',(-3.3065131233018,12.221761351297,-1.06156205993855));
#1689=CARTESIAN_POINT('',(-3.30696241090512,12.7086160829464,-1.0604365881794));
#1690=CARTESIAN_POINT('',(-3.30679225024375,13.0541398790239,-0.955151907077015));
#1691=CARTESIAN_POINT('',(-3.30687474834745,13.4552728999532,-0.554351841894204));
#1692=CARTESIAN_POINT('',(-3.30684705216246,13.5604314543708,-0.20821035192796));
#1693=CARTESIAN_POINT('',(-3.30684705216246,13.5604423068778,-2.07786764287733E-15));
#1694=CARTESIAN_POINT('',(-6.81081923510132,13.5881704048321,0.0));
#1695=CARTESIAN_POINT('',(-6.81081923510132,13.5881713816416,0.213662390140042));
#1696=CARTESIAN_POINT('',(-6.81079153891632,13.4802449140343,0.568841909891455));
#1697=CARTESIAN_POINT('',(-6.81087403702003,13.0686326694975,0.980130775452436));
#1698=CARTESIAN_POINT('',(-6.81070387635864,12.7140702827007,1.08816186195587));
#1699=CARTESIAN_POINT('',(-6.81115316396198,12.2144861335756,1.08932050115711));
#1700=CARTESIAN_POINT('',(-6.80879964744894,11.790522938077,0.912078796797952));
#1701=CARTESIAN_POINT('',(-6.78291025153606,11.5090106870417,0.487120566592732));
#1702=CARTESIAN_POINT('',(-6.76397720992738,11.4258114025392,0.213885109980774));
#1703=CARTESIAN_POINT('',(-6.75351969980083,11.4118628996182,0.071177919473929));
#1704=CARTESIAN_POINT('',(-6.73465171784748,11.4114650604527,-0.186960149393173));
#1705=CARTESIAN_POINT('',(-6.71185920845291,11.4942308259829,-0.49821423654768));
#1706=CARTESIAN_POINT('',(-6.67540332104013,11.8151067334963,-0.889190035799488));
#1707=CARTESIAN_POINT('',(-6.63438644838247,12.3358364333151,-1.14488730307886));
#1708=CARTESIAN_POINT('',(-6.5842570589139,13.0550723791086,-1.03888067539557));
#1709=CARTESIAN_POINT('',(-6.52956906405423,13.5880129011773,-0.450496156791955));
#1710=CARTESIAN_POINT('',(-6.4748818243245,13.6269081223419,0.341762129328394));
#1711=CARTESIAN_POINT('',(-6.42019418867927,13.1542617649962,0.979207918732816));
#1712=CARTESIAN_POINT('',(-6.36550675923979,12.3845696989358,1.17193370885139));
#1713=CARTESIAN_POINT('',(-6.31081922255472,11.6672904441446,0.83272468971742));
#1714=CARTESIAN_POINT('',(-6.25613174161576,11.3280442372985,0.115415371150476));
#1715=CARTESIAN_POINT('',(-6.20144423173198,11.5208308692177,-0.654240373686907));
#1716=CARTESIAN_POINT('',(-6.14675673681922,12.158164783511,-1.12694591084906));
#1717=CARTESIAN_POINT('',(-6.09206923426902,12.9506393541878,-1.08793762603382));
#1718=CARTESIAN_POINT('',(-6.03738173546794,13.5385898041424,-0.555277803064377));
#1719=CARTESIAN_POINT('',(-5.98269423490031,13.6550931549836,0.229922290049827));
#1720=CARTESIAN_POINT('',(-5.93712131851852,13.3148781206468,0.796439154119286));
#1721=CARTESIAN_POINT('',(-5.9006629850648,12.8736763106718,1.04454867117524));
#1722=CARTESIAN_POINT('',(-5.87331923511653,12.4999080611599,1.11010056524001));
#1723=CARTESIAN_POINT('',(-5.84597548509389,12.126448513376,1.0445972619276));
#1724=CARTESIAN_POINT('',(-5.80951715177293,11.6849442898123,0.796291207406656));
#1725=CARTESIAN_POINT('',(-5.76850152676501,11.3792472905234,0.28694536122137));
#1726=CARTESIAN_POINT('',(-5.72748590176903,11.4165089768206,-0.292725291746963));
#1727=CARTESIAN_POINT('',(-5.69102756843413,11.6547169930746,-0.738299605897438));
#1728=CARTESIAN_POINT('',(-5.65001194343492,12.1157036956987,-1.09103552787204));
#1729=CARTESIAN_POINT('',(-5.59988173510115,12.8416594517136,-1.12713217662551));
#1730=CARTESIAN_POINT('',(-5.54519423510143,13.4793371660448,-0.65411452386186));
#1731=CARTESIAN_POINT('',(-5.49050673510125,13.6718604343767,0.115349980318358));
#1732=CARTESIAN_POINT('',(-5.43581923510135,13.3327611959305,0.832750425427995));
#1733=CARTESIAN_POINT('',(-5.3811317351013,12.615400874961,1.17193710988511));
#1734=CARTESIAN_POINT('',(-5.32644423510133,11.845758346019,0.979173788104816));
#1735=CARTESIAN_POINT('',(-5.27175673510131,11.373072090555,0.341842034205221));
#1736=CARTESIAN_POINT('',(-5.21706923510133,11.4120162184108,-0.450656401348311));
#1737=CARTESIAN_POINT('',(-5.16238173510131,11.944867963682,-1.03857709766108));
#1738=CARTESIAN_POINT('',(-5.10769423510133,12.729744244192,-1.15500146489844));
#1739=CARTESIAN_POINT('',(-5.05300673510131,13.4103205749664,-0.7470783392149));
#1740=CARTESIAN_POINT('',(-4.99831923510133,13.6776263157377,-3.68896210038875E-06));
#1741=CARTESIAN_POINT('',(-4.94363173510131,13.4103251651539,0.747087351750057));
#1742=CARTESIAN_POINT('',(-4.88894423510132,12.7297330324839,1.15498682529441));
#1743=CARTESIAN_POINT('',(-4.83425673510131,11.9448907390657,1.03860383849821));
#1744=CARTESIAN_POINT('',(-4.77956923510133,11.4119720313289,0.450605833867592));
#1745=CARTESIAN_POINT('',(-4.7248817351013,11.3731549888016,-0.341746396949837));
#1746=CARTESIAN_POINT('',(-4.67019423510135,11.8456213301196,-0.979345494479293));
#1747=CARTESIAN_POINT('',(-4.61550673510128,12.6154408296766,-1.17183010640849));
#1748=CARTESIAN_POINT('',(-4.56081923510137,13.332688163938,-0.83282619066997));
#1749=CARTESIAN_POINT('',(-4.50613173510122,13.6718543318381,-0.115348507558759));
#1750=CARTESIAN_POINT('',(-4.4514442351015,13.4792422823345,0.654241095066986));
#1751=CARTESIAN_POINT('',(-4.39675673510094,12.8417827933778,1.12687994651873));
#1752=CARTESIAN_POINT('',(-4.34206923510222,12.0492803469593,1.08807770677452));
#1753=CARTESIAN_POINT('',(-4.28738173509928,11.4615259440841,0.555190893150648));
#1754=CARTESIAN_POINT('',(-4.23269423510559,11.3448184539033,-0.230005229260596));
#1755=CARTESIAN_POINT('',(-4.18712131842721,11.6852186640406,-0.79637520184007));
#1756=CARTESIAN_POINT('',(-4.15066298511,12.1262588517943,-1.04463796316818));
#1757=CARTESIAN_POINT('',(-4.12331923508544,12.5000122321963,-1.11007560740473));
#1758=CARTESIAN_POINT('',(-4.09597548513809,12.8736342686922,-1.04455900529861));
#1759=CARTESIAN_POINT('',(-4.05951715168396,13.3149037234107,-0.796432846290378));
#1760=CARTESIAN_POINT('',(-4.01394423530241,13.6550797283647,-0.229925599813983));
#1761=CARTESIAN_POINT('',(-3.95925673473466,13.5385981769007,0.555279867321035));
#1762=CARTESIAN_POINT('',(-3.90456923593365,12.9506337259827,1.08793623839396));
#1763=CARTESIAN_POINT('',(-3.84988173338341,12.1581678453707,1.12694666574958));
#1764=CARTESIAN_POINT('',(-3.79519423847066,11.520829262605,0.654239977580428));
#1765=CARTESIAN_POINT('',(-3.74050672858688,11.328045074264,-0.115415164800435));
#1766=CARTESIAN_POINT('',(-3.6858192476479,11.6672900087624,-0.832724797057961));
#1767=CARTESIAN_POINT('',(-3.63113171096285,12.3845699253654,-1.17193365302719));
#1768=CARTESIAN_POINT('',(-3.57644428152336,13.1542616472125,-0.979207947771078));
#1769=CARTESIAN_POINT('',(-3.52175664587814,13.6269081836706,-0.341762114208672));
#1770=CARTESIAN_POINT('',(-3.46706940614841,13.588012869126,0.450496148890248));
#1771=CARTESIAN_POINT('',(-3.41238141128875,13.0550723960971,1.0388806795837));
#1772=CARTESIAN_POINT('',(-3.36225202182015,12.335836425827,1.14488730123292));
#1773=CARTESIAN_POINT('',(-3.3212351491625,11.8151067362881,0.889190036487678));
#1774=CARTESIAN_POINT('',(-3.28477926174974,11.4942308240245,0.498214236065019));
#1775=CARTESIAN_POINT('',(-3.26198675235517,11.411465061629,0.186960149682899));
#1776=CARTESIAN_POINT('',(-3.24311877040182,11.4118628995055,-0.0711779195016028));
#1777=CARTESIAN_POINT('',(-3.23266126027527,11.4258114025951,-0.213885109967012));
#1778=CARTESIAN_POINT('',(-3.21372821866657,11.509010687015,-0.487120566599303));
#1779=CARTESIAN_POINT('',(-3.18783882275371,11.7905229381012,-0.91207879679199));
#1780=CARTESIAN_POINT('',(-3.18548530624066,12.2144861335655,-1.08932050115958));
#1781=CARTESIAN_POINT('',(-3.18593459384398,12.7140702827046,-1.08816186195488));
#1782=CARTESIAN_POINT('',(-3.18576443318261,13.0686326694955,-0.980130775452912));
#1783=CARTESIAN_POINT('',(-3.18584693128632,13.4802449140353,-0.568841909891216));
#1784=CARTESIAN_POINT('',(-3.18581923510132,13.5881713816416,-0.213662390140047));
#1785=CARTESIAN_POINT('',(-3.18581923510132,13.5881704048321,-2.13219904512727E-15));
#1786=CARTESIAN_POINT('',(-6.77489321109343,13.6627205368702,0.0));
#1787=CARTESIAN_POINT('',(-6.77489321109343,13.6627178681306,0.228297920182881));
#1788=CARTESIAN_POINT('',(-6.77486551490845,13.5474029970659,0.607814563071524));
#1789=CARTESIAN_POINT('',(-6.77494801301215,13.1075884546649,1.04727796854182));
#1790=CARTESIAN_POINT('',(-6.77477785235078,12.7287363462926,1.16271222846235));
#1791=CARTESIAN_POINT('',(-6.77522713995408,12.1949256663423,1.1639490996474));
#1792=CARTESIAN_POINT('',(-6.77287362344106,11.7419171029271,0.974564712282082));
#1793=CARTESIAN_POINT('',(-6.74698422752818,11.4411181667093,0.520493430414891));
#1794=CARTESIAN_POINT('',(-6.7280511859195,11.3522195966192,0.228537736052358));
#1795=CARTESIAN_POINT('',(-6.71759367579294,11.3373142796858,0.0760546622790341));
#1796=CARTESIAN_POINT('',(-6.69872569383959,11.3368916137966,-0.199769442705061));
#1797=CARTESIAN_POINT('',(-6.67593318444502,11.4253252814064,-0.532346260020447));
#1798=CARTESIAN_POINT('',(-6.63947729703226,11.7681852944121,-0.950108371059888));
#1799=CARTESIAN_POINT('',(-6.5984604243746,12.3245894007731,-1.22332275118903));
#1800=CARTESIAN_POINT('',(-6.54833103490602,13.0931003365694,-1.11005435340033));
#1801=CARTESIAN_POINT('',(-6.49364304004633,13.6625521610674,-0.481359290715202));
#1802=CARTESIAN_POINT('',(-6.43895580031661,13.7041122087168,0.365176032443905));
#1803=CARTESIAN_POINT('',(-6.38426816467139,13.1990849635107,1.04629311668475));
#1804=CARTESIAN_POINT('',(-6.3295807352319,12.3766616237886,1.25222242084952));
#1805=CARTESIAN_POINT('',(-6.27489319854685,11.6102418315091,0.889774336880099));
#1806=CARTESIAN_POINT('',(-6.22020571760788,11.2477539929091,0.12332244849376));
#1807=CARTESIAN_POINT('',(-6.16551820772411,11.4537483856194,-0.699062162984793));
#1808=CARTESIAN_POINT('',(-6.11083071281133,12.1347457529464,-1.20415247794255));
#1809=CARTESIAN_POINT('',(-6.05614321026114,12.981512533771,-1.16247192537763));
#1810=CARTESIAN_POINT('',(-6.00145571146005,13.609743230195,-0.593319624367764));
#1811=CARTESIAN_POINT('',(-5.94676821089242,13.7342281333363,0.24567423185405));
#1812=CARTESIAN_POINT('',(-5.90119529451064,13.3707050473111,0.851002753522823));
#1813=CARTESIAN_POINT('',(-5.86473696105692,12.8992767013582,1.11611042832721));
#1814=CARTESIAN_POINT('',(-5.83739321110864,12.499901955874,1.18615286187071));
#1815=CARTESIAN_POINT('',(-5.810049461086,12.1008564629212,1.11616248790952));
#1816=CARTESIAN_POINT('',(-5.77359112776505,11.6291051790598,0.850844687924893));
#1817=CARTESIAN_POINT('',(-5.73257550275712,11.3024649510248,0.306603865024723));
#1818=CARTESIAN_POINT('',(-5.69155987776115,11.3422794633773,-0.312779750741066));
#1819=CARTESIAN_POINT('',(-5.65510154442624,11.5968069861026,-0.788880251199647));
#1820=CARTESIAN_POINT('',(-5.61408591942705,12.0893757580056,-1.16578186512443));
#1821=CARTESIAN_POINT('',(-5.56395571109325,12.8650662751475,-1.20435165560354));
#1822=CARTESIAN_POINT('',(-5.50926821109354,13.546431312474,-0.698927699125321));
#1823=CARTESIAN_POINT('',(-5.45458071109337,13.7521440809534,0.123252597965222));
#1824=CARTESIAN_POINT('',(-5.39989321109346,13.3898133710768,0.889801812906943));
#1825=CARTESIAN_POINT('',(-5.34520571109342,12.6233069333151,1.25222608469961));
#1826=CARTESIAN_POINT('',(-5.29051821109344,11.8009365067665,1.04625659835797));
#1827=CARTESIAN_POINT('',(-5.23583071109343,11.2958666917187,0.365261505682698));
#1828=CARTESIAN_POINT('',(-5.18114321109342,11.337478869056,-0.48153070112786));
#1829=CARTESIAN_POINT('',(-5.12645571109343,11.9068360814983,-1.10972961252561));
#1830=CARTESIAN_POINT('',(-5.07176821109343,12.7454839338757,-1.23413017234668));
#1831=CARTESIAN_POINT('',(-5.01708071109342,13.4726862871735,-0.798260386221718));
#1832=CARTESIAN_POINT('',(-4.96239321109343,13.7583050406605,-3.94569875766262E-06));
#1833=CARTESIAN_POINT('',(-4.90770571109343,13.472691193084,0.798270026383518));
#1834=CARTESIAN_POINT('',(-4.85301821109343,12.7454719504114,1.23411451198014));
#1835=CARTESIAN_POINT('',(-4.79833071109342,11.9068604263419,1.10975822023254));
#1836=CARTESIAN_POINT('',(-4.74364321109344,11.3374316328823,0.481476599014192));
#1837=CARTESIAN_POINT('',(-4.68895571109341,11.2959553206529,-0.365159173505493));
#1838=CARTESIAN_POINT('',(-4.63426821109346,11.8007899896587,-1.04644035728719));
#1839=CARTESIAN_POINT('',(-4.57958071109339,12.6233497333879,-1.25211159720642));
#1840=CARTESIAN_POINT('',(-4.52489321109348,13.3897352402268,-0.88988285294377));
#1841=CARTESIAN_POINT('',(-4.47020571109333,13.752137634121,-0.123250959622374));
#1842=CARTESIAN_POINT('',(-4.4155182110936,13.5463297745196,0.699062923558797));
#1843=CARTESIAN_POINT('',(-4.36083071109306,12.8651982296119,1.20408191682216));
#1844=CARTESIAN_POINT('',(-4.30614321109431,12.0184016807907,1.16262176114393));
#1845=CARTESIAN_POINT('',(-4.25145571109138,11.3903805511262,0.59322676026634));
#1846=CARTESIAN_POINT('',(-4.19676821109768,11.2656772705233,-0.245762968308173));
#1847=CARTESIAN_POINT('',(-4.15119529441933,11.6293985957884,-0.850934112775266));
#1848=CARTESIAN_POINT('',(-4.1147369611021,12.1006537786372,-1.1162060965116));
#1849=CARTESIAN_POINT('',(-4.08739321107755,12.5000132110391,-1.18612615609435));
#1850=CARTESIAN_POINT('',(-4.0600494611302,12.8992317968032,-1.11612148427151));
#1851=CARTESIAN_POINT('',(-4.02359112767605,13.3707323949554,-0.850996005134613));
#1852=CARTESIAN_POINT('',(-3.97801821129452,13.7342137900943,-0.245677773008704));
#1853=CARTESIAN_POINT('',(-3.92333071072675,13.6097521743498,0.593321832894865));
#1854=CARTESIAN_POINT('',(-3.86864321192574,12.9815065221235,1.16247044087072));
#1855=CARTESIAN_POINT('',(-3.8139557093755,12.1347490229651,1.20415328546376));
#1856=CARTESIAN_POINT('',(-3.75926821446275,11.4537466699787,0.699061739301636));
#1857=CARTESIAN_POINT('',(-3.70458070457898,11.2477548865771,-0.123322227794349));
#1858=CARTESIAN_POINT('',(-3.64989322364001,11.6102413666801,-0.889774451676447));
#1859=CARTESIAN_POINT('',(-3.59520568695495,12.3766618655065,-1.25222236115233));
#1860=CARTESIAN_POINT('',(-3.54051825751545,13.1990848377885,-1.0462931477352));
#1861=CARTESIAN_POINT('',(-3.48583062187025,13.7041122741709,-0.365176016277889));
#1862=CARTESIAN_POINT('',(-3.43114338214051,13.6625521268657,0.481359282267653));
#1863=CARTESIAN_POINT('',(-3.37645538728084,13.0931003546928,1.11005435787691));
#1864=CARTESIAN_POINT('',(-3.32632599781225,12.3245893927882,1.22332274921653));
#1865=CARTESIAN_POINT('',(-3.2853091251546,11.7681852973862,0.950108371794743));
#1866=CARTESIAN_POINT('',(-3.24885323774183,11.4253252793245,0.532346259505841));
#1867=CARTESIAN_POINT('',(-3.22606072834727,11.3368916150376,0.199769443012322));
#1868=CARTESIAN_POINT('',(-3.20719274639392,11.3373142795704,-0.0760546623077851));
#1869=CARTESIAN_POINT('',(-3.19673523626735,11.3522195966767,-0.228537736038043));
#1870=CARTESIAN_POINT('',(-3.17780219465867,11.4411181666818,-0.520493430421733));
#1871=CARTESIAN_POINT('',(-3.15191279874579,11.741917102952,-0.974564712275872));
#1872=CARTESIAN_POINT('',(-3.14955928223276,12.194925666332,-1.16394909964996));
#1873=CARTESIAN_POINT('',(-3.15000856983607,12.7287363462967,-1.16271222846134));
#1874=CARTESIAN_POINT('',(-3.14983840917471,13.1075884546629,-1.0472779685423));
#1875=CARTESIAN_POINT('',(-3.14992090727841,13.5474029970669,-0.607814563071282));
#1876=CARTESIAN_POINT('',(-3.14989321109342,13.6627178681306,-0.228297920182875));
#1877=CARTESIAN_POINT('',(-3.14989321109342,13.6627205368702,-2.27827517404947E-15));
#1878=CARTESIAN_POINT('',(-6.77488523440281,13.700010271413,0.0));
#1879=CARTESIAN_POINT('',(-6.77488523440281,13.7000088746819,0.235620563852157));
#1880=CARTESIAN_POINT('',(-6.77485753821783,13.5809936813453,0.627307294932325));
#1881=CARTESIAN_POINT('',(-6.77494003632153,13.127074861274,1.08086576580262));
#1882=CARTESIAN_POINT('',(-6.77476987566016,12.736072104016,1.20000139677873));
#1883=CARTESIAN_POINT('',(-6.77521916326346,12.1851416032362,1.20127835484513));
#1884=CARTESIAN_POINT('',(-6.77286564675044,11.7176044857613,1.0058201722729));
#1885=CARTESIAN_POINT('',(-6.74697625083756,11.4071587373964,0.537186076176739));
#1886=CARTESIAN_POINT('',(-6.72804320922888,11.3154088485516,0.235867398905248));
#1887=CARTESIAN_POINT('',(-6.71758569910231,11.3000259431693,0.078493683745249));
#1888=CARTESIAN_POINT('',(-6.69871771714897,11.2995888336357,-0.206176004335804));
#1889=CARTESIAN_POINT('',(-6.6759252077544,11.3908595256191,-0.549419354869629));
#1890=CARTESIAN_POINT('',(-6.63946932034164,11.7447150651338,-0.980579298996019));
#1891=CARTESIAN_POINT('',(-6.59845244768398,12.3189638802431,-1.26255618891469));
#1892=CARTESIAN_POINT('',(-6.5483230582154,13.1121216607628,-1.14565489123375));
#1893=CARTESIAN_POINT('',(-6.49363506335571,13.6998365254641,-0.496797082834879));
#1894=CARTESIAN_POINT('',(-6.43894782362599,13.7427294023091,0.376887664060964));
#1895=CARTESIAN_POINT('',(-6.38426018798077,13.2215053997474,1.07984887907551));
#1896=CARTESIAN_POINT('',(-6.32957275854128,12.3727060219032,1.29238258407358));
#1897=CARTESIAN_POINT('',(-6.27488522185623,11.5817063037765,0.91831038398754));
#1898=CARTESIAN_POINT('',(-6.22019774091726,11.207593081107,0.12727753040332));
#1899=CARTESIAN_POINT('',(-6.16551023103349,11.4201939334071,-0.72148184739749));
#1900=CARTESIAN_POINT('',(-6.11082273612071,12.1230316568836,-1.24277100256501));
#1901=CARTESIAN_POINT('',(-6.05613523357052,12.9969551545332,-1.19975364466063));
#1902=CARTESIAN_POINT('',(-6.00144773476943,13.645333908619,-0.612348058038043));
#1903=CARTESIAN_POINT('',(-5.9467602342018,13.7738111975896,0.253553256288463));
#1904=CARTESIAN_POINT('',(-5.90118731782002,13.3986295427635,0.878295404161749));
#1905=CARTESIAN_POINT('',(-5.8647289843663,12.9120819574508,1.15190527640727));
#1906=CARTESIAN_POINT('',(-5.83738523441802,12.4998987407637,1.22419419288869));
#1907=CARTESIAN_POINT('',(-5.81004148439538,12.0880555548662,1.15195895443987));
#1908=CARTESIAN_POINT('',(-5.77358315107443,11.6011746037558,0.878132263049967));
#1909=CARTESIAN_POINT('',(-5.73256752606649,11.264058678892,0.316436994541116));
#1910=CARTESIAN_POINT('',(-5.69155190107053,11.3051500712215,-0.322810957111729));
#1911=CARTESIAN_POINT('',(-5.65509356773562,11.5678405851132,-0.814180504538727));
#1912=CARTESIAN_POINT('',(-5.61407794273642,12.0762065647167,-1.20316981029704));
#1913=CARTESIAN_POINT('',(-5.56394773440263,12.8767744032842,-1.24297651289624));
#1914=CARTESIAN_POINT('',(-5.50926023440292,13.5799914726575,-0.721343068248599));
#1915=CARTESIAN_POINT('',(-5.45457273440275,13.7923017483381,0.127205432302662));
#1916=CARTESIAN_POINT('',(-5.39988523440284,13.4183506601963,0.918338749548588));
#1917=CARTESIAN_POINT('',(-5.34519773440279,12.6272615270927,1.29238635452525));
#1918=CARTESIAN_POINT('',(-5.29051023440282,11.7785167658838,1.07981120763876));
#1919=CARTESIAN_POINT('',(-5.23582273440281,11.2572488056625,0.376975844106473));
#1920=CARTESIAN_POINT('',(-5.1811352344028,11.300195530707,-0.496973921979695));
#1921=CARTESIAN_POINT('',(-5.12644773440281,11.8878126587857,-1.14531986908905));
#1922=CARTESIAN_POINT('',(-5.0717602344028,12.7533568750884,-1.27371009095234));
#1923=CARTESIAN_POINT('',(-5.0170727344028,13.5038814119057,-0.82386148034704));
#1924=CARTESIAN_POINT('',(-4.9623852344028,13.7986602748819,-4.07077627267997E-06));
#1925=CARTESIAN_POINT('',(-4.90769773440281,13.5038864746967,0.823871425956321));
#1926=CARTESIAN_POINT('',(-4.8530102344028,12.7533445086346,1.27369393485298));
#1927=CARTESIAN_POINT('',(-4.7983227344028,11.8878377810577,1.14534938152701));
#1928=CARTESIAN_POINT('',(-4.74363523440281,11.3001467876079,0.496918110449746));
#1929=CARTESIAN_POINT('',(-4.68894773440279,11.2573402582428,-0.376870282261528));
#1930=CARTESIAN_POINT('',(-4.63426023440284,11.7783655916089,-1.08000075423053));
#1931=CARTESIAN_POINT('',(-4.57957273440277,12.6273056602897,-1.29226825133278));
#1932=CARTESIAN_POINT('',(-4.52488523440285,13.4182700585133,-0.918422357857524));
#1933=CARTESIAN_POINT('',(-4.47019773440271,13.7922950677652,-0.127203765070762));
#1934=CARTESIAN_POINT('',(-4.41551023440298,13.5798867345103,0.721482636104014));
#1935=CARTESIAN_POINT('',(-4.36082273440244,12.8769105301733,1.24269820684839));
#1936=CARTESIAN_POINT('',(-4.30613523440369,12.0029563034345,1.19990822799314));
#1937=CARTESIAN_POINT('',(-4.25144773440076,11.3547938047569,0.612252215690601));
#1938=CARTESIAN_POINT('',(-4.19676023440705,11.2260912270956,-0.253644796524698));
#1939=CARTESIAN_POINT('',(-4.15118731772871,11.6014773410071,-0.878224674339827));
#1940=CARTESIAN_POINT('',(-4.11472898441147,12.0878463809001,-1.15200391812511));
#1941=CARTESIAN_POINT('',(-4.08738523438692,12.500013583236,-1.22416664455731));
#1942=CARTESIAN_POINT('',(-4.06004148443958,12.9120356062828,-1.15191668186899));
#1943=CARTESIAN_POINT('',(-4.02358315098543,13.3986577708249,-0.878288442421553));
#1944=CARTESIAN_POINT('',(-3.9780102346039,13.7737963931631,-0.253556909315142));
#1945=CARTESIAN_POINT('',(-3.92332273403613,13.6453431404338,0.612350336353206));
#1946=CARTESIAN_POINT('',(-3.86863523523512,12.9969489493016,1.19975211320231));
#1947=CARTESIAN_POINT('',(-3.81394773268488,12.1230350323633,1.24277183565419));
#1948=CARTESIAN_POINT('',(-3.75926023777213,11.4201921623635,0.721481410287092));
#1949=CARTESIAN_POINT('',(-3.70457272788836,11.2075940036691,-0.127277302703509));
#1950=CARTESIAN_POINT('',(-3.64988524694938,11.5817058239005,-0.918310502428252));
#1951=CARTESIAN_POINT('',(-3.59519771026433,12.3727062714553,-1.29238252247957));
#1952=CARTESIAN_POINT('',(-3.54051028082482,13.2215052699452,-1.07984891111344));
#1953=CARTESIAN_POINT('',(-3.48582264517963,13.7427294698901,-0.376887647380306));
#1954=CARTESIAN_POINT('',(-3.43113540544989,13.6998364901489,0.496797074118053));
#1955=CARTESIAN_POINT('',(-3.37644741059022,13.1121216794781,1.14565489585335));
#1956=CARTESIAN_POINT('',(-3.32631802112163,12.3189638719962,1.26255618687897));
#1957=CARTESIAN_POINT('',(-3.28530114846398,11.7447150682065,0.980579299754618));
#1958=CARTESIAN_POINT('',(-3.24884526105121,11.3908595234666,0.549419354338109));
#1959=CARTESIAN_POINT('',(-3.22605275165664,11.2995888349223,0.206176004653765));
#1960=CARTESIAN_POINT('',(-3.2071847697033,11.3000259430483,-0.0784936837752215));
#1961=CARTESIAN_POINT('',(-3.19672725957673,11.3154088486117,-0.235867398890332));
#1962=CARTESIAN_POINT('',(-3.17779421796805,11.4071587373676,-0.537186076183866));
#1963=CARTESIAN_POINT('',(-3.15190482205517,11.7176044857874,-1.00582017226643));
#1964=CARTESIAN_POINT('',(-3.14955130554214,12.1851416032254,-1.20127835484779));
#1965=CARTESIAN_POINT('',(-3.15000059314545,12.7360721040203,-1.20000139677766));
#1966=CARTESIAN_POINT('',(-3.14983043248408,13.1270748612719,-1.08086576580313));
#1967=CARTESIAN_POINT('',(-3.14991293058778,13.5809936813463,-0.627307294932071));
#1968=CARTESIAN_POINT('',(-3.1498852344028,13.7000088746819,-0.235620563852155));
#1969=CARTESIAN_POINT('',(-3.1498852344028,13.700010271413,-2.35134198052754E-15));
#1970=SURFACE_SIDE_STYLE('',(#5471));
#1971=EDGE_LOOP('',(#5472,#5473,#5474,#5475));
#1972=CARTESIAN_POINT('',(-6.77488523440281,13.700010271413,0.0));
#1973=CARTESIAN_POINT('',(-6.77488523440281,13.7000088746819,0.235620563852157));
#1974=CARTESIAN_POINT('',(-6.77485753821783,13.5809936813453,0.627307294932325));
#1975=CARTESIAN_POINT('',(-6.77494003632153,13.127074861274,1.08086576580262));
#1976=CARTESIAN_POINT('',(-6.77476987566016,12.736072104016,1.20000139677873));
#1977=CARTESIAN_POINT('',(-6.77521916326346,12.1851416032362,1.20127835484513));
#1978=CARTESIAN_POINT('',(-6.77286564675044,11.7176044857613,1.0058201722729));
#1979=CARTESIAN_POINT('',(-6.74697625083756,11.4071587373964,0.537186076176739));
#1980=CARTESIAN_POINT('',(-6.72804320922888,11.3154088485516,0.235867398905248));
#1981=CARTESIAN_POINT('',(-6.71758569910231,11.3000259431693,0.078493683745249));
#1982=CARTESIAN_POINT('',(-6.69871771714897,11.2995888336357,-0.206176004335804));
#1983=CARTESIAN_POINT('',(-6.6759252077544,11.3908595256191,-0.549419354869629));
#1984=CARTESIAN_POINT('',(-6.63946932034164,11.7447150651338,-0.980579298996019));
#1985=CARTESIAN_POINT('',(-6.59845244768398,12.3189638802431,-1.26255618891469));
#1986=CARTESIAN_POINT('',(-6.5483230582154,13.1121216607628,-1.14565489123375));
#1987=CARTESIAN_POINT('',(-6.49363506335571,13.6998365254641,-0.496797082834879));
#1988=CARTESIAN_POINT('',(-6.43894782362599,13.7427294023091,0.376887664060964));
#1989=CARTESIAN_POINT('',(-6.38426018798077,13.2215053997474,1.07984887907551));
#1990=CARTESIAN_POINT('',(-6.32957275854128,12.3727060219032,1.29238258407358));
#1991=CARTESIAN_POINT('',(-6.27488522185623,11.5817063037765,0.91831038398754));
#1992=CARTESIAN_POINT('',(-6.22019774091726,11.207593081107,0.12727753040332));
#1993=CARTESIAN_POINT('',(-6.16551023103349,11.4201939334071,-0.72148184739749));
#1994=CARTESIAN_POINT('',(-6.11082273612071,12.1230316568836,-1.24277100256501));
#1995=CARTESIAN_POINT('',(-6.05613523357052,12.9969551545332,-1.19975364466063));
#1996=CARTESIAN_POINT('',(-6.00144773476943,13.645333908619,-0.612348058038043));
#1997=CARTESIAN_POINT('',(-5.9467602342018,13.7738111975896,0.253553256288463));
#1998=CARTESIAN_POINT('',(-5.90118731782002,13.3986295427635,0.878295404161749));
#1999=CARTESIAN_POINT('',(-5.8647289843663,12.9120819574508,1.15190527640727));
#2000=CARTESIAN_POINT('',(-5.83738523441802,12.4998987407637,1.22419419288869));
#2001=CARTESIAN_POINT('',(-5.81004148439538,12.0880555548662,1.15195895443987));
#2002=CARTESIAN_POINT('',(-5.77358315107443,11.6011746037558,0.878132263049967));
#2003=CARTESIAN_POINT('',(-5.73256752606649,11.264058678892,0.316436994541116));
#2004=CARTESIAN_POINT('',(-5.69155190107053,11.3051500712215,-0.322810957111729));
#2005=CARTESIAN_POINT('',(-5.65509356773562,11.5678405851132,-0.814180504538727));
#2006=CARTESIAN_POINT('',(-5.61407794273642,12.0762065647167,-1.20316981029704));
#2007=CARTESIAN_POINT('',(-5.56394773440263,12.8767744032842,-1.24297651289624));
#2008=CARTESIAN_POINT('',(-5.50926023440292,13.5799914726575,-0.721343068248599));
#2009=CARTESIAN_POINT('',(-5.45457273440275,13.7923017483381,0.127205432302662));
#2010=CARTESIAN_POINT('',(-5.39988523440284,13.4183506601963,0.918338749548588));
#2011=CARTESIAN_POINT('',(-5.34519773440279,12.6272615270927,1.29238635452525));
#2012=CARTESIAN_POINT('',(-5.29051023440282,11.7785167658838,1.07981120763876));
#2013=CARTESIAN_POINT('',(-5.23582273440281,11.2572488056625,0.376975844106473));
#2014=CARTESIAN_POINT('',(-5.1811352344028,11.300195530707,-0.496973921979695));
#2015=CARTESIAN_POINT('',(-5.12644773440281,11.8878126587857,-1.14531986908905));
#2016=CARTESIAN_POINT('',(-5.0717602344028,12.7533568750884,-1.27371009095234));
#2017=CARTESIAN_POINT('',(-5.0170727344028,13.5038814119057,-0.82386148034704));
#2018=CARTESIAN_POINT('',(-4.9623852344028,13.7986602748819,-4.07077627267997E-06));
#2019=CARTESIAN_POINT('',(-4.90769773440281,13.5038864746967,0.823871425956321));
#2020=CARTESIAN_POINT('',(-4.8530102344028,12.7533445086346,1.27369393485298));
#2021=CARTESIAN_POINT('',(-4.7983227344028,11.8878377810577,1.14534938152701));
#2022=CARTESIAN_POINT('',(-4.74363523440281,11.3001467876079,0.496918110449746));
#2023=CARTESIAN_POINT('',(-4.68894773440279,11.2573402582428,-0.376870282261528));
#2024=CARTESIAN_POINT('',(-4.63426023440284,11.7783655916089,-1.08000075423053));
#2025=CARTESIAN_POINT('',(-4.57957273440277,12.6273056602897,-1.29226825133278));
#2026=CARTESIAN_POINT('',(-4.52488523440285,13.4182700585133,-0.918422357857524));
#2027=CARTESIAN_POINT('',(-4.47019773440271,13.7922950677652,-0.127203765070762));
#2028=CARTESIAN_POINT('',(-4.41551023440298,13.5798867345103,0.721482636104014));
#2029=CARTESIAN_POINT('',(-4.36082273440244,12.8769105301733,1.24269820684839));
#2030=CARTESIAN_POINT('',(-4.30613523440369,12.0029563034345,1.19990822799314));
#2031=CARTESIAN_POINT('',(-4.25144773440076,11.3547938047569,0.612252215690601));
#2032=CARTESIAN_POINT('',(-4.19676023440705,11.2260912270956,-0.253644796524698));
#2033=CARTESIAN_POINT('',(-4.15118731772871,11.6014773410071,-0.878224674339827));
#2034=CARTESIAN_POINT('',(-4.11472898441147,12.0878463809001,-1.15200391812511));
#2035=CARTESIAN_POINT('',(-4.08738523438692,12.500013583236,-1.22416664455731));
#2036=CARTESIAN_POINT('',(-4.06004148443958,12.9120356062828,-1.15191668186899));
#2037=CARTESIAN_POINT('',(-4.02358315098543,13.3986577708249,-0.878288442421553));
#2038=CARTESIAN_POINT('',(-3.9780102346039,13.7737963931631,-0.253556909315142));
#2039=CARTESIAN_POINT('',(-3.92332273403613,13.6453431404338,0.612350336353206));
#2040=CARTESIAN_POINT('',(-3.86863523523512,12.9969489493016,1.19975211320231));
#2041=CARTESIAN_POINT('',(-3.81394773268488,12.1230350323633,1.24277183565419));
#2042=CARTESIAN_POINT('',(-3.75926023777213,11.4201921623635,0.721481410287092));
#2043=CARTESIAN_POINT('',(-3.70457272788836,11.2075940036691,-0.127277302703509));
#2044=CARTESIAN_POINT('',(-3.64988524694938,11.5817058239005,-0.918310502428252));
#2045=CARTESIAN_POINT('',(-3.59519771026433,12.3727062714553,-1.29238252247957));
#2046=CARTESIAN_POINT('',(-3.54051028082482,13.2215052699452,-1.07984891111344));
#2047=CARTESIAN_POINT('',(-3.48582264517963,13.7427294698901,-0.376887647380306));
#2048=CARTESIAN_POINT('',(-3.43113540544989,13.6998364901489,0.496797074118053));
#2049=CARTESIAN_POINT('',(-3.37644741059022,13.1121216794781,1.14565489585335));
#2050=CARTESIAN_POINT('',(-3.32631802112163,12.3189638719962,1.26255618687897));
#2051=CARTESIAN_POINT('',(-3.28530114846398,11.7447150682065,0.980579299754618));
#2052=CARTESIAN_POINT('',(-3.24884526105121,11.3908595234666,0.549419354338109));
#2053=CARTESIAN_POINT('',(-3.22605275165664,11.2995888349223,0.206176004653765));
#2054=CARTESIAN_POINT('',(-3.2071847697033,11.3000259430483,-0.0784936837752215));
#2055=CARTESIAN_POINT('',(-3.19672725957673,11.3154088486117,-0.235867398890332));
#2056=CARTESIAN_POINT('',(-3.17779421796805,11.4071587373676,-0.537186076183866));
#2057=CARTESIAN_POINT('',(-3.15190482205517,11.7176044857874,-1.00582017226643));
#2058=CARTESIAN_POINT('',(-3.14955130554214,12.1851416032254,-1.20127835484779));
#2059=CARTESIAN_POINT('',(-3.15000059314545,12.7360721040203,-1.20000139677766));
#2060=CARTESIAN_POINT('',(-3.14983043248408,13.1270748612719,-1.08086576580313));
#2061=CARTESIAN_POINT('',(-3.14991293058778,13.5809936813463,-0.627307294932071));
#2062=CARTESIAN_POINT('',(-3.1498852344028,13.7000088746819,-0.235620563852155));
#2063=CARTESIAN_POINT('',(-3.1498852344028,13.700010271413,-2.35134198052754E-15));
#2064=CARTESIAN_POINT('',(-6.77487725771219,13.7373000059557,0.0));
#2065=CARTESIAN_POINT('',(-6.77487725771219,13.7372998812332,0.242943207521434));
#2066=CARTESIAN_POINT('',(-6.77484956152721,13.6145843656247,0.646800026793127));
#2067=CARTESIAN_POINT('',(-6.77493205963091,13.146561267883,1.11445356306343));
#2068=CARTESIAN_POINT('',(-6.77476189896954,12.7434078617393,1.2372905650951));
#2069=CARTESIAN_POINT('',(-6.77521118657284,12.1753575401302,1.23860761004285));
#2070=CARTESIAN_POINT('',(-6.77285767005982,11.6932918685956,1.03707563226371));
#2071=CARTESIAN_POINT('',(-6.74696827414694,11.3731993080835,0.553878721938588));
#2072=CARTESIAN_POINT('',(-6.72803523253826,11.2785981004839,0.243197061758139));
#2073=CARTESIAN_POINT('',(-6.71757772241169,11.2627376066527,0.0809327052114639));
#2074=CARTESIAN_POINT('',(-6.69870974045835,11.2622860534748,-0.212582565966547));
#2075=CARTESIAN_POINT('',(-6.67591723106378,11.3563937698319,-0.56649244971881));
#2076=CARTESIAN_POINT('',(-6.63946134365102,11.7212448358554,-1.01105022693215));
#2077=CARTESIAN_POINT('',(-6.59844447099337,12.3133383597131,-1.30178962664036));
#2078=CARTESIAN_POINT('',(-6.54831508152478,13.1311429849563,-1.18125542906718));
#2079=CARTESIAN_POINT('',(-6.49362708666509,13.7371208898608,-0.512234874954555));
#2080=CARTESIAN_POINT('',(-6.43893984693537,13.7813465959013,0.388599295678023));
#2081=CARTESIAN_POINT('',(-6.38425221129015,13.243925835984,1.11340464146627));
#2082=CARTESIAN_POINT('',(-6.32956478185066,12.3687504200179,1.33254274729764));
#2083=CARTESIAN_POINT('',(-6.27487724516561,11.5531707760439,0.946846431094981));
#2084=CARTESIAN_POINT('',(-6.22018976422663,11.1674321693049,0.13123261231288));
#2085=CARTESIAN_POINT('',(-6.16550225434287,11.3866394811948,-0.743901531810186));
#2086=CARTESIAN_POINT('',(-6.11081475943009,12.1113175608207,-1.28138952718747));
#2087=CARTESIAN_POINT('',(-6.0561272568799,13.0123977752953,-1.23703536394362));
#2088=CARTESIAN_POINT('',(-6.00143975807881,13.680924587043,-0.631376491708322));
#2089=CARTESIAN_POINT('',(-5.94675225751118,13.813394261843,0.261432280722876));
#2090=CARTESIAN_POINT('',(-5.9011793411294,13.426554038216,0.905588054800675));
#2091=CARTESIAN_POINT('',(-5.86472100767568,12.9248872135434,1.18770012448733));
#2092=CARTESIAN_POINT('',(-5.8373772577274,12.4998955256534,1.26223552390667));
#2093=CARTESIAN_POINT('',(-5.81003350770476,12.0752546468112,1.18775542097022));
#2094=CARTESIAN_POINT('',(-5.77357517438381,11.5732440284517,0.905419838175041));
#2095=CARTESIAN_POINT('',(-5.73255954937587,11.2256524067592,0.32627012405751));
#2096=CARTESIAN_POINT('',(-5.69154392437991,11.2680206790656,-0.332842163482392));
#2097=CARTESIAN_POINT('',(-5.655085591045,11.5388741841237,-0.839480757877808));
#2098=CARTESIAN_POINT('',(-5.6140699660458,12.0630373714278,-1.24055775546964));
#2099=CARTESIAN_POINT('',(-5.56393975771201,12.8884825314209,-1.28160137018894));
#2100=CARTESIAN_POINT('',(-5.5092522577123,13.6135516328411,-0.743758437371878));
#2101=CARTESIAN_POINT('',(-5.45456475771212,13.8324594157229,0.131158266640102));
#2102=CARTESIAN_POINT('',(-5.39987725771222,13.4468879493158,0.946875686190232));
#2103=CARTESIAN_POINT('',(-5.34518975771217,12.6312161208703,1.33254662435089));
#2104=CARTESIAN_POINT('',(-5.29050225771219,11.7560970250011,1.11336581691955));
#2105=CARTESIAN_POINT('',(-5.23581475771219,11.2186309196063,0.388690182530248));
#2106=CARTESIAN_POINT('',(-5.18112725771218,11.262912192358,-0.512417142831529));
#2107=CARTESIAN_POINT('',(-5.12643975771219,11.8687892360732,-1.18091012565249));
#2108=CARTESIAN_POINT('',(-5.07175225771218,12.7612298163011,-1.313290009558));
#2109=CARTESIAN_POINT('',(-5.01706475771218,13.5350765366379,-0.849462574472363));
#2110=CARTESIAN_POINT('',(-4.96237725771218,13.8390155091033,-4.19585378769731E-06));
#2111=CARTESIAN_POINT('',(-4.90768975771218,13.5350817563094,0.849472825529124));
#2112=CARTESIAN_POINT('',(-4.85300225771218,12.7612170668578,1.31327335772583));
#2113=CARTESIAN_POINT('',(-4.79831475771218,11.8688151357736,1.18094054282147));
#2114=CARTESIAN_POINT('',(-4.74362725771219,11.2628619423335,0.512359621885299));
#2115=CARTESIAN_POINT('',(-4.68893975771217,11.2187251958326,-0.388581391017562));
#2116=CARTESIAN_POINT('',(-4.63425225771222,11.7559411935591,-1.11356115117387));
#2117=CARTESIAN_POINT('',(-4.57956475771215,12.6312615871914,-1.33242490545914));
#2118=CARTESIAN_POINT('',(-4.52487725771223,13.4468048767999,-0.946961862771278));
#2119=CARTESIAN_POINT('',(-4.47018975771209,13.8324525014094,-0.13115657051915));
#2120=CARTESIAN_POINT('',(-4.41550225771236,13.613443694501,0.743902348649231));
#2121=CARTESIAN_POINT('',(-4.36081475771181,12.8886228307347,1.28131449687463));
#2122=CARTESIAN_POINT('',(-4.30612725771307,11.9875109260783,1.23719469484234));
#2123=CARTESIAN_POINT('',(-4.25143975771014,11.3192070583877,0.631277671114863));
#2124=CARTESIAN_POINT('',(-4.19675225771643,11.186505183668,-0.261526624741223));
#2125=CARTESIAN_POINT('',(-4.15117934103809,11.5735560862257,-0.905515235904389));
#2126=CARTESIAN_POINT('',(-4.11472100772085,12.0750389831629,-1.18780173973863));
#2127=CARTESIAN_POINT('',(-4.0873772576963,12.5000139554329,-1.26220713302027));
#2128=CARTESIAN_POINT('',(-4.06003350774896,12.9248394157623,-1.18771187946646));
#2129=CARTESIAN_POINT('',(-4.02357517429481,13.4265831466944,-0.905580879708493));
#2130=CARTESIAN_POINT('',(-3.97800225791328,13.8133789962318,-0.261436045621579));
#2131=CARTESIAN_POINT('',(-3.92331475734551,13.6809341065179,0.631378839811547));
#2132=CARTESIAN_POINT('',(-3.8686272585445,13.0123913764796,1.2370337855339));
#2133=CARTESIAN_POINT('',(-3.81393975599426,12.1113210417615,1.28139038584463));
#2134=CARTESIAN_POINT('',(-3.7592522610815,11.3866376547483,0.743901081272548));
#2135=CARTESIAN_POINT('',(-3.70456475119774,11.1674331207611,-0.131232377612669));
#2136=CARTESIAN_POINT('',(-3.64987727025876,11.553170281121,-0.946846553180058));
#2137=CARTESIAN_POINT('',(-3.59518973357371,12.3687506774042,-1.33254268380681));
#2138=CARTESIAN_POINT('',(-3.5405023041342,13.243925702102,-1.11340467449169));
#2139=CARTESIAN_POINT('',(-3.485814668489,13.7813466656094,-0.388599278482724));
#2140=CARTESIAN_POINT('',(-3.43112742875927,13.7371208534321,0.512234865968453));
#2141=CARTESIAN_POINT('',(-3.3764394338996,13.1311430042634,1.18125543382979));
#2142=CARTESIAN_POINT('',(-3.326310044431,12.3133383512043,1.30178962454141));
#2143=CARTESIAN_POINT('',(-3.28529317177336,11.7212448390269,1.01105022771449));
#2144=CARTESIAN_POINT('',(-3.24883728436058,11.3563937676086,0.566492449170376));
#2145=CARTESIAN_POINT('',(-3.22604477496602,11.262286054807,0.212582566295208));
#2146=CARTESIAN_POINT('',(-3.20717679301267,11.2627376065263,-0.0809327052426578));
#2147=CARTESIAN_POINT('',(-3.19671928288611,11.2785981005468,-0.243197061742621));
#2148=CARTESIAN_POINT('',(-3.17778624127743,11.3731993080534,-0.553878721945999));
#2149=CARTESIAN_POINT('',(-3.15189684536455,11.6932918686228,-1.03707563225699));
#2150=CARTESIAN_POINT('',(-3.14954332885151,12.1753575401189,-1.23860761004563));
#2151=CARTESIAN_POINT('',(-3.14999261645483,12.7434078617439,-1.23729056509399));
#2152=CARTESIAN_POINT('',(-3.14982245579346,13.1465612678808,-1.11445356306396));
#2153=CARTESIAN_POINT('',(-3.14990495389716,13.6145843656258,-0.64680002679286));
#2154=CARTESIAN_POINT('',(-3.14987725771217,13.7372998812332,-0.242943207521436));
#2155=CARTESIAN_POINT('',(-3.14987725771217,13.7373000059557,-2.4244087870056E-15));
#2156=CARTESIAN_POINT('',(-6.81077137495759,13.8119088120884,0.0));
#2157=CARTESIAN_POINT('',(-6.81077137495759,13.8119174209497,0.257598252155704));
#2158=CARTESIAN_POINT('',(-6.8107436787726,13.6817890197105,0.685798301056266));
#2159=CARTESIAN_POINT('',(-6.81082617687631,13.1855511091518,1.18165755901727));
#2160=CARTESIAN_POINT('',(-6.81065601621493,12.7580848290409,1.3118968718541));
#2161=CARTESIAN_POINT('',(-6.81110530381825,12.1557817549393,1.31329603234346));
#2162=CARTESIAN_POINT('',(-6.80875178730522,11.6446472350824,1.09961155674285));
#2163=CARTESIAN_POINT('',(-6.78286239139232,11.3052541111644,0.587276441163824));
#2164=CARTESIAN_POINT('',(-6.76392934978365,11.2049469141332,0.257863087098115));
#2165=CARTESIAN_POINT('',(-6.75347183965709,11.1881328805191,0.0858120482712184));
#2166=CARTESIAN_POINT('',(-6.73460385770374,11.1876483794874,-0.225399519177632));
#2167=CARTESIAN_POINT('',(-6.71181134830917,11.2874362912595,-0.600652805642769));
#2168=CARTESIAN_POINT('',(-6.67535546089641,11.6742853578261,-1.07201560341628));
#2169=CARTESIAN_POINT('',(-6.63433858823875,12.3020833101353,-1.38028792943285));
#2170=CARTESIAN_POINT('',(-6.58420919877017,13.1692003242695,-1.25248390239613));
#2171=CARTESIAN_POINT('',(-6.5295212039105,13.8117190875575,-0.543122909510016));
#2172=CARTESIAN_POINT('',(-6.47483396418077,13.8586112838953,0.412031919030748));
#2173=CARTESIAN_POINT('',(-6.42014632853556,13.2887843824161,1.18054249307736));
#2174=CARTESIAN_POINT('',(-6.36545889909606,12.3608360876238,1.41289468819575));
#2175=CARTESIAN_POINT('',(-6.310771362411,11.4960772777488,1.00394097236207));
#2176=CARTESIAN_POINT('',(-6.25608388147202,11.087078766486,0.139145862607834));
#2177=CARTESIAN_POINT('',(-6.20139637158826,11.3195041559441,-0.788758480163086));
#2178=CARTESIAN_POINT('',(-6.14670887667549,12.087880207134,-1.35865705858382));
#2179=CARTESIAN_POINT('',(-6.09202137412529,13.0432950787604,-1.31162794173177));
#2180=CARTESIAN_POINT('',(-6.03733387532421,13.7521338746866,-0.669448405086051));
#2181=CARTESIAN_POINT('',(-5.98264637475657,13.8925915405036,0.277196436656305));
#2182=CARTESIAN_POINT('',(-5.9370734583748,13.4824250933615,0.960195057952841));
#2183=CARTESIAN_POINT('',(-5.90061512492107,12.9505078472271,1.25931775965558));
#2184=CARTESIAN_POINT('',(-5.8732713749728,12.499888770498,1.33834855134789));
#2185=CARTESIAN_POINT('',(-5.84592762495016,12.049643065046,1.2593760611097));
#2186=CARTESIAN_POINT('',(-5.8094692916292,11.517360837988,0.960016658157099));
#2187=CARTESIAN_POINT('',(-5.76845366662128,11.1488096577268,0.345944138319731));
#2188=CARTESIAN_POINT('',(-5.7274380416253,11.1937326238856,-0.35291252997094));
#2189=CARTESIAN_POINT('',(-5.69097970829042,11.4809185871378,-0.890101125931922));
#2190=CARTESIAN_POINT('',(-5.64996408329119,12.0366885359652,-1.31536319890769));
#2191=CARTESIAN_POINT('',(-5.59983387495742,12.9119082205339,-1.35888132038171));
#2192=CARTESIAN_POINT('',(-5.5451463749577,13.6806981271461,-0.788606738601529));
#2193=CARTESIAN_POINT('',(-5.49045887495752,13.9128064386854,0.139066986342999));
#2194=CARTESIAN_POINT('',(-5.43577137495763,13.5039849306476,1.00397204527786));
#2195=CARTESIAN_POINT('',(-5.38108387495756,12.6391284376265,1.41289872883896));
#2196=CARTESIAN_POINT('',(-5.3263963749576,11.7112399007227,1.18050144378954));
#2197=CARTESIAN_POINT('',(-5.27170887495757,11.141364774218,0.412128064747871));
#2198=CARTESIAN_POINT('',(-5.21702137495761,11.1883161883167,-0.543315726459316));
#2199=CARTESIAN_POINT('',(-5.16233387495758,11.8307274274068,-1.25211863704172));
#2200=CARTESIAN_POINT('',(-5.1076463749576,12.7769818914683,-1.39248097653238));
#2201=CARTESIAN_POINT('',(-5.05295887495758,13.5974913233594,-0.900684903966834));
#2202=CARTESIAN_POINT('',(-4.9982713749576,13.9197577210662,-4.43942719049283E-06));
#2203=CARTESIAN_POINT('',(-4.94358387495759,13.5974968548301,0.900695749186874));
#2204=CARTESIAN_POINT('',(-4.88889637495759,12.776968381823,1.39246336253146));
#2205=CARTESIAN_POINT('',(-4.83420887495758,11.8307548673609,1.252150806265));
#2206=CARTESIAN_POINT('',(-4.77952137495759,11.1882629596825,0.543254902480914));
#2207=CARTESIAN_POINT('',(-4.72483387495758,11.1414646143405,-0.412013049486043));
#2208=CARTESIAN_POINT('',(-4.67014637495762,11.7110749418208,-1.18070787613932));
#2209=CARTESIAN_POINT('',(-4.61545887495756,12.639176391087,-1.41277003116667));
#2210=CARTESIAN_POINT('',(-4.56077137495764,13.5038970736572,-1.00406322015249));
#2211=CARTESIAN_POINT('',(-4.5060838749575,13.9127989337034,-0.139065340249087));
#2212=CARTESIAN_POINT('',(-4.45139637495776,13.6805840422786,0.788759370338287));
#2213=CARTESIAN_POINT('',(-4.39670887495722,12.912056596746,1.35857768667616));
#2214=CARTESIAN_POINT('',(-4.34202137495849,11.956608082822,1.31179650786975));
#2215=CARTESIAN_POINT('',(-4.28733387495555,11.2480054658687,0.669343625696216));
#2216=CARTESIAN_POINT('',(-4.23264637496185,11.1073021933373,-0.277296198559745));
#2217=CARTESIAN_POINT('',(-4.18707345828349,11.5176911353523,-0.960118571227439));
#2218=CARTESIAN_POINT('',(-4.15061512496626,12.0494144653715,-1.25942489284928));
#2219=CARTESIAN_POINT('',(-4.12327137494171,12.5000144653778,-1.33831853818247));
#2220=CARTESIAN_POINT('',(-4.09592762499437,12.9504571255695,-1.25933019088346));
#2221=CARTESIAN_POINT('',(-4.05946929154022,13.4824559786277,-0.960187470012017));
#2222=CARTESIAN_POINT('',(-4.01389637515868,13.8925753467771,-0.277200417652608));
#2223=CARTESIAN_POINT('',(-3.95920887459093,13.7521439734049,0.669450888071082));
#2224=CARTESIAN_POINT('',(-3.90452137578992,13.0432882890508,1.31162627238348));
#2225=CARTESIAN_POINT('',(-3.84983387323968,12.0878839017601,1.3586579668922));
#2226=CARTESIAN_POINT('',(-3.79514637832693,11.3195022169138,0.788758003493164));
#2227=CARTESIAN_POINT('',(-3.74045886844314,11.0870797768162,-0.139145614255397));
#2228=CARTESIAN_POINT('',(-3.68577138750417,11.4960767520851,-1.0039411015688));
#2229=CARTESIAN_POINT('',(-3.63108385081912,12.3608363610583,-1.41289462099065));
#2230=CARTESIAN_POINT('',(-3.57639642137963,13.2887842401531,-1.18054252804057));
#2231=CARTESIAN_POINT('',(-3.52170878573442,13.8586113579863,-0.412031900823177));
#2232=CARTESIAN_POINT('',(-3.46702154600468,13.8117190488253,0.543122899992649));
#2233=CARTESIAN_POINT('',(-3.41233355114501,13.1692003448091,1.25248390744234));
#2234=CARTESIAN_POINT('',(-3.36220416167641,12.3020833010753,1.38028792720754));
#2235=CARTESIAN_POINT('',(-3.32118728901877,11.6742853612099,1.07201560424693));
#2236=CARTESIAN_POINT('',(-3.284731401606,11.2874362888767,0.600652805058625));
#2237=CARTESIAN_POINT('',(-3.26193889221144,11.1876483809375,0.225399519531559));
#2238=CARTESIAN_POINT('',(-3.24307091025809,11.1881328803733,-0.0858120483062212));
#2239=CARTESIAN_POINT('',(-3.23261340013153,11.2049469142054,-0.257863087080746));
#2240=CARTESIAN_POINT('',(-3.21368035852284,11.3052541111299,-0.587276441172101));
#2241=CARTESIAN_POINT('',(-3.18779096260997,11.6446472351135,-1.09961155673535));
#2242=CARTESIAN_POINT('',(-3.18543744609693,12.1557817549263,-1.31329603234658));
#2243=CARTESIAN_POINT('',(-3.18588673370024,12.7580848290462,-1.31189687185284));
#2244=CARTESIAN_POINT('',(-3.18571657303887,13.1855511091492,-1.18165755901789));
#2245=CARTESIAN_POINT('',(-3.18579907114257,13.6817890197118,-0.685798301055947));
#2246=CARTESIAN_POINT('',(-3.18577137495759,13.8119174209495,-0.25759825215573));
#2247=CARTESIAN_POINT('',(-3.18577137495759,13.8119088120884,-2.57059988399566E-15));
#2248=CARTESIAN_POINT('',(-6.93181765746093,13.8394399417254,0.0));
#2249=CARTESIAN_POINT('',(-6.93181765746093,13.8394410450702,0.262999130050016));
#2250=CARTESIAN_POINT('',(-6.93178996127595,13.7065934153284,0.700193292536078));
#2251=CARTESIAN_POINT('',(-6.93187245937965,13.1999356688602,1.20645283910192));
#2252=CARTESIAN_POINT('',(-6.93170229871828,12.7635012781767,1.33942944807693));
#2253=CARTESIAN_POINT('',(-6.93215158632161,12.1485580975399,1.34085559820716));
#2254=CARTESIAN_POINT('',(-6.92979806980855,11.6266975231748,1.12268699625047));
#2255=CARTESIAN_POINT('',(-6.90390867389569,11.2801812397227,0.599601636569803));
#2256=CARTESIAN_POINT('',(-6.884975632287,11.1777704178633,0.26327332716376));
#2257=CARTESIAN_POINT('',(-6.87451812216045,11.1606010325328,0.0876136298706356));
#2258=CARTESIAN_POINT('',(-6.85565014020709,11.160111393075,-0.230131155533133));
#2259=CARTESIAN_POINT('',(-6.83285763081252,11.2619885471557,-0.613256923934303));
#2260=CARTESIAN_POINT('',(-6.79640174339976,11.6569579697789,-1.09451300303025));
#2261=CARTESIAN_POINT('',(-6.7553848707421,12.2979294010548,-1.40925333563438));
#2262=CARTESIAN_POINT('',(-6.70525548127353,13.1832442020034,-1.27876872570764));
#2263=CARTESIAN_POINT('',(-6.65056748641384,13.8392460667086,-0.554520264484932));
#2264=CARTESIAN_POINT('',(-6.59588024668412,13.887122590745,0.420678454416074));
#2265=CARTESIAN_POINT('',(-6.5411926110389,13.3053374139543,1.20531691823631));
#2266=CARTESIAN_POINT('',(-6.48650518159942,12.357915676851,1.44254503833777));
#2267=CARTESIAN_POINT('',(-6.43181764491435,11.4750093972984,1.02500923106422));
#2268=CARTESIAN_POINT('',(-6.37713016397537,11.0574278147822,0.142065946435246));
#2269=CARTESIAN_POINT('',(-6.32244265409162,11.2947308277642,-0.805311084677016));
#2270=CARTESIAN_POINT('',(-6.26775515917883,12.0792315786518,-1.38716910211526));
#2271=CARTESIAN_POINT('',(-6.21306765662865,13.0546965338807,-1.33915341501588));
#2272=CARTESIAN_POINT('',(-6.15838015782755,13.7784106806898,-0.683497054832868));
#2273=CARTESIAN_POINT('',(-6.10369265725993,13.9218158306583,0.283013670481539));
#2274=CARTESIAN_POINT('',(-6.05811974087815,13.5030417073735,0.980344995087234));
#2275=CARTESIAN_POINT('',(-6.02166140742443,12.9599619441461,1.28574551274326));
#2276=CARTESIAN_POINT('',(-5.99431765747615,12.4998868367118,1.36643399067093));
#2277=CARTESIAN_POINT('',(-5.96697390745351,12.0401916973962,1.28580532732245));
#2278=CARTESIAN_POINT('',(-5.93051557413257,11.4967396954003,0.98016288643481));
#2279=CARTESIAN_POINT('',(-5.88949994912463,11.1204541702385,0.353203942941222));
#2280=CARTESIAN_POINT('',(-5.84848432412867,11.1663199573719,-0.360318517118956));
#2281=CARTESIAN_POINT('',(-5.81202599079374,11.4595326095968,-0.908780442345417));
#2282=CARTESIAN_POINT('',(-5.77101036579456,12.0269657990915,-1.34296664839213));
#2283=CARTESIAN_POINT('',(-5.72088015746075,12.9205520662955,-1.38739838256529));
#2284=CARTESIAN_POINT('',(-5.66619265746106,13.7054760125597,-0.805156175066691));
#2285=CARTESIAN_POINT('',(-5.61150515746088,13.9424548428356,0.14198545673844));
#2286=CARTESIAN_POINT('',(-5.55681765746097,13.5250541676496,1.02504090880144));
#2287=CARTESIAN_POINT('',(-5.50213015746093,12.6420481022394,1.4425492254997));
#2288=CARTESIAN_POINT('',(-5.44744265746095,11.6946873404032,1.20527490518337));
#2289=CARTESIAN_POINT('',(-5.39275515746094,11.1128530542609,0.420776812646111));
#2290=CARTESIAN_POINT('',(-5.33806765746093,11.1607897746345,-0.554717516130553));
#2291=CARTESIAN_POINT('',(-5.28338015746094,11.8166823696658,-1.27839503906886));
#2292=CARTESIAN_POINT('',(-5.22869265746094,12.7827945105895,-1.42170296869308));
#2293=CARTESIAN_POINT('',(-5.17400515746094,13.6205227899567,-0.919586273159244));
#2294=CARTESIAN_POINT('',(-5.11931765746094,13.9495521260393,-4.54088759192695E-06));
#2295=CARTESIAN_POINT('',(-5.06463015746094,13.6205284400983,0.919597367051355));
#2296=CARTESIAN_POINT('',(-5.00994265746093,12.7827807098876,1.42168494818162));
#2297=CARTESIAN_POINT('',(-4.95525515746094,11.8167104043591,1.27842795556529));
#2298=CARTESIAN_POINT('',(-4.90056765746095,11.1607353837263,0.554655270233434));
#2299=CARTESIAN_POINT('',(-4.84588015746092,11.1129550959197,-0.420659087972388));
#2300=CARTESIAN_POINT('',(-4.79119265746098,11.6945186831001,-1.20548626800268));
#2301=CARTESIAN_POINT('',(-4.73650515746091,12.642097285785,-1.4424175097521));
#2302=CARTESIAN_POINT('',(-4.68181765746099,13.5249642692862,-1.02513417124741));
#2303=CARTESIAN_POINT('',(-4.62713015746085,13.9424473331272,-0.141983642178479));
#2304=CARTESIAN_POINT('',(-4.57244265746112,13.7053592151403,0.805311972358251));
#2305=CARTESIAN_POINT('',(-4.51775515746057,12.9207038931354,1.38708790388507));
#2306=CARTESIAN_POINT('',(-4.46306765746183,11.9452046258412,1.33932584603259));
#2307=CARTESIAN_POINT('',(-4.4083801574589,11.2217317977246,0.683390076541657));
#2308=CARTESIAN_POINT('',(-4.35369265746519,11.0780753638434,-0.283115764264));
#2309=CARTESIAN_POINT('',(-4.30811974078684,11.4970774319499,-0.98026626738919));
#2310=CARTESIAN_POINT('',(-4.27166140746961,12.0399582402646,-1.28585543006282));
#2311=CARTESIAN_POINT('',(-4.24431765744506,12.5000150604901,-1.36640326880347));
#2312=CARTESIAN_POINT('',(-4.21697390749771,12.959910194721,-1.28575823348908));
#2313=CARTESIAN_POINT('',(-4.18051557404357,13.50307322183,-0.980337230492545));
#2314=CARTESIAN_POINT('',(-4.13494265766203,13.9217993037836,-0.283017744627422));
#2315=CARTESIAN_POINT('',(-4.08025515709426,13.7784209867435,0.683499595823227));
#2316=CARTESIAN_POINT('',(-4.02556765829326,13.0546896061234,1.33915170690794));
#2317=CARTESIAN_POINT('',(-3.97088015574302,12.0792353474829,1.38717003135401));
#2318=CARTESIAN_POINT('',(-3.91619266083027,11.2947288501962,0.805310597093825));
#2319=CARTESIAN_POINT('',(-3.86150515094651,11.0574288449945,-0.142065692431231));
#2320=CARTESIAN_POINT('',(-3.80681767000752,11.4750088613923,-1.02500936319349));
#2321=CARTESIAN_POINT('',(-3.75213013332247,12.3579159555595,-1.44254496962191));
#2322=CARTESIAN_POINT('',(-3.69744270388297,13.3053372689765,-1.2053169539804));
#2323=CARTESIAN_POINT('',(-3.64275506823776,13.887122666233,-0.420678435804776));
#2324=CARTESIAN_POINT('',(-3.58806782850803,13.8392460272576,0.554520254758521));
#2325=CARTESIAN_POINT('',(-3.53337983364836,13.183244222914,1.2787687308629));
#2326=CARTESIAN_POINT('',(-3.48325044417977,12.2979293918381,1.40925333336219));
#2327=CARTESIAN_POINT('',(-3.44223357152212,11.6569579732152,1.09451300387733));
#2328=CARTESIAN_POINT('',(-3.40577768410935,11.2619885447453,0.613256923340221));
#2329=CARTESIAN_POINT('',(-3.38298517471479,11.1601113945225,0.230131155889698));
#2330=CARTESIAN_POINT('',(-3.36411719276144,11.1606010323942,-0.0876136299046779));
#2331=CARTESIAN_POINT('',(-3.35365968263488,11.1777704179321,-0.26327332714683));
#2332=CARTESIAN_POINT('',(-3.33472664102619,11.2801812396898,-0.599601636577884));
#2333=CARTESIAN_POINT('',(-3.30883724511331,11.6266975232046,-1.12268699624313));
#2334=CARTESIAN_POINT('',(-3.30648372860028,12.1485580975276,-1.34085559821019));
#2335=CARTESIAN_POINT('',(-3.30693301620359,12.7635012781816,-1.33942944807571));
#2336=CARTESIAN_POINT('',(-3.30676285554223,13.1999356688578,-1.2064528391025));
#2337=CARTESIAN_POINT('',(-3.30684535364593,13.7065934153296,-0.700193292535784));
#2338=CARTESIAN_POINT('',(-3.30681765746094,13.8394410450702,-0.262999130050021));
#2339=CARTESIAN_POINT('',(-3.30681765746094,13.8394399417254,-2.62454533965454E-15));
#2340=CARTESIAN_POINT('',(-7.02897066513322,13.7621053695158,0.0));
#2341=CARTESIAN_POINT('',(-7.02897066513322,13.7621100841476,0.24781685433276));
#2342=CARTESIAN_POINT('',(-7.02894296894822,13.6369270709438,0.659765084090253));
#2343=CARTESIAN_POINT('',(-7.02902546705194,13.1595248421653,1.13679765045141));
#2344=CARTESIAN_POINT('',(-7.02885530639056,12.7482874473343,1.26209467027213));
#2345=CARTESIAN_POINT('',(-7.02930459399387,12.1688491452604,1.26343961385661));
#2346=CARTESIAN_POINT('',(-7.02695107748085,11.6771187890151,1.05786722648504));
#2347=CARTESIAN_POINT('',(-7.00106168156796,11.3506095286492,0.564982318947015));
#2348=CARTESIAN_POINT('',(-6.98212863995927,11.2541108906707,0.24807340123791));
#2349=CARTESIAN_POINT('',(-6.97167112983271,11.2379340008322,0.0825547582355229));
#2350=CARTESIAN_POINT('',(-6.95280314787937,11.2374702268824,-0.216843469693235));
#2351=CARTESIAN_POINT('',(-6.93001063848481,11.3334676754886,-0.577850052488291));
#2352=CARTESIAN_POINT('',(-6.89355475107203,11.7056319353184,-1.03131938632392));
#2353=CARTESIAN_POINT('',(-6.85253787841439,12.3095964976763,-1.32788831572348));
#2354=CARTESIAN_POINT('',(-6.8024084889458,13.143795911574,-1.20493673457124));
#2355=CARTESIAN_POINT('',(-6.74772049408612,13.7619227689734,-0.522504387118754));
#2356=CARTESIAN_POINT('',(-6.69303325435641,13.8070349414821,0.396390040273353));
#2357=CARTESIAN_POINT('',(-6.63834561871118,13.2588400723746,1.13572609667276));
#2358=CARTESIAN_POINT('',(-6.58365818927169,12.3661191182927,1.35925755023833));
#2359=CARTESIAN_POINT('',(-6.52897065258663,11.5341887698675,0.965828785223547));
#2360=CARTESIAN_POINT('',(-6.47428317164766,11.1407168915212,0.133863541214876));
#2361=CARTESIAN_POINT('',(-6.41959566176389,11.3643188362103,-0.758815207532231));
#2362=CARTESIAN_POINT('',(-6.36490816685111,12.1035253062321,-1.30707887451404));
#2363=CARTESIAN_POINT('',(-6.31022066430093,13.02267024645,-1.2618352721243));
#2364=CARTESIAN_POINT('',(-6.25553316549983,13.7045996830189,-0.644034373122523));
#2365=CARTESIAN_POINT('',(-6.20084566493221,13.8397251683266,0.266673397708022));
#2366=CARTESIAN_POINT('',(-6.15527274855042,13.4451296478154,0.92374344422978));
#2367=CARTESIAN_POINT('',(-6.11881441509672,12.9334053800613,1.21151093704328));
#2368=CARTESIAN_POINT('',(-6.09147066514844,12.4998931789082,1.28754113613177));
#2369=CARTESIAN_POINT('',(-6.06412691512579,12.0667396000375,1.21156715965409));
#2370=CARTESIAN_POINT('',(-6.02766858180483,11.5546643933181,0.923571833177223));
#2371=CARTESIAN_POINT('',(-5.98665295679691,11.2001043223455,0.332811195406909));
#2372=CARTESIAN_POINT('',(-5.94563733180094,11.2433219375649,-0.339515024330622));
#2373=CARTESIAN_POINT('',(-5.90917899846604,11.5196055498603,-0.856310616055478));
#2374=CARTESIAN_POINT('',(-5.86816337346683,12.0542770851238,-1.26542853890084));
#2375=CARTESIAN_POINT('',(-5.81803316513304,12.8962709941814,-1.30729476774853));
#2376=CARTESIAN_POINT('',(-5.76334566513334,13.6358759126,-0.758669234051792));
#2377=CARTESIAN_POINT('',(-5.70865816513316,13.8591726072658,0.133787678711198));
#2378=CARTESIAN_POINT('',(-5.65397066513325,13.4658711006429,0.965858656595951));
#2379=CARTESIAN_POINT('',(-5.59928316513319,12.6338467528803,1.35926146613631));
#2380=CARTESIAN_POINT('',(-5.54459566513323,11.7411832711018,1.13568655823015));
#2381=CARTESIAN_POINT('',(-5.4899081651332,11.1929420669863,0.39648262648382));
#2382=CARTESIAN_POINT('',(-5.43522066513323,11.2381110866002,-0.522690064474664));
#2383=CARTESIAN_POINT('',(-5.38053316513322,11.8561347388599,-1.2045849847516));
#2384=CARTESIAN_POINT('',(-5.32584566513322,12.766466945061,-1.33961881197679));
#2385=CARTESIAN_POINT('',(-5.27115816513322,13.555827724609,-0.866492581680302));
#2386=CARTESIAN_POINT('',(-5.21647066513322,13.8658600587425,-4.27474580350893E-06));
#2387=CARTESIAN_POINT('',(-5.16178316513322,13.5558330472928,0.866503024971363));
#2388=CARTESIAN_POINT('',(-5.10709566513323,12.7664539447729,1.3396018495357));
#2389=CARTESIAN_POINT('',(-5.05240816513321,11.8561611458932,1.20461596625134));
#2390=CARTESIAN_POINT('',(-4.99772066513322,11.238059857664,0.522631482002696));
#2391=CARTESIAN_POINT('',(-4.94303316513321,11.1930381662745,-0.39637184022895));
#2392=CARTESIAN_POINT('',(-4.88834566513325,11.7410244646291,-1.13588543160051));
#2393=CARTESIAN_POINT('',(-4.83365816513318,12.6338929897561,-1.35913750689754));
#2394=CARTESIAN_POINT('',(-4.77897066513327,13.4657864871965,-0.965946451096845));
#2395=CARTESIAN_POINT('',(-4.72428316513312,13.859165458098,-0.133786032949598));
#2396=CARTESIAN_POINT('',(-4.6695956651334,13.6357660108997,0.758816054086153));
#2397=CARTESIAN_POINT('',(-4.61490816513284,12.8964138940031,1.30700244120133));
#2398=CARTESIAN_POINT('',(-4.56022066513412,11.9772366054537,1.26199759102605));
#2399=CARTESIAN_POINT('',(-4.50553316513118,11.2955344670045,0.643933571406271));
#2400=CARTESIAN_POINT('',(-4.45084566513748,11.1601724561021,-0.266769483004858));
#2401=CARTESIAN_POINT('',(-4.40527274845911,11.5549823873891,-0.923669566015269));
#2402=CARTESIAN_POINT('',(-4.36881441514189,12.0665196506709,-1.2116142519031));
#2403=CARTESIAN_POINT('',(-4.34147066511734,12.5000140515522,-1.2875122257423));
#2404=CARTESIAN_POINT('',(-4.31412691517,12.9333566009412,-1.2115229096433));
#2405=CARTESIAN_POINT('',(-4.27766858171584,13.4451593518001,-0.923736136263064));
#2406=CARTESIAN_POINT('',(-4.23209566533432,13.839709592459,-0.266677232033987));
#2407=CARTESIAN_POINT('',(-4.17740816476656,13.7046093962326,0.644036764584739));
#2408=CARTESIAN_POINT('',(-4.12272066596554,13.0226637165552,1.26183366441874));
#2409=CARTESIAN_POINT('',(-4.06803316341531,12.1035288590557,1.30707974920816));
#2410=CARTESIAN_POINT('',(-4.01334566850255,11.3643169717903,0.758814748535527));
#2411=CARTESIAN_POINT('',(-3.95865815861877,11.1407178628839,-0.133863302086429));
#2412=CARTESIAN_POINT('',(-3.90397067767981,11.5341882645255,-0.96582890962322));
#2413=CARTESIAN_POINT('',(-3.84928314099474,12.3661193811315,-1.3592574855379));
#2414=CARTESIAN_POINT('',(-3.79459571155526,13.258839935638,-1.13572613033057));
#2415=CARTESIAN_POINT('',(-3.73990807591005,13.8070350126871,-0.39639002274695));
#2416=CARTESIAN_POINT('',(-3.68522083618031,13.7619227317551,0.522504377958367));
#2417=CARTESIAN_POINT('',(-3.63053284132064,13.1437959313061,1.20493673942735));
#2418=CARTESIAN_POINT('',(-3.58040345185205,12.3095964889758,1.32788831358257));
#2419=CARTESIAN_POINT('',(-3.5393865791944,11.7056319385652,1.03131938712257));
#2420=CARTESIAN_POINT('',(-3.50293069178163,11.3334676732066,0.577850051927398));
#2421=CARTESIAN_POINT('',(-3.48013818238707,11.2374702282621,0.216843470031503));
#2422=CARTESIAN_POINT('',(-3.46127020043372,11.2379340006967,-0.08255475826841));
#2423=CARTESIAN_POINT('',(-3.45081269030716,11.2541108907379,-0.248073401221574));
#2424=CARTESIAN_POINT('',(-3.43187964869847,11.3506095286171,-0.564982318954807));
#2425=CARTESIAN_POINT('',(-3.4059902527856,11.6771187890441,-1.05786722647798));
#2426=CARTESIAN_POINT('',(-3.40363673627256,12.1688491452483,-1.26343961385953));
#2427=CARTESIAN_POINT('',(-3.40408602387588,12.7482874473392,-1.26209467027095));
#2428=CARTESIAN_POINT('',(-3.4039158632145,13.1595248421629,-1.13679765045199));
#2429=CARTESIAN_POINT('',(-3.4039983613182,13.636927070945,-0.65976508408996));
#2430=CARTESIAN_POINT('',(-3.40397066513322,13.7621100841476,-0.247816854332775));
#2431=CARTESIAN_POINT('',(-3.40397066513322,13.7621053695158,-2.47301328154286E-15));
#2432=CARTESIAN_POINT('',(-7.02886041650926,13.637946755678,0.0));
#2433=CARTESIAN_POINT('',(-7.02886041650926,13.6379463379406,0.223435053229972));
#2434=CARTESIAN_POINT('',(-7.02883272032428,13.5250851426561,0.594863122524385));
#2435=CARTESIAN_POINT('',(-7.02891521842797,13.0946433288216,1.02496459271835));
#2436=CARTESIAN_POINT('',(-7.0287450577666,12.7238626077686,1.13793813981474));
#2437=CARTESIAN_POINT('',(-7.02919434536993,12.201425818705,1.13914933458138));
#2438=CARTESIAN_POINT('',(-7.02684082885687,11.7580692798563,0.953800064911607));
#2439=CARTESIAN_POINT('',(-7.00095143294401,11.4636796181736,0.509403163618327));
#2440=CARTESIAN_POINT('',(-6.98201839133532,11.3766747934894,0.223668673361687));
#2441=CARTESIAN_POINT('',(-6.97156088120877,11.3620877738808,0.0744339661897381));
#2442=CARTESIAN_POINT('',(-6.95269289925541,11.3616726779886,-0.195512578532226));
#2443=CARTESIAN_POINT('',(-6.92990038986084,11.4482235006048,-0.521003958364674));
#2444=CARTESIAN_POINT('',(-6.89344450244808,11.7837776815366,-0.929864501255316));
#2445=CARTESIAN_POINT('',(-6.85242762979042,12.3283269762937,-1.1972579334716));
#2446=CARTESIAN_POINT('',(-6.80229824032185,13.0804632063601,-1.08640250032145));
#2447=CARTESIAN_POINT('',(-6.74761024546218,13.6377820156612,-0.471103202797365));
#2448=CARTESIAN_POINT('',(-6.69292300573244,13.6784564774664,0.357395374435943));
#2449=CARTESIAN_POINT('',(-6.63823537008722,13.1841897561814,1.02399999823175));
#2450=CARTESIAN_POINT('',(-6.58354794064774,12.3792895562929,1.2255416533023));
#2451=CARTESIAN_POINT('',(-6.52886040396267,11.6291996776692,0.870816147576575));
#2452=CARTESIAN_POINT('',(-6.4741729230237,11.2744352757035,0.120694840558825));
#2453=CARTESIAN_POINT('',(-6.41948541313993,11.4760405861019,-0.684167408189709));
#2454=CARTESIAN_POINT('',(-6.36479791822716,12.142528148538,-1.17849595260936));
#2455=CARTESIAN_POINT('',(-6.31011041567696,12.9712530416993,-1.13770337338252));
#2456=CARTESIAN_POINT('',(-6.25542291687588,13.5860981979077,-0.580677945771606));
#2457=CARTESIAN_POINT('',(-6.20073541630825,13.707930761706,0.24043968301706));
#2458=CARTESIAN_POINT('',(-6.15516249992647,13.3521531972111,0.832870742790576));
#2459=CARTESIAN_POINT('',(-6.11870416647275,12.8907694342475,1.09232967778309));
#2460=CARTESIAN_POINT('',(-6.09136041652447,12.4999039305664,1.16087996923801));
#2461=CARTESIAN_POINT('',(-6.06401666650182,12.1093610176861,1.09238054546414));
#2462=CARTESIAN_POINT('',(-6.02755833318089,11.647661082958,0.832716035074564));
#2463=CARTESIAN_POINT('',(-5.98654270817296,11.3279805196779,0.30007114377787));
#2464=CARTESIAN_POINT('',(-5.94552708317698,11.3669466896157,-0.306115456652416));
#2465=CARTESIAN_POINT('',(-5.90906874984207,11.6160510803079,-0.77207177151673));
#2466=CARTESIAN_POINT('',(-5.86805312484287,12.0981247896257,-1.14094290621897));
#2467=CARTESIAN_POINT('',(-5.81792291650908,12.8572879824697,-1.17869079726626));
#2468=CARTESIAN_POINT('',(-5.76323541650937,13.5241351940855,-0.684035804654288));
#2469=CARTESIAN_POINT('',(-5.7085479165092,13.7254650094152,0.120626466376149));
#2470=CARTESIAN_POINT('',(-5.65386041650929,13.3708543341497,0.870843051670281));
#2471=CARTESIAN_POINT('',(-5.59917291650925,12.6206796712422,1.22554522146772));
#2472=CARTESIAN_POINT('',(-5.54448541650927,11.8158312675892,1.02396428720112));
#2473=CARTESIAN_POINT('',(-5.48979791650926,11.3215228470323,0.35747897089816));
#2474=CARTESIAN_POINT('',(-5.43511041650926,11.362248403215,-0.471270850159515));
#2475=CARTESIAN_POINT('',(-5.38042291650926,11.9194744704677,-1.08608489442437));
#2476=CARTESIAN_POINT('',(-5.32573541650927,12.7402534717411,-1.20783488159341));
#2477=CARTESIAN_POINT('',(-5.27104791650925,13.4519615140843,-0.781252061776471));
#2478=CARTESIAN_POINT('',(-5.21636041650927,13.7314946636795,-3.85926040248423E-06));
#2479=CARTESIAN_POINT('',(-5.16167291650925,13.4519663147265,0.781261490520499));
#2480=CARTESIAN_POINT('',(-5.10698541650926,12.7402417457605,1.2078195654236));
#2481=CARTESIAN_POINT('',(-5.05229791650926,11.9194982912078,1.08611287198827));
#2482=CARTESIAN_POINT('',(-4.99761041650927,11.3622021864049,0.471217942318924));
#2483=CARTESIAN_POINT('',(-4.94292291650924,11.3216095572178,-0.357378903513187));
#2484=CARTESIAN_POINT('',(-4.8882354165093,11.8156879398378,-1.02414396001215));
#2485=CARTESIAN_POINT('',(-4.83354791650923,12.6207214955107,-1.22543326390311));
#2486=CARTESIAN_POINT('',(-4.77886041650931,13.3707779244342,-0.870922315275531));
#2487=CARTESIAN_POINT('',(-4.72417291650917,13.7254586563333,-0.12062490117114));
#2488=CARTESIAN_POINT('',(-4.66948541650944,13.5240359104711,0.684168158603037));
#2489=CARTESIAN_POINT('',(-4.61479791650889,12.8574170292498,1.17842694077894));
#2490=CARTESIAN_POINT('',(-4.56011041651016,12.0286629920071,1.13784992316877));
#2491=CARTESIAN_POINT('',(-4.50542291650722,11.4140228850272,0.580587060314944));
#2492=CARTESIAN_POINT('',(-4.45073541651352,11.2919767459789,-0.24052646075453));
#2493=CARTESIAN_POINT('',(-4.40516249983516,11.6479481029988,-0.832803746068639));
#2494=CARTESIAN_POINT('',(-4.36870416651794,12.1091626691185,-1.09242315461616));
#2495=CARTESIAN_POINT('',(-4.34136041649338,12.5000128463278,-1.16085385498621));
#2496=CARTESIAN_POINT('',(-4.31401666654603,12.8907254759985,-1.09234048998504));
#2497=CARTESIAN_POINT('',(-4.2775583330919,13.3521799675772,-0.832864143160384));
#2498=CARTESIAN_POINT('',(-4.23198541671036,13.7079167221631,-0.240443145979029));
#2499=CARTESIAN_POINT('',(-4.17729791614259,13.5861069528026,0.580680105558375));
#2500=CARTESIAN_POINT('',(-4.12261041734158,12.9712471568734,1.13770192156967));
#2501=CARTESIAN_POINT('',(-4.06792291479135,12.1425313498335,1.17849674239138));
#2502=CARTESIAN_POINT('',(-4.01323541987859,11.476038906401,0.684166993793657));
#2503=CARTESIAN_POINT('',(-3.95854790999483,11.2744361507072,-0.120694624687336));
#2504=CARTESIAN_POINT('',(-3.90386042905585,11.6291992225189,-0.870816259866734));
#2505=CARTESIAN_POINT('',(-3.84917289237079,12.3792897929931,-1.22554159490572));
#2506=CARTESIAN_POINT('',(-3.7944854629313,13.1841896330606,-1.02400002860714));
#2507=CARTESIAN_POINT('',(-3.73979782728609,13.6784565415709,-0.357395358620547));
#2508=CARTESIAN_POINT('',(-3.68511058755635,13.6377819821615,0.471103194532465));
#2509=CARTESIAN_POINT('',(-3.63042259269669,13.0804632241145,1.08640250470175));
#2510=CARTESIAN_POINT('',(-3.58029320322809,12.3283269684694,1.19725793154118));
#2511=CARTESIAN_POINT('',(-3.53927633057045,11.7837776844527,0.929864501974799));
#2512=CARTESIAN_POINT('',(-3.50282044315767,11.4482234985609,0.52100395786037));
#2513=CARTESIAN_POINT('',(-3.48002793376311,11.3616726792125,0.195512578834308));
#2514=CARTESIAN_POINT('',(-3.46115995180977,11.362087773765,-0.0744339662183605));
#2515=CARTESIAN_POINT('',(-3.4507024416832,11.376674793547,-0.223668673347447));
#2516=CARTESIAN_POINT('',(-3.43176940007451,11.4636796181461,-0.509403163625128));
#2517=CARTESIAN_POINT('',(-3.40588000416164,11.7580692798813,-0.953800064905435));
#2518=CARTESIAN_POINT('',(-3.4035264876486,12.2014258186946,-1.13914933458392));
#2519=CARTESIAN_POINT('',(-3.40397577525191,12.7238626077727,-1.13793813981372));
#2520=CARTESIAN_POINT('',(-3.40380561459055,13.0946433288196,-1.02496459271884));
#2521=CARTESIAN_POINT('',(-3.40388811269425,13.5250851426571,-0.594863122524141));
#2522=CARTESIAN_POINT('',(-3.40386041650926,13.6379463379406,-0.223435053229972));
#2523=CARTESIAN_POINT('',(-3.40386041650926,13.637946755678,-2.22973256310578E-15));
#2524=CARTESIAN_POINT('',(-6.93184705216247,13.5604423068778,0.0));
#2525=CARTESIAN_POINT('',(-6.93184705216247,13.5604314543706,0.20821035192799));
#2526=CARTESIAN_POINT('',(-6.93181935597748,13.4552728999525,0.554351841894389));
#2527=CARTESIAN_POINT('',(-6.93190185408118,13.0541398790254,0.955151907076619));
#2528=CARTESIAN_POINT('',(-6.93173169341982,12.7086160829432,1.06043658818025));
#2529=CARTESIAN_POINT('',(-6.93218098102312,12.2217613513054,1.06156205993638));
#2530=CARTESIAN_POINT('',(-6.92982746451009,11.808601920228,0.888836967114329));
#2531=CARTESIAN_POINT('',(-6.90393806859721,11.5342617530384,0.474709400554018));
#2532=CARTESIAN_POINT('',(-6.88500502698853,11.4531846170103,0.208433239449779));
#2533=CARTESIAN_POINT('',(-6.87454751686196,11.4395877019526,0.0693653871222566));
#2534=CARTESIAN_POINT('',(-6.85567953490862,11.4392077239637,-0.182198452911244));
#2535=CARTESIAN_POINT('',(-6.83288702551405,11.5198570353771,-0.485517643106315));
#2536=CARTESIAN_POINT('',(-6.79643113810129,11.8325598261479,-0.866533096768558));
#2537=CARTESIAN_POINT('',(-6.75541426544364,12.3400187537971,-1.11571290922812));
#2538=CARTESIAN_POINT('',(-6.70528487597505,13.0409288837635,-1.01240971280478));
#2539=CARTESIAN_POINT('',(-6.65059688111537,13.5602885570671,-0.439016305496485));
#2540=CARTESIAN_POINT('',(-6.59590964138565,13.5981930871039,0.333053275265533));
#2541=CARTESIAN_POINT('',(-6.54122200574042,13.1375901968078,0.954256475174982));
#2542=CARTESIAN_POINT('',(-6.48653457630095,12.3875110555315,1.14207116869724));
#2543=CARTESIAN_POINT('',(-6.43184703961588,11.6885090304098,0.811505710545511));
#2544=CARTESIAN_POINT('',(-6.3771595586769,11.3579072710823,0.112474474604137));
#2545=CARTESIAN_POINT('',(-6.32247204879315,11.5457815056651,-0.637569529574368));
#2546=CARTESIAN_POINT('',(-6.26778455388035,12.1668751174981,-1.09822956880274));
#2547=CARTESIAN_POINT('',(-6.21309705133018,12.9391566020783,-1.06021582492264));
#2548=CARTESIAN_POINT('',(-6.15840955252908,13.5121252216313,-0.541128406540583));
#2549=CARTESIAN_POINT('',(-6.10372205196146,13.6256597552004,0.224063724533351));
#2550=CARTESIAN_POINT('',(-6.05814913557967,13.2941137093849,0.776144336428634));
#2551=CARTESIAN_POINT('',(-6.02169080212597,12.8641544276625,1.01793253915415));
#2552=CARTESIAN_POINT('',(-5.99434705217768,12.499911018864,1.0818128225864));
#2553=CARTESIAN_POINT('',(-5.96700330215505,12.1359665434631,1.0179803365706));
#2554=CARTESIAN_POINT('',(-5.93054496883409,11.7057131706657,0.776000213298015));
#2555=CARTESIAN_POINT('',(-5.88952934382615,11.4078056105896,0.279633557047654));
#2556=CARTESIAN_POINT('',(-5.84851371883019,11.4441179519964,-0.285266125472397));
#2557=CARTESIAN_POINT('',(-5.81205538549529,11.6762559935597,-0.71948678565923));
#2558=CARTESIAN_POINT('',(-5.77103976049609,12.1254962692707,-1.06323415787415));
#2559=CARTESIAN_POINT('',(-5.72090955216228,12.8329530700497,-1.09841156804322));
#2560=CARTESIAN_POINT('',(-5.66622205216259,13.4543827273191,-0.637446911660182));
#2561=CARTESIAN_POINT('',(-5.61153455216241,13.6419996169512,0.112410814263895));
#2562=CARTESIAN_POINT('',(-5.5568470521625,13.3115413722439,0.811530717891162));
#2563=CARTESIAN_POINT('',(-5.50215955216245,12.6124602655686,1.14207457786293));
#2564=CARTESIAN_POINT('',(-5.44747205216247,11.8624293428124,0.954223057095078));
#2565=CARTESIAN_POINT('',(-5.39278455216247,11.4017877671833,0.333131443293029));
#2566=CARTESIAN_POINT('',(-5.33809705216247,11.4397395520331,-0.439173063189588));
#2567=CARTESIAN_POINT('',(-5.28340955216247,11.9590134954562,-1.01211270960577));
#2568=CARTESIAN_POINT('',(-5.22872205216246,12.7238900429775,-1.12557043568068));
#2569=CARTESIAN_POINT('',(-5.17403455216248,13.3871243479228,-0.728041742244547));
#2570=CARTESIAN_POINT('',(-5.11934705216246,13.6476187665685,-3.60770407948657E-06));
#2571=CARTESIAN_POINT('',(-5.06465955216248,13.3871288251236,0.7280505575011));
#2572=CARTESIAN_POINT('',(-5.00997205216247,12.723879105365,1.12555611248767));
#2573=CARTESIAN_POINT('',(-4.95528455216246,11.9590357195127,1.01213887990964));
#2574=CARTESIAN_POINT('',(-4.90059705216247,11.4396964214173,0.439123560789154));
#2575=CARTESIAN_POINT('',(-4.84590955216245,11.4018687163783,-0.333037788790587));
#2576=CARTESIAN_POINT('',(-4.7912220521625,11.8622954548256,-0.9543913071325));
#2577=CARTESIAN_POINT('',(-4.73653455216244,12.6124995458256,-1.14196981369992));
#2578=CARTESIAN_POINT('',(-4.68184705216251,13.3114698976643,-0.811604820090524));
#2579=CARTESIAN_POINT('',(-4.62715955216237,13.6419939045377,-0.112409173355173));
#2580=CARTESIAN_POINT('',(-4.57247205216264,13.4542897723516,0.637570200052464));
#2581=CARTESIAN_POINT('',(-4.5177845521621,12.8330737861629,1.09816503859504));
#2582=CARTESIAN_POINT('',(-4.46309705216336,12.0607651918023,1.06035283907058));
#2583=CARTESIAN_POINT('',(-4.40840955216043,11.4879879054013,0.541043711138638));
#2584=CARTESIAN_POINT('',(-4.35372205216672,11.3742536310153,-0.224144916349885));
#2585=CARTESIAN_POINT('',(-4.30814913548837,11.7059813332017,-0.776081037194615));
#2586=CARTESIAN_POINT('',(-4.27169080217114,12.1357816223184,-1.01802037886177));
#2587=CARTESIAN_POINT('',(-4.24434705214659,12.5000123682627,-1.08178837959962));
#2588=CARTESIAN_POINT('',(-4.21700330219925,12.864113513265,-1.01794265393767));
#2589=CARTESIAN_POINT('',(-4.18054496874509,13.294138630645,-0.776138162583372));
#2590=CARTESIAN_POINT('',(-4.13497205236357,13.6256466809789,-0.224066964713263));
#2591=CARTESIAN_POINT('',(-4.0802845517958,13.5121333739879,0.541130427256045));
#2592=CARTESIAN_POINT('',(-4.02559705299479,12.9391511241039,1.06021446691717));
#2593=CARTESIAN_POINT('',(-3.97090955044455,12.1668780962249,1.09823030733778));
#2594=CARTESIAN_POINT('',(-3.9162220555318,11.5457799432992,0.637569142163523));
#2595=CARTESIAN_POINT('',(-3.86153454564803,11.3579080846931,-0.112474272836791));
#2596=CARTESIAN_POINT('',(-3.80684706470905,11.6885086073333,-0.811505815475031));
#2597=CARTESIAN_POINT('',(-3.752159528024,12.3875112754783,-1.1420711141413));
#2598=CARTESIAN_POINT('',(-3.6974720985845,13.1375900824412,-0.954256503545739));
#2599=CARTESIAN_POINT('',(-3.64278446293929,13.5981931466273,-0.333053260497864));
#2600=CARTESIAN_POINT('',(-3.58809722320956,13.5602885259769,0.439016297781816));
#2601=CARTESIAN_POINT('',(-3.53340922834988,13.0409289002268,1.01240971689104));
#2602=CARTESIAN_POINT('',(-3.4832798388813,12.3400187465512,1.11571290742894));
#2603=CARTESIAN_POINT('',(-3.44226296622364,11.83255982884,0.866533097437684));
#2604=CARTESIAN_POINT('',(-3.40580707881088,11.519857033503,0.485517642639517));
#2605=CARTESIAN_POINT('',(-3.38301456941632,11.4392077250593,0.182198453186231));
#2606=CARTESIAN_POINT('',(-3.36414658746296,11.4395877018586,-0.0693653871466216));
#2607=CARTESIAN_POINT('',(-3.3536890773364,11.4531846170573,-0.208433239437604));
#2608=CARTESIAN_POINT('',(-3.33475603572772,11.5342617530158,-0.474709400559857));
#2609=CARTESIAN_POINT('',(-3.30886663981484,11.8086019202486,-0.888836967109019));
#2610=CARTESIAN_POINT('',(-3.3065131233018,12.221761351297,-1.06156205993855));
#2611=CARTESIAN_POINT('',(-3.30696241090512,12.7086160829464,-1.0604365881794));
#2612=CARTESIAN_POINT('',(-3.30679225024375,13.0541398790239,-0.955151907077015));
#2613=CARTESIAN_POINT('',(-3.30687474834745,13.4552728999532,-0.554351841894204));
#2614=CARTESIAN_POINT('',(-3.30684705216246,13.5604314543708,-0.20821035192796));
#2615=CARTESIAN_POINT('',(-3.30684705216246,13.5604423068778,-2.07786764287733E-15));
#2616=CARTESIAN_POINT('',(-6.81081923510132,13.5881704048321,0.0));
#2617=CARTESIAN_POINT('',(-6.81081923510132,13.5881713816416,0.213662390140042));
#2618=CARTESIAN_POINT('',(-6.81079153891632,13.4802449140343,0.568841909891455));
#2619=CARTESIAN_POINT('',(-6.81087403702003,13.0686326694975,0.980130775452436));
#2620=CARTESIAN_POINT('',(-6.81070387635864,12.7140702827007,1.08816186195587));
#2621=CARTESIAN_POINT('',(-6.81115316396198,12.2144861335756,1.08932050115711));
#2622=CARTESIAN_POINT('',(-6.80879964744894,11.790522938077,0.912078796797952));
#2623=CARTESIAN_POINT('',(-6.78291025153606,11.5090106870417,0.487120566592732));
#2624=CARTESIAN_POINT('',(-6.76397720992738,11.4258114025392,0.213885109980774));
#2625=CARTESIAN_POINT('',(-6.75351969980083,11.4118628996182,0.071177919473929));
#2626=CARTESIAN_POINT('',(-6.73465171784748,11.4114650604527,-0.186960149393173));
#2627=CARTESIAN_POINT('',(-6.71185920845291,11.4942308259829,-0.49821423654768));
#2628=CARTESIAN_POINT('',(-6.67540332104013,11.8151067334963,-0.889190035799488));
#2629=CARTESIAN_POINT('',(-6.63438644838247,12.3358364333151,-1.14488730307886));
#2630=CARTESIAN_POINT('',(-6.5842570589139,13.0550723791086,-1.03888067539557));
#2631=CARTESIAN_POINT('',(-6.52956906405423,13.5880129011773,-0.450496156791955));
#2632=CARTESIAN_POINT('',(-6.4748818243245,13.6269081223419,0.341762129328394));
#2633=CARTESIAN_POINT('',(-6.42019418867927,13.1542617649962,0.979207918732816));
#2634=CARTESIAN_POINT('',(-6.36550675923979,12.3845696989358,1.17193370885139));
#2635=CARTESIAN_POINT('',(-6.31081922255472,11.6672904441446,0.83272468971742));
#2636=CARTESIAN_POINT('',(-6.25613174161576,11.3280442372985,0.115415371150476));
#2637=CARTESIAN_POINT('',(-6.20144423173198,11.5208308692177,-0.654240373686907));
#2638=CARTESIAN_POINT('',(-6.14675673681922,12.158164783511,-1.12694591084906));
#2639=CARTESIAN_POINT('',(-6.09206923426902,12.9506393541878,-1.08793762603382));
#2640=CARTESIAN_POINT('',(-6.03738173546794,13.5385898041424,-0.555277803064377));
#2641=CARTESIAN_POINT('',(-5.98269423490031,13.6550931549836,0.229922290049827));
#2642=CARTESIAN_POINT('',(-5.93712131851852,13.3148781206468,0.796439154119286));
#2643=CARTESIAN_POINT('',(-5.9006629850648,12.8736763106718,1.04454867117524));
#2644=CARTESIAN_POINT('',(-5.87331923511653,12.4999080611599,1.11010056524001));
#2645=CARTESIAN_POINT('',(-5.84597548509389,12.126448513376,1.0445972619276));
#2646=CARTESIAN_POINT('',(-5.80951715177293,11.6849442898123,0.796291207406656));
#2647=CARTESIAN_POINT('',(-5.76850152676501,11.3792472905234,0.28694536122137));
#2648=CARTESIAN_POINT('',(-5.72748590176903,11.4165089768206,-0.292725291746963));
#2649=CARTESIAN_POINT('',(-5.69102756843413,11.6547169930746,-0.738299605897438));
#2650=CARTESIAN_POINT('',(-5.65001194343492,12.1157036956987,-1.09103552787204));
#2651=CARTESIAN_POINT('',(-5.59988173510115,12.8416594517136,-1.12713217662551));
#2652=CARTESIAN_POINT('',(-5.54519423510143,13.4793371660448,-0.65411452386186));
#2653=CARTESIAN_POINT('',(-5.49050673510125,13.6718604343767,0.115349980318358));
#2654=CARTESIAN_POINT('',(-5.43581923510135,13.3327611959305,0.832750425427995));
#2655=CARTESIAN_POINT('',(-5.3811317351013,12.615400874961,1.17193710988511));
#2656=CARTESIAN_POINT('',(-5.32644423510133,11.845758346019,0.979173788104816));
#2657=CARTESIAN_POINT('',(-5.27175673510131,11.373072090555,0.341842034205221));
#2658=CARTESIAN_POINT('',(-5.21706923510133,11.4120162184108,-0.450656401348311));
#2659=CARTESIAN_POINT('',(-5.16238173510131,11.944867963682,-1.03857709766108));
#2660=CARTESIAN_POINT('',(-5.10769423510133,12.729744244192,-1.15500146489844));
#2661=CARTESIAN_POINT('',(-5.05300673510131,13.4103205749664,-0.7470783392149));
#2662=CARTESIAN_POINT('',(-4.99831923510133,13.6776263157377,-3.68896210038875E-06));
#2663=CARTESIAN_POINT('',(-4.94363173510131,13.4103251651539,0.747087351750057));
#2664=CARTESIAN_POINT('',(-4.88894423510132,12.7297330324839,1.15498682529441));
#2665=CARTESIAN_POINT('',(-4.83425673510131,11.9448907390657,1.03860383849821));
#2666=CARTESIAN_POINT('',(-4.77956923510133,11.4119720313289,0.450605833867592));
#2667=CARTESIAN_POINT('',(-4.7248817351013,11.3731549888016,-0.341746396949837));
#2668=CARTESIAN_POINT('',(-4.67019423510135,11.8456213301196,-0.979345494479293));
#2669=CARTESIAN_POINT('',(-4.61550673510128,12.6154408296766,-1.17183010640849));
#2670=CARTESIAN_POINT('',(-4.56081923510137,13.332688163938,-0.83282619066997));
#2671=CARTESIAN_POINT('',(-4.50613173510122,13.6718543318381,-0.115348507558759));
#2672=CARTESIAN_POINT('',(-4.4514442351015,13.4792422823345,0.654241095066986));
#2673=CARTESIAN_POINT('',(-4.39675673510094,12.8417827933778,1.12687994651873));
#2674=CARTESIAN_POINT('',(-4.34206923510222,12.0492803469593,1.08807770677452));
#2675=CARTESIAN_POINT('',(-4.28738173509928,11.4615259440841,0.555190893150648));
#2676=CARTESIAN_POINT('',(-4.23269423510559,11.3448184539033,-0.230005229260596));
#2677=CARTESIAN_POINT('',(-4.18712131842721,11.6852186640406,-0.79637520184007));
#2678=CARTESIAN_POINT('',(-4.15066298511,12.1262588517943,-1.04463796316818));
#2679=CARTESIAN_POINT('',(-4.12331923508544,12.5000122321963,-1.11007560740473));
#2680=CARTESIAN_POINT('',(-4.09597548513809,12.8736342686922,-1.04455900529861));
#2681=CARTESIAN_POINT('',(-4.05951715168396,13.3149037234107,-0.796432846290378));
#2682=CARTESIAN_POINT('',(-4.01394423530241,13.6550797283647,-0.229925599813983));
#2683=CARTESIAN_POINT('',(-3.95925673473466,13.5385981769007,0.555279867321035));
#2684=CARTESIAN_POINT('',(-3.90456923593365,12.9506337259827,1.08793623839396));
#2685=CARTESIAN_POINT('',(-3.84988173338341,12.1581678453707,1.12694666574958));
#2686=CARTESIAN_POINT('',(-3.79519423847066,11.520829262605,0.654239977580428));
#2687=CARTESIAN_POINT('',(-3.74050672858688,11.328045074264,-0.115415164800435));
#2688=CARTESIAN_POINT('',(-3.6858192476479,11.6672900087624,-0.832724797057961));
#2689=CARTESIAN_POINT('',(-3.63113171096285,12.3845699253654,-1.17193365302719));
#2690=CARTESIAN_POINT('',(-3.57644428152336,13.1542616472125,-0.979207947771078));
#2691=CARTESIAN_POINT('',(-3.52175664587814,13.6269081836706,-0.341762114208672));
#2692=CARTESIAN_POINT('',(-3.46706940614841,13.588012869126,0.450496148890248));
#2693=CARTESIAN_POINT('',(-3.41238141128875,13.0550723960971,1.0388806795837));
#2694=CARTESIAN_POINT('',(-3.36225202182015,12.335836425827,1.14488730123292));
#2695=CARTESIAN_POINT('',(-3.3212351491625,11.8151067362881,0.889190036487678));
#2696=CARTESIAN_POINT('',(-3.28477926174974,11.4942308240245,0.498214236065019));
#2697=CARTESIAN_POINT('',(-3.26198675235517,11.411465061629,0.186960149682899));
#2698=CARTESIAN_POINT('',(-3.24311877040182,11.4118628995055,-0.0711779195016028));
#2699=CARTESIAN_POINT('',(-3.23266126027527,11.4258114025951,-0.213885109967012));
#2700=CARTESIAN_POINT('',(-3.21372821866657,11.509010687015,-0.487120566599303));
#2701=CARTESIAN_POINT('',(-3.18783882275371,11.7905229381012,-0.91207879679199));
#2702=CARTESIAN_POINT('',(-3.18548530624066,12.2144861335655,-1.08932050115958));
#2703=CARTESIAN_POINT('',(-3.18593459384398,12.7140702827046,-1.08816186195488));
#2704=CARTESIAN_POINT('',(-3.18576443318261,13.0686326694955,-0.980130775452912));
#2705=CARTESIAN_POINT('',(-3.18584693128632,13.4802449140353,-0.568841909891216));
#2706=CARTESIAN_POINT('',(-3.18581923510132,13.5881713816416,-0.213662390140047));
#2707=CARTESIAN_POINT('',(-3.18581923510132,13.5881704048321,-2.13219904512727E-15));
#2708=CARTESIAN_POINT('',(-6.77489321109343,13.6627205368702,0.0));
#2709=CARTESIAN_POINT('',(-6.77489321109343,13.6627178681306,0.228297920182881));
#2710=CARTESIAN_POINT('',(-6.77486551490845,13.5474029970659,0.607814563071524));
#2711=CARTESIAN_POINT('',(-6.77494801301215,13.1075884546649,1.04727796854182));
#2712=CARTESIAN_POINT('',(-6.77477785235078,12.7287363462926,1.16271222846235));
#2713=CARTESIAN_POINT('',(-6.77522713995408,12.1949256663423,1.1639490996474));
#2714=CARTESIAN_POINT('',(-6.77287362344106,11.7419171029271,0.974564712282082));
#2715=CARTESIAN_POINT('',(-6.74698422752818,11.4411181667093,0.520493430414891));
#2716=CARTESIAN_POINT('',(-6.7280511859195,11.3522195966192,0.228537736052358));
#2717=CARTESIAN_POINT('',(-6.71759367579294,11.3373142796858,0.0760546622790341));
#2718=CARTESIAN_POINT('',(-6.69872569383959,11.3368916137966,-0.199769442705061));
#2719=CARTESIAN_POINT('',(-6.67593318444502,11.4253252814064,-0.532346260020447));
#2720=CARTESIAN_POINT('',(-6.63947729703226,11.7681852944121,-0.950108371059888));
#2721=CARTESIAN_POINT('',(-6.5984604243746,12.3245894007731,-1.22332275118903));
#2722=CARTESIAN_POINT('',(-6.54833103490602,13.0931003365694,-1.11005435340033));
#2723=CARTESIAN_POINT('',(-6.49364304004633,13.6625521610674,-0.481359290715202));
#2724=CARTESIAN_POINT('',(-6.43895580031661,13.7041122087168,0.365176032443905));
#2725=CARTESIAN_POINT('',(-6.38426816467139,13.1990849635107,1.04629311668475));
#2726=CARTESIAN_POINT('',(-6.3295807352319,12.3766616237886,1.25222242084952));
#2727=CARTESIAN_POINT('',(-6.27489319854685,11.6102418315091,0.889774336880099));
#2728=CARTESIAN_POINT('',(-6.22020571760788,11.2477539929091,0.12332244849376));
#2729=CARTESIAN_POINT('',(-6.16551820772411,11.4537483856194,-0.699062162984793));
#2730=CARTESIAN_POINT('',(-6.11083071281133,12.1347457529464,-1.20415247794255));
#2731=CARTESIAN_POINT('',(-6.05614321026114,12.981512533771,-1.16247192537763));
#2732=CARTESIAN_POINT('',(-6.00145571146005,13.609743230195,-0.593319624367764));
#2733=CARTESIAN_POINT('',(-5.94676821089242,13.7342281333363,0.24567423185405));
#2734=CARTESIAN_POINT('',(-5.90119529451064,13.3707050473111,0.851002753522823));
#2735=CARTESIAN_POINT('',(-5.86473696105692,12.8992767013582,1.11611042832721));
#2736=CARTESIAN_POINT('',(-5.83739321110864,12.499901955874,1.18615286187071));
#2737=CARTESIAN_POINT('',(-5.810049461086,12.1008564629212,1.11616248790952));
#2738=CARTESIAN_POINT('',(-5.77359112776505,11.6291051790598,0.850844687924893));
#2739=CARTESIAN_POINT('',(-5.73257550275712,11.3024649510248,0.306603865024723));
#2740=CARTESIAN_POINT('',(-5.69155987776115,11.3422794633773,-0.312779750741066));
#2741=CARTESIAN_POINT('',(-5.65510154442624,11.5968069861026,-0.788880251199647));
#2742=CARTESIAN_POINT('',(-5.61408591942705,12.0893757580056,-1.16578186512443));
#2743=CARTESIAN_POINT('',(-5.56395571109325,12.8650662751475,-1.20435165560354));
#2744=CARTESIAN_POINT('',(-5.50926821109354,13.546431312474,-0.698927699125321));
#2745=CARTESIAN_POINT('',(-5.45458071109337,13.7521440809534,0.123252597965222));
#2746=CARTESIAN_POINT('',(-5.39989321109346,13.3898133710768,0.889801812906943));
#2747=CARTESIAN_POINT('',(-5.34520571109342,12.6233069333151,1.25222608469961));
#2748=CARTESIAN_POINT('',(-5.29051821109344,11.8009365067665,1.04625659835797));
#2749=CARTESIAN_POINT('',(-5.23583071109343,11.2958666917187,0.365261505682698));
#2750=CARTESIAN_POINT('',(-5.18114321109342,11.337478869056,-0.48153070112786));
#2751=CARTESIAN_POINT('',(-5.12645571109343,11.9068360814983,-1.10972961252561));
#2752=CARTESIAN_POINT('',(-5.07176821109343,12.7454839338757,-1.23413017234668));
#2753=CARTESIAN_POINT('',(-5.01708071109342,13.4726862871735,-0.798260386221718));
#2754=CARTESIAN_POINT('',(-4.96239321109343,13.7583050406605,-3.94569875766262E-06));
#2755=CARTESIAN_POINT('',(-4.90770571109343,13.472691193084,0.798270026383518));
#2756=CARTESIAN_POINT('',(-4.85301821109343,12.7454719504114,1.23411451198014));
#2757=CARTESIAN_POINT('',(-4.79833071109342,11.9068604263419,1.10975822023254));
#2758=CARTESIAN_POINT('',(-4.74364321109344,11.3374316328823,0.481476599014192));
#2759=CARTESIAN_POINT('',(-4.68895571109341,11.2959553206529,-0.365159173505493));
#2760=CARTESIAN_POINT('',(-4.63426821109346,11.8007899896587,-1.04644035728719));
#2761=CARTESIAN_POINT('',(-4.57958071109339,12.6233497333879,-1.25211159720642));
#2762=CARTESIAN_POINT('',(-4.52489321109348,13.3897352402268,-0.88988285294377));
#2763=CARTESIAN_POINT('',(-4.47020571109333,13.752137634121,-0.123250959622374));
#2764=CARTESIAN_POINT('',(-4.4155182110936,13.5463297745196,0.699062923558797));
#2765=CARTESIAN_POINT('',(-4.36083071109306,12.8651982296119,1.20408191682216));
#2766=CARTESIAN_POINT('',(-4.30614321109431,12.0184016807907,1.16262176114393));
#2767=CARTESIAN_POINT('',(-4.25145571109138,11.3903805511262,0.59322676026634));
#2768=CARTESIAN_POINT('',(-4.19676821109768,11.2656772705233,-0.245762968308173));
#2769=CARTESIAN_POINT('',(-4.15119529441933,11.6293985957884,-0.850934112775266));
#2770=CARTESIAN_POINT('',(-4.1147369611021,12.1006537786372,-1.1162060965116));
#2771=CARTESIAN_POINT('',(-4.08739321107755,12.5000132110391,-1.18612615609435));
#2772=CARTESIAN_POINT('',(-4.0600494611302,12.8992317968032,-1.11612148427151));
#2773=CARTESIAN_POINT('',(-4.02359112767605,13.3707323949554,-0.850996005134613));
#2774=CARTESIAN_POINT('',(-3.97801821129452,13.7342137900943,-0.245677773008704));
#2775=CARTESIAN_POINT('',(-3.92333071072675,13.6097521743498,0.593321832894865));
#2776=CARTESIAN_POINT('',(-3.86864321192574,12.9815065221235,1.16247044087072));
#2777=CARTESIAN_POINT('',(-3.8139557093755,12.1347490229651,1.20415328546376));
#2778=CARTESIAN_POINT('',(-3.75926821446275,11.4537466699787,0.699061739301636));
#2779=CARTESIAN_POINT('',(-3.70458070457898,11.2477548865771,-0.123322227794349));
#2780=CARTESIAN_POINT('',(-3.64989322364001,11.6102413666801,-0.889774451676447));
#2781=CARTESIAN_POINT('',(-3.59520568695495,12.3766618655065,-1.25222236115233));
#2782=CARTESIAN_POINT('',(-3.54051825751545,13.1990848377885,-1.0462931477352));
#2783=CARTESIAN_POINT('',(-3.48583062187025,13.7041122741709,-0.365176016277889));
#2784=CARTESIAN_POINT('',(-3.43114338214051,13.6625521268657,0.481359282267653));
#2785=CARTESIAN_POINT('',(-3.37645538728084,13.0931003546928,1.11005435787691));
#2786=CARTESIAN_POINT('',(-3.32632599781225,12.3245893927882,1.22332274921653));
#2787=CARTESIAN_POINT('',(-3.2853091251546,11.7681852973862,0.950108371794743));
#2788=CARTESIAN_POINT('',(-3.24885323774183,11.4253252793245,0.532346259505841));
#2789=CARTESIAN_POINT('',(-3.22606072834727,11.3368916150376,0.199769443012322));
#2790=CARTESIAN_POINT('',(-3.20719274639392,11.3373142795704,-0.0760546623077851));
#2791=CARTESIAN_POINT('',(-3.19673523626735,11.3522195966767,-0.228537736038043));
#2792=CARTESIAN_POINT('',(-3.17780219465867,11.4411181666818,-0.520493430421733));
#2793=CARTESIAN_POINT('',(-3.15191279874579,11.741917102952,-0.974564712275872));
#2794=CARTESIAN_POINT('',(-3.14955928223276,12.194925666332,-1.16394909964996));
#2795=CARTESIAN_POINT('',(-3.15000856983607,12.7287363462967,-1.16271222846134));
#2796=CARTESIAN_POINT('',(-3.14983840917471,13.1075884546629,-1.0472779685423));
#2797=CARTESIAN_POINT('',(-3.14992090727841,13.5474029970669,-0.607814563071282));
#2798=CARTESIAN_POINT('',(-3.14989321109342,13.6627178681306,-0.228297920182875));
#2799=CARTESIAN_POINT('',(-3.14989321109342,13.6627205368702,-2.27827517404947E-15));
#2800=CARTESIAN_POINT('',(-6.77488523440281,13.700010271413,0.0));
#2801=CARTESIAN_POINT('',(-6.77488523440281,13.7000088746819,0.235620563852157));
#2802=CARTESIAN_POINT('',(-6.77485753821783,13.5809936813453,0.627307294932325));
#2803=CARTESIAN_POINT('',(-6.77494003632153,13.127074861274,1.08086576580262));
#2804=CARTESIAN_POINT('',(-6.77476987566016,12.736072104016,1.20000139677873));
#2805=CARTESIAN_POINT('',(-6.77521916326346,12.1851416032362,1.20127835484513));
#2806=CARTESIAN_POINT('',(-6.77286564675044,11.7176044857613,1.0058201722729));
#2807=CARTESIAN_POINT('',(-6.74697625083756,11.4071587373964,0.537186076176739));
#2808=CARTESIAN_POINT('',(-6.72804320922888,11.3154088485516,0.235867398905248));
#2809=CARTESIAN_POINT('',(-6.71758569910231,11.3000259431693,0.078493683745249));
#2810=CARTESIAN_POINT('',(-6.69871771714897,11.2995888336357,-0.206176004335804));
#2811=CARTESIAN_POINT('',(-6.6759252077544,11.3908595256191,-0.549419354869629));
#2812=CARTESIAN_POINT('',(-6.63946932034164,11.7447150651338,-0.980579298996019));
#2813=CARTESIAN_POINT('',(-6.59845244768398,12.3189638802431,-1.26255618891469));
#2814=CARTESIAN_POINT('',(-6.5483230582154,13.1121216607628,-1.14565489123375));
#2815=CARTESIAN_POINT('',(-6.49363506335571,13.6998365254641,-0.496797082834879));
#2816=CARTESIAN_POINT('',(-6.43894782362599,13.7427294023091,0.376887664060964));
#2817=CARTESIAN_POINT('',(-6.38426018798077,13.2215053997474,1.07984887907551));
#2818=CARTESIAN_POINT('',(-6.32957275854128,12.3727060219032,1.29238258407358));
#2819=CARTESIAN_POINT('',(-6.27488522185623,11.5817063037765,0.91831038398754));
#2820=CARTESIAN_POINT('',(-6.22019774091726,11.207593081107,0.12727753040332));
#2821=CARTESIAN_POINT('',(-6.16551023103349,11.4201939334071,-0.72148184739749));
#2822=CARTESIAN_POINT('',(-6.11082273612071,12.1230316568836,-1.24277100256501));
#2823=CARTESIAN_POINT('',(-6.05613523357052,12.9969551545332,-1.19975364466063));
#2824=CARTESIAN_POINT('',(-6.00144773476943,13.645333908619,-0.612348058038043));
#2825=CARTESIAN_POINT('',(-5.9467602342018,13.7738111975896,0.253553256288463));
#2826=CARTESIAN_POINT('',(-5.90118731782002,13.3986295427635,0.878295404161749));
#2827=CARTESIAN_POINT('',(-5.8647289843663,12.9120819574508,1.15190527640727));
#2828=CARTESIAN_POINT('',(-5.83738523441802,12.4998987407637,1.22419419288869));
#2829=CARTESIAN_POINT('',(-5.81004148439538,12.0880555548662,1.15195895443987));
#2830=CARTESIAN_POINT('',(-5.77358315107443,11.6011746037558,0.878132263049967));
#2831=CARTESIAN_POINT('',(-5.73256752606649,11.264058678892,0.316436994541116));
#2832=CARTESIAN_POINT('',(-5.69155190107053,11.3051500712215,-0.322810957111729));
#2833=CARTESIAN_POINT('',(-5.65509356773562,11.5678405851132,-0.814180504538727));
#2834=CARTESIAN_POINT('',(-5.61407794273642,12.0762065647167,-1.20316981029704));
#2835=CARTESIAN_POINT('',(-5.56394773440263,12.8767744032842,-1.24297651289624));
#2836=CARTESIAN_POINT('',(-5.50926023440292,13.5799914726575,-0.721343068248599));
#2837=CARTESIAN_POINT('',(-5.45457273440275,13.7923017483381,0.127205432302662));
#2838=CARTESIAN_POINT('',(-5.39988523440284,13.4183506601963,0.918338749548588));
#2839=CARTESIAN_POINT('',(-5.34519773440279,12.6272615270927,1.29238635452525));
#2840=CARTESIAN_POINT('',(-5.29051023440282,11.7785167658838,1.07981120763876));
#2841=CARTESIAN_POINT('',(-5.23582273440281,11.2572488056625,0.376975844106473));
#2842=CARTESIAN_POINT('',(-5.1811352344028,11.300195530707,-0.496973921979695));
#2843=CARTESIAN_POINT('',(-5.12644773440281,11.8878126587857,-1.14531986908905));
#2844=CARTESIAN_POINT('',(-5.0717602344028,12.7533568750884,-1.27371009095234));
#2845=CARTESIAN_POINT('',(-5.0170727344028,13.5038814119057,-0.82386148034704));
#2846=CARTESIAN_POINT('',(-4.9623852344028,13.7986602748819,-4.07077627267997E-06));
#2847=CARTESIAN_POINT('',(-4.90769773440281,13.5038864746967,0.823871425956321));
#2848=CARTESIAN_POINT('',(-4.8530102344028,12.7533445086346,1.27369393485298));
#2849=CARTESIAN_POINT('',(-4.7983227344028,11.8878377810577,1.14534938152701));
#2850=CARTESIAN_POINT('',(-4.74363523440281,11.3001467876079,0.496918110449746));
#2851=CARTESIAN_POINT('',(-4.68894773440279,11.2573402582428,-0.376870282261528));
#2852=CARTESIAN_POINT('',(-4.63426023440284,11.7783655916089,-1.08000075423053));
#2853=CARTESIAN_POINT('',(-4.57957273440277,12.6273056602897,-1.29226825133278));
#2854=CARTESIAN_POINT('',(-4.52488523440285,13.4182700585133,-0.918422357857524));
#2855=CARTESIAN_POINT('',(-4.47019773440271,13.7922950677652,-0.127203765070762));
#2856=CARTESIAN_POINT('',(-4.41551023440298,13.5798867345103,0.721482636104014));
#2857=CARTESIAN_POINT('',(-4.36082273440244,12.8769105301733,1.24269820684839));
#2858=CARTESIAN_POINT('',(-4.30613523440369,12.0029563034345,1.19990822799314));
#2859=CARTESIAN_POINT('',(-4.25144773440076,11.3547938047569,0.612252215690601));
#2860=CARTESIAN_POINT('',(-4.19676023440705,11.2260912270956,-0.253644796524698));
#2861=CARTESIAN_POINT('',(-4.15118731772871,11.6014773410071,-0.878224674339827));
#2862=CARTESIAN_POINT('',(-4.11472898441147,12.0878463809001,-1.15200391812511));
#2863=CARTESIAN_POINT('',(-4.08738523438692,12.500013583236,-1.22416664455731));
#2864=CARTESIAN_POINT('',(-4.06004148443958,12.9120356062828,-1.15191668186899));
#2865=CARTESIAN_POINT('',(-4.02358315098543,13.3986577708249,-0.878288442421553));
#2866=CARTESIAN_POINT('',(-3.9780102346039,13.7737963931631,-0.253556909315142));
#2867=CARTESIAN_POINT('',(-3.92332273403613,13.6453431404338,0.612350336353206));
#2868=CARTESIAN_POINT('',(-3.86863523523512,12.9969489493016,1.19975211320231));
#2869=CARTESIAN_POINT('',(-3.81394773268488,12.1230350323633,1.24277183565419));
#2870=CARTESIAN_POINT('',(-3.75926023777213,11.4201921623635,0.721481410287092));
#2871=CARTESIAN_POINT('',(-3.70457272788836,11.2075940036691,-0.127277302703509));
#2872=CARTESIAN_POINT('',(-3.64988524694938,11.5817058239005,-0.918310502428252));
#2873=CARTESIAN_POINT('',(-3.59519771026433,12.3727062714553,-1.29238252247957));
#2874=CARTESIAN_POINT('',(-3.54051028082482,13.2215052699452,-1.07984891111344));
#2875=CARTESIAN_POINT('',(-3.48582264517963,13.7427294698901,-0.376887647380306));
#2876=CARTESIAN_POINT('',(-3.43113540544989,13.6998364901489,0.496797074118053));
#2877=CARTESIAN_POINT('',(-3.37644741059022,13.1121216794781,1.14565489585335));
#2878=CARTESIAN_POINT('',(-3.32631802112163,12.3189638719962,1.26255618687897));
#2879=CARTESIAN_POINT('',(-3.28530114846398,11.7447150682065,0.980579299754618));
#2880=CARTESIAN_POINT('',(-3.24884526105121,11.3908595234666,0.549419354338109));
#2881=CARTESIAN_POINT('',(-3.22605275165664,11.2995888349223,0.206176004653765));
#2882=CARTESIAN_POINT('',(-3.2071847697033,11.3000259430483,-0.0784936837752215));
#2883=CARTESIAN_POINT('',(-3.19672725957673,11.3154088486117,-0.235867398890332));
#2884=CARTESIAN_POINT('',(-3.17779421796805,11.4071587373676,-0.537186076183866));
#2885=CARTESIAN_POINT('',(-3.15190482205517,11.7176044857874,-1.00582017226643));
#2886=CARTESIAN_POINT('',(-3.14955130554214,12.1851416032254,-1.20127835484779));
#2887=CARTESIAN_POINT('',(-3.15000059314545,12.7360721040203,-1.20000139677766));
#2888=CARTESIAN_POINT('',(-3.14983043248408,13.1270748612719,-1.08086576580313));
#2889=CARTESIAN_POINT('',(-3.14991293058778,13.5809936813463,-0.627307294932071));
#2890=CARTESIAN_POINT('',(-3.1498852344028,13.7000088746819,-0.235620563852155));
#2891=CARTESIAN_POINT('',(-3.1498852344028,13.700010271413,-2.35134198052754E-15));
#2892=SURFACE_SIDE_STYLE('',(#5476));
#2893=EDGE_LOOP('',(#5477,#5478));
#2894=AXIS2_PLACEMENT_3D('',#5479,#5480,#5481);
#2895=SURFACE_SIDE_STYLE('',(#5482));
#2896=EDGE_LOOP('',(#5483,#5484));
#2897=AXIS2_PLACEMENT_3D('',#5485,#5486,#5487);
#2898=SURFACE_SIDE_STYLE('',(#5488));
#2899=SURFACE_SIDE_STYLE('',(#5489));
#2900=EDGE_LOOP('',(#5490,#5491,#5492,#5493));
#2901=CARTESIAN_POINT('',(-6.77488764615538,8.70001022168024,0.0));
#2902=CARTESIAN_POINT('',(-6.77488764615538,8.70000661322819,0.314162086070494));
#2903=CARTESIAN_POINT('',(-6.77495828764106,8.44087694334487,0.940070836303094));
#2904=CARTESIAN_POINT('',(-6.77477418595563,7.81399103724127,1.20099654794721));
#2905=CARTESIAN_POINT('',(-6.77518786988195,7.18555758023285,1.20070086789411));
#2906=CARTESIAN_POINT('',(-6.7728932465145,6.7172830213578,1.00625723582866));
#2907=CARTESIAN_POINT('',(-6.74697120507946,6.40726197847876,0.537049611348474));
#2908=CARTESIAN_POINT('',(-6.72804884949071,6.31535089936723,0.235937713970769));
#2909=CARTESIAN_POINT('',(-6.71758788522981,6.30006106841588,0.0784570038126583));
#2910=CARTESIAN_POINT('',(-6.6941629577564,6.29916557116277,-0.274699830843636));
#2911=CARTESIAN_POINT('',(-6.65769737993525,6.49642040602801,-0.823747249331411));
#2912=CARTESIAN_POINT('',(-6.60301417194618,7.2464870524995,-1.27384764473483));
#2913=CARTESIAN_POINT('',(-6.54832434523942,8.11226586923144,-1.14524013806417));
#2914=CARTESIAN_POINT('',(-6.49363806323032,8.69976674411306,-0.497018656176007));
#2915=CARTESIAN_POINT('',(-6.43894992931478,8.74276496111951,0.377004164525463));
#2916=CARTESIAN_POINT('',(-6.38426275885499,8.22148716989745,1.07978684057856));
#2917=CARTESIAN_POINT('',(-6.32957508758587,7.37271505257873,1.29241745136169));
#2918=CARTESIAN_POINT('',(-6.27488767659242,6.58170246452644,0.91828712156625));
#2919=CARTESIAN_POINT('',(-6.22020013033971,6.20759352445284,0.12729942239121));
#2920=CARTESIAN_POINT('',(-6.16551265437035,6.42019675655753,-0.721512137232045));
#2921=CARTESIAN_POINT('',(-6.11082514189433,7.12302487759276,-1.24271836907788));
#2922=CARTESIAN_POINT('',(-6.05613764835434,7.99696473227983,-1.19985609351946));
#2923=CARTESIAN_POINT('',(-6.00145014503918,8.64533667462872,-0.61208989561408));
#2924=CARTESIAN_POINT('',(-5.94676264672446,8.77375170268889,0.253130852188478));
#2925=CARTESIAN_POINT('',(-5.89207514587038,8.32385382541337,1.00416409184336));
#2926=CARTESIAN_POINT('',(-5.84650222961458,7.63727254282945,1.24904046609902));
#2927=CARTESIAN_POINT('',(-5.81004389611049,7.08795517499759,1.15171598403358));
#2928=CARTESIAN_POINT('',(-5.77358556285442,6.60135603117186,0.878379224125626));
#2929=CARTESIAN_POINT('',(-5.72801264613401,6.22610273400782,0.253726242624729));
#2930=CARTESIAN_POINT('',(-5.67332514616509,6.35475694763146,-0.612319315754281));
#2931=CARTESIAN_POINT('',(-5.61863764615014,7.00305116540371,-1.19978811382186));
#2932=CARTESIAN_POINT('',(-5.56395014615874,7.87700313008369,-1.24280967254973));
#2933=CARTESIAN_POINT('',(-5.50926264615355,8.57978411813846,-0.721459718065559));
#2934=CARTESIAN_POINT('',(-5.45457514615633,8.79241799177419,0.127270570575498));
#2935=CARTESIAN_POINT('',(-5.39988764615488,8.41828928794325,0.918304378063556));
#2936=CARTESIAN_POINT('',(-5.34520014615564,7.62729350518272,1.29240421895293));
#2937=CARTESIAN_POINT('',(-5.29051264615524,6.77850017144854,1.07980191197183));
#2938=CARTESIAN_POINT('',(-5.23582514615545,6.25725741975115,0.376980579668349));
#2939=CARTESIAN_POINT('',(-5.18113764615535,6.30019119487919,-0.496976228967181));
#2940=CARTESIAN_POINT('',(-5.1264501461554,6.887814748516,-1.14531892301202));
#2941=CARTESIAN_POINT('',(-5.07176264615537,7.75335616130847,-1.27370998997689));
#2942=CARTESIAN_POINT('',(-5.01707514615539,8.50388104313484,-0.823862555821346));
#2943=CARTESIAN_POINT('',(-4.96238764615538,8.79866179673043,-1.46886967197113E-06));
#2944=CARTESIAN_POINT('',(-4.90770014615538,8.50388300705113,0.823866145576462));
#2945=CARTESIAN_POINT('',(-4.85301264615539,7.75335136291157,1.27370415515879));
#2946=CARTESIAN_POINT('',(-4.79832514615537,6.88782449917807,1.14532958805979));
#2947=CARTESIAN_POINT('',(-4.74363764615541,6.30017227984526,0.496956046677303));
#2948=CARTESIAN_POINT('',(-4.68895014615531,6.25729280376049,-0.376942365930571));
#2949=CARTESIAN_POINT('',(-4.63426264615551,6.77844287052141,-1.07987082231528));
#2950=CARTESIAN_POINT('',(-4.57957514615519,7.62729534634403,-1.29234354708806));
#2951=CARTESIAN_POINT('',(-4.52488764615575,8.41831693734833,-0.918438347531613));
#2952=CARTESIAN_POINT('',(-4.47020014615472,8.79229629779777,-0.127218391528806));
#2953=CARTESIAN_POINT('',(-4.41551264615672,8.57988712596367,0.721496508992808));
#2954=CARTESIAN_POINT('',(-4.3608251461527,7.87695544825587,1.24276233468705));
#2955=CARTESIAN_POINT('',(-4.3061376461615,7.00296966072854,1.19980611938922));
#2956=CARTESIAN_POINT('',(-4.25145014614263,6.35476361427491,0.612248760648043));
#2957=CARTESIAN_POINT('',(-4.1967626461815,6.22614695027852,-0.25351766110018));
#2958=CARTESIAN_POINT('',(-4.15118972944255,6.60138661507905,-0.878512774781641));
#2959=CARTESIAN_POINT('',(-4.11473139621919,7.08792563070752,-1.15159362051497));
#2960=CARTESIAN_POINT('',(-4.07827306268113,7.63732481437656,-1.2491139794926));
#2961=CARTESIAN_POINT('',(-4.03270014644831,8.32382472410645,-1.00412667981967));
#2962=CARTESIAN_POINT('',(-3.9780126455822,8.7737670062121,-0.253149951103021));
#2963=CARTESIAN_POINT('',(-3.92332514727421,8.64532689107127,0.612102024949163));
#2964=CARTESIAN_POINT('',(-3.86863764395501,7.99697000756316,1.19984956065594));
#2965=CARTESIAN_POINT('',(-3.81395015041717,7.12302211576786,1.24272178852446));
#2966=CARTESIAN_POINT('',(-3.75926263794001,6.420198193993,0.721510357621088));
#2967=CARTESIAN_POINT('',(-3.70457516197126,6.20759277721521,-0.127298497293193));
#2968=CARTESIAN_POINT('',(-3.64988761571823,6.58170285287922,-0.918287602351119));
#2969=CARTESIAN_POINT('',(-3.59520020472495,7.37271485074677,-1.29241720149392));
#2970=CARTESIAN_POINT('',(-3.54051253345573,8.22148727480716,-1.07978697045548));
#2971=CARTESIAN_POINT('',(-3.485825362996,8.74276490655772,-0.377004096979353));
#2972=CARTESIAN_POINT('',(-3.43113722908044,8.69976677254977,0.497018620972495));
#2973=CARTESIAN_POINT('',(-3.37645094707136,8.11226585429456,1.14524015655507));
#2974=CARTESIAN_POINT('',(-3.32176112036457,7.24648706057469,1.27384763473863));
#2975=CARTESIAN_POINT('',(-3.26707791237551,6.49642040109893,0.823747255432685));
#2976=CARTESIAN_POINT('',(-3.23061233455436,6.29916557348229,0.274699827973011));
#2977=CARTESIAN_POINT('',(-3.20718740708095,6.30006106815854,-0.0784570034944074));
#2978=CARTESIAN_POINT('',(-3.19672644282004,6.31535089947167,-0.235937714099885));
#2979=CARTESIAN_POINT('',(-3.1778040872313,6.40726197842661,-0.537049611283975));
#2980=CARTESIAN_POINT('',(-3.15188204579627,6.71728302140389,-1.00625723588565));
#2981=CARTESIAN_POINT('',(-3.14958742242881,7.18555758021535,-1.20070086787248));
#2982=CARTESIAN_POINT('',(-3.15000110635513,7.81399103724869,-1.20099654795638));
#2983=CARTESIAN_POINT('',(-3.14981700466969,8.44087694334021,-0.940070836297352));
#2984=CARTESIAN_POINT('',(-3.14988764615539,8.70000661322817,-0.314162086070461));
#2985=CARTESIAN_POINT('',(-3.14988764615539,8.70001022168024,-2.35134188307976E-15));
#2986=CARTESIAN_POINT('',(-6.7748806266029,8.73729983038857,0.0));
#2987=CARTESIAN_POINT('',(-6.7748806266029,8.73729921002371,0.323924362993426));
#2988=CARTESIAN_POINT('',(-6.77495126808858,8.47011145554992,0.969283066933029));
#2989=CARTESIAN_POINT('',(-6.77476716640316,7.82374908178053,1.23831682084769));
#2990=CARTESIAN_POINT('',(-6.77518085032947,7.17578595739172,1.23801177119358));
#2991=CARTESIAN_POINT('',(-6.77288622696202,6.69296090095364,1.03752644302343));
#2992=CARTESIAN_POINT('',(-6.74696418552698,6.37330572974704,0.553737864365599));
#2993=CARTESIAN_POINT('',(-6.72804182993823,6.27853857214765,0.243269596761981));
#2994=CARTESIAN_POINT('',(-6.71758086567734,6.26277385631736,0.0808948621887358));
#2995=CARTESIAN_POINT('',(-6.69415593820392,6.26185002463817,-0.283235742432083));
#2996=CARTESIAN_POINT('',(-6.65769036038278,6.4652349392451,-0.849344917067986));
#2997=CARTESIAN_POINT('',(-6.6030071523937,7.23860921374447,-1.3134315594209));
#2998=CARTESIAN_POINT('',(-6.54831732568694,8.13129170857479,-1.18082787524275));
#2999=CARTESIAN_POINT('',(-6.49363104367784,8.73704876418844,-0.51246317705193));
#3000=CARTESIAN_POINT('',(-6.43894290976231,8.78138315895122,0.388719325578895));
#3001=CARTESIAN_POINT('',(-6.38425573930251,8.24390695070476,1.11334058798169));
#3002=CARTESIAN_POINT('',(-6.3295680680334,7.36875975086354,1.33257855460125));
#3003=CARTESIAN_POINT('',(-6.27488065703994,6.55316691165507,0.946822351699186));
#3004=CARTESIAN_POINT('',(-6.22019311078724,6.16743275537561,0.131255178358623));
#3005=CARTESIAN_POINT('',(-6.16550563481788,6.38664251564349,-0.743932705021044));
#3006=CARTESIAN_POINT('',(-6.11081812234185,7.11131058622644,-1.2813350974534));
#3007=CARTESIAN_POINT('',(-6.05613062880186,8.01240764110349,-1.23714092971653));
#3008=CARTESIAN_POINT('',(-6.00144312548671,8.68092729362995,-0.631110195733736));
#3009=CARTESIAN_POINT('',(-5.94675562717199,8.81333277469419,0.260996703480069));
#3010=CARTESIAN_POINT('',(-5.89206812631791,8.34945467192112,1.0353679248438));
#3011=CARTESIAN_POINT('',(-5.8464952100621,7.64153810195103,1.28785372541071));
#3012=CARTESIAN_POINT('',(-5.81003687655802,7.07515119826861,1.18750479473078));
#3013=CARTESIAN_POINT('',(-5.77357854330194,6.57343112041663,0.90567441657933));
#3014=CARTESIAN_POINT('',(-5.72800562658154,6.18651722643518,0.261610605231938));
#3015=CARTESIAN_POINT('',(-5.67331812661261,6.31916910277636,-0.631346769989487));
#3016=CARTESIAN_POINT('',(-5.61863062659767,6.98760884115516,-1.23707085809153));
#3017=CARTESIAN_POINT('',(-5.56394312660627,7.8887182439122,-1.28142917873307));
#3018=CARTESIAN_POINT('',(-5.50925562660108,8.61333778863116,-0.743878690537308));
#3019=CARTESIAN_POINT('',(-5.45456812660386,8.83257910725328,0.131225448400199));
#3020=CARTESIAN_POINT('',(-5.39988062660241,8.44682458899728,0.946840132961524));
#3021=CARTESIAN_POINT('',(-5.34519312660316,7.63124907314675,1.33256492087857));
#3022=CARTESIAN_POINT('',(-5.29050562660277,6.75607999233382,1.11335611485236));
#3023=CARTESIAN_POINT('',(-5.23581812660298,6.2186399286027,0.388695029568189));
#3024=CARTESIAN_POINT('',(-5.18113062660287,6.26290784634668,-0.512419471956508));
#3025=CARTESIAN_POINT('',(-5.12644312660292,6.8687914538297,-1.18090903076361));
#3026=CARTESIAN_POINT('',(-5.0717556266029,7.76122905419213,-1.31328977436011));
#3027=CARTESIAN_POINT('',(-5.01706812660292,8.53507605269811,-0.849463597789874));
#3028=CARTESIAN_POINT('',(-4.9623806266029,8.83901694376384,-1.51354866641995E-06));
#3029=CARTESIAN_POINT('',(-4.9076931266029,8.53507807769323,0.849467296710399));
#3030=CARTESIAN_POINT('',(-4.85300562660291,7.76122410663265,1.31328376218519));
#3031=CARTESIAN_POINT('',(-4.79831812660289,6.86880150739517,1.18092001983982));
#3032=CARTESIAN_POINT('',(-4.74363062660294,6.26288834421941,0.512398676757333));
#3033=CARTESIAN_POINT('',(-4.68894312660284,6.21867640958414,-0.388655655933848));
#3034=CARTESIAN_POINT('',(-4.63425562660304,6.75602091880695,-1.11342711510357));
#3035=CARTESIAN_POINT('',(-4.57956812660271,7.63125096628237,-1.33250239885726));
#3036=CARTESIAN_POINT('',(-4.52488062660327,8.44685308197954,-0.946978245512875));
#3037=CARTESIAN_POINT('',(-4.47019312660224,8.83245367593294,-0.131171639460355));
#3038=CARTESIAN_POINT('',(-4.41550562660425,8.61344394424622,0.743916574490402));
#3039=CARTESIAN_POINT('',(-4.36081812660023,7.88866913613157,1.28138047456224));
#3040=CARTESIAN_POINT('',(-4.30613062660903,6.98752472570119,1.23708934214594));
#3041=CARTESIAN_POINT('',(-4.25144312659016,6.31917606584235,0.631274027150824));
#3042=CARTESIAN_POINT('',(-4.19675562662903,6.18656275199126,-0.261395518001656));
#3043=CARTESIAN_POINT('',(-4.15118270989008,6.57346265726839,-0.905812169307736));
#3044=CARTESIAN_POINT('',(-4.11472437666671,7.0751207530424,-1.18737858296102));
#3045=CARTESIAN_POINT('',(-4.07826604312865,7.64159198751143,-1.28792954384447));
#3046=CARTESIAN_POINT('',(-4.03269312689583,8.34942467082557,-1.03532934102771));
#3047=CARTESIAN_POINT('',(-3.97800562602973,8.81334855163322,-0.261016400211596));
#3048=CARTESIAN_POINT('',(-3.92331812772173,8.68091720708525,0.631122705122288));
#3049=CARTESIAN_POINT('',(-3.86863062440253,8.01241307992895,1.23713419189463));
#3050=CARTESIAN_POINT('',(-3.81394313086469,7.11130773870614,1.28133862429774));
#3051=CARTESIAN_POINT('',(-3.75925561838753,6.38664399771667,0.743930869458162));
#3052=CARTESIAN_POINT('',(-3.70456814241878,6.16743198491484,-0.131254224145059));
#3053=CARTESIAN_POINT('',(-3.64988059616576,6.55316731208713,-0.94682284763154));
#3054=CARTESIAN_POINT('',(-3.59519318517247,7.36875954274862,-1.33257829685284));
#3055=CARTESIAN_POINT('',(-3.54050551390326,8.24390705888308,-1.11334072195933));
#3056=CARTESIAN_POINT('',(-3.48581834344352,8.78138310268792,-0.388719255897577));
#3057=CARTESIAN_POINT('',(-3.43113020952796,8.73704879351292,0.512463140734029));
#3058=CARTESIAN_POINT('',(-3.37644392751888,8.13129169317081,1.18082789432026));
#3059=CARTESIAN_POINT('',(-3.3217541008121,7.23860922207305,1.31343154910619));
#3060=CARTESIAN_POINT('',(-3.26707089282304,6.46523493416041,0.849344923365186));
#3061=CARTESIAN_POINT('',(-3.23060531500189,6.26185002703203,0.283235739467489));
#3062=CARTESIAN_POINT('',(-3.20718038752848,6.26277385605123,-0.0808948618591836));
#3063=CARTESIAN_POINT('',(-3.19671942326757,6.27853857225574,-0.243269596895821));
#3064=CARTESIAN_POINT('',(-3.17779706767882,6.37330572969308,-0.553737864298779));
#3065=CARTESIAN_POINT('',(-3.15187502624379,6.69296090100132,-1.03752644308247));
#3066=CARTESIAN_POINT('',(-3.14958040287633,7.17578595737361,-1.23801177117117));
#3067=CARTESIAN_POINT('',(-3.14999408680266,7.82374908178822,-1.23831682085721));
#3068=CARTESIAN_POINT('',(-3.14980998511722,8.47011145554508,-0.969283066927051));
#3069=CARTESIAN_POINT('',(-3.14988062660292,8.73729921002371,-0.323924362993422));
#3070=CARTESIAN_POINT('',(-3.14988062660292,8.73729983038857,-2.42440844299354E-15));
#3071=CARTESIAN_POINT('',(-6.8107712933974,8.81190529631521,0.0));
#3072=CARTESIAN_POINT('',(-6.8107712933974,8.81192658456237,0.343455149867649));
#3073=CARTESIAN_POINT('',(-6.81084193488312,8.52858727210014,1.0277285264836));
#3074=CARTESIAN_POINT('',(-6.81065783319765,7.84327696512528,1.31298371220729));
#3075=CARTESIAN_POINT('',(-6.811071517124,7.15623321065117,1.31265898403321));
#3076=CARTESIAN_POINT('',(-6.80877689375652,6.64430132416591,1.10008870797202));
#3077=CARTESIAN_POINT('',(-6.7828548523215,6.30536902046217,0.587124851393555));
#3078=CARTESIAN_POINT('',(-6.76393249673275,6.20488771600569,0.257939847581473));
#3079=CARTESIAN_POINT('',(-6.75347153247185,6.18817411696232,0.0857715413288309));
#3080=CARTESIAN_POINT('',(-6.73004660499842,6.18719098934636,-0.300312426338531));
#3081=CARTESIAN_POINT('',(-6.69358102717731,6.40284295940481,-0.900559342911025));
#3082=CARTESIAN_POINT('',(-6.63889781918821,7.22284761235062,-1.39262649013692));
#3083=CARTESIAN_POINT('',(-6.58420799248146,8.1693569809807,-1.25202879304342));
#3084=CARTESIAN_POINT('',(-6.52952171047234,8.81163893080601,-0.54336288357271));
#3085=CARTESIAN_POINT('',(-6.47483357655682,8.85864679410156,0.41215778806003));
#3086=CARTESIAN_POINT('',(-6.42014640609704,8.2887622590594,1.18047174905933));
#3087=CARTESIAN_POINT('',(-6.3654587348279,7.3608463777994,1.41292900239724));
#3088=CARTESIAN_POINT('',(-6.31077132383444,6.4960757222432,1.00391289986506));
#3089=CARTESIAN_POINT('',(-6.25608377758174,6.08708294066046,0.139169483118764));
#3090=CARTESIAN_POINT('',(-6.20139630161239,6.31951045043145,-0.788789645117403));
#3091=CARTESIAN_POINT('',(-6.14670878913635,7.08787369529546,-1.35859568148112));
#3092=CARTESIAN_POINT('',(-6.09202129559639,8.04330444919586,-1.31173693425668));
#3093=CARTESIAN_POINT('',(-6.0373337922812,8.75213337079716,-0.669164021232482));
#3094=CARTESIAN_POINT('',(-5.9826462939665,8.89252273055448,0.276733735327456));
#3095=CARTESIAN_POINT('',(-5.92795879311241,8.40067477403885,1.09779769465178));
#3096=CARTESIAN_POINT('',(-5.8823858768566,7.65007168810386,1.36550789763594));
#3097=CARTESIAN_POINT('',(-5.84592754335252,7.04953460596784,1.2591071811671));
#3098=CARTESIAN_POINT('',(-5.80946921009646,6.5175612295956,0.960284410412828));
#3099=CARTESIAN_POINT('',(-5.76389629337606,6.10731884709604,0.277384723660651));
#3100=CARTESIAN_POINT('',(-5.70920879340711,6.2479678815959,-0.669415037320544));
#3101=CARTESIAN_POINT('',(-5.65452129339218,6.9567136679838,-1.31166278265072));
#3102=CARTESIAN_POINT('',(-5.59983379340076,7.912156534421,-1.35869501514024));
#3103=CARTESIAN_POINT('',(-5.54514629339559,8.68046883533723,-0.788732611412118));
#3104=CARTESIAN_POINT('',(-5.49045879339836,8.9129295561392,0.139138090857904));
#3105=CARTESIAN_POINT('',(-5.43577129339691,8.5039152975651,1.00393167208656));
#3106=CARTESIAN_POINT('',(-5.38108379339766,7.63916298054802,1.41291461650832));
#3107=CARTESIAN_POINT('',(-5.32639629339727,6.71122386166315,1.18048812113908));
#3108=CARTESIAN_POINT('',(-5.27170879339747,6.14137776492331,0.412132180910025));
#3109=CARTESIAN_POINT('',(-5.21702129339736,6.18831491173108,-0.543316829983268));
#3110=CARTESIAN_POINT('',(-5.16233379339742,6.83073147554021,-1.25211429251804));
#3111=CARTESIAN_POINT('',(-5.1076462933974,7.77698038097383,-1.39247719813619));
#3112=CARTESIAN_POINT('',(-5.0529587933974,8.59748802623387,-0.900683701309911));
#3113=CARTESIAN_POINT('',(-4.99827129339741,8.91975563860553,-1.59797814420027E-06));
#3114=CARTESIAN_POINT('',(-4.94358379339739,8.59749017369323,0.90068760638745));
#3115=CARTESIAN_POINT('',(-4.88889629339741,7.77697513470034,1.39247085145412));
#3116=CARTESIAN_POINT('',(-4.83420879339737,6.83074213464958,1.25212589194916));
#3117=CARTESIAN_POINT('',(-4.77952129339744,6.18829423849878,0.543294881723349));
#3118=CARTESIAN_POINT('',(-4.72483379339733,6.14141642744053,-0.412090628347549));
#3119=CARTESIAN_POINT('',(-4.67014629339754,6.71116128275924,-1.18056303835235));
#3120=CARTESIAN_POINT('',(-4.6154587933972,7.63916495074999,-1.41284857367307));
#3121=CARTESIAN_POINT('',(-4.56077129339776,8.50394539807521,-1.00407797126629));
#3122=CARTESIAN_POINT('',(-4.50608379339673,8.91279687474595,-0.139080977512602));
#3123=CARTESIAN_POINT('',(-4.45139629339875,8.68058101580597,0.78877242407913));
#3124=CARTESIAN_POINT('',(-4.39670879339472,7.91210486010662,1.35864411532596));
#3125=CARTESIAN_POINT('',(-4.34202129340353,6.95662392797936,1.31168180767095));
#3126=CARTESIAN_POINT('',(-4.28733379338465,6.24797589637702,0.669337941760477));
#3127=CARTESIAN_POINT('',(-4.23264629342353,6.10736665963945,-0.277156496304224));
#3128=CARTESIAN_POINT('',(-4.18707337668457,6.51759468620148,-0.960430837775859));
#3129=CARTESIAN_POINT('',(-4.1506150434612,7.04950244628379,-1.25897303444876));
#3130=CARTESIAN_POINT('',(-4.11415670992314,7.65012874993094,-1.36558843390687));
#3131=CARTESIAN_POINT('',(-4.06858379369033,8.40064299594464,-1.09775671896801));
#3132=CARTESIAN_POINT('',(-4.0138962928242,8.8925394437026,-0.276754650360696));
#3133=CARTESIAN_POINT('',(-3.95920879451621,8.75212268336255,0.669177307138199));
#3134=CARTESIAN_POINT('',(-3.90452129119702,8.04331021324654,1.31172977633578));
#3135=CARTESIAN_POINT('',(-3.84983379765919,7.08787067697496,1.35859942905696));
#3136=CARTESIAN_POINT('',(-3.79514628518203,6.31951202165861,0.788787694263241));
#3137=CARTESIAN_POINT('',(-3.74045880921327,6.0870821237208,-0.139168468759196));
#3138=CARTESIAN_POINT('',(-3.68577126296024,6.49607614690113,-1.00391342716866));
#3139=CARTESIAN_POINT('',(-3.63108385196697,7.36084615705681,-1.41292872828516));
#3140=CARTESIAN_POINT('',(-3.57639618069773,8.28876237382136,-1.18047189157466));
#3141=CARTESIAN_POINT('',(-3.52170901023801,8.85864673440306,-0.412157713920514));
#3142=CARTESIAN_POINT('',(-3.46702087632244,8.8116389619278,0.543362844920119));
#3143=CARTESIAN_POINT('',(-3.41233459431337,8.16935696462708,1.25202881335622));
#3144=CARTESIAN_POINT('',(-3.35764476760659,7.22284762119883,1.39262647914439));
#3145=CARTESIAN_POINT('',(-3.30296155961752,6.40284295399623,0.900559349632753));
#3146=CARTESIAN_POINT('',(-3.26649598179637,6.18719099190053,0.300312423161443));
#3147=CARTESIAN_POINT('',(-3.24307105432297,6.18817411667448,-0.0857715409694131));
#3148=CARTESIAN_POINT('',(-3.23261009006206,6.20488771612321,-0.25793984772843));
#3149=CARTESIAN_POINT('',(-3.21368773447331,6.30536902040368,-0.587124851320467));
#3150=CARTESIAN_POINT('',(-3.18776569303828,6.64430132421754,-1.10008870803652));
#3151=CARTESIAN_POINT('',(-3.18547106967081,7.15623321063152,-1.31265898400865));
#3152=CARTESIAN_POINT('',(-3.18588475359714,7.84327696513368,-1.3129837122178));
#3153=CARTESIAN_POINT('',(-3.1857006519117,8.52858727209478,-1.02772852647685));
#3154=CARTESIAN_POINT('',(-3.1857712933974,8.81192658456249,-0.343455149867854));
#3155=CARTESIAN_POINT('',(-3.1857712933974,8.81190529631521,-2.57059299506698E-15));
#3156=CARTESIAN_POINT('',(-6.9318189559344,8.83944209440867,0.0));
#3157=CARTESIAN_POINT('',(-6.9318189559344,8.83944393348996,0.350665046570133));
#3158=CARTESIAN_POINT('',(-6.93188959742009,8.55019446343366,1.04929993061397));
#3159=CARTESIAN_POINT('',(-6.93170549573466,7.85047617237899,1.34054305192328));
#3160=CARTESIAN_POINT('',(-6.93211917966098,7.14902084600978,1.34021267264108));
#3161=CARTESIAN_POINT('',(-6.92982455629352,6.62633804147634,1.12317719318517));
#3162=CARTESIAN_POINT('',(-6.90390251485849,6.28029418865847,0.599450141110423));
#3163=CARTESIAN_POINT('',(-6.88498015926974,6.17770376317444,0.263352332572538));
#3164=CARTESIAN_POINT('',(-6.87451919500884,6.16063782215588,0.0875728210852128));
#3165=CARTESIAN_POINT('',(-6.85109426753543,6.15963731491843,-0.306617396138171));
#3166=CARTESIAN_POINT('',(-6.81462868971429,6.3798125809208,-0.919460680167677));
#3167=CARTESIAN_POINT('',(-6.75994548172522,7.21703067645419,-1.42185857217839));
#3168=CARTESIAN_POINT('',(-6.70525565501843,8.18340648466326,-1.2783082969227));
#3169=CARTESIAN_POINT('',(-6.65056937300934,8.8391702836595,-0.554768289785146));
#3170=CARTESIAN_POINT('',(-6.59588123909381,8.88716462322792,0.420809082911826));
#3171=CARTESIAN_POINT('',(-6.54119406863403,8.30531836572437,1.2052497071342));
#3172=CARTESIAN_POINT('',(-6.4865063973649,7.35792553508768,1.4425863163885));
#3173=CARTESIAN_POINT('',(-6.43181898637145,6.47500342017491,1.02498495754442));
#3174=CARTESIAN_POINT('',(-6.37713144011873,6.05742592166431,0.142090630184616));
#3175=CARTESIAN_POINT('',(-6.3224439641494,6.29473201477007,-0.805346255143966));
#3176=CARTESIAN_POINT('',(-6.26775645167335,7.07922327164357,-1.38711257660899));
#3177=CARTESIAN_POINT('',(-6.21306895813336,8.0547082207084,-1.33927008979062));
#3178=CARTESIAN_POINT('',(-6.15838145481821,8.77841582699644,-0.683209930017513));
#3179=CARTESIAN_POINT('',(-6.10369395650349,8.92175174481278,0.282542615846216));
#3180=CARTESIAN_POINT('',(-6.04900645564942,8.41957938784245,1.12084021577198));
#3181=CARTESIAN_POINT('',(-6.00343353939359,7.6532223498304,1.39416939511574));
#3182=CARTESIAN_POINT('',(-5.96697520588952,7.04007890254926,1.2855362839589));
#3183=CARTESIAN_POINT('',(-5.93051687263343,6.49694042569262,0.98044021726988));
#3184=CARTESIAN_POINT('',(-5.88494395591304,6.07808594457013,0.283207204782156));
#3185=CARTESIAN_POINT('',(-5.83025645594411,6.22168841776291,-0.683466054345062));
#3186=CARTESIAN_POINT('',(-5.77556895592918,6.94530969554463,-1.33919425017668));
#3187=CARTESIAN_POINT('',(-5.72088145593777,7.92080789973832,-1.3872143764399));
#3188=CARTESIAN_POINT('',(-5.66619395593259,8.705246682916,-0.805287808818587));
#3189=CARTESIAN_POINT('',(-5.61150645593535,8.94258691097586,0.142058460851486));
#3190=CARTESIAN_POINT('',(-5.55681895593391,8.52498738245442,1.02500419740629));
#3191=CARTESIAN_POINT('',(-5.50213145593466,7.64208401762763,1.44257156516455));
#3192=CARTESIAN_POINT('',(-5.44744395593427,6.69466749542235,1.20526650537552));
#3193=CARTESIAN_POINT('',(-5.39275645593447,6.11286037934162,0.420782798802545));
#3194=CARTESIAN_POINT('',(-5.33806895593437,6.16078272760476,-0.554721009531831));
#3195=CARTESIAN_POINT('',(-5.28338145593442,6.81668357500539,-1.27839608917783));
#3196=CARTESIAN_POINT('',(-5.22869395593439,7.78279418029471,-1.4217052016361));
#3197=CARTESIAN_POINT('',(-5.17400645593441,8.62052422626792,-0.919588989153637));
#3198=CARTESIAN_POINT('',(-5.1193189559344,8.94955621463967,-1.63771427624848E-06));
#3199=CARTESIAN_POINT('',(-5.06463145593441,8.62052641847312,0.919592991498778));
#3200=CARTESIAN_POINT('',(-5.00994395593442,7.78278882425683,1.42169869634504));
#3201=CARTESIAN_POINT('',(-4.95525645593439,6.81669445844336,1.27840797945251));
#3202=CARTESIAN_POINT('',(-4.90056895593444,6.16076161607781,0.554698509170609));
#3203=CARTESIAN_POINT('',(-4.84588145593433,6.11289986984407,-0.420740197103372));
#3204=CARTESIAN_POINT('',(-4.79119395593453,6.69460355169755,-1.20534332522079));
#3205=CARTESIAN_POINT('',(-4.73650645593421,7.64208606280397,-1.44250391028527));
#3206=CARTESIAN_POINT('',(-4.68181895593477,8.52501821496228,-1.02515369535474));
#3207=CARTESIAN_POINT('',(-4.62713145593374,8.94245116079384,-0.142000202994833));
#3208=CARTESIAN_POINT('',(-4.57244395593574,8.70536155893215,0.805328779510549));
#3209=CARTESIAN_POINT('',(-4.51775645593172,7.92075478311833,1.38716173639504));
#3210=CARTESIAN_POINT('',(-4.46306895594053,6.94521857292187,1.33921419452006));
#3211=CARTESIAN_POINT('',(-4.40838145592165,6.22169602793393,0.683387310226229));
#3212=CARTESIAN_POINT('',(-4.35369395596052,6.07813517597366,-0.282974341987154));
#3213=CARTESIAN_POINT('',(-4.30812103922157,6.49697456807154,-0.980589384001843));
#3214=CARTESIAN_POINT('',(-4.27166270599821,7.04004595786846,-1.28539961593211));
#3215=CARTESIAN_POINT('',(-4.23520437246014,7.65328067544503,-1.39425148928203));
#3216=CARTESIAN_POINT('',(-4.18963145622734,8.41954691373804,-1.12079843928373));
#3217=CARTESIAN_POINT('',(-4.13494395536123,8.92176882245178,-0.282563942099454));
#3218=CARTESIAN_POINT('',(-4.08025645705322,8.77840490861665,0.683223474632197));
#3219=CARTESIAN_POINT('',(-4.02556895373403,8.05471410821167,1.33926279416229));
#3220=CARTESIAN_POINT('',(-3.97088146019619,7.07922018915578,1.38711639552696));
#3221=CARTESIAN_POINT('',(-3.91619394771903,6.2947336191681,0.805344267523016));
#3222=CARTESIAN_POINT('',(-3.86150647175028,6.05742508759746,-0.142089596899719));
#3223=CARTESIAN_POINT('',(-3.80681892549726,6.47500385367292,-1.0249854945852));
#3224=CARTESIAN_POINT('',(-3.75213151450397,7.3579253097833,-1.44258603726824));
#3225=CARTESIAN_POINT('',(-3.69744384323476,8.30531848284002,-1.20524985222457));
#3226=CARTESIAN_POINT('',(-3.64275667277501,8.88716456231507,-0.420809007448779));
#3227=CARTESIAN_POINT('',(-3.58806853885946,8.83917031540809,0.554768250452542));
#3228=CARTESIAN_POINT('',(-3.53338225685037,8.1834064679853,1.27830831758482));
#3229=CARTESIAN_POINT('',(-3.47869243014359,7.21703068547233,1.42185856100577));
#3230=CARTESIAN_POINT('',(-3.42400922215453,6.37981257541439,0.919460686989852));
#3231=CARTESIAN_POINT('',(-3.38754364433338,6.15963731751173,0.306617392924983));
#3232=CARTESIAN_POINT('',(-3.36411871685997,6.16063782186713,-0.0875728207273119));
#3233=CARTESIAN_POINT('',(-3.35365775259906,6.17770376329179,-0.263352332718005));
#3234=CARTESIAN_POINT('',(-3.33473539701032,6.28029418859991,-0.59945014103783));
#3235=CARTESIAN_POINT('',(-3.30881335557528,6.62633804152807,-1.1231771932493));
#3236=CARTESIAN_POINT('',(-3.30651873220782,7.14902084599013,-1.34021267261673));
#3237=CARTESIAN_POINT('',(-3.30693241613415,7.85047617238734,-1.34054305193364));
#3238=CARTESIAN_POINT('',(-3.30674831444871,8.5501944634284,-1.04929993060745));
#3239=CARTESIAN_POINT('',(-3.30681895593441,8.83944393348997,-0.350665046570152));
#3240=CARTESIAN_POINT('',(-3.30681895593441,8.83944209440867,-2.62454955769731E-15));
#3241=CARTESIAN_POINT('',(-7.02896714829634,8.76210380250578,0.0));
#3242=CARTESIAN_POINT('',(-7.02896714829634,8.76211531509177,0.33041754123469));
#3243=CARTESIAN_POINT('',(-7.02903778978204,8.48954862989453,0.988714477506349));
#3244=CARTESIAN_POINT('',(-7.02885368809661,7.83024298837865,1.26314123796079));
#3245=CARTESIAN_POINT('',(-7.02926737202294,7.16928448543381,1.26282936190646));
#3246=CARTESIAN_POINT('',(-7.02697274865546,6.67678366454919,1.05832698944259));
#3247=CARTESIAN_POINT('',(-7.00105070722045,6.35071881530568,0.564837602631353));
#3248=CARTESIAN_POINT('',(-6.98212835163169,6.25405188975867,0.248147397073593));
#3249=CARTESIAN_POINT('',(-6.97166738737078,6.23797207169419,0.0825159752979211));
#3250=CARTESIAN_POINT('',(-6.94824245989737,6.23702773239415,-0.288912853634906));
#3251=CARTESIAN_POINT('',(-6.91177688207622,6.44449184292362,-0.866372429963697));
#3252=CARTESIAN_POINT('',(-6.85709367408716,7.23336886152267,-1.3397611523154));
#3253=CARTESIAN_POINT('',(-6.8024038473804,8.14394727628521,-1.20450006172746));
#3254=CARTESIAN_POINT('',(-6.7477175653713,8.76184761424365,-0.522736295163977));
#3255=CARTESIAN_POINT('',(-6.69302943145575,8.80707090574884,0.396511845263356));
#3256=CARTESIAN_POINT('',(-6.63834226099598,8.25881992007802,1.13565960314873));
#3257=CARTESIAN_POINT('',(-6.58365458972683,7.36612880751117,1.35929254392575));
#3258=CARTESIAN_POINT('',(-6.52896717873339,6.53418588674433,0.965803164772774));
#3259=CARTESIAN_POINT('',(-6.47427963248067,6.14071896573115,0.13388643843255));
#3260=CARTESIAN_POINT('',(-6.41959215651133,6.36432322521598,-0.75884623431563));
#3261=CARTESIAN_POINT('',(-6.3649046440353,7.10351853776278,-1.30702179600789));
#3262=CARTESIAN_POINT('',(-6.31021715049532,8.02267989505698,-1.26194178270067));
#3263=CARTESIAN_POINT('',(-6.25552964718014,8.70460101088829,-0.643761846738944));
#3264=CARTESIAN_POINT('',(-6.20084214886543,8.83966093048512,0.26622870867257));
#3265=CARTESIAN_POINT('',(-6.14615464801135,8.36648386394794,1.05612390310819));
#3266=CARTESIAN_POINT('',(-6.10058173175555,7.6443750883401,1.3136713977666));
#3267=CARTESIAN_POINT('',(-6.06412339825147,7.06663460045494,1.2113102073354));
#3268=CARTESIAN_POINT('',(-6.0276650649954,6.5548560124273,0.923830643215438));
#3269=CARTESIAN_POINT('',(-5.982092148275,6.16018640731443,0.266854956046323));
#3270=CARTESIAN_POINT('',(-5.92740464830605,6.29549678865606,-0.644003261583885));
#3271=CARTESIAN_POINT('',(-5.87271714829112,6.97733727241197,-1.26187038667658));
#3272=CARTESIAN_POINT('',(-5.8180296482997,7.89651068283436,-1.30711753064153));
#3273=CARTESIAN_POINT('',(-5.76334214829452,8.63565677779768,-0.758791268553758));
#3274=CARTESIAN_POINT('',(-5.7086546482973,8.85929308981812,0.133856184606408));
#3275=CARTESIAN_POINT('',(-5.65396714829585,8.46580546103366,0.965821257557075));
#3276=CARTESIAN_POINT('',(-5.59927964829661,7.63388019465226,1.35927867557741));
#3277=CARTESIAN_POINT('',(-5.5445921482962,6.74116674182849,1.13567539091495));
#3278=CARTESIAN_POINT('',(-5.48990464829642,6.19295268855789,0.396487147330757));
#3279=CARTESIAN_POINT('',(-5.4352171482963,6.23810804249105,-0.522691872635522));
#3280=CARTESIAN_POINT('',(-5.38052964829637,6.85613770804102,-1.20458254006732));
#3281=CARTESIAN_POINT('',(-5.32584214829634,7.76646587494668,-1.33961710172596));
#3282=CARTESIAN_POINT('',(-5.27115464829634,8.55582607067682,-0.866492671675469));
#3283=CARTESIAN_POINT('',(-5.21646714829635,8.86586001998706,-1.5401090538874E-06));
#3284=CARTESIAN_POINT('',(-5.16177964829633,8.55582813646766,0.866496435407753));
#3285=CARTESIAN_POINT('',(-5.10709214829635,7.76646082798778,1.33961098452658));
#3286=CARTESIAN_POINT('',(-5.05240464829633,6.85614796278587,1.20459372052184));
#3287=CARTESIAN_POINT('',(-4.99771714829638,6.23808815207201,0.522670716357945));
#3288=CARTESIAN_POINT('',(-4.94302964829628,6.19298989081936,-0.396447092397651));
#3289=CARTESIAN_POINT('',(-4.88834214829648,6.74110651537528,-1.1357476129753));
#3290=CARTESIAN_POINT('',(-4.83365464829616,7.63388210521621,-1.35921503803015));
#3291=CARTESIAN_POINT('',(-4.7789671482967,8.46583446405021,-0.965962060718918));
#3292=CARTESIAN_POINT('',(-4.72427964829569,8.85916531724764,-0.13380126382325));
#3293=CARTESIAN_POINT('',(-4.66959214829768,8.63576485340659,0.758829715178494));
#3294=CARTESIAN_POINT('',(-4.61490464829367,7.89646080893166,1.3070682602299));
#3295=CARTESIAN_POINT('',(-4.56021714830246,6.9772511648644,1.26188892385405));
#3296=CARTESIAN_POINT('',(-4.50552964828359,6.29550424099596,0.643929078993804));
#3297=CARTESIAN_POINT('',(-4.45084214832247,6.16023259201088,-0.266635462351709));
#3298=CARTESIAN_POINT('',(-4.40526923158352,6.55488819155314,-0.923971361421073));
#3299=CARTESIAN_POINT('',(-4.36881089836014,7.06660361202648,-1.21118128568868));
#3300=CARTESIAN_POINT('',(-4.33235256482209,7.64443001380833,-1.31374881703906));
#3301=CARTESIAN_POINT('',(-4.28677964858927,8.36645327912168,-1.05608450962555));
#3302=CARTESIAN_POINT('',(-4.23209214772315,8.83967701534941,-0.266248817222851));
#3303=CARTESIAN_POINT('',(-4.17740464941516,8.7045907261792,0.643774619208712));
#3304=CARTESIAN_POINT('',(-4.12271714609597,8.0226854414087,1.26193490215361));
#3305=CARTESIAN_POINT('',(-4.06802965255814,7.10351563365493,1.30702539802235));
#3306=CARTESIAN_POINT('',(-4.01334214008097,6.36432473688353,0.758844359402913));
#3307=CARTESIAN_POINT('',(-3.95865466411222,6.14071817981265,-0.133885463645691));
#3308=CARTESIAN_POINT('',(-3.90396711785919,6.53418629524863,-0.965803671459436));
#3309=CARTESIAN_POINT('',(-3.84927970686591,7.3661285951805,-1.35929228055526));
#3310=CARTESIAN_POINT('',(-3.79459203559668,8.25882003045863,-1.13565974006636));
#3311=CARTESIAN_POINT('',(-3.73990486513696,8.80707084833401,-0.396511774043126));
#3312=CARTESIAN_POINT('',(-3.68521673122138,8.76184764417212,0.522736258037866));
#3313=CARTESIAN_POINT('',(-3.63053044921232,8.1439472605609,1.20450008123444));
#3314=CARTESIAN_POINT('',(-3.57584062250553,7.23336887002786,1.33976114176299));
#3315=CARTESIAN_POINT('',(-3.52115741451647,6.44449183772742,0.866372436411944));
#3316=CARTESIAN_POINT('',(-3.48469183669531,6.23702773484485,0.28891285059221));
#3317=CARTESIAN_POINT('',(-3.46126690922191,6.23797207141959,-0.0825159749562313));
#3318=CARTESIAN_POINT('',(-3.450805944961,6.25405188987054,-0.24814739721291));
#3319=CARTESIAN_POINT('',(-3.43188358937226,6.35071881524994,-0.564837602561955));
#3320=CARTESIAN_POINT('',(-3.40596154793723,6.67678366459841,-1.05832698950386));
#3321=CARTESIAN_POINT('',(-3.40366692456977,7.16928448541509,-1.26282936188316));
#3322=CARTESIAN_POINT('',(-3.40408060849609,7.83024298838661,-1.26314123797073));
#3323=CARTESIAN_POINT('',(-3.40389650681064,8.48954862988947,-0.988714477500024));
#3324=CARTESIAN_POINT('',(-3.40396714829634,8.76211531509183,-0.330417541234801));
#3325=CARTESIAN_POINT('',(-3.40396714829634,8.76210380250578,-2.47301021108866E-15));
#3326=CARTESIAN_POINT('',(-7.02886104303561,8.63794523623496,0.0));
#3327=CARTESIAN_POINT('',(-7.02886104303561,8.63794460617438,0.29791339145772));
#3328=CARTESIAN_POINT('',(-7.0289316845213,8.39221201366843,0.891450091139315));
#3329=CARTESIAN_POINT('',(-7.02874758283586,7.79775216445759,1.13888056255682));
#3330=CARTESIAN_POINT('',(-7.02916126676218,7.20182020224799,1.13860001173075));
#3331=CARTESIAN_POINT('',(-7.02686664339472,6.75776575417832,0.954213550996229));
#3332=CARTESIAN_POINT('',(-7.00094460195969,6.46377875062556,0.509272979154636));
#3333=CARTESIAN_POINT('',(-6.98202224637095,6.37662135111083,0.223735157668473));
#3334=CARTESIAN_POINT('',(-6.97156128211004,6.36212252998283,0.0743990456364228));
#3335=CARTESIAN_POINT('',(-6.94813635463663,6.36127289129223,-0.260492049882571));
#3336=CARTESIAN_POINT('',(-6.91167077681549,6.54832608331985,-0.781142915892668));
#3337=CARTESIAN_POINT('',(-6.85698756882641,7.25959877229452,-1.20796362609783));
#3338=CARTESIAN_POINT('',(-6.80229774211964,8.08059928068648,-1.086007951046));
#3339=CARTESIAN_POINT('',(-6.74761146011054,8.63771433096853,-0.47131262585292));
#3340=CARTESIAN_POINT('',(-6.69292332619501,8.67848869404962,0.357505347047666));
#3341=CARTESIAN_POINT('',(-6.63823615573523,8.18417157274756,1.02393986248544));
#3342=CARTESIAN_POINT('',(-6.5835484844661,7.37929828105823,1.22557312383423));
#3343=CARTESIAN_POINT('',(-6.52886107347265,6.62919716309495,0.870792962390291));
#3344=CARTESIAN_POINT('',(-6.47417352721994,6.27443727808939,0.120715449269031));
#3345=CARTESIAN_POINT('',(-6.4194860512506,6.47604459759978,-0.684195258790546));
#3346=CARTESIAN_POINT('',(-6.36479853877455,7.14252216348304,-1.17844449228275));
#3347=CARTESIAN_POINT('',(-6.31011104523457,7.97126154819419,-1.13779909488708));
#3348=CARTESIAN_POINT('',(-6.25542354191941,8.58609938844848,-0.580432344603008));
#3349=CARTESIAN_POINT('',(-6.20073604360469,8.70787277107654,0.240038791781274));
#3350=CARTESIAN_POINT('',(-6.14604854275062,8.28124386003613,0.952228367164114));
#3351=CARTESIAN_POINT('',(-6.1004756264948,7.6301726609642,1.18443967603313));
#3352=CARTESIAN_POINT('',(-6.06401729299072,7.10926635573272,1.09214872010408));
#3353=CARTESIAN_POINT('',(-6.02755895973464,6.64783416698064,0.832949185626408));
#3354=CARTESIAN_POINT('',(-5.98198604301425,6.29198927320768,0.240603397321125));
#3355=CARTESIAN_POINT('',(-5.92729854304531,6.41398926996533,-0.580649921577065));
#3356=CARTESIAN_POINT('',(-5.87261104303038,7.02875360880849,-1.13773464958706));
#3357=CARTESIAN_POINT('',(-5.81792354303896,7.8575043525278,-1.17853102002004));
#3358=CARTESIAN_POINT('',(-5.76323604303379,8.52393728777392,-0.684145580999897));
#3359=CARTESIAN_POINT('',(-5.70854854303655,8.72557363219601,0.120688106258878));
#3360=CARTESIAN_POINT('',(-5.65386104303511,8.3707950199653,0.870809316045814));
#3361=CARTESIAN_POINT('',(-5.59917354303587,7.62070983438213,1.2255605847035));
#3362=CARTESIAN_POINT('',(-5.54448604303547,6.81581641885393,1.02395414280251));
#3363=CARTESIAN_POINT('',(-5.48979854303568,6.32153253936944,0.357483001578029));
#3364=CARTESIAN_POINT('',(-5.43511104303557,6.36224576413178,-0.471272429478405));
#3365=CARTESIAN_POINT('',(-5.38042354303562,6.91947720305773,-1.08608259130674));
#3366=CARTESIAN_POINT('',(-5.32573604303559,7.74025248406802,-1.20783322348437));
#3367=CARTESIAN_POINT('',(-5.27104854303561,8.45195993274931,-0.781252070617431));
#3368=CARTESIAN_POINT('',(-5.2163610430356,8.73149451329132,-1.39202994899871E-06));
#3369=CARTESIAN_POINT('',(-5.1616735430356,8.45196179513731,0.781255472562143));
#3370=CARTESIAN_POINT('',(-5.10698604303561,7.7402479337963,1.20782769400832));
#3371=CARTESIAN_POINT('',(-5.05229854303558,6.91948644932842,1.086092698107));
#3372=CARTESIAN_POINT('',(-4.99761104303564,6.36222782800306,0.471253303850525));
#3373=CARTESIAN_POINT('',(-4.94292354303553,6.32156609099449,-0.35744678909872));
#3374=CARTESIAN_POINT('',(-4.88823604303574,6.81576208875002,-1.02401944275439));
#3375=CARTESIAN_POINT('',(-4.8335485430354,7.6207115756004,-1.22550308249566));
#3376=CARTESIAN_POINT('',(-4.77886104303596,8.37082122527414,-0.870936338607018));
#3377=CARTESIAN_POINT('',(-4.72417354303494,8.72545827210275,-0.120638618313982));
#3378=CARTESIAN_POINT('',(-4.66948604303694,8.52403492016265,0.684180423853592));
#3379=CARTESIAN_POINT('',(-4.61479854303292,7.85745918700903,1.17848622476166));
#3380=CARTESIAN_POINT('',(-4.56011104304172,7.02867624928447,1.13775165093594));
#3381=CARTESIAN_POINT('',(-4.50542354302286,6.413995672187,0.580583019863399));
#3382=CARTESIAN_POINT('',(-4.45073604306172,6.29203114432516,-0.240405581957953));
#3383=CARTESIAN_POINT('',(-4.40516312632277,6.64786317138874,-0.833075875876129));
#3384=CARTESIAN_POINT('',(-4.36870479309941,7.10923835491494,-1.09203264396068));
#3385=CARTESIAN_POINT('',(-4.33224645956134,7.63022221973706,-1.18450940588584));
#3386=CARTESIAN_POINT('',(-4.28667354332853,8.28121626792773,-0.95219288178759));
#3387=CARTESIAN_POINT('',(-4.23198604246242,8.7078872811757,-0.24005690679142));
#3388=CARTESIAN_POINT('',(-4.17729854415441,8.58609011182881,0.580443849433242));
#3389=CARTESIAN_POINT('',(-4.12261104083522,7.9712665502919,1.13779289814661));
#3390=CARTESIAN_POINT('',(-4.06792354729739,7.14251954461485,1.17844773590127));
#3391=CARTESIAN_POINT('',(-4.01323603482023,6.47604596066375,0.684193570635008));
#3392=CARTESIAN_POINT('',(-3.95854855885147,6.27443656949632,-0.120714571685444));
#3393=CARTESIAN_POINT('',(-3.90386101259845,6.62919753137228,-0.870793418495529));
#3394=CARTESIAN_POINT('',(-3.84917360160517,7.37929808965503,-1.22557288678512));
#3395=CARTESIAN_POINT('',(-3.79448593033595,8.18417167223904,-1.0239399857035));
#3396=CARTESIAN_POINT('',(-3.73979875987622,8.67848864230437,-0.357505282962421));
#3397=CARTESIAN_POINT('',(-3.68511062596065,8.63771435793817,0.471312592451722));
#3398=CARTESIAN_POINT('',(-3.63042434395156,8.08059926651953,1.08600796859136));
#3399=CARTESIAN_POINT('',(-3.57573451724479,7.25959877995428,1.20796361661153));
#3400=CARTESIAN_POINT('',(-3.52105130925572,6.54832607864353,0.781142921684083));
#3401=CARTESIAN_POINT('',(-3.48458573143457,6.36127289349379,0.260492047156125));
#3402=CARTESIAN_POINT('',(-3.46116080396116,6.36212252973809,-0.0743990453333605));
#3403=CARTESIAN_POINT('',(-3.45069983970026,6.37662135121023,-0.223735157791553));
#3404=CARTESIAN_POINT('',(-3.43177748411151,6.46377875057594,-0.509272979093186));
#3405=CARTESIAN_POINT('',(-3.40585544267647,6.75776575422216,-0.954213551050523));
#3406=CARTESIAN_POINT('',(-3.40356081930902,7.20182020223134,-1.13860001171014));
#3407=CARTESIAN_POINT('',(-3.40397450323535,7.79775216446467,-1.13888056256558));
#3408=CARTESIAN_POINT('',(-3.40379040154991,8.39221201366398,-0.891450091133819));
#3409=CARTESIAN_POINT('',(-3.40386104303561,8.63794460617436,-0.297913391457716));
#3410=CARTESIAN_POINT('',(-3.40386104303561,8.63794523623496,-2.22972958585617E-15));
#3411=CARTESIAN_POINT('',(-6.93184959983358,8.56044794538174,0.0));
#3412=CARTESIAN_POINT('',(-6.93184959983358,8.56042131890499,0.277625690489724));
#3413=CARTESIAN_POINT('',(-6.93192024131927,8.33147238542944,0.830739105325989));
#3414=CARTESIAN_POINT('',(-6.93173613963385,7.77746634837486,1.06131944998286));
#3415=CARTESIAN_POINT('',(-6.93214982356016,7.22213137732506,1.06105953006694));
#3416=CARTESIAN_POINT('',(-6.9298552001927,6.80831108971408,0.889225900448804));
#3417=CARTESIAN_POINT('',(-6.90393315875769,6.53434885632552,0.474592117499781));
#3418=CARTESIAN_POINT('',(-6.88501080316891,6.45312708879084,0.208495995690046));
#3419=CARTESIAN_POINT('',(-6.87454983890802,6.43961368288879,0.0693334919742531));
#3420=CARTESIAN_POINT('',(-6.85112491143461,6.43882616856265,-0.242753680252383));
#3421=CARTESIAN_POINT('',(-6.81465933361346,6.61313629012138,-0.727943120620751));
#3422=CARTESIAN_POINT('',(-6.7599761256244,7.27597139505872,-1.12569913054132));
#3423=CARTESIAN_POINT('',(-6.70528629891763,8.0410584976784,-1.01204709407146));
#3424=CARTESIAN_POINT('',(-6.65060001690853,8.56023295617467,-0.439215240258063));
#3425=CARTESIAN_POINT('',(-6.59591188299299,8.5982301878246,0.333158394539676));
#3426=CARTESIAN_POINT('',(-6.54122471253321,8.13757760932233,0.954206582615003));
#3427=CARTESIAN_POINT('',(-6.48653704126407,7.38751838592359,1.14210817238655));
#3428=CARTESIAN_POINT('',(-6.43184963027063,6.68850129602852,0.811489494652167));
#3429=CARTESIAN_POINT('',(-6.37716208401791,6.35790157912984,0.112494371943954));
#3430=CARTESIAN_POINT('',(-6.32247460804858,6.54577879972896,-0.637599588741105));
#3431=CARTESIAN_POINT('',(-6.26778709557252,7.16686751776778,-1.0981891780483));
#3432=CARTESIAN_POINT('',(-6.21309960203256,7.93916710693568,-1.06031161447257));
#3433=CARTESIAN_POINT('',(-6.15841209871738,8.51213329538289,-0.540903526316286));
#3434=CARTESIAN_POINT('',(-6.10372460040267,8.62561329835838,0.223691810086784));
#3435=CARTESIAN_POINT('',(-6.04903709954859,8.22803830742295,0.887378693231349));
#3436=CARTESIAN_POINT('',(-6.00346418329278,7.62130840831609,1.10377543862875));
#3437=CARTESIAN_POINT('',(-5.96700584978871,7.1358758113147,1.01777099963092));
#3438=CARTESIAN_POINT('',(-5.93054751653263,6.7058697463391,0.776222342320113));
#3439=CARTESIAN_POINT('',(-5.88497459981223,6.37425740427012,0.224217881159373));
#3440=CARTESIAN_POINT('',(-5.83028709984329,6.48795045995939,-0.541106075532977));
#3441=CARTESIAN_POINT('',(-5.77559959982836,7.06084625716773,-1.06025138588337));
#3442=CARTESIAN_POINT('',(-5.72091209983695,7.83315759441149,-1.09827031186025));
#3443=CARTESIAN_POINT('',(-5.66622459983176,8.45420411867735,-0.637553012125705));
#3444=CARTESIAN_POINT('',(-5.61153709983454,8.64210868437289,0.112468736437547));
#3445=CARTESIAN_POINT('',(-5.55684959983309,8.31149138184484,0.811504830919792));
#3446=CARTESIAN_POINT('',(-5.50216209983384,7.61248917413214,1.14209640426107));
#3447=CARTESIAN_POINT('',(-5.44747459983344,6.86241124163755,0.954219998392476));
#3448=CARTESIAN_POINT('',(-5.39278709983365,6.40178950537578,0.333137388329268));
#3449=CARTESIAN_POINT('',(-5.33809959983355,6.4397300366086,-0.439177441086743));
#3450=CARTESIAN_POINT('',(-5.2834120998336,6.95901244546966,-1.01211730308728));
#3451=CARTESIAN_POINT('',(-5.22872459983358,7.72389061130465,-1.12557637203939));
#3452=CARTESIAN_POINT('',(-5.17403709983359,8.38712877400978,-0.728046595763664));
#3453=CARTESIAN_POINT('',(-5.11934959983358,8.64762626108416,-1.30533619949969E-06));
#3454=CARTESIAN_POINT('',(-5.06466209983358,8.38713050913301,0.728049786050917));
#3455=CARTESIAN_POINT('',(-5.00997459983359,7.72388637138326,1.12557118590321));
#3456=CARTESIAN_POINT('',(-4.95528709983357,6.95902106282136,1.0121267835854));
#3457=CARTESIAN_POINT('',(-4.90059959983362,6.4397133162683,0.439159498334874));
#3458=CARTESIAN_POINT('',(-4.84591209983352,6.40182079358486,-0.33310341043333));
#3459=CARTESIAN_POINT('',(-4.79122459983371,6.86236054443516,-0.954281283291126));
#3460=CARTESIAN_POINT('',(-4.7365370998334,7.61249084076936,-1.14204252258305));
#3461=CARTESIAN_POINT('',(-4.68184959983394,8.31151593362412,-0.811623370354778));
#3462=CARTESIAN_POINT('',(-4.62716209983293,8.64200080917833,-0.112422689819756));
#3463=CARTESIAN_POINT('',(-4.57247459983492,8.45429554816796,0.637585903977962));
#3464=CARTESIAN_POINT('',(-4.51778709983091,7.83311503668996,1.09822768799132));
#3465=CARTESIAN_POINT('',(-4.46309959983971,7.0607748217643,1.06026790993952));
#3466=CARTESIAN_POINT('',(-4.40841209982082,6.48795567645522,0.541043690322277));
#3467=CARTESIAN_POINT('',(-4.35372459985971,6.37429696735039,-0.224033740490603));
#3468=CARTESIAN_POINT('',(-4.30815168312075,6.70589675389811,-0.776339967304269));
#3469=CARTESIAN_POINT('',(-4.27169334989739,7.1358495735098,-1.01766321393192));
#3470=CARTESIAN_POINT('',(-4.23523501635933,7.62135467845882,-1.10384024619671));
#3471=CARTESIAN_POINT('',(-4.18966210012651,8.22801255647353,-0.887345702083145));
#3472=CARTESIAN_POINT('',(-4.1349745992604,8.62562683818682,-0.223708655049192));
#3473=CARTESIAN_POINT('',(-4.0802871009524,8.5121246418675,0.540914221248567));
#3474=CARTESIAN_POINT('',(-4.02559959763321,7.93917177160325,1.0603058561555));
#3475=CARTESIAN_POINT('',(-3.97091210409537,7.16686507618795,1.09819219118803));
#3476=CARTESIAN_POINT('',(-3.91622459161822,6.54578007021426,0.637598021026363));
#3477=CARTESIAN_POINT('',(-3.86153711564946,6.3579009188206,-0.112493557222853));
#3478=CARTESIAN_POINT('',(-3.80684956939643,6.68850163912898,-0.811489917953534));
#3479=CARTESIAN_POINT('',(-3.75216215840315,7.38751820764917,-1.14210795245673));
#3480=CARTESIAN_POINT('',(-3.69747448713394,8.13757770196599,-0.954206696896659));
#3481=CARTESIAN_POINT('',(-3.64278731667419,8.59823013965396,-0.333158335123305));
#3482=CARTESIAN_POINT('',(-3.58809918275863,8.56023298127306,0.439215209303423));
#3483=CARTESIAN_POINT('',(-3.53341290074956,8.04105848450094,1.01204711032112));
#3484=CARTESIAN_POINT('',(-3.47872307404277,7.27597140217615,1.12569912176735));
#3485=CARTESIAN_POINT('',(-3.42403986605371,6.61313628578402,0.727943125964569));
#3486=CARTESIAN_POINT('',(-3.38757428823256,6.43882617059533,0.242753677751646));
#3487=CARTESIAN_POINT('',(-3.36414936075915,6.43961368266742,-0.0693334917036888));
#3488=CARTESIAN_POINT('',(-3.35368839649825,6.45312708888002,-0.208495995798755));
#3489=CARTESIAN_POINT('',(-3.3347660409095,6.5343488562808,-0.474592117445174));
#3490=CARTESIAN_POINT('',(-3.30884399947447,6.80831108975364,-0.889225900497143));
#3491=CARTESIAN_POINT('',(-3.30654937610701,7.22213137731009,-1.06105953004868));
#3492=CARTESIAN_POINT('',(-3.30696306003333,7.77746634838113,-1.06131944999052));
#3493=CARTESIAN_POINT('',(-3.30677895834789,8.33147238542559,-0.830739105321355));
#3494=CARTESIAN_POINT('',(-3.30684959983359,8.56042131890485,-0.277625690489471));
#3495=CARTESIAN_POINT('',(-3.30684959983359,8.56044794538174,-2.07787869115864E-15));
#3496=CARTESIAN_POINT('',(-6.81081341071225,8.58816764406523,0.0));
#3497=CARTESIAN_POINT('',(-6.81081341071225,8.58817100378926,0.284881488330057));
#3498=CARTESIAN_POINT('',(-6.81088405219796,8.35318019886984,0.852455142703983));
#3499=CARTESIAN_POINT('',(-6.8106999505125,7.78472869788974,1.0890620748044));
#3500=CARTESIAN_POINT('',(-6.81111363443885,7.21486294769793,1.0887935642364));
#3501=CARTESIAN_POINT('',(-6.80881901107137,6.79023404659088,0.912473464803363));
#3502=CARTESIAN_POINT('',(-6.78289696963634,6.50910651285248,0.486995333290807));
#3503=CARTESIAN_POINT('',(-6.7639746140476,6.42576167932316,0.213948550834206));
#3504=CARTESIAN_POINT('',(-6.75351364978669,6.41189738955338,0.0711443910723661));
#3505=CARTESIAN_POINT('',(-6.73008872231327,6.41108426849394,-0.249096956807843));
#3506=CARTESIAN_POINT('',(-6.69362314449215,6.58995576010229,-0.746973336491574));
#3507=CARTESIAN_POINT('',(-6.63893993650306,7.27011464488083,-1.15512300202046));
#3508=CARTESIAN_POINT('',(-6.5842501097963,8.0552019449206,-1.03850236997193));
#3509=CARTESIAN_POINT('',(-6.52956382778719,8.58794681035372,-0.450695758317175));
#3510=CARTESIAN_POINT('',(-6.47487569387166,8.62693760711129,0.341866821739436));
#3511=CARTESIAN_POINT('',(-6.42018852341189,8.1542435742155,0.979149264640578));
#3512=CARTESIAN_POINT('',(-6.36550085214274,7.38457818809053,1.17196238295986));
#3513=CARTESIAN_POINT('',(-6.3108134411493,6.66728903947145,0.832701519067444));
#3514=CARTESIAN_POINT('',(-6.25612589489658,6.32804755512385,0.115434947314285));
#3515=CARTESIAN_POINT('',(-6.20143841892725,6.52083589591567,-0.654266238383405));
#3516=CARTESIAN_POINT('',(-6.1467509064512,7.15815944349338,-1.12689531122805));
#3517=CARTESIAN_POINT('',(-6.09206341291123,7.95064699625386,-1.08802791707429));
#3518=CARTESIAN_POINT('',(-6.03737590959605,8.53858965678974,-0.555042220514548));
#3519=CARTESIAN_POINT('',(-5.98268841128135,8.65503629852267,0.229538627577913));
#3520=CARTESIAN_POINT('',(-5.92800091042726,8.24706969499239,0.910574696649155));
#3521=CARTESIAN_POINT('',(-5.88242799417144,7.62447833337439,1.13262834176575));
#3522=CARTESIAN_POINT('',(-5.84596966066736,7.12635846634176,1.04437431698391));
#3523=CARTESIAN_POINT('',(-5.8095113274113,6.68511069412701,0.796513255690605));
#3524=CARTESIAN_POINT('',(-5.7639384106909,6.34483189253183,0.230078548017396));
#3525=CARTESIAN_POINT('',(-5.70925091072196,6.4614949507265,-0.555250311909306));
#3526=CARTESIAN_POINT('',(-5.65456341070704,7.04936761347507,-1.08796631703267));
#3527=CARTESIAN_POINT('',(-5.59987591071561,7.84186585144999,-1.1269779780402));
#3528=CARTESIAN_POINT('',(-5.54518841071044,8.47914681238106,-0.654218776581625));
#3529=CARTESIAN_POINT('',(-5.49050091071321,8.67196286326464,0.1154088239097));
#3530=CARTESIAN_POINT('',(-5.43581341071176,8.33270349124092,0.83271714269875));
#3531=CARTESIAN_POINT('',(-5.38112591071251,7.61542957276378,1.1719504049545));
#3532=CARTESIAN_POINT('',(-5.32643841071212,6.84574493635145,0.979162903855893));
#3533=CARTESIAN_POINT('',(-5.27175091071232,6.37308271181399,0.341845481510986));
#3534=CARTESIAN_POINT('',(-5.21706341071221,6.41201500292615,-0.450657372047304));
#3535=CARTESIAN_POINT('',(-5.16237591071227,6.94487124365803,-1.03857364600852));
#3536=CARTESIAN_POINT('',(-5.10768841071224,7.72974302367185,-1.15499849183685));
#3537=CARTESIAN_POINT('',(-5.05300091071224,8.41031796885425,-0.747077449498744));
#3538=CARTESIAN_POINT('',(-4.99831341071226,8.67762475640502,-1.32990417750731E-06));
#3539=CARTESIAN_POINT('',(-4.94362591071224,8.41031974984061,0.747080699583829));
#3540=CARTESIAN_POINT('',(-4.88893841071226,7.72973867237388,1.15499320929573));
#3541=CARTESIAN_POINT('',(-4.83425091071222,6.94488008534698,1.03858330126894));
#3542=CARTESIAN_POINT('',(-4.77956341071229,6.41199785225392,0.450639101243169));
#3543=CARTESIAN_POINT('',(-4.72487591071217,6.37311479249863,-0.341810888327882));
#3544=CARTESIAN_POINT('',(-4.67018841071239,6.845692993046,-0.979225281622627));
#3545=CARTESIAN_POINT('',(-4.61550091071205,7.61543123111995,-1.17189546305791));
#3546=CARTESIAN_POINT('',(-4.56081341071261,8.33272853028796,-0.832838583378719));
#3547=CARTESIAN_POINT('',(-4.50612591071158,8.67185260593492,-0.115361489923304));
#3548=CARTESIAN_POINT('',(-4.45143841071359,8.47924010611068,0.654252031093565));
#3549=CARTESIAN_POINT('',(-4.39675091070956,7.84182273285241,1.1269352760748));
#3550=CARTESIAN_POINT('',(-4.34206341071837,7.04929353814349,1.0879824711306));
#3551=CARTESIAN_POINT('',(-4.2873759106995,6.46150118697238,0.555186342743792));
#3552=CARTESIAN_POINT('',(-4.23268841073836,6.34487184936303,-0.229889354895364));
#3553=CARTESIAN_POINT('',(-4.18711549399942,6.68513843306541,-0.796634470619288));
#3554=CARTESIAN_POINT('',(-4.15065716077605,7.12633171227452,-1.04426325977245));
#3555=CARTESIAN_POINT('',(-4.11419882723798,7.62452571112167,-1.13269504779565));
#3556=CARTESIAN_POINT('',(-4.06862591100518,8.24704331562991,-0.910540751719746));
#3557=CARTESIAN_POINT('',(-4.01393841013906,8.65505017117583,-0.22955595570925));
#3558=CARTESIAN_POINT('',(-3.95925091183105,8.53858078727863,0.555053226099451));
#3559=CARTESIAN_POINT('',(-3.90456340851186,7.95065177905181,1.08802198890364));
#3560=CARTESIAN_POINT('',(-3.84987591497404,7.15815693934528,1.12689841441727));
#3561=CARTESIAN_POINT('',(-3.79518840249688,6.52083719931656,0.654264623240796));
#3562=CARTESIAN_POINT('',(-3.74050092652811,6.328046877523,-0.115434107648004));
#3563=CARTESIAN_POINT('',(-3.68581338027509,6.66728939165371,-0.83270195548613));
#3564=CARTESIAN_POINT('',(-3.63112596928181,7.38457800504569,-1.17196215613165));
#3565=CARTESIAN_POINT('',(-3.57643829801258,8.15424366936585,-0.979149382551569));
#3566=CARTESIAN_POINT('',(-3.52175112755286,8.62693755762184,-0.341866760411165));
#3567=CARTESIAN_POINT('',(-3.46706299363729,8.58794683614889,0.450695726350911));
#3568=CARTESIAN_POINT('',(-3.41237671162821,8.05520193136959,1.03850238676513));
#3569=CARTESIAN_POINT('',(-3.35768688492143,7.27011465220867,1.15512299293903));
#3570=CARTESIAN_POINT('',(-3.30300367693237,6.5899557556274,0.746973342037745));
#3571=CARTESIAN_POINT('',(-3.26653809911122,6.41108427060208,0.24909695419457));
#3572=CARTESIAN_POINT('',(-3.24311317163781,6.41189738931833,-0.0711443907807563));
#3573=CARTESIAN_POINT('',(-3.2326522073769,6.42576167941875,-0.213948550952813));
#3574=CARTESIAN_POINT('',(-3.21372985178815,6.50910651280482,-0.486995333231641));
#3575=CARTESIAN_POINT('',(-3.18780781035312,6.79023404663298,-0.912473464855626));
#3576=CARTESIAN_POINT('',(-3.18551318698566,7.21486294768193,-1.08879356421655));
#3577=CARTESIAN_POINT('',(-3.18592687091199,7.78472869789654,-1.08906207481285));
#3578=CARTESIAN_POINT('',(-3.18574276922654,8.35318019886556,-0.852455142698654));
#3579=CARTESIAN_POINT('',(-3.18581341071224,8.58817100378926,-0.28488148833009));
#3580=CARTESIAN_POINT('',(-3.18581341071224,8.58816764406523,-2.13219363558429E-15));
#3581=CARTESIAN_POINT('',(-6.77489466570785,8.66272061297191,0.0));
#3582=CARTESIAN_POINT('',(-6.77489466570785,8.66271401643267,0.304399809147562));
#3583=CARTESIAN_POINT('',(-6.77496530719353,8.41164243113982,0.910858605673158));
#3584=CARTESIAN_POINT('',(-6.77478120550811,7.80423299270202,1.16367627504673));
#3585=CARTESIAN_POINT('',(-6.77519488943442,7.19532920307397,1.16338996459464));
#3586=CARTESIAN_POINT('',(-6.77290026606697,6.74160514176197,0.974988028633881));
#3587=CARTESIAN_POINT('',(-6.74697822463193,6.44121822721048,0.52036135833135));
#3588=CARTESIAN_POINT('',(-6.72805586904319,6.35216322658681,0.228605831179558));
#3589=CARTESIAN_POINT('',(-6.71759490478229,6.33734828051439,0.0760191454365808));
#3590=CARTESIAN_POINT('',(-6.69416997730887,6.33648111768737,-0.266163919255188));
#3591=CARTESIAN_POINT('',(-6.65770439948772,6.52760587281092,-0.798149581594835));
#3592=CARTESIAN_POINT('',(-6.60302119149865,7.25436489125454,-1.23426373004875));
#3593=CARTESIAN_POINT('',(-6.54833136479189,8.09324002988809,-1.10965240088558));
#3594=CARTESIAN_POINT('',(-6.49364508278279,8.66248472403767,-0.481574135300085));
#3595=CARTESIAN_POINT('',(-6.43895694886725,8.7041467632878,0.36528900347203));
#3596=CARTESIAN_POINT('',(-6.38426977840747,8.19906738909013,1.04623309317544));
#3597=CARTESIAN_POINT('',(-6.32958210713835,7.37667035429392,1.25225634812212));
#3598=CARTESIAN_POINT('',(-6.27489469614489,6.61023801739782,0.889751891433313));
#3599=CARTESIAN_POINT('',(-6.22020714989218,6.24775429353007,0.123343666423797));
#3600=CARTESIAN_POINT('',(-6.16551967392283,6.45375099747156,-0.699091569443045));
#3601=CARTESIAN_POINT('',(-6.1108321614468,7.13473916895908,-1.20410164070237));
#3602=CARTESIAN_POINT('',(-6.05614466790681,7.98152182345616,-1.1625712573224));
#3603=CARTESIAN_POINT('',(-6.00145716459166,8.60974605562748,-0.593069595494425));
#3604=CARTESIAN_POINT('',(-5.94676966627694,8.73417063068358,0.245265000896888));
#3605=CARTESIAN_POINT('',(-5.89208216542286,8.29825297890563,0.972960258842924));
#3606=CARTESIAN_POINT('',(-5.84650924916705,7.63300698370787,1.21022720678732));
#3607=CARTESIAN_POINT('',(-5.81005091566296,7.10075915172658,1.11592717333638));
#3608=CARTESIAN_POINT('',(-5.77359258240689,6.6292809419271,0.851084031671922));
#3609=CARTESIAN_POINT('',(-5.72801966568649,6.26568824158045,0.24584188001752));
#3610=CARTESIAN_POINT('',(-5.67333216571756,6.39034479248656,-0.593291861519074));
#3611=CARTESIAN_POINT('',(-5.61864466570262,7.01849348965226,-1.16250536955218));
#3612=CARTESIAN_POINT('',(-5.56395716571122,7.86528801625519,-1.20419016636639));
#3613=CARTESIAN_POINT('',(-5.50926966570603,8.54623044764577,-0.699040745593811));
#3614=CARTESIAN_POINT('',(-5.4545821657088,8.7522568762951,0.123315692750798));
#3615=CARTESIAN_POINT('',(-5.39989466570735,8.38975398688922,0.889768623165587));
#3616=CARTESIAN_POINT('',(-5.34520716570811,7.62333793721868,1.2522435170273));
#3617=CARTESIAN_POINT('',(-5.29051966570772,6.80092035056326,1.0462477090913));
#3618=CARTESIAN_POINT('',(-5.23583216570793,6.2958749108996,0.365266129768509));
#3619=CARTESIAN_POINT('',(-5.18114466570782,6.33747454341171,-0.481532985977854));
#3620=CARTESIAN_POINT('',(-5.12645716570787,6.9068380432023,-1.10972881526044));
#3621=CARTESIAN_POINT('',(-5.07176966570784,7.74548326842481,-1.23413020559366));
#3622=CARTESIAN_POINT('',(-5.01708216570787,8.47268603357157,-0.798261513852818));
#3623=CARTESIAN_POINT('',(-4.96239466570785,8.75830664969701,-1.4241906775223E-06));
#3624=CARTESIAN_POINT('',(-4.90770716570785,8.47268793640902,0.798264994442526));
#3625=CARTESIAN_POINT('',(-4.85301966570786,7.74547861919049,1.23412454813239));
#3626=CARTESIAN_POINT('',(-4.79833216570784,6.90684749096097,1.10973915627975));
#3627=CARTESIAN_POINT('',(-4.74364466570789,6.33745621547112,0.481513416597273));
#3628=CARTESIAN_POINT('',(-4.68895716570779,6.29590919793684,-0.365229075927293));
#3629=CARTESIAN_POINT('',(-4.63426966570799,6.80086482223587,-1.046314529527));
#3630=CARTESIAN_POINT('',(-4.57958216570766,7.62333972640569,-1.25218469531887));
#3631=CARTESIAN_POINT('',(-4.52489466570822,8.38978079271712,-0.88989844955035));
#3632=CARTESIAN_POINT('',(-4.47020716570719,8.7521389196626,-0.123265143597256));
#3633=CARTESIAN_POINT('',(-4.4155196657092,8.54633030768112,0.699076443495214));
#3634=CARTESIAN_POINT('',(-4.36083216570518,7.86524176038016,1.20414419481186));
#3635=CARTESIAN_POINT('',(-4.30614466571398,7.0184145957559,1.1625228966325));
#3636=CARTESIAN_POINT('',(-4.25145716569511,6.39035116270747,0.593223494145262));
#3637=CARTESIAN_POINT('',(-4.19676966573397,6.26573114856579,-0.245639804198703));
#3638=CARTESIAN_POINT('',(-4.15119674899503,6.6293105728897,-0.851213380255546));
#3639=CARTESIAN_POINT('',(-4.11473841577166,7.10073050837264,-1.11580865806892));
#3640=CARTESIAN_POINT('',(-4.0782800822336,7.63305764124168,-1.21029841514073));
#3641=CARTESIAN_POINT('',(-4.03270716600078,8.29822477738733,-0.972924018611624));
#3642=CARTESIAN_POINT('',(-3.97801966513468,8.73418546079097,-0.245283501994447));
#3643=CARTESIAN_POINT('',(-3.92333216682668,8.60973657505728,0.593081344776039));
#3644=CARTESIAN_POINT('',(-3.86864466350748,7.98152693519737,1.16256492941725));
#3645=CARTESIAN_POINT('',(-3.81395716996964,7.13473649282958,1.20410495275118));
#3646=CARTESIAN_POINT('',(-3.75926965749248,6.45375239026933,0.699089845784014));
#3647=CARTESIAN_POINT('',(-3.70458218152373,6.24775356951558,-0.123342770441328));
#3648=CARTESIAN_POINT('',(-3.64989463527071,6.61023839367132,-0.889752357070698));
#3649=CARTESIAN_POINT('',(-3.59520722427742,7.37667015874491,-1.252256106135));
#3650=CARTESIAN_POINT('',(-3.54051955300821,8.19906749073124,-1.04623321895163));
#3651=CARTESIAN_POINT('',(-3.48583238254847,8.70414671042751,-0.365288938061128));
#3652=CARTESIAN_POINT('',(-3.43114424863291,8.66248475158662,0.48157410121096));
#3653=CARTESIAN_POINT('',(-3.37645796662383,8.09324001541832,1.10965241878989));
#3654=CARTESIAN_POINT('',(-3.32176813991705,7.25436489907633,1.23426372037107));
#3655=CARTESIAN_POINT('',(-3.26708493192799,6.52760586803746,0.798149587500184));
#3656=CARTESIAN_POINT('',(-3.23061935410684,6.33648111993254,0.266163916478532));
#3657=CARTESIAN_POINT('',(-3.20719442663342,6.33734828026585,-0.0760191451296313));
#3658=CARTESIAN_POINT('',(-3.19673346237252,6.35216322668759,-0.228605831303949));
#3659=CARTESIAN_POINT('',(-3.17781110678377,6.44121822716013,-0.520361358269171));
#3660=CARTESIAN_POINT('',(-3.15188906534874,6.74160514180647,-0.97498802868884));
#3661=CARTESIAN_POINT('',(-3.14959444198128,7.19532920305708,-1.1633899645738));
#3662=CARTESIAN_POINT('',(-3.15000812590761,7.80423299270917,-1.16367627505556));
#3663=CARTESIAN_POINT('',(-3.14982402422217,8.41164243113534,-0.910858605667654));
#3664=CARTESIAN_POINT('',(-3.14989466570787,8.66271401643264,-0.304399809147501));
#3665=CARTESIAN_POINT('',(-3.14989466570787,8.66272061297191,-2.27827532316598E-15));
#3666=CARTESIAN_POINT('',(-6.77488764615538,8.70001022168024,0.0));
#3667=CARTESIAN_POINT('',(-6.77488764615538,8.70000661322819,0.314162086070494));
#3668=CARTESIAN_POINT('',(-6.77495828764106,8.44087694334487,0.940070836303094));
#3669=CARTESIAN_POINT('',(-6.77477418595563,7.81399103724127,1.20099654794721));
#3670=CARTESIAN_POINT('',(-6.77518786988195,7.18555758023285,1.20070086789411));
#3671=CARTESIAN_POINT('',(-6.7728932465145,6.7172830213578,1.00625723582866));
#3672=CARTESIAN_POINT('',(-6.74697120507946,6.40726197847876,0.537049611348474));
#3673=CARTESIAN_POINT('',(-6.72804884949071,6.31535089936723,0.235937713970769));
#3674=CARTESIAN_POINT('',(-6.71758788522981,6.30006106841588,0.0784570038126583));
#3675=CARTESIAN_POINT('',(-6.6941629577564,6.29916557116277,-0.274699830843636));
#3676=CARTESIAN_POINT('',(-6.65769737993525,6.49642040602801,-0.823747249331411));
#3677=CARTESIAN_POINT('',(-6.60301417194618,7.2464870524995,-1.27384764473483));
#3678=CARTESIAN_POINT('',(-6.54832434523942,8.11226586923144,-1.14524013806417));
#3679=CARTESIAN_POINT('',(-6.49363806323032,8.69976674411306,-0.497018656176007));
#3680=CARTESIAN_POINT('',(-6.43894992931478,8.74276496111951,0.377004164525463));
#3681=CARTESIAN_POINT('',(-6.38426275885499,8.22148716989745,1.07978684057856));
#3682=CARTESIAN_POINT('',(-6.32957508758587,7.37271505257873,1.29241745136169));
#3683=CARTESIAN_POINT('',(-6.27488767659242,6.58170246452644,0.91828712156625));
#3684=CARTESIAN_POINT('',(-6.22020013033971,6.20759352445284,0.12729942239121));
#3685=CARTESIAN_POINT('',(-6.16551265437035,6.42019675655753,-0.721512137232045));
#3686=CARTESIAN_POINT('',(-6.11082514189433,7.12302487759276,-1.24271836907788));
#3687=CARTESIAN_POINT('',(-6.05613764835434,7.99696473227983,-1.19985609351946));
#3688=CARTESIAN_POINT('',(-6.00145014503918,8.64533667462872,-0.61208989561408));
#3689=CARTESIAN_POINT('',(-5.94676264672446,8.77375170268889,0.253130852188478));
#3690=CARTESIAN_POINT('',(-5.89207514587038,8.32385382541337,1.00416409184336));
#3691=CARTESIAN_POINT('',(-5.84650222961458,7.63727254282945,1.24904046609902));
#3692=CARTESIAN_POINT('',(-5.81004389611049,7.08795517499759,1.15171598403358));
#3693=CARTESIAN_POINT('',(-5.77358556285442,6.60135603117186,0.878379224125626));
#3694=CARTESIAN_POINT('',(-5.72801264613401,6.22610273400782,0.253726242624729));
#3695=CARTESIAN_POINT('',(-5.67332514616509,6.35475694763146,-0.612319315754281));
#3696=CARTESIAN_POINT('',(-5.61863764615014,7.00305116540371,-1.19978811382186));
#3697=CARTESIAN_POINT('',(-5.56395014615874,7.87700313008369,-1.24280967254973));
#3698=CARTESIAN_POINT('',(-5.50926264615355,8.57978411813846,-0.721459718065559));
#3699=CARTESIAN_POINT('',(-5.45457514615633,8.79241799177419,0.127270570575498));
#3700=CARTESIAN_POINT('',(-5.39988764615488,8.41828928794325,0.918304378063556));
#3701=CARTESIAN_POINT('',(-5.34520014615564,7.62729350518272,1.29240421895293));
#3702=CARTESIAN_POINT('',(-5.29051264615524,6.77850017144854,1.07980191197183));
#3703=CARTESIAN_POINT('',(-5.23582514615545,6.25725741975115,0.376980579668349));
#3704=CARTESIAN_POINT('',(-5.18113764615535,6.30019119487919,-0.496976228967181));
#3705=CARTESIAN_POINT('',(-5.1264501461554,6.887814748516,-1.14531892301202));
#3706=CARTESIAN_POINT('',(-5.07176264615537,7.75335616130847,-1.27370998997689));
#3707=CARTESIAN_POINT('',(-5.01707514615539,8.50388104313484,-0.823862555821346));
#3708=CARTESIAN_POINT('',(-4.96238764615538,8.79866179673043,-1.46886967197113E-06));
#3709=CARTESIAN_POINT('',(-4.90770014615538,8.50388300705113,0.823866145576462));
#3710=CARTESIAN_POINT('',(-4.85301264615539,7.75335136291157,1.27370415515879));
#3711=CARTESIAN_POINT('',(-4.79832514615537,6.88782449917807,1.14532958805979));
#3712=CARTESIAN_POINT('',(-4.74363764615541,6.30017227984526,0.496956046677303));
#3713=CARTESIAN_POINT('',(-4.68895014615531,6.25729280376049,-0.376942365930571));
#3714=CARTESIAN_POINT('',(-4.63426264615551,6.77844287052141,-1.07987082231528));
#3715=CARTESIAN_POINT('',(-4.57957514615519,7.62729534634403,-1.29234354708806));
#3716=CARTESIAN_POINT('',(-4.52488764615575,8.41831693734833,-0.918438347531613));
#3717=CARTESIAN_POINT('',(-4.47020014615472,8.79229629779777,-0.127218391528806));
#3718=CARTESIAN_POINT('',(-4.41551264615672,8.57988712596367,0.721496508992808));
#3719=CARTESIAN_POINT('',(-4.3608251461527,7.87695544825587,1.24276233468705));
#3720=CARTESIAN_POINT('',(-4.3061376461615,7.00296966072854,1.19980611938922));
#3721=CARTESIAN_POINT('',(-4.25145014614263,6.35476361427491,0.612248760648043));
#3722=CARTESIAN_POINT('',(-4.1967626461815,6.22614695027852,-0.25351766110018));
#3723=CARTESIAN_POINT('',(-4.15118972944255,6.60138661507905,-0.878512774781641));
#3724=CARTESIAN_POINT('',(-4.11473139621919,7.08792563070752,-1.15159362051497));
#3725=CARTESIAN_POINT('',(-4.07827306268113,7.63732481437656,-1.2491139794926));
#3726=CARTESIAN_POINT('',(-4.03270014644831,8.32382472410645,-1.00412667981967));
#3727=CARTESIAN_POINT('',(-3.9780126455822,8.7737670062121,-0.253149951103021));
#3728=CARTESIAN_POINT('',(-3.92332514727421,8.64532689107127,0.612102024949163));
#3729=CARTESIAN_POINT('',(-3.86863764395501,7.99697000756316,1.19984956065594));
#3730=CARTESIAN_POINT('',(-3.81395015041717,7.12302211576786,1.24272178852446));
#3731=CARTESIAN_POINT('',(-3.75926263794001,6.420198193993,0.721510357621088));
#3732=CARTESIAN_POINT('',(-3.70457516197126,6.20759277721521,-0.127298497293193));
#3733=CARTESIAN_POINT('',(-3.64988761571823,6.58170285287922,-0.918287602351119));
#3734=CARTESIAN_POINT('',(-3.59520020472495,7.37271485074677,-1.29241720149392));
#3735=CARTESIAN_POINT('',(-3.54051253345573,8.22148727480716,-1.07978697045548));
#3736=CARTESIAN_POINT('',(-3.485825362996,8.74276490655772,-0.377004096979353));
#3737=CARTESIAN_POINT('',(-3.43113722908044,8.69976677254977,0.497018620972495));
#3738=CARTESIAN_POINT('',(-3.37645094707136,8.11226585429456,1.14524015655507));
#3739=CARTESIAN_POINT('',(-3.32176112036457,7.24648706057469,1.27384763473863));
#3740=CARTESIAN_POINT('',(-3.26707791237551,6.49642040109893,0.823747255432685));
#3741=CARTESIAN_POINT('',(-3.23061233455436,6.29916557348229,0.274699827973011));
#3742=CARTESIAN_POINT('',(-3.20718740708095,6.30006106815854,-0.0784570034944074));
#3743=CARTESIAN_POINT('',(-3.19672644282004,6.31535089947167,-0.235937714099885));
#3744=CARTESIAN_POINT('',(-3.1778040872313,6.40726197842661,-0.537049611283975));
#3745=CARTESIAN_POINT('',(-3.15188204579627,6.71728302140389,-1.00625723588565));
#3746=CARTESIAN_POINT('',(-3.14958742242881,7.18555758021535,-1.20070086787248));
#3747=CARTESIAN_POINT('',(-3.15000110635513,7.81399103724869,-1.20099654795638));
#3748=CARTESIAN_POINT('',(-3.14981700466969,8.44087694334021,-0.940070836297352));
#3749=CARTESIAN_POINT('',(-3.14988764615539,8.70000661322817,-0.314162086070461));
#3750=CARTESIAN_POINT('',(-3.14988764615539,8.70001022168024,-2.35134188307976E-15));
#3751=SURFACE_SIDE_STYLE('',(#5494));
#3752=EDGE_LOOP('',(#5495,#5496,#5497,#5498));
#3753=CARTESIAN_POINT('',(-6.77488764615538,8.70001022168024,0.0));
#3754=CARTESIAN_POINT('',(-6.77488764615538,8.70000661322819,0.314162086070494));
#3755=CARTESIAN_POINT('',(-6.77495828764106,8.44087694334487,0.940070836303094));
#3756=CARTESIAN_POINT('',(-6.77477418595563,7.81399103724127,1.20099654794721));
#3757=CARTESIAN_POINT('',(-6.77518786988195,7.18555758023285,1.20070086789411));
#3758=CARTESIAN_POINT('',(-6.7728932465145,6.7172830213578,1.00625723582866));
#3759=CARTESIAN_POINT('',(-6.74697120507946,6.40726197847876,0.537049611348474));
#3760=CARTESIAN_POINT('',(-6.72804884949071,6.31535089936723,0.235937713970769));
#3761=CARTESIAN_POINT('',(-6.71758788522981,6.30006106841588,0.0784570038126583));
#3762=CARTESIAN_POINT('',(-6.6941629577564,6.29916557116277,-0.274699830843636));
#3763=CARTESIAN_POINT('',(-6.65769737993525,6.49642040602801,-0.823747249331411));
#3764=CARTESIAN_POINT('',(-6.60301417194618,7.2464870524995,-1.27384764473483));
#3765=CARTESIAN_POINT('',(-6.54832434523942,8.11226586923144,-1.14524013806417));
#3766=CARTESIAN_POINT('',(-6.49363806323032,8.69976674411306,-0.497018656176007));
#3767=CARTESIAN_POINT('',(-6.43894992931478,8.74276496111951,0.377004164525463));
#3768=CARTESIAN_POINT('',(-6.38426275885499,8.22148716989745,1.07978684057856));
#3769=CARTESIAN_POINT('',(-6.32957508758587,7.37271505257873,1.29241745136169));
#3770=CARTESIAN_POINT('',(-6.27488767659242,6.58170246452644,0.91828712156625));
#3771=CARTESIAN_POINT('',(-6.22020013033971,6.20759352445284,0.12729942239121));
#3772=CARTESIAN_POINT('',(-6.16551265437035,6.42019675655753,-0.721512137232045));
#3773=CARTESIAN_POINT('',(-6.11082514189433,7.12302487759276,-1.24271836907788));
#3774=CARTESIAN_POINT('',(-6.05613764835434,7.99696473227983,-1.19985609351946));
#3775=CARTESIAN_POINT('',(-6.00145014503918,8.64533667462872,-0.61208989561408));
#3776=CARTESIAN_POINT('',(-5.94676264672446,8.77375170268889,0.253130852188478));
#3777=CARTESIAN_POINT('',(-5.89207514587038,8.32385382541337,1.00416409184336));
#3778=CARTESIAN_POINT('',(-5.84650222961458,7.63727254282945,1.24904046609902));
#3779=CARTESIAN_POINT('',(-5.81004389611049,7.08795517499759,1.15171598403358));
#3780=CARTESIAN_POINT('',(-5.77358556285442,6.60135603117186,0.878379224125626));
#3781=CARTESIAN_POINT('',(-5.72801264613401,6.22610273400782,0.253726242624729));
#3782=CARTESIAN_POINT('',(-5.67332514616509,6.35475694763146,-0.612319315754281));
#3783=CARTESIAN_POINT('',(-5.61863764615014,7.00305116540371,-1.19978811382186));
#3784=CARTESIAN_POINT('',(-5.56395014615874,7.87700313008369,-1.24280967254973));
#3785=CARTESIAN_POINT('',(-5.50926264615355,8.57978411813846,-0.721459718065559));
#3786=CARTESIAN_POINT('',(-5.45457514615633,8.79241799177419,0.127270570575498));
#3787=CARTESIAN_POINT('',(-5.39988764615488,8.41828928794325,0.918304378063556));
#3788=CARTESIAN_POINT('',(-5.34520014615564,7.62729350518272,1.29240421895293));
#3789=CARTESIAN_POINT('',(-5.29051264615524,6.77850017144854,1.07980191197183));
#3790=CARTESIAN_POINT('',(-5.23582514615545,6.25725741975115,0.376980579668349));
#3791=CARTESIAN_POINT('',(-5.18113764615535,6.30019119487919,-0.496976228967181));
#3792=CARTESIAN_POINT('',(-5.1264501461554,6.887814748516,-1.14531892301202));
#3793=CARTESIAN_POINT('',(-5.07176264615537,7.75335616130847,-1.27370998997689));
#3794=CARTESIAN_POINT('',(-5.01707514615539,8.50388104313484,-0.823862555821346));
#3795=CARTESIAN_POINT('',(-4.96238764615538,8.79866179673043,-1.46886967197113E-06));
#3796=CARTESIAN_POINT('',(-4.90770014615538,8.50388300705113,0.823866145576462));
#3797=CARTESIAN_POINT('',(-4.85301264615539,7.75335136291157,1.27370415515879));
#3798=CARTESIAN_POINT('',(-4.79832514615537,6.88782449917807,1.14532958805979));
#3799=CARTESIAN_POINT('',(-4.74363764615541,6.30017227984526,0.496956046677303));
#3800=CARTESIAN_POINT('',(-4.68895014615531,6.25729280376049,-0.376942365930571));
#3801=CARTESIAN_POINT('',(-4.63426264615551,6.77844287052141,-1.07987082231528));
#3802=CARTESIAN_POINT('',(-4.57957514615519,7.62729534634403,-1.29234354708806));
#3803=CARTESIAN_POINT('',(-4.52488764615575,8.41831693734833,-0.918438347531613));
#3804=CARTESIAN_POINT('',(-4.47020014615472,8.79229629779777,-0.127218391528806));
#3805=CARTESIAN_POINT('',(-4.41551264615672,8.57988712596367,0.721496508992808));
#3806=CARTESIAN_POINT('',(-4.3608251461527,7.87695544825587,1.24276233468705));
#3807=CARTESIAN_POINT('',(-4.3061376461615,7.00296966072854,1.19980611938922));
#3808=CARTESIAN_POINT('',(-4.25145014614263,6.35476361427491,0.612248760648043));
#3809=CARTESIAN_POINT('',(-4.1967626461815,6.22614695027852,-0.25351766110018));
#3810=CARTESIAN_POINT('',(-4.15118972944255,6.60138661507905,-0.878512774781641));
#3811=CARTESIAN_POINT('',(-4.11473139621919,7.08792563070752,-1.15159362051497));
#3812=CARTESIAN_POINT('',(-4.07827306268113,7.63732481437656,-1.2491139794926));
#3813=CARTESIAN_POINT('',(-4.03270014644831,8.32382472410645,-1.00412667981967));
#3814=CARTESIAN_POINT('',(-3.9780126455822,8.7737670062121,-0.253149951103021));
#3815=CARTESIAN_POINT('',(-3.92332514727421,8.64532689107127,0.612102024949163));
#3816=CARTESIAN_POINT('',(-3.86863764395501,7.99697000756316,1.19984956065594));
#3817=CARTESIAN_POINT('',(-3.81395015041717,7.12302211576786,1.24272178852446));
#3818=CARTESIAN_POINT('',(-3.75926263794001,6.420198193993,0.721510357621088));
#3819=CARTESIAN_POINT('',(-3.70457516197126,6.20759277721521,-0.127298497293193));
#3820=CARTESIAN_POINT('',(-3.64988761571823,6.58170285287922,-0.918287602351119));
#3821=CARTESIAN_POINT('',(-3.59520020472495,7.37271485074677,-1.29241720149392));
#3822=CARTESIAN_POINT('',(-3.54051253345573,8.22148727480716,-1.07978697045548));
#3823=CARTESIAN_POINT('',(-3.485825362996,8.74276490655772,-0.377004096979353));
#3824=CARTESIAN_POINT('',(-3.43113722908044,8.69976677254977,0.497018620972495));
#3825=CARTESIAN_POINT('',(-3.37645094707136,8.11226585429456,1.14524015655507));
#3826=CARTESIAN_POINT('',(-3.32176112036457,7.24648706057469,1.27384763473863));
#3827=CARTESIAN_POINT('',(-3.26707791237551,6.49642040109893,0.823747255432685));
#3828=CARTESIAN_POINT('',(-3.23061233455436,6.29916557348229,0.274699827973011));
#3829=CARTESIAN_POINT('',(-3.20718740708095,6.30006106815854,-0.0784570034944074));
#3830=CARTESIAN_POINT('',(-3.19672644282004,6.31535089947167,-0.235937714099885));
#3831=CARTESIAN_POINT('',(-3.1778040872313,6.40726197842661,-0.537049611283975));
#3832=CARTESIAN_POINT('',(-3.15188204579627,6.71728302140389,-1.00625723588565));
#3833=CARTESIAN_POINT('',(-3.14958742242881,7.18555758021535,-1.20070086787248));
#3834=CARTESIAN_POINT('',(-3.15000110635513,7.81399103724869,-1.20099654795638));
#3835=CARTESIAN_POINT('',(-3.14981700466969,8.44087694334021,-0.940070836297352));
#3836=CARTESIAN_POINT('',(-3.14988764615539,8.70000661322817,-0.314162086070461));
#3837=CARTESIAN_POINT('',(-3.14988764615539,8.70001022168024,-2.35134188307976E-15));
#3838=CARTESIAN_POINT('',(-6.7748806266029,8.73729983038857,0.0));
#3839=CARTESIAN_POINT('',(-6.7748806266029,8.73729921002371,0.323924362993426));
#3840=CARTESIAN_POINT('',(-6.77495126808858,8.47011145554992,0.969283066933029));
#3841=CARTESIAN_POINT('',(-6.77476716640316,7.82374908178053,1.23831682084769));
#3842=CARTESIAN_POINT('',(-6.77518085032947,7.17578595739172,1.23801177119358));
#3843=CARTESIAN_POINT('',(-6.77288622696202,6.69296090095364,1.03752644302343));
#3844=CARTESIAN_POINT('',(-6.74696418552698,6.37330572974704,0.553737864365599));
#3845=CARTESIAN_POINT('',(-6.72804182993823,6.27853857214765,0.243269596761981));
#3846=CARTESIAN_POINT('',(-6.71758086567734,6.26277385631736,0.0808948621887358));
#3847=CARTESIAN_POINT('',(-6.69415593820392,6.26185002463817,-0.283235742432083));
#3848=CARTESIAN_POINT('',(-6.65769036038278,6.4652349392451,-0.849344917067986));
#3849=CARTESIAN_POINT('',(-6.6030071523937,7.23860921374447,-1.3134315594209));
#3850=CARTESIAN_POINT('',(-6.54831732568694,8.13129170857479,-1.18082787524275));
#3851=CARTESIAN_POINT('',(-6.49363104367784,8.73704876418844,-0.51246317705193));
#3852=CARTESIAN_POINT('',(-6.43894290976231,8.78138315895122,0.388719325578895));
#3853=CARTESIAN_POINT('',(-6.38425573930251,8.24390695070476,1.11334058798169));
#3854=CARTESIAN_POINT('',(-6.3295680680334,7.36875975086354,1.33257855460125));
#3855=CARTESIAN_POINT('',(-6.27488065703994,6.55316691165507,0.946822351699186));
#3856=CARTESIAN_POINT('',(-6.22019311078724,6.16743275537561,0.131255178358623));
#3857=CARTESIAN_POINT('',(-6.16550563481788,6.38664251564349,-0.743932705021044));
#3858=CARTESIAN_POINT('',(-6.11081812234185,7.11131058622644,-1.2813350974534));
#3859=CARTESIAN_POINT('',(-6.05613062880186,8.01240764110349,-1.23714092971653));
#3860=CARTESIAN_POINT('',(-6.00144312548671,8.68092729362995,-0.631110195733736));
#3861=CARTESIAN_POINT('',(-5.94675562717199,8.81333277469419,0.260996703480069));
#3862=CARTESIAN_POINT('',(-5.89206812631791,8.34945467192112,1.0353679248438));
#3863=CARTESIAN_POINT('',(-5.8464952100621,7.64153810195103,1.28785372541071));
#3864=CARTESIAN_POINT('',(-5.81003687655802,7.07515119826861,1.18750479473078));
#3865=CARTESIAN_POINT('',(-5.77357854330194,6.57343112041663,0.90567441657933));
#3866=CARTESIAN_POINT('',(-5.72800562658154,6.18651722643518,0.261610605231938));
#3867=CARTESIAN_POINT('',(-5.67331812661261,6.31916910277636,-0.631346769989487));
#3868=CARTESIAN_POINT('',(-5.61863062659767,6.98760884115516,-1.23707085809153));
#3869=CARTESIAN_POINT('',(-5.56394312660627,7.8887182439122,-1.28142917873307));
#3870=CARTESIAN_POINT('',(-5.50925562660108,8.61333778863116,-0.743878690537308));
#3871=CARTESIAN_POINT('',(-5.45456812660386,8.83257910725328,0.131225448400199));
#3872=CARTESIAN_POINT('',(-5.39988062660241,8.44682458899728,0.946840132961524));
#3873=CARTESIAN_POINT('',(-5.34519312660316,7.63124907314675,1.33256492087857));
#3874=CARTESIAN_POINT('',(-5.29050562660277,6.75607999233382,1.11335611485236));
#3875=CARTESIAN_POINT('',(-5.23581812660298,6.2186399286027,0.388695029568189));
#3876=CARTESIAN_POINT('',(-5.18113062660287,6.26290784634668,-0.512419471956508));
#3877=CARTESIAN_POINT('',(-5.12644312660292,6.8687914538297,-1.18090903076361));
#3878=CARTESIAN_POINT('',(-5.0717556266029,7.76122905419213,-1.31328977436011));
#3879=CARTESIAN_POINT('',(-5.01706812660292,8.53507605269811,-0.849463597789874));
#3880=CARTESIAN_POINT('',(-4.9623806266029,8.83901694376384,-1.51354866641995E-06));
#3881=CARTESIAN_POINT('',(-4.9076931266029,8.53507807769323,0.849467296710399));
#3882=CARTESIAN_POINT('',(-4.85300562660291,7.76122410663265,1.31328376218519));
#3883=CARTESIAN_POINT('',(-4.79831812660289,6.86880150739517,1.18092001983982));
#3884=CARTESIAN_POINT('',(-4.74363062660294,6.26288834421941,0.512398676757333));
#3885=CARTESIAN_POINT('',(-4.68894312660284,6.21867640958414,-0.388655655933848));
#3886=CARTESIAN_POINT('',(-4.63425562660304,6.75602091880695,-1.11342711510357));
#3887=CARTESIAN_POINT('',(-4.57956812660271,7.63125096628237,-1.33250239885726));
#3888=CARTESIAN_POINT('',(-4.52488062660327,8.44685308197954,-0.946978245512875));
#3889=CARTESIAN_POINT('',(-4.47019312660224,8.83245367593294,-0.131171639460355));
#3890=CARTESIAN_POINT('',(-4.41550562660425,8.61344394424622,0.743916574490402));
#3891=CARTESIAN_POINT('',(-4.36081812660023,7.88866913613157,1.28138047456224));
#3892=CARTESIAN_POINT('',(-4.30613062660903,6.98752472570119,1.23708934214594));
#3893=CARTESIAN_POINT('',(-4.25144312659016,6.31917606584235,0.631274027150824));
#3894=CARTESIAN_POINT('',(-4.19675562662903,6.18656275199126,-0.261395518001656));
#3895=CARTESIAN_POINT('',(-4.15118270989008,6.57346265726839,-0.905812169307736));
#3896=CARTESIAN_POINT('',(-4.11472437666671,7.0751207530424,-1.18737858296102));
#3897=CARTESIAN_POINT('',(-4.07826604312865,7.64159198751143,-1.28792954384447));
#3898=CARTESIAN_POINT('',(-4.03269312689583,8.34942467082557,-1.03532934102771));
#3899=CARTESIAN_POINT('',(-3.97800562602973,8.81334855163322,-0.261016400211596));
#3900=CARTESIAN_POINT('',(-3.92331812772173,8.68091720708525,0.631122705122288));
#3901=CARTESIAN_POINT('',(-3.86863062440253,8.01241307992895,1.23713419189463));
#3902=CARTESIAN_POINT('',(-3.81394313086469,7.11130773870614,1.28133862429774));
#3903=CARTESIAN_POINT('',(-3.75925561838753,6.38664399771667,0.743930869458162));
#3904=CARTESIAN_POINT('',(-3.70456814241878,6.16743198491484,-0.131254224145059));
#3905=CARTESIAN_POINT('',(-3.64988059616576,6.55316731208713,-0.94682284763154));
#3906=CARTESIAN_POINT('',(-3.59519318517247,7.36875954274862,-1.33257829685284));
#3907=CARTESIAN_POINT('',(-3.54050551390326,8.24390705888308,-1.11334072195933));
#3908=CARTESIAN_POINT('',(-3.48581834344352,8.78138310268792,-0.388719255897577));
#3909=CARTESIAN_POINT('',(-3.43113020952796,8.73704879351292,0.512463140734029));
#3910=CARTESIAN_POINT('',(-3.37644392751888,8.13129169317081,1.18082789432026));
#3911=CARTESIAN_POINT('',(-3.3217541008121,7.23860922207305,1.31343154910619));
#3912=CARTESIAN_POINT('',(-3.26707089282304,6.46523493416041,0.849344923365186));
#3913=CARTESIAN_POINT('',(-3.23060531500189,6.26185002703203,0.283235739467489));
#3914=CARTESIAN_POINT('',(-3.20718038752848,6.26277385605123,-0.0808948618591836));
#3915=CARTESIAN_POINT('',(-3.19671942326757,6.27853857225574,-0.243269596895821));
#3916=CARTESIAN_POINT('',(-3.17779706767882,6.37330572969308,-0.553737864298779));
#3917=CARTESIAN_POINT('',(-3.15187502624379,6.69296090100132,-1.03752644308247));
#3918=CARTESIAN_POINT('',(-3.14958040287633,7.17578595737361,-1.23801177117117));
#3919=CARTESIAN_POINT('',(-3.14999408680266,7.82374908178822,-1.23831682085721));
#3920=CARTESIAN_POINT('',(-3.14980998511722,8.47011145554508,-0.969283066927051));
#3921=CARTESIAN_POINT('',(-3.14988062660292,8.73729921002371,-0.323924362993422));
#3922=CARTESIAN_POINT('',(-3.14988062660292,8.73729983038857,-2.42440844299354E-15));
#3923=CARTESIAN_POINT('',(-6.8107712933974,8.81190529631521,0.0));
#3924=CARTESIAN_POINT('',(-6.8107712933974,8.81192658456237,0.343455149867649));
#3925=CARTESIAN_POINT('',(-6.81084193488312,8.52858727210014,1.0277285264836));
#3926=CARTESIAN_POINT('',(-6.81065783319765,7.84327696512528,1.31298371220729));
#3927=CARTESIAN_POINT('',(-6.811071517124,7.15623321065117,1.31265898403321));
#3928=CARTESIAN_POINT('',(-6.80877689375652,6.64430132416591,1.10008870797202));
#3929=CARTESIAN_POINT('',(-6.7828548523215,6.30536902046217,0.587124851393555));
#3930=CARTESIAN_POINT('',(-6.76393249673275,6.20488771600569,0.257939847581473));
#3931=CARTESIAN_POINT('',(-6.75347153247185,6.18817411696232,0.0857715413288309));
#3932=CARTESIAN_POINT('',(-6.73004660499842,6.18719098934636,-0.300312426338531));
#3933=CARTESIAN_POINT('',(-6.69358102717731,6.40284295940481,-0.900559342911025));
#3934=CARTESIAN_POINT('',(-6.63889781918821,7.22284761235062,-1.39262649013692));
#3935=CARTESIAN_POINT('',(-6.58420799248146,8.1693569809807,-1.25202879304342));
#3936=CARTESIAN_POINT('',(-6.52952171047234,8.81163893080601,-0.54336288357271));
#3937=CARTESIAN_POINT('',(-6.47483357655682,8.85864679410156,0.41215778806003));
#3938=CARTESIAN_POINT('',(-6.42014640609704,8.2887622590594,1.18047174905933));
#3939=CARTESIAN_POINT('',(-6.3654587348279,7.3608463777994,1.41292900239724));
#3940=CARTESIAN_POINT('',(-6.31077132383444,6.4960757222432,1.00391289986506));
#3941=CARTESIAN_POINT('',(-6.25608377758174,6.08708294066046,0.139169483118764));
#3942=CARTESIAN_POINT('',(-6.20139630161239,6.31951045043145,-0.788789645117403));
#3943=CARTESIAN_POINT('',(-6.14670878913635,7.08787369529546,-1.35859568148112));
#3944=CARTESIAN_POINT('',(-6.09202129559639,8.04330444919586,-1.31173693425668));
#3945=CARTESIAN_POINT('',(-6.0373337922812,8.75213337079716,-0.669164021232482));
#3946=CARTESIAN_POINT('',(-5.9826462939665,8.89252273055448,0.276733735327456));
#3947=CARTESIAN_POINT('',(-5.92795879311241,8.40067477403885,1.09779769465178));
#3948=CARTESIAN_POINT('',(-5.8823858768566,7.65007168810386,1.36550789763594));
#3949=CARTESIAN_POINT('',(-5.84592754335252,7.04953460596784,1.2591071811671));
#3950=CARTESIAN_POINT('',(-5.80946921009646,6.5175612295956,0.960284410412828));
#3951=CARTESIAN_POINT('',(-5.76389629337606,6.10731884709604,0.277384723660651));
#3952=CARTESIAN_POINT('',(-5.70920879340711,6.2479678815959,-0.669415037320544));
#3953=CARTESIAN_POINT('',(-5.65452129339218,6.9567136679838,-1.31166278265072));
#3954=CARTESIAN_POINT('',(-5.59983379340076,7.912156534421,-1.35869501514024));
#3955=CARTESIAN_POINT('',(-5.54514629339559,8.68046883533723,-0.788732611412118));
#3956=CARTESIAN_POINT('',(-5.49045879339836,8.9129295561392,0.139138090857904));
#3957=CARTESIAN_POINT('',(-5.43577129339691,8.5039152975651,1.00393167208656));
#3958=CARTESIAN_POINT('',(-5.38108379339766,7.63916298054802,1.41291461650832));
#3959=CARTESIAN_POINT('',(-5.32639629339727,6.71122386166315,1.18048812113908));
#3960=CARTESIAN_POINT('',(-5.27170879339747,6.14137776492331,0.412132180910025));
#3961=CARTESIAN_POINT('',(-5.21702129339736,6.18831491173108,-0.543316829983268));
#3962=CARTESIAN_POINT('',(-5.16233379339742,6.83073147554021,-1.25211429251804));
#3963=CARTESIAN_POINT('',(-5.1076462933974,7.77698038097383,-1.39247719813619));
#3964=CARTESIAN_POINT('',(-5.0529587933974,8.59748802623387,-0.900683701309911));
#3965=CARTESIAN_POINT('',(-4.99827129339741,8.91975563860553,-1.59797814420027E-06));
#3966=CARTESIAN_POINT('',(-4.94358379339739,8.59749017369323,0.90068760638745));
#3967=CARTESIAN_POINT('',(-4.88889629339741,7.77697513470034,1.39247085145412));
#3968=CARTESIAN_POINT('',(-4.83420879339737,6.83074213464958,1.25212589194916));
#3969=CARTESIAN_POINT('',(-4.77952129339744,6.18829423849878,0.543294881723349));
#3970=CARTESIAN_POINT('',(-4.72483379339733,6.14141642744053,-0.412090628347549));
#3971=CARTESIAN_POINT('',(-4.67014629339754,6.71116128275924,-1.18056303835235));
#3972=CARTESIAN_POINT('',(-4.6154587933972,7.63916495074999,-1.41284857367307));
#3973=CARTESIAN_POINT('',(-4.56077129339776,8.50394539807521,-1.00407797126629));
#3974=CARTESIAN_POINT('',(-4.50608379339673,8.91279687474595,-0.139080977512602));
#3975=CARTESIAN_POINT('',(-4.45139629339875,8.68058101580597,0.78877242407913));
#3976=CARTESIAN_POINT('',(-4.39670879339472,7.91210486010662,1.35864411532596));
#3977=CARTESIAN_POINT('',(-4.34202129340353,6.95662392797936,1.31168180767095));
#3978=CARTESIAN_POINT('',(-4.28733379338465,6.24797589637702,0.669337941760477));
#3979=CARTESIAN_POINT('',(-4.23264629342353,6.10736665963945,-0.277156496304224));
#3980=CARTESIAN_POINT('',(-4.18707337668457,6.51759468620148,-0.960430837775859));
#3981=CARTESIAN_POINT('',(-4.1506150434612,7.04950244628379,-1.25897303444876));
#3982=CARTESIAN_POINT('',(-4.11415670992314,7.65012874993094,-1.36558843390687));
#3983=CARTESIAN_POINT('',(-4.06858379369033,8.40064299594464,-1.09775671896801));
#3984=CARTESIAN_POINT('',(-4.0138962928242,8.8925394437026,-0.276754650360696));
#3985=CARTESIAN_POINT('',(-3.95920879451621,8.75212268336255,0.669177307138199));
#3986=CARTESIAN_POINT('',(-3.90452129119702,8.04331021324654,1.31172977633578));
#3987=CARTESIAN_POINT('',(-3.84983379765919,7.08787067697496,1.35859942905696));
#3988=CARTESIAN_POINT('',(-3.79514628518203,6.31951202165861,0.788787694263241));
#3989=CARTESIAN_POINT('',(-3.74045880921327,6.0870821237208,-0.139168468759196));
#3990=CARTESIAN_POINT('',(-3.68577126296024,6.49607614690113,-1.00391342716866));
#3991=CARTESIAN_POINT('',(-3.63108385196697,7.36084615705681,-1.41292872828516));
#3992=CARTESIAN_POINT('',(-3.57639618069773,8.28876237382136,-1.18047189157466));
#3993=CARTESIAN_POINT('',(-3.52170901023801,8.85864673440306,-0.412157713920514));
#3994=CARTESIAN_POINT('',(-3.46702087632244,8.8116389619278,0.543362844920119));
#3995=CARTESIAN_POINT('',(-3.41233459431337,8.16935696462708,1.25202881335622));
#3996=CARTESIAN_POINT('',(-3.35764476760659,7.22284762119883,1.39262647914439));
#3997=CARTESIAN_POINT('',(-3.30296155961752,6.40284295399623,0.900559349632753));
#3998=CARTESIAN_POINT('',(-3.26649598179637,6.18719099190053,0.300312423161443));
#3999=CARTESIAN_POINT('',(-3.24307105432297,6.18817411667448,-0.0857715409694131));
#4000=CARTESIAN_POINT('',(-3.23261009006206,6.20488771612321,-0.25793984772843));
#4001=CARTESIAN_POINT('',(-3.21368773447331,6.30536902040368,-0.587124851320467));
#4002=CARTESIAN_POINT('',(-3.18776569303828,6.64430132421754,-1.10008870803652));
#4003=CARTESIAN_POINT('',(-3.18547106967081,7.15623321063152,-1.31265898400865));
#4004=CARTESIAN_POINT('',(-3.18588475359714,7.84327696513368,-1.3129837122178));
#4005=CARTESIAN_POINT('',(-3.1857006519117,8.52858727209478,-1.02772852647685));
#4006=CARTESIAN_POINT('',(-3.1857712933974,8.81192658456249,-0.343455149867854));
#4007=CARTESIAN_POINT('',(-3.1857712933974,8.81190529631521,-2.57059299506698E-15));
#4008=CARTESIAN_POINT('',(-6.9318189559344,8.83944209440867,0.0));
#4009=CARTESIAN_POINT('',(-6.9318189559344,8.83944393348996,0.350665046570133));
#4010=CARTESIAN_POINT('',(-6.93188959742009,8.55019446343366,1.04929993061397));
#4011=CARTESIAN_POINT('',(-6.93170549573466,7.85047617237899,1.34054305192328));
#4012=CARTESIAN_POINT('',(-6.93211917966098,7.14902084600978,1.34021267264108));
#4013=CARTESIAN_POINT('',(-6.92982455629352,6.62633804147634,1.12317719318517));
#4014=CARTESIAN_POINT('',(-6.90390251485849,6.28029418865847,0.599450141110423));
#4015=CARTESIAN_POINT('',(-6.88498015926974,6.17770376317444,0.263352332572538));
#4016=CARTESIAN_POINT('',(-6.87451919500884,6.16063782215588,0.0875728210852128));
#4017=CARTESIAN_POINT('',(-6.85109426753543,6.15963731491843,-0.306617396138171));
#4018=CARTESIAN_POINT('',(-6.81462868971429,6.3798125809208,-0.919460680167677));
#4019=CARTESIAN_POINT('',(-6.75994548172522,7.21703067645419,-1.42185857217839));
#4020=CARTESIAN_POINT('',(-6.70525565501843,8.18340648466326,-1.2783082969227));
#4021=CARTESIAN_POINT('',(-6.65056937300934,8.8391702836595,-0.554768289785146));
#4022=CARTESIAN_POINT('',(-6.59588123909381,8.88716462322792,0.420809082911826));
#4023=CARTESIAN_POINT('',(-6.54119406863403,8.30531836572437,1.2052497071342));
#4024=CARTESIAN_POINT('',(-6.4865063973649,7.35792553508768,1.4425863163885));
#4025=CARTESIAN_POINT('',(-6.43181898637145,6.47500342017491,1.02498495754442));
#4026=CARTESIAN_POINT('',(-6.37713144011873,6.05742592166431,0.142090630184616));
#4027=CARTESIAN_POINT('',(-6.3224439641494,6.29473201477007,-0.805346255143966));
#4028=CARTESIAN_POINT('',(-6.26775645167335,7.07922327164357,-1.38711257660899));
#4029=CARTESIAN_POINT('',(-6.21306895813336,8.0547082207084,-1.33927008979062));
#4030=CARTESIAN_POINT('',(-6.15838145481821,8.77841582699644,-0.683209930017513));
#4031=CARTESIAN_POINT('',(-6.10369395650349,8.92175174481278,0.282542615846216));
#4032=CARTESIAN_POINT('',(-6.04900645564942,8.41957938784245,1.12084021577198));
#4033=CARTESIAN_POINT('',(-6.00343353939359,7.6532223498304,1.39416939511574));
#4034=CARTESIAN_POINT('',(-5.96697520588952,7.04007890254926,1.2855362839589));
#4035=CARTESIAN_POINT('',(-5.93051687263343,6.49694042569262,0.98044021726988));
#4036=CARTESIAN_POINT('',(-5.88494395591304,6.07808594457013,0.283207204782156));
#4037=CARTESIAN_POINT('',(-5.83025645594411,6.22168841776291,-0.683466054345062));
#4038=CARTESIAN_POINT('',(-5.77556895592918,6.94530969554463,-1.33919425017668));
#4039=CARTESIAN_POINT('',(-5.72088145593777,7.92080789973832,-1.3872143764399));
#4040=CARTESIAN_POINT('',(-5.66619395593259,8.705246682916,-0.805287808818587));
#4041=CARTESIAN_POINT('',(-5.61150645593535,8.94258691097586,0.142058460851486));
#4042=CARTESIAN_POINT('',(-5.55681895593391,8.52498738245442,1.02500419740629));
#4043=CARTESIAN_POINT('',(-5.50213145593466,7.64208401762763,1.44257156516455));
#4044=CARTESIAN_POINT('',(-5.44744395593427,6.69466749542235,1.20526650537552));
#4045=CARTESIAN_POINT('',(-5.39275645593447,6.11286037934162,0.420782798802545));
#4046=CARTESIAN_POINT('',(-5.33806895593437,6.16078272760476,-0.554721009531831));
#4047=CARTESIAN_POINT('',(-5.28338145593442,6.81668357500539,-1.27839608917783));
#4048=CARTESIAN_POINT('',(-5.22869395593439,7.78279418029471,-1.4217052016361));
#4049=CARTESIAN_POINT('',(-5.17400645593441,8.62052422626792,-0.919588989153637));
#4050=CARTESIAN_POINT('',(-5.1193189559344,8.94955621463967,-1.63771427624848E-06));
#4051=CARTESIAN_POINT('',(-5.06463145593441,8.62052641847312,0.919592991498778));
#4052=CARTESIAN_POINT('',(-5.00994395593442,7.78278882425683,1.42169869634504));
#4053=CARTESIAN_POINT('',(-4.95525645593439,6.81669445844336,1.27840797945251));
#4054=CARTESIAN_POINT('',(-4.90056895593444,6.16076161607781,0.554698509170609));
#4055=CARTESIAN_POINT('',(-4.84588145593433,6.11289986984407,-0.420740197103372));
#4056=CARTESIAN_POINT('',(-4.79119395593453,6.69460355169755,-1.20534332522079));
#4057=CARTESIAN_POINT('',(-4.73650645593421,7.64208606280397,-1.44250391028527));
#4058=CARTESIAN_POINT('',(-4.68181895593477,8.52501821496228,-1.02515369535474));
#4059=CARTESIAN_POINT('',(-4.62713145593374,8.94245116079384,-0.142000202994833));
#4060=CARTESIAN_POINT('',(-4.57244395593574,8.70536155893215,0.805328779510549));
#4061=CARTESIAN_POINT('',(-4.51775645593172,7.92075478311833,1.38716173639504));
#4062=CARTESIAN_POINT('',(-4.46306895594053,6.94521857292187,1.33921419452006));
#4063=CARTESIAN_POINT('',(-4.40838145592165,6.22169602793393,0.683387310226229));
#4064=CARTESIAN_POINT('',(-4.35369395596052,6.07813517597366,-0.282974341987154));
#4065=CARTESIAN_POINT('',(-4.30812103922157,6.49697456807154,-0.980589384001843));
#4066=CARTESIAN_POINT('',(-4.27166270599821,7.04004595786846,-1.28539961593211));
#4067=CARTESIAN_POINT('',(-4.23520437246014,7.65328067544503,-1.39425148928203));
#4068=CARTESIAN_POINT('',(-4.18963145622734,8.41954691373804,-1.12079843928373));
#4069=CARTESIAN_POINT('',(-4.13494395536123,8.92176882245178,-0.282563942099454));
#4070=CARTESIAN_POINT('',(-4.08025645705322,8.77840490861665,0.683223474632197));
#4071=CARTESIAN_POINT('',(-4.02556895373403,8.05471410821167,1.33926279416229));
#4072=CARTESIAN_POINT('',(-3.97088146019619,7.07922018915578,1.38711639552696));
#4073=CARTESIAN_POINT('',(-3.91619394771903,6.2947336191681,0.805344267523016));
#4074=CARTESIAN_POINT('',(-3.86150647175028,6.05742508759746,-0.142089596899719));
#4075=CARTESIAN_POINT('',(-3.80681892549726,6.47500385367292,-1.0249854945852));
#4076=CARTESIAN_POINT('',(-3.75213151450397,7.3579253097833,-1.44258603726824));
#4077=CARTESIAN_POINT('',(-3.69744384323476,8.30531848284002,-1.20524985222457));
#4078=CARTESIAN_POINT('',(-3.64275667277501,8.88716456231507,-0.420809007448779));
#4079=CARTESIAN_POINT('',(-3.58806853885946,8.83917031540809,0.554768250452542));
#4080=CARTESIAN_POINT('',(-3.53338225685037,8.1834064679853,1.27830831758482));
#4081=CARTESIAN_POINT('',(-3.47869243014359,7.21703068547233,1.42185856100577));
#4082=CARTESIAN_POINT('',(-3.42400922215453,6.37981257541439,0.919460686989852));
#4083=CARTESIAN_POINT('',(-3.38754364433338,6.15963731751173,0.306617392924983));
#4084=CARTESIAN_POINT('',(-3.36411871685997,6.16063782186713,-0.0875728207273119));
#4085=CARTESIAN_POINT('',(-3.35365775259906,6.17770376329179,-0.263352332718005));
#4086=CARTESIAN_POINT('',(-3.33473539701032,6.28029418859991,-0.59945014103783));
#4087=CARTESIAN_POINT('',(-3.30881335557528,6.62633804152807,-1.1231771932493));
#4088=CARTESIAN_POINT('',(-3.30651873220782,7.14902084599013,-1.34021267261673));
#4089=CARTESIAN_POINT('',(-3.30693241613415,7.85047617238734,-1.34054305193364));
#4090=CARTESIAN_POINT('',(-3.30674831444871,8.5501944634284,-1.04929993060745));
#4091=CARTESIAN_POINT('',(-3.30681895593441,8.83944393348997,-0.350665046570152));
#4092=CARTESIAN_POINT('',(-3.30681895593441,8.83944209440867,-2.62454955769731E-15));
#4093=CARTESIAN_POINT('',(-7.02896714829634,8.76210380250578,0.0));
#4094=CARTESIAN_POINT('',(-7.02896714829634,8.76211531509177,0.33041754123469));
#4095=CARTESIAN_POINT('',(-7.02903778978204,8.48954862989453,0.988714477506349));
#4096=CARTESIAN_POINT('',(-7.02885368809661,7.83024298837865,1.26314123796079));
#4097=CARTESIAN_POINT('',(-7.02926737202294,7.16928448543381,1.26282936190646));
#4098=CARTESIAN_POINT('',(-7.02697274865546,6.67678366454919,1.05832698944259));
#4099=CARTESIAN_POINT('',(-7.00105070722045,6.35071881530568,0.564837602631353));
#4100=CARTESIAN_POINT('',(-6.98212835163169,6.25405188975867,0.248147397073593));
#4101=CARTESIAN_POINT('',(-6.97166738737078,6.23797207169419,0.0825159752979211));
#4102=CARTESIAN_POINT('',(-6.94824245989737,6.23702773239415,-0.288912853634906));
#4103=CARTESIAN_POINT('',(-6.91177688207622,6.44449184292362,-0.866372429963697));
#4104=CARTESIAN_POINT('',(-6.85709367408716,7.23336886152267,-1.3397611523154));
#4105=CARTESIAN_POINT('',(-6.8024038473804,8.14394727628521,-1.20450006172746));
#4106=CARTESIAN_POINT('',(-6.7477175653713,8.76184761424365,-0.522736295163977));
#4107=CARTESIAN_POINT('',(-6.69302943145575,8.80707090574884,0.396511845263356));
#4108=CARTESIAN_POINT('',(-6.63834226099598,8.25881992007802,1.13565960314873));
#4109=CARTESIAN_POINT('',(-6.58365458972683,7.36612880751117,1.35929254392575));
#4110=CARTESIAN_POINT('',(-6.52896717873339,6.53418588674433,0.965803164772774));
#4111=CARTESIAN_POINT('',(-6.47427963248067,6.14071896573115,0.13388643843255));
#4112=CARTESIAN_POINT('',(-6.41959215651133,6.36432322521598,-0.75884623431563));
#4113=CARTESIAN_POINT('',(-6.3649046440353,7.10351853776278,-1.30702179600789));
#4114=CARTESIAN_POINT('',(-6.31021715049532,8.02267989505698,-1.26194178270067));
#4115=CARTESIAN_POINT('',(-6.25552964718014,8.70460101088829,-0.643761846738944));
#4116=CARTESIAN_POINT('',(-6.20084214886543,8.83966093048512,0.26622870867257));
#4117=CARTESIAN_POINT('',(-6.14615464801135,8.36648386394794,1.05612390310819));
#4118=CARTESIAN_POINT('',(-6.10058173175555,7.6443750883401,1.3136713977666));
#4119=CARTESIAN_POINT('',(-6.06412339825147,7.06663460045494,1.2113102073354));
#4120=CARTESIAN_POINT('',(-6.0276650649954,6.5548560124273,0.923830643215438));
#4121=CARTESIAN_POINT('',(-5.982092148275,6.16018640731443,0.266854956046323));
#4122=CARTESIAN_POINT('',(-5.92740464830605,6.29549678865606,-0.644003261583885));
#4123=CARTESIAN_POINT('',(-5.87271714829112,6.97733727241197,-1.26187038667658));
#4124=CARTESIAN_POINT('',(-5.8180296482997,7.89651068283436,-1.30711753064153));
#4125=CARTESIAN_POINT('',(-5.76334214829452,8.63565677779768,-0.758791268553758));
#4126=CARTESIAN_POINT('',(-5.7086546482973,8.85929308981812,0.133856184606408));
#4127=CARTESIAN_POINT('',(-5.65396714829585,8.46580546103366,0.965821257557075));
#4128=CARTESIAN_POINT('',(-5.59927964829661,7.63388019465226,1.35927867557741));
#4129=CARTESIAN_POINT('',(-5.5445921482962,6.74116674182849,1.13567539091495));
#4130=CARTESIAN_POINT('',(-5.48990464829642,6.19295268855789,0.396487147330757));
#4131=CARTESIAN_POINT('',(-5.4352171482963,6.23810804249105,-0.522691872635522));
#4132=CARTESIAN_POINT('',(-5.38052964829637,6.85613770804102,-1.20458254006732));
#4133=CARTESIAN_POINT('',(-5.32584214829634,7.76646587494668,-1.33961710172596));
#4134=CARTESIAN_POINT('',(-5.27115464829634,8.55582607067682,-0.866492671675469));
#4135=CARTESIAN_POINT('',(-5.21646714829635,8.86586001998706,-1.5401090538874E-06));
#4136=CARTESIAN_POINT('',(-5.16177964829633,8.55582813646766,0.866496435407753));
#4137=CARTESIAN_POINT('',(-5.10709214829635,7.76646082798778,1.33961098452658));
#4138=CARTESIAN_POINT('',(-5.05240464829633,6.85614796278587,1.20459372052184));
#4139=CARTESIAN_POINT('',(-4.99771714829638,6.23808815207201,0.522670716357945));
#4140=CARTESIAN_POINT('',(-4.94302964829628,6.19298989081936,-0.396447092397651));
#4141=CARTESIAN_POINT('',(-4.88834214829648,6.74110651537528,-1.1357476129753));
#4142=CARTESIAN_POINT('',(-4.83365464829616,7.63388210521621,-1.35921503803015));
#4143=CARTESIAN_POINT('',(-4.7789671482967,8.46583446405021,-0.965962060718918));
#4144=CARTESIAN_POINT('',(-4.72427964829569,8.85916531724764,-0.13380126382325));
#4145=CARTESIAN_POINT('',(-4.66959214829768,8.63576485340659,0.758829715178494));
#4146=CARTESIAN_POINT('',(-4.61490464829367,7.89646080893166,1.3070682602299));
#4147=CARTESIAN_POINT('',(-4.56021714830246,6.9772511648644,1.26188892385405));
#4148=CARTESIAN_POINT('',(-4.50552964828359,6.29550424099596,0.643929078993804));
#4149=CARTESIAN_POINT('',(-4.45084214832247,6.16023259201088,-0.266635462351709));
#4150=CARTESIAN_POINT('',(-4.40526923158352,6.55488819155314,-0.923971361421073));
#4151=CARTESIAN_POINT('',(-4.36881089836014,7.06660361202648,-1.21118128568868));
#4152=CARTESIAN_POINT('',(-4.33235256482209,7.64443001380833,-1.31374881703906));
#4153=CARTESIAN_POINT('',(-4.28677964858927,8.36645327912168,-1.05608450962555));
#4154=CARTESIAN_POINT('',(-4.23209214772315,8.83967701534941,-0.266248817222851));
#4155=CARTESIAN_POINT('',(-4.17740464941516,8.7045907261792,0.643774619208712));
#4156=CARTESIAN_POINT('',(-4.12271714609597,8.0226854414087,1.26193490215361));
#4157=CARTESIAN_POINT('',(-4.06802965255814,7.10351563365493,1.30702539802235));
#4158=CARTESIAN_POINT('',(-4.01334214008097,6.36432473688353,0.758844359402913));
#4159=CARTESIAN_POINT('',(-3.95865466411222,6.14071817981265,-0.133885463645691));
#4160=CARTESIAN_POINT('',(-3.90396711785919,6.53418629524863,-0.965803671459436));
#4161=CARTESIAN_POINT('',(-3.84927970686591,7.3661285951805,-1.35929228055526));
#4162=CARTESIAN_POINT('',(-3.79459203559668,8.25882003045863,-1.13565974006636));
#4163=CARTESIAN_POINT('',(-3.73990486513696,8.80707084833401,-0.396511774043126));
#4164=CARTESIAN_POINT('',(-3.68521673122138,8.76184764417212,0.522736258037866));
#4165=CARTESIAN_POINT('',(-3.63053044921232,8.1439472605609,1.20450008123444));
#4166=CARTESIAN_POINT('',(-3.57584062250553,7.23336887002786,1.33976114176299));
#4167=CARTESIAN_POINT('',(-3.52115741451647,6.44449183772742,0.866372436411944));
#4168=CARTESIAN_POINT('',(-3.48469183669531,6.23702773484485,0.28891285059221));
#4169=CARTESIAN_POINT('',(-3.46126690922191,6.23797207141959,-0.0825159749562313));
#4170=CARTESIAN_POINT('',(-3.450805944961,6.25405188987054,-0.24814739721291));
#4171=CARTESIAN_POINT('',(-3.43188358937226,6.35071881524994,-0.564837602561955));
#4172=CARTESIAN_POINT('',(-3.40596154793723,6.67678366459841,-1.05832698950386));
#4173=CARTESIAN_POINT('',(-3.40366692456977,7.16928448541509,-1.26282936188316));
#4174=CARTESIAN_POINT('',(-3.40408060849609,7.83024298838661,-1.26314123797073));
#4175=CARTESIAN_POINT('',(-3.40389650681064,8.48954862988947,-0.988714477500024));
#4176=CARTESIAN_POINT('',(-3.40396714829634,8.76211531509183,-0.330417541234801));
#4177=CARTESIAN_POINT('',(-3.40396714829634,8.76210380250578,-2.47301021108866E-15));
#4178=CARTESIAN_POINT('',(-7.02886104303561,8.63794523623496,0.0));
#4179=CARTESIAN_POINT('',(-7.02886104303561,8.63794460617438,0.29791339145772));
#4180=CARTESIAN_POINT('',(-7.0289316845213,8.39221201366843,0.891450091139315));
#4181=CARTESIAN_POINT('',(-7.02874758283586,7.79775216445759,1.13888056255682));
#4182=CARTESIAN_POINT('',(-7.02916126676218,7.20182020224799,1.13860001173075));
#4183=CARTESIAN_POINT('',(-7.02686664339472,6.75776575417832,0.954213550996229));
#4184=CARTESIAN_POINT('',(-7.00094460195969,6.46377875062556,0.509272979154636));
#4185=CARTESIAN_POINT('',(-6.98202224637095,6.37662135111083,0.223735157668473));
#4186=CARTESIAN_POINT('',(-6.97156128211004,6.36212252998283,0.0743990456364228));
#4187=CARTESIAN_POINT('',(-6.94813635463663,6.36127289129223,-0.260492049882571));
#4188=CARTESIAN_POINT('',(-6.91167077681549,6.54832608331985,-0.781142915892668));
#4189=CARTESIAN_POINT('',(-6.85698756882641,7.25959877229452,-1.20796362609783));
#4190=CARTESIAN_POINT('',(-6.80229774211964,8.08059928068648,-1.086007951046));
#4191=CARTESIAN_POINT('',(-6.74761146011054,8.63771433096853,-0.47131262585292));
#4192=CARTESIAN_POINT('',(-6.69292332619501,8.67848869404962,0.357505347047666));
#4193=CARTESIAN_POINT('',(-6.63823615573523,8.18417157274756,1.02393986248544));
#4194=CARTESIAN_POINT('',(-6.5835484844661,7.37929828105823,1.22557312383423));
#4195=CARTESIAN_POINT('',(-6.52886107347265,6.62919716309495,0.870792962390291));
#4196=CARTESIAN_POINT('',(-6.47417352721994,6.27443727808939,0.120715449269031));
#4197=CARTESIAN_POINT('',(-6.4194860512506,6.47604459759978,-0.684195258790546));
#4198=CARTESIAN_POINT('',(-6.36479853877455,7.14252216348304,-1.17844449228275));
#4199=CARTESIAN_POINT('',(-6.31011104523457,7.97126154819419,-1.13779909488708));
#4200=CARTESIAN_POINT('',(-6.25542354191941,8.58609938844848,-0.580432344603008));
#4201=CARTESIAN_POINT('',(-6.20073604360469,8.70787277107654,0.240038791781274));
#4202=CARTESIAN_POINT('',(-6.14604854275062,8.28124386003613,0.952228367164114));
#4203=CARTESIAN_POINT('',(-6.1004756264948,7.6301726609642,1.18443967603313));
#4204=CARTESIAN_POINT('',(-6.06401729299072,7.10926635573272,1.09214872010408));
#4205=CARTESIAN_POINT('',(-6.02755895973464,6.64783416698064,0.832949185626408));
#4206=CARTESIAN_POINT('',(-5.98198604301425,6.29198927320768,0.240603397321125));
#4207=CARTESIAN_POINT('',(-5.92729854304531,6.41398926996533,-0.580649921577065));
#4208=CARTESIAN_POINT('',(-5.87261104303038,7.02875360880849,-1.13773464958706));
#4209=CARTESIAN_POINT('',(-5.81792354303896,7.8575043525278,-1.17853102002004));
#4210=CARTESIAN_POINT('',(-5.76323604303379,8.52393728777392,-0.684145580999897));
#4211=CARTESIAN_POINT('',(-5.70854854303655,8.72557363219601,0.120688106258878));
#4212=CARTESIAN_POINT('',(-5.65386104303511,8.3707950199653,0.870809316045814));
#4213=CARTESIAN_POINT('',(-5.59917354303587,7.62070983438213,1.2255605847035));
#4214=CARTESIAN_POINT('',(-5.54448604303547,6.81581641885393,1.02395414280251));
#4215=CARTESIAN_POINT('',(-5.48979854303568,6.32153253936944,0.357483001578029));
#4216=CARTESIAN_POINT('',(-5.43511104303557,6.36224576413178,-0.471272429478405));
#4217=CARTESIAN_POINT('',(-5.38042354303562,6.91947720305773,-1.08608259130674));
#4218=CARTESIAN_POINT('',(-5.32573604303559,7.74025248406802,-1.20783322348437));
#4219=CARTESIAN_POINT('',(-5.27104854303561,8.45195993274931,-0.781252070617431));
#4220=CARTESIAN_POINT('',(-5.2163610430356,8.73149451329132,-1.39202994899871E-06));
#4221=CARTESIAN_POINT('',(-5.1616735430356,8.45196179513731,0.781255472562143));
#4222=CARTESIAN_POINT('',(-5.10698604303561,7.7402479337963,1.20782769400832));
#4223=CARTESIAN_POINT('',(-5.05229854303558,6.91948644932842,1.086092698107));
#4224=CARTESIAN_POINT('',(-4.99761104303564,6.36222782800306,0.471253303850525));
#4225=CARTESIAN_POINT('',(-4.94292354303553,6.32156609099449,-0.35744678909872));
#4226=CARTESIAN_POINT('',(-4.88823604303574,6.81576208875002,-1.02401944275439));
#4227=CARTESIAN_POINT('',(-4.8335485430354,7.6207115756004,-1.22550308249566));
#4228=CARTESIAN_POINT('',(-4.77886104303596,8.37082122527414,-0.870936338607018));
#4229=CARTESIAN_POINT('',(-4.72417354303494,8.72545827210275,-0.120638618313982));
#4230=CARTESIAN_POINT('',(-4.66948604303694,8.52403492016265,0.684180423853592));
#4231=CARTESIAN_POINT('',(-4.61479854303292,7.85745918700903,1.17848622476166));
#4232=CARTESIAN_POINT('',(-4.56011104304172,7.02867624928447,1.13775165093594));
#4233=CARTESIAN_POINT('',(-4.50542354302286,6.413995672187,0.580583019863399));
#4234=CARTESIAN_POINT('',(-4.45073604306172,6.29203114432516,-0.240405581957953));
#4235=CARTESIAN_POINT('',(-4.40516312632277,6.64786317138874,-0.833075875876129));
#4236=CARTESIAN_POINT('',(-4.36870479309941,7.10923835491494,-1.09203264396068));
#4237=CARTESIAN_POINT('',(-4.33224645956134,7.63022221973706,-1.18450940588584));
#4238=CARTESIAN_POINT('',(-4.28667354332853,8.28121626792773,-0.95219288178759));
#4239=CARTESIAN_POINT('',(-4.23198604246242,8.7078872811757,-0.24005690679142));
#4240=CARTESIAN_POINT('',(-4.17729854415441,8.58609011182881,0.580443849433242));
#4241=CARTESIAN_POINT('',(-4.12261104083522,7.9712665502919,1.13779289814661));
#4242=CARTESIAN_POINT('',(-4.06792354729739,7.14251954461485,1.17844773590127));
#4243=CARTESIAN_POINT('',(-4.01323603482023,6.47604596066375,0.684193570635008));
#4244=CARTESIAN_POINT('',(-3.95854855885147,6.27443656949632,-0.120714571685444));
#4245=CARTESIAN_POINT('',(-3.90386101259845,6.62919753137228,-0.870793418495529));
#4246=CARTESIAN_POINT('',(-3.84917360160517,7.37929808965503,-1.22557288678512));
#4247=CARTESIAN_POINT('',(-3.79448593033595,8.18417167223904,-1.0239399857035));
#4248=CARTESIAN_POINT('',(-3.73979875987622,8.67848864230437,-0.357505282962421));
#4249=CARTESIAN_POINT('',(-3.68511062596065,8.63771435793817,0.471312592451722));
#4250=CARTESIAN_POINT('',(-3.63042434395156,8.08059926651953,1.08600796859136));
#4251=CARTESIAN_POINT('',(-3.57573451724479,7.25959877995428,1.20796361661153));
#4252=CARTESIAN_POINT('',(-3.52105130925572,6.54832607864353,0.781142921684083));
#4253=CARTESIAN_POINT('',(-3.48458573143457,6.36127289349379,0.260492047156125));
#4254=CARTESIAN_POINT('',(-3.46116080396116,6.36212252973809,-0.0743990453333605));
#4255=CARTESIAN_POINT('',(-3.45069983970026,6.37662135121023,-0.223735157791553));
#4256=CARTESIAN_POINT('',(-3.43177748411151,6.46377875057594,-0.509272979093186));
#4257=CARTESIAN_POINT('',(-3.40585544267647,6.75776575422216,-0.954213551050523));
#4258=CARTESIAN_POINT('',(-3.40356081930902,7.20182020223134,-1.13860001171014));
#4259=CARTESIAN_POINT('',(-3.40397450323535,7.79775216446467,-1.13888056256558));
#4260=CARTESIAN_POINT('',(-3.40379040154991,8.39221201366398,-0.891450091133819));
#4261=CARTESIAN_POINT('',(-3.40386104303561,8.63794460617436,-0.297913391457716));
#4262=CARTESIAN_POINT('',(-3.40386104303561,8.63794523623496,-2.22972958585617E-15));
#4263=CARTESIAN_POINT('',(-6.93184959983358,8.56044794538174,0.0));
#4264=CARTESIAN_POINT('',(-6.93184959983358,8.56042131890499,0.277625690489724));
#4265=CARTESIAN_POINT('',(-6.93192024131927,8.33147238542944,0.830739105325989));
#4266=CARTESIAN_POINT('',(-6.93173613963385,7.77746634837486,1.06131944998286));
#4267=CARTESIAN_POINT('',(-6.93214982356016,7.22213137732506,1.06105953006694));
#4268=CARTESIAN_POINT('',(-6.9298552001927,6.80831108971408,0.889225900448804));
#4269=CARTESIAN_POINT('',(-6.90393315875769,6.53434885632552,0.474592117499781));
#4270=CARTESIAN_POINT('',(-6.88501080316891,6.45312708879084,0.208495995690046));
#4271=CARTESIAN_POINT('',(-6.87454983890802,6.43961368288879,0.0693334919742531));
#4272=CARTESIAN_POINT('',(-6.85112491143461,6.43882616856265,-0.242753680252383));
#4273=CARTESIAN_POINT('',(-6.81465933361346,6.61313629012138,-0.727943120620751));
#4274=CARTESIAN_POINT('',(-6.7599761256244,7.27597139505872,-1.12569913054132));
#4275=CARTESIAN_POINT('',(-6.70528629891763,8.0410584976784,-1.01204709407146));
#4276=CARTESIAN_POINT('',(-6.65060001690853,8.56023295617467,-0.439215240258063));
#4277=CARTESIAN_POINT('',(-6.59591188299299,8.5982301878246,0.333158394539676));
#4278=CARTESIAN_POINT('',(-6.54122471253321,8.13757760932233,0.954206582615003));
#4279=CARTESIAN_POINT('',(-6.48653704126407,7.38751838592359,1.14210817238655));
#4280=CARTESIAN_POINT('',(-6.43184963027063,6.68850129602852,0.811489494652167));
#4281=CARTESIAN_POINT('',(-6.37716208401791,6.35790157912984,0.112494371943954));
#4282=CARTESIAN_POINT('',(-6.32247460804858,6.54577879972896,-0.637599588741105));
#4283=CARTESIAN_POINT('',(-6.26778709557252,7.16686751776778,-1.0981891780483));
#4284=CARTESIAN_POINT('',(-6.21309960203256,7.93916710693568,-1.06031161447257));
#4285=CARTESIAN_POINT('',(-6.15841209871738,8.51213329538289,-0.540903526316286));
#4286=CARTESIAN_POINT('',(-6.10372460040267,8.62561329835838,0.223691810086784));
#4287=CARTESIAN_POINT('',(-6.04903709954859,8.22803830742295,0.887378693231349));
#4288=CARTESIAN_POINT('',(-6.00346418329278,7.62130840831609,1.10377543862875));
#4289=CARTESIAN_POINT('',(-5.96700584978871,7.1358758113147,1.01777099963092));
#4290=CARTESIAN_POINT('',(-5.93054751653263,6.7058697463391,0.776222342320113));
#4291=CARTESIAN_POINT('',(-5.88497459981223,6.37425740427012,0.224217881159373));
#4292=CARTESIAN_POINT('',(-5.83028709984329,6.48795045995939,-0.541106075532977));
#4293=CARTESIAN_POINT('',(-5.77559959982836,7.06084625716773,-1.06025138588337));
#4294=CARTESIAN_POINT('',(-5.72091209983695,7.83315759441149,-1.09827031186025));
#4295=CARTESIAN_POINT('',(-5.66622459983176,8.45420411867735,-0.637553012125705));
#4296=CARTESIAN_POINT('',(-5.61153709983454,8.64210868437289,0.112468736437547));
#4297=CARTESIAN_POINT('',(-5.55684959983309,8.31149138184484,0.811504830919792));
#4298=CARTESIAN_POINT('',(-5.50216209983384,7.61248917413214,1.14209640426107));
#4299=CARTESIAN_POINT('',(-5.44747459983344,6.86241124163755,0.954219998392476));
#4300=CARTESIAN_POINT('',(-5.39278709983365,6.40178950537578,0.333137388329268));
#4301=CARTESIAN_POINT('',(-5.33809959983355,6.4397300366086,-0.439177441086743));
#4302=CARTESIAN_POINT('',(-5.2834120998336,6.95901244546966,-1.01211730308728));
#4303=CARTESIAN_POINT('',(-5.22872459983358,7.72389061130465,-1.12557637203939));
#4304=CARTESIAN_POINT('',(-5.17403709983359,8.38712877400978,-0.728046595763664));
#4305=CARTESIAN_POINT('',(-5.11934959983358,8.64762626108416,-1.30533619949969E-06));
#4306=CARTESIAN_POINT('',(-5.06466209983358,8.38713050913301,0.728049786050917));
#4307=CARTESIAN_POINT('',(-5.00997459983359,7.72388637138326,1.12557118590321));
#4308=CARTESIAN_POINT('',(-4.95528709983357,6.95902106282136,1.0121267835854));
#4309=CARTESIAN_POINT('',(-4.90059959983362,6.4397133162683,0.439159498334874));
#4310=CARTESIAN_POINT('',(-4.84591209983352,6.40182079358486,-0.33310341043333));
#4311=CARTESIAN_POINT('',(-4.79122459983371,6.86236054443516,-0.954281283291126));
#4312=CARTESIAN_POINT('',(-4.7365370998334,7.61249084076936,-1.14204252258305));
#4313=CARTESIAN_POINT('',(-4.68184959983394,8.31151593362412,-0.811623370354778));
#4314=CARTESIAN_POINT('',(-4.62716209983293,8.64200080917833,-0.112422689819756));
#4315=CARTESIAN_POINT('',(-4.57247459983492,8.45429554816796,0.637585903977962));
#4316=CARTESIAN_POINT('',(-4.51778709983091,7.83311503668996,1.09822768799132));
#4317=CARTESIAN_POINT('',(-4.46309959983971,7.0607748217643,1.06026790993952));
#4318=CARTESIAN_POINT('',(-4.40841209982082,6.48795567645522,0.541043690322277));
#4319=CARTESIAN_POINT('',(-4.35372459985971,6.37429696735039,-0.224033740490603));
#4320=CARTESIAN_POINT('',(-4.30815168312075,6.70589675389811,-0.776339967304269));
#4321=CARTESIAN_POINT('',(-4.27169334989739,7.1358495735098,-1.01766321393192));
#4322=CARTESIAN_POINT('',(-4.23523501635933,7.62135467845882,-1.10384024619671));
#4323=CARTESIAN_POINT('',(-4.18966210012651,8.22801255647353,-0.887345702083145));
#4324=CARTESIAN_POINT('',(-4.1349745992604,8.62562683818682,-0.223708655049192));
#4325=CARTESIAN_POINT('',(-4.0802871009524,8.5121246418675,0.540914221248567));
#4326=CARTESIAN_POINT('',(-4.02559959763321,7.93917177160325,1.0603058561555));
#4327=CARTESIAN_POINT('',(-3.97091210409537,7.16686507618795,1.09819219118803));
#4328=CARTESIAN_POINT('',(-3.91622459161822,6.54578007021426,0.637598021026363));
#4329=CARTESIAN_POINT('',(-3.86153711564946,6.3579009188206,-0.112493557222853));
#4330=CARTESIAN_POINT('',(-3.80684956939643,6.68850163912898,-0.811489917953534));
#4331=CARTESIAN_POINT('',(-3.75216215840315,7.38751820764917,-1.14210795245673));
#4332=CARTESIAN_POINT('',(-3.69747448713394,8.13757770196599,-0.954206696896659));
#4333=CARTESIAN_POINT('',(-3.64278731667419,8.59823013965396,-0.333158335123305));
#4334=CARTESIAN_POINT('',(-3.58809918275863,8.56023298127306,0.439215209303423));
#4335=CARTESIAN_POINT('',(-3.53341290074956,8.04105848450094,1.01204711032112));
#4336=CARTESIAN_POINT('',(-3.47872307404277,7.27597140217615,1.12569912176735));
#4337=CARTESIAN_POINT('',(-3.42403986605371,6.61313628578402,0.727943125964569));
#4338=CARTESIAN_POINT('',(-3.38757428823256,6.43882617059533,0.242753677751646));
#4339=CARTESIAN_POINT('',(-3.36414936075915,6.43961368266742,-0.0693334917036888));
#4340=CARTESIAN_POINT('',(-3.35368839649825,6.45312708888002,-0.208495995798755));
#4341=CARTESIAN_POINT('',(-3.3347660409095,6.5343488562808,-0.474592117445174));
#4342=CARTESIAN_POINT('',(-3.30884399947447,6.80831108975364,-0.889225900497143));
#4343=CARTESIAN_POINT('',(-3.30654937610701,7.22213137731009,-1.06105953004868));
#4344=CARTESIAN_POINT('',(-3.30696306003333,7.77746634838113,-1.06131944999052));
#4345=CARTESIAN_POINT('',(-3.30677895834789,8.33147238542559,-0.830739105321355));
#4346=CARTESIAN_POINT('',(-3.30684959983359,8.56042131890485,-0.277625690489471));
#4347=CARTESIAN_POINT('',(-3.30684959983359,8.56044794538174,-2.07787869115864E-15));
#4348=CARTESIAN_POINT('',(-6.81081341071225,8.58816764406523,0.0));
#4349=CARTESIAN_POINT('',(-6.81081341071225,8.58817100378926,0.284881488330057));
#4350=CARTESIAN_POINT('',(-6.81088405219796,8.35318019886984,0.852455142703983));
#4351=CARTESIAN_POINT('',(-6.8106999505125,7.78472869788974,1.0890620748044));
#4352=CARTESIAN_POINT('',(-6.81111363443885,7.21486294769793,1.0887935642364));
#4353=CARTESIAN_POINT('',(-6.80881901107137,6.79023404659088,0.912473464803363));
#4354=CARTESIAN_POINT('',(-6.78289696963634,6.50910651285248,0.486995333290807));
#4355=CARTESIAN_POINT('',(-6.7639746140476,6.42576167932316,0.213948550834206));
#4356=CARTESIAN_POINT('',(-6.75351364978669,6.41189738955338,0.0711443910723661));
#4357=CARTESIAN_POINT('',(-6.73008872231327,6.41108426849394,-0.249096956807843));
#4358=CARTESIAN_POINT('',(-6.69362314449215,6.58995576010229,-0.746973336491574));
#4359=CARTESIAN_POINT('',(-6.63893993650306,7.27011464488083,-1.15512300202046));
#4360=CARTESIAN_POINT('',(-6.5842501097963,8.0552019449206,-1.03850236997193));
#4361=CARTESIAN_POINT('',(-6.52956382778719,8.58794681035372,-0.450695758317175));
#4362=CARTESIAN_POINT('',(-6.47487569387166,8.62693760711129,0.341866821739436));
#4363=CARTESIAN_POINT('',(-6.42018852341189,8.1542435742155,0.979149264640578));
#4364=CARTESIAN_POINT('',(-6.36550085214274,7.38457818809053,1.17196238295986));
#4365=CARTESIAN_POINT('',(-6.3108134411493,6.66728903947145,0.832701519067444));
#4366=CARTESIAN_POINT('',(-6.25612589489658,6.32804755512385,0.115434947314285));
#4367=CARTESIAN_POINT('',(-6.20143841892725,6.52083589591567,-0.654266238383405));
#4368=CARTESIAN_POINT('',(-6.1467509064512,7.15815944349338,-1.12689531122805));
#4369=CARTESIAN_POINT('',(-6.09206341291123,7.95064699625386,-1.08802791707429));
#4370=CARTESIAN_POINT('',(-6.03737590959605,8.53858965678974,-0.555042220514548));
#4371=CARTESIAN_POINT('',(-5.98268841128135,8.65503629852267,0.229538627577913));
#4372=CARTESIAN_POINT('',(-5.92800091042726,8.24706969499239,0.910574696649155));
#4373=CARTESIAN_POINT('',(-5.88242799417144,7.62447833337439,1.13262834176575));
#4374=CARTESIAN_POINT('',(-5.84596966066736,7.12635846634176,1.04437431698391));
#4375=CARTESIAN_POINT('',(-5.8095113274113,6.68511069412701,0.796513255690605));
#4376=CARTESIAN_POINT('',(-5.7639384106909,6.34483189253183,0.230078548017396));
#4377=CARTESIAN_POINT('',(-5.70925091072196,6.4614949507265,-0.555250311909306));
#4378=CARTESIAN_POINT('',(-5.65456341070704,7.04936761347507,-1.08796631703267));
#4379=CARTESIAN_POINT('',(-5.59987591071561,7.84186585144999,-1.1269779780402));
#4380=CARTESIAN_POINT('',(-5.54518841071044,8.47914681238106,-0.654218776581625));
#4381=CARTESIAN_POINT('',(-5.49050091071321,8.67196286326464,0.1154088239097));
#4382=CARTESIAN_POINT('',(-5.43581341071176,8.33270349124092,0.83271714269875));
#4383=CARTESIAN_POINT('',(-5.38112591071251,7.61542957276378,1.1719504049545));
#4384=CARTESIAN_POINT('',(-5.32643841071212,6.84574493635145,0.979162903855893));
#4385=CARTESIAN_POINT('',(-5.27175091071232,6.37308271181399,0.341845481510986));
#4386=CARTESIAN_POINT('',(-5.21706341071221,6.41201500292615,-0.450657372047304));
#4387=CARTESIAN_POINT('',(-5.16237591071227,6.94487124365803,-1.03857364600852));
#4388=CARTESIAN_POINT('',(-5.10768841071224,7.72974302367185,-1.15499849183685));
#4389=CARTESIAN_POINT('',(-5.05300091071224,8.41031796885425,-0.747077449498744));
#4390=CARTESIAN_POINT('',(-4.99831341071226,8.67762475640502,-1.32990417750731E-06));
#4391=CARTESIAN_POINT('',(-4.94362591071224,8.41031974984061,0.747080699583829));
#4392=CARTESIAN_POINT('',(-4.88893841071226,7.72973867237388,1.15499320929573));
#4393=CARTESIAN_POINT('',(-4.83425091071222,6.94488008534698,1.03858330126894));
#4394=CARTESIAN_POINT('',(-4.77956341071229,6.41199785225392,0.450639101243169));
#4395=CARTESIAN_POINT('',(-4.72487591071217,6.37311479249863,-0.341810888327882));
#4396=CARTESIAN_POINT('',(-4.67018841071239,6.845692993046,-0.979225281622627));
#4397=CARTESIAN_POINT('',(-4.61550091071205,7.61543123111995,-1.17189546305791));
#4398=CARTESIAN_POINT('',(-4.56081341071261,8.33272853028796,-0.832838583378719));
#4399=CARTESIAN_POINT('',(-4.50612591071158,8.67185260593492,-0.115361489923304));
#4400=CARTESIAN_POINT('',(-4.45143841071359,8.47924010611068,0.654252031093565));
#4401=CARTESIAN_POINT('',(-4.39675091070956,7.84182273285241,1.1269352760748));
#4402=CARTESIAN_POINT('',(-4.34206341071837,7.04929353814349,1.0879824711306));
#4403=CARTESIAN_POINT('',(-4.2873759106995,6.46150118697238,0.555186342743792));
#4404=CARTESIAN_POINT('',(-4.23268841073836,6.34487184936303,-0.229889354895364));
#4405=CARTESIAN_POINT('',(-4.18711549399942,6.68513843306541,-0.796634470619288));
#4406=CARTESIAN_POINT('',(-4.15065716077605,7.12633171227452,-1.04426325977245));
#4407=CARTESIAN_POINT('',(-4.11419882723798,7.62452571112167,-1.13269504779565));
#4408=CARTESIAN_POINT('',(-4.06862591100518,8.24704331562991,-0.910540751719746));
#4409=CARTESIAN_POINT('',(-4.01393841013906,8.65505017117583,-0.22955595570925));
#4410=CARTESIAN_POINT('',(-3.95925091183105,8.53858078727863,0.555053226099451));
#4411=CARTESIAN_POINT('',(-3.90456340851186,7.95065177905181,1.08802198890364));
#4412=CARTESIAN_POINT('',(-3.84987591497404,7.15815693934528,1.12689841441727));
#4413=CARTESIAN_POINT('',(-3.79518840249688,6.52083719931656,0.654264623240796));
#4414=CARTESIAN_POINT('',(-3.74050092652811,6.328046877523,-0.115434107648004));
#4415=CARTESIAN_POINT('',(-3.68581338027509,6.66728939165371,-0.83270195548613));
#4416=CARTESIAN_POINT('',(-3.63112596928181,7.38457800504569,-1.17196215613165));
#4417=CARTESIAN_POINT('',(-3.57643829801258,8.15424366936585,-0.979149382551569));
#4418=CARTESIAN_POINT('',(-3.52175112755286,8.62693755762184,-0.341866760411165));
#4419=CARTESIAN_POINT('',(-3.46706299363729,8.58794683614889,0.450695726350911));
#4420=CARTESIAN_POINT('',(-3.41237671162821,8.05520193136959,1.03850238676513));
#4421=CARTESIAN_POINT('',(-3.35768688492143,7.27011465220867,1.15512299293903));
#4422=CARTESIAN_POINT('',(-3.30300367693237,6.5899557556274,0.746973342037745));
#4423=CARTESIAN_POINT('',(-3.26653809911122,6.41108427060208,0.24909695419457));
#4424=CARTESIAN_POINT('',(-3.24311317163781,6.41189738931833,-0.0711443907807563));
#4425=CARTESIAN_POINT('',(-3.2326522073769,6.42576167941875,-0.213948550952813));
#4426=CARTESIAN_POINT('',(-3.21372985178815,6.50910651280482,-0.486995333231641));
#4427=CARTESIAN_POINT('',(-3.18780781035312,6.79023404663298,-0.912473464855626));
#4428=CARTESIAN_POINT('',(-3.18551318698566,7.21486294768193,-1.08879356421655));
#4429=CARTESIAN_POINT('',(-3.18592687091199,7.78472869789654,-1.08906207481285));
#4430=CARTESIAN_POINT('',(-3.18574276922654,8.35318019886556,-0.852455142698654));
#4431=CARTESIAN_POINT('',(-3.18581341071224,8.58817100378926,-0.28488148833009));
#4432=CARTESIAN_POINT('',(-3.18581341071224,8.58816764406523,-2.13219363558429E-15));
#4433=CARTESIAN_POINT('',(-6.77489466570785,8.66272061297191,0.0));
#4434=CARTESIAN_POINT('',(-6.77489466570785,8.66271401643267,0.304399809147562));
#4435=CARTESIAN_POINT('',(-6.77496530719353,8.41164243113982,0.910858605673158));
#4436=CARTESIAN_POINT('',(-6.77478120550811,7.80423299270202,1.16367627504673));
#4437=CARTESIAN_POINT('',(-6.77519488943442,7.19532920307397,1.16338996459464));
#4438=CARTESIAN_POINT('',(-6.77290026606697,6.74160514176197,0.974988028633881));
#4439=CARTESIAN_POINT('',(-6.74697822463193,6.44121822721048,0.52036135833135));
#4440=CARTESIAN_POINT('',(-6.72805586904319,6.35216322658681,0.228605831179558));
#4441=CARTESIAN_POINT('',(-6.71759490478229,6.33734828051439,0.0760191454365808));
#4442=CARTESIAN_POINT('',(-6.69416997730887,6.33648111768737,-0.266163919255188));
#4443=CARTESIAN_POINT('',(-6.65770439948772,6.52760587281092,-0.798149581594835));
#4444=CARTESIAN_POINT('',(-6.60302119149865,7.25436489125454,-1.23426373004875));
#4445=CARTESIAN_POINT('',(-6.54833136479189,8.09324002988809,-1.10965240088558));
#4446=CARTESIAN_POINT('',(-6.49364508278279,8.66248472403767,-0.481574135300085));
#4447=CARTESIAN_POINT('',(-6.43895694886725,8.7041467632878,0.36528900347203));
#4448=CARTESIAN_POINT('',(-6.38426977840747,8.19906738909013,1.04623309317544));
#4449=CARTESIAN_POINT('',(-6.32958210713835,7.37667035429392,1.25225634812212));
#4450=CARTESIAN_POINT('',(-6.27489469614489,6.61023801739782,0.889751891433313));
#4451=CARTESIAN_POINT('',(-6.22020714989218,6.24775429353007,0.123343666423797));
#4452=CARTESIAN_POINT('',(-6.16551967392283,6.45375099747156,-0.699091569443045));
#4453=CARTESIAN_POINT('',(-6.1108321614468,7.13473916895908,-1.20410164070237));
#4454=CARTESIAN_POINT('',(-6.05614466790681,7.98152182345616,-1.1625712573224));
#4455=CARTESIAN_POINT('',(-6.00145716459166,8.60974605562748,-0.593069595494425));
#4456=CARTESIAN_POINT('',(-5.94676966627694,8.73417063068358,0.245265000896888));
#4457=CARTESIAN_POINT('',(-5.89208216542286,8.29825297890563,0.972960258842924));
#4458=CARTESIAN_POINT('',(-5.84650924916705,7.63300698370787,1.21022720678732));
#4459=CARTESIAN_POINT('',(-5.81005091566296,7.10075915172658,1.11592717333638));
#4460=CARTESIAN_POINT('',(-5.77359258240689,6.6292809419271,0.851084031671922));
#4461=CARTESIAN_POINT('',(-5.72801966568649,6.26568824158045,0.24584188001752));
#4462=CARTESIAN_POINT('',(-5.67333216571756,6.39034479248656,-0.593291861519074));
#4463=CARTESIAN_POINT('',(-5.61864466570262,7.01849348965226,-1.16250536955218));
#4464=CARTESIAN_POINT('',(-5.56395716571122,7.86528801625519,-1.20419016636639));
#4465=CARTESIAN_POINT('',(-5.50926966570603,8.54623044764577,-0.699040745593811));
#4466=CARTESIAN_POINT('',(-5.4545821657088,8.7522568762951,0.123315692750798));
#4467=CARTESIAN_POINT('',(-5.39989466570735,8.38975398688922,0.889768623165587));
#4468=CARTESIAN_POINT('',(-5.34520716570811,7.62333793721868,1.2522435170273));
#4469=CARTESIAN_POINT('',(-5.29051966570772,6.80092035056326,1.0462477090913));
#4470=CARTESIAN_POINT('',(-5.23583216570793,6.2958749108996,0.365266129768509));
#4471=CARTESIAN_POINT('',(-5.18114466570782,6.33747454341171,-0.481532985977854));
#4472=CARTESIAN_POINT('',(-5.12645716570787,6.9068380432023,-1.10972881526044));
#4473=CARTESIAN_POINT('',(-5.07176966570784,7.74548326842481,-1.23413020559366));
#4474=CARTESIAN_POINT('',(-5.01708216570787,8.47268603357157,-0.798261513852818));
#4475=CARTESIAN_POINT('',(-4.96239466570785,8.75830664969701,-1.4241906775223E-06));
#4476=CARTESIAN_POINT('',(-4.90770716570785,8.47268793640902,0.798264994442526));
#4477=CARTESIAN_POINT('',(-4.85301966570786,7.74547861919049,1.23412454813239));
#4478=CARTESIAN_POINT('',(-4.79833216570784,6.90684749096097,1.10973915627975));
#4479=CARTESIAN_POINT('',(-4.74364466570789,6.33745621547112,0.481513416597273));
#4480=CARTESIAN_POINT('',(-4.68895716570779,6.29590919793684,-0.365229075927293));
#4481=CARTESIAN_POINT('',(-4.63426966570799,6.80086482223587,-1.046314529527));
#4482=CARTESIAN_POINT('',(-4.57958216570766,7.62333972640569,-1.25218469531887));
#4483=CARTESIAN_POINT('',(-4.52489466570822,8.38978079271712,-0.88989844955035));
#4484=CARTESIAN_POINT('',(-4.47020716570719,8.7521389196626,-0.123265143597256));
#4485=CARTESIAN_POINT('',(-4.4155196657092,8.54633030768112,0.699076443495214));
#4486=CARTESIAN_POINT('',(-4.36083216570518,7.86524176038016,1.20414419481186));
#4487=CARTESIAN_POINT('',(-4.30614466571398,7.0184145957559,1.1625228966325));
#4488=CARTESIAN_POINT('',(-4.25145716569511,6.39035116270747,0.593223494145262));
#4489=CARTESIAN_POINT('',(-4.19676966573397,6.26573114856579,-0.245639804198703));
#4490=CARTESIAN_POINT('',(-4.15119674899503,6.6293105728897,-0.851213380255546));
#4491=CARTESIAN_POINT('',(-4.11473841577166,7.10073050837264,-1.11580865806892));
#4492=CARTESIAN_POINT('',(-4.0782800822336,7.63305764124168,-1.21029841514073));
#4493=CARTESIAN_POINT('',(-4.03270716600078,8.29822477738733,-0.972924018611624));
#4494=CARTESIAN_POINT('',(-3.97801966513468,8.73418546079097,-0.245283501994447));
#4495=CARTESIAN_POINT('',(-3.92333216682668,8.60973657505728,0.593081344776039));
#4496=CARTESIAN_POINT('',(-3.86864466350748,7.98152693519737,1.16256492941725));
#4497=CARTESIAN_POINT('',(-3.81395716996964,7.13473649282958,1.20410495275118));
#4498=CARTESIAN_POINT('',(-3.75926965749248,6.45375239026933,0.699089845784014));
#4499=CARTESIAN_POINT('',(-3.70458218152373,6.24775356951558,-0.123342770441328));
#4500=CARTESIAN_POINT('',(-3.64989463527071,6.61023839367132,-0.889752357070698));
#4501=CARTESIAN_POINT('',(-3.59520722427742,7.37667015874491,-1.252256106135));
#4502=CARTESIAN_POINT('',(-3.54051955300821,8.19906749073124,-1.04623321895163));
#4503=CARTESIAN_POINT('',(-3.48583238254847,8.70414671042751,-0.365288938061128));
#4504=CARTESIAN_POINT('',(-3.43114424863291,8.66248475158662,0.48157410121096));
#4505=CARTESIAN_POINT('',(-3.37645796662383,8.09324001541832,1.10965241878989));
#4506=CARTESIAN_POINT('',(-3.32176813991705,7.25436489907633,1.23426372037107));
#4507=CARTESIAN_POINT('',(-3.26708493192799,6.52760586803746,0.798149587500184));
#4508=CARTESIAN_POINT('',(-3.23061935410684,6.33648111993254,0.266163916478532));
#4509=CARTESIAN_POINT('',(-3.20719442663342,6.33734828026585,-0.0760191451296313));
#4510=CARTESIAN_POINT('',(-3.19673346237252,6.35216322668759,-0.228605831303949));
#4511=CARTESIAN_POINT('',(-3.17781110678377,6.44121822716013,-0.520361358269171));
#4512=CARTESIAN_POINT('',(-3.15188906534874,6.74160514180647,-0.97498802868884));
#4513=CARTESIAN_POINT('',(-3.14959444198128,7.19532920305708,-1.1633899645738));
#4514=CARTESIAN_POINT('',(-3.15000812590761,7.80423299270917,-1.16367627505556));
#4515=CARTESIAN_POINT('',(-3.14982402422217,8.41164243113534,-0.910858605667654));
#4516=CARTESIAN_POINT('',(-3.14989466570787,8.66271401643264,-0.304399809147501));
#4517=CARTESIAN_POINT('',(-3.14989466570787,8.66272061297191,-2.27827532316598E-15));
#4518=CARTESIAN_POINT('',(-6.77488764615538,8.70001022168024,0.0));
#4519=CARTESIAN_POINT('',(-6.77488764615538,8.70000661322819,0.314162086070494));
#4520=CARTESIAN_POINT('',(-6.77495828764106,8.44087694334487,0.940070836303094));
#4521=CARTESIAN_POINT('',(-6.77477418595563,7.81399103724127,1.20099654794721));
#4522=CARTESIAN_POINT('',(-6.77518786988195,7.18555758023285,1.20070086789411));
#4523=CARTESIAN_POINT('',(-6.7728932465145,6.7172830213578,1.00625723582866));
#4524=CARTESIAN_POINT('',(-6.74697120507946,6.40726197847876,0.537049611348474));
#4525=CARTESIAN_POINT('',(-6.72804884949071,6.31535089936723,0.235937713970769));
#4526=CARTESIAN_POINT('',(-6.71758788522981,6.30006106841588,0.0784570038126583));
#4527=CARTESIAN_POINT('',(-6.6941629577564,6.29916557116277,-0.274699830843636));
#4528=CARTESIAN_POINT('',(-6.65769737993525,6.49642040602801,-0.823747249331411));
#4529=CARTESIAN_POINT('',(-6.60301417194618,7.2464870524995,-1.27384764473483));
#4530=CARTESIAN_POINT('',(-6.54832434523942,8.11226586923144,-1.14524013806417));
#4531=CARTESIAN_POINT('',(-6.49363806323032,8.69976674411306,-0.497018656176007));
#4532=CARTESIAN_POINT('',(-6.43894992931478,8.74276496111951,0.377004164525463));
#4533=CARTESIAN_POINT('',(-6.38426275885499,8.22148716989745,1.07978684057856));
#4534=CARTESIAN_POINT('',(-6.32957508758587,7.37271505257873,1.29241745136169));
#4535=CARTESIAN_POINT('',(-6.27488767659242,6.58170246452644,0.91828712156625));
#4536=CARTESIAN_POINT('',(-6.22020013033971,6.20759352445284,0.12729942239121));
#4537=CARTESIAN_POINT('',(-6.16551265437035,6.42019675655753,-0.721512137232045));
#4538=CARTESIAN_POINT('',(-6.11082514189433,7.12302487759276,-1.24271836907788));
#4539=CARTESIAN_POINT('',(-6.05613764835434,7.99696473227983,-1.19985609351946));
#4540=CARTESIAN_POINT('',(-6.00145014503918,8.64533667462872,-0.61208989561408));
#4541=CARTESIAN_POINT('',(-5.94676264672446,8.77375170268889,0.253130852188478));
#4542=CARTESIAN_POINT('',(-5.89207514587038,8.32385382541337,1.00416409184336));
#4543=CARTESIAN_POINT('',(-5.84650222961458,7.63727254282945,1.24904046609902));
#4544=CARTESIAN_POINT('',(-5.81004389611049,7.08795517499759,1.15171598403358));
#4545=CARTESIAN_POINT('',(-5.77358556285442,6.60135603117186,0.878379224125626));
#4546=CARTESIAN_POINT('',(-5.72801264613401,6.22610273400782,0.253726242624729));
#4547=CARTESIAN_POINT('',(-5.67332514616509,6.35475694763146,-0.612319315754281));
#4548=CARTESIAN_POINT('',(-5.61863764615014,7.00305116540371,-1.19978811382186));
#4549=CARTESIAN_POINT('',(-5.56395014615874,7.87700313008369,-1.24280967254973));
#4550=CARTESIAN_POINT('',(-5.50926264615355,8.57978411813846,-0.721459718065559));
#4551=CARTESIAN_POINT('',(-5.45457514615633,8.79241799177419,0.127270570575498));
#4552=CARTESIAN_POINT('',(-5.39988764615488,8.41828928794325,0.918304378063556));
#4553=CARTESIAN_POINT('',(-5.34520014615564,7.62729350518272,1.29240421895293));
#4554=CARTESIAN_POINT('',(-5.29051264615524,6.77850017144854,1.07980191197183));
#4555=CARTESIAN_POINT('',(-5.23582514615545,6.25725741975115,0.376980579668349));
#4556=CARTESIAN_POINT('',(-5.18113764615535,6.30019119487919,-0.496976228967181));
#4557=CARTESIAN_POINT('',(-5.1264501461554,6.887814748516,-1.14531892301202));
#4558=CARTESIAN_POINT('',(-5.07176264615537,7.75335616130847,-1.27370998997689));
#4559=CARTESIAN_POINT('',(-5.01707514615539,8.50388104313484,-0.823862555821346));
#4560=CARTESIAN_POINT('',(-4.96238764615538,8.79866179673043,-1.46886967197113E-06));
#4561=CARTESIAN_POINT('',(-4.90770014615538,8.50388300705113,0.823866145576462));
#4562=CARTESIAN_POINT('',(-4.85301264615539,7.75335136291157,1.27370415515879));
#4563=CARTESIAN_POINT('',(-4.79832514615537,6.88782449917807,1.14532958805979));
#4564=CARTESIAN_POINT('',(-4.74363764615541,6.30017227984526,0.496956046677303));
#4565=CARTESIAN_POINT('',(-4.68895014615531,6.25729280376049,-0.376942365930571));
#4566=CARTESIAN_POINT('',(-4.63426264615551,6.77844287052141,-1.07987082231528));
#4567=CARTESIAN_POINT('',(-4.57957514615519,7.62729534634403,-1.29234354708806));
#4568=CARTESIAN_POINT('',(-4.52488764615575,8.41831693734833,-0.918438347531613));
#4569=CARTESIAN_POINT('',(-4.47020014615472,8.79229629779777,-0.127218391528806));
#4570=CARTESIAN_POINT('',(-4.41551264615672,8.57988712596367,0.721496508992808));
#4571=CARTESIAN_POINT('',(-4.3608251461527,7.87695544825587,1.24276233468705));
#4572=CARTESIAN_POINT('',(-4.3061376461615,7.00296966072854,1.19980611938922));
#4573=CARTESIAN_POINT('',(-4.25145014614263,6.35476361427491,0.612248760648043));
#4574=CARTESIAN_POINT('',(-4.1967626461815,6.22614695027852,-0.25351766110018));
#4575=CARTESIAN_POINT('',(-4.15118972944255,6.60138661507905,-0.878512774781641));
#4576=CARTESIAN_POINT('',(-4.11473139621919,7.08792563070752,-1.15159362051497));
#4577=CARTESIAN_POINT('',(-4.07827306268113,7.63732481437656,-1.2491139794926));
#4578=CARTESIAN_POINT('',(-4.03270014644831,8.32382472410645,-1.00412667981967));
#4579=CARTESIAN_POINT('',(-3.9780126455822,8.7737670062121,-0.253149951103021));
#4580=CARTESIAN_POINT('',(-3.92332514727421,8.64532689107127,0.612102024949163));
#4581=CARTESIAN_POINT('',(-3.86863764395501,7.99697000756316,1.19984956065594));
#4582=CARTESIAN_POINT('',(-3.81395015041717,7.12302211576786,1.24272178852446));
#4583=CARTESIAN_POINT('',(-3.75926263794001,6.420198193993,0.721510357621088));
#4584=CARTESIAN_POINT('',(-3.70457516197126,6.20759277721521,-0.127298497293193));
#4585=CARTESIAN_POINT('',(-3.64988761571823,6.58170285287922,-0.918287602351119));
#4586=CARTESIAN_POINT('',(-3.59520020472495,7.37271485074677,-1.29241720149392));
#4587=CARTESIAN_POINT('',(-3.54051253345573,8.22148727480716,-1.07978697045548));
#4588=CARTESIAN_POINT('',(-3.485825362996,8.74276490655772,-0.377004096979353));
#4589=CARTESIAN_POINT('',(-3.43113722908044,8.69976677254977,0.497018620972495));
#4590=CARTESIAN_POINT('',(-3.37645094707136,8.11226585429456,1.14524015655507));
#4591=CARTESIAN_POINT('',(-3.32176112036457,7.24648706057469,1.27384763473863));
#4592=CARTESIAN_POINT('',(-3.26707791237551,6.49642040109893,0.823747255432685));
#4593=CARTESIAN_POINT('',(-3.23061233455436,6.29916557348229,0.274699827973011));
#4594=CARTESIAN_POINT('',(-3.20718740708095,6.30006106815854,-0.0784570034944074));
#4595=CARTESIAN_POINT('',(-3.19672644282004,6.31535089947167,-0.235937714099885));
#4596=CARTESIAN_POINT('',(-3.1778040872313,6.40726197842661,-0.537049611283975));
#4597=CARTESIAN_POINT('',(-3.15188204579627,6.71728302140389,-1.00625723588565));
#4598=CARTESIAN_POINT('',(-3.14958742242881,7.18555758021535,-1.20070086787248));
#4599=CARTESIAN_POINT('',(-3.15000110635513,7.81399103724869,-1.20099654795638));
#4600=CARTESIAN_POINT('',(-3.14981700466969,8.44087694334021,-0.940070836297352));
#4601=CARTESIAN_POINT('',(-3.14988764615539,8.70000661322817,-0.314162086070461));
#4602=CARTESIAN_POINT('',(-3.14988764615539,8.70001022168024,-2.35134188307976E-15));
#4603=SURFACE_SIDE_STYLE('',(#5499));
#4604=EDGE_LOOP('',(#5500,#5501));
#4605=AXIS2_PLACEMENT_3D('',#5502,#5503,#5504);
#4606=SURFACE_SIDE_STYLE('',(#5505));
#4607=EDGE_LOOP('',(#5506,#5507));
#4608=AXIS2_PLACEMENT_3D('',#5508,#5509,#5510);
#4609=SURFACE_SIDE_STYLE('',(#5511));
#4611=SURFACE_STYLE_FILL_AREA(#5512);
#4612=ORIENTED_EDGE('',*,*,#5513,.F.);
#4613=ORIENTED_EDGE('',*,*,#5514,.F.);
#4614=ORIENTED_EDGE('',*,*,#5515,.F.);
#4615=ORIENTED_EDGE('',*,*,#5516,.F.);
#4616=CARTESIAN_POINT('',(0.0,7.5,0.0));
#4617=DIRECTION('',(1.0,-0.0,0.0));
#4618=DIRECTION('',(0.0,0.0,-1.0));
#4619=SURFACE_STYLE_FILL_AREA(#5517);
#4620=ORIENTED_EDGE('',*,*,#5518,.F.);
#4621=ORIENTED_EDGE('',*,*,#5519,.T.);
#4622=ORIENTED_EDGE('',*,*,#5520,.F.);
#4623=ORIENTED_EDGE('',*,*,#5521,.T.);
#4624=CARTESIAN_POINT('',(-2.75,7.5,0.0));
#4625=DIRECTION('',(1.0,-0.0,0.0));
#4626=DIRECTION('',(0.0,0.0,-1.0));
#4627=SURFACE_STYLE_FILL_AREA(#5522);
#4628=ORIENTED_EDGE('',*,*,#5523,.F.);
#4629=ORIENTED_EDGE('',*,*,#5524,.F.);
#4630=ORIENTED_EDGE('',*,*,#5525,.F.);
#4631=ORIENTED_EDGE('',*,*,#5526,.F.);
#4632=CARTESIAN_POINT('',(0.0,12.5,0.0));
#4633=DIRECTION('',(1.0,-0.0,0.0));
#4634=DIRECTION('',(0.0,0.0,-1.0));
#4635=SURFACE_STYLE_FILL_AREA(#5527);
#4636=ORIENTED_EDGE('',*,*,#5528,.F.);
#4637=ORIENTED_EDGE('',*,*,#5529,.T.);
#4638=ORIENTED_EDGE('',*,*,#5530,.F.);
#4639=ORIENTED_EDGE('',*,*,#5531,.T.);
#4640=CARTESIAN_POINT('',(-2.75,12.5,0.0));
#4641=DIRECTION('',(1.0,-0.0,0.0));
#4642=DIRECTION('',(0.0,0.0,-1.0));
#4643=SURFACE_STYLE_FILL_AREA(#5532);
#4644=ORIENTED_EDGE('',*,*,#5533,.F.);
#4645=ORIENTED_EDGE('',*,*,#5534,.F.);
#4646=ORIENTED_EDGE('',*,*,#5535,.F.);
#4647=ORIENTED_EDGE('',*,*,#5536,.T.);
#4648=CARTESIAN_POINT('',(-3.0,12.5,0.0));
#4649=DIRECTION('',(1.0,-0.0,0.0));
#4650=DIRECTION('',(0.0,0.0,-1.0));
#4651=SURFACE_STYLE_FILL_AREA(#5537);
#4652=ORIENTED_EDGE('',*,*,#5538,.F.);
#4653=ORIENTED_EDGE('',*,*,#5539,.F.);
#4654=ORIENTED_EDGE('',*,*,#5540,.F.);
#4655=ORIENTED_EDGE('',*,*,#5541,.F.);
#4656=CARTESIAN_POINT('',(-9.2,12.5,0.0));
#4657=DIRECTION('',(-1.0,0.0,-0.0));
#4658=DIRECTION('',(0.0,0.0,-1.0));
#4659=SURFACE_STYLE_FILL_AREA(#5542);
#4660=ORIENTED_EDGE('',*,*,#5543,.F.);
#4661=ORIENTED_EDGE('',*,*,#5544,.T.);
#4662=ORIENTED_EDGE('',*,*,#5545,.F.);
#4663=ORIENTED_EDGE('',*,*,#5539,.T.);
#4664=CARTESIAN_POINT('',(-9.05,12.5,0.0));
#4665=DIRECTION('',(1.0,-0.0,0.0));
#4666=DIRECTION('',(0.0,0.0,-1.0));
#4667=SURFACE_STYLE_FILL_AREA(#5546);
#4668=ORIENTED_EDGE('',*,*,#5547,.F.);
#4669=ORIENTED_EDGE('',*,*,#5548,.F.);
#4670=ORIENTED_EDGE('',*,*,#5549,.F.);
#4671=ORIENTED_EDGE('',*,*,#5550,.T.);
#4672=CARTESIAN_POINT('',(-3.0,7.5,0.0));
#4673=DIRECTION('',(1.0,-0.0,0.0));
#4674=DIRECTION('',(0.0,0.0,-1.0));
#4675=SURFACE_STYLE_FILL_AREA(#5551);
#4676=ORIENTED_EDGE('',*,*,#5552,.F.);
#4677=ORIENTED_EDGE('',*,*,#5553,.F.);
#4678=ORIENTED_EDGE('',*,*,#5554,.F.);
#4679=ORIENTED_EDGE('',*,*,#5555,.F.);
#4680=CARTESIAN_POINT('',(-9.2,7.5,0.0));
#4681=DIRECTION('',(-1.0,0.0,-0.0));
#4682=DIRECTION('',(0.0,0.0,-1.0));
#4683=SURFACE_STYLE_FILL_AREA(#5556);
#4684=ORIENTED_EDGE('',*,*,#5557,.F.);
#4685=ORIENTED_EDGE('',*,*,#5558,.T.);
#4686=ORIENTED_EDGE('',*,*,#5559,.F.);
#4687=ORIENTED_EDGE('',*,*,#5553,.T.);
#4688=CARTESIAN_POINT('',(-9.05,7.5,0.0));
#4689=DIRECTION('',(1.0,-0.0,0.0));
#4690=DIRECTION('',(0.0,0.0,-1.0));
#4691=SURFACE_STYLE_FILL_AREA(#5560);
#4692=ORIENTED_EDGE('',*,*,#5561,.F.);
#4693=ORIENTED_EDGE('',*,*,#5562,.T.);
#4694=ORIENTED_EDGE('',*,*,#5563,.F.);
#4695=ORIENTED_EDGE('',*,*,#5564,.F.);
#4696=CARTESIAN_POINT('',(14.25,0.3,-0.96));
#4697=DIRECTION('',(-1.0,0.0,0.0));
#4698=DIRECTION('',(0.0,0.0,1.0));
#4699=SURFACE_STYLE_FILL_AREA(#5565);
#4700=ORIENTED_EDGE('',*,*,#5566,.F.);
#4701=ORIENTED_EDGE('',*,*,#5564,.T.);
#4702=ORIENTED_EDGE('',*,*,#5567,.F.);
#4703=ORIENTED_EDGE('',*,*,#5568,.F.);
#4704=CARTESIAN_POINT('',(14.55,0.3,-0.96));
#4705=DIRECTION('',(0.0,0.0,1.0));
#4706=DIRECTION('',(1.0,0.0,0.0));
#4707=SURFACE_STYLE_FILL_AREA(#5569);
#4708=ORIENTED_EDGE('',*,*,#5570,.F.);
#4709=ORIENTED_EDGE('',*,*,#5568,.T.);
#4710=ORIENTED_EDGE('',*,*,#5571,.F.);
#4711=ORIENTED_EDGE('',*,*,#5572,.F.);
#4712=CARTESIAN_POINT('',(14.55,0.3,-1.56));
#4713=DIRECTION('',(1.0,0.0,0.0));
#4714=DIRECTION('',(0.0,1.0,0.0));
#4715=SURFACE_STYLE_FILL_AREA(#5573);
#4716=ORIENTED_EDGE('',*,*,#5574,.F.);
#4717=ORIENTED_EDGE('',*,*,#5572,.T.);
#4718=ORIENTED_EDGE('',*,*,#5575,.F.);
#4719=ORIENTED_EDGE('',*,*,#5562,.F.);
#4720=CARTESIAN_POINT('',(14.25,0.3,-1.56));
#4721=DIRECTION('',(0.0,0.0,-1.0));
#4722=DIRECTION('',(0.0,-1.0,0.0));
#4723=SURFACE_STYLE_FILL_AREA(#5576);
#4724=ORIENTED_EDGE('',*,*,#5575,.T.);
#4725=ORIENTED_EDGE('',*,*,#5571,.T.);
#4726=ORIENTED_EDGE('',*,*,#5567,.T.);
#4727=ORIENTED_EDGE('',*,*,#5563,.T.);
#4728=CARTESIAN_POINT('',(14.4,-3.2,-1.26));
#4729=DIRECTION('',(0.0,-1.0,0.0));
#4730=DIRECTION('',(0.0,0.0,-1.0));
#4731=SURFACE_STYLE_FILL_AREA(#5577);
#4732=ORIENTED_EDGE('',*,*,#5578,.F.);
#4733=ORIENTED_EDGE('',*,*,#5579,.T.);
#4734=ORIENTED_EDGE('',*,*,#5580,.F.);
#4735=ORIENTED_EDGE('',*,*,#5581,.F.);
#4736=CARTESIAN_POINT('',(11.73,0.3,-0.96));
#4737=DIRECTION('',(-1.0,0.0,0.0));
#4738=DIRECTION('',(0.0,0.0,1.0));
#4739=SURFACE_STYLE_FILL_AREA(#5582);
#4740=ORIENTED_EDGE('',*,*,#5583,.F.);
#4741=ORIENTED_EDGE('',*,*,#5581,.T.);
#4742=ORIENTED_EDGE('',*,*,#5584,.F.);
#4743=ORIENTED_EDGE('',*,*,#5585,.F.);
#4744=CARTESIAN_POINT('',(12.03,0.3,-0.96));
#4745=DIRECTION('',(0.0,0.0,1.0));
#4746=DIRECTION('',(1.0,0.0,0.0));
#4747=SURFACE_STYLE_FILL_AREA(#5586);
#4748=ORIENTED_EDGE('',*,*,#5587,.F.);
#4749=ORIENTED_EDGE('',*,*,#5585,.T.);
#4750=ORIENTED_EDGE('',*,*,#5588,.F.);
#4751=ORIENTED_EDGE('',*,*,#5589,.F.);
#4752=CARTESIAN_POINT('',(12.03,0.3,-1.56));
#4753=DIRECTION('',(1.0,0.0,0.0));
#4754=DIRECTION('',(0.0,1.0,0.0));
#4755=SURFACE_STYLE_FILL_AREA(#5590);
#4756=ORIENTED_EDGE('',*,*,#5591,.F.);
#4757=ORIENTED_EDGE('',*,*,#5589,.T.);
#4758=ORIENTED_EDGE('',*,*,#5592,.F.);
#4759=ORIENTED_EDGE('',*,*,#5579,.F.);
#4760=CARTESIAN_POINT('',(11.73,0.3,-1.56));
#4761=DIRECTION('',(0.0,0.0,-1.0));
#4762=DIRECTION('',(0.0,-1.0,0.0));
#4763=SURFACE_STYLE_FILL_AREA(#5593);
#4764=ORIENTED_EDGE('',*,*,#5592,.T.);
#4765=ORIENTED_EDGE('',*,*,#5588,.T.);
#4766=ORIENTED_EDGE('',*,*,#5584,.T.);
#4767=ORIENTED_EDGE('',*,*,#5580,.T.);
#4768=CARTESIAN_POINT('',(11.88,-3.2,-1.26));
#4769=DIRECTION('',(0.0,-1.0,0.0));
#4770=DIRECTION('',(0.0,0.0,-1.0));
#4771=SURFACE_STYLE_FILL_AREA(#5594);
#4772=ORIENTED_EDGE('',*,*,#5595,.F.);
#4773=ORIENTED_EDGE('',*,*,#5596,.T.);
#4774=ORIENTED_EDGE('',*,*,#5597,.F.);
#4775=ORIENTED_EDGE('',*,*,#5598,.F.);
#4776=CARTESIAN_POINT('',(14.25,0.3,1.56));
#4777=DIRECTION('',(-1.0,0.0,0.0));
#4778=DIRECTION('',(0.0,0.0,1.0));
#4779=SURFACE_STYLE_FILL_AREA(#5599);
#4780=ORIENTED_EDGE('',*,*,#5600,.F.);
#4781=ORIENTED_EDGE('',*,*,#5598,.T.);
#4782=ORIENTED_EDGE('',*,*,#5601,.F.);
#4783=ORIENTED_EDGE('',*,*,#5602,.F.);
#4784=CARTESIAN_POINT('',(14.55,0.3,1.56));
#4785=DIRECTION('',(0.0,0.0,1.0));
#4786=DIRECTION('',(1.0,0.0,0.0));
#4787=SURFACE_STYLE_FILL_AREA(#5603);
#4788=ORIENTED_EDGE('',*,*,#5604,.F.);
#4789=ORIENTED_EDGE('',*,*,#5602,.T.);
#4790=ORIENTED_EDGE('',*,*,#5605,.F.);
#4791=ORIENTED_EDGE('',*,*,#5606,.F.);
#4792=CARTESIAN_POINT('',(14.55,0.3,0.96));
#4793=DIRECTION('',(1.0,0.0,0.0));
#4794=DIRECTION('',(0.0,1.0,0.0));
#4795=SURFACE_STYLE_FILL_AREA(#5607);
#4796=ORIENTED_EDGE('',*,*,#5608,.F.);
#4797=ORIENTED_EDGE('',*,*,#5606,.T.);
#4798=ORIENTED_EDGE('',*,*,#5609,.F.);
#4799=ORIENTED_EDGE('',*,*,#5596,.F.);
#4800=CARTESIAN_POINT('',(14.25,0.3,0.96));
#4801=DIRECTION('',(0.0,0.0,-1.0));
#4802=DIRECTION('',(0.0,-1.0,0.0));
#4803=SURFACE_STYLE_FILL_AREA(#5610);
#4804=ORIENTED_EDGE('',*,*,#5609,.T.);
#4805=ORIENTED_EDGE('',*,*,#5605,.T.);
#4806=ORIENTED_EDGE('',*,*,#5601,.T.);
#4807=ORIENTED_EDGE('',*,*,#5597,.T.);
#4808=CARTESIAN_POINT('',(14.4,-3.2,1.26));
#4809=DIRECTION('',(0.0,-1.0,0.0));
#4810=DIRECTION('',(0.0,0.0,-1.0));
#4811=SURFACE_STYLE_FILL_AREA(#5611);
#4812=ORIENTED_EDGE('',*,*,#5612,.F.);
#4813=ORIENTED_EDGE('',*,*,#5613,.T.);
#4814=ORIENTED_EDGE('',*,*,#5614,.F.);
#4815=ORIENTED_EDGE('',*,*,#5615,.F.);
#4816=CARTESIAN_POINT('',(11.73,0.3,1.56));
#4817=DIRECTION('',(-1.0,0.0,0.0));
#4818=DIRECTION('',(0.0,0.0,1.0));
#4819=SURFACE_STYLE_FILL_AREA(#5616);
#4820=ORIENTED_EDGE('',*,*,#5617,.F.);
#4821=ORIENTED_EDGE('',*,*,#5615,.T.);
#4822=ORIENTED_EDGE('',*,*,#5618,.F.);
#4823=ORIENTED_EDGE('',*,*,#5619,.F.);
#4824=CARTESIAN_POINT('',(12.03,0.3,1.56));
#4825=DIRECTION('',(0.0,0.0,1.0));
#4826=DIRECTION('',(1.0,0.0,0.0));
#4827=SURFACE_STYLE_FILL_AREA(#5620);
#4828=ORIENTED_EDGE('',*,*,#5621,.F.);
#4829=ORIENTED_EDGE('',*,*,#5619,.T.);
#4830=ORIENTED_EDGE('',*,*,#5622,.F.);
#4831=ORIENTED_EDGE('',*,*,#5623,.F.);
#4832=CARTESIAN_POINT('',(12.03,0.3,0.96));
#4833=DIRECTION('',(1.0,0.0,0.0));
#4834=DIRECTION('',(0.0,1.0,0.0));
#4835=SURFACE_STYLE_FILL_AREA(#5624);
#4836=ORIENTED_EDGE('',*,*,#5625,.F.);
#4837=ORIENTED_EDGE('',*,*,#5623,.T.);
#4838=ORIENTED_EDGE('',*,*,#5626,.F.);
#4839=ORIENTED_EDGE('',*,*,#5613,.F.);
#4840=CARTESIAN_POINT('',(11.73,0.3,0.96));
#4841=DIRECTION('',(0.0,0.0,-1.0));
#4842=DIRECTION('',(0.0,-1.0,0.0));
#4843=SURFACE_STYLE_FILL_AREA(#5627);
#4844=ORIENTED_EDGE('',*,*,#5626,.T.);
#4845=ORIENTED_EDGE('',*,*,#5622,.T.);
#4846=ORIENTED_EDGE('',*,*,#5618,.T.);
#4847=ORIENTED_EDGE('',*,*,#5614,.T.);
#4848=CARTESIAN_POINT('',(11.88,-3.2,1.26));
#4849=DIRECTION('',(0.0,-1.0,0.0));
#4850=DIRECTION('',(0.0,0.0,-1.0));
#4851=SURFACE_STYLE_FILL_AREA(#5628);
#4852=ORIENTED_EDGE('',*,*,#5629,.F.);
#4853=ORIENTED_EDGE('',*,*,#5630,.T.);
#4854=ORIENTED_EDGE('',*,*,#5631,.F.);
#4855=ORIENTED_EDGE('',*,*,#5632,.F.);
#4856=CARTESIAN_POINT('',(9.61,0.299999999999999,-1.51));
#4857=DIRECTION('',(1.0,3.1720657846433E-16,6.93889390390723E-17));
#4858=DIRECTION('',(-3.1720657846433E-16,1.0,0.0));
#4859=SURFACE_STYLE_FILL_AREA(#5633);
#4860=ORIENTED_EDGE('',*,*,#5634,.F.);
#4861=ORIENTED_EDGE('',*,*,#5632,.T.);
#4862=ORIENTED_EDGE('',*,*,#5635,.F.);
#4863=ORIENTED_EDGE('',*,*,#5636,.F.);
#4864=CARTESIAN_POINT('',(9.11,0.299999999999998,-1.51));
#4865=DIRECTION('',(5.55111512312578E-16,1.76085023486833E-31,-1.0));
#4866=DIRECTION('',(0.0,-1.0,-1.76085023486833E-31));
#4867=SURFACE_STYLE_FILL_AREA(#5637);
#4868=ORIENTED_EDGE('',*,*,#5638,.F.);
#4869=ORIENTED_EDGE('',*,*,#5636,.T.);
#4870=ORIENTED_EDGE('',*,*,#5639,.F.);
#4871=ORIENTED_EDGE('',*,*,#5640,.F.);
#4872=CARTESIAN_POINT('',(9.11,0.299999999999998,-1.01));
#4873=DIRECTION('',(-1.0,-3.1720657846433E-16,0.0));
#4874=DIRECTION('',(-3.1720657846433E-16,1.0,0.0));
#4875=SURFACE_STYLE_FILL_AREA(#5641);
#4876=ORIENTED_EDGE('',*,*,#5642,.F.);
#4877=ORIENTED_EDGE('',*,*,#5640,.T.);
#4878=ORIENTED_EDGE('',*,*,#5643,.F.);
#4879=ORIENTED_EDGE('',*,*,#5630,.F.);
#4880=CARTESIAN_POINT('',(9.61,0.299999999999999,-1.01));
#4881=DIRECTION('',(2.77555756156289E-16,8.80425117434165E-32,1.0));
#4882=DIRECTION('',(1.0,0.0,-2.77555756156289E-16));
#4883=SURFACE_STYLE_FILL_AREA(#5644);
#4884=ORIENTED_EDGE('',*,*,#5643,.T.);
#4885=ORIENTED_EDGE('',*,*,#5639,.T.);
#4886=ORIENTED_EDGE('',*,*,#5635,.T.);
#4887=ORIENTED_EDGE('',*,*,#5631,.T.);
#4888=CARTESIAN_POINT('',(9.36,-3.2,-1.26));
#4889=DIRECTION('',(3.1720657846433E-16,-1.0,0.0));
#4890=DIRECTION('',(0.0,0.0,-1.0));
#4891=SURFACE_STYLE_FILL_AREA(#5645);
#4892=ORIENTED_EDGE('',*,*,#5646,.F.);
#4893=ORIENTED_EDGE('',*,*,#5647,.T.);
#4894=ORIENTED_EDGE('',*,*,#5648,.F.);
#4895=ORIENTED_EDGE('',*,*,#5649,.F.);
#4896=CARTESIAN_POINT('',(7.09,0.299999999999999,-1.51));
#4897=DIRECTION('',(1.0,3.1720657846433E-16,6.93889390390723E-17));
#4898=DIRECTION('',(-3.1720657846433E-16,1.0,0.0));
#4899=SURFACE_STYLE_FILL_AREA(#5650);
#4900=ORIENTED_EDGE('',*,*,#5651,.F.);
#4901=ORIENTED_EDGE('',*,*,#5649,.T.);
#4902=ORIENTED_EDGE('',*,*,#5652,.F.);
#4903=ORIENTED_EDGE('',*,*,#5653,.F.);
#4904=CARTESIAN_POINT('',(6.59,0.299999999999998,-1.51));
#4905=DIRECTION('',(5.55111512312578E-16,1.76085023486833E-31,-1.0));
#4906=DIRECTION('',(0.0,-1.0,-1.76085023486833E-31));
#4907=SURFACE_STYLE_FILL_AREA(#5654);
#4908=ORIENTED_EDGE('',*,*,#5655,.F.);
#4909=ORIENTED_EDGE('',*,*,#5653,.T.);
#4910=ORIENTED_EDGE('',*,*,#5656,.F.);
#4911=ORIENTED_EDGE('',*,*,#5657,.F.);
#4912=CARTESIAN_POINT('',(6.59,0.299999999999998,-1.01));
#4913=DIRECTION('',(-1.0,-3.1720657846433E-16,0.0));
#4914=DIRECTION('',(-3.1720657846433E-16,1.0,0.0));
#4915=SURFACE_STYLE_FILL_AREA(#5658);
#4916=ORIENTED_EDGE('',*,*,#5659,.F.);
#4917=ORIENTED_EDGE('',*,*,#5657,.T.);
#4918=ORIENTED_EDGE('',*,*,#5660,.F.);
#4919=ORIENTED_EDGE('',*,*,#5647,.F.);
#4920=CARTESIAN_POINT('',(7.09,0.299999999999999,-1.01));
#4921=DIRECTION('',(2.77555756156289E-16,8.80425117434165E-32,1.0));
#4922=DIRECTION('',(1.0,0.0,-2.77555756156289E-16));
#4923=SURFACE_STYLE_FILL_AREA(#5661);
#4924=ORIENTED_EDGE('',*,*,#5660,.T.);
#4925=ORIENTED_EDGE('',*,*,#5656,.T.);
#4926=ORIENTED_EDGE('',*,*,#5652,.T.);
#4927=ORIENTED_EDGE('',*,*,#5648,.T.);
#4928=CARTESIAN_POINT('',(6.84,-3.2,-1.26));
#4929=DIRECTION('',(3.1720657846433E-16,-1.0,0.0));
#4930=DIRECTION('',(0.0,0.0,-1.0));
#4931=SURFACE_STYLE_FILL_AREA(#5662);
#4932=ORIENTED_EDGE('',*,*,#5663,.F.);
#4933=ORIENTED_EDGE('',*,*,#5664,.T.);
#4934=ORIENTED_EDGE('',*,*,#5665,.F.);
#4935=ORIENTED_EDGE('',*,*,#5666,.F.);
#4936=CARTESIAN_POINT('',(9.61,0.299999999999999,1.01));
#4937=DIRECTION('',(1.0,3.1720657846433E-16,6.93889390390723E-17));
#4938=DIRECTION('',(-3.1720657846433E-16,1.0,0.0));
#4939=SURFACE_STYLE_FILL_AREA(#5667);
#4940=ORIENTED_EDGE('',*,*,#5668,.F.);
#4941=ORIENTED_EDGE('',*,*,#5666,.T.);
#4942=ORIENTED_EDGE('',*,*,#5669,.F.);
#4943=ORIENTED_EDGE('',*,*,#5670,.F.);
#4944=CARTESIAN_POINT('',(9.11,0.299999999999998,1.01));
#4945=DIRECTION('',(5.55111512312578E-16,1.76085023486833E-31,-1.0));
#4946=DIRECTION('',(0.0,-1.0,-1.76085023486833E-31));
#4947=SURFACE_STYLE_FILL_AREA(#5671);
#4948=ORIENTED_EDGE('',*,*,#5672,.F.);
#4949=ORIENTED_EDGE('',*,*,#5670,.T.);
#4950=ORIENTED_EDGE('',*,*,#5673,.F.);
#4951=ORIENTED_EDGE('',*,*,#5674,.F.);
#4952=CARTESIAN_POINT('',(9.11,0.299999999999998,1.51));
#4953=DIRECTION('',(-1.0,-3.1720657846433E-16,0.0));
#4954=DIRECTION('',(-3.1720657846433E-16,1.0,0.0));
#4955=SURFACE_STYLE_FILL_AREA(#5675);
#4956=ORIENTED_EDGE('',*,*,#5676,.F.);
#4957=ORIENTED_EDGE('',*,*,#5674,.T.);
#4958=ORIENTED_EDGE('',*,*,#5677,.F.);
#4959=ORIENTED_EDGE('',*,*,#5664,.F.);
#4960=CARTESIAN_POINT('',(9.61,0.299999999999999,1.51));
#4961=DIRECTION('',(2.77555756156289E-16,8.80425117434165E-32,1.0));
#4962=DIRECTION('',(1.0,0.0,-2.77555756156289E-16));
#4963=SURFACE_STYLE_FILL_AREA(#5678);
#4964=ORIENTED_EDGE('',*,*,#5677,.T.);
#4965=ORIENTED_EDGE('',*,*,#5673,.T.);
#4966=ORIENTED_EDGE('',*,*,#5669,.T.);
#4967=ORIENTED_EDGE('',*,*,#5665,.T.);
#4968=CARTESIAN_POINT('',(9.36,-3.2,1.26));
#4969=DIRECTION('',(3.1720657846433E-16,-1.0,0.0));
#4970=DIRECTION('',(0.0,0.0,-1.0));
#4971=SURFACE_STYLE_FILL_AREA(#5679);
#4972=ORIENTED_EDGE('',*,*,#5680,.F.);
#4973=ORIENTED_EDGE('',*,*,#5681,.T.);
#4974=ORIENTED_EDGE('',*,*,#5682,.F.);
#4975=ORIENTED_EDGE('',*,*,#5683,.F.);
#4976=CARTESIAN_POINT('',(7.09,0.299999999999999,1.01));
#4977=DIRECTION('',(1.0,3.1720657846433E-16,6.93889390390723E-17));
#4978=DIRECTION('',(-3.1720657846433E-16,1.0,0.0));
#4979=SURFACE_STYLE_FILL_AREA(#5684);
#4980=ORIENTED_EDGE('',*,*,#5685,.F.);
#4981=ORIENTED_EDGE('',*,*,#5683,.T.);
#4982=ORIENTED_EDGE('',*,*,#5686,.F.);
#4983=ORIENTED_EDGE('',*,*,#5687,.F.);
#4984=CARTESIAN_POINT('',(6.59,0.299999999999998,1.01));
#4985=DIRECTION('',(5.55111512312578E-16,1.76085023486833E-31,-1.0));
#4986=DIRECTION('',(0.0,-1.0,-1.76085023486833E-31));
#4987=SURFACE_STYLE_FILL_AREA(#5688);
#4988=ORIENTED_EDGE('',*,*,#5689,.F.);
#4989=ORIENTED_EDGE('',*,*,#5687,.T.);
#4990=ORIENTED_EDGE('',*,*,#5690,.F.);
#4991=ORIENTED_EDGE('',*,*,#5691,.F.);
#4992=CARTESIAN_POINT('',(6.59,0.299999999999998,1.51));
#4993=DIRECTION('',(-1.0,-3.1720657846433E-16,0.0));
#4994=DIRECTION('',(-3.1720657846433E-16,1.0,0.0));
#4995=SURFACE_STYLE_FILL_AREA(#5692);
#4996=ORIENTED_EDGE('',*,*,#5693,.F.);
#4997=ORIENTED_EDGE('',*,*,#5691,.T.);
#4998=ORIENTED_EDGE('',*,*,#5694,.F.);
#4999=ORIENTED_EDGE('',*,*,#5681,.F.);
#5000=CARTESIAN_POINT('',(7.09,0.299999999999999,1.51));
#5001=DIRECTION('',(2.77555756156289E-16,8.80425117434165E-32,1.0));
#5002=DIRECTION('',(1.0,0.0,-2.77555756156289E-16));
#5003=SURFACE_STYLE_FILL_AREA(#5695);
#5004=ORIENTED_EDGE('',*,*,#5694,.T.);
#5005=ORIENTED_EDGE('',*,*,#5690,.T.);
#5006=ORIENTED_EDGE('',*,*,#5686,.T.);
#5007=ORIENTED_EDGE('',*,*,#5682,.T.);
#5008=CARTESIAN_POINT('',(6.84,-3.2,1.26));
#5009=DIRECTION('',(3.1720657846433E-16,-1.0,0.0));
#5010=DIRECTION('',(0.0,0.0,-1.0));
#5011=SURFACE_STYLE_FILL_AREA(#5696);
#5012=ORIENTED_EDGE('',*,*,#5697,.F.);
#5013=ORIENTED_EDGE('',*,*,#5698,.T.);
#5014=ORIENTED_EDGE('',*,*,#5699,.F.);
#5015=ORIENTED_EDGE('',*,*,#5700,.F.);
#5016=CARTESIAN_POINT('',(0.0,4.25,-1.91));
#5017=DIRECTION('',(0.0,-3.1720657846433E-16,-1.0));
#5018=DIRECTION('',(0.0,-1.0,3.1720657846433E-16));
#5019=SURFACE_STYLE_FILL_AREA(#5701);
#5020=ORIENTED_EDGE('',*,*,#5702,.F.);
#5021=ORIENTED_EDGE('',*,*,#5700,.T.);
#5022=ORIENTED_EDGE('',*,*,#5703,.F.);
#5023=ORIENTED_EDGE('',*,*,#5704,.F.);
#5024=CARTESIAN_POINT('',(0.0,4.25,-0.61));
#5025=DIRECTION('',(-0.0,1.0,0.0));
#5026=DIRECTION('',(1.0,0.0,0.0));
#5027=SURFACE_STYLE_FILL_AREA(#5705);
#5028=ORIENTED_EDGE('',*,*,#5706,.F.);
#5029=ORIENTED_EDGE('',*,*,#5704,.T.);
#5030=ORIENTED_EDGE('',*,*,#5707,.F.);
#5031=ORIENTED_EDGE('',*,*,#5708,.F.);
#5032=CARTESIAN_POINT('',(0.0,0.75,-0.609999999999999));
#5033=DIRECTION('',(0.0,1.78428700386186E-16,1.0));
#5034=DIRECTION('',(0.0,-1.0,1.78428700386186E-16));
#5035=SURFACE_STYLE_FILL_AREA(#5709);
#5036=ORIENTED_EDGE('',*,*,#5710,.F.);
#5037=ORIENTED_EDGE('',*,*,#5708,.T.);
#5038=ORIENTED_EDGE('',*,*,#5711,.F.);
#5039=ORIENTED_EDGE('',*,*,#5698,.F.);
#5040=CARTESIAN_POINT('',(0.0,0.75,-1.91));
#5041=DIRECTION('',(0.0,-1.0,0.0));
#5042=DIRECTION('',(0.0,0.0,-1.0));
#5043=SURFACE_STYLE_FILL_AREA(#5712);
#5044=ORIENTED_EDGE('',*,*,#5711,.T.);
#5045=ORIENTED_EDGE('',*,*,#5707,.T.);
#5046=ORIENTED_EDGE('',*,*,#5703,.T.);
#5047=ORIENTED_EDGE('',*,*,#5699,.T.);
#5048=CARTESIAN_POINT('',(-1.55,2.5,-1.26));
#5049=DIRECTION('',(-1.0,0.0,0.0));
#5050=DIRECTION('',(0.0,0.0,1.0));
#5051=SURFACE_STYLE_FILL_AREA(#5713);
#5052=ORIENTED_EDGE('',*,*,#5714,.F.);
#5053=ORIENTED_EDGE('',*,*,#5715,.T.);
#5054=ORIENTED_EDGE('',*,*,#5716,.F.);
#5055=ORIENTED_EDGE('',*,*,#5717,.F.);
#5056=CARTESIAN_POINT('',(0.0,4.25,0.609999999999999));
#5057=DIRECTION('',(0.0,-3.1720657846433E-16,-1.0));
#5058=DIRECTION('',(0.0,-1.0,3.1720657846433E-16));
#5059=SURFACE_STYLE_FILL_AREA(#5718);
#5060=ORIENTED_EDGE('',*,*,#5719,.F.);
#5061=ORIENTED_EDGE('',*,*,#5717,.T.);
#5062=ORIENTED_EDGE('',*,*,#5720,.F.);
#5063=ORIENTED_EDGE('',*,*,#5721,.F.);
#5064=CARTESIAN_POINT('',(0.0,4.25,1.91));
#5065=DIRECTION('',(-0.0,1.0,0.0));
#5066=DIRECTION('',(1.0,0.0,0.0));
#5067=SURFACE_STYLE_FILL_AREA(#5722);
#5068=ORIENTED_EDGE('',*,*,#5723,.F.);
#5069=ORIENTED_EDGE('',*,*,#5721,.T.);
#5070=ORIENTED_EDGE('',*,*,#5724,.F.);
#5071=ORIENTED_EDGE('',*,*,#5725,.F.);
#5072=CARTESIAN_POINT('',(0.0,0.75,1.91));
#5073=DIRECTION('',(0.0,1.78428700386186E-16,1.0));
#5074=DIRECTION('',(0.0,-1.0,1.78428700386186E-16));
#5075=SURFACE_STYLE_FILL_AREA(#5726);
#5076=ORIENTED_EDGE('',*,*,#5727,.F.);
#5077=ORIENTED_EDGE('',*,*,#5725,.T.);
#5078=ORIENTED_EDGE('',*,*,#5728,.F.);
#5079=ORIENTED_EDGE('',*,*,#5715,.F.);
#5080=CARTESIAN_POINT('',(0.0,0.75,0.61));
#5081=DIRECTION('',(0.0,-1.0,0.0));
#5082=DIRECTION('',(0.0,0.0,-1.0));
#5083=SURFACE_STYLE_FILL_AREA(#5729);
#5084=ORIENTED_EDGE('',*,*,#5728,.T.);
#5085=ORIENTED_EDGE('',*,*,#5724,.T.);
#5086=ORIENTED_EDGE('',*,*,#5720,.T.);
#5087=ORIENTED_EDGE('',*,*,#5716,.T.);
#5088=CARTESIAN_POINT('',(-1.55,2.5,1.26));
#5089=DIRECTION('',(-1.0,0.0,0.0));
#5090=DIRECTION('',(0.0,0.0,1.0));
#5091=SURFACE_STYLE_FILL_AREA(#5730);
#5092=ORIENTED_EDGE('',*,*,#5557,.T.);
#5093=ORIENTED_EDGE('',*,*,#5731,.T.);
#5094=ORIENTED_EDGE('',*,*,#5559,.T.);
#5095=ORIENTED_EDGE('',*,*,#5732,.T.);
#5096=CARTESIAN_POINT('',(-9.05,7.5,0.0));
#5097=DIRECTION('',(1.0,-0.0,0.0));
#5098=DIRECTION('',(0.0,0.0,-1.0));
#5099=SURFACE_STYLE_FILL_AREA(#5733);
#5100=ORIENTED_EDGE('',*,*,#5552,.T.);
#5101=ORIENTED_EDGE('',*,*,#5734,.F.);
#5102=ORIENTED_EDGE('',*,*,#5554,.T.);
#5103=ORIENTED_EDGE('',*,*,#5731,.F.);
#5104=CARTESIAN_POINT('',(-9.2,7.5,0.0));
#5105=DIRECTION('',(-1.0,0.0,-0.0));
#5106=DIRECTION('',(0.0,0.0,-1.0));
#5107=SURFACE_STYLE_FILL_AREA(#5735);
#5108=ORIENTED_EDGE('',*,*,#5732,.F.);
#5109=ORIENTED_EDGE('',*,*,#5558,.F.);
#5110=CARTESIAN_POINT('',(-9.2,7.5,-9.6941563791735E-17));
#5111=DIRECTION('',(1.0,0.0,0.0));
#5112=DIRECTION('',(0.0,1.0,0.0));
#5113=SURFACE_STYLE_FILL_AREA(#5736);
#5114=ORIENTED_EDGE('',*,*,#5734,.T.);
#5115=ORIENTED_EDGE('',*,*,#5555,.T.);
#5116=ORIENTED_EDGE('',*,*,#5550,.F.);
#5117=ORIENTED_EDGE('',*,*,#5737,.F.);
#5118=CARTESIAN_POINT('',(-7.1,7.5,-1.69505727298391E-16));
#5119=DIRECTION('',(1.0,0.0,0.0));
#5120=DIRECTION('',(0.0,1.0,0.0));
#5121=SURFACE_STYLE_FILL_AREA(#5738);
#5122=ORIENTED_EDGE('',*,*,#5547,.T.);
#5123=ORIENTED_EDGE('',*,*,#5737,.T.);
#5124=ORIENTED_EDGE('',*,*,#5549,.T.);
#5125=ORIENTED_EDGE('',*,*,#5739,.F.);
#5126=CARTESIAN_POINT('',(-3.0,7.5,0.0));
#5127=DIRECTION('',(1.0,-0.0,0.0));
#5128=DIRECTION('',(0.0,0.0,-1.0));
#5129=SURFACE_STYLE_FILL_AREA(#5740);
#5130=ORIENTED_EDGE('',*,*,#5543,.T.);
#5131=ORIENTED_EDGE('',*,*,#5741,.T.);
#5132=ORIENTED_EDGE('',*,*,#5545,.T.);
#5133=ORIENTED_EDGE('',*,*,#5742,.T.);
#5134=CARTESIAN_POINT('',(-9.05,12.5,0.0));
#5135=DIRECTION('',(1.0,-0.0,0.0));
#5136=DIRECTION('',(0.0,0.0,-1.0));
#5137=SURFACE_STYLE_FILL_AREA(#5743);
#5138=ORIENTED_EDGE('',*,*,#5538,.T.);
#5139=ORIENTED_EDGE('',*,*,#5744,.F.);
#5140=ORIENTED_EDGE('',*,*,#5540,.T.);
#5141=ORIENTED_EDGE('',*,*,#5741,.F.);
#5142=CARTESIAN_POINT('',(-9.2,12.5,0.0));
#5143=DIRECTION('',(-1.0,0.0,-0.0));
#5144=DIRECTION('',(0.0,0.0,-1.0));
#5145=SURFACE_STYLE_FILL_AREA(#5745);
#5146=ORIENTED_EDGE('',*,*,#5742,.F.);
#5147=ORIENTED_EDGE('',*,*,#5544,.F.);
#5148=CARTESIAN_POINT('',(-9.2,12.5,-9.6941563791735E-17));
#5149=DIRECTION('',(1.0,0.0,0.0));
#5150=DIRECTION('',(0.0,1.0,0.0));
#5151=SURFACE_STYLE_FILL_AREA(#5746);
#5152=ORIENTED_EDGE('',*,*,#5744,.T.);
#5153=ORIENTED_EDGE('',*,*,#5541,.T.);
#5154=ORIENTED_EDGE('',*,*,#5536,.F.);
#5155=ORIENTED_EDGE('',*,*,#5747,.F.);
#5156=CARTESIAN_POINT('',(-7.1,12.5,-1.69505727298391E-16));
#5157=DIRECTION('',(1.0,0.0,0.0));
#5158=DIRECTION('',(0.0,1.0,0.0));
#5159=SURFACE_STYLE_FILL_AREA(#5748);
#5160=ORIENTED_EDGE('',*,*,#5533,.T.);
#5161=ORIENTED_EDGE('',*,*,#5747,.T.);
#5162=ORIENTED_EDGE('',*,*,#5535,.T.);
#5163=ORIENTED_EDGE('',*,*,#5749,.F.);
#5164=CARTESIAN_POINT('',(-3.0,12.5,0.0));
#5165=DIRECTION('',(1.0,-0.0,0.0));
#5166=DIRECTION('',(0.0,0.0,-1.0));
#5167=SURFACE_STYLE_FILL_AREA(#5750);
#5168=ORIENTED_EDGE('',*,*,#5751,.F.);
#5169=ORIENTED_EDGE('',*,*,#5752,.T.);
#5170=ORIENTED_EDGE('',*,*,#5753,.F.);
#5171=ORIENTED_EDGE('',*,*,#5754,.F.);
#5172=ORIENTED_EDGE('',*,*,#5755,.F.);
#5173=ORIENTED_EDGE('',*,*,#5756,.F.);
#5174=ORIENTED_EDGE('',*,*,#5561,.T.);
#5175=ORIENTED_EDGE('',*,*,#5566,.T.);
#5176=ORIENTED_EDGE('',*,*,#5570,.T.);
#5177=ORIENTED_EDGE('',*,*,#5574,.T.);
#5178=ORIENTED_EDGE('',*,*,#5578,.T.);
#5179=ORIENTED_EDGE('',*,*,#5583,.T.);
#5180=ORIENTED_EDGE('',*,*,#5587,.T.);
#5181=ORIENTED_EDGE('',*,*,#5591,.T.);
#5182=ORIENTED_EDGE('',*,*,#5595,.T.);
#5183=ORIENTED_EDGE('',*,*,#5600,.T.);
#5184=ORIENTED_EDGE('',*,*,#5604,.T.);
#5185=ORIENTED_EDGE('',*,*,#5608,.T.);
#5186=ORIENTED_EDGE('',*,*,#5612,.T.);
#5187=ORIENTED_EDGE('',*,*,#5617,.T.);
#5188=ORIENTED_EDGE('',*,*,#5621,.T.);
#5189=ORIENTED_EDGE('',*,*,#5625,.T.);
#5190=ORIENTED_EDGE('',*,*,#5629,.T.);
#5191=ORIENTED_EDGE('',*,*,#5634,.T.);
#5192=ORIENTED_EDGE('',*,*,#5638,.T.);
#5193=ORIENTED_EDGE('',*,*,#5642,.T.);
#5194=ORIENTED_EDGE('',*,*,#5646,.T.);
#5195=ORIENTED_EDGE('',*,*,#5651,.T.);
#5196=ORIENTED_EDGE('',*,*,#5655,.T.);
#5197=ORIENTED_EDGE('',*,*,#5659,.T.);
#5198=ORIENTED_EDGE('',*,*,#5663,.T.);
#5199=ORIENTED_EDGE('',*,*,#5668,.T.);
#5200=ORIENTED_EDGE('',*,*,#5672,.T.);
#5201=ORIENTED_EDGE('',*,*,#5676,.T.);
#5202=ORIENTED_EDGE('',*,*,#5680,.T.);
#5203=ORIENTED_EDGE('',*,*,#5685,.T.);
#5204=ORIENTED_EDGE('',*,*,#5689,.T.);
#5205=ORIENTED_EDGE('',*,*,#5693,.T.);
#5206=CARTESIAN_POINT('',(6.34,0.299999999999998,2.475));
#5207=DIRECTION('',(-2.47517980852797E-16,1.0,0.0));
#5208=DIRECTION('',(1.0,2.47517980852797E-16,-0.0));
#5209=SURFACE_STYLE_FILL_AREA(#5757);
#5210=ORIENTED_EDGE('',*,*,#5758,.F.);
#5211=ORIENTED_EDGE('',*,*,#5759,.F.);
#5212=ORIENTED_EDGE('',*,*,#5760,.F.);
#5213=ORIENTED_EDGE('',*,*,#5754,.T.);
#5214=CARTESIAN_POINT('',(14.61,0.3,2.475));
#5215=DIRECTION('',(1.0,0.0,0.0));
#5216=DIRECTION('',(0.0,1.0,0.0));
#5217=SURFACE_STYLE_FILL_AREA(#5761);
#5218=ORIENTED_EDGE('',*,*,#5758,.T.);
#5219=ORIENTED_EDGE('',*,*,#5753,.T.);
#5220=ORIENTED_EDGE('',*,*,#5762,.T.);
#5221=ORIENTED_EDGE('',*,*,#5763,.T.);
#5222=ORIENTED_EDGE('',*,*,#5764,.T.);
#5223=ORIENTED_EDGE('',*,*,#5765,.T.);
#5224=ORIENTED_EDGE('',*,*,#5766,.T.);
#5225=ORIENTED_EDGE('',*,*,#5767,.T.);
#5226=CARTESIAN_POINT('',(8.0,7.5,-2.475));
#5227=DIRECTION('',(0.0,0.0,-1.0));
#5228=DIRECTION('',(0.0,-1.0,0.0));
#5229=SURFACE_STYLE_FILL_AREA(#5768);
#5230=ORIENTED_EDGE('',*,*,#5769,.T.);
#5231=ORIENTED_EDGE('',*,*,#5770,.F.);
#5232=ORIENTED_EDGE('',*,*,#5771,.T.);
#5233=ORIENTED_EDGE('',*,*,#5763,.F.);
#5234=CARTESIAN_POINT('',(0.0,0.0,0.0));
#5235=DIRECTION('',(0.0,-1.0,0.0));
#5236=DIRECTION('',(0.0,0.0,-1.0));
#5237=SURFACE_STYLE_FILL_AREA(#5772);
#5238=ORIENTED_EDGE('',*,*,#5773,.T.);
#5239=ORIENTED_EDGE('',*,*,#5774,.F.);
#5240=ORIENTED_EDGE('',*,*,#5775,.F.);
#5241=ORIENTED_EDGE('',*,*,#5769,.F.);
#5242=ORIENTED_EDGE('',*,*,#5762,.F.);
#5243=ORIENTED_EDGE('',*,*,#5752,.F.);
#5244=CARTESIAN_POINT('',(6.34,0.0,2.475));
#5245=DIRECTION('',(-1.0,7.40148683083438E-17,0.0));
#5246=DIRECTION('',(0.0,0.0,1.0));
#5247=SURFACE_STYLE_FILL_AREA(#5776);
#5248=ORIENTED_EDGE('',*,*,#5751,.T.);
#5249=ORIENTED_EDGE('',*,*,#5777,.F.);
#5250=ORIENTED_EDGE('',*,*,#5778,.F.);
#5251=ORIENTED_EDGE('',*,*,#5773,.F.);
#5252=CARTESIAN_POINT('',(6.84,7.5,1.925));
#5253=DIRECTION('',(0.0,0.0,-1.0));
#5254=DIRECTION('',(0.0,-1.0,0.0));
#5255=SURFACE_STYLE_FILL_AREA(#5779);
#5256=ORIENTED_EDGE('',*,*,#5528,.T.);
#5257=ORIENTED_EDGE('',*,*,#5526,.T.);
#5258=ORIENTED_EDGE('',*,*,#5530,.T.);
#5259=ORIENTED_EDGE('',*,*,#5780,.T.);
#5260=CARTESIAN_POINT('',(-2.75,12.5,0.0));
#5261=DIRECTION('',(1.0,-0.0,0.0));
#5262=DIRECTION('',(0.0,0.0,-1.0));
#5263=SURFACE_STYLE_FILL_AREA(#5781);
#5264=ORIENTED_EDGE('',*,*,#5523,.T.);
#5265=ORIENTED_EDGE('',*,*,#5531,.F.);
#5266=ORIENTED_EDGE('',*,*,#5525,.T.);
#5267=ORIENTED_EDGE('',*,*,#5782,.F.);
#5268=CARTESIAN_POINT('',(0.0,12.5,0.0));
#5269=DIRECTION('',(1.0,-0.0,0.0));
#5270=DIRECTION('',(0.0,0.0,-1.0));
#5271=SURFACE_STYLE_FILL_AREA(#5783);
#5272=ORIENTED_EDGE('',*,*,#5780,.F.);
#5273=ORIENTED_EDGE('',*,*,#5529,.F.);
#5274=ORIENTED_EDGE('',*,*,#5534,.T.);
#5275=ORIENTED_EDGE('',*,*,#5749,.T.);
#5276=CARTESIAN_POINT('',(-3.0,12.5,-1.41125221756802E-16));
#5277=DIRECTION('',(1.0,0.0,0.0));
#5278=DIRECTION('',(0.0,1.0,0.0));
#5279=SURFACE_STYLE_FILL_AREA(#5784);
#5280=ORIENTED_EDGE('',*,*,#5518,.T.);
#5281=ORIENTED_EDGE('',*,*,#5516,.T.);
#5282=ORIENTED_EDGE('',*,*,#5520,.T.);
#5283=ORIENTED_EDGE('',*,*,#5785,.T.);
#5284=CARTESIAN_POINT('',(-2.75,7.5,0.0));
#5285=DIRECTION('',(1.0,-0.0,0.0));
#5286=DIRECTION('',(0.0,0.0,-1.0));
#5287=SURFACE_STYLE_FILL_AREA(#5786);
#5288=ORIENTED_EDGE('',*,*,#5513,.T.);
#5289=ORIENTED_EDGE('',*,*,#5521,.F.);
#5290=ORIENTED_EDGE('',*,*,#5515,.T.);
#5291=ORIENTED_EDGE('',*,*,#5787,.F.);
#5292=CARTESIAN_POINT('',(0.0,7.5,0.0));
#5293=DIRECTION('',(1.0,-0.0,0.0));
#5294=DIRECTION('',(0.0,0.0,-1.0));
#5295=SURFACE_STYLE_FILL_AREA(#5788);
#5296=ORIENTED_EDGE('',*,*,#5785,.F.);
#5297=ORIENTED_EDGE('',*,*,#5519,.F.);
#5298=ORIENTED_EDGE('',*,*,#5548,.T.);
#5299=ORIENTED_EDGE('',*,*,#5739,.T.);
#5300=CARTESIAN_POINT('',(-3.0,7.5,-1.41125221756802E-16));
#5301=DIRECTION('',(1.0,0.0,0.0));
#5302=DIRECTION('',(0.0,1.0,0.0));
#5303=SURFACE_STYLE_FILL_AREA(#5789);
#5304=ORIENTED_EDGE('',*,*,#5790,.F.);
#5305=ORIENTED_EDGE('',*,*,#5791,.T.);
#5306=ORIENTED_EDGE('',*,*,#5792,.F.);
#5307=ORIENTED_EDGE('',*,*,#5793,.F.);
#5308=CARTESIAN_POINT('',(1.0,13.0,1.725));
#5309=DIRECTION('',(-1.0,1.85037170770859E-16,0.0));
#5310=DIRECTION('',(0.0,0.0,1.0));
#5311=SURFACE_STYLE_FILL_AREA(#5794);
#5312=ORIENTED_EDGE('',*,*,#5795,.F.);
#5313=ORIENTED_EDGE('',*,*,#5793,.T.);
#5314=ORIENTED_EDGE('',*,*,#5796,.F.);
#5315=ORIENTED_EDGE('',*,*,#5797,.F.);
#5316=CARTESIAN_POINT('',(2.0,13.0,1.725));
#5317=DIRECTION('',(-0.0,1.0,0.0));
#5318=DIRECTION('',(1.0,0.0,0.0));
#5319=SURFACE_STYLE_FILL_AREA(#5798);
#5320=ORIENTED_EDGE('',*,*,#5799,.F.);
#5321=ORIENTED_EDGE('',*,*,#5797,.T.);
#5322=ORIENTED_EDGE('',*,*,#5800,.F.);
#5323=ORIENTED_EDGE('',*,*,#5801,.F.);
#5324=CARTESIAN_POINT('',(2.0,7.0,1.725));
#5325=DIRECTION('',(1.0,-4.62592926927149E-17,0.0));
#5326=DIRECTION('',(-4.62592926927149E-17,-1.0,0.0));
#5327=SURFACE_STYLE_FILL_AREA(#5802);
#5328=ORIENTED_EDGE('',*,*,#5803,.F.);
#5329=ORIENTED_EDGE('',*,*,#5801,.T.);
#5330=ORIENTED_EDGE('',*,*,#5804,.F.);
#5331=ORIENTED_EDGE('',*,*,#5791,.F.);
#5332=CARTESIAN_POINT('',(0.999999999999999,7.0,1.725));
#5333=DIRECTION('',(0.0,-1.0,0.0));
#5334=DIRECTION('',(0.0,0.0,-1.0));
#5335=SURFACE_STYLE_FILL_AREA(#5805);
#5336=ORIENTED_EDGE('',*,*,#5804,.T.);
#5337=ORIENTED_EDGE('',*,*,#5800,.T.);
#5338=ORIENTED_EDGE('',*,*,#5796,.T.);
#5339=ORIENTED_EDGE('',*,*,#5792,.T.);
#5340=CARTESIAN_POINT('',(1.5,10.0,2.425));
#5341=DIRECTION('',(0.0,0.0,1.0));
#5342=DIRECTION('',(1.0,0.0,0.0));
#5343=SURFACE_STYLE_FILL_AREA(#5806);
#5344=ORIENTED_EDGE('',*,*,#5807,.F.);
#5345=ORIENTED_EDGE('',*,*,#5808,.T.);
#5346=ORIENTED_EDGE('',*,*,#5809,.T.);
#5347=ORIENTED_EDGE('',*,*,#5810,.F.);
#5348=CARTESIAN_POINT('',(0.95,6.95,2.475));
#5349=DIRECTION('',(-1.0,1.59253302712625E-16,0.0));
#5350=DIRECTION('',(0.0,0.0,1.0));
#5351=SURFACE_STYLE_FILL_AREA(#5811);
#5352=ORIENTED_EDGE('',*,*,#5812,.F.);
#5353=ORIENTED_EDGE('',*,*,#5813,.T.);
#5354=ORIENTED_EDGE('',*,*,#5814,.T.);
#5355=ORIENTED_EDGE('',*,*,#5808,.F.);
#5356=CARTESIAN_POINT('',(2.05,6.95,2.475));
#5357=DIRECTION('',(0.0,-1.0,0.0));
#5358=DIRECTION('',(0.0,0.0,-1.0));
#5359=SURFACE_STYLE_FILL_AREA(#5815);
#5360=ORIENTED_EDGE('',*,*,#5816,.F.);
#5361=ORIENTED_EDGE('',*,*,#5817,.T.);
#5362=ORIENTED_EDGE('',*,*,#5818,.T.);
#5363=ORIENTED_EDGE('',*,*,#5813,.F.);
#5364=CARTESIAN_POINT('',(2.05,13.05,2.475));
#5365=DIRECTION('',(1.0,4.09508492689607E-16,0.0));
#5366=DIRECTION('',(-4.09508492689607E-16,1.0,0.0));
#5367=SURFACE_STYLE_FILL_AREA(#5819);
#5368=ORIENTED_EDGE('',*,*,#5820,.F.);
#5369=ORIENTED_EDGE('',*,*,#5810,.T.);
#5370=ORIENTED_EDGE('',*,*,#5821,.T.);
#5371=ORIENTED_EDGE('',*,*,#5817,.F.);
#5372=CARTESIAN_POINT('',(0.95,13.05,2.475));
#5373=DIRECTION('',(-0.0,1.0,0.0));
#5374=DIRECTION('',(1.0,0.0,0.0));
#5375=SURFACE_STYLE_FILL_AREA(#5822);
#5376=ORIENTED_EDGE('',*,*,#5821,.F.);
#5377=ORIENTED_EDGE('',*,*,#5809,.F.);
#5378=ORIENTED_EDGE('',*,*,#5814,.F.);
#5379=ORIENTED_EDGE('',*,*,#5818,.F.);
#5380=ORIENTED_EDGE('',*,*,#5790,.T.);
#5381=ORIENTED_EDGE('',*,*,#5795,.T.);
#5382=ORIENTED_EDGE('',*,*,#5799,.T.);
#5383=ORIENTED_EDGE('',*,*,#5803,.T.);
#5384=CARTESIAN_POINT('',(1.5,10.0,1.725));
#5385=DIRECTION('',(0.0,0.0,-1.0));
#5386=DIRECTION('',(0.0,-1.0,0.0));
#5387=SURFACE_STYLE_FILL_AREA(#5823);
#5388=ORIENTED_EDGE('',*,*,#5756,.T.);
#5389=ORIENTED_EDGE('',*,*,#5824,.F.);
#5390=ORIENTED_EDGE('',*,*,#5825,.F.);
#5391=ORIENTED_EDGE('',*,*,#5777,.T.);
#5392=CARTESIAN_POINT('',(7.34,15.0,2.475));
#5393=DIRECTION('',(1.0,7.40148683083438E-17,0.0));
#5394=DIRECTION('',(-7.40148683083438E-17,1.0,0.0));
#5395=SURFACE_STYLE_FILL_AREA(#5826);
#5396=ORIENTED_EDGE('',*,*,#5775,.T.);
#5397=ORIENTED_EDGE('',*,*,#5827,.T.);
#5398=ORIENTED_EDGE('',*,*,#5828,.T.);
#5399=ORIENTED_EDGE('',*,*,#5770,.T.);
#5400=ORIENTED_EDGE('',*,*,#5807,.T.);
#5401=ORIENTED_EDGE('',*,*,#5820,.T.);
#5402=ORIENTED_EDGE('',*,*,#5816,.T.);
#5403=ORIENTED_EDGE('',*,*,#5812,.T.);
#5404=CARTESIAN_POINT('',(8.0,7.5,2.475));
#5405=DIRECTION('',(0.0,0.0,1.0));
#5406=DIRECTION('',(1.0,0.0,0.0));
#5407=SURFACE_STYLE_FILL_AREA(#5829);
#5408=ORIENTED_EDGE('',*,*,#5760,.T.);
#5409=ORIENTED_EDGE('',*,*,#5830,.T.);
#5410=ORIENTED_EDGE('',*,*,#5831,.T.);
#5411=ORIENTED_EDGE('',*,*,#5832,.T.);
#5412=ORIENTED_EDGE('',*,*,#5824,.T.);
#5413=ORIENTED_EDGE('',*,*,#5755,.T.);
#5414=CARTESIAN_POINT('',(8.0,7.5,2.475));
#5415=DIRECTION('',(0.0,0.0,1.0));
#5416=DIRECTION('',(1.0,0.0,0.0));
#5417=SURFACE_STYLE_FILL_AREA(#5833);
#5418=ORIENTED_EDGE('',*,*,#5759,.T.);
#5419=ORIENTED_EDGE('',*,*,#5767,.F.);
#5420=ORIENTED_EDGE('',*,*,#5834,.T.);
#5421=ORIENTED_EDGE('',*,*,#5830,.F.);
#5422=CARTESIAN_POINT('',(0.0,0.0,0.0));
#5423=DIRECTION('',(0.0,-1.0,0.0));
#5424=DIRECTION('',(0.0,0.0,-1.0));
#5425=SURFACE_STYLE_FILL_AREA(#5835);
#5426=ORIENTED_EDGE('',*,*,#5771,.F.);
#5427=ORIENTED_EDGE('',*,*,#5828,.F.);
#5428=ORIENTED_EDGE('',*,*,#5836,.F.);
#5429=ORIENTED_EDGE('',*,*,#5764,.F.);
#5430=ORIENTED_EDGE('',*,*,#5697,.T.);
#5431=ORIENTED_EDGE('',*,*,#5702,.T.);
#5432=ORIENTED_EDGE('',*,*,#5706,.T.);
#5433=ORIENTED_EDGE('',*,*,#5710,.T.);
#5434=ORIENTED_EDGE('',*,*,#5714,.T.);
#5435=ORIENTED_EDGE('',*,*,#5719,.T.);
#5436=ORIENTED_EDGE('',*,*,#5723,.T.);
#5437=ORIENTED_EDGE('',*,*,#5727,.T.);
#5438=ORIENTED_EDGE('',*,*,#5524,.T.);
#5439=ORIENTED_EDGE('',*,*,#5782,.T.);
#5440=ORIENTED_EDGE('',*,*,#5514,.T.);
#5441=ORIENTED_EDGE('',*,*,#5787,.T.);
#5442=CARTESIAN_POINT('',(0.0,15.0,0.0));
#5443=DIRECTION('',(-1.0,0.0,0.0));
#5444=DIRECTION('',(0.0,0.0,1.0));
#5445=SURFACE_STYLE_FILL_AREA(#5837);
#5446=ORIENTED_EDGE('',*,*,#5825,.T.);
#5447=ORIENTED_EDGE('',*,*,#5832,.F.);
#5448=ORIENTED_EDGE('',*,*,#5838,.F.);
#5449=ORIENTED_EDGE('',*,*,#5765,.F.);
#5450=ORIENTED_EDGE('',*,*,#5836,.T.);
#5451=ORIENTED_EDGE('',*,*,#5827,.F.);
#5452=ORIENTED_EDGE('',*,*,#5774,.T.);
#5453=ORIENTED_EDGE('',*,*,#5778,.T.);
#5454=CARTESIAN_POINT('',(16.0,15.0,0.0));
#5455=DIRECTION('',(1.38777878078145E-16,1.0,0.0));
#5456=DIRECTION('',(1.0,-1.38777878078145E-16,0.0));
#5457=SURFACE_STYLE_FILL_AREA(#5839);
#5458=ORIENTED_EDGE('',*,*,#5838,.T.);
#5459=ORIENTED_EDGE('',*,*,#5831,.F.);
#5460=ORIENTED_EDGE('',*,*,#5834,.F.);
#5461=ORIENTED_EDGE('',*,*,#5766,.F.);
#5462=CARTESIAN_POINT('',(16.0,0.0,0.0));
#5463=DIRECTION('',(1.0,1.48029736616688E-16,0.0));
#5464=DIRECTION('',(-1.48029736616688E-16,1.0,0.0));
#5465=SURFACE_STYLE_FILL_AREA(#5840);
#5466=SURFACE_STYLE_FILL_AREA(#5841);
#5467=ORIENTED_EDGE('',*,*,#5842,.F.);
#5468=ORIENTED_EDGE('',*,*,#5843,.F.);
#5469=ORIENTED_EDGE('',*,*,#5844,.F.);
#5470=ORIENTED_EDGE('',*,*,#5845,.F.);
#5471=SURFACE_STYLE_FILL_AREA(#5846);
#5472=ORIENTED_EDGE('',*,*,#5842,.T.);
#5473=ORIENTED_EDGE('',*,*,#5847,.F.);
#5474=ORIENTED_EDGE('',*,*,#5844,.T.);
#5475=ORIENTED_EDGE('',*,*,#5848,.F.);
#5476=SURFACE_STYLE_FILL_AREA(#5849);
#5477=ORIENTED_EDGE('',*,*,#5847,.T.);
#5478=ORIENTED_EDGE('',*,*,#5845,.T.);
#5479=CARTESIAN_POINT('',(-6.9,13.7,0.0));
#5480=DIRECTION('',(0.0,0.0,1.0));
#5481=DIRECTION('',(1.0,0.0,0.0));
#5482=SURFACE_STYLE_FILL_AREA(#5850);
#5483=ORIENTED_EDGE('',*,*,#5843,.T.);
#5484=ORIENTED_EDGE('',*,*,#5848,.T.);
#5485=CARTESIAN_POINT('',(-3.275,13.7,-2.35132185436292E-15));
#5486=DIRECTION('',(0.0,1.95943487863576E-15,1.0));
#5487=DIRECTION('',(0.0,-1.0,1.95943487863576E-15));
#5488=SURFACE_STYLE_FILL_AREA(#5851);
#5489=SURFACE_STYLE_FILL_AREA(#5852);
#5490=ORIENTED_EDGE('',*,*,#5853,.F.);
#5491=ORIENTED_EDGE('',*,*,#5854,.F.);
#5492=ORIENTED_EDGE('',*,*,#5855,.F.);
#5493=ORIENTED_EDGE('',*,*,#5856,.F.);
#5494=SURFACE_STYLE_FILL_AREA(#5857);
#5495=ORIENTED_EDGE('',*,*,#5853,.T.);
#5496=ORIENTED_EDGE('',*,*,#5858,.F.);
#5497=ORIENTED_EDGE('',*,*,#5855,.T.);
#5498=ORIENTED_EDGE('',*,*,#5859,.F.);
#5499=SURFACE_STYLE_FILL_AREA(#5860);
#5500=ORIENTED_EDGE('',*,*,#5858,.T.);
#5501=ORIENTED_EDGE('',*,*,#5856,.T.);
#5502=CARTESIAN_POINT('',(-6.9,8.7,0.0));
#5503=DIRECTION('',(0.0,0.0,1.0));
#5504=DIRECTION('',(1.0,0.0,0.0));
#5505=SURFACE_STYLE_FILL_AREA(#5861);
#5506=ORIENTED_EDGE('',*,*,#5854,.T.);
#5507=ORIENTED_EDGE('',*,*,#5859,.T.);
#5508=CARTESIAN_POINT('',(-3.275,8.7,-2.35132185436292E-15));
#5509=DIRECTION('',(0.0,1.95943487863576E-15,1.0));
#5510=DIRECTION('',(0.0,-1.0,1.95943487863576E-15));
#5511=SURFACE_STYLE_FILL_AREA(#5862);
#5512=FILL_AREA_STYLE('',(#5863));
#5513=EDGE_CURVE('',#5864,#5865,#5866,.T.);
#5514=EDGE_CURVE('',#5867,#5864,#5868,.T.);
#5515=EDGE_CURVE('',#5869,#5867,#5870,.T.);
#5516=EDGE_CURVE('',#5865,#5869,#5871,.T.);
#5517=FILL_AREA_STYLE('',(#5872));
#5518=EDGE_CURVE('',#5873,#5865,#5874,.T.);
#5519=EDGE_CURVE('',#5873,#5875,#5876,.T.);
#5520=EDGE_CURVE('',#5869,#5875,#5877,.T.);
#5521=EDGE_CURVE('',#5869,#5865,#5878,.T.);
#5522=FILL_AREA_STYLE('',(#5879));
#5523=EDGE_CURVE('',#5880,#5881,#5882,.T.);
#5524=EDGE_CURVE('',#5883,#5880,#5884,.T.);
#5525=EDGE_CURVE('',#5885,#5883,#5886,.T.);
#5526=EDGE_CURVE('',#5881,#5885,#5887,.T.);
#5527=FILL_AREA_STYLE('',(#5888));
#5528=EDGE_CURVE('',#5889,#5881,#5890,.T.);
#5529=EDGE_CURVE('',#5889,#5891,#5892,.T.);
#5530=EDGE_CURVE('',#5885,#5891,#5893,.T.);
#5531=EDGE_CURVE('',#5885,#5881,#5894,.T.);
#5532=FILL_AREA_STYLE('',(#5895));
#5533=EDGE_CURVE('',#5896,#5897,#5898,.T.);
#5534=EDGE_CURVE('',#5899,#5896,#5900,.T.);
#5535=EDGE_CURVE('',#5901,#5899,#5902,.T.);
#5536=EDGE_CURVE('',#5901,#5897,#5903,.T.);
#5537=FILL_AREA_STYLE('',(#5904));
#5538=EDGE_CURVE('',#5905,#5906,#5907,.T.);
#5539=EDGE_CURVE('',#5908,#5905,#5909,.T.);
#5540=EDGE_CURVE('',#5910,#5908,#5911,.T.);
#5541=EDGE_CURVE('',#5906,#5910,#5912,.T.);
#5542=FILL_AREA_STYLE('',(#5913));
#5543=EDGE_CURVE('',#5914,#5905,#5915,.T.);
#5544=EDGE_CURVE('',#5914,#5916,#5917,.T.);
#5545=EDGE_CURVE('',#5908,#5916,#5918,.T.);
#5546=FILL_AREA_STYLE('',(#5919));
#5547=EDGE_CURVE('',#5920,#5921,#5922,.T.);
#5548=EDGE_CURVE('',#5923,#5920,#5924,.T.);
#5549=EDGE_CURVE('',#5925,#5923,#5926,.T.);
#5550=EDGE_CURVE('',#5925,#5921,#5927,.T.);
#5551=FILL_AREA_STYLE('',(#5928));
#5552=EDGE_CURVE('',#5929,#5930,#5931,.T.);
#5553=EDGE_CURVE('',#5932,#5929,#5933,.T.);
#5554=EDGE_CURVE('',#5934,#5932,#5935,.T.);
#5555=EDGE_CURVE('',#5930,#5934,#5936,.T.);
#5556=FILL_AREA_STYLE('',(#5937));
#5557=EDGE_CURVE('',#5938,#5929,#5939,.T.);
#5558=EDGE_CURVE('',#5938,#5940,#5941,.T.);
#5559=EDGE_CURVE('',#5932,#5940,#5942,.T.);
#5560=FILL_AREA_STYLE('',(#5943));
#5561=EDGE_CURVE('',#5944,#5945,#5946,.T.);
#5562=EDGE_CURVE('',#5944,#5947,#5948,.T.);
#5563=EDGE_CURVE('',#5949,#5947,#5950,.T.);
#5564=EDGE_CURVE('',#5945,#5949,#5951,.T.);
#5565=FILL_AREA_STYLE('',(#5952));
#5566=EDGE_CURVE('',#5945,#5953,#5954,.T.);
#5567=EDGE_CURVE('',#5955,#5949,#5956,.T.);
#5568=EDGE_CURVE('',#5953,#5955,#5957,.T.);
#5569=FILL_AREA_STYLE('',(#5958));
#5570=EDGE_CURVE('',#5953,#5959,#5960,.T.);
#5571=EDGE_CURVE('',#5961,#5955,#5962,.T.);
#5572=EDGE_CURVE('',#5959,#5961,#5963,.T.);
#5573=FILL_AREA_STYLE('',(#5964));
#5574=EDGE_CURVE('',#5959,#5944,#5965,.T.);
#5575=EDGE_CURVE('',#5947,#5961,#5966,.T.);
#5576=FILL_AREA_STYLE('',(#5967));
#5577=FILL_AREA_STYLE('',(#5968));
#5578=EDGE_CURVE('',#5969,#5970,#5971,.T.);
#5579=EDGE_CURVE('',#5969,#5972,#5973,.T.);
#5580=EDGE_CURVE('',#5974,#5972,#5975,.T.);
#5581=EDGE_CURVE('',#5970,#5974,#5976,.T.);
#5582=FILL_AREA_STYLE('',(#5977));
#5583=EDGE_CURVE('',#5970,#5978,#5979,.T.);
#5584=EDGE_CURVE('',#5980,#5974,#5981,.T.);
#5585=EDGE_CURVE('',#5978,#5980,#5982,.T.);
#5586=FILL_AREA_STYLE('',(#5983));
#5587=EDGE_CURVE('',#5978,#5984,#5985,.T.);
#5588=EDGE_CURVE('',#5986,#5980,#5987,.T.);
#5589=EDGE_CURVE('',#5984,#5986,#5988,.T.);
#5590=FILL_AREA_STYLE('',(#5989));
#5591=EDGE_CURVE('',#5984,#5969,#5990,.T.);
#5592=EDGE_CURVE('',#5972,#5986,#5991,.T.);
#5593=FILL_AREA_STYLE('',(#5992));
#5594=FILL_AREA_STYLE('',(#5993));
#5595=EDGE_CURVE('',#5994,#5995,#5996,.T.);
#5596=EDGE_CURVE('',#5994,#5997,#5998,.T.);
#5597=EDGE_CURVE('',#5999,#5997,#6000,.T.);
#5598=EDGE_CURVE('',#5995,#5999,#6001,.T.);
#5599=FILL_AREA_STYLE('',(#6002));
#5600=EDGE_CURVE('',#5995,#6003,#6004,.T.);
#5601=EDGE_CURVE('',#6005,#5999,#6006,.T.);
#5602=EDGE_CURVE('',#6003,#6005,#6007,.T.);
#5603=FILL_AREA_STYLE('',(#6008));
#5604=EDGE_CURVE('',#6003,#6009,#6010,.T.);
#5605=EDGE_CURVE('',#6011,#6005,#6012,.T.);
#5606=EDGE_CURVE('',#6009,#6011,#6013,.T.);
#5607=FILL_AREA_STYLE('',(#6014));
#5608=EDGE_CURVE('',#6009,#5994,#6015,.T.);
#5609=EDGE_CURVE('',#5997,#6011,#6016,.T.);
#5610=FILL_AREA_STYLE('',(#6017));
#5611=FILL_AREA_STYLE('',(#6018));
#5612=EDGE_CURVE('',#6019,#6020,#6021,.T.);
#5613=EDGE_CURVE('',#6019,#6022,#6023,.T.);
#5614=EDGE_CURVE('',#6024,#6022,#6025,.T.);
#5615=EDGE_CURVE('',#6020,#6024,#6026,.T.);
#5616=FILL_AREA_STYLE('',(#6027));
#5617=EDGE_CURVE('',#6020,#6028,#6029,.T.);
#5618=EDGE_CURVE('',#6030,#6024,#6031,.T.);
#5619=EDGE_CURVE('',#6028,#6030,#6032,.T.);
#5620=FILL_AREA_STYLE('',(#6033));
#5621=EDGE_CURVE('',#6028,#6034,#6035,.T.);
#5622=EDGE_CURVE('',#6036,#6030,#6037,.T.);
#5623=EDGE_CURVE('',#6034,#6036,#6038,.T.);
#5624=FILL_AREA_STYLE('',(#6039));
#5625=EDGE_CURVE('',#6034,#6019,#6040,.T.);
#5626=EDGE_CURVE('',#6022,#6036,#6041,.T.);
#5627=FILL_AREA_STYLE('',(#6042));
#5628=FILL_AREA_STYLE('',(#6043));
#5629=EDGE_CURVE('',#6044,#6045,#6046,.T.);
#5630=EDGE_CURVE('',#6044,#6047,#6048,.T.);
#5631=EDGE_CURVE('',#6049,#6047,#6050,.T.);
#5632=EDGE_CURVE('',#6045,#6049,#6051,.T.);
#5633=FILL_AREA_STYLE('',(#6052));
#5634=EDGE_CURVE('',#6045,#6053,#6054,.T.);
#5635=EDGE_CURVE('',#6055,#6049,#6056,.T.);
#5636=EDGE_CURVE('',#6053,#6055,#6057,.T.);
#5637=FILL_AREA_STYLE('',(#6058));
#5638=EDGE_CURVE('',#6053,#6059,#6060,.T.);
#5639=EDGE_CURVE('',#6061,#6055,#6062,.T.);
#5640=EDGE_CURVE('',#6059,#6061,#6063,.T.);
#5641=FILL_AREA_STYLE('',(#6064));
#5642=EDGE_CURVE('',#6059,#6044,#6065,.T.);
#5643=EDGE_CURVE('',#6047,#6061,#6066,.T.);
#5644=FILL_AREA_STYLE('',(#6067));
#5645=FILL_AREA_STYLE('',(#6068));
#5646=EDGE_CURVE('',#6069,#6070,#6071,.T.);
#5647=EDGE_CURVE('',#6069,#6072,#6073,.T.);
#5648=EDGE_CURVE('',#6074,#6072,#6075,.T.);
#5649=EDGE_CURVE('',#6070,#6074,#6076,.T.);
#5650=FILL_AREA_STYLE('',(#6077));
#5651=EDGE_CURVE('',#6070,#6078,#6079,.T.);
#5652=EDGE_CURVE('',#6080,#6074,#6081,.T.);
#5653=EDGE_CURVE('',#6078,#6080,#6082,.T.);
#5654=FILL_AREA_STYLE('',(#6083));
#5655=EDGE_CURVE('',#6078,#6084,#6085,.T.);
#5656=EDGE_CURVE('',#6086,#6080,#6087,.T.);
#5657=EDGE_CURVE('',#6084,#6086,#6088,.T.);
#5658=FILL_AREA_STYLE('',(#6089));
#5659=EDGE_CURVE('',#6084,#6069,#6090,.T.);
#5660=EDGE_CURVE('',#6072,#6086,#6091,.T.);
#5661=FILL_AREA_STYLE('',(#6092));
#5662=FILL_AREA_STYLE('',(#6093));
#5663=EDGE_CURVE('',#6094,#6095,#6096,.T.);
#5664=EDGE_CURVE('',#6094,#6097,#6098,.T.);
#5665=EDGE_CURVE('',#6099,#6097,#6100,.T.);
#5666=EDGE_CURVE('',#6095,#6099,#6101,.T.);
#5667=FILL_AREA_STYLE('',(#6102));
#5668=EDGE_CURVE('',#6095,#6103,#6104,.T.);
#5669=EDGE_CURVE('',#6105,#6099,#6106,.T.);
#5670=EDGE_CURVE('',#6103,#6105,#6107,.T.);
#5671=FILL_AREA_STYLE('',(#6108));
#5672=EDGE_CURVE('',#6103,#6109,#6110,.T.);
#5673=EDGE_CURVE('',#6111,#6105,#6112,.T.);
#5674=EDGE_CURVE('',#6109,#6111,#6113,.T.);
#5675=FILL_AREA_STYLE('',(#6114));
#5676=EDGE_CURVE('',#6109,#6094,#6115,.T.);
#5677=EDGE_CURVE('',#6097,#6111,#6116,.T.);
#5678=FILL_AREA_STYLE('',(#6117));
#5679=FILL_AREA_STYLE('',(#6118));
#5680=EDGE_CURVE('',#6119,#6120,#6121,.T.);
#5681=EDGE_CURVE('',#6119,#6122,#6123,.T.);
#5682=EDGE_CURVE('',#6124,#6122,#6125,.T.);
#5683=EDGE_CURVE('',#6120,#6124,#6126,.T.);
#5684=FILL_AREA_STYLE('',(#6127));
#5685=EDGE_CURVE('',#6120,#6128,#6129,.T.);
#5686=EDGE_CURVE('',#6130,#6124,#6131,.T.);
#5687=EDGE_CURVE('',#6128,#6130,#6132,.T.);
#5688=FILL_AREA_STYLE('',(#6133));
#5689=EDGE_CURVE('',#6128,#6134,#6135,.T.);
#5690=EDGE_CURVE('',#6136,#6130,#6137,.T.);
#5691=EDGE_CURVE('',#6134,#6136,#6138,.T.);
#5692=FILL_AREA_STYLE('',(#6139));
#5693=EDGE_CURVE('',#6134,#6119,#6140,.T.);
#5694=EDGE_CURVE('',#6122,#6136,#6141,.T.);
#5695=FILL_AREA_STYLE('',(#6142));
#5696=FILL_AREA_STYLE('',(#6143));
#5697=EDGE_CURVE('',#6144,#6145,#6146,.T.);
#5698=EDGE_CURVE('',#6144,#6147,#6148,.T.);
#5699=EDGE_CURVE('',#6149,#6147,#6150,.T.);
#5700=EDGE_CURVE('',#6145,#6149,#6151,.T.);
#5701=FILL_AREA_STYLE('',(#6152));
#5702=EDGE_CURVE('',#6145,#6153,#6154,.T.);
#5703=EDGE_CURVE('',#6155,#6149,#6156,.T.);
#5704=EDGE_CURVE('',#6153,#6155,#6157,.T.);
#5705=FILL_AREA_STYLE('',(#6158));
#5706=EDGE_CURVE('',#6153,#6159,#6160,.T.);
#5707=EDGE_CURVE('',#6161,#6155,#6162,.T.);
#5708=EDGE_CURVE('',#6159,#6161,#6163,.T.);
#5709=FILL_AREA_STYLE('',(#6164));
#5710=EDGE_CURVE('',#6159,#6144,#6165,.T.);
#5711=EDGE_CURVE('',#6147,#6161,#6166,.T.);
#5712=FILL_AREA_STYLE('',(#6167));
#5713=FILL_AREA_STYLE('',(#6168));
#5714=EDGE_CURVE('',#6169,#6170,#6171,.T.);
#5715=EDGE_CURVE('',#6169,#6172,#6173,.T.);
#5716=EDGE_CURVE('',#6174,#6172,#6175,.T.);
#5717=EDGE_CURVE('',#6170,#6174,#6176,.T.);
#5718=FILL_AREA_STYLE('',(#6177));
#5719=EDGE_CURVE('',#6170,#6178,#6179,.T.);
#5720=EDGE_CURVE('',#6180,#6174,#6181,.T.);
#5721=EDGE_CURVE('',#6178,#6180,#6182,.T.);
#5722=FILL_AREA_STYLE('',(#6183));
#5723=EDGE_CURVE('',#6178,#6184,#6185,.T.);
#5724=EDGE_CURVE('',#6186,#6180,#6187,.T.);
#5725=EDGE_CURVE('',#6184,#6186,#6188,.T.);
#5726=FILL_AREA_STYLE('',(#6189));
#5727=EDGE_CURVE('',#6184,#6169,#6190,.T.);
#5728=EDGE_CURVE('',#6172,#6186,#6191,.T.);
#5729=FILL_AREA_STYLE('',(#6192));
#5730=FILL_AREA_STYLE('',(#6193));
#5731=EDGE_CURVE('',#5929,#5932,#6194,.T.);
#5732=EDGE_CURVE('',#5940,#5938,#6195,.T.);
#5733=FILL_AREA_STYLE('',(#6196));
#5734=EDGE_CURVE('',#5934,#5930,#6197,.T.);
#5735=FILL_AREA_STYLE('',(#6198));
#5736=FILL_AREA_STYLE('',(#6199));
#5737=EDGE_CURVE('',#5921,#5925,#6200,.T.);
#5738=FILL_AREA_STYLE('',(#6201));
#5739=EDGE_CURVE('',#5920,#5923,#6202,.T.);
#5740=FILL_AREA_STYLE('',(#6203));
#5741=EDGE_CURVE('',#5905,#5908,#6204,.T.);
#5742=EDGE_CURVE('',#5916,#5914,#6205,.T.);
#5743=FILL_AREA_STYLE('',(#6206));
#5744=EDGE_CURVE('',#5910,#5906,#6207,.T.);
#5745=FILL_AREA_STYLE('',(#6208));
#5746=FILL_AREA_STYLE('',(#6209));
#5747=EDGE_CURVE('',#5897,#5901,#6210,.T.);
#5748=FILL_AREA_STYLE('',(#6211));
#5749=EDGE_CURVE('',#5896,#5899,#6212,.T.);
#5750=FILL_AREA_STYLE('',(#6213));
#5751=EDGE_CURVE('',#6214,#6215,#6216,.T.);
#5752=EDGE_CURVE('',#6214,#6217,#6218,.T.);
#5753=EDGE_CURVE('',#6219,#6217,#6220,.T.);
#5754=EDGE_CURVE('',#6221,#6219,#6222,.T.);
#5755=EDGE_CURVE('',#6223,#6221,#6224,.T.);
#5756=EDGE_CURVE('',#6215,#6223,#6225,.T.);
#5757=FILL_AREA_STYLE('',(#6226));
#5758=EDGE_CURVE('',#6227,#6219,#6228,.T.);
#5759=EDGE_CURVE('',#6229,#6227,#6230,.T.);
#5760=EDGE_CURVE('',#6221,#6229,#6231,.T.);
#5761=FILL_AREA_STYLE('',(#6232));
#5762=EDGE_CURVE('',#6217,#6233,#6234,.T.);
#5763=EDGE_CURVE('',#6233,#6235,#6236,.T.);
#5764=EDGE_CURVE('',#6235,#6237,#6238,.T.);
#5765=EDGE_CURVE('',#6237,#6239,#6240,.T.);
#5766=EDGE_CURVE('',#6239,#6241,#6242,.T.);
#5767=EDGE_CURVE('',#6241,#6227,#6243,.T.);
#5768=FILL_AREA_STYLE('',(#6244));
#5769=EDGE_CURVE('',#6233,#6245,#6246,.T.);
#5770=EDGE_CURVE('',#6247,#6245,#6248,.T.);
#5771=EDGE_CURVE('',#6247,#6235,#6249,.T.);
#5772=FILL_AREA_STYLE('',(#6250));
#5773=EDGE_CURVE('',#6214,#6251,#6252,.T.);
#5774=EDGE_CURVE('',#6253,#6251,#6254,.T.);
#5775=EDGE_CURVE('',#6245,#6253,#6255,.T.);
#5776=FILL_AREA_STYLE('',(#6256));
#5777=EDGE_CURVE('',#6257,#6215,#6258,.T.);
#5778=EDGE_CURVE('',#6251,#6257,#6259,.T.);
#5779=FILL_AREA_STYLE('',(#6260));
#5780=EDGE_CURVE('',#5891,#5889,#6261,.T.);
#5781=FILL_AREA_STYLE('',(#6262));
#5782=EDGE_CURVE('',#5880,#5883,#6263,.T.);
#5783=FILL_AREA_STYLE('',(#6264));
#5784=FILL_AREA_STYLE('',(#6265));
#5785=EDGE_CURVE('',#5875,#5873,#6266,.T.);
#5786=FILL_AREA_STYLE('',(#6267));
#5787=EDGE_CURVE('',#5864,#5867,#6268,.T.);
#5788=FILL_AREA_STYLE('',(#6269));
#5789=FILL_AREA_STYLE('',(#6270));
#5790=EDGE_CURVE('',#6271,#6272,#6273,.T.);
#5791=EDGE_CURVE('',#6271,#6274,#6275,.T.);
#5792=EDGE_CURVE('',#6276,#6274,#6277,.T.);
#5793=EDGE_CURVE('',#6272,#6276,#6278,.T.);
#5794=FILL_AREA_STYLE('',(#6279));
#5795=EDGE_CURVE('',#6272,#6280,#6281,.T.);
#5796=EDGE_CURVE('',#6282,#6276,#6283,.T.);
#5797=EDGE_CURVE('',#6280,#6282,#6284,.T.);
#5798=FILL_AREA_STYLE('',(#6285));
#5799=EDGE_CURVE('',#6280,#6286,#6287,.T.);
#5800=EDGE_CURVE('',#6288,#6282,#6289,.T.);
#5801=EDGE_CURVE('',#6286,#6288,#6290,.T.);
#5802=FILL_AREA_STYLE('',(#6291));
#5803=EDGE_CURVE('',#6286,#6271,#6292,.T.);
#5804=EDGE_CURVE('',#6274,#6288,#6293,.T.);
#5805=FILL_AREA_STYLE('',(#6294));
#5806=FILL_AREA_STYLE('',(#6295));
#5807=EDGE_CURVE('',#6296,#6297,#6298,.T.);
#5808=EDGE_CURVE('',#6296,#6299,#6300,.T.);
#5809=EDGE_CURVE('',#6299,#6301,#6302,.T.);
#5810=EDGE_CURVE('',#6297,#6301,#6303,.T.);
#5811=FILL_AREA_STYLE('',(#6304));
#5812=EDGE_CURVE('',#6305,#6296,#6306,.T.);
#5813=EDGE_CURVE('',#6305,#6307,#6308,.T.);
#5814=EDGE_CURVE('',#6307,#6299,#6309,.T.);
#5815=FILL_AREA_STYLE('',(#6310));
#5816=EDGE_CURVE('',#6311,#6305,#6312,.T.);
#5817=EDGE_CURVE('',#6311,#6313,#6314,.T.);
#5818=EDGE_CURVE('',#6313,#6307,#6315,.T.);
#5819=FILL_AREA_STYLE('',(#6316));
#5820=EDGE_CURVE('',#6297,#6311,#6317,.T.);
#5821=EDGE_CURVE('',#6301,#6313,#6318,.T.);
#5822=FILL_AREA_STYLE('',(#6319));
#5823=FILL_AREA_STYLE('',(#6320));
#5824=EDGE_CURVE('',#6321,#6223,#6322,.T.);
#5825=EDGE_CURVE('',#6257,#6321,#6323,.T.);
#5826=FILL_AREA_STYLE('',(#6324));
#5827=EDGE_CURVE('',#6253,#6325,#6326,.T.);
#5828=EDGE_CURVE('',#6325,#6247,#6327,.T.);
#5829=FILL_AREA_STYLE('',(#6328));
#5830=EDGE_CURVE('',#6229,#6329,#6330,.T.);
#5831=EDGE_CURVE('',#6329,#6331,#6332,.T.);
#5832=EDGE_CURVE('',#6331,#6321,#6333,.T.);
#5833=FILL_AREA_STYLE('',(#6334));
#5834=EDGE_CURVE('',#6241,#6329,#6335,.T.);
#5835=FILL_AREA_STYLE('',(#6336));
#5836=EDGE_CURVE('',#6237,#6325,#6337,.T.);
#5837=FILL_AREA_STYLE('',(#6338));
#5838=EDGE_CURVE('',#6239,#6331,#6339,.T.);
#5839=FILL_AREA_STYLE('',(#6340));
#5840=FILL_AREA_STYLE('',(#6341));
#5841=FILL_AREA_STYLE('',(#6342));
#5842=EDGE_CURVE('',#6343,#6344,#6345,.T.);
#5843=EDGE_CURVE('',#6346,#6343,#6347,.T.);
#5844=EDGE_CURVE('',#6348,#6346,#6349,.T.);
#5845=EDGE_CURVE('',#6344,#6348,#6350,.T.);
#5846=FILL_AREA_STYLE('',(#6351));
#5847=EDGE_CURVE('',#6348,#6344,#6352,.T.);
#5848=EDGE_CURVE('',#6343,#6346,#6353,.T.);
#5849=FILL_AREA_STYLE('',(#6354));
#5850=FILL_AREA_STYLE('',(#6355));
#5851=FILL_AREA_STYLE('',(#6356));
#5852=FILL_AREA_STYLE('',(#6357));
#5853=EDGE_CURVE('',#6358,#6359,#6360,.T.);
#5854=EDGE_CURVE('',#6361,#6358,#6362,.T.);
#5855=EDGE_CURVE('',#6363,#6361,#6364,.T.);
#5856=EDGE_CURVE('',#6359,#6363,#6365,.T.);
#5857=FILL_AREA_STYLE('',(#6366));
#5858=EDGE_CURVE('',#6363,#6359,#6367,.T.);
#5859=EDGE_CURVE('',#6358,#6361,#6368,.T.);
#5860=FILL_AREA_STYLE('',(#6369));
#5861=FILL_AREA_STYLE('',(#6370));
#5862=FILL_AREA_STYLE('',(#6371));
#5863=FILL_AREA_STYLE_COLOUR('',#6372);
#5864=VERTEX_POINT('',#6373);
#5865=VERTEX_POINT('',#6374);
#5866=LINE('',#6375,#6376);
#5867=VERTEX_POINT('',#6377);
#5868=CIRCLE('',#6378,1.9);
#5869=VERTEX_POINT('',#6379);
#5870=LINE('',#6380,#6381);
#5871=CIRCLE('',#6382,1.9);
#5872=FILL_AREA_STYLE_COLOUR('',#6383);
#5873=VERTEX_POINT('',#6384);
#5874=LINE('',#6385,#6386);
#5875=VERTEX_POINT('',#6387);
#5876=CIRCLE('',#6388,1.61132486540519);
#5877=LINE('',#6389,#6390);
#5878=CIRCLE('',#6391,1.9);
#5879=FILL_AREA_STYLE_COLOUR('',#6392);
#5880=VERTEX_POINT('',#6393);
#5881=VERTEX_POINT('',#6394);
#5882=LINE('',#6395,#6396);
#5883=VERTEX_POINT('',#6397);
#5884=CIRCLE('',#6398,1.9);
#5885=VERTEX_POINT('',#6399);
#5886=LINE('',#6400,#6401);
#5887=CIRCLE('',#6402,1.9);
#5888=FILL_AREA_STYLE_COLOUR('',#6403);
#5889=VERTEX_POINT('',#6404);
#5890=LINE('',#6405,#6406);
#5891=VERTEX_POINT('',#6407);
#5892=CIRCLE('',#6408,1.61132486540519);
#5893=LINE('',#6409,#6410);
#5894=CIRCLE('',#6411,1.9);
#5895=FILL_AREA_STYLE_COLOUR('',#6412);
#5896=VERTEX_POINT('',#6413);
#5897=VERTEX_POINT('',#6414);
#5898=LINE('',#6415,#6416);
#5899=VERTEX_POINT('',#6417);
#5900=CIRCLE('',#6418,1.0);
#5901=VERTEX_POINT('',#6419);
#5902=LINE('',#6420,#6421);
#5903=CIRCLE('',#6422,1.0);
#5904=FILL_AREA_STYLE_COLOUR('',#6423);
#5905=VERTEX_POINT('',#6424);
#5906=VERTEX_POINT('',#6425);
#5907=LINE('',#6426,#6427);
#5908=VERTEX_POINT('',#6428);
#5909=CIRCLE('',#6429,1.5);
#5910=VERTEX_POINT('',#6430);
#5911=LINE('',#6431,#6432);
#5912=CIRCLE('',#6433,1.5);
#5913=FILL_AREA_STYLE_COLOUR('',#6434);
#5914=VERTEX_POINT('',#6435);
#5915=LINE('',#6436,#6437);
#5916=VERTEX_POINT('',#6438);
#5917=CIRCLE('',#6439,1.2);
#5918=LINE('',#6440,#6441);
#5919=FILL_AREA_STYLE_COLOUR('',#6442);
#5920=VERTEX_POINT('',#6443);
#5921=VERTEX_POINT('',#6444);
#5922=LINE('',#6445,#6446);
#5923=VERTEX_POINT('',#6447);
#5924=CIRCLE('',#6448,1.0);
#5925=VERTEX_POINT('',#6449);
#5926=LINE('',#6450,#6451);
#5927=CIRCLE('',#6452,1.0);
#5928=FILL_AREA_STYLE_COLOUR('',#6453);
#5929=VERTEX_POINT('',#6454);
#5930=VERTEX_POINT('',#6455);
#5931=LINE('',#6456,#6457);
#5932=VERTEX_POINT('',#6458);
#5933=CIRCLE('',#6459,1.5);
#5934=VERTEX_POINT('',#6460);
#5935=LINE('',#6461,#6462);
#5936=CIRCLE('',#6463,1.5);
#5937=FILL_AREA_STYLE_COLOUR('',#6464);
#5938=VERTEX_POINT('',#6465);
#5939=LINE('',#6466,#6467);
#5940=VERTEX_POINT('',#6468);
#5941=CIRCLE('',#6469,1.2);
#5942=LINE('',#6470,#6471);
#5943=FILL_AREA_STYLE_COLOUR('',#6472);
#5944=VERTEX_POINT('',#6473);
#5945=VERTEX_POINT('',#6474);
#5946=LINE('',#6475,#6476);
#5947=VERTEX_POINT('',#6477);
#5948=LINE('',#6478,#6479);
#5949=VERTEX_POINT('',#6480);
#5950=LINE('',#6481,#6482);
#5951=LINE('',#6483,#6484);
#5952=FILL_AREA_STYLE_COLOUR('',#6485);
#5953=VERTEX_POINT('',#6486);
#5954=LINE('',#6487,#6488);
#5955=VERTEX_POINT('',#6489);
#5956=LINE('',#6490,#6491);
#5957=LINE('',#6492,#6493);
#5958=FILL_AREA_STYLE_COLOUR('',#6494);
#5959=VERTEX_POINT('',#6495);
#5960=LINE('',#6496,#6497);
#5961=VERTEX_POINT('',#6498);
#5962=LINE('',#6499,#6500);
#5963=LINE('',#6501,#6502);
#5964=FILL_AREA_STYLE_COLOUR('',#6503);
#5965=LINE('',#6504,#6505);
#5966=LINE('',#6506,#6507);
#5967=FILL_AREA_STYLE_COLOUR('',#6508);
#5968=FILL_AREA_STYLE_COLOUR('',#6509);
#5969=VERTEX_POINT('',#6510);
#5970=VERTEX_POINT('',#6511);
#5971=LINE('',#6512,#6513);
#5972=VERTEX_POINT('',#6514);
#5973=LINE('',#6515,#6516);
#5974=VERTEX_POINT('',#6517);
#5975=LINE('',#6518,#6519);
#5976=LINE('',#6520,#6521);
#5977=FILL_AREA_STYLE_COLOUR('',#6522);
#5978=VERTEX_POINT('',#6523);
#5979=LINE('',#6524,#6525);
#5980=VERTEX_POINT('',#6526);
#5981=LINE('',#6527,#6528);
#5982=LINE('',#6529,#6530);
#5983=FILL_AREA_STYLE_COLOUR('',#6531);
#5984=VERTEX_POINT('',#6532);
#5985=LINE('',#6533,#6534);
#5986=VERTEX_POINT('',#6535);
#5987=LINE('',#6536,#6537);
#5988=LINE('',#6538,#6539);
#5989=FILL_AREA_STYLE_COLOUR('',#6540);
#5990=LINE('',#6541,#6542);
#5991=LINE('',#6543,#6544);
#5992=FILL_AREA_STYLE_COLOUR('',#6545);
#5993=FILL_AREA_STYLE_COLOUR('',#6546);
#5994=VERTEX_POINT('',#6547);
#5995=VERTEX_POINT('',#6548);
#5996=LINE('',#6549,#6550);
#5997=VERTEX_POINT('',#6551);
#5998=LINE('',#6552,#6553);
#5999=VERTEX_POINT('',#6554);
#6000=LINE('',#6555,#6556);
#6001=LINE('',#6557,#6558);
#6002=FILL_AREA_STYLE_COLOUR('',#6559);
#6003=VERTEX_POINT('',#6560);
#6004=LINE('',#6561,#6562);
#6005=VERTEX_POINT('',#6563);
#6006=LINE('',#6564,#6565);
#6007=LINE('',#6566,#6567);
#6008=FILL_AREA_STYLE_COLOUR('',#6568);
#6009=VERTEX_POINT('',#6569);
#6010=LINE('',#6570,#6571);
#6011=VERTEX_POINT('',#6572);
#6012=LINE('',#6573,#6574);
#6013=LINE('',#6575,#6576);
#6014=FILL_AREA_STYLE_COLOUR('',#6577);
#6015=LINE('',#6578,#6579);
#6016=LINE('',#6580,#6581);
#6017=FILL_AREA_STYLE_COLOUR('',#6582);
#6018=FILL_AREA_STYLE_COLOUR('',#6583);
#6019=VERTEX_POINT('',#6584);
#6020=VERTEX_POINT('',#6585);
#6021=LINE('',#6586,#6587);
#6022=VERTEX_POINT('',#6588);
#6023=LINE('',#6589,#6590);
#6024=VERTEX_POINT('',#6591);
#6025=LINE('',#6592,#6593);
#6026=LINE('',#6594,#6595);
#6027=FILL_AREA_STYLE_COLOUR('',#6596);
#6028=VERTEX_POINT('',#6597);
#6029=LINE('',#6598,#6599);
#6030=VERTEX_POINT('',#6600);
#6031=LINE('',#6601,#6602);
#6032=LINE('',#6603,#6604);
#6033=FILL_AREA_STYLE_COLOUR('',#6605);
#6034=VERTEX_POINT('',#6606);
#6035=LINE('',#6607,#6608);
#6036=VERTEX_POINT('',#6609);
#6037=LINE('',#6610,#6611);
#6038=LINE('',#6612,#6613);
#6039=FILL_AREA_STYLE_COLOUR('',#6614);
#6040=LINE('',#6615,#6616);
#6041=LINE('',#6617,#6618);
#6042=FILL_AREA_STYLE_COLOUR('',#6619);
#6043=FILL_AREA_STYLE_COLOUR('',#6620);
#6044=VERTEX_POINT('',#6621);
#6045=VERTEX_POINT('',#6622);
#6046=LINE('',#6623,#6624);
#6047=VERTEX_POINT('',#6625);
#6048=LINE('',#6626,#6627);
#6049=VERTEX_POINT('',#6628);
#6050=LINE('',#6629,#6630);
#6051=LINE('',#6631,#6632);
#6052=FILL_AREA_STYLE_COLOUR('',#6633);
#6053=VERTEX_POINT('',#6634);
#6054=LINE('',#6635,#6636);
#6055=VERTEX_POINT('',#6637);
#6056=LINE('',#6638,#6639);
#6057=LINE('',#6640,#6641);
#6058=FILL_AREA_STYLE_COLOUR('',#6642);
#6059=VERTEX_POINT('',#6643);
#6060=LINE('',#6644,#6645);
#6061=VERTEX_POINT('',#6646);
#6062=LINE('',#6647,#6648);
#6063=LINE('',#6649,#6650);
#6064=FILL_AREA_STYLE_COLOUR('',#6651);
#6065=LINE('',#6652,#6653);
#6066=LINE('',#6654,#6655);
#6067=FILL_AREA_STYLE_COLOUR('',#6656);
#6068=FILL_AREA_STYLE_COLOUR('',#6657);
#6069=VERTEX_POINT('',#6658);
#6070=VERTEX_POINT('',#6659);
#6071=LINE('',#6660,#6661);
#6072=VERTEX_POINT('',#6662);
#6073=LINE('',#6663,#6664);
#6074=VERTEX_POINT('',#6665);
#6075=LINE('',#6666,#6667);
#6076=LINE('',#6668,#6669);
#6077=FILL_AREA_STYLE_COLOUR('',#6670);
#6078=VERTEX_POINT('',#6671);
#6079=LINE('',#6672,#6673);
#6080=VERTEX_POINT('',#6674);
#6081=LINE('',#6675,#6676);
#6082=LINE('',#6677,#6678);
#6083=FILL_AREA_STYLE_COLOUR('',#6679);
#6084=VERTEX_POINT('',#6680);
#6085=LINE('',#6681,#6682);
#6086=VERTEX_POINT('',#6683);
#6087=LINE('',#6684,#6685);
#6088=LINE('',#6686,#6687);
#6089=FILL_AREA_STYLE_COLOUR('',#6688);
#6090=LINE('',#6689,#6690);
#6091=LINE('',#6691,#6692);
#6092=FILL_AREA_STYLE_COLOUR('',#6693);
#6093=FILL_AREA_STYLE_COLOUR('',#6694);
#6094=VERTEX_POINT('',#6695);
#6095=VERTEX_POINT('',#6696);
#6096=LINE('',#6697,#6698);
#6097=VERTEX_POINT('',#6699);
#6098=LINE('',#6700,#6701);
#6099=VERTEX_POINT('',#6702);
#6100=LINE('',#6703,#6704);
#6101=LINE('',#6705,#6706);
#6102=FILL_AREA_STYLE_COLOUR('',#6707);
#6103=VERTEX_POINT('',#6708);
#6104=LINE('',#6709,#6710);
#6105=VERTEX_POINT('',#6711);
#6106=LINE('',#6712,#6713);
#6107=LINE('',#6714,#6715);
#6108=FILL_AREA_STYLE_COLOUR('',#6716);
#6109=VERTEX_POINT('',#6717);
#6110=LINE('',#6718,#6719);
#6111=VERTEX_POINT('',#6720);
#6112=LINE('',#6721,#6722);
#6113=LINE('',#6723,#6724);
#6114=FILL_AREA_STYLE_COLOUR('',#6725);
#6115=LINE('',#6726,#6727);
#6116=LINE('',#6728,#6729);
#6117=FILL_AREA_STYLE_COLOUR('',#6730);
#6118=FILL_AREA_STYLE_COLOUR('',#6731);
#6119=VERTEX_POINT('',#6732);
#6120=VERTEX_POINT('',#6733);
#6121=LINE('',#6734,#6735);
#6122=VERTEX_POINT('',#6736);
#6123=LINE('',#6737,#6738);
#6124=VERTEX_POINT('',#6739);
#6125=LINE('',#6740,#6741);
#6126=LINE('',#6742,#6743);
#6127=FILL_AREA_STYLE_COLOUR('',#6744);
#6128=VERTEX_POINT('',#6745);
#6129=LINE('',#6746,#6747);
#6130=VERTEX_POINT('',#6748);
#6131=LINE('',#6749,#6750);
#6132=LINE('',#6751,#6752);
#6133=FILL_AREA_STYLE_COLOUR('',#6753);
#6134=VERTEX_POINT('',#6754);
#6135=LINE('',#6755,#6756);
#6136=VERTEX_POINT('',#6757);
#6137=LINE('',#6758,#6759);
#6138=LINE('',#6760,#6761);
#6139=FILL_AREA_STYLE_COLOUR('',#6762);
#6140=LINE('',#6763,#6764);
#6141=LINE('',#6765,#6766);
#6142=FILL_AREA_STYLE_COLOUR('',#6767);
#6143=FILL_AREA_STYLE_COLOUR('',#6768);
#6144=VERTEX_POINT('',#6769);
#6145=VERTEX_POINT('',#6770);
#6146=LINE('',#6771,#6772);
#6147=VERTEX_POINT('',#6773);
#6148=LINE('',#6774,#6775);
#6149=VERTEX_POINT('',#6776);
#6150=LINE('',#6777,#6778);
#6151=LINE('',#6779,#6780);
#6152=FILL_AREA_STYLE_COLOUR('',#6781);
#6153=VERTEX_POINT('',#6782);
#6154=LINE('',#6783,#6784);
#6155=VERTEX_POINT('',#6785);
#6156=LINE('',#6786,#6787);
#6157=LINE('',#6788,#6789);
#6158=FILL_AREA_STYLE_COLOUR('',#6790);
#6159=VERTEX_POINT('',#6791);
#6160=LINE('',#6792,#6793);
#6161=VERTEX_POINT('',#6794);
#6162=LINE('',#6795,#6796);
#6163=LINE('',#6797,#6798);
#6164=FILL_AREA_STYLE_COLOUR('',#6799);
#6165=LINE('',#6800,#6801);
#6166=LINE('',#6802,#6803);
#6167=FILL_AREA_STYLE_COLOUR('',#6804);
#6168=FILL_AREA_STYLE_COLOUR('',#6805);
#6169=VERTEX_POINT('',#6806);
#6170=VERTEX_POINT('',#6807);
#6171=LINE('',#6808,#6809);
#6172=VERTEX_POINT('',#6810);
#6173=LINE('',#6811,#6812);
#6174=VERTEX_POINT('',#6813);
#6175=LINE('',#6814,#6815);
#6176=LINE('',#6816,#6817);
#6177=FILL_AREA_STYLE_COLOUR('',#6818);
#6178=VERTEX_POINT('',#6819);
#6179=LINE('',#6820,#6821);
#6180=VERTEX_POINT('',#6822);
#6181=LINE('',#6823,#6824);
#6182=LINE('',#6825,#6826);
#6183=FILL_AREA_STYLE_COLOUR('',#6827);
#6184=VERTEX_POINT('',#6828);
#6185=LINE('',#6829,#6830);
#6186=VERTEX_POINT('',#6831);
#6187=LINE('',#6832,#6833);
#6188=LINE('',#6834,#6835);
#6189=FILL_AREA_STYLE_COLOUR('',#6836);
#6190=LINE('',#6837,#6838);
#6191=LINE('',#6839,#6840);
#6192=FILL_AREA_STYLE_COLOUR('',#6841);
#6193=FILL_AREA_STYLE_COLOUR('',#6842);
#6194=CIRCLE('',#6843,1.5);
#6195=CIRCLE('',#6844,1.2);
#6196=FILL_AREA_STYLE_COLOUR('',#6845);
#6197=CIRCLE('',#6846,1.5);
#6198=FILL_AREA_STYLE_COLOUR('',#6847);
#6199=FILL_AREA_STYLE_COLOUR('',#6848);
#6200=CIRCLE('',#6849,1.0);
#6201=FILL_AREA_STYLE_COLOUR('',#6850);
#6202=CIRCLE('',#6851,1.0);
#6203=FILL_AREA_STYLE_COLOUR('',#6852);
#6204=CIRCLE('',#6853,1.5);
#6205=CIRCLE('',#6854,1.2);
#6206=FILL_AREA_STYLE_COLOUR('',#6855);
#6207=CIRCLE('',#6856,1.5);
#6208=FILL_AREA_STYLE_COLOUR('',#6857);
#6209=FILL_AREA_STYLE_COLOUR('',#6858);
#6210=CIRCLE('',#6859,1.0);
#6211=FILL_AREA_STYLE_COLOUR('',#6860);
#6212=CIRCLE('',#6861,1.0);
#6213=FILL_AREA_STYLE_COLOUR('',#6862);
#6214=VERTEX_POINT('',#6863);
#6215=VERTEX_POINT('',#6864);
#6216=LINE('',#6865,#6866);
#6217=VERTEX_POINT('',#6867);
#6218=LINE('',#6868,#6869);
#6219=VERTEX_POINT('',#6870);
#6220=LINE('',#6871,#6872);
#6221=VERTEX_POINT('',#6873);
#6222=LINE('',#6874,#6875);
#6223=VERTEX_POINT('',#6876);
#6224=LINE('',#6877,#6878);
#6225=LINE('',#6879,#6880);
#6226=FILL_AREA_STYLE_COLOUR('',#6881);
#6227=VERTEX_POINT('',#6882);
#6228=LINE('',#6883,#6884);
#6229=VERTEX_POINT('',#6885);
#6230=LINE('',#6886,#6887);
#6231=LINE('',#6888,#6889);
#6232=FILL_AREA_STYLE_COLOUR('',#6890);
#6233=VERTEX_POINT('',#6891);
#6234=LINE('',#6892,#6893);
#6235=VERTEX_POINT('',#6894);
#6236=LINE('',#6895,#6896);
#6237=VERTEX_POINT('',#6897);
#6238=LINE('',#6898,#6899);
#6239=VERTEX_POINT('',#6900);
#6240=LINE('',#6901,#6902);
#6241=VERTEX_POINT('',#6903);
#6242=LINE('',#6904,#6905);
#6243=LINE('',#6906,#6907);
#6244=FILL_AREA_STYLE_COLOUR('',#6908);
#6245=VERTEX_POINT('',#6909);
#6246=LINE('',#6910,#6911);
#6247=VERTEX_POINT('',#6912);
#6248=LINE('',#6913,#6914);
#6249=LINE('',#6915,#6916);
#6250=FILL_AREA_STYLE_COLOUR('',#6917);
#6251=VERTEX_POINT('',#6918);
#6252=LINE('',#6919,#6920);
#6253=VERTEX_POINT('',#6921);
#6254=LINE('',#6922,#6923);
#6255=LINE('',#6924,#6925);
#6256=FILL_AREA_STYLE_COLOUR('',#6926);
#6257=VERTEX_POINT('',#6927);
#6258=LINE('',#6928,#6929);
#6259=LINE('',#6930,#6931);
#6260=FILL_AREA_STYLE_COLOUR('',#6932);
#6261=CIRCLE('',#6933,1.61132486540519);
#6262=FILL_AREA_STYLE_COLOUR('',#6934);
#6263=CIRCLE('',#6935,1.9);
#6264=FILL_AREA_STYLE_COLOUR('',#6936);
#6265=FILL_AREA_STYLE_COLOUR('',#6937);
#6266=CIRCLE('',#6938,1.61132486540519);
#6267=FILL_AREA_STYLE_COLOUR('',#6939);
#6268=CIRCLE('',#6940,1.9);
#6269=FILL_AREA_STYLE_COLOUR('',#6941);
#6270=FILL_AREA_STYLE_COLOUR('',#6942);
#6271=VERTEX_POINT('',#6943);
#6272=VERTEX_POINT('',#6944);
#6273=LINE('',#6945,#6946);
#6274=VERTEX_POINT('',#6947);
#6275=LINE('',#6948,#6949);
#6276=VERTEX_POINT('',#6950);
#6277=LINE('',#6951,#6952);
#6278=LINE('',#6953,#6954);
#6279=FILL_AREA_STYLE_COLOUR('',#6955);
#6280=VERTEX_POINT('',#6956);
#6281=LINE('',#6957,#6958);
#6282=VERTEX_POINT('',#6959);
#6283=LINE('',#6960,#6961);
#6284=LINE('',#6962,#6963);
#6285=FILL_AREA_STYLE_COLOUR('',#6964);
#6286=VERTEX_POINT('',#6965);
#6287=LINE('',#6966,#6967);
#6288=VERTEX_POINT('',#6968);
#6289=LINE('',#6969,#6970);
#6290=LINE('',#6971,#6972);
#6291=FILL_AREA_STYLE_COLOUR('',#6973);
#6292=LINE('',#6974,#6975);
#6293=LINE('',#6976,#6977);
#6294=FILL_AREA_STYLE_COLOUR('',#6978);
#6295=FILL_AREA_STYLE_COLOUR('',#6979);
#6296=VERTEX_POINT('',#6980);
#6297=VERTEX_POINT('',#6981);
#6298=LINE('',#6982,#6983);
#6299=VERTEX_POINT('',#6984);
#6300=LINE('',#6985,#6986);
#6301=VERTEX_POINT('',#6987);
#6302=LINE('',#6988,#6989);
#6303=LINE('',#6990,#6991);
#6304=FILL_AREA_STYLE_COLOUR('',#6992);
#6305=VERTEX_POINT('',#6993);
#6306=LINE('',#6994,#6995);
#6307=VERTEX_POINT('',#6996);
#6308=LINE('',#6997,#6998);
#6309=LINE('',#6999,#7000);
#6310=FILL_AREA_STYLE_COLOUR('',#7001);
#6311=VERTEX_POINT('',#7002);
#6312=LINE('',#7003,#7004);
#6313=VERTEX_POINT('',#7005);
#6314=LINE('',#7006,#7007);
#6315=LINE('',#7008,#7009);
#6316=FILL_AREA_STYLE_COLOUR('',#7010);
#6317=LINE('',#7011,#7012);
#6318=LINE('',#7013,#7014);
#6319=FILL_AREA_STYLE_COLOUR('',#7015);
#6320=FILL_AREA_STYLE_COLOUR('',#7016);
#6321=VERTEX_POINT('',#7017);
#6322=LINE('',#7018,#7019);
#6323=LINE('',#7020,#7021);
#6324=FILL_AREA_STYLE_COLOUR('',#7022);
#6325=VERTEX_POINT('',#7023);
#6326=LINE('',#7024,#7025);
#6327=LINE('',#7026,#7027);
#6328=FILL_AREA_STYLE_COLOUR('',#7028);
#6329=VERTEX_POINT('',#7029);
#6330=LINE('',#7030,#7031);
#6331=VERTEX_POINT('',#7032);
#6332=LINE('',#7033,#7034);
#6333=LINE('',#7035,#7036);
#6334=FILL_AREA_STYLE_COLOUR('',#7037);
#6335=LINE('',#7038,#7039);
#6336=FILL_AREA_STYLE_COLOUR('',#7040);
#6337=LINE('',#7041,#7042);
#6338=FILL_AREA_STYLE_COLOUR('',#7043);
#6339=LINE('',#7044,#7045);
#6340=FILL_AREA_STYLE_COLOUR('',#7046);
#6341=FILL_AREA_STYLE_COLOUR('',#7047);
#6342=FILL_AREA_STYLE_COLOUR('',#7048);
#6343=VERTEX_POINT('',#7049);
#6344=VERTEX_POINT('',#7050);
#6345=B_SPLINE_CURVE_WITH_KNOTS('',3,(#7051,#7052,#7053,#7054,#7055,#7056,#7057,#7058,#7059,#7060,#7061,#7062,#7063,#7064,#7065,#7066,#7067,#7068,#7069,#7070,#7071,#7072,#7073,#7074,#7075,#7076,#7077,#7078,#7079,#7080,#7081,#7082,#7083,#7084,#7085,#7086,#7087,#7088,#7089,#7090,#7091,#7092,#7093,#7094,#7095,#7096,#7097,#7098,#7099,#7100,#7101,#7102,#7103,#7104,#7105,#7106,#7107,#7108,#7109,#7110,#7111,#7112,#7113,#7114,#7115,#7116,#7117,#7118,#7119,#7120,#7121,#7122,#7123,#7124,#7125,#7126,#7127,#7128,#7129,#7130,#7131,#7132,#7133,#7134,#7135,#7136,#7137,#7138,#7139,#7140,#7141,#7142),.UNSPECIFIED.,.F.,.F.,(4,1,1,2,1,1,1,2,1,1,1,1,1,1,1,1,1,1,1,1,1,1,1,1,1,1,1,1,1,1,1,1,1,1,1,1,1,1,1,1,1,1,1,1,1,1,1,1,1,1,1,1,1,1,1,1,1,1,1,1,1,1,1,1,1,1,1,1,1,1,1,1,1,1,1,1,1,1,2,1,1,1,2,1,1,4),(-50.2654824574367,-49.6764338348886,-49.2837347531899,-48.6946861306418,-47.9092879672443,-47.5165888855456,-47.3202393446963,-47.1238898038469,-46.6084722591173,-46.2648605626309,-45.7494430179014,-45.0622196249286,-44.3749962319558,-43.6877728389831,-43.0005494460103,-42.3133260530375,-41.6261026600648,-40.938879267092,-40.2516558741192,-39.5644324811465,-38.8772090881737,-38.1899856952009,-37.5027623022281,-36.8155389092554,-36.471927212769,-36.1283155162826,-35.7847038197962,-35.4410921233098,-34.7538687303371,-34.0666453373643,-33.3794219443915,-32.6921985514188,-32.004975158446,-31.3177517654732,-30.6305283725005,-29.9433049795277,-29.2560815865549,-28.5688581935822,-27.8816348006094,-27.1944114076366,-26.5071880146639,-25.8199646216911,-25.1327412287183,-24.4455178357456,-23.7582944427728,-23.0710710498,-22.3838476568273,-21.6966242638545,-21.0094008708817,-20.322177477909,-19.6349540849362,-18.9477306919634,-18.2605072989907,-17.5732839060179,-16.8860605130451,-16.3706429683156,-16.0270312718292,-15.5116137270996,-14.8243903341268,-14.4807786376405,-14.1371669411541,-13.7935552446677,-13.4499435481813,-12.7627201552085,-12.0754967622358,-11.388273369263,-10.7010499762902,-10.0138265833175,-9.3266031903447,-8.63937979737193,-7.95215640439916,-7.2649330114264,-6.57770961845363,-5.89048622548086,-5.20326283250809,-4.51603943953533,-4.00062189480575,-3.65701019831937,-3.14159265358979,-2.94524311274043,-2.74889357189107,-2.35619449019234,-1.5707963267949,-0.98174770424681,-0.589048622548086,-0.0),.UNSPECIFIED.);
#6346=VERTEX_POINT('',#7143);
#6347=CIRCLE('',#7144,0.124999999999999);
#6348=VERTEX_POINT('',#7145);
#6349=B_SPLINE_CURVE_WITH_KNOTS('',3,(#7146,#7147,#7148,#7149,#7150,#7151,#7152,#7153,#7154,#7155,#7156,#7157,#7158,#7159,#7160,#7161,#7162,#7163,#7164,#7165,#7166,#7167,#7168,#7169,#7170,#7171,#7172,#7173,#7174,#7175,#7176,#7177,#7178,#7179,#7180,#7181,#7182,#7183,#7184,#7185,#7186,#7187,#7188,#7189,#7190,#7191,#7192,#7193,#7194,#7195,#7196,#7197,#7198,#7199,#7200,#7201,#7202,#7203,#7204,#7205,#7206,#7207,#7208,#7209,#7210,#7211,#7212,#7213,#7214,#7215,#7216,#7217,#7218,#7219,#7220,#7221,#7222,#7223,#7224,#7225,#7226,#7227,#7228,#7229,#7230,#7231,#7232,#7233,#7234,#7235,#7236,#7237),.UNSPECIFIED.,.F.,.F.,(4,1,1,2,1,1,1,2,1,1,1,1,1,1,1,1,1,1,1,1,1,1,1,1,1,1,1,1,1,1,1,1,1,1,1,1,1,1,1,1,1,1,1,1,1,1,1,1,1,1,1,1,1,1,1,1,1,1,1,1,1,1,1,1,1,1,1,1,1,1,1,1,1,1,1,1,1,1,2,1,1,1,2,1,1,4),(2.02958149452218E-10,0.589048622548086,0.98174770424681,1.5707963267949,2.35619449019234,2.74889357189107,2.94524311274043,3.14159265358979,3.65701019831937,4.00062189480575,4.51603943953533,5.20326283250809,5.89048622548086,6.57770961845363,7.2649330114264,7.95215640439916,8.63937979737193,9.3266031903447,10.0138265833175,10.7010499762902,11.388273369263,12.0754967622358,12.7627201552085,13.4499435481813,13.7935552446677,14.1371669411541,14.4807786376405,14.8243903341268,15.5116137270996,16.0270312718292,16.3706429683156,16.8860605130451,17.5732839060179,18.2605072989907,18.9477306919634,19.6349540849362,20.322177477909,21.0094008708817,21.6966242638545,22.3838476568273,23.0710710498,23.7582944427728,24.4455178357456,25.1327412287183,25.8199646216911,26.5071880146639,27.1944114076366,27.8816348006094,28.5688581935822,29.2560815865549,29.9433049795277,30.6305283725005,31.3177517654732,32.004975158446,32.6921985514188,33.3794219443915,34.0666453373643,34.7538687303371,35.4410921233098,35.7847038197962,36.1283155162826,36.471927212769,36.8155389092554,37.5027623022281,38.1899856952009,38.8772090881737,39.5644324811465,40.2516558741192,40.938879267092,41.6261026600648,42.3133260530375,43.0005494460103,43.6877728389831,44.3749962319558,45.0622196249286,45.7494430179014,46.2648605626309,46.6084722591173,47.1238898038469,47.3202393446963,47.5165888855456,47.9092879672443,48.6946861306418,49.2837347531899,49.6764338348886,50.2654824572337),.UNSPECIFIED.);
#6350=CIRCLE('',#7238,0.125);
#6351=FILL_AREA_STYLE_COLOUR('',#7239);
#6352=CIRCLE('',#7240,0.125);
#6353=CIRCLE('',#7241,0.124999999999999);
#6354=FILL_AREA_STYLE_COLOUR('',#7242);
#6355=FILL_AREA_STYLE_COLOUR('',#7243);
#6356=FILL_AREA_STYLE_COLOUR('',#7244);
#6357=FILL_AREA_STYLE_COLOUR('',#7245);
#6358=VERTEX_POINT('',#7246);
#6359=VERTEX_POINT('',#7247);
#6360=B_SPLINE_CURVE_WITH_KNOTS('',3,(#7248,#7249,#7250,#7251,#7252,#7253,#7254,#7255,#7256,#7257,#7258,#7259,#7260,#7261,#7262,#7263,#7264,#7265,#7266,#7267,#7268,#7269,#7270,#7271,#7272,#7273,#7274,#7275,#7276,#7277,#7278,#7279,#7280,#7281,#7282,#7283,#7284,#7285,#7286,#7287,#7288,#7289,#7290,#7291,#7292,#7293,#7294,#7295,#7296,#7297,#7298,#7299,#7300,#7301,#7302,#7303,#7304,#7305,#7306,#7307,#7308,#7309,#7310,#7311,#7312,#7313,#7314,#7315,#7316,#7317,#7318,#7319,#7320,#7321,#7322,#7323,#7324,#7325,#7326,#7327,#7328,#7329,#7330,#7331,#7332),.UNSPECIFIED.,.F.,.F.,(4,1,2,1,1,1,2,1,1,1,1,1,1,1,1,1,1,1,1,1,1,1,1,1,1,1,1,1,1,1,1,1,1,1,1,1,1,1,1,1,1,1,1,1,1,1,1,1,1,1,1,1,1,1,1,1,1,1,1,1,1,1,1,1,1,1,1,1,1,1,1,1,2,1,1,1,2,1,4),(-50.2654824574367,-49.4800842940392,-48.6946861306418,-47.9092879672443,-47.5165888855456,-47.3202393446963,-47.1238898038469,-46.4366664108741,-45.7494430179014,-45.0622196249286,-44.3749962319558,-43.6877728389831,-43.0005494460103,-42.3133260530375,-41.6261026600648,-40.938879267092,-40.2516558741192,-39.5644324811465,-38.8772090881737,-38.1899856952009,-37.5027623022281,-36.8155389092554,-36.1283155162826,-35.7847038197962,-35.4410921233098,-34.7538687303371,-34.0666453373643,-33.3794219443915,-32.6921985514188,-32.004975158446,-31.3177517654732,-30.6305283725005,-29.9433049795277,-29.2560815865549,-28.5688581935822,-27.8816348006094,-27.1944114076366,-26.5071880146639,-25.8199646216911,-25.1327412287183,-24.4455178357456,-23.7582944427728,-23.0710710498,-22.3838476568273,-21.6966242638545,-21.0094008708817,-20.322177477909,-19.6349540849362,-18.9477306919634,-18.2605072989907,-17.5732839060179,-16.8860605130451,-16.1988371200724,-15.5116137270996,-14.8243903341268,-14.4807786376405,-14.1371669411541,-13.4499435481813,-12.7627201552085,-12.0754967622358,-11.388273369263,-10.7010499762902,-10.0138265833175,-9.3266031903447,-8.63937979737193,-7.95215640439916,-7.2649330114264,-6.57770961845363,-5.89048622548086,-5.20326283250809,-4.51603943953533,-3.82881604656256,-3.14159265358979,-2.94524311274043,-2.74889357189107,-2.35619449019234,-1.5707963267949,-0.785398163397448,-0.0),.UNSPECIFIED.);
#6361=VERTEX_POINT('',#7333);
#6362=CIRCLE('',#7334,0.124999999999999);
#6363=VERTEX_POINT('',#7335);
#6364=B_SPLINE_CURVE_WITH_KNOTS('',3,(#7336,#7337,#7338,#7339,#7340,#7341,#7342,#7343,#7344,#7345,#7346,#7347,#7348,#7349,#7350,#7351,#7352,#7353,#7354,#7355,#7356,#7357,#7358,#7359,#7360,#7361,#7362,#7363,#7364,#7365,#7366,#7367,#7368,#7369,#7370,#7371,#7372,#7373,#7374,#7375,#7376,#7377,#7378,#7379,#7380,#7381,#7382,#7383,#7384,#7385,#7386,#7387,#7388,#7389,#7390,#7391,#7392,#7393,#7394,#7395,#7396,#7397,#7398,#7399,#7400,#7401,#7402,#7403,#7404,#7405,#7406,#7407,#7408,#7409,#7410,#7411,#7412,#7413,#7414,#7415,#7416,#7417,#7418,#7419,#7420),.UNSPECIFIED.,.F.,.F.,(4,1,2,1,1,1,2,1,1,1,1,1,1,1,1,1,1,1,1,1,1,1,1,1,1,1,1,1,1,1,1,1,1,1,1,1,1,1,1,1,1,1,1,1,1,1,1,1,1,1,1,1,1,1,1,1,1,1,1,1,1,1,1,1,1,1,1,1,1,1,1,1,2,1,1,1,2,1,4),(3.91349067501239E-10,0.785398163397448,1.5707963267949,2.35619449019234,2.74889357189107,2.94524311274043,3.14159265358979,3.82881604656256,4.51603943953533,5.20326283250809,5.89048622548086,6.57770961845363,7.2649330114264,7.95215640439916,8.63937979737193,9.3266031903447,10.0138265833175,10.7010499762902,11.388273369263,12.0754967622358,12.7627201552085,13.4499435481813,14.1371669411541,14.4807786376405,14.8243903341268,15.5116137270996,16.1988371200724,16.8860605130451,17.5732839060179,18.2605072989907,18.9477306919634,19.6349540849362,20.322177477909,21.0094008708817,21.6966242638545,22.3838476568273,23.0710710498,23.7582944427728,24.4455178357456,25.1327412287183,25.8199646216911,26.5071880146639,27.1944114076366,27.8816348006094,28.5688581935822,29.2560815865549,29.9433049795277,30.6305283725005,31.3177517654732,32.004975158446,32.6921985514188,33.3794219443915,34.0666453373643,34.7538687303371,35.4410921233098,35.7847038197962,36.1283155162826,36.8155389092554,37.5027623022281,38.1899856952009,38.8772090881737,39.5644324811465,40.2516558741192,40.938879267092,41.6261026600648,42.3133260530375,43.0005494460103,43.6877728389831,44.3749962319558,45.0622196249286,45.7494430179014,46.4366664108741,47.1238898038469,47.3202393446963,47.5165888855456,47.9092879672443,48.6946861306418,49.4800842940392,50.2654824570454),.UNSPECIFIED.);
#6365=CIRCLE('',#7421,0.125);
#6366=FILL_AREA_STYLE_COLOUR('',#7422);
#6367=CIRCLE('',#7423,0.125);
#6368=CIRCLE('',#7424,0.124999999999999);
#6369=FILL_AREA_STYLE_COLOUR('',#7425);
#6370=FILL_AREA_STYLE_COLOUR('',#7426);
#6371=FILL_AREA_STYLE_COLOUR('',#7427);
#6372=COLOUR_RGB('',0.141176477074623,0.141176477074623,0.133333340287209);
#6373=CARTESIAN_POINT('',(0.0,7.5,-1.9));
#6374=CARTESIAN_POINT('',(-2.5,7.5,-1.9));
#6375=CARTESIAN_POINT('',(0.0,7.5,-1.9));
#6376=VECTOR('',#7428,1.0);
#6377=CARTESIAN_POINT('',(0.0,7.5,1.9));
#6378=AXIS2_PLACEMENT_3D('',#7429,#7430,#7431);
#6379=CARTESIAN_POINT('',(-2.5,7.5,1.9));
#6380=CARTESIAN_POINT('',(0.0,7.5,1.9));
#6381=VECTOR('',#7432,1.0);
#6382=AXIS2_PLACEMENT_3D('',#7433,#7434,#7435);
#6383=COLOUR_RGB('',0.141176477074623,0.141176477074623,0.133333340287209);
#6384=CARTESIAN_POINT('',(-3.0,7.5,-1.61132486540519));
#6385=CARTESIAN_POINT('',(-2.75,7.5,-1.75566243270259));
#6386=VECTOR('',#7436,1.0);
#6387=CARTESIAN_POINT('',(-3.0,7.5,1.61132486540519));
#6388=AXIS2_PLACEMENT_3D('',#7437,#7438,#7439);
#6389=CARTESIAN_POINT('',(-2.75,7.5,1.75566243270259));
#6390=VECTOR('',#7440,1.0);
#6391=AXIS2_PLACEMENT_3D('',#7441,#7442,#7443);
#6392=COLOUR_RGB('',0.141176477074623,0.141176477074623,0.133333340287209);
#6393=CARTESIAN_POINT('',(0.0,12.5,-1.9));
#6394=CARTESIAN_POINT('',(-2.5,12.5,-1.9));
#6395=CARTESIAN_POINT('',(0.0,12.5,-1.9));
#6396=VECTOR('',#7444,1.0);
#6397=CARTESIAN_POINT('',(0.0,12.5,1.9));
#6398=AXIS2_PLACEMENT_3D('',#7445,#7446,#7447);
#6399=CARTESIAN_POINT('',(-2.5,12.5,1.9));
#6400=CARTESIAN_POINT('',(0.0,12.5,1.9));
#6401=VECTOR('',#7448,1.0);
#6402=AXIS2_PLACEMENT_3D('',#7449,#7450,#7451);
#6403=COLOUR_RGB('',0.141176477074623,0.141176477074623,0.133333340287209);
#6404=CARTESIAN_POINT('',(-3.0,12.5,-1.61132486540519));
#6405=CARTESIAN_POINT('',(-2.75,12.5,-1.75566243270259));
#6406=VECTOR('',#7452,1.0);
#6407=CARTESIAN_POINT('',(-3.0,12.5,1.61132486540519));
#6408=AXIS2_PLACEMENT_3D('',#7453,#7454,#7455);
#6409=CARTESIAN_POINT('',(-2.75,12.5,1.75566243270259));
#6410=VECTOR('',#7456,1.0);
#6411=AXIS2_PLACEMENT_3D('',#7457,#7458,#7459);
#6412=COLOUR_RGB('',0.141176477074623,0.141176477074623,0.133333340287209);
#6413=CARTESIAN_POINT('',(-3.0,12.5,-1.0));
#6414=CARTESIAN_POINT('',(-7.1,12.5,-1.0));
#6415=CARTESIAN_POINT('',(-3.0,12.5,-1.0));
#6416=VECTOR('',#7460,1.0);
#6417=CARTESIAN_POINT('',(-3.0,12.5,1.0));
#6418=AXIS2_PLACEMENT_3D('',#7461,#7462,#7463);
#6419=CARTESIAN_POINT('',(-7.1,12.5,1.0));
#6420=CARTESIAN_POINT('',(-3.0,12.5,1.0));
#6421=VECTOR('',#7464,1.0);
#6422=AXIS2_PLACEMENT_3D('',#7465,#7466,#7467);
#6423=COLOUR_RGB('',0.141176477074623,0.141176477074623,0.133333340287209);
#6424=CARTESIAN_POINT('',(-8.9,12.5,-1.5));
#6425=CARTESIAN_POINT('',(-7.1,12.5,-1.5));
#6426=CARTESIAN_POINT('',(-8.0,12.5,-1.5));
#6427=VECTOR('',#7468,1.0);
#6428=CARTESIAN_POINT('',(-8.9,12.5,1.5));
#6429=AXIS2_PLACEMENT_3D('',#7469,#7470,#7471);
#6430=CARTESIAN_POINT('',(-7.1,12.5,1.5));
#6431=CARTESIAN_POINT('',(-8.0,12.5,1.5));
#6432=VECTOR('',#7472,1.0);
#6433=AXIS2_PLACEMENT_3D('',#7473,#7474,#7475);
#6434=COLOUR_RGB('',0.141176477074623,0.141176477074623,0.133333340287209);
#6435=CARTESIAN_POINT('',(-9.2,12.5,-1.2));
#6436=CARTESIAN_POINT('',(-9.05,12.5,-1.35));
#6437=VECTOR('',#7476,1.0);
#6438=CARTESIAN_POINT('',(-9.2,12.5,1.2));
#6439=AXIS2_PLACEMENT_3D('',#7477,#7478,#7479);
#6440=CARTESIAN_POINT('',(-9.05,12.5,1.35));
#6441=VECTOR('',#7480,1.0);
#6442=COLOUR_RGB('',0.141176477074623,0.141176477074623,0.133333340287209);
#6443=CARTESIAN_POINT('',(-3.0,7.5,-1.0));
#6444=CARTESIAN_POINT('',(-7.1,7.5,-1.0));
#6445=CARTESIAN_POINT('',(-3.0,7.5,-1.0));
#6446=VECTOR('',#7481,1.0);
#6447=CARTESIAN_POINT('',(-3.0,7.5,1.0));
#6448=AXIS2_PLACEMENT_3D('',#7482,#7483,#7484);
#6449=CARTESIAN_POINT('',(-7.1,7.5,1.0));
#6450=CARTESIAN_POINT('',(-3.0,7.5,1.0));
#6451=VECTOR('',#7485,1.0);
#6452=AXIS2_PLACEMENT_3D('',#7486,#7487,#7488);
#6453=COLOUR_RGB('',0.141176477074623,0.141176477074623,0.133333340287209);
#6454=CARTESIAN_POINT('',(-8.9,7.5,-1.5));
#6455=CARTESIAN_POINT('',(-7.1,7.5,-1.5));
#6456=CARTESIAN_POINT('',(-8.0,7.5,-1.5));
#6457=VECTOR('',#7489,1.0);
#6458=CARTESIAN_POINT('',(-8.9,7.5,1.5));
#6459=AXIS2_PLACEMENT_3D('',#7490,#7491,#7492);
#6460=CARTESIAN_POINT('',(-7.1,7.5,1.5));
#6461=CARTESIAN_POINT('',(-8.0,7.5,1.5));
#6462=VECTOR('',#7493,1.0);
#6463=AXIS2_PLACEMENT_3D('',#7494,#7495,#7496);
#6464=COLOUR_RGB('',0.141176477074623,0.141176477074623,0.133333340287209);
#6465=CARTESIAN_POINT('',(-9.2,7.5,-1.2));
#6466=CARTESIAN_POINT('',(-9.05,7.5,-1.35));
#6467=VECTOR('',#7497,1.0);
#6468=CARTESIAN_POINT('',(-9.2,7.5,1.2));
#6469=AXIS2_PLACEMENT_3D('',#7498,#7499,#7500);
#6470=CARTESIAN_POINT('',(-9.05,7.5,1.35));
#6471=VECTOR('',#7501,1.0);
#6472=COLOUR_RGB('',1.0,0.996078431606293,0.964705884456635);
#6473=CARTESIAN_POINT('',(14.25,0.3,-1.56));
#6474=CARTESIAN_POINT('',(14.25,0.3,-0.96));
#6475=CARTESIAN_POINT('',(14.25,0.3,0.7575));
#6476=VECTOR('',#7502,10.0);
#6477=CARTESIAN_POINT('',(14.25,-3.2,-1.56));
#6478=CARTESIAN_POINT('',(14.25,0.3,-1.56));
#6479=VECTOR('',#7503,10.0);
#6480=CARTESIAN_POINT('',(14.25,-3.2,-0.96));
#6481=CARTESIAN_POINT('',(14.25,-3.2,-0.96));
#6482=VECTOR('',#7504,10.0);
#6483=CARTESIAN_POINT('',(14.25,0.3,-0.96));
#6484=VECTOR('',#7505,10.0);
#6485=COLOUR_RGB('',1.0,0.996078431606293,0.964705884456635);
#6486=CARTESIAN_POINT('',(14.55,0.3,-0.96));
#6487=CARTESIAN_POINT('',(10.445,0.299999999999999,-0.96));
#6488=VECTOR('',#7506,10.0);
#6489=CARTESIAN_POINT('',(14.55,-3.2,-0.96));
#6490=CARTESIAN_POINT('',(14.55,-3.2,-0.96));
#6491=VECTOR('',#7507,10.0);
#6492=CARTESIAN_POINT('',(14.55,0.3,-0.96));
#6493=VECTOR('',#7508,10.0);
#6494=COLOUR_RGB('',1.0,0.996078431606293,0.964705884456635);
#6495=CARTESIAN_POINT('',(14.55,0.3,-1.56));
#6496=CARTESIAN_POINT('',(14.55,0.3,0.4575));
#6497=VECTOR('',#7509,10.0);
#6498=CARTESIAN_POINT('',(14.55,-3.2,-1.56));
#6499=CARTESIAN_POINT('',(14.55,-3.2,-1.56));
#6500=VECTOR('',#7510,10.0);
#6501=CARTESIAN_POINT('',(14.55,0.3,-1.56));
#6502=VECTOR('',#7511,10.0);
#6503=COLOUR_RGB('',1.0,0.996078431606293,0.964705884456635);
#6504=CARTESIAN_POINT('',(10.295,0.299999999999999,-1.56));
#6505=VECTOR('',#7512,10.0);
#6506=CARTESIAN_POINT('',(14.25,-3.2,-1.56));
#6507=VECTOR('',#7513,10.0);
#6508=COLOUR_RGB('',1.0,0.996078431606293,0.964705884456635);
#6509=COLOUR_RGB('',1.0,0.996078431606293,0.964705884456635);
#6510=CARTESIAN_POINT('',(11.73,0.3,-1.56));
#6511=CARTESIAN_POINT('',(11.73,0.3,-0.96));
#6512=CARTESIAN_POINT('',(11.73,0.3,0.7575));
#6513=VECTOR('',#7514,10.0);
#6514=CARTESIAN_POINT('',(11.73,-3.2,-1.56));
#6515=CARTESIAN_POINT('',(11.73,0.3,-1.56));
#6516=VECTOR('',#7515,10.0);
#6517=CARTESIAN_POINT('',(11.73,-3.2,-0.96));
#6518=CARTESIAN_POINT('',(11.73,-3.2,-0.96));
#6519=VECTOR('',#7516,10.0);
#6520=CARTESIAN_POINT('',(11.73,0.3,-0.96));
#6521=VECTOR('',#7517,10.0);
#6522=COLOUR_RGB('',1.0,0.996078431606293,0.964705884456635);
#6523=CARTESIAN_POINT('',(12.03,0.3,-0.96));
#6524=CARTESIAN_POINT('',(9.185,0.299999999999999,-0.96));
#6525=VECTOR('',#7518,10.0);
#6526=CARTESIAN_POINT('',(12.03,-3.2,-0.96));
#6527=CARTESIAN_POINT('',(12.03,-3.2,-0.96));
#6528=VECTOR('',#7519,10.0);
#6529=CARTESIAN_POINT('',(12.03,0.3,-0.96));
#6530=VECTOR('',#7520,10.0);
#6531=COLOUR_RGB('',1.0,0.996078431606293,0.964705884456635);
#6532=CARTESIAN_POINT('',(12.03,0.3,-1.56));
#6533=CARTESIAN_POINT('',(12.03,0.3,0.4575));
#6534=VECTOR('',#7521,10.0);
#6535=CARTESIAN_POINT('',(12.03,-3.2,-1.56));
#6536=CARTESIAN_POINT('',(12.03,-3.2,-1.56));
#6537=VECTOR('',#7522,10.0);
#6538=CARTESIAN_POINT('',(12.03,0.3,-1.56));
#6539=VECTOR('',#7523,10.0);
#6540=COLOUR_RGB('',1.0,0.996078431606293,0.964705884456635);
#6541=CARTESIAN_POINT('',(9.035,0.299999999999999,-1.56));
#6542=VECTOR('',#7524,10.0);
#6543=CARTESIAN_POINT('',(11.73,-3.2,-1.56));
#6544=VECTOR('',#7525,10.0);
#6545=COLOUR_RGB('',1.0,0.996078431606293,0.964705884456635);
#6546=COLOUR_RGB('',1.0,0.996078431606293,0.964705884456635);
#6547=CARTESIAN_POINT('',(14.25,0.3,0.96));
#6548=CARTESIAN_POINT('',(14.25,0.3,1.56));
#6549=CARTESIAN_POINT('',(14.25,0.3,2.0175));
#6550=VECTOR('',#7526,10.0);
#6551=CARTESIAN_POINT('',(14.25,-3.2,0.96));
#6552=CARTESIAN_POINT('',(14.25,0.3,0.96));
#6553=VECTOR('',#7527,10.0);
#6554=CARTESIAN_POINT('',(14.25,-3.2,1.56));
#6555=CARTESIAN_POINT('',(14.25,-3.2,1.56));
#6556=VECTOR('',#7528,10.0);
#6557=CARTESIAN_POINT('',(14.25,0.3,1.56));
#6558=VECTOR('',#7529,10.0);
#6559=COLOUR_RGB('',1.0,0.996078431606293,0.964705884456635);
#6560=CARTESIAN_POINT('',(14.55,0.3,1.56));
#6561=CARTESIAN_POINT('',(10.445,0.299999999999999,1.56));
#6562=VECTOR('',#7530,10.0);
#6563=CARTESIAN_POINT('',(14.55,-3.2,1.56));
#6564=CARTESIAN_POINT('',(14.55,-3.2,1.56));
#6565=VECTOR('',#7531,10.0);
#6566=CARTESIAN_POINT('',(14.55,0.3,1.56));
#6567=VECTOR('',#7532,10.0);
#6568=COLOUR_RGB('',1.0,0.996078431606293,0.964705884456635);
#6569=CARTESIAN_POINT('',(14.55,0.3,0.96));
#6570=CARTESIAN_POINT('',(14.55,0.3,1.7175));
#6571=VECTOR('',#7533,10.0);
#6572=CARTESIAN_POINT('',(14.55,-3.2,0.96));
#6573=CARTESIAN_POINT('',(14.55,-3.2,0.96));
#6574=VECTOR('',#7534,10.0);
#6575=CARTESIAN_POINT('',(14.55,0.3,0.96));
#6576=VECTOR('',#7535,10.0);
#6577=COLOUR_RGB('',1.0,0.996078431606293,0.964705884456635);
#6578=CARTESIAN_POINT('',(10.295,0.299999999999999,0.96));
#6579=VECTOR('',#7536,10.0);
#6580=CARTESIAN_POINT('',(14.25,-3.2,0.96));
#6581=VECTOR('',#7537,10.0);
#6582=COLOUR_RGB('',1.0,0.996078431606293,0.964705884456635);
#6583=COLOUR_RGB('',1.0,0.996078431606293,0.964705884456635);
#6584=CARTESIAN_POINT('',(11.73,0.3,0.96));
#6585=CARTESIAN_POINT('',(11.73,0.3,1.56));
#6586=CARTESIAN_POINT('',(11.73,0.3,2.0175));
#6587=VECTOR('',#7538,10.0);
#6588=CARTESIAN_POINT('',(11.73,-3.2,0.96));
#6589=CARTESIAN_POINT('',(11.73,0.3,0.96));
#6590=VECTOR('',#7539,10.0);
#6591=CARTESIAN_POINT('',(11.73,-3.2,1.56));
#6592=CARTESIAN_POINT('',(11.73,-3.2,1.56));
#6593=VECTOR('',#7540,10.0);
#6594=CARTESIAN_POINT('',(11.73,0.3,1.56));
#6595=VECTOR('',#7541,10.0);
#6596=COLOUR_RGB('',1.0,0.996078431606293,0.964705884456635);
#6597=CARTESIAN_POINT('',(12.03,0.3,1.56));
#6598=CARTESIAN_POINT('',(9.185,0.299999999999999,1.56));
#6599=VECTOR('',#7542,10.0);
#6600=CARTESIAN_POINT('',(12.03,-3.2,1.56));
#6601=CARTESIAN_POINT('',(12.03,-3.2,1.56));
#6602=VECTOR('',#7543,10.0);
#6603=CARTESIAN_POINT('',(12.03,0.3,1.56));
#6604=VECTOR('',#7544,10.0);
#6605=COLOUR_RGB('',1.0,0.996078431606293,0.964705884456635);
#6606=CARTESIAN_POINT('',(12.03,0.3,0.96));
#6607=CARTESIAN_POINT('',(12.03,0.3,1.7175));
#6608=VECTOR('',#7545,10.0);
#6609=CARTESIAN_POINT('',(12.03,-3.2,0.96));
#6610=CARTESIAN_POINT('',(12.03,-3.2,0.96));
#6611=VECTOR('',#7546,10.0);
#6612=CARTESIAN_POINT('',(12.03,0.3,0.96));
#6613=VECTOR('',#7547,10.0);
#6614=COLOUR_RGB('',1.0,0.996078431606293,0.964705884456635);
#6615=CARTESIAN_POINT('',(9.035,0.299999999999999,0.96));
#6616=VECTOR('',#7548,10.0);
#6617=CARTESIAN_POINT('',(11.73,-3.2,0.96));
#6618=VECTOR('',#7549,10.0);
#6619=COLOUR_RGB('',1.0,0.996078431606293,0.964705884456635);
#6620=COLOUR_RGB('',1.0,0.996078431606293,0.964705884456635);
#6621=CARTESIAN_POINT('',(9.61,0.299999999999999,-1.01));
#6622=CARTESIAN_POINT('',(9.61,0.299999999999999,-1.51));
#6623=CARTESIAN_POINT('',(9.61,0.299999999999999,0.4825));
#6624=VECTOR('',#7550,10.0);
#6625=CARTESIAN_POINT('',(9.61,-3.2,-1.01));
#6626=CARTESIAN_POINT('',(9.61,0.299999999999999,-1.01));
#6627=VECTOR('',#7551,10.0);
#6628=CARTESIAN_POINT('',(9.61,-3.2,-1.51));
#6629=CARTESIAN_POINT('',(9.61,-3.2,-1.01));
#6630=VECTOR('',#7552,10.0);
#6631=CARTESIAN_POINT('',(9.61,0.299999999999999,-1.51));
#6632=VECTOR('',#7553,10.0);
#6633=COLOUR_RGB('',1.0,0.996078431606293,0.964705884456635);
#6634=CARTESIAN_POINT('',(9.11,0.299999999999998,-1.51));
#6635=CARTESIAN_POINT('',(7.725,0.299999999999999,-1.51));
#6636=VECTOR('',#7554,10.0);
#6637=CARTESIAN_POINT('',(9.11,-3.2,-1.51));
#6638=CARTESIAN_POINT('',(9.61,-3.2,-1.51));
#6639=VECTOR('',#7555,10.0);
#6640=CARTESIAN_POINT('',(9.11,0.299999999999998,-1.51));
#6641=VECTOR('',#7556,10.0);
#6642=COLOUR_RGB('',1.0,0.996078431606293,0.964705884456635);
#6643=CARTESIAN_POINT('',(9.11,0.299999999999998,-1.01));
#6644=CARTESIAN_POINT('',(9.11,0.299999999999999,0.7325));
#6645=VECTOR('',#7557,10.0);
#6646=CARTESIAN_POINT('',(9.11,-3.2,-1.01));
#6647=CARTESIAN_POINT('',(9.11,-3.2,-1.51));
#6648=VECTOR('',#7558,10.0);
#6649=CARTESIAN_POINT('',(9.11,0.299999999999998,-1.01));
#6650=VECTOR('',#7559,10.0);
#6651=COLOUR_RGB('',1.0,0.996078431606293,0.964705884456635);
#6652=CARTESIAN_POINT('',(7.975,0.299999999999999,-1.01));
#6653=VECTOR('',#7560,10.0);
#6654=CARTESIAN_POINT('',(9.11,-3.2,-1.01));
#6655=VECTOR('',#7561,10.0);
#6656=COLOUR_RGB('',1.0,0.996078431606293,0.964705884456635);
#6657=COLOUR_RGB('',1.0,0.996078431606293,0.964705884456635);
#6658=CARTESIAN_POINT('',(7.09,0.299999999999999,-1.01));
#6659=CARTESIAN_POINT('',(7.09,0.299999999999999,-1.51));
#6660=CARTESIAN_POINT('',(7.09,0.299999999999999,0.4825));
#6661=VECTOR('',#7562,10.0);
#6662=CARTESIAN_POINT('',(7.09,-3.2,-1.01));
#6663=CARTESIAN_POINT('',(7.09,0.299999999999999,-1.01));
#6664=VECTOR('',#7563,10.0);
#6665=CARTESIAN_POINT('',(7.09,-3.2,-1.51));
#6666=CARTESIAN_POINT('',(7.09,-3.2,-1.01));
#6667=VECTOR('',#7564,10.0);
#6668=CARTESIAN_POINT('',(7.09,0.299999999999999,-1.51));
#6669=VECTOR('',#7565,10.0);
#6670=COLOUR_RGB('',1.0,0.996078431606293,0.964705884456635);
#6671=CARTESIAN_POINT('',(6.59,0.299999999999998,-1.51));
#6672=CARTESIAN_POINT('',(6.465,0.299999999999998,-1.51));
#6673=VECTOR('',#7566,10.0);
#6674=CARTESIAN_POINT('',(6.59,-3.2,-1.51));
#6675=CARTESIAN_POINT('',(7.09,-3.2,-1.51));
#6676=VECTOR('',#7567,10.0);
#6677=CARTESIAN_POINT('',(6.59,0.299999999999998,-1.51));
#6678=VECTOR('',#7568,10.0);
#6679=COLOUR_RGB('',1.0,0.996078431606293,0.964705884456635);
#6680=CARTESIAN_POINT('',(6.59,0.299999999999998,-1.01));
#6681=CARTESIAN_POINT('',(6.59,0.299999999999999,0.7325));
#6682=VECTOR('',#7569,10.0);
#6683=CARTESIAN_POINT('',(6.59,-3.2,-1.01));
#6684=CARTESIAN_POINT('',(6.59,-3.2,-1.51));
#6685=VECTOR('',#7570,10.0);
#6686=CARTESIAN_POINT('',(6.59,0.299999999999998,-1.01));
#6687=VECTOR('',#7571,10.0);
#6688=COLOUR_RGB('',1.0,0.996078431606293,0.964705884456635);
#6689=CARTESIAN_POINT('',(6.715,0.299999999999999,-1.01));
#6690=VECTOR('',#7572,10.0);
#6691=CARTESIAN_POINT('',(6.59,-3.2,-1.01));
#6692=VECTOR('',#7573,10.0);
#6693=COLOUR_RGB('',1.0,0.996078431606293,0.964705884456635);
#6694=COLOUR_RGB('',1.0,0.996078431606293,0.964705884456635);
#6695=CARTESIAN_POINT('',(9.61,0.299999999999999,1.51));
#6696=CARTESIAN_POINT('',(9.61,0.299999999999999,1.01));
#6697=CARTESIAN_POINT('',(9.61,0.299999999999999,1.7425));
#6698=VECTOR('',#7574,10.0);
#6699=CARTESIAN_POINT('',(9.61,-3.2,1.51));
#6700=CARTESIAN_POINT('',(9.61,0.299999999999999,1.51));
#6701=VECTOR('',#7575,10.0);
#6702=CARTESIAN_POINT('',(9.61,-3.2,1.01));
#6703=CARTESIAN_POINT('',(9.61,-3.2,1.51));
#6704=VECTOR('',#7576,10.0);
#6705=CARTESIAN_POINT('',(9.61,0.299999999999999,1.01));
#6706=VECTOR('',#7577,10.0);
#6707=COLOUR_RGB('',1.0,0.996078431606293,0.964705884456635);
#6708=CARTESIAN_POINT('',(9.11,0.299999999999998,1.01));
#6709=CARTESIAN_POINT('',(7.725,0.299999999999999,1.01));
#6710=VECTOR('',#7578,10.0);
#6711=CARTESIAN_POINT('',(9.11,-3.2,1.01));
#6712=CARTESIAN_POINT('',(9.61,-3.2,1.01));
#6713=VECTOR('',#7579,10.0);
#6714=CARTESIAN_POINT('',(9.11,0.299999999999998,1.01));
#6715=VECTOR('',#7580,10.0);
#6716=COLOUR_RGB('',1.0,0.996078431606293,0.964705884456635);
#6717=CARTESIAN_POINT('',(9.11,0.299999999999998,1.51));
#6718=CARTESIAN_POINT('',(9.11,0.299999999999999,1.9925));
#6719=VECTOR('',#7581,10.0);
#6720=CARTESIAN_POINT('',(9.11,-3.2,1.51));
#6721=CARTESIAN_POINT('',(9.11,-3.2,1.01));
#6722=VECTOR('',#7582,10.0);
#6723=CARTESIAN_POINT('',(9.11,0.299999999999998,1.51));
#6724=VECTOR('',#7583,10.0);
#6725=COLOUR_RGB('',1.0,0.996078431606293,0.964705884456635);
#6726=CARTESIAN_POINT('',(7.975,0.299999999999999,1.51));
#6727=VECTOR('',#7584,10.0);
#6728=CARTESIAN_POINT('',(9.11,-3.2,1.51));
#6729=VECTOR('',#7585,10.0);
#6730=COLOUR_RGB('',1.0,0.996078431606293,0.964705884456635);
#6731=COLOUR_RGB('',1.0,0.996078431606293,0.964705884456635);
#6732=CARTESIAN_POINT('',(7.09,0.299999999999999,1.51));
#6733=CARTESIAN_POINT('',(7.09,0.299999999999999,1.01));
#6734=CARTESIAN_POINT('',(7.09,0.299999999999999,1.7425));
#6735=VECTOR('',#7586,10.0);
#6736=CARTESIAN_POINT('',(7.09,-3.2,1.51));
#6737=CARTESIAN_POINT('',(7.09,0.299999999999999,1.51));
#6738=VECTOR('',#7587,10.0);
#6739=CARTESIAN_POINT('',(7.09,-3.2,1.01));
#6740=CARTESIAN_POINT('',(7.09,-3.2,1.51));
#6741=VECTOR('',#7588,10.0);
#6742=CARTESIAN_POINT('',(7.09,0.299999999999999,1.01));
#6743=VECTOR('',#7589,10.0);
#6744=COLOUR_RGB('',1.0,0.996078431606293,0.964705884456635);
#6745=CARTESIAN_POINT('',(6.59,0.299999999999998,1.01));
#6746=CARTESIAN_POINT('',(6.465,0.299999999999998,1.01));
#6747=VECTOR('',#7590,10.0);
#6748=CARTESIAN_POINT('',(6.59,-3.2,1.01));
#6749=CARTESIAN_POINT('',(7.09,-3.2,1.01));
#6750=VECTOR('',#7591,10.0);
#6751=CARTESIAN_POINT('',(6.59,0.299999999999998,1.01));
#6752=VECTOR('',#7592,10.0);
#6753=COLOUR_RGB('',1.0,0.996078431606293,0.964705884456635);
#6754=CARTESIAN_POINT('',(6.59,0.299999999999998,1.51));
#6755=CARTESIAN_POINT('',(6.59,0.299999999999999,1.9925));
#6756=VECTOR('',#7593,10.0);
#6757=CARTESIAN_POINT('',(6.59,-3.2,1.51));
#6758=CARTESIAN_POINT('',(6.59,-3.2,1.01));
#6759=VECTOR('',#7594,10.0);
#6760=CARTESIAN_POINT('',(6.59,0.299999999999998,1.51));
#6761=VECTOR('',#7595,10.0);
#6762=COLOUR_RGB('',1.0,0.996078431606293,0.964705884456635);
#6763=CARTESIAN_POINT('',(6.715,0.299999999999999,1.51));
#6764=VECTOR('',#7596,10.0);
#6765=CARTESIAN_POINT('',(6.59,-3.2,1.51));
#6766=VECTOR('',#7597,10.0);
#6767=COLOUR_RGB('',1.0,0.996078431606293,0.964705884456635);
#6768=COLOUR_RGB('',1.0,0.0,0.0);
#6769=CARTESIAN_POINT('',(0.0,0.75,-1.91));
#6770=CARTESIAN_POINT('',(0.0,4.25,-1.91));
#6771=CARTESIAN_POINT('',(0.0,9.625,-1.91));
#6772=VECTOR('',#7598,10.0);
#6773=CARTESIAN_POINT('',(-1.55,0.75,-1.91));
#6774=CARTESIAN_POINT('',(0.0,0.75,-1.91));
#6775=VECTOR('',#7599,10.0);
#6776=CARTESIAN_POINT('',(-1.55,4.25,-1.91));
#6777=CARTESIAN_POINT('',(-1.55,4.25,-1.91));
#6778=VECTOR('',#7600,10.0);
#6779=CARTESIAN_POINT('',(0.0,4.25,-1.91));
#6780=VECTOR('',#7601,10.0);
#6781=COLOUR_RGB('',1.0,0.0,0.0);
#6782=CARTESIAN_POINT('',(0.0,4.25,-0.61));
#6783=CARTESIAN_POINT('',(0.0,4.25,-0.305));
#6784=VECTOR('',#7602,10.0);
#6785=CARTESIAN_POINT('',(-1.55,4.25,-0.61));
#6786=CARTESIAN_POINT('',(-1.55,4.25,-0.61));
#6787=VECTOR('',#7603,10.0);
#6788=CARTESIAN_POINT('',(0.0,4.25,-0.61));
#6789=VECTOR('',#7604,10.0);
#6790=COLOUR_RGB('',1.0,0.0,0.0);
#6791=CARTESIAN_POINT('',(0.0,0.75,-0.609999999999999));
#6792=CARTESIAN_POINT('',(0.0,7.875,-0.610000000000001));
#6793=VECTOR('',#7605,10.0);
#6794=CARTESIAN_POINT('',(-1.55,0.75,-0.609999999999999));
#6795=CARTESIAN_POINT('',(-1.55,0.75,-0.609999999999999));
#6796=VECTOR('',#7606,10.0);
#6797=CARTESIAN_POINT('',(0.0,0.75,-0.609999999999999));
#6798=VECTOR('',#7607,10.0);
#6799=COLOUR_RGB('',1.0,0.0,0.0);
#6800=CARTESIAN_POINT('',(0.0,0.75,-0.955));
#6801=VECTOR('',#7608,10.0);
#6802=CARTESIAN_POINT('',(-1.55,0.75,-1.91));
#6803=VECTOR('',#7609,10.0);
#6804=COLOUR_RGB('',1.0,0.0,0.0);
#6805=COLOUR_RGB('',1.0,0.0,0.0);
#6806=CARTESIAN_POINT('',(0.0,0.75,0.61));
#6807=CARTESIAN_POINT('',(0.0,4.25,0.609999999999999));
#6808=CARTESIAN_POINT('',(0.0,9.625,0.609999999999997));
#6809=VECTOR('',#7610,10.0);
#6810=CARTESIAN_POINT('',(-1.55,0.75,0.61));
#6811=CARTESIAN_POINT('',(0.0,0.75,0.61));
#6812=VECTOR('',#7611,10.0);
#6813=CARTESIAN_POINT('',(-1.55,4.25,0.609999999999999));
#6814=CARTESIAN_POINT('',(-1.55,4.25,0.609999999999999));
#6815=VECTOR('',#7612,10.0);
#6816=CARTESIAN_POINT('',(0.0,4.25,0.609999999999999));
#6817=VECTOR('',#7613,10.0);
#6818=COLOUR_RGB('',1.0,0.0,0.0);
#6819=CARTESIAN_POINT('',(0.0,4.25,1.91));
#6820=CARTESIAN_POINT('',(0.0,4.25,0.955));
#6821=VECTOR('',#7614,10.0);
#6822=CARTESIAN_POINT('',(-1.55,4.25,1.91));
#6823=CARTESIAN_POINT('',(-1.55,4.25,1.91));
#6824=VECTOR('',#7615,10.0);
#6825=CARTESIAN_POINT('',(0.0,4.25,1.91));
#6826=VECTOR('',#7616,10.0);
#6827=COLOUR_RGB('',1.0,0.0,0.0);
#6828=CARTESIAN_POINT('',(0.0,0.75,1.91));
#6829=CARTESIAN_POINT('',(0.0,7.875,1.91));
#6830=VECTOR('',#7617,10.0);
#6831=CARTESIAN_POINT('',(-1.55,0.75,1.91));
#6832=CARTESIAN_POINT('',(-1.55,0.75,1.91));
#6833=VECTOR('',#7618,10.0);
#6834=CARTESIAN_POINT('',(0.0,0.75,1.91));
#6835=VECTOR('',#7619,10.0);
#6836=COLOUR_RGB('',1.0,0.0,0.0);
#6837=CARTESIAN_POINT('',(0.0,0.75,0.305));
#6838=VECTOR('',#7620,10.0);
#6839=CARTESIAN_POINT('',(-1.55,0.75,0.61));
#6840=VECTOR('',#7621,10.0);
#6841=COLOUR_RGB('',1.0,0.0,0.0);
#6842=COLOUR_RGB('',0.141176477074623,0.141176477074623,0.133333340287209);
#6843=AXIS2_PLACEMENT_3D('',#7622,#7623,#7624);
#6844=AXIS2_PLACEMENT_3D('',#7625,#7626,#7627);
#6845=COLOUR_RGB('',0.141176477074623,0.141176477074623,0.133333340287209);
#6846=AXIS2_PLACEMENT_3D('',#7628,#7629,#7630);
#6847=COLOUR_RGB('',0.141176477074623,0.141176477074623,0.133333340287209);
#6848=COLOUR_RGB('',0.141176477074623,0.141176477074623,0.133333340287209);
#6849=AXIS2_PLACEMENT_3D('',#7631,#7632,#7633);
#6850=COLOUR_RGB('',0.141176477074623,0.141176477074623,0.133333340287209);
#6851=AXIS2_PLACEMENT_3D('',#7634,#7635,#7636);
#6852=COLOUR_RGB('',0.141176477074623,0.141176477074623,0.133333340287209);
#6853=AXIS2_PLACEMENT_3D('',#7637,#7638,#7639);
#6854=AXIS2_PLACEMENT_3D('',#7640,#7641,#7642);
#6855=COLOUR_RGB('',0.141176477074623,0.141176477074623,0.133333340287209);
#6856=AXIS2_PLACEMENT_3D('',#7643,#7644,#7645);
#6857=COLOUR_RGB('',0.141176477074623,0.141176477074623,0.133333340287209);
#6858=COLOUR_RGB('',0.141176477074623,0.141176477074623,0.133333340287209);
#6859=AXIS2_PLACEMENT_3D('',#7646,#7647,#7648);
#6860=COLOUR_RGB('',0.141176477074623,0.141176477074623,0.133333340287209);
#6861=AXIS2_PLACEMENT_3D('',#7649,#7650,#7651);
#6862=COLOUR_RGB('',0.141176477074623,0.141176477074623,0.133333340287209);
#6863=CARTESIAN_POINT('',(6.34,0.299999999999998,1.925));
#6864=CARTESIAN_POINT('',(7.34,0.299999999999999,1.925));
#6865=CARTESIAN_POINT('',(6.59,0.299999999999998,1.925));
#6866=VECTOR('',#7652,10.0);
#6867=CARTESIAN_POINT('',(6.34,0.299999999999998,-2.475));
#6868=CARTESIAN_POINT('',(6.34,0.299999999999998,2.475));
#6869=VECTOR('',#7653,10.0);
#6870=CARTESIAN_POINT('',(14.61,0.3,-2.475));
#6871=CARTESIAN_POINT('',(7.17,0.299999999999998,-2.475));
#6872=VECTOR('',#7654,10.0);
#6873=CARTESIAN_POINT('',(14.61,0.3,2.475));
#6874=CARTESIAN_POINT('',(14.61,0.3,2.475));
#6875=VECTOR('',#7655,10.0);
#6876=CARTESIAN_POINT('',(7.34,0.299999999999999,2.475));
#6877=CARTESIAN_POINT('',(7.17,0.299999999999998,2.475));
#6878=VECTOR('',#7656,10.0);
#6879=CARTESIAN_POINT('',(7.34,0.299999999999998,2.475));
#6880=VECTOR('',#7657,10.0);
#6881=COLOUR_RGB('',0.141176477074623,0.141176477074623,0.133333340287209);
#6882=CARTESIAN_POINT('',(14.61,3.46944695195361E-17,-2.475));
#6883=CARTESIAN_POINT('',(14.61,3.9,-2.475));
#6884=VECTOR('',#7658,10.0);
#6885=CARTESIAN_POINT('',(14.61,3.46944695195361E-17,2.475));
#6886=CARTESIAN_POINT('',(14.61,0.0,1.2375));
#6887=VECTOR('',#7659,10.0);
#6888=CARTESIAN_POINT('',(14.61,3.9,2.475));
#6889=VECTOR('',#7660,10.0);
#6890=COLOUR_RGB('',0.141176477074623,0.141176477074623,0.133333340287209);
#6891=CARTESIAN_POINT('',(6.34,-9.93527416280333E-16,-2.475));
#6892=CARTESIAN_POINT('',(6.34,3.75,-2.475));
#6893=VECTOR('',#7661,10.0);
#6894=CARTESIAN_POINT('',(0.0,0.0,-2.475));
#6895=CARTESIAN_POINT('',(0.0,0.0,-2.475));
#6896=VECTOR('',#7662,10.0);
#6897=CARTESIAN_POINT('',(0.0,15.0,-2.475));
#6898=CARTESIAN_POINT('',(0.0,15.0,-2.475));
#6899=VECTOR('',#7663,10.0);
#6900=CARTESIAN_POINT('',(16.0,15.0,-2.475));
#6901=CARTESIAN_POINT('',(16.0,15.0,-2.475));
#6902=VECTOR('',#7664,10.0);
#6903=CARTESIAN_POINT('',(16.0,0.0,-2.475));
#6904=CARTESIAN_POINT('',(16.0,0.0,-2.475));
#6905=VECTOR('',#7665,10.0);
#6906=CARTESIAN_POINT('',(0.0,0.0,-2.475));
#6907=VECTOR('',#7666,10.0);
#6908=COLOUR_RGB('',0.141176477074623,0.141176477074623,0.133333340287209);
#6909=CARTESIAN_POINT('',(6.34,1.62830190832056E-16,2.475));
#6910=CARTESIAN_POINT('',(6.34,0.0,1.2375));
#6911=VECTOR('',#7667,10.0);
#6912=CARTESIAN_POINT('',(0.0,0.0,2.475));
#6913=CARTESIAN_POINT('',(0.0,0.0,2.475));
#6914=VECTOR('',#7668,10.0);
#6915=CARTESIAN_POINT('',(0.0,0.0,0.0));
#6916=VECTOR('',#7669,10.0);
#6917=COLOUR_RGB('',0.141176477074623,0.141176477074623,0.133333340287209);
#6918=CARTESIAN_POINT('',(6.34,15.0,1.925));
#6919=CARTESIAN_POINT('',(6.34,15.0,1.925));
#6920=VECTOR('',#7670,10.0);
#6921=CARTESIAN_POINT('',(6.34,15.0,2.475));
#6922=CARTESIAN_POINT('',(6.34,15.0,1.2375));
#6923=VECTOR('',#7671,10.0);
#6924=CARTESIAN_POINT('',(6.34,3.75,2.475));
#6925=VECTOR('',#7672,10.0);
#6926=COLOUR_RGB('',0.141176477074623,0.141176477074623,0.133333340287209);
#6927=CARTESIAN_POINT('',(7.34,15.0,1.925));
#6928=CARTESIAN_POINT('',(7.34,0.0,1.925));
#6929=VECTOR('',#7673,10.0);
#6930=CARTESIAN_POINT('',(11.42,15.0,1.925));
#6931=VECTOR('',#7674,10.0);
#6932=COLOUR_RGB('',0.141176477074623,0.141176477074623,0.133333340287209);
#6933=AXIS2_PLACEMENT_3D('',#7675,#7676,#7677);
#6934=COLOUR_RGB('',0.141176477074623,0.141176477074623,0.133333340287209);
#6935=AXIS2_PLACEMENT_3D('',#7678,#7679,#7680);
#6936=COLOUR_RGB('',0.141176477074623,0.141176477074623,0.133333340287209);
#6937=COLOUR_RGB('',0.141176477074623,0.141176477074623,0.133333340287209);
#6938=AXIS2_PLACEMENT_3D('',#7681,#7682,#7683);
#6939=COLOUR_RGB('',0.141176477074623,0.141176477074623,0.133333340287209);
#6940=AXIS2_PLACEMENT_3D('',#7684,#7685,#7686);
#6941=COLOUR_RGB('',0.141176477074623,0.141176477074623,0.133333340287209);
#6942=COLOUR_RGB('',0.141176477074623,0.141176477074623,0.133333340287209);
#6943=CARTESIAN_POINT('',(0.999999999999999,7.0,1.725));
#6944=CARTESIAN_POINT('',(1.0,13.0,1.725));
#6945=CARTESIAN_POINT('',(1.0,11.5,1.725));
#6946=VECTOR('',#7687,10.0);
#6947=CARTESIAN_POINT('',(0.999999999999999,7.0,2.425));
#6948=CARTESIAN_POINT('',(0.999999999999999,7.0,1.725));
#6949=VECTOR('',#7688,10.0);
#6950=CARTESIAN_POINT('',(1.0,13.0,2.425));
#6951=CARTESIAN_POINT('',(1.0,13.0,2.425));
#6952=VECTOR('',#7689,10.0);
#6953=CARTESIAN_POINT('',(1.0,13.0,1.725));
#6954=VECTOR('',#7690,10.0);
#6955=COLOUR_RGB('',0.141176477074623,0.141176477074623,0.133333340287209);
#6956=CARTESIAN_POINT('',(2.0,13.0,1.725));
#6957=CARTESIAN_POINT('',(1.75,13.0,1.725));
#6958=VECTOR('',#7691,10.0);
#6959=CARTESIAN_POINT('',(2.0,13.0,2.425));
#6960=CARTESIAN_POINT('',(2.0,13.0,2.425));
#6961=VECTOR('',#7692,10.0);
#6962=CARTESIAN_POINT('',(2.0,13.0,1.725));
#6963=VECTOR('',#7693,10.0);
#6964=COLOUR_RGB('',0.141176477074623,0.141176477074623,0.133333340287209);
#6965=CARTESIAN_POINT('',(2.0,7.0,1.725));
#6966=CARTESIAN_POINT('',(2.0,8.5,1.725));
#6967=VECTOR('',#7694,10.0);
#6968=CARTESIAN_POINT('',(2.0,7.0,2.425));
#6969=CARTESIAN_POINT('',(2.0,7.0,2.425));
#6970=VECTOR('',#7695,10.0);
#6971=CARTESIAN_POINT('',(2.0,7.0,1.725));
#6972=VECTOR('',#7696,10.0);
#6973=COLOUR_RGB('',0.141176477074623,0.141176477074623,0.133333340287209);
#6974=CARTESIAN_POINT('',(1.25,7.0,1.725));
#6975=VECTOR('',#7697,10.0);
#6976=CARTESIAN_POINT('',(0.999999999999999,7.0,2.425));
#6977=VECTOR('',#7698,10.0);
#6978=COLOUR_RGB('',0.141176477074623,0.141176477074623,0.133333340287209);
#6979=COLOUR_RGB('',0.141176477074623,0.141176477074623,0.133333340287209);
#6980=CARTESIAN_POINT('',(0.95,6.95,2.475));
#6981=CARTESIAN_POINT('',(0.95,13.05,2.475));
#6982=CARTESIAN_POINT('',(0.95,7.225,2.475));
#6983=VECTOR('',#7699,10.0);
#6984=CARTESIAN_POINT('',(0.95,6.95,1.725));
#6985=CARTESIAN_POINT('',(0.95,6.95,2.475));
#6986=VECTOR('',#7700,10.0);
#6987=CARTESIAN_POINT('',(0.95,13.05,1.725));
#6988=CARTESIAN_POINT('',(0.95,6.95,1.725));
#6989=VECTOR('',#7701,10.0);
#6990=CARTESIAN_POINT('',(0.95,13.05,2.475));
#6991=VECTOR('',#7702,10.0);
#6992=COLOUR_RGB('',0.141176477074623,0.141176477074623,0.133333340287209);
#6993=CARTESIAN_POINT('',(2.05,6.95,2.475));
#6994=CARTESIAN_POINT('',(5.025,6.95,2.475));
#6995=VECTOR('',#7703,10.0);
#6996=CARTESIAN_POINT('',(2.05,6.95,1.725));
#6997=CARTESIAN_POINT('',(2.05,6.95,2.475));
#6998=VECTOR('',#7704,10.0);
#6999=CARTESIAN_POINT('',(2.05,6.95,1.725));
#7000=VECTOR('',#7705,10.0);
#7001=COLOUR_RGB('',0.141176477074623,0.141176477074623,0.133333340287209);
#7002=CARTESIAN_POINT('',(2.05,13.05,2.475));
#7003=CARTESIAN_POINT('',(2.05,10.275,2.475));
#7004=VECTOR('',#7706,10.0);
#7005=CARTESIAN_POINT('',(2.05,13.05,1.725));
#7006=CARTESIAN_POINT('',(2.05,13.05,2.475));
#7007=VECTOR('',#7707,10.0);
#7008=CARTESIAN_POINT('',(2.05,13.05,1.725));
#7009=VECTOR('',#7708,10.0);
#7010=COLOUR_RGB('',0.141176477074623,0.141176477074623,0.133333340287209);
#7011=CARTESIAN_POINT('',(4.475,13.05,2.475));
#7012=VECTOR('',#7709,10.0);
#7013=CARTESIAN_POINT('',(0.95,13.05,1.725));
#7014=VECTOR('',#7710,10.0);
#7015=COLOUR_RGB('',0.141176477074623,0.141176477074623,0.133333340287209);
#7016=COLOUR_RGB('',0.141176477074623,0.141176477074623,0.133333340287209);
#7017=CARTESIAN_POINT('',(7.34,15.0,2.475));
#7018=CARTESIAN_POINT('',(7.34,11.25,2.475));
#7019=VECTOR('',#7711,10.0);
#7020=CARTESIAN_POINT('',(7.34,15.0,1.2375));
#7021=VECTOR('',#7712,10.0);
#7022=COLOUR_RGB('',0.141176477074623,0.141176477074623,0.133333340287209);
#7023=CARTESIAN_POINT('',(0.0,15.0,2.475));
#7024=CARTESIAN_POINT('',(16.0,15.0,2.475));
#7025=VECTOR('',#7713,10.0);
#7026=CARTESIAN_POINT('',(0.0,15.0,2.475));
#7027=VECTOR('',#7714,10.0);
#7028=COLOUR_RGB('',0.141176477074623,0.141176477074623,0.133333340287209);
#7029=CARTESIAN_POINT('',(16.0,0.0,2.475));
#7030=CARTESIAN_POINT('',(0.0,0.0,2.475));
#7031=VECTOR('',#7715,10.0);
#7032=CARTESIAN_POINT('',(16.0,15.0,2.475));
#7033=CARTESIAN_POINT('',(16.0,0.0,2.475));
#7034=VECTOR('',#7716,10.0);
#7035=CARTESIAN_POINT('',(16.0,15.0,2.475));
#7036=VECTOR('',#7717,10.0);
#7037=COLOUR_RGB('',0.141176477074623,0.141176477074623,0.133333340287209);
#7038=CARTESIAN_POINT('',(16.0,0.0,0.0));
#7039=VECTOR('',#7718,10.0);
#7040=COLOUR_RGB('',0.141176477074623,0.141176477074623,0.133333340287209);
#7041=CARTESIAN_POINT('',(0.0,15.0,0.0));
#7042=VECTOR('',#7719,10.0);
#7043=COLOUR_RGB('',0.141176477074623,0.141176477074623,0.133333340287209);
#7044=CARTESIAN_POINT('',(16.0,15.0,0.0));
#7045=VECTOR('',#7720,10.0);
#7046=COLOUR_RGB('',0.141176477074623,0.141176477074623,0.133333340287209);
#7047=COLOUR_RGB('',0.749019622802734,0.749019622802734,0.749019622802734);
#7048=COLOUR_RGB('',0.745098054409027,0.737254917621613,0.729411780834198);
#7049=CARTESIAN_POINT('',(-3.39987040807084,13.7000225235013,-2.35136598769688E-15));
#7050=CARTESIAN_POINT('',(-7.02487040807084,13.7000225235013,0.0));
#7051=CARTESIAN_POINT('',(-3.39987040807084,13.7000225235013,-2.35136598769689E-15));
#7052=CARTESIAN_POINT('',(-3.39987040807084,13.7000243793223,-0.235625069915024));
#7053=CARTESIAN_POINT('',(-3.39989810425583,13.5810030672527,-0.627312372636548));
#7054=CARTESIAN_POINT('',(-3.39981560615213,13.1270821558433,-1.0808778403981));
#7055=CARTESIAN_POINT('',(-3.3999857668135,12.7360743464313,-1.20001293058755));
#7056=CARTESIAN_POINT('',(-3.39953647921018,12.1851384087398,-1.20129090567392));
#7057=CARTESIAN_POINT('',(-3.40188999572322,11.7175963547654,-1.00583065969106));
#7058=CARTESIAN_POINT('',(-3.42777939163609,11.4071477785054,-0.537191190343255));
#7059=CARTESIAN_POINT('',(-3.44671243324478,11.3153963702821,-0.235870297534832));
#7060=CARTESIAN_POINT('',(-3.45716994337135,11.3000143655598,-0.0784941600051463));
#7061=CARTESIAN_POINT('',(-3.47603792532469,11.2995751248229,0.20617747360395));
#7062=CARTESIAN_POINT('',(-3.49883043471925,11.3908488026854,0.54942534981455));
#7063=CARTESIAN_POINT('',(-3.53528632213203,11.7447070652389,0.980589073969885));
#7064=CARTESIAN_POINT('',(-3.57630319478967,12.3189622429089,1.26256937247161));
#7065=CARTESIAN_POINT('',(-3.62643258425827,13.1121277853711,1.14566627214007));
#7066=CARTESIAN_POINT('',(-3.68112057911793,13.6998488119441,0.496802306663114));
#7067=CARTESIAN_POINT('',(-3.73580781884767,13.7427421158499,-0.376891572244897));
#7068=CARTESIAN_POINT('',(-3.79049545449288,13.2215126548226,-1.07985989818945));
#7069=CARTESIAN_POINT('',(-3.84518288393237,12.372704963248,-1.29239572779097));
#7070=CARTESIAN_POINT('',(-3.89987042061743,11.5816964514739,-0.918319876602864));
#7071=CARTESIAN_POINT('',(-3.9545579015564,11.2075808175476,-0.127278589188846));
#7072=CARTESIAN_POINT('',(-4.00924541144017,11.4201811248312,0.721488746100595));
#7073=CARTESIAN_POINT('',(-4.06393290635293,12.1230312135033,1.24278457594753));
#7074=CARTESIAN_POINT('',(-4.11862040890316,12.9969539753976,1.19976426357414));
#7075=CARTESIAN_POINT('',(-4.17330790770418,13.6453547997613,0.612356625757727));
#7076=CARTESIAN_POINT('',(-4.22799540827194,13.773809400439,-0.253559445909168));
#7077=CARTESIAN_POINT('',(-4.27356832465347,13.3986670041282,-0.878297537912817));
#7078=CARTESIAN_POINT('',(-4.31002665810762,12.91203982245,-1.1519283141433));
#7079=CARTESIAN_POINT('',(-4.33737040805496,12.5000134599998,-1.22417940635748));
#7080=CARTESIAN_POINT('',(-4.36471415807952,12.0878423587029,-1.15201533664307));
#7081=CARTESIAN_POINT('',(-4.40117249139674,11.6014679175849,-0.878234030885702));
#7082=CARTESIAN_POINT('',(-4.4467454080751,11.2260783467234,-0.253647237230829));
#7083=CARTESIAN_POINT('',(-4.5014329080688,11.3547820583303,0.612258506609755));
#7084=CARTESIAN_POINT('',(-4.55612040807174,12.0029512616509,1.19992023982467));
#7085=CARTESIAN_POINT('',(-4.61080790807047,12.8769143523774,1.24271101516721));
#7086=CARTESIAN_POINT('',(-4.66549540807102,13.5798977745629,0.72148998050546));
#7087=CARTESIAN_POINT('',(-4.72018290807075,13.792308247283,-0.127205089589805));
#7088=CARTESIAN_POINT('',(-4.77487040807089,13.4182794923845,-0.918431679539637));
#7089=CARTESIAN_POINT('',(-4.82955790807081,12.6273068748489,-1.29228156358056));
#7090=CARTESIAN_POINT('',(-4.88424540807088,11.7783583216805,-1.08001153296305));
#7091=CARTESIAN_POINT('',(-4.93893290807083,11.2573275302629,-0.376874249642336));
#7092=CARTESIAN_POINT('',(-4.99362040807085,11.3001345587235,0.49692324146708));
#7093=CARTESIAN_POINT('',(-5.04830790807084,11.8878315245249,1.14536104406221));
#7094=CARTESIAN_POINT('',(-5.10299540807085,12.753347097865,1.27370695009861));
#7095=CARTESIAN_POINT('',(-5.15768290807084,13.5038967206597,0.823879828768027));
#7096=CARTESIAN_POINT('',(-5.21237040807085,13.7986735314232,-4.0673069668595E-06));
#7097=CARTESIAN_POINT('',(-5.26705790807084,13.503891658913,-0.823869891977283));
#7098=CARTESIAN_POINT('',(-5.32174540807085,12.7533594612503,-1.27372309076017));
#7099=CARTESIAN_POINT('',(-5.37643290807084,11.8878064099928,-1.14533156186921));
#7100=CARTESIAN_POINT('',(-5.43112040807085,11.3001832831754,-0.496978991998047));
#7101=CARTESIAN_POINT('',(-5.48580790807083,11.2572361217473,0.376979687410931));
#7102=CARTESIAN_POINT('',(-5.54049540807085,11.7785093973564,1.07982223764995));
#7103=CARTESIAN_POINT('',(-5.59518290807082,12.627262835888,1.29239953371365));
#7104=CARTESIAN_POINT('',(-5.64987040807087,13.4183600112526,0.918348144100332));
#7105=CARTESIAN_POINT('',(-5.70455790807078,13.7923149925719,0.127206700166902));
#7106=CARTESIAN_POINT('',(-5.75924540807096,13.5800023790343,-0.721350395353473));
#7107=CARTESIAN_POINT('',(-5.81393290807066,12.8767783666525,-1.24298912387393));
#7108=CARTESIAN_POINT('',(-5.86406311640445,12.0762021914083,-1.20318216758379));
#7109=CARTESIAN_POINT('',(-5.90507874140366,11.5678310645214,-0.814188794628447));
#7110=CARTESIAN_POINT('',(-5.94153707473856,11.3051378403025,-0.322814285525026));
#7111=CARTESIAN_POINT('',(-5.98255269973454,11.2640460655701,0.316440235442475));
#7112=CARTESIAN_POINT('',(-6.02356832474246,11.601165392092,0.878141334781748));
#7113=CARTESIAN_POINT('',(-6.06002665806341,12.0880515093438,1.15197047670026));
#7114=CARTESIAN_POINT('',(-6.08737040808606,12.4998985702811,1.22420692159921));
#7115=CARTESIAN_POINT('',(-6.11471415803434,12.9120861896023,1.1519169206855));
#7116=CARTESIAN_POINT('',(-6.15117249148805,13.3986387677577,0.878304492353835));
#7117=CARTESIAN_POINT('',(-6.19674540786983,13.773824207846,0.253555796910245));
#7118=CARTESIAN_POINT('',(-6.25143290843746,13.645345565909,-0.612354349915384));
#7119=CARTESIAN_POINT('',(-6.30612040723855,12.9969601825707,-1.19976579347074));
#7120=CARTESIAN_POINT('',(-6.36080790978874,12.1230278365805,-1.24278374364075));
#7121=CARTESIAN_POINT('',(-6.41549540470151,11.4201828968044,-0.721489182830333));
#7122=CARTESIAN_POINT('',(-6.47018291458528,11.2075798944173,0.127278816704886));
#7123=CARTESIAN_POINT('',(-6.52487039552425,11.5816969316886,0.918319758250261));
#7124=CARTESIAN_POINT('',(-6.57955793220932,12.3727047134969,1.29239578934311));
#7125=CARTESIAN_POINT('',(-6.6342453616488,13.2215127847406,1.07985986617115));
#7126=CARTESIAN_POINT('',(-6.68893299729403,13.7427420482013,0.376891588916571));
#7127=CARTESIAN_POINT('',(-6.74362023702375,13.6998488472994,-0.496802315376087));
#7128=CARTESIAN_POINT('',(-6.79830823188343,13.1121277666302,-1.14566626752176));
#7129=CARTESIAN_POINT('',(-6.84843762135201,12.31896225117,-1.26256937450728));
#7130=CARTESIAN_POINT('',(-6.88945449400966,11.7447070621582,-0.980589073210859));
#7131=CARTESIAN_POINT('',(-6.92591038142243,11.3908488048475,-0.549425350347059));
#7132=CARTESIAN_POINT('',(-6.94870289081699,11.2995751235223,-0.206177473283958));
#7133=CARTESIAN_POINT('',(-6.96757087277034,11.3000143656851,0.0784941599744562));
#7134=CARTESIAN_POINT('',(-6.9780283828969,11.3153963702199,0.235870297550089));
#7135=CARTESIAN_POINT('',(-6.99696142450559,11.4071477785351,0.537191190335973));
#7136=CARTESIAN_POINT('',(-7.02285082041846,11.7175963547384,1.00583065969766));
#7137=CARTESIAN_POINT('',(-7.0252043369315,12.185138408751,1.20129090567119));
#7138=CARTESIAN_POINT('',(-7.02475504932818,12.7360743464268,1.20001293058865));
#7139=CARTESIAN_POINT('',(-7.02492520998956,13.1270821558455,1.08087784039756));
#7140=CARTESIAN_POINT('',(-7.02484271188585,13.5810030672516,0.627312372636815));
#7141=CARTESIAN_POINT('',(-7.02487040807084,13.7000243793223,0.235625069915018));
#7142=CARTESIAN_POINT('',(-7.02487040807084,13.7000225235013,0.0));
#7143=CARTESIAN_POINT('',(-3.15,13.7,-2.35132185436292E-15));
#7144=AXIS2_PLACEMENT_3D('',#7721,#7722,#7723);
#7145=CARTESIAN_POINT('',(-6.775,13.7,0.0));
#7146=CARTESIAN_POINT('',(-6.77488523440281,13.700010271413,0.0));
#7147=CARTESIAN_POINT('',(-6.77488523440281,13.7000088746819,0.235620563852157));
#7148=CARTESIAN_POINT('',(-6.77485753821783,13.5809936813453,0.627307294932325));
#7149=CARTESIAN_POINT('',(-6.77494003632153,13.127074861274,1.08086576580262));
#7150=CARTESIAN_POINT('',(-6.77476987566016,12.736072104016,1.20000139677873));
#7151=CARTESIAN_POINT('',(-6.77521916326346,12.1851416032362,1.20127835484513));
#7152=CARTESIAN_POINT('',(-6.77286564675044,11.7176044857613,1.0058201722729));
#7153=CARTESIAN_POINT('',(-6.74697625083756,11.4071587373964,0.537186076176739));
#7154=CARTESIAN_POINT('',(-6.72804320922888,11.3154088485516,0.235867398905248));
#7155=CARTESIAN_POINT('',(-6.71758569910231,11.3000259431693,0.078493683745249));
#7156=CARTESIAN_POINT('',(-6.69871771714897,11.2995888336357,-0.206176004335804));
#7157=CARTESIAN_POINT('',(-6.6759252077544,11.3908595256191,-0.549419354869629));
#7158=CARTESIAN_POINT('',(-6.63946932034164,11.7447150651338,-0.980579298996019));
#7159=CARTESIAN_POINT('',(-6.59845244768398,12.3189638802431,-1.26255618891469));
#7160=CARTESIAN_POINT('',(-6.5483230582154,13.1121216607628,-1.14565489123375));
#7161=CARTESIAN_POINT('',(-6.49363506335571,13.6998365254641,-0.496797082834879));
#7162=CARTESIAN_POINT('',(-6.43894782362599,13.7427294023091,0.376887664060964));
#7163=CARTESIAN_POINT('',(-6.38426018798077,13.2215053997474,1.07984887907551));
#7164=CARTESIAN_POINT('',(-6.32957275854128,12.3727060219032,1.29238258407358));
#7165=CARTESIAN_POINT('',(-6.27488522185623,11.5817063037765,0.91831038398754));
#7166=CARTESIAN_POINT('',(-6.22019774091726,11.207593081107,0.12727753040332));
#7167=CARTESIAN_POINT('',(-6.16551023103349,11.4201939334071,-0.72148184739749));
#7168=CARTESIAN_POINT('',(-6.11082273612071,12.1230316568836,-1.24277100256501));
#7169=CARTESIAN_POINT('',(-6.05613523357052,12.9969551545332,-1.19975364466063));
#7170=CARTESIAN_POINT('',(-6.00144773476943,13.645333908619,-0.612348058038043));
#7171=CARTESIAN_POINT('',(-5.9467602342018,13.7738111975896,0.253553256288463));
#7172=CARTESIAN_POINT('',(-5.90118731782002,13.3986295427635,0.878295404161749));
#7173=CARTESIAN_POINT('',(-5.8647289843663,12.9120819574508,1.15190527640727));
#7174=CARTESIAN_POINT('',(-5.83738523441802,12.4998987407637,1.22419419288869));
#7175=CARTESIAN_POINT('',(-5.81004148439538,12.0880555548662,1.15195895443987));
#7176=CARTESIAN_POINT('',(-5.77358315107443,11.6011746037558,0.878132263049967));
#7177=CARTESIAN_POINT('',(-5.73256752606649,11.264058678892,0.316436994541116));
#7178=CARTESIAN_POINT('',(-5.69155190107053,11.3051500712215,-0.322810957111729));
#7179=CARTESIAN_POINT('',(-5.65509356773562,11.5678405851132,-0.814180504538727));
#7180=CARTESIAN_POINT('',(-5.61407794273642,12.0762065647167,-1.20316981029704));
#7181=CARTESIAN_POINT('',(-5.56394773440263,12.8767744032842,-1.24297651289624));
#7182=CARTESIAN_POINT('',(-5.50926023440292,13.5799914726575,-0.721343068248599));
#7183=CARTESIAN_POINT('',(-5.45457273440275,13.7923017483381,0.127205432302662));
#7184=CARTESIAN_POINT('',(-5.39988523440284,13.4183506601963,0.918338749548588));
#7185=CARTESIAN_POINT('',(-5.34519773440279,12.6272615270927,1.29238635452525));
#7186=CARTESIAN_POINT('',(-5.29051023440282,11.7785167658838,1.07981120763876));
#7187=CARTESIAN_POINT('',(-5.23582273440281,11.2572488056625,0.376975844106473));
#7188=CARTESIAN_POINT('',(-5.1811352344028,11.300195530707,-0.496973921979695));
#7189=CARTESIAN_POINT('',(-5.12644773440281,11.8878126587857,-1.14531986908905));
#7190=CARTESIAN_POINT('',(-5.0717602344028,12.7533568750884,-1.27371009095234));
#7191=CARTESIAN_POINT('',(-5.0170727344028,13.5038814119057,-0.82386148034704));
#7192=CARTESIAN_POINT('',(-4.9623852344028,13.7986602748819,-4.07077627267997E-06));
#7193=CARTESIAN_POINT('',(-4.90769773440281,13.5038864746967,0.823871425956321));
#7194=CARTESIAN_POINT('',(-4.8530102344028,12.7533445086346,1.27369393485298));
#7195=CARTESIAN_POINT('',(-4.7983227344028,11.8878377810577,1.14534938152701));
#7196=CARTESIAN_POINT('',(-4.74363523440281,11.3001467876079,0.496918110449746));
#7197=CARTESIAN_POINT('',(-4.68894773440279,11.2573402582428,-0.376870282261528));
#7198=CARTESIAN_POINT('',(-4.63426023440284,11.7783655916089,-1.08000075423053));
#7199=CARTESIAN_POINT('',(-4.57957273440277,12.6273056602897,-1.29226825133278));
#7200=CARTESIAN_POINT('',(-4.52488523440285,13.4182700585133,-0.918422357857524));
#7201=CARTESIAN_POINT('',(-4.47019773440271,13.7922950677652,-0.127203765070762));
#7202=CARTESIAN_POINT('',(-4.41551023440298,13.5798867345103,0.721482636104014));
#7203=CARTESIAN_POINT('',(-4.36082273440244,12.8769105301733,1.24269820684839));
#7204=CARTESIAN_POINT('',(-4.30613523440369,12.0029563034345,1.19990822799314));
#7205=CARTESIAN_POINT('',(-4.25144773440076,11.3547938047569,0.612252215690601));
#7206=CARTESIAN_POINT('',(-4.19676023440705,11.2260912270956,-0.253644796524698));
#7207=CARTESIAN_POINT('',(-4.15118731772871,11.6014773410071,-0.878224674339827));
#7208=CARTESIAN_POINT('',(-4.11472898441147,12.0878463809001,-1.15200391812511));
#7209=CARTESIAN_POINT('',(-4.08738523438692,12.500013583236,-1.22416664455731));
#7210=CARTESIAN_POINT('',(-4.06004148443958,12.9120356062828,-1.15191668186899));
#7211=CARTESIAN_POINT('',(-4.02358315098543,13.3986577708249,-0.878288442421553));
#7212=CARTESIAN_POINT('',(-3.9780102346039,13.7737963931631,-0.253556909315142));
#7213=CARTESIAN_POINT('',(-3.92332273403613,13.6453431404338,0.612350336353206));
#7214=CARTESIAN_POINT('',(-3.86863523523512,12.9969489493016,1.19975211320231));
#7215=CARTESIAN_POINT('',(-3.81394773268488,12.1230350323633,1.24277183565419));
#7216=CARTESIAN_POINT('',(-3.75926023777213,11.4201921623635,0.721481410287092));
#7217=CARTESIAN_POINT('',(-3.70457272788836,11.2075940036691,-0.127277302703509));
#7218=CARTESIAN_POINT('',(-3.64988524694938,11.5817058239005,-0.918310502428252));
#7219=CARTESIAN_POINT('',(-3.59519771026433,12.3727062714553,-1.29238252247957));
#7220=CARTESIAN_POINT('',(-3.54051028082482,13.2215052699452,-1.07984891111344));
#7221=CARTESIAN_POINT('',(-3.48582264517963,13.7427294698901,-0.376887647380306));
#7222=CARTESIAN_POINT('',(-3.43113540544989,13.6998364901489,0.496797074118053));
#7223=CARTESIAN_POINT('',(-3.37644741059022,13.1121216794781,1.14565489585335));
#7224=CARTESIAN_POINT('',(-3.32631802112163,12.3189638719962,1.26255618687897));
#7225=CARTESIAN_POINT('',(-3.28530114846398,11.7447150682065,0.980579299754618));
#7226=CARTESIAN_POINT('',(-3.24884526105121,11.3908595234666,0.549419354338109));
#7227=CARTESIAN_POINT('',(-3.22605275165664,11.2995888349223,0.206176004653765));
#7228=CARTESIAN_POINT('',(-3.2071847697033,11.3000259430483,-0.0784936837752215));
#7229=CARTESIAN_POINT('',(-3.19672725957673,11.3154088486117,-0.235867398890332));
#7230=CARTESIAN_POINT('',(-3.17779421796805,11.4071587373676,-0.537186076183866));
#7231=CARTESIAN_POINT('',(-3.15190482205517,11.7176044857874,-1.00582017226643));
#7232=CARTESIAN_POINT('',(-3.14955130554214,12.1851416032254,-1.20127835484779));
#7233=CARTESIAN_POINT('',(-3.15000059314545,12.7360721040203,-1.20000139677766));
#7234=CARTESIAN_POINT('',(-3.14983043248408,13.1270748612719,-1.08086576580313));
#7235=CARTESIAN_POINT('',(-3.14991293058778,13.5809936813463,-0.627307294932071));
#7236=CARTESIAN_POINT('',(-3.1498852344028,13.7000088746819,-0.235620563852155));
#7237=CARTESIAN_POINT('',(-3.1498852344028,13.700010271413,-2.35922392732846E-15));
#7238=AXIS2_PLACEMENT_3D('',#7724,#7725,#7726);
#7239=COLOUR_RGB('',0.745098054409027,0.737254917621613,0.729411780834198);
#7240=AXIS2_PLACEMENT_3D('',#7727,#7728,#7729);
#7241=AXIS2_PLACEMENT_3D('',#7730,#7731,#7732);
#7242=COLOUR_RGB('',0.745098054409027,0.737254917621613,0.729411780834198);
#7243=COLOUR_RGB('',0.745098054409027,0.737254917621613,0.729411780834198);
#7244=COLOUR_RGB('',0.749019622802734,0.749019622802734,0.749019622802734);
#7245=COLOUR_RGB('',0.745098054409027,0.737254917621613,0.729411780834198);
#7246=CARTESIAN_POINT('',(-3.39986910325839,8.70002120689224,-2.35136340788723E-15));
#7247=CARTESIAN_POINT('',(-7.02486910325839,8.70002120689224,0.0));
#7248=CARTESIAN_POINT('',(-3.39986910325839,8.70002120689224,-2.35136340788723E-15));
#7249=CARTESIAN_POINT('',(-3.39986910325839,8.70002590503161,-0.31416462893724));
#7250=CARTESIAN_POINT('',(-3.39979846177269,8.44087836772049,-0.940079669052233));
#7251=CARTESIAN_POINT('',(-3.39998256345814,7.81399647992392,-1.20100758154707));
#7252=CARTESIAN_POINT('',(-3.39956887953181,7.18555333414934,-1.20071141240232));
#7253=CARTESIAN_POINT('',(-3.40186350289927,6.71727678675323,-1.00626740680203));
#7254=CARTESIAN_POINT('',(-3.4277855443343,6.40725181372658,-0.537053867428151));
#7255=CARTESIAN_POINT('',(-3.44670789992305,6.31533990410478,-0.235940564450404));
#7256=CARTESIAN_POINT('',(-3.45716886418395,6.30005056939919,-0.0784573287310753));
#7257=CARTESIAN_POINT('',(-3.48059379165736,6.29915370708116,0.274701744143507));
#7258=CARTESIAN_POINT('',(-3.51705936947851,6.49641168620271,0.823755355190897));
#7259=CARTESIAN_POINT('',(-3.57174257746758,7.24648454244245,1.27385889844556));
#7260=CARTESIAN_POINT('',(-3.62643240417436,8.1122715640695,1.14525084528957));
#7261=CARTESIAN_POINT('',(-3.68111868618343,8.69977769469204,0.497023062937844));
#7262=CARTESIAN_POINT('',(-3.73580682009901,8.74277631222191,-0.37700749278541));
#7263=CARTESIAN_POINT('',(-3.79049399055873,8.22149386139276,-1.07979688003808));
#7264=CARTESIAN_POINT('',(-3.84518166182796,7.37271369309687,-1.29242901746987));
#7265=CARTESIAN_POINT('',(-3.89986907282124,6.58169444802256,-0.918296010031311));
#7266=CARTESIAN_POINT('',(-3.95455661907426,6.20758094251092,-0.127299665973722));
#7267=CARTESIAN_POINT('',(-4.00924409504302,6.42018832777021,0.721516972487949));
#7268=CARTESIAN_POINT('',(-4.06393160752018,7.1230186326156,1.24273313889496));
#7269=CARTESIAN_POINT('',(-4.11861910105801,7.99697461851935,1.19986058452548));
#7270=CARTESIAN_POINT('',(-4.1733066043772,8.64533726718059,0.612107551555119));
#7271=CARTESIAN_POINT('',(-4.2279941026852,8.77377863501492,-0.253152171864102));
#7272=CARTESIAN_POINT('',(-4.28268160355132,8.32383248025725,-1.00413591966394));
#7273=CARTESIAN_POINT('',(-4.32825451978413,7.6373257651135,-1.24912564297399));
#7274=CARTESIAN_POINT('',(-4.36471285332219,7.08792209939648,-1.15160381691249));
#7275=CARTESIAN_POINT('',(-4.40117118654556,6.60137818061735,-0.878521162690453));
#7276=CARTESIAN_POINT('',(-4.44674410328451,6.22613537664694,-0.25351983545));
#7277=CARTESIAN_POINT('',(-4.50143160324564,6.35475311890828,0.612254359880504));
#7278=CARTESIAN_POINT('',(-4.55611910326451,7.00296508166896,1.19981698592978));
#7279=CARTESIAN_POINT('',(-4.61080660325571,7.87695895263425,1.24277380373317));
#7280=CARTESIAN_POINT('',(-4.66549410325973,8.57989691456651,0.721503080858885));
#7281=CARTESIAN_POINT('',(-4.72018160325773,8.79230821927148,-0.127219587124394));
#7282=CARTESIAN_POINT('',(-4.77486910325875,8.41832531256347,-0.918446671879293));
#7283=CARTESIAN_POINT('',(-4.8295566032582,7.6272964908824,-1.29235548343671));
#7284=CARTESIAN_POINT('',(-4.88424410325853,6.77843629147947,-1.07988056021447));
#7285=CARTESIAN_POINT('',(-4.93893160325832,6.25728142177391,-0.376945893374026));
#7286=CARTESIAN_POINT('',(-4.99361910325843,6.30016130154318,0.49696063483959));
#7287=CARTESIAN_POINT('',(-5.04830660325837,6.88781889583111,1.14534004982294));
#7288=CARTESIAN_POINT('',(-5.1029941032584,7.75335368159737,1.27371582267814));
#7289=CARTESIAN_POINT('',(-5.15768160325838,8.50389219488584,0.823873680434527));
#7290=CARTESIAN_POINT('',(-5.21236910325839,8.7986736821068,-1.46629682379435E-06));
#7291=CARTESIAN_POINT('',(-5.26705660325839,8.50389023081414,-0.823870097034458));
#7292=CARTESIAN_POINT('',(-5.32174410325838,7.7533584801862,-1.27372164694819));
#7293=CARTESIAN_POINT('',(-5.37643160325841,6.88780914532805,-1.14532940445559));
#7294=CARTESIAN_POINT('',(-5.43111910325835,6.30018021492788,-0.49698077915081));
#7295=CARTESIAN_POINT('',(-5.48580660325847,6.25724604431346,0.376984033584039));
#7296=CARTESIAN_POINT('',(-5.54049410325825,6.77849357151574,1.07981178706812));
#7297=CARTESIAN_POINT('',(-5.59518160325866,7.62729466374064,1.29241606158097));
#7298=CARTESIAN_POINT('',(-5.6498691032579,8.4182977047349,0.918312754608178));
#7299=CARTESIAN_POINT('',(-5.70455660325934,8.7924297958682,0.127271789316471));
#7300=CARTESIAN_POINT('',(-5.75924410325657,8.57979404811959,-0.721466424180799));
#7301=CARTESIAN_POINT('',(-5.81393160326175,7.87700648557249,-1.24282086153159));
#7302=CARTESIAN_POINT('',(-5.86861910325317,7.00304679626631,-1.19979919729425));
#7303=CARTESIAN_POINT('',(-5.9233066032681,6.35474621304196,-0.612324902970414));
#7304=CARTESIAN_POINT('',(-5.97799410323704,6.22609133335102,0.253728483612351));
#7305=CARTESIAN_POINT('',(-6.02356701995744,6.6013475895503,0.878387471311509));
#7306=CARTESIAN_POINT('',(-6.06002535321351,7.08795159804542,1.15172630447287));
#7307=CARTESIAN_POINT('',(-6.09648368671759,7.6372735206697,1.24905207356538));
#7308=CARTESIAN_POINT('',(-6.1420566029734,8.32386156972706,1.00417335677638));
#7309=CARTESIAN_POINT('',(-6.19674410382748,8.77376333706436,0.253133061174404));
#7310=CARTESIAN_POINT('',(-6.25143160214219,8.6453470480651,-0.612095413691639));
#7311=CARTESIAN_POINT('',(-6.30611910545736,7.9969693442171,-1.19986712268295));
#7312=CARTESIAN_POINT('',(-6.36080659899734,7.12302139412636,-1.24272971636129));
#7313=CARTESIAN_POINT('',(-6.41549411147338,6.42018689040128,-0.721518753860982));
#7314=CARTESIAN_POINT('',(-6.47018158744272,6.20758168976389,0.127300592068019));
#7315=CARTESIAN_POINT('',(-6.52486913369544,6.58169405963556,0.918295528686398));
#7316=CARTESIAN_POINT('',(-6.57955654468888,7.37271389496057,1.29242926765114));
#7317=CARTESIAN_POINT('',(-6.63424421595802,8.22149375645906,1.07979674998615));
#7318=CARTESIAN_POINT('',(-6.6889313864178,8.74277636680036,0.377007560429271));
#7319=CARTESIAN_POINT('',(-6.74361952033334,8.69977766624405,-0.497023098196497));
#7320=CARTESIAN_POINT('',(-6.79830580234244,8.11227157901439,-1.14525082676633));
#7321=CARTESIAN_POINT('',(-6.8529956290492,7.24648453436059,-1.273858908463));
#7322=CARTESIAN_POINT('',(-6.90767883703827,6.49641169113838,-0.823755349072601));
#7323=CARTESIAN_POINT('',(-6.94414441485942,6.29915370475558,-0.274701747026928));
#7324=CARTESIAN_POINT('',(-6.96756934233283,6.30005056965867,0.078457329053112));
#7325=CARTESIAN_POINT('',(-6.97803030659374,6.31533990399925,0.235940564319377));
#7326=CARTESIAN_POINT('',(-6.99695266218249,6.40725181377922,0.537053867493499));
#7327=CARTESIAN_POINT('',(-7.02287470361751,6.71727678670673,1.00626740674431));
#7328=CARTESIAN_POINT('',(-7.02516932698498,7.18555333416701,1.20071141242425));
#7329=CARTESIAN_POINT('',(-7.02475564305865,7.8139964799164,1.20100758153773));
#7330=CARTESIAN_POINT('',(-7.02493974474409,8.44087836772523,0.94007966905813));
#7331=CARTESIAN_POINT('',(-7.02486910325839,8.70002590503159,0.314164628937193));
#7332=CARTESIAN_POINT('',(-7.02486910325839,8.70002120689224,0.0));
#7333=CARTESIAN_POINT('',(-3.15,8.7,-2.35132185436292E-15));
#7334=AXIS2_PLACEMENT_3D('',#7733,#7734,#7735);
#7335=CARTESIAN_POINT('',(-6.775,8.7,0.0));
#7336=CARTESIAN_POINT('',(-6.77488764615538,8.70001022168024,0.0));
#7337=CARTESIAN_POINT('',(-6.77488764615538,8.70000661322819,0.314162086070494));
#7338=CARTESIAN_POINT('',(-6.77495828764106,8.44087694334487,0.940070836303094));
#7339=CARTESIAN_POINT('',(-6.77477418595563,7.81399103724127,1.20099654794721));
#7340=CARTESIAN_POINT('',(-6.77518786988195,7.18555758023285,1.20070086789411));
#7341=CARTESIAN_POINT('',(-6.7728932465145,6.7172830213578,1.00625723582866));
#7342=CARTESIAN_POINT('',(-6.74697120507946,6.40726197847876,0.537049611348474));
#7343=CARTESIAN_POINT('',(-6.72804884949071,6.31535089936723,0.235937713970769));
#7344=CARTESIAN_POINT('',(-6.71758788522981,6.30006106841588,0.0784570038126583));
#7345=CARTESIAN_POINT('',(-6.6941629577564,6.29916557116277,-0.274699830843636));
#7346=CARTESIAN_POINT('',(-6.65769737993525,6.49642040602801,-0.823747249331411));
#7347=CARTESIAN_POINT('',(-6.60301417194618,7.2464870524995,-1.27384764473483));
#7348=CARTESIAN_POINT('',(-6.54832434523942,8.11226586923144,-1.14524013806417));
#7349=CARTESIAN_POINT('',(-6.49363806323032,8.69976674411306,-0.497018656176007));
#7350=CARTESIAN_POINT('',(-6.43894992931478,8.74276496111951,0.377004164525463));
#7351=CARTESIAN_POINT('',(-6.38426275885499,8.22148716989745,1.07978684057856));
#7352=CARTESIAN_POINT('',(-6.32957508758587,7.37271505257873,1.29241745136169));
#7353=CARTESIAN_POINT('',(-6.27488767659242,6.58170246452644,0.91828712156625));
#7354=CARTESIAN_POINT('',(-6.22020013033971,6.20759352445284,0.12729942239121));
#7355=CARTESIAN_POINT('',(-6.16551265437035,6.42019675655753,-0.721512137232045));
#7356=CARTESIAN_POINT('',(-6.11082514189433,7.12302487759276,-1.24271836907788));
#7357=CARTESIAN_POINT('',(-6.05613764835434,7.99696473227983,-1.19985609351946));
#7358=CARTESIAN_POINT('',(-6.00145014503918,8.64533667462872,-0.61208989561408));
#7359=CARTESIAN_POINT('',(-5.94676264672446,8.77375170268889,0.253130852188478));
#7360=CARTESIAN_POINT('',(-5.89207514587038,8.32385382541337,1.00416409184336));
#7361=CARTESIAN_POINT('',(-5.84650222961458,7.63727254282945,1.24904046609902));
#7362=CARTESIAN_POINT('',(-5.81004389611049,7.08795517499759,1.15171598403358));
#7363=CARTESIAN_POINT('',(-5.77358556285442,6.60135603117186,0.878379224125626));
#7364=CARTESIAN_POINT('',(-5.72801264613401,6.22610273400782,0.253726242624729));
#7365=CARTESIAN_POINT('',(-5.67332514616509,6.35475694763146,-0.612319315754281));
#7366=CARTESIAN_POINT('',(-5.61863764615014,7.00305116540371,-1.19978811382186));
#7367=CARTESIAN_POINT('',(-5.56395014615874,7.87700313008369,-1.24280967254973));
#7368=CARTESIAN_POINT('',(-5.50926264615355,8.57978411813846,-0.721459718065559));
#7369=CARTESIAN_POINT('',(-5.45457514615633,8.79241799177419,0.127270570575498));
#7370=CARTESIAN_POINT('',(-5.39988764615488,8.41828928794325,0.918304378063556));
#7371=CARTESIAN_POINT('',(-5.34520014615564,7.62729350518272,1.29240421895293));
#7372=CARTESIAN_POINT('',(-5.29051264615524,6.77850017144854,1.07980191197183));
#7373=CARTESIAN_POINT('',(-5.23582514615545,6.25725741975115,0.376980579668349));
#7374=CARTESIAN_POINT('',(-5.18113764615535,6.30019119487919,-0.496976228967181));
#7375=CARTESIAN_POINT('',(-5.1264501461554,6.887814748516,-1.14531892301202));
#7376=CARTESIAN_POINT('',(-5.07176264615537,7.75335616130847,-1.27370998997689));
#7377=CARTESIAN_POINT('',(-5.01707514615539,8.50388104313484,-0.823862555821346));
#7378=CARTESIAN_POINT('',(-4.96238764615538,8.79866179673043,-1.46886967197113E-06));
#7379=CARTESIAN_POINT('',(-4.90770014615538,8.50388300705113,0.823866145576462));
#7380=CARTESIAN_POINT('',(-4.85301264615539,7.75335136291157,1.27370415515879));
#7381=CARTESIAN_POINT('',(-4.79832514615537,6.88782449917807,1.14532958805979));
#7382=CARTESIAN_POINT('',(-4.74363764615541,6.30017227984526,0.496956046677303));
#7383=CARTESIAN_POINT('',(-4.68895014615531,6.25729280376049,-0.376942365930571));
#7384=CARTESIAN_POINT('',(-4.63426264615551,6.77844287052141,-1.07987082231528));
#7385=CARTESIAN_POINT('',(-4.57957514615519,7.62729534634403,-1.29234354708806));
#7386=CARTESIAN_POINT('',(-4.52488764615575,8.41831693734833,-0.918438347531613));
#7387=CARTESIAN_POINT('',(-4.47020014615472,8.79229629779777,-0.127218391528806));
#7388=CARTESIAN_POINT('',(-4.41551264615672,8.57988712596367,0.721496508992808));
#7389=CARTESIAN_POINT('',(-4.3608251461527,7.87695544825587,1.24276233468705));
#7390=CARTESIAN_POINT('',(-4.3061376461615,7.00296966072854,1.19980611938922));
#7391=CARTESIAN_POINT('',(-4.25145014614263,6.35476361427491,0.612248760648043));
#7392=CARTESIAN_POINT('',(-4.1967626461815,6.22614695027852,-0.25351766110018));
#7393=CARTESIAN_POINT('',(-4.15118972944255,6.60138661507905,-0.878512774781641));
#7394=CARTESIAN_POINT('',(-4.11473139621919,7.08792563070752,-1.15159362051497));
#7395=CARTESIAN_POINT('',(-4.07827306268113,7.63732481437656,-1.2491139794926));
#7396=CARTESIAN_POINT('',(-4.03270014644831,8.32382472410645,-1.00412667981967));
#7397=CARTESIAN_POINT('',(-3.9780126455822,8.7737670062121,-0.253149951103021));
#7398=CARTESIAN_POINT('',(-3.92332514727421,8.64532689107127,0.612102024949163));
#7399=CARTESIAN_POINT('',(-3.86863764395501,7.99697000756316,1.19984956065594));
#7400=CARTESIAN_POINT('',(-3.81395015041717,7.12302211576786,1.24272178852446));
#7401=CARTESIAN_POINT('',(-3.75926263794001,6.420198193993,0.721510357621088));
#7402=CARTESIAN_POINT('',(-3.70457516197126,6.20759277721521,-0.127298497293193));
#7403=CARTESIAN_POINT('',(-3.64988761571823,6.58170285287922,-0.918287602351119));
#7404=CARTESIAN_POINT('',(-3.59520020472495,7.37271485074677,-1.29241720149392));
#7405=CARTESIAN_POINT('',(-3.54051253345573,8.22148727480716,-1.07978697045548));
#7406=CARTESIAN_POINT('',(-3.485825362996,8.74276490655772,-0.377004096979353));
#7407=CARTESIAN_POINT('',(-3.43113722908044,8.69976677254977,0.497018620972495));
#7408=CARTESIAN_POINT('',(-3.37645094707136,8.11226585429456,1.14524015655507));
#7409=CARTESIAN_POINT('',(-3.32176112036457,7.24648706057469,1.27384763473863));
#7410=CARTESIAN_POINT('',(-3.26707791237551,6.49642040109893,0.823747255432685));
#7411=CARTESIAN_POINT('',(-3.23061233455436,6.29916557348229,0.274699827973011));
#7412=CARTESIAN_POINT('',(-3.20718740708095,6.30006106815854,-0.0784570034944074));
#7413=CARTESIAN_POINT('',(-3.19672644282004,6.31535089947167,-0.235937714099885));
#7414=CARTESIAN_POINT('',(-3.1778040872313,6.40726197842661,-0.537049611283975));
#7415=CARTESIAN_POINT('',(-3.15188204579627,6.71728302140389,-1.00625723588565));
#7416=CARTESIAN_POINT('',(-3.14958742242881,7.18555758021535,-1.20070086787248));
#7417=CARTESIAN_POINT('',(-3.15000110635513,7.81399103724869,-1.20099654795638));
#7418=CARTESIAN_POINT('',(-3.14981700466969,8.44087694334021,-0.940070836297352));
#7419=CARTESIAN_POINT('',(-3.14988764615539,8.70000661322817,-0.314162086070461));
#7420=CARTESIAN_POINT('',(-3.14988764615539,8.70001022168024,-2.4980018054066E-15));
#7421=AXIS2_PLACEMENT_3D('',#7736,#7737,#7738);
#7422=COLOUR_RGB('',0.745098054409027,0.737254917621613,0.729411780834198);
#7423=AXIS2_PLACEMENT_3D('',#7739,#7740,#7741);
#7424=AXIS2_PLACEMENT_3D('',#7742,#7743,#7744);
#7425=COLOUR_RGB('',0.745098054409027,0.737254917621613,0.729411780834198);
#7426=COLOUR_RGB('',0.745098054409027,0.737254917621613,0.729411780834198);
#7427=COLOUR_RGB('',0.749019622802734,0.749019622802734,0.749019622802734);
#7428=DIRECTION('',(-1.0,0.0,-0.0));
#7429=CARTESIAN_POINT('',(0.0,7.5,0.0));
#7430=DIRECTION('',(1.0,0.0,0.0));
#7431=DIRECTION('',(0.0,0.0,-1.0));
#7432=DIRECTION('',(1.0,-0.0,0.0));
#7433=CARTESIAN_POINT('',(-2.5,7.5,0.0));
#7434=DIRECTION('',(-1.0,0.0,0.0));
#7435=DIRECTION('',(0.0,0.0,-1.0));
#7436=DIRECTION('',(0.866025403783588,-0.0,-0.500000000001473));
#7437=CARTESIAN_POINT('',(-3.0,7.5,0.0));
#7438=DIRECTION('',(1.0,0.0,0.0));
#7439=DIRECTION('',(0.0,0.0,-1.0));
#7440=DIRECTION('',(-0.866025403783588,0.0,-0.500000000001473));
#7441=CARTESIAN_POINT('',(-2.5,7.5,0.0));
#7442=DIRECTION('',(-1.0,0.0,0.0));
#7443=DIRECTION('',(0.0,0.0,-1.0));
#7444=DIRECTION('',(-1.0,0.0,-0.0));
#7445=CARTESIAN_POINT('',(0.0,12.5,0.0));
#7446=DIRECTION('',(1.0,0.0,0.0));
#7447=DIRECTION('',(0.0,0.0,-1.0));
#7448=DIRECTION('',(1.0,-0.0,0.0));
#7449=CARTESIAN_POINT('',(-2.5,12.5,0.0));
#7450=DIRECTION('',(-1.0,0.0,0.0));
#7451=DIRECTION('',(0.0,0.0,-1.0));
#7452=DIRECTION('',(0.866025403783588,-0.0,-0.500000000001473));
#7453=CARTESIAN_POINT('',(-3.0,12.5,0.0));
#7454=DIRECTION('',(1.0,0.0,0.0));
#7455=DIRECTION('',(0.0,0.0,-1.0));
#7456=DIRECTION('',(-0.866025403783588,0.0,-0.500000000001473));
#7457=CARTESIAN_POINT('',(-2.5,12.5,0.0));
#7458=DIRECTION('',(-1.0,0.0,0.0));
#7459=DIRECTION('',(0.0,0.0,-1.0));
#7460=DIRECTION('',(-1.0,0.0,-0.0));
#7461=CARTESIAN_POINT('',(-3.0,12.5,0.0));
#7462=DIRECTION('',(1.0,0.0,0.0));
#7463=DIRECTION('',(0.0,0.0,-1.0));
#7464=DIRECTION('',(1.0,-0.0,0.0));
#7465=CARTESIAN_POINT('',(-7.1,12.5,0.0));
#7466=DIRECTION('',(1.0,0.0,0.0));
#7467=DIRECTION('',(0.0,0.0,-1.0));
#7468=DIRECTION('',(1.0,-0.0,-0.0));
#7469=CARTESIAN_POINT('',(-8.9,12.5,0.0));
#7470=DIRECTION('',(-1.0,0.0,0.0));
#7471=DIRECTION('',(0.0,0.0,-1.0));
#7472=DIRECTION('',(-1.0,0.0,-0.0));
#7473=CARTESIAN_POINT('',(-7.1,12.5,0.0));
#7474=DIRECTION('',(1.0,0.0,0.0));
#7475=DIRECTION('',(0.0,0.0,-1.0));
#7476=DIRECTION('',(0.707106781184743,-0.0,-0.707106781188352));
#7477=CARTESIAN_POINT('',(-9.2,12.5,0.0));
#7478=DIRECTION('',(1.0,0.0,0.0));
#7479=DIRECTION('',(0.0,0.0,-1.0));
#7480=DIRECTION('',(-0.707106781184743,0.0,-0.707106781188352));
#7481=DIRECTION('',(-1.0,0.0,-0.0));
#7482=CARTESIAN_POINT('',(-3.0,7.5,0.0));
#7483=DIRECTION('',(1.0,0.0,0.0));
#7484=DIRECTION('',(0.0,0.0,-1.0));
#7485=DIRECTION('',(1.0,-0.0,0.0));
#7486=CARTESIAN_POINT('',(-7.1,7.5,0.0));
#7487=DIRECTION('',(1.0,0.0,0.0));
#7488=DIRECTION('',(0.0,0.0,-1.0));
#7489=DIRECTION('',(1.0,-0.0,-0.0));
#7490=CARTESIAN_POINT('',(-8.9,7.5,0.0));
#7491=DIRECTION('',(-1.0,0.0,0.0));
#7492=DIRECTION('',(0.0,0.0,-1.0));
#7493=DIRECTION('',(-1.0,0.0,-0.0));
#7494=CARTESIAN_POINT('',(-7.1,7.5,0.0));
#7495=DIRECTION('',(1.0,0.0,0.0));
#7496=DIRECTION('',(0.0,0.0,-1.0));
#7497=DIRECTION('',(0.707106781184743,-0.0,-0.707106781188352));
#7498=CARTESIAN_POINT('',(-9.2,7.5,0.0));
#7499=DIRECTION('',(1.0,0.0,0.0));
#7500=DIRECTION('',(0.0,0.0,-1.0));
#7501=DIRECTION('',(-0.707106781184743,0.0,-0.707106781188352));
#7502=DIRECTION('',(0.0,0.0,1.0));
#7503=DIRECTION('',(0.0,-1.0,0.0));
#7504=DIRECTION('',(0.0,0.0,-1.0));
#7505=DIRECTION('',(0.0,-1.0,0.0));
#7506=DIRECTION('',(1.0,2.47517980852797E-16,0.0));
#7507=DIRECTION('',(-1.0,-2.47517980852797E-16,0.0));
#7508=DIRECTION('',(0.0,-1.0,0.0));
#7509=DIRECTION('',(0.0,0.0,-1.0));
#7510=DIRECTION('',(0.0,0.0,1.0));
#7511=DIRECTION('',(0.0,-1.0,0.0));
#7512=DIRECTION('',(-1.0,-2.47517980852797E-16,0.0));
#7513=DIRECTION('',(1.0,2.47517980852797E-16,0.0));
#7514=DIRECTION('',(0.0,0.0,1.0));
#7515=DIRECTION('',(0.0,-1.0,0.0));
#7516=DIRECTION('',(0.0,0.0,-1.0));
#7517=DIRECTION('',(0.0,-1.0,0.0));
#7518=DIRECTION('',(1.0,2.47517980852797E-16,0.0));
#7519=DIRECTION('',(-1.0,-2.47517980852797E-16,0.0));
#7520=DIRECTION('',(0.0,-1.0,0.0));
#7521=DIRECTION('',(0.0,0.0,-1.0));
#7522=DIRECTION('',(0.0,0.0,1.0));
#7523=DIRECTION('',(0.0,-1.0,0.0));
#7524=DIRECTION('',(-1.0,-2.47517980852797E-16,0.0));
#7525=DIRECTION('',(1.0,2.47517980852797E-16,0.0));
#7526=DIRECTION('',(0.0,0.0,1.0));
#7527=DIRECTION('',(0.0,-1.0,0.0));
#7528=DIRECTION('',(0.0,0.0,-1.0));
#7529=DIRECTION('',(0.0,-1.0,0.0));
#7530=DIRECTION('',(1.0,2.47517980852797E-16,0.0));
#7531=DIRECTION('',(-1.0,-2.47517980852797E-16,0.0));
#7532=DIRECTION('',(0.0,-1.0,0.0));
#7533=DIRECTION('',(0.0,0.0,-1.0));
#7534=DIRECTION('',(0.0,0.0,1.0));
#7535=DIRECTION('',(0.0,-1.0,0.0));
#7536=DIRECTION('',(-1.0,-2.47517980852797E-16,0.0));
#7537=DIRECTION('',(1.0,2.47517980852797E-16,0.0));
#7538=DIRECTION('',(0.0,0.0,1.0));
#7539=DIRECTION('',(0.0,-1.0,0.0));
#7540=DIRECTION('',(0.0,0.0,-1.0));
#7541=DIRECTION('',(0.0,-1.0,0.0));
#7542=DIRECTION('',(1.0,2.47517980852797E-16,0.0));
#7543=DIRECTION('',(-1.0,-2.47517980852797E-16,0.0));
#7544=DIRECTION('',(0.0,-1.0,0.0));
#7545=DIRECTION('',(0.0,0.0,-1.0));
#7546=DIRECTION('',(0.0,0.0,1.0));
#7547=DIRECTION('',(0.0,-1.0,0.0));
#7548=DIRECTION('',(-1.0,-2.47517980852797E-16,0.0));
#7549=DIRECTION('',(1.0,2.47517980852797E-16,0.0));
#7550=DIRECTION('',(6.93889390390723E-17,1.7175010084469E-32,-1.0));
#7551=DIRECTION('',(3.1720657846433E-16,-1.0,0.0));
#7552=DIRECTION('',(-6.93889390390723E-17,-1.7175010084469E-32,1.0));
#7553=DIRECTION('',(3.1720657846433E-16,-1.0,0.0));
#7554=DIRECTION('',(-1.0,-2.47517980852797E-16,-5.55111512312578E-16));
#7555=DIRECTION('',(1.0,2.47517980852797E-16,5.55111512312578E-16));
#7556=DIRECTION('',(3.1720657846433E-16,-1.0,0.0));
#7557=DIRECTION('',(0.0,0.0,1.0));
#7558=DIRECTION('',(0.0,0.0,-1.0));
#7559=DIRECTION('',(3.1720657846433E-16,-1.0,0.0));
#7560=DIRECTION('',(1.0,2.47517980852797E-16,-2.77555756156289E-16));
#7561=DIRECTION('',(-1.0,-2.47517980852797E-16,2.77555756156289E-16));
#7562=DIRECTION('',(6.93889390390723E-17,1.7175010084469E-32,-1.0));
#7563=DIRECTION('',(3.1720657846433E-16,-1.0,0.0));
#7564=DIRECTION('',(-6.93889390390723E-17,-1.7175010084469E-32,1.0));
#7565=DIRECTION('',(3.1720657846433E-16,-1.0,0.0));
#7566=DIRECTION('',(-1.0,-2.47517980852797E-16,-5.55111512312578E-16));
#7567=DIRECTION('',(1.0,2.47517980852797E-16,5.55111512312578E-16));
#7568=DIRECTION('',(3.1720657846433E-16,-1.0,0.0));
#7569=DIRECTION('',(0.0,0.0,1.0));
#7570=DIRECTION('',(0.0,0.0,-1.0));
#7571=DIRECTION('',(3.1720657846433E-16,-1.0,0.0));
#7572=DIRECTION('',(1.0,2.47517980852797E-16,-2.77555756156289E-16));
#7573=DIRECTION('',(-1.0,-2.47517980852797E-16,2.77555756156289E-16));
#7574=DIRECTION('',(6.93889390390723E-17,1.7175010084469E-32,-1.0));
#7575=DIRECTION('',(3.1720657846433E-16,-1.0,0.0));
#7576=DIRECTION('',(-6.93889390390723E-17,-1.7175010084469E-32,1.0));
#7577=DIRECTION('',(3.1720657846433E-16,-1.0,0.0));
#7578=DIRECTION('',(-1.0,-2.47517980852797E-16,-5.55111512312578E-16));
#7579=DIRECTION('',(1.0,2.47517980852797E-16,5.55111512312578E-16));
#7580=DIRECTION('',(3.1720657846433E-16,-1.0,0.0));
#7581=DIRECTION('',(0.0,0.0,1.0));
#7582=DIRECTION('',(0.0,0.0,-1.0));
#7583=DIRECTION('',(3.1720657846433E-16,-1.0,0.0));
#7584=DIRECTION('',(1.0,2.47517980852797E-16,-2.77555756156289E-16));
#7585=DIRECTION('',(-1.0,-2.47517980852797E-16,2.77555756156289E-16));
#7586=DIRECTION('',(6.93889390390723E-17,1.7175010084469E-32,-1.0));
#7587=DIRECTION('',(3.1720657846433E-16,-1.0,0.0));
#7588=DIRECTION('',(-6.93889390390723E-17,-1.7175010084469E-32,1.0));
#7589=DIRECTION('',(3.1720657846433E-16,-1.0,0.0));
#7590=DIRECTION('',(-1.0,-2.47517980852797E-16,-5.55111512312578E-16));
#7591=DIRECTION('',(1.0,2.47517980852797E-16,5.55111512312578E-16));
#7592=DIRECTION('',(3.1720657846433E-16,-1.0,0.0));
#7593=DIRECTION('',(0.0,0.0,1.0));
#7594=DIRECTION('',(0.0,0.0,-1.0));
#7595=DIRECTION('',(3.1720657846433E-16,-1.0,0.0));
#7596=DIRECTION('',(1.0,2.47517980852797E-16,-2.77555756156289E-16));
#7597=DIRECTION('',(-1.0,-2.47517980852797E-16,2.77555756156289E-16));
#7598=DIRECTION('',(0.0,1.0,-3.1720657846433E-16));
#7599=DIRECTION('',(-1.0,0.0,0.0));
#7600=DIRECTION('',(0.0,-1.0,3.1720657846433E-16));
#7601=DIRECTION('',(-1.0,0.0,0.0));
#7602=DIRECTION('',(0.0,0.0,1.0));
#7603=DIRECTION('',(0.0,0.0,-1.0));
#7604=DIRECTION('',(-1.0,0.0,0.0));
#7605=DIRECTION('',(0.0,-1.0,1.78428700386186E-16));
#7606=DIRECTION('',(0.0,1.0,-1.78428700386186E-16));
#7607=DIRECTION('',(-1.0,0.0,0.0));
#7608=DIRECTION('',(0.0,0.0,-1.0));
#7609=DIRECTION('',(0.0,0.0,1.0));
#7610=DIRECTION('',(0.0,1.0,-3.1720657846433E-16));
#7611=DIRECTION('',(-1.0,0.0,0.0));
#7612=DIRECTION('',(0.0,-1.0,3.1720657846433E-16));
#7613=DIRECTION('',(-1.0,0.0,0.0));
#7614=DIRECTION('',(0.0,0.0,1.0));
#7615=DIRECTION('',(0.0,0.0,-1.0));
#7616=DIRECTION('',(-1.0,0.0,0.0));
#7617=DIRECTION('',(0.0,-1.0,1.78428700386186E-16));
#7618=DIRECTION('',(0.0,1.0,-1.78428700386186E-16));
#7619=DIRECTION('',(-1.0,0.0,0.0));
#7620=DIRECTION('',(0.0,0.0,-1.0));
#7621=DIRECTION('',(0.0,0.0,1.0));
#7622=CARTESIAN_POINT('',(-8.9,7.5,0.0));
#7623=DIRECTION('',(-1.0,0.0,0.0));
#7624=DIRECTION('',(0.0,0.0,-1.0));
#7625=CARTESIAN_POINT('',(-9.2,7.5,0.0));
#7626=DIRECTION('',(1.0,0.0,0.0));
#7627=DIRECTION('',(0.0,0.0,-1.0));
#7628=CARTESIAN_POINT('',(-7.1,7.5,0.0));
#7629=DIRECTION('',(1.0,0.0,0.0));
#7630=DIRECTION('',(0.0,0.0,-1.0));
#7631=CARTESIAN_POINT('',(-7.1,7.5,0.0));
#7632=DIRECTION('',(1.0,0.0,0.0));
#7633=DIRECTION('',(0.0,0.0,-1.0));
#7634=CARTESIAN_POINT('',(-3.0,7.5,0.0));
#7635=DIRECTION('',(1.0,0.0,0.0));
#7636=DIRECTION('',(0.0,0.0,-1.0));
#7637=CARTESIAN_POINT('',(-8.9,12.5,0.0));
#7638=DIRECTION('',(-1.0,0.0,0.0));
#7639=DIRECTION('',(0.0,0.0,-1.0));
#7640=CARTESIAN_POINT('',(-9.2,12.5,0.0));
#7641=DIRECTION('',(1.0,0.0,0.0));
#7642=DIRECTION('',(0.0,0.0,-1.0));
#7643=CARTESIAN_POINT('',(-7.1,12.5,0.0));
#7644=DIRECTION('',(1.0,0.0,0.0));
#7645=DIRECTION('',(0.0,0.0,-1.0));
#7646=CARTESIAN_POINT('',(-7.1,12.5,0.0));
#7647=DIRECTION('',(1.0,0.0,0.0));
#7648=DIRECTION('',(0.0,0.0,-1.0));
#7649=CARTESIAN_POINT('',(-3.0,12.5,0.0));
#7650=DIRECTION('',(1.0,0.0,0.0));
#7651=DIRECTION('',(0.0,0.0,-1.0));
#7652=DIRECTION('',(1.0,2.47517980852797E-16,0.0));
#7653=DIRECTION('',(0.0,0.0,-1.0));
#7654=DIRECTION('',(-1.0,-2.47517980852797E-16,0.0));
#7655=DIRECTION('',(0.0,0.0,-1.0));
#7656=DIRECTION('',(1.0,2.47517980852797E-16,0.0));
#7657=DIRECTION('',(0.0,0.0,1.0));
#7658=DIRECTION('',(0.0,1.0,0.0));
#7659=DIRECTION('',(0.0,0.0,-1.0));
#7660=DIRECTION('',(0.0,-1.0,0.0));
#7661=DIRECTION('',(0.0,-1.0,0.0));
#7662=DIRECTION('',(-1.0,0.0,0.0));
#7663=DIRECTION('',(0.0,1.0,0.0));
#7664=DIRECTION('',(1.0,-1.38777878078145E-16,0.0));
#7665=DIRECTION('',(1.48029736616688E-16,-1.0,0.0));
#7666=DIRECTION('',(-1.0,0.0,0.0));
#7667=DIRECTION('',(0.0,0.0,1.0));
#7668=DIRECTION('',(1.0,0.0,0.0));
#7669=DIRECTION('',(0.0,0.0,-1.0));
#7670=DIRECTION('',(7.40148683083438E-17,1.0,0.0));
#7671=DIRECTION('',(0.0,0.0,-1.0));
#7672=DIRECTION('',(7.40148683083438E-17,1.0,0.0));
#7673=DIRECTION('',(7.40148683083438E-17,-1.0,0.0));
#7674=DIRECTION('',(1.0,-1.38777878078145E-16,0.0));
#7675=CARTESIAN_POINT('',(-3.0,12.5,0.0));
#7676=DIRECTION('',(1.0,0.0,0.0));
#7677=DIRECTION('',(0.0,0.0,-1.0));
#7678=CARTESIAN_POINT('',(0.0,12.5,0.0));
#7679=DIRECTION('',(1.0,0.0,0.0));
#7680=DIRECTION('',(0.0,0.0,-1.0));
#7681=CARTESIAN_POINT('',(-3.0,7.5,0.0));
#7682=DIRECTION('',(1.0,0.0,0.0));
#7683=DIRECTION('',(0.0,0.0,-1.0));
#7684=CARTESIAN_POINT('',(0.0,7.5,0.0));
#7685=DIRECTION('',(1.0,0.0,0.0));
#7686=DIRECTION('',(0.0,0.0,-1.0));
#7687=DIRECTION('',(1.85037170770859E-16,1.0,0.0));
#7688=DIRECTION('',(0.0,0.0,1.0));
#7689=DIRECTION('',(-1.85037170770859E-16,-1.0,0.0));
#7690=DIRECTION('',(0.0,0.0,1.0));
#7691=DIRECTION('',(1.0,0.0,0.0));
#7692=DIRECTION('',(-1.0,0.0,0.0));
#7693=DIRECTION('',(0.0,0.0,1.0));
#7694=DIRECTION('',(-4.62592926927149E-17,-1.0,0.0));
#7695=DIRECTION('',(4.62592926927149E-17,1.0,0.0));
#7696=DIRECTION('',(0.0,0.0,1.0));
#7697=DIRECTION('',(-1.0,0.0,0.0));
#7698=DIRECTION('',(1.0,0.0,0.0));
#7699=DIRECTION('',(1.59253302712625E-16,1.0,0.0));
#7700=DIRECTION('',(0.0,0.0,-1.0));
#7701=DIRECTION('',(1.59253302712625E-16,1.0,0.0));
#7702=DIRECTION('',(0.0,0.0,-1.0));
#7703=DIRECTION('',(-1.0,0.0,0.0));
#7704=DIRECTION('',(0.0,0.0,-1.0));
#7705=DIRECTION('',(-1.0,0.0,0.0));
#7706=DIRECTION('',(4.09508492689607E-16,-1.0,0.0));
#7707=DIRECTION('',(0.0,0.0,-1.0));
#7708=DIRECTION('',(4.09508492689607E-16,-1.0,0.0));
#7709=DIRECTION('',(1.0,0.0,0.0));
#7710=DIRECTION('',(1.0,0.0,0.0));
#7711=DIRECTION('',(7.40148683083438E-17,-1.0,0.0));
#7712=DIRECTION('',(0.0,0.0,1.0));
#7713=DIRECTION('',(-1.0,1.38777878078145E-16,0.0));
#7714=DIRECTION('',(0.0,-1.0,0.0));
#7715=DIRECTION('',(1.0,0.0,0.0));
#7716=DIRECTION('',(-1.48029736616688E-16,1.0,0.0));
#7717=DIRECTION('',(-1.0,1.38777878078145E-16,0.0));
#7718=DIRECTION('',(0.0,0.0,1.0));
#7719=DIRECTION('',(0.0,0.0,1.0));
#7720=DIRECTION('',(0.0,0.0,1.0));
#7721=CARTESIAN_POINT('',(-3.275,13.7,-2.35132185436292E-15));
#7722=DIRECTION('',(4.9303806576314E-30,1.95943487863577E-15,1.0));
#7723=DIRECTION('',(0.809016994374948,-0.587785252292472,1.15172692448959E-15));
#7724=CARTESIAN_POINT('',(-6.9,13.7,0.0));
#7725=DIRECTION('',(0.0,0.0,-1.0));
#7726=DIRECTION('',(-1.0,0.0,0.0));
#7727=CARTESIAN_POINT('',(-6.9,13.7,0.0));
#7728=DIRECTION('',(0.0,0.0,-1.0));
#7729=DIRECTION('',(-1.0,0.0,0.0));
#7730=CARTESIAN_POINT('',(-3.275,13.7,-2.35132185436292E-15));
#7731=DIRECTION('',(4.9303806576314E-30,1.95943487863577E-15,1.0));
#7732=DIRECTION('',(0.809016994374948,-0.587785252292472,1.15172692448959E-15));
#7733=CARTESIAN_POINT('',(-3.275,8.7,-2.35132185436292E-15));
#7734=DIRECTION('',(4.9303806576314E-30,1.95943487863577E-15,1.0));
#7735=DIRECTION('',(0.809016994374948,-0.587785252292472,1.15172692448959E-15));
#7736=CARTESIAN_POINT('',(-6.9,8.7,0.0));
#7737=DIRECTION('',(0.0,0.0,-1.0));
#7738=DIRECTION('',(-1.0,0.0,0.0));
#7739=CARTESIAN_POINT('',(-6.9,8.7,0.0));
#7740=DIRECTION('',(0.0,0.0,-1.0));
#7741=DIRECTION('',(-1.0,0.0,0.0));
#7742=CARTESIAN_POINT('',(-3.275,8.7,-2.35132185436292E-15));
#7743=DIRECTION('',(4.9303806576314E-30,1.95943487863577E-15,1.0));
#7744=DIRECTION('',(0.809016994374948,-0.587785252292472,1.15172692448959E-15));
#7745=PRESENTATION_LAYER_ASSIGNMENT('','',(#138,#140,#142,#144,#146,#148,#150,#152,#154,#156,#158,#160,#162,#164,#166,#168,#170,#172,#174,#176,#178,#180,#182,#184,#186,#188,#190,#192,#194,#196,#198,#200,#202,#204,#206,#208,#210,#212,#214,#216,#218,#220,#222,#224,#226,#228,#230,#232,#234,#236,#238,#240,#242,#244,#246,#248,#250,#252,#254,#256,#258,#260,#262,#264,#266,#268,#270,#272,#274,#276,#278,#280,#282,#284,#286,#288,#290,#292,#294,#296,#298,#300,#302,#304,#306,#308,#310,#312,#314,#316,#318,#320,#322,#324,#326,#328,#330,#332,#334,#336,#338,#340,#342,#344,#346,#348,#350,#352,#354,#356,#5514,#5516,#5519,#5521,#5524,#5526,#5529,#5531,#5534,#5536,#5539,#5541,#5544,#5548,#5550,#5553,#5555,#5558,#5561,#5562,#5563,#5564,#5566,#5567,#5568,#5570,#5571,#5572,#5574,#5575,#5578,#5579,#5580,#5581,#5583,#5584,#5585,#5587,#5588,#5589,#5591,#5592,#5595,#5596,#5597,#5598,#5600,#5601,#5602,#5604,#5605,#5606,#5608,#5609,#5612,#5613,#5614,#5615,#5617,#5618,#5619,#5621,#5622,#5623,#5625,#5626,#5629,#5630,#5631,#5632,#5634,#5635,#5636,#5638,#5639,#5640,#5642,#5643,#5646,#5647,#5648,#5649,#5651,#5652,#5653,#5655,#5656,#5657,#5659,#5660,#5663,#5664,#5665,#5666,#5668,#5669,#5670,#5672,#5673,#5674,#5676,#5677,#5680,#5681,#5682,#5683,#5685,#5686,#5687,#5689,#5690,#5691,#5693,#5694,#5697,#5698,#5699,#5700,#5702,#5703,#5704,#5706,#5707,#5708,#5710,#5711,#5714,#5715,#5716,#5717,#5719,#5720,#5721,#5723,#5724,#5725,#5727,#5728,#5731,#5732,#5734,#5737,#5739,#5741,#5742,#5744,#5747,#5749,#5751,#5752,#5753,#5754,#5755,#5756,#5758,#5759,#5760,#5762,#5763,#5764,#5765,#5766,#5767,#5769,#5770,#5771,#5773,#5774,#5775,#5777,#5778,#5780,#5782,#5785,#5787,#5790,#5791,#5792,#5793,#5795,#5796,#5797,#5799,#5800,#5801,#5803,#5804,#5807,#5808,#5809,#5810,#5812,#5813,#5814,#5816,#5817,#5818,#5820,#5821,#5824,#5825,#5827,#5828,#5830,#5831,#5832,#5834,#5836,#5838,#5843,#5844,#5845,#5847,#5848,#5854,#5855,#5856,#5858,#5859,#5867,#5869,#5875,#5883,#5885,#5891,#5899,#5901,#5908,#5910,#5916,#5923,#5925,#5932,#5934,#5940,#5944,#5945,#5947,#5949,#5953,#5955,#5959,#5961,#5969,#5970,#5972,#5974,#5978,#5980,#5984,#5986,#5994,#5995,#5997,#5999,#6003,#6005,#6009,#6011,#6019,#6020,#6022,#6024,#6028,#6030,#6034,#6036,#6044,#6045,#6047,#6049,#6053,#6055,#6059,#6061,#6069,#6070,#6072,#6074,#6078,#6080,#6084,#6086,#6094,#6095,#6097,#6099,#6103,#6105,#6109,#6111,#6119,#6120,#6122,#6124,#6128,#6130,#6134,#6136,#6144,#6145,#6147,#6149,#6153,#6155,#6159,#6161,#6169,#6170,#6172,#6174,#6178,#6180,#6184,#6186,#6214,#6215,#6217,#6219,#6221,#6223,#6227,#6229,#6233,#6235,#6237,#6239,#6241,#6245,#6247,#6251,#6253,#6257,#6271,#6272,#6274,#6276,#6280,#6282,#6286,#6288,#6296,#6297,#6299,#6301,#6305,#6307,#6311,#6313,#6321,#6325,#6329,#6331,#6346,#6348,#6361,#6363));
ENDSEC;
END-ISO-10303-21;
